driver_id,car_model,car_manufacture_year,days_since_inspection,age,experience,second_language,rating,net_worth_of_tips,number_of_rejected_rides,number_of_upvotes,number_of_complaints,number_of_incidents,driver_class
1307,Chevrolet Malibu,2019,218,22.0,2,Mandarin,4.06,426.75,3,18,3,1,B class
2038,Toyota Camry,2021,672,51.0,8,Spanish,4.83,1036.51,1,35,0,0,A class
569,Hyundai Sonata,2005,182,59.0,18,no,3.96,629.52,5,22,3,1,B class
1898,Honda Accord,2008,787,48.0,14,no,4.86,568.21,3,26,1,1,A class
2499,Nissan Altima,2010,823,,13,Spanish,4.24,641.3,2,35,3,1,B class
1112,Honda Accord,2016,558,47.0,0,no,3.9,349.62,1,32,3,1,B class
1236,Chevrolet Malibu,2010,711,62.0,3,no,4.11,417.25,8,14,0,1,B class
1124,Hyundai Sonata,2011,704,62.0,17,no,4.63,742.04,0,39,1,0,A class
2731,Nissan Altima,2016,788,63.0,23,Russian,4.6,607.11,3,13,1,0,B class
2215,Ford Fusion,2020,306,61.0,20,Portuguese,4.51,724.03,9,29,0,0,B class
1854,Kia Optima,2012,849,,9,French,4.66,767.57,2,30,2,1,A class
1397,Honda Accord,2022,814,30.0,2,Spanish,4.53,663.53,3,33,2,0,A class
719,Ford Fusion,2011,69,25.0,5,Spanish,3.98,411.1,2,16,2,3,B class
892,Nissan Altima,2011,508,42.0,12,French,4.64,767.04,3,25,0,0,A class
1141,Toyota Camry,2019,46,49.0,21,Spanish,4.73,1141.65,0,41,1,0,A class
2804,Hyundai Sonata,2022,418,65.0,8,Arabic,4.53,900.23,4,30,2,0,A class
2180,Honda Accord,2020,290,53.0,15,no,4.88,910.21,1,47,3,0,A class
1444,Chevrolet Malibu,2016,301,66.0,10,no,4.59,693.38,7,23,1,0,B class
2265,Hyundai Sonata,2014,435,37.0,17,no,5.0,1084.12,0,48,0,1,A class
2835,Chevrolet Malibu,2015,169,42.0,5,no,4.47,696.07,3,41,2,0,B class
585,Hyundai Sonata,2020,877,61.0,11,no,4.02,451.98,4,8,0,1,B class
1477,Kia Optima,2018,375,53.0,1,Mandarin,4.55,740.39,2,23,0,0,B class
1436,Kia Optima,2011,508,36.0,16,Arabic,4.27,638.26,6,26,3,1,B class
1167,Chevrolet Malibu,2006,897,38.0,2,no,4.02,630.5,8,12,0,0,B class
2091,Chevrolet Malibu,2011,335,57.0,23,no,4.21,752.42,1,18,0,0,B class
1746,Ford Fusion,2014,122,36.0,16,no,4.84,937.81,4,36,0,0,A class
1699,Hyundai Sonata,2021,867,33.0,7,no,4.36,616.37,4,33,1,0,B class
2784,Chevrolet Malibu,2008,871,21.0,1,no,3.52,252.78,2,9,2,1,B class
675,Kia Optima,2009,113,58.0,18,Mandarin,4.74,900.86,3,46,3,3,A class
993,Honda Accord,2019,896,60.0,9,Mandarin,5.0,1225.65,2,58,0,0,A class
2052,Nissan Altima,2022,73,41.0,21,French,4.37,576.73,3,28,1,1,B class
204,Ford Fusion,2007,260,42.0,10,no,4.31,499.67,1,29,2,0,B class
2773,Ford Fusion,2020,230,30.0,0,no,3.66,431.36,5,10,2,0,B class
853,Ford Fusion,2008,86,47.0,4,French,4.05,499.34,2,29,1,0,B class
2393,Toyota Camry,2008,643,42.0,8,Russian,4.21,472.51,3,9,1,2,B class
2234,Nissan Altima,2017,83,58.0,9,Russian,3.9,203.08,6,11,0,0,B class
1243,Nissan Altima,2009,610,22.0,2,Portuguese,4.63,766.49,2,30,0,0,A class
1967,Honda Accord,2006,382,40.0,20,no,4.37,383.26,2,24,1,1,B class
1969,Nissan Altima,2013,463,50.0,18,Spanish,4.44,692.41,4,15,1,0,B class
1390,Kia Optima,2008,756,37.0,12,Portuguese,4.47,605.64,4,30,2,0,B class
515,Nissan Altima,2012,138,44.0,0,French,4.22,361.62,6,35,3,1,B class
326,Chevrolet Malibu,2005,155,40.0,3,Mandarin,3.8,245.04,3,19,3,1,B class
1635,Hyundai Sonata,2014,86,47.0,0,no,4.54,614.68,4,40,1,1,B class
2078,Nissan Altima,2011,357,39.0,17,no,4.46,667.26,6,18,3,3,B class
1899,Toyota Camry,2015,210,37.0,0,no,5.0,845.72,3,45,3,0,A class
2503,Chevrolet Malibu,2019,887,,7,no,4.07,387.21,3,17,1,0,B class
2453,Hyundai Sonata,2010,278,28.0,8,Mandarin,4.32,742.79,2,33,0,1,B class
2749,Honda Accord,2006,15,,12,Russian,5.0,675.5,3,30,1,0,A class
700,Kia Optima,2007,305,28.0,8,Mandarin,4.91,919.98,2,33,2,0,A class
2963,Kia Optima,2022,765,58.0,6,no,4.22,492.13,5,23,2,2,B class
736,Kia Optima,2006,610,38.0,18,no,4.49,325.01,5,39,1,0,A class
2774,Nissan Altima,2018,442,46.0,16,French,4.57,776.45,2,41,1,0,A class
884,Kia Optima,2008,219,35.0,7,no,4.5,1133.74,4,40,0,0,A class
2172,Ford Fusion,2015,872,23.0,1,no,4.87,739.45,1,29,0,0,A class
1785,Ford Fusion,2010,783,51.0,10,Mandarin,4.56,993.76,2,25,0,0,A class
2772,Nissan Altima,2014,812,40.0,3,no,3.81,189.04,4,11,0,1,B class
2675,Chevrolet Malibu,2019,653,34.0,14,Russian,5.0,1269.88,0,54,2,0,A class
632,Hyundai Sonata,2005,738,55.0,0,no,4.31,419.46,4,7,1,1,B class
2650,Nissan Altima,2016,142,48.0,1,no,4.37,693.17,2,19,0,1,A class
2934,Toyota Camry,2008,212,45.0,20,no,4.17,529.52,7,15,2,0,B class
1103,Toyota Camry,2014,636,65.0,18,no,4.37,646.56,1,15,1,0,B class
2318,Kia Optima,2012,808,49.0,5,no,4.47,529.9,6,30,3,0,B class
2137,Kia Optima,2016,62,48.0,22,no,5.0,1214.54,2,56,0,0,A class
980,Kia Optima,2005,272,37.0,3,no,4.73,874.65,3,21,1,0,A class
1272,Honda Accord,2022,54,23.0,3,Portuguese,4.2,468.01,3,8,0,1,B class
207,Chevrolet Malibu,2006,71,54.0,1,no,3.72,429.46,3,21,2,1,B class
1392,Chevrolet Malibu,2008,830,37.0,17,no,3.91,688.6,4,36,2,0,B class
441,Nissan Altima,2021,772,,24,no,4.66,589.11,7,33,1,0,A class
1514,Kia Optima,2006,704,59.0,2,no,4.95,1353.69,1,35,3,0,A class
413,Kia Optima,2010,716,43.0,2,Russian,4.57,1184.71,2,34,1,0,A class
225,Nissan Altima,2016,392,66.0,1,Arabic,4.31,389.82,7,40,1,1,B class
122,Honda Accord,2005,827,25.0,4,Mandarin,4.3,482.29,3,26,2,0,B class
1427,Chevrolet Malibu,2020,212,49.0,23,no,5.0,1226.58,1,64,0,0,A class
2130,Chevrolet Malibu,2020,523,59.0,20,no,4.52,744.51,3,42,0,1,A class
378,Nissan Altima,2006,7,37.0,10,French,5.0,1041.72,0,41,0,0,A class
2359,Ford Fusion,2016,413,25.0,0,no,4.27,688.96,3,24,2,1,B class
415,Nissan Altima,2012,149,66.0,9,no,3.91,550.0,2,16,2,0,B class
2053,Honda Accord,2009,456,38.0,18,French,5.0,1113.55,0,67,0,0,A class
1743,Honda Accord,2017,668,,2,no,4.8,894.49,1,44,2,1,A class
2187,Ford Fusion,2010,652,52.0,10,Spanish,4.87,1011.85,2,22,0,0,A class
685,Ford Fusion,2015,363,24.0,4,Russian,4.43,575.41,4,18,0,0,A class
869,Ford Fusion,2005,282,34.0,14,no,4.68,613.57,3,47,2,0,A class
1610,Ford Fusion,2011,183,,2,no,4.29,581.66,3,43,2,1,B class
2786,Kia Optima,2014,253,32.0,12,Mandarin,4.73,1044.95,4,30,0,0,A class
2986,Ford Fusion,2007,203,47.0,17,no,4.39,778.26,3,31,1,0,B class
281,Nissan Altima,2022,244,,18,no,4.4,732.75,1,15,2,0,B class
1105,Nissan Altima,2014,258,45.0,18,no,4.44,923.23,3,48,1,0,A class
2744,Toyota Camry,2016,759,48.0,9,Russian,3.84,616.38,6,25,1,0,B class
1846,Nissan Altima,2013,463,24.0,4,Spanish,4.26,569.98,4,21,1,0,B class
2533,Toyota Camry,2006,625,53.0,8,no,4.14,585.43,6,31,2,1,B class
1052,Toyota Camry,2017,682,45.0,17,no,4.62,935.96,2,24,0,0,A class
1364,Toyota Camry,2013,531,28.0,2,no,4.66,530.43,4,38,2,0,B class
2283,Kia Optima,2015,409,64.0,11,no,4.46,515.03,2,29,2,0,A class
2863,Toyota Camry,2019,46,31.0,3,no,4.73,819.15,2,52,0,0,A class
965,Chevrolet Malibu,2020,241,51.0,12,no,4.37,612.05,3,25,3,0,B class
2379,Chevrolet Malibu,2017,571,42.0,13,French,4.13,620.49,4,22,4,2,B class
2652,Toyota Camry,2020,284,66.0,14,no,4.35,605.52,3,13,2,0,B class
2005,Nissan Altima,2022,22,,16,Spanish,4.43,765.93,1,28,1,0,A class
1529,Chevrolet Malibu,2018,161,37.0,10,no,5.0,1167.6,3,62,2,0,A class
2727,Chevrolet Malibu,2022,233,34.0,10,French,3.92,458.14,3,11,1,0,B class
2479,Ford Fusion,2021,254,24.0,4,Mandarin,4.24,502.76,4,16,1,0,B class
2586,Hyundai Sonata,2012,671,66.0,18,Arabic,4.65,891.54,1,29,1,0,A class
1058,Kia Optima,2019,221,49.0,17,no,4.62,958.09,2,35,0,0,A class
2044,Toyota Camry,2007,92,29.0,9,Mandarin,4.82,741.93,3,30,0,2,A class
1110,Kia Optima,2010,63,60.0,15,no,4.64,573.13,0,38,5,0,B class
2748,Honda Accord,2022,139,54.0,13,no,4.57,728.32,1,44,0,0,A class
1964,Hyundai Sonata,2015,9,57.0,15,no,4.68,921.39,4,28,2,0,A class
859,Toyota Camry,2015,692,57.0,15,French,4.71,940.47,1,35,0,0,A class
2821,Honda Accord,2005,512,21.0,1,no,5.0,1126.21,1,45,0,0,A class
2954,Kia Optima,2010,428,46.0,18,no,4.13,194.77,2,12,1,0,B class
2217,Chevrolet Malibu,2013,674,58.0,2,no,4.75,811.41,1,38,1,0,A class
2113,Kia Optima,2014,654,57.0,22,no,4.4,521.6,4,19,0,0,B class
431,Toyota Camry,2014,504,40.0,10,no,4.71,859.0,3,26,0,0,A class
2768,Toyota Camry,2008,351,26.0,1,Mandarin,4.6,1124.71,2,35,0,0,A class
260,Hyundai Sonata,2015,820,44.0,5,no,4.7,680.17,3,38,1,0,A class
2273,Honda Accord,2018,99,,3,no,4.66,771.68,1,49,1,0,A class
1708,Nissan Altima,2009,644,27.0,7,Mandarin,4.14,557.12,1,40,3,1,B class
2260,Kia Optima,2008,332,47.0,4,no,4.21,682.46,3,31,2,0,B class
1623,Kia Optima,2019,251,64.0,3,Arabic,4.54,481.49,3,20,1,1,B class
1382,Nissan Altima,2007,203,27.0,7,Arabic,3.74,316.98,5,14,3,0,B class
2615,Toyota Camry,2016,400,33.0,3,no,4.11,332.66,10,34,3,0,B class
583,Nissan Altima,2014,673,54.0,12,no,4.43,596.04,1,26,0,0,B class
2775,Nissan Altima,2014,264,66.0,9,no,5.0,1057.89,1,49,1,0,A class
751,Chevrolet Malibu,2018,771,41.0,21,Russian,4.6,1181.72,0,46,0,0,A class
1142,Chevrolet Malibu,2013,334,23.0,3,Mandarin,4.45,812.46,3,12,0,0,A class
2229,Kia Optima,2013,285,25.0,5,no,4.77,881.98,3,34,2,1,A class
2585,Nissan Altima,2021,118,45.0,22,no,4.15,325.39,4,22,2,0,B class
2480,Honda Accord,2012,896,60.0,15,no,4.51,660.43,3,44,1,0,A class
975,Honda Accord,2021,343,28.0,8,no,3.85,414.85,6,13,2,0,B class
2450,Hyundai Sonata,2005,353,38.0,16,Arabic,4.63,752.16,2,23,1,2,A class
2545,Hyundai Sonata,2022,649,41.0,0,Spanish,3.74,50.92,4,4,2,0,B class
891,Kia Optima,2015,680,66.0,5,Spanish,4.54,890.41,3,53,1,0,A class
2770,Hyundai Sonata,2018,190,67.0,15,no,4.31,747.8,2,41,5,0,B class
2107,Honda Accord,2015,793,32.0,2,Spanish,4.18,324.07,2,25,1,0,B class
1182,Ford Fusion,2022,448,56.0,4,no,4.21,366.75,3,34,1,2,B class
2977,Nissan Altima,2012,670,29.0,9,no,4.5,818.29,3,54,3,1,A class
2441,Hyundai Sonata,2012,155,37.0,7,French,4.84,1086.45,3,29,0,0,A class
2534,Chevrolet Malibu,2018,878,49.0,6,Russian,4.65,558.38,6,49,2,0,A class
673,Nissan Altima,2006,412,44.0,6,Spanish,4.35,763.77,3,29,2,1,B class
2313,Kia Optima,2019,754,39.0,19,no,4.87,515.83,4,29,3,1,A class
2867,Nissan Altima,2005,638,32.0,3,no,4.14,404.43,3,16,0,1,B class
708,Honda Accord,2022,129,62.0,2,Spanish,4.33,537.12,7,25,0,0,B class
2102,Chevrolet Malibu,2018,724,39.0,7,Spanish,4.35,602.33,5,37,0,2,B class
1328,Nissan Altima,2006,65,33.0,13,Spanish,4.82,941.36,3,47,1,0,A class
2611,Hyundai Sonata,2005,256,29.0,9,Mandarin,4.59,838.07,2,48,2,1,A class
2893,Toyota Camry,2013,593,64.0,18,Russian,4.04,207.36,5,19,1,1,B class
71,Hyundai Sonata,2012,527,60.0,23,no,4.33,868.18,6,28,2,0,A class
1225,Toyota Camry,2006,224,22.0,2,Portuguese,4.86,982.57,1,31,4,0,A class
2694,Chevrolet Malibu,2017,620,38.0,15,French,4.33,339.03,3,21,2,0,B class
1163,Honda Accord,2006,429,66.0,2,no,4.76,533.15,3,35,1,0,A class
1878,Honda Accord,2011,809,27.0,7,no,3.99,562.01,6,22,3,1,B class
35,Kia Optima,2009,691,43.0,21,no,4.67,578.46,1,19,0,0,A class
2931,Kia Optima,2006,793,49.0,1,French,4.94,913.17,0,39,1,0,A class
1601,Toyota Camry,2009,719,23.0,3,no,4.49,943.33,2,47,4,2,A class
2996,Toyota Camry,2012,19,44.0,23,Russian,5.0,981.53,1,45,0,0,A class
373,Nissan Altima,2016,161,38.0,10,no,5.0,1023.18,2,62,0,0,A class
2150,Honda Accord,2007,230,47.0,10,no,4.92,783.48,2,35,2,0,A class
804,Kia Optima,2007,349,56.0,3,Russian,4.5,789.71,4,39,2,0,A class
2055,Hyundai Sonata,2014,43,55.0,17,Mandarin,4.5,545.72,3,28,1,0,A class
1993,Chevrolet Malibu,2015,723,52.0,15,Portuguese,3.84,302.76,3,20,1,0,B class
319,Nissan Altima,2010,149,33.0,13,no,5.0,1217.03,3,41,0,0,A class
1165,Ford Fusion,2015,436,36.0,16,no,4.4,607.22,1,28,2,1,B class
540,Ford Fusion,2017,96,54.0,4,Mandarin,3.67,279.72,3,17,1,1,B class
119,Ford Fusion,2008,699,66.0,0,Mandarin,4.03,513.66,2,25,3,0,B class
362,Honda Accord,2009,163,37.0,17,Spanish,4.89,1129.77,3,46,2,0,A class
880,Hyundai Sonata,2022,188,34.0,8,Spanish,5.0,1021.74,3,39,1,0,A class
2947,Honda Accord,2005,424,56.0,17,Mandarin,4.21,739.52,3,34,3,0,B class
1648,Kia Optima,2015,790,50.0,17,no,4.59,953.15,5,25,1,0,A class
820,Hyundai Sonata,2012,334,52.0,1,French,5.0,1116.23,1,42,1,0,A class
2295,Chevrolet Malibu,2016,214,37.0,17,Arabic,5.0,855.58,3,38,0,0,A class
593,Hyundai Sonata,2019,109,,3,no,4.18,587.9,3,26,0,0,B class
2552,Chevrolet Malibu,2020,778,27.0,7,Spanish,4.08,569.46,4,22,1,0,B class
929,Nissan Altima,2010,841,35.0,0,no,4.71,897.93,2,26,0,0,A class
2386,Ford Fusion,2020,726,57.0,4,Mandarin,3.7,246.49,1,12,2,0,B class
2975,Kia Optima,2010,195,31.0,11,no,4.49,482.38,5,24,2,0,B class
420,Toyota Camry,2012,723,28.0,1,Spanish,4.43,686.33,3,17,0,0,A class
469,Hyundai Sonata,2013,322,54.0,1,no,3.84,122.72,5,10,0,1,B class
434,Kia Optima,2010,406,,4,no,5.0,1014.29,1,60,2,0,A class
2958,Honda Accord,2021,187,31.0,11,no,4.19,653.18,3,15,1,1,B class
659,Toyota Camry,2010,844,56.0,14,Portuguese,4.4,557.21,5,19,2,1,B class
297,Toyota Camry,2018,629,58.0,17,no,4.48,669.8,1,16,1,0,A class
728,Toyota Camry,2020,461,,18,no,3.61,384.94,6,6,5,1,B class
421,Chevrolet Malibu,2014,146,25.0,0,no,4.3,617.25,2,29,3,1,A class
1760,Nissan Altima,2017,396,34.0,4,no,4.29,593.08,2,24,2,0,B class
2806,Chevrolet Malibu,2013,403,29.0,9,no,3.79,485.18,8,33,3,3,B class
2454,Toyota Camry,2014,320,27.0,7,French,4.18,483.68,2,21,2,1,B class
315,Chevrolet Malibu,2009,554,25.0,5,no,3.85,410.76,4,17,1,0,B class
187,Ford Fusion,2011,805,30.0,10,French,5.0,1004.12,3,43,0,0,A class
1496,Hyundai Sonata,2014,444,54.0,3,no,4.37,603.82,2,21,1,0,B class
1599,Nissan Altima,2014,897,,12,no,4.09,368.58,9,28,2,1,B class
2851,Ford Fusion,2008,13,47.0,16,Portuguese,3.69,287.13,8,6,0,1,B class
1990,Nissan Altima,2014,369,66.0,0,no,3.73,300.68,2,11,0,0,B class
430,Kia Optima,2014,397,65.0,19,no,4.66,802.6,1,38,0,0,A class
533,Chevrolet Malibu,2015,858,54.0,14,no,3.93,75.47,4,20,2,0,B class
738,Honda Accord,2013,361,41.0,17,no,4.51,712.69,1,33,0,0,A class
1464,Nissan Altima,2008,744,30.0,10,no,4.83,1033.94,1,29,0,0,A class
2315,Kia Optima,2017,141,54.0,14,Spanish,4.3,615.47,2,21,0,0,B class
805,Toyota Camry,2007,711,31.0,5,Spanish,4.22,272.53,9,20,0,3,B class
2468,Hyundai Sonata,2008,121,64.0,13,French,4.58,650.33,3,24,1,0,A class
730,Chevrolet Malibu,2009,824,,14,no,4.64,815.69,3,36,2,0,A class
1206,Chevrolet Malibu,2009,14,26.0,6,no,4.18,661.79,8,29,5,0,B class
1668,Kia Optima,2007,728,38.0,17,no,4.88,1024.02,1,50,0,0,A class
1612,Hyundai Sonata,2007,18,65.0,22,Mandarin,4.41,721.21,2,21,1,0,B class
1099,Hyundai Sonata,2016,89,57.0,23,no,4.36,642.11,2,50,0,1,A class
173,Ford Fusion,2012,389,25.0,5,Spanish,4.27,517.75,0,34,4,1,A class
2109,Kia Optima,2011,238,22.0,2,no,3.82,415.82,2,16,1,1,B class
638,Hyundai Sonata,2022,716,45.0,14,no,4.73,842.69,0,28,2,0,A class
1078,Chevrolet Malibu,2021,474,27.0,7,no,4.25,717.78,1,28,0,0,B class
2145,Honda Accord,2008,295,45.0,5,no,3.98,501.13,8,15,1,0,B class
1911,Hyundai Sonata,2013,122,25.0,5,no,4.08,199.11,8,17,1,2,B class
2816,Toyota Camry,2016,641,33.0,13,Mandarin,4.51,800.86,5,16,1,1,A class
771,Toyota Camry,2012,88,25.0,5,French,4.1,521.02,5,27,2,0,B class
1164,Hyundai Sonata,2022,729,36.0,16,French,3.69,123.37,4,12,2,0,B class
357,Toyota Camry,2006,370,25.0,5,no,4.5,820.38,0,47,1,1,A class
1055,Chevrolet Malibu,2005,595,65.0,9,no,4.4,868.32,4,41,3,0,B class
1542,Chevrolet Malibu,2013,724,46.0,9,no,4.72,894.14,0,32,2,2,A class
2566,Chevrolet Malibu,2010,810,60.0,15,no,4.03,384.1,3,14,1,0,B class
191,Hyundai Sonata,2008,140,34.0,13,no,5.0,1269.48,2,72,0,0,A class
2354,Toyota Camry,2008,220,,2,Mandarin,4.87,1072.82,0,48,0,0,A class
984,Honda Accord,2011,406,26.0,6,no,4.01,588.96,2,33,2,1,B class
721,Kia Optima,2013,773,67.0,13,no,4.95,926.93,2,56,1,2,A class
2903,Ford Fusion,2015,715,35.0,15,no,4.11,643.76,3,41,2,0,B class
2838,Hyundai Sonata,2006,237,55.0,9,Portuguese,4.14,658.95,3,20,1,0,B class
1548,Ford Fusion,2017,233,26.0,0,no,3.79,347.81,5,21,1,0,B class
562,Hyundai Sonata,2016,666,47.0,12,no,4.92,982.91,1,48,0,1,A class
3,Kia Optima,2011,264,22.0,2,Arabic,4.19,635.68,3,16,1,0,B class
279,Honda Accord,2005,333,57.0,12,Russian,4.83,864.79,6,24,2,0,A class
2592,Ford Fusion,2020,353,,19,Portuguese,4.81,1084.25,3,41,0,2,A class
856,Nissan Altima,2016,865,52.0,16,Portuguese,5.0,707.35,1,38,0,0,A class
563,Kia Optima,2015,636,31.0,0,no,4.28,737.43,4,19,2,1,B class
786,Honda Accord,2019,143,67.0,6,no,3.83,410.69,3,21,3,0,B class
2593,Nissan Altima,2010,49,27.0,7,Spanish,4.97,1055.28,1,77,1,0,A class
1735,Chevrolet Malibu,2009,329,52.0,0,Portuguese,4.17,733.71,4,24,0,2,B class
2188,Hyundai Sonata,2006,166,30.0,7,Spanish,4.62,701.67,1,47,1,0,A class
733,Chevrolet Malibu,2005,504,36.0,8,no,4.44,722.6,8,20,1,0,B class
1807,Ford Fusion,2009,509,55.0,0,no,4.0,482.07,3,19,3,0,B class
1706,Honda Accord,2011,286,59.0,14,no,4.09,381.2,5,18,1,0,B class
416,Nissan Altima,2017,213,23.0,3,Russian,4.23,570.48,5,27,5,0,B class
2410,Honda Accord,2012,608,,0,no,4.0,474.95,1,18,1,0,B class
1352,Honda Accord,2017,815,43.0,5,no,4.8,846.02,3,35,0,0,A class
2135,Nissan Altima,2007,50,30.0,10,no,4.61,763.08,3,26,0,0,A class
527,Nissan Altima,2012,642,66.0,7,no,3.11,0.0,8,2,0,1,B class
1565,Honda Accord,2022,248,21.0,1,no,4.53,819.93,2,32,5,0,B class
1230,Kia Optima,2007,898,51.0,10,Portuguese,4.64,970.01,1,39,0,2,A class
457,Ford Fusion,2017,838,40.0,15,French,4.69,950.28,1,42,2,0,A class
2913,Hyundai Sonata,2011,711,35.0,4,no,4.06,341.45,5,31,5,1,B class
126,Honda Accord,2013,280,45.0,1,no,3.64,285.87,3,18,3,2,B class
2236,Hyundai Sonata,2012,421,37.0,6,Mandarin,4.85,730.26,2,59,0,0,A class
537,Kia Optima,2010,134,62.0,6,Mandarin,4.19,567.54,4,23,1,1,B class
181,Hyundai Sonata,2011,692,45.0,16,no,4.89,824.9,4,40,1,1,A class
1544,Chevrolet Malibu,2013,504,55.0,16,Spanish,5.0,1360.19,1,32,1,0,A class
774,Kia Optima,2017,734,31.0,11,no,4.32,795.69,3,19,0,1,B class
588,Kia Optima,2013,511,57.0,7,Spanish,5.0,858.62,2,38,0,0,A class
644,Ford Fusion,2018,468,59.0,14,no,4.27,678.6,6,23,3,1,B class
2621,Kia Optima,2014,394,26.0,3,no,4.17,621.51,2,15,1,0,B class
2337,Chevrolet Malibu,2018,97,63.0,17,no,4.77,868.46,4,23,1,1,A class
1733,Hyundai Sonata,2010,718,47.0,9,no,4.68,1042.45,4,33,0,0,A class
872,Hyundai Sonata,2021,580,39.0,19,no,4.05,416.09,5,19,2,0,B class
2088,Hyundai Sonata,2021,793,49.0,19,no,4.34,556.76,2,37,1,0,B class
2563,Ford Fusion,2007,225,52.0,24,Mandarin,4.25,375.73,1,33,2,0,B class
2813,Toyota Camry,2009,306,55.0,11,no,4.33,467.19,4,41,3,1,B class
376,Toyota Camry,2005,764,41.0,5,Arabic,4.6,983.59,3,27,0,1,A class
387,Honda Accord,2005,707,55.0,10,Arabic,4.56,725.98,6,32,1,0,A class
1531,Nissan Altima,2009,167,46.0,5,no,4.83,780.49,1,39,0,1,A class
2866,Ford Fusion,2008,143,36.0,1,no,4.19,646.77,2,8,1,0,B class
1074,Kia Optima,2019,695,30.0,10,Portuguese,4.6,590.67,1,15,1,0,B class
2800,Chevrolet Malibu,2007,729,26.0,6,Spanish,4.44,611.54,3,30,1,1,A class
1449,Ford Fusion,2008,261,45.0,17,Russian,4.38,507.31,4,24,3,2,B class
152,Hyundai Sonata,2008,710,23.0,3,no,4.03,392.82,4,16,4,1,B class
934,Hyundai Sonata,2011,122,55.0,23,Portuguese,4.48,833.12,6,27,0,1,A class
1039,Honda Accord,2015,834,,8,no,4.76,1056.97,3,15,0,1,A class
424,Chevrolet Malibu,2009,394,64.0,13,Arabic,4.3,516.5,2,17,0,0,B class
1741,Kia Optima,2021,12,,9,Mandarin,4.45,499.92,5,24,2,2,A class
2154,Honda Accord,2018,588,65.0,2,Spanish,4.51,600.47,6,33,2,1,A class
475,Hyundai Sonata,2014,299,48.0,13,Mandarin,4.13,305.58,2,11,2,2,B class
1211,Kia Optima,2021,213,29.0,9,Russian,4.34,736.15,3,27,0,1,B class
341,Honda Accord,2005,372,22.0,2,no,3.76,512.36,6,17,5,1,B class
1671,Toyota Camry,2022,312,62.0,12,no,4.9,1184.95,1,38,0,0,A class
2308,Toyota Camry,2006,773,55.0,14,Arabic,4.7,877.92,3,36,1,0,A class
2206,Chevrolet Malibu,2018,630,60.0,14,no,4.58,637.33,0,40,0,0,A class
1378,Chevrolet Malibu,2007,294,59.0,19,no,5.0,1355.4,2,39,0,0,A class
143,Honda Accord,2013,478,37.0,13,no,4.36,574.29,1,26,0,0,A class
1160,Nissan Altima,2014,304,47.0,9,no,5.0,1103.31,2,24,0,0,A class
1460,Honda Accord,2016,881,51.0,10,no,4.61,676.07,6,31,1,1,A class
100,Chevrolet Malibu,2007,677,25.0,5,no,4.1,460.05,4,19,3,1,B class
427,Nissan Altima,2013,523,61.0,21,no,4.3,647.12,1,26,4,0,A class
1484,Nissan Altima,2015,686,67.0,18,Mandarin,4.92,847.4,2,32,1,0,A class
1814,Toyota Camry,2008,791,63.0,13,no,4.5,391.77,4,16,1,0,B class
2716,Toyota Camry,2015,703,60.0,11,Spanish,3.83,201.13,3,21,3,1,B class
735,Hyundai Sonata,2006,604,46.0,6,Mandarin,4.21,731.78,3,23,2,1,B class
803,Nissan Altima,2017,117,28.0,8,no,3.77,549.31,5,22,3,1,B class
2461,Nissan Altima,2018,404,57.0,19,no,4.79,654.85,4,35,3,0,A class
2824,Chevrolet Malibu,2007,311,24.0,4,Arabic,4.17,660.33,5,23,2,2,B class
2962,Kia Optima,2015,7,52.0,18,no,5.0,1171.57,0,69,0,0,A class
808,Ford Fusion,2015,341,29.0,9,Portuguese,4.16,425.86,4,33,0,0,B class
2269,Honda Accord,2017,583,53.0,3,Russian,4.29,308.69,3,20,3,0,B class
753,Ford Fusion,2007,138,61.0,10,Portuguese,5.0,1190.86,0,56,0,0,A class
455,Honda Accord,2017,671,47.0,8,no,4.89,977.99,2,35,0,1,A class
833,Nissan Altima,2007,438,58.0,19,Spanish,5.0,1156.74,1,36,0,0,A class
37,Kia Optima,2011,723,23.0,3,Russian,4.37,516.21,1,25,2,0,B class
1745,Nissan Altima,2017,860,46.0,5,Arabic,4.2,473.59,2,22,0,1,B class
1828,Honda Accord,2019,590,40.0,13,Spanish,3.77,191.43,3,10,1,0,B class
1071,Toyota Camry,2014,897,32.0,11,no,4.63,727.15,1,38,3,1,A class
306,Toyota Camry,2020,115,50.0,2,no,4.68,887.49,3,61,2,1,A class
2120,Honda Accord,2011,530,57.0,9,Spanish,4.25,610.42,2,25,1,1,B class
1145,Chevrolet Malibu,2005,281,39.0,12,no,4.56,753.9,2,56,2,1,A class
747,Nissan Altima,2006,833,65.0,11,Spanish,5.0,1160.39,1,53,1,0,A class
1692,Toyota Camry,2008,401,26.0,6,Arabic,4.59,786.68,2,32,2,1,A class
2075,Chevrolet Malibu,2013,176,33.0,1,Spanish,5.0,1132.96,1,45,1,0,A class
1633,Kia Optima,2019,98,47.0,3,no,4.69,852.54,0,39,0,1,A class
2894,Kia Optima,2015,857,63.0,24,no,3.84,471.29,5,30,2,3,B class
2571,Ford Fusion,2013,193,39.0,14,Arabic,4.09,254.09,3,15,1,1,B class
1239,Ford Fusion,2015,285,,9,no,4.0,484.49,5,23,2,0,B class
620,Toyota Camry,2009,484,58.0,15,Arabic,4.08,337.6,3,19,2,1,B class
2231,Toyota Camry,2014,771,66.0,7,French,4.53,626.05,0,49,2,0,A class
581,Ford Fusion,2014,45,59.0,9,no,4.86,826.93,1,37,2,0,A class
1082,Hyundai Sonata,2006,693,25.0,5,no,4.4,510.17,5,24,1,0,B class
2147,Nissan Altima,2006,255,34.0,6,no,4.08,452.34,3,22,1,2,B class
72,Kia Optima,2011,655,39.0,7,Mandarin,4.09,619.46,6,24,1,0,B class
1062,Honda Accord,2010,646,24.0,0,no,4.02,568.12,5,39,0,0,B class
2900,Hyundai Sonata,2007,311,33.0,13,Spanish,4.52,588.28,6,22,1,0,B class
1917,Hyundai Sonata,2013,23,49.0,1,no,3.93,163.58,5,18,2,1,B class
2171,Kia Optima,2005,425,41.0,6,no,4.82,915.72,4,46,2,0,A class
1749,Chevrolet Malibu,2006,517,33.0,10,French,4.54,539.14,1,41,1,0,B class
717,Nissan Altima,2017,322,42.0,22,no,4.88,798.64,1,39,2,0,A class
1658,Honda Accord,2010,142,53.0,7,no,4.01,585.38,5,18,0,1,B class
770,Toyota Camry,2020,891,54.0,19,no,4.61,666.62,5,26,2,0,A class
749,Chevrolet Malibu,2008,279,35.0,15,no,4.29,804.48,4,30,4,0,B class
2024,Hyundai Sonata,2022,337,35.0,14,no,4.11,599.31,2,20,0,0,B class
1651,Hyundai Sonata,2021,94,27.0,7,no,4.41,870.04,4,31,2,1,A class
1773,Honda Accord,2018,828,27.0,1,no,4.28,451.72,3,29,2,0,B class
2366,Kia Optima,2022,806,29.0,9,no,4.9,994.03,3,35,0,0,A class
1590,Nissan Altima,2019,531,63.0,15,no,5.0,1327.11,0,63,1,0,A class
88,Honda Accord,2010,862,,23,Mandarin,5.0,1027.48,3,50,0,0,A class
2911,Ford Fusion,2019,282,28.0,8,Mandarin,4.42,821.51,1,34,1,0,A class
1319,Kia Optima,2014,208,37.0,8,Russian,5.0,1075.18,2,38,2,0,A class
528,Nissan Altima,2010,755,,2,no,3.79,451.72,6,9,2,1,B class
1456,Chevrolet Malibu,2015,502,25.0,5,no,3.73,387.95,2,10,1,0,B class
633,Kia Optima,2022,429,25.0,5,no,4.87,783.6,0,28,2,0,A class
2385,Kia Optima,2021,801,23.0,0,Spanish,4.12,474.97,2,24,2,4,B class
2861,Chevrolet Malibu,2020,510,55.0,3,Mandarin,4.74,657.0,2,24,0,0,A class
946,Ford Fusion,2014,475,65.0,12,no,4.42,459.23,2,9,1,0,B class
2219,Chevrolet Malibu,2017,586,61.0,5,no,3.79,398.76,6,21,2,1,B class
604,Hyundai Sonata,2021,171,49.0,23,no,4.42,451.69,3,48,2,0,A class
2440,Ford Fusion,2007,103,65.0,17,Russian,5.0,1171.41,0,51,0,0,A class
1960,Ford Fusion,2015,873,27.0,7,Spanish,3.91,502.59,6,32,1,2,B class
665,Honda Accord,2018,566,45.0,5,French,4.43,668.22,4,24,1,0,A class
2644,Chevrolet Malibu,2020,23,46.0,14,no,4.91,944.39,0,35,1,1,A class
2408,Toyota Camry,2013,835,54.0,5,no,4.76,800.59,4,31,1,0,A class
524,Honda Accord,2009,183,55.0,10,no,4.47,473.93,1,26,3,1,B class
842,Chevrolet Malibu,2010,123,23.0,3,Russian,4.63,454.0,1,30,0,1,A class
1950,Nissan Altima,2011,82,46.0,10,no,4.26,328.79,8,25,1,1,B class
1391,Chevrolet Malibu,2005,34,46.0,3,no,4.08,411.5,2,19,1,0,B class
1135,Chevrolet Malibu,2017,745,34.0,14,no,4.22,594.13,5,25,2,0,B class
401,Kia Optima,2008,210,55.0,8,French,4.71,742.73,2,35,1,0,A class
227,Honda Accord,2012,332,26.0,6,Spanish,3.94,666.51,3,15,2,0,B class
1117,Kia Optima,2012,701,52.0,18,no,4.2,648.17,7,14,2,1,B class
799,Hyundai Sonata,2013,295,65.0,13,Spanish,4.23,796.6,2,45,2,0,A class
1353,Nissan Altima,2020,53,54.0,19,no,4.82,1008.9,0,41,0,0,A class
758,Chevrolet Malibu,2008,453,23.0,3,Russian,4.26,268.26,9,32,1,0,B class
2200,Chevrolet Malibu,2016,797,38.0,12,no,4.47,820.09,2,39,1,1,A class
2497,Kia Optima,2011,770,58.0,16,French,4.77,735.7,2,28,1,0,A class
1287,Toyota Camry,2008,488,27.0,7,Arabic,4.76,885.29,2,36,2,1,A class
2635,Kia Optima,2019,756,65.0,14,Arabic,4.51,740.1,1,35,1,0,A class
2722,Chevrolet Malibu,2011,689,30.0,6,no,4.82,727.52,2,26,1,2,A class
2419,Nissan Altima,2017,584,63.0,4,Spanish,4.95,909.18,3,31,1,0,A class
768,Nissan Altima,2016,743,41.0,17,French,4.45,979.67,3,33,0,1,A class
428,Kia Optima,2010,549,49.0,24,no,4.84,1185.4,1,41,0,0,A class
2916,Chevrolet Malibu,2018,868,34.0,14,Mandarin,4.98,1025.0,4,40,1,0,A class
1333,Nissan Altima,2008,892,50.0,4,no,4.26,765.28,4,43,2,2,B class
1627,Honda Accord,2019,131,46.0,2,Spanish,4.83,769.8,1,24,0,1,A class
27,Toyota Camry,2013,676,44.0,11,no,4.42,696.05,1,25,0,0,A class
718,Toyota Camry,2020,713,31.0,11,no,5.0,928.79,5,44,1,0,A class
25,Nissan Altima,2022,217,43.0,19,Spanish,4.79,888.38,1,48,3,0,A class
2277,Chevrolet Malibu,2011,309,41.0,8,no,4.31,533.24,5,20,0,0,B class
2133,Nissan Altima,2006,450,58.0,0,no,4.32,645.77,3,28,1,0,A class
1553,Toyota Camry,2009,891,29.0,9,Mandarin,4.01,408.12,4,20,3,0,B class
1,Nissan Altima,2022,351,35.0,2,no,3.93,384.11,4,19,3,2,B class
1793,Hyundai Sonata,2010,4,53.0,14,Arabic,4.34,439.79,4,25,2,2,B class
864,Toyota Camry,2015,15,38.0,14,Spanish,5.0,1054.1,2,40,3,0,A class
61,Chevrolet Malibu,2020,312,39.0,1,French,4.15,453.72,4,17,1,2,B class
1545,Nissan Altima,2015,590,50.0,19,Mandarin,4.9,1007.81,3,22,2,0,A class
2714,Nissan Altima,2013,96,40.0,20,no,4.74,695.51,4,35,2,0,A class
1683,Hyundai Sonata,2006,478,47.0,5,French,4.08,295.97,2,9,1,1,B class
1338,Ford Fusion,2020,700,,14,Russian,3.28,337.75,3,17,3,0,B class
1962,Chevrolet Malibu,2012,739,42.0,9,Spanish,4.56,704.82,0,54,2,1,A class
1454,Nissan Altima,2008,84,55.0,12,no,3.99,557.43,0,27,2,1,B class
2841,Ford Fusion,2009,113,44.0,14,no,4.48,753.83,1,42,3,1,A class
2998,Toyota Camry,2010,793,22.0,2,no,4.9,838.95,1,35,1,0,A class
1372,Honda Accord,2006,483,35.0,13,no,4.47,710.05,2,46,3,0,A class
1560,Ford Fusion,2014,611,65.0,9,French,4.84,1002.21,2,45,1,0,A class
667,Hyundai Sonata,2009,520,45.0,24,no,4.92,666.07,4,37,0,0,A class
705,Nissan Altima,2019,25,58.0,6,no,4.46,541.94,4,22,3,1,B class
1172,Chevrolet Malibu,2009,17,61.0,2,Spanish,4.49,917.8,1,37,1,1,A class
242,Ford Fusion,2022,828,57.0,2,Spanish,3.85,517.7,5,27,1,0,B class
2160,Toyota Camry,2017,789,50.0,3,no,5.0,1005.58,1,36,0,0,A class
1786,Toyota Camry,2015,149,22.0,2,no,3.79,357.59,2,10,1,2,B class
132,Ford Fusion,2015,867,21.0,1,no,4.45,637.89,3,19,0,0,B class
1620,Nissan Altima,2020,284,63.0,10,French,4.65,806.29,1,43,2,2,A class
841,Toyota Camry,2019,115,37.0,16,no,4.2,463.0,2,21,1,0,B class
2507,Hyundai Sonata,2021,456,23.0,3,no,4.03,314.83,4,8,0,0,B class
195,Honda Accord,2016,441,48.0,10,no,4.87,940.95,2,45,1,1,A class
2064,Toyota Camry,2009,767,46.0,24,no,4.02,449.49,4,26,1,1,B class
1752,Honda Accord,2015,465,63.0,21,no,4.55,714.97,2,31,0,0,A class
1488,Nissan Altima,2017,576,49.0,9,French,4.27,574.18,2,29,1,0,B class
1762,Nissan Altima,2009,481,62.0,15,French,4.05,632.0,3,22,2,0,A class
451,Kia Optima,2009,297,41.0,21,no,4.27,888.31,2,17,0,1,A class
171,Toyota Camry,2012,266,22.0,2,no,4.23,536.58,4,20,1,1,B class
1966,Toyota Camry,2016,863,38.0,3,no,4.52,903.13,1,38,0,1,A class
1771,Ford Fusion,2019,478,26.0,6,no,4.19,780.86,1,18,1,0,B class
2028,Honda Accord,2013,163,26.0,6,no,4.46,684.39,3,36,2,1,A class
1685,Ford Fusion,2007,210,53.0,0,French,3.68,122.17,2,14,1,1,B class
1337,Chevrolet Malibu,2017,4,53.0,18,Portuguese,3.88,416.58,5,24,5,0,B class
514,Honda Accord,2006,206,44.0,7,Spanish,4.34,437.52,7,20,0,0,B class
220,Nissan Altima,2009,475,50.0,17,Spanish,4.74,1031.59,3,42,1,0,A class
2918,Toyota Camry,2008,533,36.0,2,Portuguese,4.43,577.15,5,16,0,0,B class
1229,Nissan Altima,2016,681,39.0,7,Spanish,4.82,978.65,3,30,1,0,A class
2576,Toyota Camry,2007,884,45.0,0,no,4.39,554.85,2,18,1,0,B class
1754,Nissan Altima,2006,578,34.0,14,Mandarin,3.48,0.0,2,13,1,1,B class
597,Chevrolet Malibu,2008,626,39.0,19,French,5.0,968.23,2,50,0,0,A class
1237,Kia Optima,2018,466,64.0,24,Spanish,4.71,854.44,0,43,1,0,A class
1068,Kia Optima,2007,641,,13,Spanish,5.0,948.61,2,49,1,0,A class
503,Toyota Camry,2008,586,21.0,1,no,4.05,711.74,3,28,0,1,B class
1675,Nissan Altima,2015,38,22.0,2,no,3.67,0.0,3,9,2,1,B class
865,Kia Optima,2008,807,41.0,9,no,4.67,829.05,2,24,1,1,A class
1996,Nissan Altima,2015,181,,10,no,4.23,826.4,3,18,2,1,B class
2676,Nissan Altima,2016,580,65.0,0,no,4.21,742.4,3,30,1,1,B class
2865,Chevrolet Malibu,2011,452,58.0,17,no,4.62,673.42,3,10,3,1,B class
652,Honda Accord,2016,720,24.0,4,Spanish,4.86,824.3,1,41,0,0,A class
548,Honda Accord,2010,745,38.0,16,no,4.62,784.42,2,25,3,0,A class
1941,Toyota Camry,2018,438,30.0,1,no,4.04,633.52,5,17,2,0,B class
2101,Nissan Altima,2014,785,,6,no,4.68,939.94,3,31,0,0,A class
1922,Nissan Altima,2018,257,,12,Spanish,4.44,624.34,2,24,1,0,A class
1224,Chevrolet Malibu,2009,550,,11,French,4.54,380.79,4,32,1,1,B class
2764,Toyota Camry,2006,782,26.0,6,French,4.46,831.03,3,27,1,1,A class
486,Honda Accord,2014,865,63.0,5,no,4.67,527.54,5,26,1,0,B class
2856,Nissan Altima,2012,741,65.0,15,no,4.45,687.42,6,20,1,0,A class
2623,Hyundai Sonata,2019,364,37.0,17,French,4.87,1088.82,1,41,2,0,A class
254,Toyota Camry,2006,471,,7,Mandarin,4.14,256.46,5,32,2,2,B class
2511,Chevrolet Malibu,2016,469,66.0,4,no,4.24,470.59,4,39,0,1,B class
296,Toyota Camry,2016,199,33.0,2,no,4.19,608.37,2,36,1,1,B class
2218,Chevrolet Malibu,2008,257,40.0,2,no,4.08,355.44,5,6,2,0,B class
1975,Ford Fusion,2016,542,58.0,10,Russian,3.88,411.94,3,26,0,0,B class
1402,Hyundai Sonata,2015,147,58.0,3,Mandarin,4.83,786.08,1,21,0,1,A class
2513,Kia Optima,2014,486,,4,no,3.52,236.37,4,27,2,1,B class
1525,Nissan Altima,2018,82,38.0,18,no,4.42,771.3,2,52,0,2,B class
2394,Ford Fusion,2008,484,22.0,2,no,4.85,909.52,4,41,1,0,A class
2925,Chevrolet Malibu,2009,699,67.0,0,French,3.58,310.67,9,10,1,2,B class
641,Nissan Altima,2014,299,56.0,8,no,5.0,1277.39,0,53,0,0,A class
329,Kia Optima,2011,36,39.0,0,no,4.49,697.41,3,27,1,1,A class
271,Hyundai Sonata,2011,319,38.0,18,no,5.0,1238.04,3,43,0,0,A class
302,Toyota Camry,2011,758,28.0,8,French,4.13,295.85,4,13,0,0,B class
366,Honda Accord,2012,838,23.0,3,no,4.6,785.35,3,39,2,1,B class
741,Ford Fusion,2016,729,,4,no,4.11,590.48,4,31,0,1,B class
2853,Honda Accord,2007,845,51.0,5,no,4.76,897.16,2,40,0,0,A class
1422,Chevrolet Malibu,2020,471,,2,French,3.94,545.8,2,20,2,0,B class
2579,Nissan Altima,2011,233,32.0,12,no,4.63,877.81,1,52,5,0,A class
2072,Ford Fusion,2005,144,30.0,10,Portuguese,4.46,529.89,3,23,2,1,B class
670,Ford Fusion,2008,891,47.0,2,no,3.94,308.02,1,17,0,0,B class
2095,Nissan Altima,2018,714,28.0,8,Portuguese,5.0,1212.56,3,46,1,1,A class
111,Toyota Camry,2021,721,34.0,14,Spanish,4.68,394.74,3,20,0,1,B class
2689,Nissan Altima,2005,463,61.0,2,no,4.22,575.92,4,33,3,2,B class
2990,Chevrolet Malibu,2006,578,39.0,10,no,4.91,932.11,4,36,1,1,A class
743,Toyota Camry,2009,423,35.0,8,French,4.76,970.07,1,38,4,0,A class
650,Toyota Camry,2013,788,45.0,21,no,4.23,437.99,3,11,1,0,B class
2553,Nissan Altima,2016,208,34.0,8,no,3.87,483.06,3,15,2,1,B class
192,Hyundai Sonata,2010,271,38.0,11,French,4.11,437.88,2,35,1,2,B class
639,Chevrolet Malibu,2007,167,21.0,1,Spanish,4.99,894.44,3,17,0,1,A class
80,Nissan Altima,2018,382,40.0,6,no,4.22,699.25,4,27,0,0,A class
898,Chevrolet Malibu,2010,246,40.0,15,no,4.41,341.22,3,26,2,1,B class
2177,Ford Fusion,2017,435,52.0,2,Russian,4.39,765.31,3,32,1,0,A class
2157,Kia Optima,2014,487,52.0,5,Arabic,4.49,539.86,1,24,0,0,A class
1471,Nissan Altima,2009,126,28.0,8,no,3.86,640.71,2,22,2,2,B class
2608,Chevrolet Malibu,2018,446,52.0,23,no,4.7,974.32,1,25,2,0,A class
1797,Nissan Altima,2006,886,63.0,22,Spanish,4.71,1177.36,2,61,1,0,A class
292,Toyota Camry,2005,306,44.0,4,Mandarin,4.62,941.25,4,44,0,0,A class
1730,Toyota Camry,2021,424,21.0,1,Portuguese,4.53,970.17,4,22,0,1,A class
2701,Hyundai Sonata,2008,716,54.0,20,no,4.41,695.96,4,25,0,0,B class
1981,Ford Fusion,2015,459,23.0,3,Spanish,4.87,954.17,2,80,0,0,A class
1503,Ford Fusion,2013,125,67.0,23,no,4.47,736.17,1,46,4,1,A class
339,Honda Accord,2016,492,36.0,13,Russian,3.75,519.22,6,15,4,1,B class
1252,Honda Accord,2009,703,39.0,19,French,4.25,616.57,4,29,3,1,A class
1314,Nissan Altima,2009,272,34.0,3,no,4.76,891.93,0,40,1,0,A class
2907,Toyota Camry,2017,424,41.0,15,Arabic,4.73,768.65,3,19,0,1,A class
2927,Ford Fusion,2019,438,27.0,5,no,4.52,941.44,4,25,1,0,A class
2270,Nissan Altima,2006,415,,2,French,4.88,1114.22,2,42,0,1,A class
930,Chevrolet Malibu,2021,402,49.0,16,Spanish,4.55,584.59,8,18,2,0,A class
1465,Hyundai Sonata,2011,631,26.0,6,Mandarin,4.8,1023.57,1,26,0,0,A class
2032,Toyota Camry,2009,63,28.0,4,no,4.03,204.81,1,8,2,0,B class
2203,Hyundai Sonata,2017,104,42.0,15,no,4.03,512.92,1,11,3,0,B class
2287,Chevrolet Malibu,2005,73,39.0,12,no,4.86,907.22,5,22,0,1,A class
375,Honda Accord,2022,255,36.0,6,Russian,3.8,96.46,6,10,2,0,B class
1442,Kia Optima,2015,540,21.0,1,no,5.0,740.0,3,28,1,1,A class
994,Ford Fusion,2006,835,41.0,15,no,4.43,976.87,3,45,0,0,A class
2054,Kia Optima,2019,176,57.0,9,no,4.89,1095.78,1,37,0,0,A class
359,Chevrolet Malibu,2014,227,42.0,9,Spanish,4.56,446.91,4,30,2,0,B class
1306,Nissan Altima,2015,668,43.0,18,Spanish,3.98,413.97,2,22,2,0,B class
2498,Chevrolet Malibu,2022,461,29.0,9,Portuguese,4.11,607.25,5,29,1,0,B class
445,Toyota Camry,2011,388,60.0,7,no,4.26,821.17,4,24,1,4,B class
363,Hyundai Sonata,2009,600,34.0,14,no,4.22,583.65,3,14,0,0,B class
1948,Nissan Altima,2015,72,27.0,5,no,4.21,641.72,2,24,0,1,B class
180,Toyota Camry,2020,395,45.0,6,no,4.21,442.65,4,29,0,1,B class
268,Hyundai Sonata,2008,499,,6,French,4.41,609.9,4,17,4,0,B class
179,Nissan Altima,2018,623,23.0,3,Portuguese,3.9,488.16,3,16,1,1,B class
692,Kia Optima,2020,428,21.0,1,Spanish,4.19,591.14,3,17,1,0,B class
878,Honda Accord,2014,486,61.0,16,French,4.42,748.11,2,56,0,1,A class
2062,Honda Accord,2017,518,23.0,3,no,4.23,733.64,3,24,3,0,B class
1263,Ford Fusion,2009,557,60.0,13,French,3.78,444.87,7,11,0,3,B class
1826,Ford Fusion,2017,840,54.0,9,no,3.66,402.38,2,12,2,0,B class
2890,Ford Fusion,2006,254,41.0,16,Spanish,4.37,756.55,2,18,1,1,B class
1426,Ford Fusion,2020,297,36.0,7,no,5.0,1001.2,2,37,1,0,A class
489,Hyundai Sonata,2016,651,23.0,3,no,4.28,723.0,3,36,0,0,B class
2398,Chevrolet Malibu,2021,671,54.0,23,no,4.88,1057.83,0,43,0,0,A class
2682,Chevrolet Malibu,2021,767,43.0,14,Portuguese,4.6,683.17,5,25,1,1,A class
52,Ford Fusion,2005,762,28.0,8,no,3.95,340.46,2,33,3,0,B class
2176,Toyota Camry,2005,295,25.0,5,Portuguese,5.0,841.95,2,46,0,1,A class
1063,Nissan Altima,2012,512,63.0,9,French,4.67,811.87,0,42,1,1,A class
2272,Nissan Altima,2016,218,51.0,18,Mandarin,4.12,319.63,5,16,2,1,B class
1594,Kia Optima,2014,843,,14,no,3.84,562.08,1,22,2,0,B class
64,Hyundai Sonata,2022,124,55.0,21,French,4.63,884.43,4,41,1,0,A class
846,Honda Accord,2006,679,47.0,18,Mandarin,4.45,862.16,2,27,1,0,B class
839,Chevrolet Malibu,2012,572,58.0,11,no,4.57,882.02,0,33,0,0,A class
211,Chevrolet Malibu,2012,741,37.0,17,French,4.49,802.3,2,49,1,0,A class
1507,Kia Optima,2013,761,25.0,5,no,4.78,1013.25,0,42,3,0,A class
2819,Chevrolet Malibu,2005,591,41.0,21,Arabic,4.71,676.47,2,16,0,1,A class
706,Chevrolet Malibu,2015,848,55.0,23,Spanish,4.66,1079.49,2,48,1,1,A class
2683,Ford Fusion,2021,301,54.0,2,no,5.0,1022.48,3,62,0,0,A class
1209,Ford Fusion,2020,745,61.0,21,no,4.77,796.11,1,46,0,0,A class
1033,Chevrolet Malibu,2020,214,37.0,5,Mandarin,4.22,468.09,0,27,3,1,B class
1424,Toyota Camry,2009,460,39.0,5,no,4.49,953.57,2,36,1,0,A class
2194,Nissan Altima,2022,163,34.0,14,no,4.34,835.07,3,14,1,1,B class
340,Toyota Camry,2008,584,27.0,7,no,4.88,675.81,1,47,1,0,A class
1303,Kia Optima,2013,896,30.0,10,Russian,4.45,586.92,1,42,1,1,A class
978,Toyota Camry,2013,14,51.0,4,Russian,4.74,1066.69,2,24,1,0,A class
2392,Honda Accord,2009,638,33.0,11,no,4.87,1273.41,0,60,1,0,A class
2259,Chevrolet Malibu,2016,660,58.0,19,no,4.24,574.62,5,24,1,0,B class
1939,Chevrolet Malibu,2019,621,43.0,18,Spanish,4.81,1103.4,2,38,0,1,A class
663,Ford Fusion,2005,891,44.0,15,Spanish,4.41,922.51,3,28,1,2,A class
1674,Nissan Altima,2012,800,37.0,17,no,3.8,162.1,0,23,3,0,B class
1085,Honda Accord,2012,15,32.0,12,French,4.28,689.8,4,25,4,0,B class
2297,Honda Accord,2016,223,40.0,0,no,4.14,562.56,4,15,0,0,B class
2932,Hyundai Sonata,2009,495,45.0,21,Spanish,5.0,805.47,2,33,2,1,A class
2843,Ford Fusion,2018,198,56.0,11,no,4.35,699.54,4,23,3,0,B class
2490,Toyota Camry,2019,148,53.0,20,Portuguese,3.63,461.23,4,10,3,0,B class
2428,Toyota Camry,2021,460,66.0,19,Mandarin,4.31,775.74,7,48,0,0,A class
2807,Nissan Altima,2020,295,48.0,22,no,4.94,1160.63,1,40,1,0,A class
1883,Chevrolet Malibu,2008,359,28.0,8,Mandarin,4.51,675.24,3,30,2,0,A class
355,Ford Fusion,2017,379,38.0,12,no,3.72,132.53,3,19,3,2,B class
2825,Toyota Camry,2006,110,60.0,20,Spanish,5.0,1183.85,2,52,0,0,A class
848,Kia Optima,2005,751,36.0,6,no,4.27,297.45,3,15,1,2,B class
695,Nissan Altima,2005,417,33.0,13,no,4.57,799.39,2,33,2,0,A class
2897,Toyota Camry,2005,836,29.0,9,no,4.0,550.59,3,37,3,1,B class
714,Toyota Camry,2011,609,30.0,0,Arabic,4.05,236.78,10,11,2,3,B class
2124,Ford Fusion,2018,120,46.0,11,no,3.96,279.88,3,11,2,0,B class
2245,Ford Fusion,2005,356,53.0,14,French,5.0,1293.3,0,57,1,0,A class
59,Ford Fusion,2022,268,22.0,2,Spanish,5.0,814.61,1,21,0,0,A class
2001,Nissan Altima,2011,839,53.0,3,French,4.02,524.1,10,19,2,2,B class
2048,Toyota Camry,2014,623,,6,Russian,3.7,189.28,4,17,2,1,B class
1891,Kia Optima,2005,255,44.0,0,no,4.16,565.62,0,21,0,0,B class
1030,Nissan Altima,2021,469,53.0,2,Spanish,4.63,963.77,5,49,0,0,A class
215,Toyota Camry,2006,4,24.0,2,Portuguese,4.63,601.78,2,34,1,1,A class
737,Kia Optima,2020,497,67.0,14,no,4.6,796.63,2,34,0,0,A class
2228,Toyota Camry,2016,854,38.0,16,Portuguese,4.24,467.04,3,44,3,1,B class
2583,Toyota Camry,2011,587,59.0,18,no,4.27,623.05,4,21,7,0,B class
2942,Ford Fusion,2007,733,66.0,20,no,3.98,427.38,1,6,0,1,B class
1600,Hyundai Sonata,2009,228,34.0,14,Arabic,4.82,714.93,2,49,0,0,A class
1510,Chevrolet Malibu,2008,92,64.0,23,Spanish,3.92,513.11,1,24,4,0,B class
761,Chevrolet Malibu,2009,781,,6,no,4.36,789.46,4,31,1,2,A class
454,Honda Accord,2012,801,49.0,12,no,4.68,746.65,0,34,1,0,A class
2663,Chevrolet Malibu,2021,780,45.0,20,no,4.92,871.56,4,30,1,1,A class
2288,Kia Optima,2015,493,58.0,1,Portuguese,4.51,625.44,3,33,1,0,A class
691,Nissan Altima,2013,424,59.0,14,French,3.85,287.21,2,16,2,0,B class
214,Kia Optima,2015,695,36.0,16,Mandarin,4.09,417.14,2,31,3,0,B class
2407,Kia Optima,2022,735,33.0,6,no,3.88,398.25,8,21,3,1,B class
1597,Chevrolet Malibu,2013,100,28.0,8,Spanish,5.0,963.81,3,24,0,0,A class
2793,Honda Accord,2013,832,53.0,5,Spanish,5.0,1108.75,1,47,2,0,A class
342,Nissan Altima,2021,656,36.0,16,Portuguese,5.0,1425.8,0,65,1,0,A class
148,Chevrolet Malibu,2014,734,40.0,18,Mandarin,4.66,908.71,3,34,2,0,A class
2889,Hyundai Sonata,2017,377,,11,no,4.32,700.06,1,31,1,1,B class
2435,Kia Optima,2022,752,58.0,10,no,4.1,449.66,5,14,1,1,B class
1040,Chevrolet Malibu,2012,152,49.0,11,Russian,4.5,753.17,2,50,4,0,A class
671,Nissan Altima,2012,758,45.0,11,Spanish,4.4,547.96,2,22,0,0,B class
218,Honda Accord,2008,78,48.0,0,Mandarin,4.01,475.38,0,17,1,0,B class
1298,Nissan Altima,2012,791,51.0,14,no,3.75,237.67,4,9,2,1,B class
453,Toyota Camry,2016,386,32.0,3,Spanish,4.22,752.57,4,21,0,2,A class
834,Honda Accord,2018,639,33.0,1,Spanish,3.87,220.58,1,14,2,1,B class
2467,Hyundai Sonata,2011,730,59.0,15,Arabic,4.51,781.12,3,18,1,0,A class
1203,Chevrolet Malibu,2018,819,37.0,5,French,4.82,730.34,4,29,1,0,A class
1988,Ford Fusion,2007,852,,19,no,4.48,573.11,5,24,0,2,B class
1023,Chevrolet Malibu,2022,15,49.0,5,Spanish,4.39,577.79,5,29,0,1,A class
1316,Ford Fusion,2006,272,62.0,3,French,3.96,122.83,4,13,1,0,B class
745,Ford Fusion,2015,857,62.0,21,Spanish,4.86,1097.57,2,35,1,0,A class
2291,Honda Accord,2018,531,28.0,1,no,4.54,588.97,3,36,0,1,A class
825,Toyota Camry,2015,792,34.0,14,French,4.38,593.92,3,32,1,1,B class
2077,Hyundai Sonata,2005,36,47.0,0,no,4.89,1096.57,3,74,2,0,A class
2110,Kia Optima,2011,371,41.0,21,Spanish,3.94,673.1,2,19,2,1,B class
2802,Kia Optima,2022,547,59.0,21,no,4.65,589.01,1,33,1,0,A class
1125,Kia Optima,2006,513,21.0,1,Portuguese,5.0,930.78,0,36,0,0,A class
2403,Ford Fusion,2010,37,58.0,21,no,4.47,845.21,2,44,2,2,A class
906,Ford Fusion,2010,671,31.0,9,no,5.0,1303.51,1,52,0,0,A class
1887,Honda Accord,2009,683,65.0,9,Russian,4.54,804.83,3,30,1,2,A class
2322,Nissan Altima,2022,270,34.0,14,no,4.09,537.3,5,24,0,0,B class
2115,Toyota Camry,2021,546,48.0,14,no,4.41,750.43,3,23,1,0,B class
1472,Hyundai Sonata,2013,161,25.0,5,Arabic,4.84,1086.38,1,38,0,0,A class
2036,Chevrolet Malibu,2012,593,46.0,11,no,4.65,861.03,3,50,2,0,A class
151,Nissan Altima,2011,544,66.0,12,no,4.18,576.47,1,43,1,0,B class
2353,Honda Accord,2006,449,61.0,3,no,3.93,549.39,2,22,0,2,B class
2818,Chevrolet Malibu,2007,191,67.0,15,no,4.11,528.81,2,20,1,0,B class
2126,Chevrolet Malibu,2009,170,51.0,9,Russian,5.0,904.58,1,45,1,0,A class
2347,Ford Fusion,2010,268,55.0,14,Spanish,4.17,521.15,3,28,4,1,B class
485,Honda Accord,2019,13,45.0,14,no,4.19,725.5,1,28,1,1,A class
1755,Nissan Altima,2016,443,26.0,6,French,4.4,693.33,2,24,3,0,B class
1903,Nissan Altima,2010,277,53.0,2,no,3.81,238.56,8,18,3,2,B class
752,Ford Fusion,2005,101,29.0,7,no,3.71,425.12,5,16,1,0,B class
2491,Hyundai Sonata,2018,195,58.0,6,no,4.72,1002.95,2,21,1,0,A class
1313,Kia Optima,2014,845,44.0,9,Mandarin,4.64,607.7,6,43,1,0,A class
2705,Ford Fusion,2014,195,23.0,3,Mandarin,4.61,526.57,3,27,1,1,A class
1083,Toyota Camry,2012,611,55.0,21,no,4.39,401.92,3,27,3,2,B class
2767,Kia Optima,2006,458,,8,French,4.06,125.98,2,10,0,0,B class
1257,Hyundai Sonata,2008,854,54.0,0,Portuguese,4.45,754.55,5,35,2,3,B class
1823,Honda Accord,2022,781,52.0,20,no,4.51,575.88,3,44,2,1,A class
518,Nissan Altima,2014,237,49.0,10,no,4.65,853.2,5,47,2,0,A class
2018,Nissan Altima,2015,480,31.0,6,no,4.44,874.91,1,40,0,1,A class
1660,Nissan Altima,2012,731,54.0,24,Mandarin,4.73,843.9,1,26,0,0,A class
2268,Nissan Altima,2020,309,66.0,19,no,4.55,501.36,1,24,4,0,B class
940,Honda Accord,2005,320,59.0,8,no,5.0,1323.82,1,33,1,0,A class
1276,Chevrolet Malibu,2018,273,39.0,16,no,4.78,1040.37,2,43,1,0,A class
193,Nissan Altima,2021,220,24.0,1,Arabic,5.0,985.2,0,44,0,0,A class
1003,Chevrolet Malibu,2007,899,67.0,10,Arabic,4.65,607.9,4,35,2,1,A class
2943,Toyota Camry,2010,184,32.0,1,no,4.2,734.86,3,33,1,0,B class
2691,Chevrolet Malibu,2009,378,21.0,1,no,4.19,851.96,3,42,2,2,A class
73,Nissan Altima,2008,225,22.0,2,no,3.83,379.23,4,12,1,1,B class
2664,Hyundai Sonata,2013,774,56.0,22,Portuguese,3.97,597.48,2,22,3,0,B class
90,Ford Fusion,2008,508,48.0,16,French,4.07,399.43,4,25,1,1,B class
922,Honda Accord,2017,701,55.0,9,no,4.4,720.75,2,35,1,1,A class
18,Toyota Camry,2009,489,59.0,23,Russian,4.11,613.64,3,26,3,0,B class
702,Hyundai Sonata,2008,244,50.0,5,Spanish,4.19,386.1,4,37,0,3,B class
2444,Ford Fusion,2019,431,50.0,12,no,3.93,565.06,4,12,0,0,B class
2647,Ford Fusion,2016,865,40.0,11,Spanish,4.23,339.55,1,27,3,1,B class
116,Chevrolet Malibu,2012,232,23.0,3,no,4.88,1106.11,2,31,1,0,A class
2929,Chevrolet Malibu,2010,509,63.0,1,Mandarin,4.51,1119.24,1,43,0,0,A class
2930,Ford Fusion,2011,324,25.0,5,no,4.19,663.56,0,31,1,0,B class
2540,Toyota Camry,2014,897,60.0,13,no,4.14,778.48,4,13,0,0,B class
1147,Nissan Altima,2022,681,63.0,3,no,4.63,838.25,1,39,1,1,A class
263,Ford Fusion,2012,391,57.0,8,no,3.87,339.24,5,18,4,3,B class
2034,Hyundai Sonata,2010,475,45.0,24,Spanish,4.27,736.69,4,29,0,2,B class
1486,Ford Fusion,2008,65,,8,no,4.94,792.06,3,34,2,0,A class
2978,Toyota Camry,2017,776,46.0,13,Spanish,4.36,671.55,1,16,0,0,A class
1768,Hyundai Sonata,2018,823,63.0,16,no,4.75,1110.05,3,44,0,0,A class
299,Ford Fusion,2011,488,33.0,4,Spanish,4.25,342.84,3,26,1,2,B class
2437,Chevrolet Malibu,2014,650,39.0,16,Mandarin,4.24,804.41,6,28,4,2,A class
2159,Ford Fusion,2015,670,43.0,9,no,4.24,649.1,0,18,0,0,A class
2968,Honda Accord,2013,899,30.0,10,no,4.25,439.83,3,24,0,0,B class
2999,Chevrolet Malibu,2012,28,46.0,15,no,4.61,818.97,1,28,1,0,A class
513,Chevrolet Malibu,2015,639,65.0,16,Spanish,4.76,884.7,2,50,2,0,A class
38,Kia Optima,2020,537,26.0,6,no,4.9,912.48,0,38,0,1,A class
2395,Toyota Camry,2006,170,25.0,5,no,4.74,849.0,0,41,1,0,A class
2169,Toyota Camry,2008,34,65.0,7,Arabic,4.53,572.58,0,22,1,1,B class
1654,Ford Fusion,2020,417,46.0,17,no,3.81,395.97,6,14,4,2,B class
399,Kia Optima,2011,460,,14,Portuguese,4.53,787.44,1,35,1,0,A class
1421,Toyota Camry,2006,390,65.0,13,no,3.98,408.39,2,17,0,1,B class
1091,Ford Fusion,2015,725,66.0,2,no,4.57,930.49,2,18,2,0,A class
1171,Kia Optima,2008,412,33.0,13,no,4.78,824.96,0,39,0,0,A class
1413,Honda Accord,2007,85,30.0,2,Spanish,4.15,582.75,2,29,4,0,B class
1277,Nissan Altima,2015,710,66.0,18,no,4.62,1132.36,1,59,1,0,A class
1168,Nissan Altima,2018,252,63.0,14,Spanish,4.66,975.31,1,20,1,0,A class
1204,Chevrolet Malibu,2007,79,58.0,15,no,4.87,1029.68,0,39,0,0,A class
396,Hyundai Sonata,2022,881,39.0,2,no,3.94,516.81,4,21,1,1,B class
95,Toyota Camry,2021,230,56.0,15,French,4.4,749.63,2,26,0,0,A class
1166,Nissan Altima,2012,522,50.0,24,no,4.78,531.12,2,45,1,2,B class
677,Honda Accord,2019,6,64.0,12,no,4.7,666.45,2,20,1,1,A class
2021,Honda Accord,2014,291,35.0,5,no,4.96,765.34,0,41,1,1,A class
2634,Hyundai Sonata,2018,872,63.0,15,no,4.54,641.3,3,55,2,0,B class
896,Honda Accord,2018,399,27.0,0,French,3.57,226.96,3,11,3,1,B class
1448,Kia Optima,2021,617,48.0,11,no,3.56,290.56,6,19,3,1,B class
1069,Chevrolet Malibu,2015,386,29.0,9,no,4.3,718.01,12,36,1,1,A class
2630,Hyundai Sonata,2013,238,,5,Spanish,4.2,808.61,2,41,0,0,A class
998,Hyundai Sonata,2012,678,37.0,17,French,4.52,622.42,5,29,3,1,B class
2338,Ford Fusion,2018,36,43.0,18,no,5.0,1313.59,4,45,0,0,A class
197,Hyundai Sonata,2011,682,34.0,2,no,4.62,755.86,1,11,0,0,A class
408,Hyundai Sonata,2016,442,49.0,10,no,4.21,608.33,3,16,2,1,B class
662,Toyota Camry,2011,749,66.0,14,no,4.21,814.11,2,29,1,1,A class
579,Hyundai Sonata,2016,717,,3,no,3.49,81.45,0,10,2,4,B class
972,Toyota Camry,2016,712,44.0,1,Mandarin,4.67,652.15,1,38,1,0,A class
944,Nissan Altima,2022,765,61.0,4,Arabic,4.42,812.53,3,41,2,0,A class
2289,Toyota Camry,2020,131,48.0,21,no,4.56,983.17,0,37,1,0,A class
318,Ford Fusion,2016,268,36.0,8,no,4.58,770.22,3,19,1,1,B class
2336,Kia Optima,2019,158,48.0,8,no,4.26,757.49,3,34,2,0,A class
2904,Hyundai Sonata,2012,253,47.0,14,no,3.63,328.59,8,15,2,1,B class
2527,Ford Fusion,2007,279,62.0,6,no,4.42,456.0,2,24,3,0,B class
2531,Nissan Altima,2022,223,66.0,5,no,4.77,772.7,0,35,1,0,A class
1798,Toyota Camry,2018,135,58.0,5,no,4.62,916.83,1,32,0,1,A class
1282,Chevrolet Malibu,2009,813,37.0,17,no,4.27,584.3,5,26,3,1,B class
1037,Kia Optima,2019,795,46.0,17,no,4.96,938.13,3,30,1,1,A class
545,Ford Fusion,2010,395,66.0,7,no,3.76,229.88,6,17,2,0,B class
1396,Hyundai Sonata,2022,536,65.0,15,Spanish,3.71,247.69,0,16,4,0,B class
2685,Chevrolet Malibu,2015,174,63.0,0,no,4.2,324.94,4,22,0,1,B class
2564,Ford Fusion,2020,245,,5,no,4.37,728.57,3,20,1,2,B class
547,Honda Accord,2011,631,27.0,7,Mandarin,4.49,426.98,1,30,3,0,B class
2778,Toyota Camry,2016,489,42.0,17,no,4.54,1006.96,2,24,0,1,A class
1097,Kia Optima,2006,648,,18,Spanish,4.55,739.42,1,16,0,0,A class
1193,Nissan Altima,2011,12,23.0,3,no,4.65,1035.41,2,41,0,1,A class
2317,Nissan Altima,2020,463,42.0,8,no,4.33,501.72,5,30,0,1,B class
2209,Nissan Altima,2021,251,67.0,4,French,4.53,614.52,1,23,0,1,B class
2674,Nissan Altima,2011,211,33.0,13,Portuguese,4.33,840.04,4,29,4,2,B class
636,Nissan Altima,2021,127,49.0,4,French,4.85,728.09,2,57,2,0,A class
890,Honda Accord,2011,615,35.0,15,French,4.26,843.5,2,25,0,1,A class
591,Ford Fusion,2012,537,50.0,2,no,3.79,230.96,2,15,0,1,B class
963,Ford Fusion,2014,422,37.0,10,French,4.09,358.62,7,9,0,1,B class
2225,Honda Accord,2009,248,62.0,18,Spanish,4.57,692.81,1,37,2,1,A class
2143,Chevrolet Malibu,2010,555,48.0,8,no,4.59,865.08,4,36,0,0,A class
109,Kia Optima,2015,842,39.0,18,no,4.83,872.13,2,26,0,1,A class
1403,Toyota Camry,2008,620,40.0,17,Spanish,5.0,1213.8,0,75,0,0,A class
893,Nissan Altima,2022,465,41.0,8,no,4.76,943.4,0,62,1,1,A class
1451,Chevrolet Malibu,2017,298,59.0,21,Portuguese,5.0,944.2,3,52,0,0,A class
2339,Hyundai Sonata,2012,645,22.0,2,no,4.83,833.29,1,55,1,0,A class
2554,Nissan Altima,2014,276,33.0,0,Russian,3.9,659.44,5,27,4,0,B class
2591,Nissan Altima,2007,618,53.0,23,no,4.21,755.57,3,22,1,3,B class
1158,Ford Fusion,2019,501,22.0,2,no,4.7,770.02,4,31,0,0,A class
713,Nissan Altima,2018,82,21.0,1,no,3.97,489.07,4,19,1,1,B class
288,Hyundai Sonata,2011,770,50.0,20,Russian,4.52,956.52,5,50,4,0,A class
1011,Nissan Altima,2013,401,37.0,17,no,4.27,385.43,0,18,0,0,B class
1006,Nissan Altima,2010,741,36.0,6,Arabic,3.92,240.66,10,13,1,1,B class
1618,Chevrolet Malibu,2018,850,26.0,6,Portuguese,4.23,445.01,4,18,0,0,B class
1684,Nissan Altima,2019,5,57.0,19,Spanish,3.97,138.64,2,21,4,0,B class
1579,Kia Optima,2016,302,,3,no,4.3,491.29,1,22,0,0,B class
1219,Kia Optima,2012,176,,14,no,3.97,596.87,5,27,1,0,B class
1587,Honda Accord,2013,384,37.0,17,no,5.0,834.89,0,40,0,1,A class
2815,Toyota Camry,2020,99,25.0,2,no,4.32,579.17,2,26,3,1,A class
2855,Ford Fusion,2015,62,63.0,21,Spanish,4.51,566.4,4,35,2,1,B class
796,Kia Optima,2008,719,58.0,13,Russian,3.94,678.34,1,18,1,0,B class
201,Honda Accord,2019,729,25.0,5,Arabic,3.81,351.63,3,4,1,1,B class
2512,Ford Fusion,2010,661,28.0,8,no,4.73,1113.69,1,45,0,1,A class
1459,Ford Fusion,2011,708,50.0,19,no,4.39,593.36,6,32,4,1,B class
2706,Chevrolet Malibu,2005,476,44.0,5,no,4.83,714.49,3,42,1,0,A class
1325,Hyundai Sonata,2018,876,55.0,5,Arabic,4.22,431.19,6,15,2,0,B class
1076,Toyota Camry,2022,42,45.0,18,no,4.69,646.52,2,35,1,0,A class
526,Honda Accord,2015,60,54.0,17,no,4.35,547.04,2,18,0,0,B class
2042,Chevrolet Malibu,2012,768,44.0,21,no,4.87,1280.25,2,52,1,0,A class
2870,Kia Optima,2020,811,55.0,18,Portuguese,4.79,915.16,1,48,1,0,A class
2119,Ford Fusion,2009,94,,11,Mandarin,4.1,583.5,5,17,1,1,B class
507,Ford Fusion,2019,686,51.0,10,no,4.23,690.02,4,21,2,1,B class
480,Honda Accord,2011,665,36.0,8,no,3.95,655.94,3,19,1,4,B class
688,Chevrolet Malibu,2005,226,49.0,18,no,4.78,914.92,1,42,0,1,A class
1189,Toyota Camry,2021,622,43.0,0,no,4.54,758.33,3,36,2,1,B class
2690,Chevrolet Malibu,2020,864,48.0,6,no,4.9,850.19,3,22,1,1,A class
397,Honda Accord,2020,335,25.0,5,no,3.91,375.25,3,33,0,0,B class
2186,Kia Optima,2009,352,62.0,1,no,4.23,488.9,5,25,1,1,B class
1366,Kia Optima,2009,817,57.0,10,no,4.43,715.61,1,29,0,2,A class
1862,Ford Fusion,2015,130,59.0,21,Spanish,5.0,1049.91,0,46,0,1,A class
837,Ford Fusion,2016,183,61.0,8,Mandarin,4.51,903.7,3,25,0,0,A class
2264,Toyota Camry,2016,194,47.0,22,no,3.83,362.79,4,25,4,0,B class
1264,Ford Fusion,2020,646,61.0,21,no,4.52,949.47,3,32,0,0,A class
603,Hyundai Sonata,2017,684,30.0,10,Arabic,4.49,841.85,2,40,1,1,B class
241,Honda Accord,2009,582,33.0,13,Russian,4.09,418.94,6,21,1,1,B class
1940,Honda Accord,2008,128,,11,French,3.88,282.23,4,12,2,1,B class
449,Ford Fusion,2017,207,,17,French,4.23,393.17,3,16,1,1,B class
843,Ford Fusion,2010,157,65.0,24,Spanish,4.14,443.08,3,8,0,1,B class
2442,Honda Accord,2021,457,29.0,9,no,4.49,511.67,6,27,2,1,B class
14,Kia Optima,2020,6,23.0,3,no,3.98,464.55,7,16,1,0,B class
2939,Ford Fusion,2018,619,31.0,0,Spanish,4.13,204.55,6,18,3,1,B class
985,Chevrolet Malibu,2015,830,,5,no,5.0,1368.14,2,63,0,1,A class
2004,Nissan Altima,2014,725,44.0,18,Spanish,4.41,575.51,3,22,0,1,B class
2562,Ford Fusion,2011,426,,5,no,5.0,562.41,1,37,0,0,A class
1788,Toyota Camry,2013,232,21.0,0,no,4.27,617.48,2,20,0,0,B class
377,Hyundai Sonata,2017,633,26.0,6,no,3.91,477.43,2,30,0,0,B class
2660,Nissan Altima,2010,228,21.0,1,French,4.42,515.73,5,25,1,1,B class
264,Hyundai Sonata,2006,625,50.0,22,Spanish,4.3,430.38,0,23,3,0,B class
616,Honda Accord,2008,197,63.0,10,no,4.24,708.54,0,26,0,0,A class
504,Chevrolet Malibu,2012,559,63.0,10,no,4.34,423.17,6,16,0,0,B class
58,Hyundai Sonata,2017,294,50.0,15,Spanish,4.43,582.46,2,36,0,0,A class
2695,Honda Accord,2008,689,27.0,7,no,4.49,721.05,1,28,2,0,B class
1197,Toyota Camry,2012,398,57.0,3,Arabic,4.39,761.44,4,35,3,0,B class
2471,Toyota Camry,2019,347,47.0,1,no,4.69,749.47,3,21,1,0,A class
2654,Nissan Altima,2017,185,54.0,10,Mandarin,4.22,939.63,4,29,7,0,A class
233,Toyota Camry,2017,183,35.0,3,no,4.81,1063.64,0,27,1,1,A class
2670,Honda Accord,2016,17,50.0,3,no,4.67,796.07,3,24,0,0,A class
1676,Hyundai Sonata,2006,529,42.0,22,French,5.0,1290.17,2,66,0,0,A class
1872,Chevrolet Malibu,2010,805,36.0,15,no,4.14,420.98,5,16,2,0,B class
1136,Chevrolet Malibu,2017,897,61.0,19,Portuguese,4.79,858.61,3,42,0,1,A class
1583,Kia Optima,2016,870,22.0,2,Spanish,4.82,1099.23,2,48,1,0,A class
1902,Kia Optima,2018,450,21.0,1,French,4.22,491.13,4,17,2,0,B class
2572,Toyota Camry,2016,391,50.0,16,Mandarin,3.91,421.19,6,19,2,0,B class
2758,Toyota Camry,2009,467,56.0,15,no,4.79,729.4,3,41,1,0,A class
174,Hyundai Sonata,2007,176,48.0,3,no,4.33,711.15,4,19,1,0,B class
142,Honda Accord,2006,763,24.0,4,Arabic,4.2,714.46,7,20,3,1,B class
205,Hyundai Sonata,2020,264,51.0,9,Portuguese,5.0,1426.9,0,84,0,0,A class
1992,Ford Fusion,2020,157,67.0,10,no,4.86,775.14,0,35,1,0,A class
1235,Nissan Altima,2007,657,,6,no,4.41,710.95,3,32,4,2,A class
2326,Nissan Altima,2018,588,34.0,14,Portuguese,4.41,822.71,1,31,1,0,A class
1783,Honda Accord,2021,49,46.0,8,no,4.42,787.99,1,18,0,0,B class
1490,Hyundai Sonata,2022,538,64.0,8,Spanish,4.55,779.97,2,33,0,0,A class
1611,Ford Fusion,2011,38,,3,Arabic,4.49,833.5,2,24,0,2,A class
682,Hyundai Sonata,2010,316,45.0,20,French,4.13,445.91,4,15,2,0,B class
858,Toyota Camry,2010,598,45.0,1,no,4.12,473.61,1,15,1,1,B class
2166,Chevrolet Malibu,2011,671,38.0,18,no,4.26,371.19,2,19,2,1,B class
1437,Hyundai Sonata,2017,233,56.0,17,Spanish,4.63,668.62,4,36,2,0,A class
1839,Toyota Camry,2013,633,41.0,14,no,4.43,721.07,7,13,2,1,B class
2204,Hyundai Sonata,2011,270,53.0,21,French,4.74,938.49,4,40,2,0,A class
2076,Hyundai Sonata,2008,211,23.0,3,no,4.27,700.04,2,40,2,0,A class
790,Kia Optima,2005,460,65.0,3,no,4.3,482.85,1,8,0,0,B class
2569,Hyundai Sonata,2010,460,39.0,14,no,4.08,587.97,3,17,1,0,B class
1415,Chevrolet Malibu,2018,708,27.0,7,no,4.82,828.25,4,28,1,0,A class
1385,Kia Optima,2017,613,66.0,1,no,4.99,984.96,1,50,0,1,A class
2649,Toyota Camry,2007,710,27.0,2,no,4.27,660.09,4,24,2,0,B class
1184,Toyota Camry,2020,761,39.0,11,Mandarin,4.16,686.41,3,28,1,1,B class
2022,Nissan Altima,2006,116,48.0,3,no,4.43,622.92,5,37,1,0,B class
2286,Chevrolet Malibu,2011,88,,1,French,3.97,534.24,5,16,0,0,B class
936,Ford Fusion,2006,71,67.0,24,no,4.82,988.1,1,33,1,1,A class
512,Nissan Altima,2015,890,54.0,19,no,4.94,766.92,3,28,1,0,A class
1262,Nissan Altima,2014,35,29.0,7,Russian,4.06,330.41,5,20,1,0,B class
1585,Hyundai Sonata,2015,763,41.0,4,no,3.58,280.58,4,14,1,1,B class
101,Nissan Altima,2017,564,49.0,0,Spanish,4.49,695.7,2,26,2,1,B class
13,Nissan Altima,2007,847,57.0,24,no,4.65,828.4,1,57,0,0,A class
645,Kia Optima,2011,284,26.0,6,Arabic,5.0,1075.82,1,47,0,0,A class
1550,Chevrolet Malibu,2015,896,51.0,15,Mandarin,3.95,460.51,4,29,2,3,B class
779,Toyota Camry,2008,330,32.0,11,Mandarin,4.05,80.3,3,28,3,2,B class
2246,Hyundai Sonata,2016,874,36.0,16,French,5.0,1241.47,1,45,2,0,A class
1268,Honda Accord,2008,788,42.0,19,no,4.96,1000.02,2,37,0,0,A class
1059,Ford Fusion,2018,440,46.0,9,French,4.37,737.5,2,34,2,0,B class
2222,Kia Optima,2009,153,55.0,9,Spanish,3.88,304.16,3,11,1,2,B class
1399,Ford Fusion,2014,518,45.0,3,Mandarin,4.51,704.83,3,26,0,0,A class
1354,Nissan Altima,2011,574,57.0,9,Spanish,4.36,774.06,3,40,2,1,A class
2613,Kia Optima,2017,69,59.0,10,no,4.66,750.31,4,33,2,1,A class
855,Chevrolet Malibu,2014,130,54.0,17,Portuguese,5.0,1005.03,2,35,0,1,A class
21,Nissan Altima,2016,59,22.0,2,no,3.8,43.03,5,24,2,1,B class
750,Toyota Camry,2013,241,40.0,20,no,4.47,599.21,5,21,1,2,B class
1494,Honda Accord,2013,350,,7,Portuguese,4.79,1049.19,2,46,1,0,A class
118,Chevrolet Malibu,2007,11,21.0,1,Spanish,3.96,404.13,8,27,2,0,B class
2040,Toyota Camry,2013,485,41.0,0,no,4.14,531.15,6,19,2,0,B class
2255,Kia Optima,2021,618,53.0,2,Mandarin,4.25,792.48,2,44,0,0,A class
564,Kia Optima,2013,281,46.0,9,no,4.43,589.04,1,47,2,0,B class
1645,Nissan Altima,2022,373,52.0,21,Russian,4.04,517.76,2,18,1,2,B class
1128,Chevrolet Malibu,2009,397,,19,no,4.59,685.18,0,21,1,0,A class
491,Honda Accord,2014,310,53.0,4,Spanish,4.12,686.02,8,17,2,1,B class
47,Ford Fusion,2022,668,48.0,21,no,4.54,750.57,1,41,0,1,A class
493,Toyota Camry,2008,598,40.0,5,Mandarin,4.03,640.88,5,24,0,1,B class
1644,Ford Fusion,2014,893,66.0,2,French,4.27,449.38,2,24,2,1,B class
2281,Nissan Altima,2010,479,49.0,18,no,3.92,258.18,4,18,3,1,B class
2333,Honda Accord,2013,667,53.0,10,Portuguese,4.96,1024.5,1,37,0,0,A class
948,Honda Accord,2008,404,30.0,10,Russian,4.57,748.63,0,35,3,0,A class
1906,Toyota Camry,2005,472,65.0,15,no,4.62,347.71,5,20,1,1,B class
769,Toyota Camry,2005,863,21.0,1,no,4.21,755.41,3,32,3,0,B class
2951,Toyota Camry,2017,465,53.0,15,Spanish,4.86,972.36,1,46,0,1,A class
2587,Kia Optima,2005,577,40.0,15,no,4.36,861.04,3,41,2,0,A class
2248,Ford Fusion,2011,340,65.0,8,no,3.74,403.83,3,25,3,1,B class
2158,Hyundai Sonata,2019,186,,14,Spanish,4.77,988.0,0,21,2,0,A class
960,Ford Fusion,2013,447,64.0,1,Spanish,3.76,341.23,6,13,1,0,B class
1976,Nissan Altima,2013,591,64.0,0,French,3.88,167.72,5,9,1,1,B class
1217,Chevrolet Malibu,2012,830,58.0,13,no,3.22,308.71,0,10,6,2,B class
1748,Nissan Altima,2008,752,61.0,0,Mandarin,3.28,47.09,7,4,0,2,B class
565,Hyundai Sonata,2006,316,61.0,1,Portuguese,4.54,865.09,2,31,0,0,A class
610,Ford Fusion,2017,292,23.0,3,no,4.68,852.34,3,24,0,2,A class
2501,Kia Optima,2007,565,23.0,3,no,4.76,966.43,1,33,1,0,A class
1431,Toyota Camry,2013,760,64.0,2,no,4.77,810.67,3,30,0,0,A class
1233,Chevrolet Malibu,2017,742,56.0,23,Spanish,4.51,655.14,4,34,1,0,A class
1562,Nissan Altima,2021,37,21.0,1,no,4.34,530.06,1,31,3,0,B class
577,Ford Fusion,2008,642,60.0,19,Russian,4.06,683.58,5,13,2,0,B class
627,Kia Optima,2020,374,62.0,1,no,4.43,715.25,4,28,0,0,A class
1584,Ford Fusion,2006,115,43.0,0,no,4.44,651.79,4,32,0,1,B class
1377,Kia Optima,2018,843,24.0,0,Spanish,4.18,660.42,4,29,2,0,B class
1588,Honda Accord,2005,877,40.0,17,Portuguese,4.59,752.51,3,39,0,1,A class
2319,Nissan Altima,2007,307,52.0,17,Russian,3.83,331.38,5,18,1,3,B class
1534,Hyundai Sonata,2019,553,35.0,12,no,4.35,720.14,3,37,2,0,B class
1880,Chevrolet Malibu,2018,158,40.0,20,no,5.0,1249.91,0,56,0,0,A class
2949,Toyota Camry,2021,509,33.0,13,no,4.62,862.37,1,26,0,0,A class
756,Honda Accord,2014,731,33.0,13,no,4.21,767.22,5,30,1,0,B class
2451,Honda Accord,2015,139,65.0,16,no,4.77,681.22,0,35,3,0,A class
1532,Chevrolet Malibu,2020,401,32.0,7,Arabic,4.57,838.23,2,44,4,1,A class
2747,Nissan Altima,2007,59,62.0,4,Arabic,4.45,659.15,2,20,2,1,B class
640,Ford Fusion,2020,90,62.0,17,no,4.53,630.42,2,21,2,0,A class
2445,Toyota Camry,2015,748,65.0,17,Arabic,4.25,358.88,2,25,4,1,B class
44,Kia Optima,2018,94,28.0,8,Spanish,4.21,608.48,1,19,2,0,B class
8,Nissan Altima,2018,611,47.0,15,Mandarin,3.97,480.64,4,21,4,1,B class
2617,Toyota Camry,2020,383,36.0,10,no,4.77,976.24,2,32,0,0,A class
739,Toyota Camry,2009,498,22.0,2,no,4.13,766.98,4,38,3,1,B class
33,Hyundai Sonata,2015,428,35.0,3,no,4.68,462.34,1,35,1,1,A class
471,Toyota Camry,2018,732,49.0,5,no,4.37,653.54,7,15,3,1,B class
472,Honda Accord,2019,790,56.0,7,no,4.79,1107.49,2,59,0,0,A class
422,Hyundai Sonata,2017,292,26.0,6,no,4.26,913.11,1,31,0,1,A class
1691,Kia Optima,2009,539,53.0,9,no,4.07,714.43,0,22,2,0,B class
2235,Nissan Altima,2016,460,62.0,2,no,3.66,373.86,1,21,3,1,B class
2711,Honda Accord,2009,280,47.0,4,no,3.69,302.86,8,12,3,0,B class
1478,Toyota Camry,2009,867,44.0,8,no,3.84,375.81,4,27,2,1,B class
2197,Honda Accord,2015,641,64.0,1,French,4.73,662.62,0,31,4,0,A class
2698,Nissan Altima,2012,35,36.0,12,French,4.34,696.79,0,26,2,0,B class
2662,Hyundai Sonata,2007,630,32.0,12,no,4.8,769.72,4,40,1,0,A class
2631,Honda Accord,2011,623,67.0,11,no,4.38,820.22,1,44,0,1,B class
1715,Kia Optima,2006,698,30.0,10,Russian,4.3,635.99,2,29,1,0,B class
2844,Ford Fusion,2006,549,33.0,12,Spanish,3.91,356.86,4,20,3,1,B class
465,Kia Optima,2007,856,23.0,3,Spanish,4.46,795.55,2,32,1,0,B class
1334,Chevrolet Malibu,2010,447,28.0,3,no,4.75,961.6,3,26,2,1,A class
2411,Ford Fusion,2010,237,24.0,4,no,4.24,877.18,5,36,1,0,B class
1956,Toyota Camry,2020,243,51.0,16,Mandarin,4.27,682.48,2,24,1,0,B class
668,Kia Optima,2007,260,22.0,2,Spanish,4.34,579.72,5,24,1,1,B class
10,Kia Optima,2010,48,43.0,20,no,4.64,725.67,2,32,0,0,A class
2238,Chevrolet Malibu,2020,28,43.0,14,Mandarin,4.7,927.07,2,31,0,0,A class
1722,Chevrolet Malibu,2022,324,35.0,1,Spanish,4.22,458.7,5,23,1,0,B class
1731,Kia Optima,2009,10,35.0,11,Mandarin,4.69,680.87,3,21,0,2,B class
2645,Nissan Altima,2007,801,31.0,11,Spanish,4.54,783.09,4,19,0,1,A class
1284,Ford Fusion,2009,555,66.0,18,Spanish,4.84,988.48,3,22,0,0,A class
1889,Kia Optima,2019,397,38.0,5,Arabic,4.23,500.34,5,20,2,0,B class
1455,Chevrolet Malibu,2021,624,55.0,6,no,4.84,964.21,2,34,2,0,A class
1524,Honda Accord,2018,535,51.0,1,French,4.62,696.59,3,33,0,0,A class
1697,Honda Accord,2012,307,53.0,2,no,3.47,333.93,5,9,1,1,B class
1294,Kia Optima,2009,419,62.0,13,no,5.0,879.57,2,49,1,0,A class
1423,Ford Fusion,2021,139,42.0,14,no,4.7,452.13,2,41,1,0,A class
1443,Toyota Camry,2005,3,21.0,1,no,3.75,224.38,3,15,2,1,B class
2692,Toyota Camry,2017,137,48.0,13,no,4.88,837.52,4,27,0,1,A class
2469,Ford Fusion,2005,253,35.0,10,no,4.66,552.73,3,27,3,0,B class
1114,Toyota Camry,2019,466,34.0,14,Portuguese,4.15,470.45,5,28,3,1,B class
1652,Toyota Camry,2012,324,49.0,11,no,4.31,609.82,3,36,3,0,B class
433,Toyota Camry,2006,726,57.0,15,no,4.37,376.41,2,11,0,0,B class
787,Nissan Altima,2014,614,39.0,7,Spanish,4.22,723.58,7,17,1,1,B class
1152,Nissan Altima,2006,364,62.0,14,no,4.85,724.54,3,25,0,0,A class
125,Honda Accord,2019,382,25.0,5,Mandarin,4.56,896.0,0,37,1,0,A class
66,Hyundai Sonata,2016,401,60.0,14,Portuguese,4.28,692.27,3,30,1,0,B class
2254,Kia Optima,2012,116,48.0,14,no,4.71,841.17,2,44,0,0,A class
1194,Chevrolet Malibu,2008,239,25.0,3,no,4.12,526.76,4,21,2,0,B class
1821,Honda Accord,2012,34,65.0,20,no,4.32,825.02,3,31,2,0,A class
1822,Nissan Altima,2007,613,62.0,14,no,4.22,556.64,4,27,2,2,B class
2346,Ford Fusion,2010,676,32.0,12,no,4.65,726.5,2,38,2,0,A class
2544,Toyota Camry,2007,889,37.0,5,Arabic,3.86,493.85,3,28,2,1,B class
781,Kia Optima,2013,811,39.0,5,Arabic,4.1,443.39,7,23,1,3,B class
2031,Nissan Altima,2011,825,66.0,11,Arabic,3.81,130.22,4,8,4,1,B class
130,Hyundai Sonata,2007,141,53.0,1,Russian,4.27,668.45,3,24,1,1,B class
1180,Nissan Altima,2012,491,,16,no,4.44,559.34,6,13,4,0,B class
2068,Honda Accord,2012,77,57.0,19,Spanish,3.97,258.82,5,25,5,3,B class
1445,Nissan Altima,2007,470,56.0,1,French,3.95,593.89,4,17,2,1,B class
1359,Hyundai Sonata,2021,739,40.0,0,no,4.81,1030.26,0,26,2,0,A class
2937,Chevrolet Malibu,2009,321,45.0,12,French,4.42,737.72,3,34,2,0,A class
2677,Hyundai Sonata,2014,695,,5,no,3.9,417.24,4,13,3,0,B class
1865,Ford Fusion,2019,887,44.0,3,Spanish,4.25,545.37,2,22,0,0,B class
2906,Kia Optima,2022,558,23.0,3,Spanish,4.36,551.34,3,30,0,1,B class
1924,Toyota Camry,2019,297,23.0,3,no,3.72,112.8,4,8,2,0,B class
1574,Nissan Altima,2019,543,59.0,9,no,4.23,430.06,5,29,2,0,B class
1079,Toyota Camry,2016,630,45.0,16,French,4.72,831.66,1,44,2,1,A class
2330,Kia Optima,2019,360,54.0,0,no,4.21,404.86,1,26,1,0,B class
238,Chevrolet Malibu,2009,793,38.0,11,Spanish,4.38,574.47,5,17,1,3,B class
962,Chevrolet Malibu,2019,69,40.0,16,no,4.33,663.04,4,25,1,1,B class
1223,Toyota Camry,2007,856,51.0,11,no,4.17,523.7,7,38,1,1,B class
1882,Hyundai Sonata,2011,719,23.0,3,no,4.3,764.92,2,31,1,0,B class
1527,Ford Fusion,2019,466,49.0,9,French,4.93,955.98,1,46,3,0,A class
1970,Toyota Camry,2022,757,45.0,7,no,4.26,741.81,4,17,1,1,B class
1707,Toyota Camry,2006,880,26.0,6,no,4.43,1076.24,1,24,0,1,A class
763,Nissan Altima,2010,798,,16,no,4.08,428.22,4,29,2,1,B class
370,Chevrolet Malibu,2011,611,47.0,2,French,4.06,460.22,4,26,1,1,B class
523,Ford Fusion,2022,891,60.0,3,no,4.78,929.8,1,26,1,0,A class
2067,Honda Accord,2021,105,56.0,0,no,4.43,729.48,1,24,0,1,B class
76,Nissan Altima,2017,421,40.0,8,Arabic,4.54,468.47,4,14,2,0,B class
2885,Hyundai Sonata,2014,15,57.0,0,no,4.42,280.21,4,23,3,1,B class
55,Chevrolet Malibu,2017,107,62.0,18,Spanish,3.9,451.96,5,24,2,2,B class
267,Hyundai Sonata,2016,24,26.0,6,Russian,4.37,677.97,3,24,1,0,A class
1626,Kia Optima,2014,784,44.0,11,no,4.65,893.36,3,29,0,1,A class
1779,Toyota Camry,2006,551,21.0,1,no,4.4,1029.61,2,30,0,1,A class
2183,Toyota Camry,2021,285,42.0,16,French,4.49,568.66,3,30,0,0,B class
2881,Honda Accord,2014,778,22.0,2,no,4.75,839.56,0,35,2,1,A class
2085,Ford Fusion,2011,716,38.0,0,no,4.84,927.88,0,38,0,0,A class
921,Toyota Camry,2014,164,47.0,24,no,3.96,525.58,3,22,1,1,B class
383,Kia Optima,2018,659,65.0,5,Russian,4.38,595.0,2,39,3,1,B class
2972,Kia Optima,2019,31,66.0,6,no,4.2,341.18,6,14,2,1,B class
2879,Kia Optima,2019,524,65.0,18,Portuguese,4.12,435.83,4,25,1,1,B class
2484,Chevrolet Malibu,2008,644,29.0,3,no,4.64,850.66,2,55,1,0,A class
2782,Nissan Altima,2015,129,43.0,13,no,4.33,644.77,1,11,1,0,B class
2282,Hyundai Sonata,2019,179,30.0,10,Mandarin,4.93,748.31,1,28,2,0,A class
1700,Honda Accord,2007,121,,11,no,4.52,839.11,5,33,1,2,A class
836,Kia Optima,2014,458,47.0,7,Arabic,4.91,732.0,1,30,1,0,A class
1725,Toyota Camry,2019,872,33.0,2,no,4.36,417.02,1,14,1,0,A class
2880,Kia Optima,2010,493,65.0,19,no,4.64,627.82,2,40,1,2,A class
464,Toyota Camry,2015,125,37.0,17,no,4.43,720.8,4,14,0,0,B class
740,Nissan Altima,2019,259,26.0,6,Spanish,4.68,1039.79,1,48,1,1,A class
2725,Ford Fusion,2009,108,31.0,11,Spanish,4.03,254.67,4,16,2,1,B class
2687,Nissan Altima,2005,387,36.0,13,no,3.74,264.67,3,12,4,1,B class
802,Ford Fusion,2019,298,56.0,9,no,3.82,153.05,8,14,1,0,B class
276,Chevrolet Malibu,2009,3,,1,no,4.02,572.07,2,23,2,2,B class
1123,Honda Accord,2016,457,27.0,7,no,3.55,291.09,5,11,4,1,B class
1299,Nissan Altima,2009,96,47.0,21,no,4.56,828.04,2,25,0,0,A class
2271,Kia Optima,2021,857,54.0,3,Spanish,4.5,657.68,3,30,1,0,B class
2508,Honda Accord,2020,192,31.0,11,no,4.68,922.0,4,47,2,1,A class
2493,Honda Accord,2005,366,24.0,4,Arabic,4.66,711.17,3,23,0,0,A class
1348,Honda Accord,2021,805,33.0,6,Russian,4.7,671.59,2,16,1,0,A class
1096,Honda Accord,2018,461,30.0,9,no,4.83,684.93,3,26,1,1,A class
1616,Nissan Altima,2018,378,,3,no,4.6,908.62,1,40,2,1,A class
613,Hyundai Sonata,2010,896,24.0,4,no,4.33,756.05,5,28,3,1,B class
2104,Kia Optima,2009,568,55.0,9,French,3.88,341.99,1,19,3,0,B class
1041,Hyundai Sonata,2008,146,67.0,3,Russian,3.95,165.56,4,14,3,2,B class
849,Hyundai Sonata,2012,876,41.0,21,Mandarin,4.41,819.64,5,27,0,1,A class
2414,Toyota Camry,2012,817,63.0,21,Arabic,4.56,602.57,6,37,2,2,A class
1154,Toyota Camry,2005,302,59.0,2,no,4.37,351.44,6,27,1,0,B class
2014,Hyundai Sonata,2012,299,40.0,7,French,4.5,745.28,3,24,2,0,A class
596,Toyota Camry,2010,566,33.0,13,Spanish,4.27,765.53,0,35,1,0,A class
2822,Ford Fusion,2005,289,61.0,12,Mandarin,4.35,830.57,2,38,5,0,B class
1429,Hyundai Sonata,2015,129,30.0,10,no,4.72,953.76,3,33,1,0,A class
1551,Nissan Altima,2013,453,46.0,10,Spanish,4.49,670.35,7,25,0,1,B class
1817,Kia Optima,2014,542,22.0,2,no,3.93,414.56,5,15,0,0,B class
1181,Kia Optima,2018,844,31.0,1,no,4.38,505.99,3,23,1,0,B class
986,Nissan Altima,2014,870,66.0,16,no,4.65,908.98,4,37,1,2,A class
1999,Nissan Altima,2007,159,58.0,5,Russian,4.64,979.43,1,38,0,0,A class
1681,Honda Accord,2016,162,26.0,5,Portuguese,4.22,506.9,4,13,1,2,B class
1521,Toyota Camry,2021,826,55.0,12,no,4.43,317.01,2,18,0,0,B class
368,Nissan Altima,2013,251,51.0,8,Mandarin,4.65,370.5,3,26,3,0,B class
1998,Ford Fusion,2020,75,60.0,24,Arabic,4.11,697.46,3,18,0,0,B class
2557,Hyundai Sonata,2019,813,63.0,4,no,3.97,199.2,4,13,0,0,B class
2622,Hyundai Sonata,2022,607,36.0,4,no,4.72,697.57,2,43,0,0,A class
2306,Kia Optima,2009,460,54.0,13,Portuguese,3.89,232.32,5,13,2,0,B class
1326,Hyundai Sonata,2019,478,43.0,14,Spanish,4.33,761.35,3,36,1,0,B class
96,Toyota Camry,2014,138,61.0,23,no,5.0,1148.48,0,64,0,0,A class
98,Nissan Altima,2013,372,58.0,15,Spanish,4.73,824.24,1,31,0,1,A class
1679,Hyundai Sonata,2009,651,34.0,14,no,4.51,786.49,5,35,0,0,A class
2220,Toyota Camry,2005,383,50.0,3,no,4.53,717.69,2,37,1,1,A class
1376,Honda Accord,2018,351,46.0,0,no,4.74,860.26,6,34,1,0,A class
382,Kia Optima,2013,176,44.0,14,no,4.11,436.95,5,29,0,0,B class
2884,Ford Fusion,2012,868,40.0,5,Russian,4.61,895.43,3,9,0,0,A class
417,Ford Fusion,2005,461,56.0,1,French,4.69,836.97,1,40,2,1,A class
1724,Chevrolet Malibu,2008,314,46.0,6,no,4.07,335.83,1,30,2,0,B class
29,Ford Fusion,2014,605,47.0,23,French,4.42,628.98,2,27,3,1,B class
2335,Honda Accord,2018,33,29.0,9,no,5.0,677.58,2,39,0,1,A class
448,Hyundai Sonata,2015,582,67.0,22,no,4.71,883.58,3,49,2,0,A class
653,Nissan Altima,2008,645,64.0,7,Portuguese,4.21,465.84,4,35,2,1,B class
2673,Honda Accord,2020,190,48.0,21,no,4.54,549.75,2,30,0,0,A class
2368,Hyundai Sonata,2007,279,48.0,19,no,4.38,690.39,5,19,1,0,B class
2253,Toyota Camry,2014,529,61.0,16,Russian,4.44,589.28,4,19,1,0,B class
821,Honda Accord,2013,562,22.0,2,Mandarin,4.67,746.01,2,26,0,0,A class
2520,Nissan Altima,2010,892,49.0,17,no,4.59,980.01,3,27,0,0,A class
1833,Toyota Camry,2005,737,25.0,5,no,4.97,814.53,4,23,0,0,A class
2383,Toyota Camry,2006,315,22.0,2,Russian,4.75,800.25,1,33,1,0,A class
2523,Toyota Camry,2006,835,55.0,3,no,4.49,502.94,1,28,1,1,A class
722,Nissan Altima,2015,731,66.0,12,French,4.81,754.06,2,35,3,0,A class
1522,Chevrolet Malibu,2015,338,51.0,17,no,3.92,571.83,4,22,2,1,B class
2873,Ford Fusion,2013,785,65.0,18,no,4.72,881.47,2,39,4,0,A class
1858,Toyota Camry,2018,584,40.0,11,no,3.97,509.96,3,16,0,0,B class
2618,Nissan Altima,2010,86,61.0,14,Arabic,5.0,1013.78,1,17,0,0,A class
2426,Kia Optima,2013,513,24.0,4,no,3.76,304.89,5,25,2,1,B class
780,Ford Fusion,2012,428,58.0,23,no,5.0,1098.96,2,62,1,1,A class
1024,Ford Fusion,2020,2,27.0,3,Spanish,5.0,1426.61,1,54,0,0,A class
5,Honda Accord,2020,651,58.0,16,no,4.2,609.44,1,26,0,0,A class
1513,Honda Accord,2006,601,55.0,3,no,4.1,548.24,3,27,4,1,B class
2703,Ford Fusion,2008,140,57.0,11,Spanish,4.5,566.3,2,44,2,0,B class
2910,Hyundai Sonata,2020,861,36.0,7,Spanish,4.45,546.29,2,34,1,0,A class
517,Nissan Altima,2008,370,34.0,11,Mandarin,4.49,621.05,3,25,1,1,B class
1694,Nissan Altima,2013,198,25.0,5,Spanish,4.72,912.04,1,30,0,0,A class
2459,Nissan Altima,2010,686,64.0,12,no,4.55,807.09,2,17,0,1,A class
2709,Honda Accord,2006,895,31.0,5,no,4.77,1015.94,0,37,0,0,A class
351,Nissan Altima,2008,667,36.0,16,Portuguese,4.39,777.72,3,37,1,0,B class
2536,Honda Accord,2016,843,62.0,20,Mandarin,5.0,1148.25,1,37,0,0,A class
2845,Nissan Altima,2014,768,65.0,3,no,4.85,845.25,2,49,3,0,A class
661,Honda Accord,2022,670,59.0,0,French,4.17,518.34,9,20,2,1,B class
2721,Hyundai Sonata,2010,47,57.0,0,Mandarin,4.43,551.9,3,27,1,0,B class
900,Hyundai Sonata,2005,583,35.0,2,no,4.59,1088.74,1,54,1,0,A class
2541,Ford Fusion,2005,730,59.0,1,no,4.13,526.08,0,42,5,1,B class
159,Hyundai Sonata,2018,279,52.0,23,Spanish,5.0,1206.08,0,46,0,0,A class
384,Chevrolet Malibu,2021,198,22.0,2,no,4.46,823.78,5,47,2,2,A class
2100,Toyota Camry,2022,698,,2,Spanish,4.98,1030.07,1,45,2,1,A class
141,Hyundai Sonata,2013,265,60.0,18,no,4.69,799.95,3,18,0,0,A class
466,Chevrolet Malibu,2007,867,51.0,21,no,4.08,562.49,1,15,0,0,B class
2651,Chevrolet Malibu,2012,774,35.0,4,no,4.95,970.49,3,47,2,0,A class
300,Kia Optima,2017,460,39.0,5,Spanish,4.22,628.12,2,31,2,2,B class
398,Ford Fusion,2018,115,58.0,7,no,4.44,727.8,3,24,0,1,A class
2914,Honda Accord,2012,93,33.0,3,Spanish,4.27,727.99,0,21,2,0,B class
1782,Kia Optima,2015,502,67.0,3,no,4.18,518.87,1,11,1,0,B class
1650,Hyundai Sonata,2019,337,48.0,0,no,4.11,477.44,4,15,4,0,B class
1034,Chevrolet Malibu,2011,358,37.0,13,no,5.0,1076.94,1,43,1,0,A class
2388,Hyundai Sonata,2012,757,66.0,8,no,3.95,315.26,2,22,1,1,B class
1086,Nissan Altima,2022,321,36.0,8,no,4.27,506.39,1,41,4,1,B class
1049,Hyundai Sonata,2018,483,37.0,4,Russian,4.69,1066.28,0,37,0,0,A class
1919,Nissan Altima,2006,213,55.0,13,Russian,4.63,557.91,5,39,2,3,B class
847,Honda Accord,2019,375,28.0,8,no,3.98,379.52,3,25,3,0,B class
252,Honda Accord,2020,582,28.0,8,no,4.6,575.85,5,37,2,0,A class
1569,Ford Fusion,2007,455,33.0,13,no,4.58,700.04,3,25,0,1,A class
2060,Kia Optima,2009,41,33.0,0,no,4.17,623.06,3,33,1,1,B class
807,Honda Accord,2005,533,26.0,6,no,4.23,363.17,2,30,4,1,B class
2367,Ford Fusion,2014,142,60.0,23,no,4.11,334.27,4,16,3,0,B class
716,Toyota Camry,2009,734,25.0,5,Portuguese,4.22,447.34,2,19,0,1,B class
1934,Chevrolet Malibu,2007,43,31.0,8,no,4.22,595.32,2,27,1,0,B class
1087,Chevrolet Malibu,2014,579,61.0,2,no,4.55,592.83,2,31,2,1,A class
988,Chevrolet Malibu,2011,151,,19,no,4.56,750.69,2,33,0,1,A class
1727,Ford Fusion,2020,393,34.0,11,no,4.49,781.85,4,28,1,0,A class
196,Kia Optima,2011,421,49.0,9,no,4.07,703.65,3,25,1,1,B class
1210,Chevrolet Malibu,2012,112,29.0,9,Spanish,4.31,626.03,3,32,1,0,B class
1045,Toyota Camry,2008,582,,3,Arabic,4.55,680.07,0,42,0,0,A class
280,Kia Optima,2008,521,47.0,21,no,4.21,873.5,4,24,0,0,B class
97,Toyota Camry,2019,220,,7,no,4.08,515.2,4,11,1,2,B class
442,Hyundai Sonata,2020,52,59.0,20,no,4.34,659.5,5,27,2,0,B class
1577,Kia Optima,2020,467,59.0,21,Arabic,5.0,970.18,0,66,0,0,A class
1043,Nissan Altima,2016,551,,14,Spanish,4.51,722.99,1,40,1,1,A class
2334,Hyundai Sonata,2020,430,60.0,12,Spanish,4.48,767.26,5,23,0,0,A class
1430,Nissan Altima,2016,857,57.0,4,Spanish,3.54,0.0,4,5,2,1,B class
331,Toyota Camry,2011,558,37.0,17,no,4.95,1197.67,1,46,0,0,A class
1383,Ford Fusion,2021,236,23.0,3,no,4.75,640.37,2,16,0,0,A class
862,Ford Fusion,2022,147,63.0,15,Spanish,5.0,1067.91,1,39,2,2,A class
746,Nissan Altima,2014,395,27.0,7,no,3.89,399.87,5,13,2,0,B class
2655,Chevrolet Malibu,2010,33,25.0,3,Spanish,4.21,723.19,3,23,1,0,B class
1885,Nissan Altima,2016,398,46.0,8,Spanish,4.01,548.91,3,16,1,0,B class
2868,Honda Accord,2022,333,39.0,14,Spanish,4.04,280.81,1,9,0,0,B class
2374,Chevrolet Malibu,2019,508,23.0,2,no,4.13,372.8,10,26,0,0,B class
1615,Toyota Camry,2011,602,33.0,13,Spanish,4.4,498.07,2,40,5,0,B class
2384,Chevrolet Malibu,2018,707,51.0,24,no,4.41,937.42,4,51,1,1,A class
595,Toyota Camry,2011,319,47.0,14,Russian,4.59,606.9,1,17,0,0,B class
1226,Chevrolet Malibu,2021,438,24.0,4,Mandarin,4.14,675.2,3,18,0,0,B class
1497,Ford Fusion,2012,396,51.0,13,no,4.7,889.79,2,29,0,0,A class
2965,Hyundai Sonata,2020,550,46.0,23,no,3.81,453.49,6,31,3,1,B class
550,Ford Fusion,2005,389,63.0,13,French,4.22,689.35,9,36,3,1,B class
557,Chevrolet Malibu,2017,159,41.0,8,no,4.49,339.12,4,25,1,1,B class
2515,Toyota Camry,2019,101,24.0,4,Mandarin,4.99,993.45,4,27,0,2,A class
542,Honda Accord,2007,64,43.0,1,Mandarin,4.76,879.19,1,36,1,2,A class
1698,Kia Optima,2007,371,23.0,3,no,4.45,660.2,5,12,2,1,B class
265,Toyota Camry,2021,246,48.0,2,no,4.2,656.54,3,20,2,0,B class
1516,Toyota Camry,2013,658,54.0,1,Mandarin,4.55,820.84,4,28,2,0,A class
1812,Chevrolet Malibu,2015,724,,16,no,4.73,827.29,1,48,1,4,A class
1367,Nissan Altima,2017,383,41.0,11,no,4.46,985.98,1,22,0,0,A class
1065,Ford Fusion,2019,304,63.0,14,no,3.98,614.17,3,17,2,0,B class
301,Toyota Camry,2022,59,64.0,7,Portuguese,4.37,662.02,2,14,0,0,A class
2164,Honda Accord,2019,38,55.0,11,no,4.59,777.48,4,26,1,0,B class
554,Toyota Camry,2014,530,29.0,9,no,4.04,384.92,4,10,1,0,B class
468,Nissan Altima,2014,173,34.0,8,no,3.82,183.37,6,19,3,4,B class
345,Hyundai Sonata,2005,796,29.0,9,Spanish,4.24,607.53,1,17,2,0,B class
2162,Ford Fusion,2014,654,,1,Mandarin,4.01,468.24,2,28,4,1,B class
1845,Honda Accord,2005,498,27.0,7,Spanish,4.36,555.59,4,30,1,0,B class
2443,Hyundai Sonata,2007,565,38.0,18,Spanish,4.17,713.95,1,40,0,0,B class
2132,Toyota Camry,2014,802,61.0,6,Spanish,4.69,808.5,1,41,0,0,A class
1321,Ford Fusion,2015,244,55.0,0,no,3.88,427.8,6,16,2,0,B class
1778,Chevrolet Malibu,2011,186,37.0,16,Spanish,3.91,673.54,7,13,1,0,B class
2581,Ford Fusion,2011,646,,7,no,4.27,662.96,4,40,1,0,B class
1288,Ford Fusion,2017,39,34.0,4,Portuguese,3.93,299.49,5,9,2,2,B class
2558,Kia Optima,2021,453,54.0,3,no,4.5,457.08,3,19,2,1,B class
440,Honda Accord,2019,31,43.0,23,no,4.41,597.15,4,12,4,0,B class
22,Chevrolet Malibu,2007,103,34.0,12,Mandarin,4.58,744.14,2,22,0,1,B class
1293,Toyota Camry,2014,79,24.0,4,no,5.0,947.3,1,44,0,1,A class
1813,Hyundai Sonata,2012,173,50.0,0,Russian,3.84,303.02,4,19,3,1,B class
1253,Ford Fusion,2009,380,47.0,9,Spanish,5.0,975.9,4,62,3,1,A class
2734,Hyundai Sonata,2009,125,56.0,2,Spanish,4.78,658.24,2,35,1,1,A class
1458,Kia Optima,2006,39,48.0,10,Mandarin,4.69,831.02,2,20,1,1,A class
1322,Nissan Altima,2007,315,,14,French,4.72,709.26,1,58,0,0,A class
1398,Honda Accord,2008,415,23.0,0,no,4.53,717.77,0,23,2,0,A class
488,Hyundai Sonata,2009,601,35.0,15,Arabic,4.25,625.44,3,19,1,1,B class
230,Ford Fusion,2013,77,28.0,8,no,4.78,790.6,1,37,0,1,A class
1309,Hyundai Sonata,2010,198,52.0,14,no,4.27,325.52,3,16,2,1,B class
1295,Hyundai Sonata,2006,230,41.0,13,Spanish,4.26,453.07,5,16,0,0,B class
287,Hyundai Sonata,2012,148,55.0,16,no,4.29,552.52,2,30,3,1,B class
1418,Kia Optima,2019,306,55.0,6,Spanish,4.6,794.29,4,56,2,1,A class
1241,Hyundai Sonata,2018,844,58.0,5,no,4.95,1058.4,0,77,1,0,A class
811,Chevrolet Malibu,2022,562,39.0,0,Arabic,4.95,1005.14,6,37,1,1,A class
2726,Ford Fusion,2013,176,66.0,17,Spanish,4.46,669.89,2,30,4,0,A class
432,Honda Accord,2010,495,37.0,12,Portuguese,3.76,574.03,3,11,1,1,B class
1704,Honda Accord,2017,863,44.0,22,no,4.47,705.02,4,21,2,0,B class
2148,Kia Optima,2007,181,37.0,9,Spanish,4.7,664.43,2,30,3,0,A class
2936,Chevrolet Malibu,2020,682,47.0,4,Mandarin,4.82,701.82,2,42,0,0,A class
621,Nissan Altima,2020,853,28.0,8,Spanish,4.42,408.05,6,20,1,0,B class
1446,Honda Accord,2006,71,48.0,20,no,4.81,1035.1,1,55,1,1,A class
937,Honda Accord,2014,330,60.0,10,no,4.86,1038.07,0,43,1,0,A class
2771,Ford Fusion,2011,505,22.0,2,Arabic,4.3,387.16,5,26,3,3,B class
1809,Honda Accord,2020,722,36.0,16,no,4.08,654.97,5,17,3,0,B class
2719,Honda Accord,2011,824,40.0,0,no,3.87,280.85,6,8,1,2,B class
131,Ford Fusion,2013,744,29.0,9,no,4.51,925.87,0,30,3,0,B class
1491,Nissan Altima,2021,808,64.0,21,no,4.88,1043.63,4,51,0,0,A class
956,Kia Optima,2018,514,47.0,24,Mandarin,4.76,953.53,1,25,0,0,A class
914,Kia Optima,2022,495,54.0,24,no,4.91,1048.77,4,50,0,0,A class
860,Nissan Altima,2012,412,58.0,2,no,4.59,635.56,6,37,2,0,A class
1419,Toyota Camry,2022,718,62.0,4,Spanish,4.4,789.61,2,28,1,2,B class
2535,Chevrolet Malibu,2008,703,34.0,14,Mandarin,4.29,531.03,6,28,1,2,B class
128,Honda Accord,2022,704,42.0,9,Spanish,3.96,377.07,3,14,2,0,B class
285,Kia Optima,2012,406,51.0,0,no,4.09,609.56,4,22,3,0,B class
2375,Ford Fusion,2006,646,67.0,2,no,4.5,693.87,1,35,2,0,A class
979,Chevrolet Malibu,2011,279,60.0,9,French,4.78,655.04,1,22,0,0,A class
624,Kia Optima,2009,107,55.0,3,Mandarin,4.34,836.24,2,31,0,1,B class
689,Honda Accord,2019,166,67.0,18,no,5.0,1324.23,1,43,1,0,A class
1772,Chevrolet Malibu,2009,608,51.0,5,no,4.85,915.25,2,40,1,1,A class
1963,Kia Optima,2008,553,,23,no,4.8,974.56,2,44,1,0,A class
996,Kia Optima,2018,496,53.0,19,no,4.55,432.8,2,29,2,0,A class
1696,Kia Optima,2010,425,39.0,9,Spanish,5.0,1034.42,2,34,0,0,A class
1959,Kia Optima,2020,348,43.0,9,Spanish,4.4,540.67,3,14,2,1,B class
611,Hyundai Sonata,2017,3,64.0,8,Spanish,4.6,822.97,1,22,1,0,A class
459,Hyundai Sonata,2022,572,24.0,4,no,4.55,928.18,1,32,1,0,A class
2224,Honda Accord,2013,192,32.0,2,no,4.1,374.29,4,22,1,4,B class
463,Ford Fusion,2011,155,,16,no,4.29,494.93,4,32,5,1,B class
793,Toyota Camry,2012,24,,2,no,4.5,661.31,6,25,1,0,A class
505,Honda Accord,2022,200,62.0,9,no,4.35,474.72,5,14,1,0,B class
309,Honda Accord,2011,78,62.0,10,no,4.58,626.58,6,26,1,0,A class
1517,Kia Optima,2008,592,,6,no,4.84,926.0,4,38,1,2,A class
364,Toyota Camry,2012,103,45.0,2,Russian,4.82,658.16,2,24,1,0,A class
580,Nissan Altima,2020,713,47.0,7,no,3.83,280.78,2,8,0,2,B class
106,Toyota Camry,2013,296,49.0,13,no,4.91,979.67,3,32,0,0,A class
2285,Honda Accord,2009,899,41.0,21,no,4.25,350.34,3,14,2,0,B class
1133,Nissan Altima,2005,15,45.0,11,Mandarin,5.0,1326.34,1,50,0,0,A class
508,Honda Accord,2012,767,24.0,4,no,4.5,821.02,3,27,2,0,A class
1012,Hyundai Sonata,2012,791,45.0,12,no,4.16,575.38,4,24,2,0,B class
1470,Ford Fusion,2008,870,25.0,5,no,4.49,592.09,2,22,1,0,B class
947,Honda Accord,2022,218,42.0,0,no,4.18,351.38,1,22,1,0,B class
1190,Kia Optima,2005,727,55.0,5,Russian,3.64,347.07,3,15,2,0,B class
1214,Kia Optima,2011,214,33.0,13,no,5.0,1095.91,1,22,0,0,A class
1349,Chevrolet Malibu,2006,227,36.0,8,no,4.34,593.92,3,31,1,0,B class
1662,Nissan Altima,2017,84,45.0,21,Mandarin,5.0,1290.26,1,65,0,0,A class
1388,Kia Optima,2010,800,41.0,4,Arabic,4.56,865.62,7,15,0,2,B class
1369,Honda Accord,2017,64,63.0,12,no,5.0,893.35,2,61,1,0,A class
2729,Nissan Altima,2021,206,44.0,12,Portuguese,5.0,1036.62,2,64,0,0,A class
189,Nissan Altima,2021,53,44.0,19,no,4.88,925.64,1,47,1,0,A class
2814,Hyundai Sonata,2018,726,24.0,2,no,3.79,301.55,2,10,1,0,B class
2121,Hyundai Sonata,2015,854,53.0,4,Spanish,5.0,723.68,1,25,0,0,A class
1767,Kia Optima,2012,710,27.0,7,Russian,4.93,867.39,3,50,1,1,A class
2882,Chevrolet Malibu,2015,31,,17,no,3.7,64.05,7,19,8,0,B class
2839,Honda Accord,2014,463,31.0,11,no,4.3,446.49,5,29,3,1,B class
1292,Toyota Camry,2012,124,30.0,1,no,4.03,795.6,6,50,2,1,B class
2787,Honda Accord,2009,454,45.0,11,no,4.87,858.72,1,60,1,0,A class
2788,Hyundai Sonata,2010,385,66.0,2,no,4.67,1007.22,6,47,1,0,A class
1476,Ford Fusion,2021,846,34.0,0,no,3.98,433.26,6,28,2,1,B class
2994,Toyota Camry,2007,270,56.0,0,no,4.4,555.2,3,20,0,1,B class
1800,Toyota Camry,2007,467,47.0,0,no,4.61,737.36,1,52,5,1,A class
863,Chevrolet Malibu,2013,95,48.0,18,no,4.14,387.92,4,34,0,0,B class
1174,Hyundai Sonata,2018,186,64.0,24,Spanish,4.69,895.44,4,43,4,1,A class
1417,Nissan Altima,2005,424,31.0,5,no,3.9,670.1,6,15,2,1,B class
2528,Chevrolet Malibu,2020,19,34.0,6,Spanish,4.67,542.35,2,38,1,0,A class
1116,Chevrolet Malibu,2010,636,54.0,4,no,4.13,536.43,6,28,2,1,B class
354,Ford Fusion,2006,56,63.0,22,no,4.49,865.21,6,23,1,1,B class
1035,Kia Optima,2005,486,62.0,12,Spanish,4.86,659.82,3,47,1,0,A class
2082,Chevrolet Malibu,2018,628,39.0,19,Spanish,4.45,1125.6,1,42,1,1,A class
732,Kia Optima,2022,292,67.0,15,no,4.47,516.95,7,17,1,0,A class
703,Honda Accord,2007,542,29.0,9,Spanish,4.25,193.81,9,35,5,5,B class
2007,Nissan Altima,2006,60,52.0,9,Mandarin,4.59,867.31,1,31,1,1,A class
2869,Toyota Camry,2006,288,36.0,16,no,4.61,721.85,0,27,1,0,A class
2769,Kia Optima,2014,351,33.0,0,Mandarin,4.41,677.75,2,32,2,2,B class
161,Chevrolet Malibu,2015,157,58.0,14,Spanish,4.93,796.0,3,29,0,0,A class
2509,Nissan Altima,2017,27,25.0,5,no,4.46,586.35,2,16,0,0,B class
1228,Hyundai Sonata,2012,364,63.0,3,Spanish,4.69,793.37,3,41,0,0,A class
1770,Chevrolet Malibu,2008,743,66.0,8,Mandarin,4.48,774.1,3,23,0,1,B class
1810,Hyundai Sonata,2015,486,41.0,10,Mandarin,4.0,483.7,4,13,2,1,B class
1138,Kia Optima,2015,125,49.0,20,no,4.44,830.54,3,35,1,0,A class
1199,Honda Accord,2018,814,27.0,7,Arabic,5.0,1005.48,0,45,1,0,A class
2496,Kia Optima,2016,472,24.0,4,no,5.0,1334.47,0,41,0,0,A class
163,Kia Optima,2008,385,22.0,2,no,4.4,715.68,2,24,0,2,B class
2402,Hyundai Sonata,2005,273,37.0,12,Spanish,3.63,93.34,8,13,5,4,B class
2025,Nissan Altima,2009,535,52.0,7,Spanish,4.1,324.02,3,24,2,2,B class
186,Chevrolet Malibu,2005,248,,18,no,4.37,526.52,5,36,2,1,B class
460,Toyota Camry,2017,250,56.0,2,no,4.58,573.32,3,27,2,0,A class
1339,Honda Accord,2011,534,26.0,6,Mandarin,4.91,829.65,1,64,3,1,A class
2521,Kia Optima,2013,356,27.0,7,Spanish,4.46,409.83,1,15,1,0,B class
1008,Nissan Altima,2005,341,28.0,0,no,4.32,682.64,3,39,3,1,A class
2991,Hyundai Sonata,2008,231,60.0,13,no,4.78,948.88,6,19,0,0,A class
2073,Ford Fusion,2020,419,47.0,22,no,5.0,1173.8,1,56,1,0,A class
2596,Kia Optima,2016,191,64.0,24,no,5.0,966.99,2,28,0,1,A class
1802,Ford Fusion,2008,591,38.0,2,Portuguese,4.65,641.34,4,24,0,0,B class
369,Kia Optima,2016,393,52.0,7,no,4.48,516.39,5,32,3,0,B class
1169,Honda Accord,2009,473,53.0,15,Mandarin,4.52,706.07,2,34,2,0,A class
1258,Chevrolet Malibu,2013,830,50.0,24,no,4.63,628.92,2,24,3,1,B class
494,Honda Accord,2022,170,54.0,0,no,4.97,970.94,1,35,1,0,A class
232,Honda Accord,2017,83,40.0,17,Spanish,4.76,933.39,4,46,0,0,A class
2097,Kia Optima,2015,238,50.0,19,no,4.92,1064.84,0,32,0,0,A class
334,Honda Accord,2007,795,38.0,18,no,4.44,738.13,4,47,3,2,A class
2302,Hyundai Sonata,2013,682,36.0,16,no,5.0,870.79,3,57,1,2,A class
789,Honda Accord,2008,30,34.0,0,French,5.0,820.52,0,37,2,0,A class
2139,Toyota Camry,2008,148,64.0,8,Spanish,5.0,1196.2,2,60,1,0,A class
2955,Honda Accord,2019,286,30.0,10,no,5.0,1230.47,0,57,0,0,A class
2290,Ford Fusion,2018,351,29.0,9,no,4.47,589.43,1,17,1,0,A class
381,Ford Fusion,2021,323,,13,Portuguese,4.28,1141.35,2,55,2,0,A class
2908,Hyundai Sonata,2012,506,57.0,15,French,4.44,536.95,3,43,0,0,A class
2196,Kia Optima,2008,581,44.0,11,Spanish,5.0,1262.37,1,39,0,0,A class
1386,Chevrolet Malibu,2010,659,65.0,17,Russian,4.58,885.96,6,33,1,0,A class
1632,Chevrolet Malibu,2014,476,44.0,21,no,5.0,1419.92,1,39,0,0,A class
2096,Chevrolet Malibu,2007,117,36.0,14,no,4.17,361.08,4,13,2,1,B class
2179,Honda Accord,2010,725,,15,French,4.03,400.11,2,31,5,2,B class
1804,Ford Fusion,2010,103,27.0,6,no,4.53,889.37,1,23,2,0,A class
1796,Ford Fusion,2005,542,28.0,2,Spanish,4.38,694.61,5,23,1,1,B class
2785,Kia Optima,2021,671,58.0,3,no,3.94,69.78,4,21,2,1,B class
1375,Chevrolet Malibu,2009,350,62.0,7,no,4.04,765.45,1,28,2,2,B class
1540,Ford Fusion,2016,536,65.0,11,no,4.42,806.11,6,23,0,1,B class
208,Honda Accord,2014,724,56.0,8,no,4.7,776.63,3,65,1,0,A class
1855,Chevrolet Malibu,2017,169,25.0,5,French,3.74,215.55,2,17,1,2,B class
2909,Toyota Camry,2009,224,35.0,15,no,4.6,778.42,4,34,1,0,A class
1280,Honda Accord,2005,454,55.0,21,no,5.0,1365.81,1,55,1,1,A class
882,Hyundai Sonata,2017,239,67.0,1,no,4.15,551.5,8,10,2,1,B class
144,Chevrolet Malibu,2021,712,58.0,19,no,4.48,868.82,2,51,0,0,A class
250,Honda Accord,2016,845,58.0,24,Arabic,4.37,557.58,1,29,2,1,B class
1806,Toyota Camry,2015,64,67.0,20,no,4.17,711.68,2,22,0,2,B class
2680,Ford Fusion,2013,425,32.0,2,Russian,4.95,1014.33,0,40,2,0,A class
2103,Ford Fusion,2010,427,46.0,8,no,4.04,481.92,2,26,2,0,B class
2832,Toyota Camry,2016,816,30.0,10,no,4.0,531.4,4,23,1,0,B class
2472,Hyundai Sonata,2009,343,51.0,1,French,4.8,930.63,1,21,0,1,A class
1592,Toyota Camry,2019,166,44.0,13,no,4.16,723.97,0,44,2,3,B class
2226,Honda Accord,2020,250,62.0,23,Arabic,4.35,571.15,6,21,0,1,B class
1759,Chevrolet Malibu,2021,357,25.0,5,no,3.74,372.91,5,18,4,3,B class
2370,Toyota Camry,2010,258,53.0,19,Portuguese,4.64,738.23,6,33,0,0,A class
2567,Ford Fusion,2008,520,59.0,23,no,4.54,639.22,3,30,3,1,A class
1628,Chevrolet Malibu,2022,756,52.0,24,Spanish,4.92,1284.47,4,40,3,0,A class
1129,Nissan Altima,2018,734,66.0,19,Mandarin,5.0,1136.81,0,50,1,0,A class
1954,Honda Accord,2012,428,,21,Portuguese,5.0,967.62,1,27,2,0,A class
2210,Honda Accord,2006,275,32.0,1,no,4.61,700.76,4,32,0,1,A class
1410,Hyundai Sonata,2005,564,31.0,0,no,4.36,836.07,7,58,1,2,A class
1986,Nissan Altima,2014,348,66.0,12,no,4.15,747.45,2,33,4,0,B class
766,Kia Optima,2022,136,65.0,11,no,4.18,479.93,1,20,1,0,B class
2037,Kia Optima,2021,203,64.0,7,no,4.43,653.41,1,38,2,0,B class
147,Hyundai Sonata,2006,55,34.0,14,no,4.49,689.08,1,34,0,1,A class
1134,Ford Fusion,2010,117,45.0,10,no,4.29,809.19,1,22,0,0,A class
2003,Chevrolet Malibu,2014,814,55.0,12,no,4.42,708.22,3,32,0,0,A class
2016,Kia Optima,2019,337,40.0,13,no,5.0,1040.69,2,45,0,0,A class
1636,Kia Optima,2014,716,29.0,9,no,4.77,1006.01,4,41,3,0,A class
2849,Chevrolet Malibu,2013,636,38.0,5,no,4.26,646.86,3,35,0,0,A class
1222,Honda Accord,2016,71,67.0,14,Spanish,4.08,315.46,5,25,2,2,B class
1304,Honda Accord,2014,77,51.0,16,no,4.25,905.23,3,19,0,0,A class
1777,Toyota Camry,2015,616,31.0,3,no,4.43,789.16,1,39,0,0,A class
322,Kia Optima,2019,483,,4,no,4.15,635.06,4,7,1,1,B class
112,Ford Fusion,2014,58,49.0,1,no,4.32,427.95,4,19,0,1,B class
589,Kia Optima,2006,275,21.0,1,no,4.29,469.31,5,30,2,0,B class
1433,Toyota Camry,2018,454,37.0,10,no,4.57,634.83,1,33,1,0,A class
2093,Nissan Altima,2021,301,61.0,16,no,4.56,828.12,2,36,1,2,A class
137,Toyota Camry,2012,680,49.0,15,Portuguese,4.68,861.43,0,33,0,0,A class
2693,Chevrolet Malibu,2005,396,,0,Arabic,4.47,691.68,2,22,1,0,B class
654,Hyundai Sonata,2005,189,66.0,13,no,4.52,662.33,2,25,0,0,B class
1869,Chevrolet Malibu,2014,97,65.0,20,no,4.54,846.72,5,49,2,1,A class
1630,Honda Accord,2008,360,22.0,2,no,4.54,879.2,3,34,1,1,A class
1048,Hyundai Sonata,2022,275,29.0,0,Mandarin,4.35,683.04,3,25,2,0,B class
2125,Toyota Camry,2018,596,61.0,23,French,4.46,677.0,6,22,0,0,A class
931,Ford Fusion,2012,19,30.0,7,no,3.66,365.64,4,25,1,2,B class
221,Hyundai Sonata,2016,686,30.0,10,Mandarin,4.41,833.46,3,24,2,1,A class
928,Ford Fusion,2005,67,55.0,11,Arabic,4.56,919.5,1,29,0,0,A class
2069,Chevrolet Malibu,2007,555,42.0,18,Spanish,4.79,1119.16,1,37,4,0,A class
1871,Honda Accord,2020,695,46.0,15,no,4.44,537.6,4,25,1,0,B class
2619,Toyota Camry,2019,394,45.0,16,no,3.5,99.13,4,7,1,1,B class
2142,Ford Fusion,2009,404,63.0,5,no,4.47,796.27,2,41,0,2,A class
534,Ford Fusion,2021,799,66.0,2,no,4.67,968.36,1,20,1,1,A class
1365,Ford Fusion,2019,231,60.0,20,no,4.83,818.7,2,44,0,1,A class
607,Chevrolet Malibu,2015,898,,4,Mandarin,4.65,583.42,2,31,4,0,A class
75,Nissan Altima,2016,383,39.0,8,no,4.58,800.47,4,33,1,0,A class
1479,Nissan Altima,2017,814,28.0,8,Portuguese,4.66,858.72,3,24,0,2,A class
2117,Ford Fusion,2022,392,51.0,19,no,4.41,438.0,4,43,4,1,B class
1323,Nissan Altima,2005,306,21.0,1,Spanish,4.68,871.97,1,16,0,0,A class
1927,Honda Accord,2012,642,66.0,1,no,4.28,758.15,2,32,2,1,A class
114,Chevrolet Malibu,2015,890,38.0,18,no,4.26,722.61,4,28,2,0,B class
987,Nissan Altima,2010,706,67.0,20,French,3.78,282.78,5,11,2,0,B class
1893,Chevrolet Malibu,2015,629,47.0,1,no,4.31,429.17,6,16,1,0,B class
1435,Nissan Altima,2007,271,28.0,4,Spanish,4.6,515.23,4,51,2,0,B class
223,Kia Optima,2012,843,44.0,21,French,4.23,788.74,4,32,2,2,B class
519,Kia Optima,2012,705,66.0,23,no,4.33,652.48,4,35,3,0,B class
1120,Honda Accord,2005,878,42.0,14,Spanish,4.06,516.36,4,22,1,1,B class
36,Hyundai Sonata,2006,608,67.0,6,Mandarin,4.03,520.27,3,18,2,1,B class
831,Chevrolet Malibu,2007,22,60.0,21,no,4.24,612.95,1,50,4,1,B class
1816,Ford Fusion,2007,103,59.0,3,no,4.39,504.49,1,26,1,1,B class
2111,Honda Accord,2010,75,46.0,0,Mandarin,4.71,884.66,2,52,5,1,A class
348,Chevrolet Malibu,2022,14,31.0,11,Mandarin,5.0,1008.13,1,51,1,0,A class
168,Toyota Camry,2015,709,59.0,18,no,4.85,868.25,2,41,1,1,A class
2795,Honda Accord,2016,314,35.0,15,no,3.98,486.08,2,15,1,0,B class
117,Honda Accord,2021,380,56.0,7,Spanish,4.69,677.69,3,25,0,0,A class
531,Chevrolet Malibu,2020,197,67.0,24,Spanish,4.33,729.87,1,42,2,1,A class
2494,Nissan Altima,2016,605,47.0,5,no,4.12,214.2,6,21,1,0,B class
321,Hyundai Sonata,2015,634,57.0,5,no,4.12,271.91,3,22,1,3,B class
1029,Toyota Camry,2022,35,57.0,5,no,4.7,740.44,2,40,0,1,A class
474,Hyundai Sonata,2013,217,,21,no,4.43,700.66,2,35,2,0,A class
2262,Chevrolet Malibu,2008,133,35.0,15,no,5.0,1070.38,0,48,2,0,A class
2191,Hyundai Sonata,2011,187,24.0,4,no,4.07,464.05,7,8,0,1,B class
2857,Chevrolet Malibu,2011,380,28.0,8,Spanish,4.43,985.95,1,27,0,1,A class
2522,Hyundai Sonata,2013,617,32.0,7,no,4.3,472.98,3,16,1,0,B class
2792,Nissan Altima,2014,422,30.0,10,Spanish,4.85,980.05,2,22,1,0,A class
1602,Honda Accord,2022,225,58.0,18,Russian,4.69,707.23,2,33,1,0,A class
228,Honda Accord,2008,455,47.0,0,Arabic,5.0,1243.75,1,66,1,0,A class
1580,Honda Accord,2014,285,,7,no,4.47,785.54,4,29,1,0,A class
1026,Nissan Altima,2008,673,62.0,8,French,4.44,754.52,2,39,1,1,A class
2629,Hyundai Sonata,2016,712,52.0,10,no,4.44,716.8,4,32,4,0,B class
2355,Nissan Altima,2008,535,53.0,0,Spanish,3.65,0.0,6,15,1,0,B class
82,Honda Accord,2022,375,39.0,3,no,3.75,517.82,6,30,2,0,B class
1468,Chevrolet Malibu,2006,777,42.0,21,no,4.18,615.43,5,43,1,0,A class
1687,Nissan Altima,2014,13,54.0,23,no,4.36,591.88,2,31,0,3,B class
669,Nissan Altima,2015,467,22.0,0,Mandarin,4.2,513.69,4,28,0,1,B class
63,Hyundai Sonata,2021,818,50.0,18,Arabic,4.68,704.37,4,30,1,2,A class
850,Chevrolet Malibu,2006,712,27.0,4,no,4.53,733.17,5,21,1,0,B class
2969,Toyota Camry,2022,435,28.0,8,Spanish,4.88,775.74,1,49,0,0,A class
1978,Hyundai Sonata,2020,780,39.0,4,no,4.46,607.79,7,33,5,0,A class
2364,Toyota Camry,2017,253,21.0,1,no,4.55,964.04,2,27,1,0,A class
516,Honda Accord,2019,440,46.0,8,Spanish,4.27,765.75,6,27,0,0,B class
1355,Hyundai Sonata,2018,558,54.0,24,French,5.0,1051.82,2,60,0,0,A class
110,Kia Optima,2017,377,36.0,9,no,4.5,553.94,2,26,1,0,B class
2090,Ford Fusion,2014,781,28.0,8,no,4.76,882.82,2,32,0,0,A class
1980,Kia Optima,2018,803,42.0,22,Mandarin,4.86,1071.28,0,54,2,0,A class
2702,Nissan Altima,2015,791,61.0,8,no,4.49,708.31,1,20,0,0,B class
2833,Toyota Camry,2019,340,55.0,18,no,4.6,606.09,6,32,0,1,A class
1126,Nissan Altima,2020,510,30.0,10,no,4.67,596.81,5,31,2,2,B class
1089,Nissan Altima,2006,661,57.0,23,Spanish,4.23,648.99,5,21,0,1,B class
312,Hyundai Sonata,2006,711,53.0,4,no,5.0,1012.24,5,51,3,1,A class
2681,Kia Optima,2005,354,57.0,23,Arabic,4.82,757.18,2,28,0,0,A class
20,Hyundai Sonata,2016,547,42.0,22,no,4.14,490.33,2,29,2,1,B class
358,Ford Fusion,2011,161,,9,Spanish,4.15,696.5,2,22,1,0,B class
361,Chevrolet Malibu,2013,112,,15,no,4.31,387.09,6,18,2,0,B class
2757,Hyundai Sonata,2008,79,50.0,11,Spanish,4.63,674.15,2,45,1,1,A class
2056,Honda Accord,2022,337,41.0,3,Spanish,4.38,631.13,2,38,0,0,A class
2724,Nissan Altima,2013,564,54.0,16,Spanish,4.8,637.8,5,56,1,0,A class
393,Honda Accord,2014,420,62.0,3,no,4.24,723.91,4,24,0,0,B class
2343,Honda Accord,2009,64,35.0,15,no,4.45,665.81,5,32,0,0,A class
2760,Nissan Altima,2005,136,65.0,16,no,3.94,619.73,2,34,1,1,B class
1848,Chevrolet Malibu,2006,490,,16,no,4.8,802.75,3,45,1,0,B class
658,Ford Fusion,2012,843,54.0,24,no,4.41,627.51,4,23,3,1,B class
1247,Chevrolet Malibu,2009,571,57.0,6,French,4.43,791.77,2,23,1,0,A class
2756,Toyota Camry,2014,398,46.0,1,French,4.3,804.69,2,22,0,0,B class
2646,Chevrolet Malibu,2008,780,59.0,4,no,4.74,835.1,5,51,1,1,A class
1850,Nissan Altima,2014,293,,9,no,4.42,742.29,1,29,1,0,B class
2165,Kia Optima,2020,4,26.0,6,no,3.49,136.61,5,11,1,4,B class
1875,Hyundai Sonata,2007,739,42.0,19,Spanish,4.66,1062.85,3,34,0,0,A class
2089,Ford Fusion,2019,263,38.0,6,Spanish,4.08,639.14,6,25,2,1,B class
2860,Kia Optima,2020,252,26.0,1,no,4.29,418.12,2,26,3,0,B class
371,Ford Fusion,2006,173,,8,no,4.51,910.72,4,25,2,2,A class
1643,Ford Fusion,2014,463,38.0,18,no,4.48,972.14,2,38,2,1,A class
314,Toyota Camry,2005,839,67.0,14,no,5.0,1271.88,1,76,1,0,A class
2517,Hyundai Sonata,2020,254,30.0,9,Mandarin,4.28,694.85,3,23,2,1,B class
1716,Nissan Altima,2021,52,51.0,9,French,4.94,1013.63,0,40,2,1,A class
594,Chevrolet Malibu,2012,794,66.0,4,no,3.96,532.27,3,22,2,1,B class
971,Kia Optima,2005,189,,2,no,4.35,540.36,2,15,1,0,B class
203,Kia Optima,2020,120,25.0,3,French,4.17,397.82,7,14,2,2,B class
1931,Chevrolet Malibu,2011,796,53.0,3,no,4.72,729.16,3,33,1,0,A class
2256,Ford Fusion,2013,2,53.0,6,no,4.5,537.7,3,27,0,0,A class
1789,Kia Optima,2007,657,59.0,23,no,4.65,846.45,3,44,0,1,A class
1603,Kia Optima,2020,300,39.0,12,Portuguese,4.82,849.82,4,34,2,0,A class
2665,Kia Optima,2010,351,29.0,9,no,4.42,693.33,5,28,1,2,A class
439,Toyota Camry,2006,338,24.0,4,no,4.47,801.06,2,36,2,1,A class
327,Ford Fusion,2022,769,48.0,4,no,4.03,362.85,5,10,0,1,B class
2020,Nissan Altima,2006,149,32.0,12,no,4.11,372.29,5,20,2,1,B class
2146,Hyundai Sonata,2014,527,22.0,2,no,4.43,747.31,6,16,1,1,A class
388,Ford Fusion,2020,518,52.0,10,no,5.0,1153.9,1,57,1,0,A class
1042,Ford Fusion,2011,214,39.0,10,Mandarin,4.53,436.81,0,24,2,0,A class
2953,Honda Accord,2018,266,47.0,8,French,4.56,717.13,4,19,1,0,A class
1188,Hyundai Sonata,2007,848,49.0,21,French,4.04,809.17,2,10,1,0,B class
282,Kia Optima,2008,388,47.0,5,no,4.77,885.89,1,29,2,0,A class
2247,Nissan Altima,2021,541,34.0,13,Spanish,4.66,810.33,2,17,2,0,A class
352,Hyundai Sonata,2022,499,31.0,4,Arabic,4.65,644.92,2,28,0,0,B class
1356,Nissan Altima,2020,576,63.0,21,Russian,4.31,953.23,4,45,0,0,A class
43,Nissan Altima,2013,833,41.0,17,no,4.36,758.05,3,31,1,2,B class
2417,Honda Accord,2011,54,53.0,3,no,4.19,543.73,3,31,1,3,B class
102,Kia Optima,2015,397,66.0,2,no,4.2,440.16,2,17,2,0,B class
2672,Hyundai Sonata,2009,69,30.0,10,Portuguese,5.0,1114.52,0,41,0,1,A class
2935,Honda Accord,2007,50,53.0,7,Russian,4.63,688.2,3,30,0,0,A class
447,Chevrolet Malibu,2020,110,58.0,21,no,4.91,947.82,3,27,0,0,A class
2237,Kia Optima,2010,322,53.0,21,Mandarin,4.86,1065.04,4,32,0,0,A class
1274,Chevrolet Malibu,2009,577,22.0,2,no,4.74,1099.77,2,39,0,3,A class
135,Hyundai Sonata,2018,438,22.0,2,Arabic,4.72,900.76,4,39,2,0,A class
575,Honda Accord,2013,834,,20,Portuguese,4.05,371.5,5,14,0,0,B class
877,Chevrolet Malibu,2012,845,48.0,16,no,4.3,559.6,2,25,2,0,B class
1482,Hyundai Sonata,2020,639,,9,no,4.92,1114.04,1,47,0,0,A class
857,Toyota Camry,2015,588,23.0,3,no,3.85,640.96,4,20,1,2,B class
129,Ford Fusion,2008,389,26.0,0,no,4.5,774.61,3,33,0,0,A class
748,Honda Accord,2015,684,48.0,7,no,4.6,747.27,2,15,0,1,A class
573,Ford Fusion,2006,255,62.0,5,no,4.81,793.0,2,20,1,0,A class
2486,Toyota Camry,2019,76,,11,no,4.62,707.58,4,20,1,1,B class
2684,Toyota Camry,2014,303,39.0,12,no,4.24,320.34,4,13,0,1,B class
876,Ford Fusion,2016,814,65.0,4,no,4.74,500.61,2,33,1,1,A class
104,Kia Optima,2012,448,,1,no,3.68,261.7,3,11,0,2,B class
2294,Kia Optima,2019,684,53.0,1,no,4.77,1087.62,1,34,0,0,A class
411,Hyundai Sonata,2011,117,34.0,2,Spanish,4.07,508.04,3,14,3,1,B class
1972,Nissan Altima,2007,618,67.0,4,no,3.93,699.47,3,17,1,0,B class
1179,Honda Accord,2012,76,60.0,2,no,3.72,229.33,3,17,4,1,B class
1781,Nissan Altima,2017,401,64.0,14,Mandarin,4.3,600.68,2,27,0,0,A class
605,Toyota Camry,2006,516,58.0,19,no,4.4,943.43,4,47,0,0,A class
2859,Nissan Altima,2008,519,64.0,7,no,4.44,516.46,3,34,4,1,B class
2789,Honda Accord,2020,493,50.0,15,no,4.74,857.21,5,47,2,0,A class
2363,Ford Fusion,2012,434,35.0,9,no,4.41,592.9,1,51,1,2,A class
1434,Nissan Altima,2022,376,32.0,12,no,3.73,473.16,6,22,3,2,B class
385,Chevrolet Malibu,2015,483,63.0,4,no,4.79,1011.51,2,33,1,1,A class
1916,Nissan Altima,2008,834,36.0,5,French,4.44,613.82,2,29,1,2,B class
57,Ford Fusion,2013,594,24.0,4,no,4.31,575.1,4,7,0,0,B class
712,Nissan Altima,2022,629,52.0,4,no,4.48,357.42,4,24,1,1,B class
325,Kia Optima,2006,658,,4,no,4.31,246.63,1,19,1,0,B class
79,Honda Accord,2007,213,36.0,5,no,4.47,689.38,4,26,0,0,A class
541,Toyota Camry,2016,819,22.0,2,Mandarin,4.29,649.77,4,29,2,0,B class
356,Honda Accord,2008,71,25.0,5,no,4.27,438.08,3,14,3,1,B class
360,Kia Optima,2006,224,45.0,13,no,3.92,391.45,1,22,0,3,B class
1019,Chevrolet Malibu,2021,794,39.0,2,Spanish,4.07,501.59,0,17,0,0,B class
2610,Toyota Camry,2008,69,61.0,22,Spanish,4.7,916.17,4,37,1,0,A class
2946,Chevrolet Malibu,2006,587,31.0,1,no,5.0,1195.28,2,42,0,0,A class
916,Toyota Camry,2017,223,56.0,1,Mandarin,4.51,573.0,0,40,2,1,A class
308,Kia Optima,2017,647,67.0,10,no,4.32,693.83,0,33,0,0,B class
1414,Honda Accord,2010,99,21.0,1,no,4.19,568.59,1,19,0,0,B class
814,Hyundai Sonata,2014,88,47.0,1,Spanish,3.92,353.62,7,13,1,0,B class
2777,Toyota Camry,2012,766,38.0,6,no,3.98,523.25,7,24,3,0,B class
1609,Hyundai Sonata,2018,312,,2,Spanish,4.59,613.73,1,19,1,1,A class
1406,Honda Accord,2007,599,27.0,7,Spanish,3.79,266.22,6,7,0,0,B class
1539,Honda Accord,2008,328,55.0,16,no,4.75,822.98,1,38,1,0,A class
883,Kia Optima,2018,800,62.0,21,French,3.52,200.16,7,15,1,1,B class
699,Kia Optima,2021,587,45.0,0,French,4.48,629.1,3,33,1,0,A class
1765,Hyundai Sonata,2006,404,52.0,8,no,4.57,558.58,1,23,2,0,B class
4,Toyota Camry,2017,671,65.0,9,no,4.2,335.35,2,20,0,0,B class
216,Toyota Camry,2019,420,54.0,11,no,4.29,610.29,2,10,0,0,A class
977,Nissan Altima,2019,475,29.0,9,Mandarin,5.0,1005.44,1,54,1,1,A class
99,Nissan Altima,2015,842,42.0,22,no,4.46,896.04,2,38,1,1,A class
1581,Nissan Altima,2014,203,42.0,19,no,3.7,534.18,6,12,2,1,B class
1937,Chevrolet Malibu,2007,631,66.0,4,no,4.55,877.38,5,27,0,0,A class
2671,Ford Fusion,2006,368,51.0,21,no,5.0,894.36,1,53,1,1,A class
1371,Honda Accord,2020,19,,19,Mandarin,4.5,963.86,1,29,0,0,A class
2561,Honda Accord,2011,595,27.0,5,Spanish,4.64,691.68,1,19,1,0,B class
2580,Nissan Altima,2010,678,57.0,9,Mandarin,3.96,517.74,2,13,3,0,B class
1192,Hyundai Sonata,2013,809,54.0,14,no,4.13,510.74,5,28,0,0,B class
1766,Honda Accord,2006,607,50.0,14,French,4.48,663.81,3,22,0,0,A class
1958,Kia Optima,2020,4,,14,no,4.92,864.04,3,21,0,0,A class
701,Honda Accord,2008,70,44.0,15,no,4.34,805.4,4,31,0,0,A class
456,Nissan Altima,2015,26,52.0,15,no,4.37,735.0,4,35,3,1,B class
2365,Honda Accord,2014,435,63.0,10,Mandarin,4.4,874.89,4,33,1,0,A class
2216,Honda Accord,2012,364,29.0,9,no,4.44,513.02,1,31,4,0,B class
522,Hyundai Sonata,2010,498,57.0,0,no,4.27,664.81,3,37,1,0,B class
1261,Hyundai Sonata,2013,24,48.0,8,Portuguese,4.25,696.54,1,24,2,0,A class
1894,Kia Optima,2005,255,53.0,18,Spanish,4.15,348.27,2,21,2,1,B class
1038,Hyundai Sonata,2005,200,,8,no,4.17,744.05,8,31,3,1,B class
390,Honda Accord,2010,746,26.0,6,no,3.65,125.56,3,8,2,1,B class
952,Ford Fusion,2006,698,,6,Russian,4.63,1015.61,1,50,1,1,A class
412,Honda Accord,2019,237,50.0,16,no,4.25,411.55,2,30,0,0,B class
1734,Honda Accord,2019,791,52.0,14,French,4.81,977.19,3,37,3,0,A class
1596,Honda Accord,2007,798,46.0,15,no,4.58,1023.55,2,36,1,0,A class
1302,Nissan Altima,2015,129,,2,no,4.1,531.25,3,15,1,0,B class
2548,Chevrolet Malibu,2006,504,25.0,5,no,4.25,283.17,2,25,2,0,B class
1297,Hyundai Sonata,2016,399,34.0,14,no,4.47,625.07,3,27,2,1,B class
1515,Hyundai Sonata,2014,128,61.0,7,no,4.51,797.99,1,27,0,0,B class
1269,Hyundai Sonata,2010,593,52.0,18,Mandarin,4.82,689.5,2,33,0,1,A class
2325,Nissan Altima,2011,113,64.0,7,no,4.82,802.12,5,31,0,0,A class
1973,Ford Fusion,2005,468,32.0,9,Spanish,4.51,924.6,4,39,1,0,A class
1991,Toyota Camry,2014,739,38.0,11,no,4.26,904.73,4,41,4,0,B class
1022,Chevrolet Malibu,2020,736,65.0,12,Russian,4.03,537.81,2,19,1,0,B class
502,Hyundai Sonata,2020,567,54.0,19,Spanish,4.67,993.74,4,34,2,1,A class
2830,Toyota Camry,2006,793,64.0,13,no,4.19,421.18,2,23,2,0,B class
759,Kia Optima,2016,253,39.0,13,Spanish,4.68,820.19,3,27,0,0,A class
2208,Kia Optima,2013,859,,10,Spanish,4.88,1037.7,4,39,0,0,A class
429,Ford Fusion,2010,845,45.0,22,Arabic,4.29,522.4,4,13,1,0,B class
1546,Nissan Altima,2005,794,58.0,16,no,4.61,777.7,3,27,1,1,A class
1318,Nissan Altima,2008,713,23.0,3,Arabic,4.36,488.45,6,36,1,1,A class
1137,Hyundai Sonata,2009,23,37.0,5,no,4.57,919.19,3,22,0,0,A class
74,Ford Fusion,2014,470,38.0,18,no,4.56,671.72,2,41,1,0,A class
26,Nissan Altima,2010,645,26.0,5,French,3.96,60.52,3,9,2,0,B class
1345,Toyota Camry,2013,602,33.0,0,Portuguese,5.0,996.89,2,35,0,0,A class
2481,Toyota Camry,2019,298,24.0,4,no,3.84,596.96,8,32,0,0,B class
1127,Nissan Altima,2013,356,60.0,0,Spanish,5.0,767.4,2,35,0,0,A class
1140,Ford Fusion,2011,747,46.0,3,no,4.38,663.19,3,17,0,1,B class
506,Honda Accord,2018,504,47.0,19,Portuguese,4.48,1039.87,5,23,1,0,A class
1395,Honda Accord,2015,660,50.0,20,Mandarin,4.2,548.48,3,20,1,1,B class
2329,Ford Fusion,2017,90,23.0,3,no,4.34,802.83,2,28,1,0,B class
2452,Kia Optima,2017,750,67.0,8,no,4.1,501.81,4,15,1,0,B class
2733,Nissan Altima,2020,341,39.0,6,no,4.05,378.35,1,28,2,0,B class
1719,Chevrolet Malibu,2009,78,43.0,0,no,4.05,336.23,3,25,2,0,B class
2669,Nissan Altima,2015,685,48.0,22,Spanish,4.99,1243.47,0,56,0,0,A class
1121,Ford Fusion,2022,602,53.0,18,Spanish,3.58,340.96,3,15,1,0,B class
1666,Chevrolet Malibu,2009,510,52.0,9,no,4.5,682.4,5,35,0,1,B class
587,Nissan Altima,2007,199,56.0,1,Arabic,4.28,675.34,4,21,2,0,B class
1721,Nissan Altima,2019,440,,0,no,4.24,679.74,0,29,0,1,A class
612,Kia Optima,2021,307,27.0,5,Mandarin,4.7,935.17,4,35,0,0,A class
1139,Chevrolet Malibu,2015,682,52.0,8,no,5.0,1042.98,1,30,0,0,A class
426,Chevrolet Malibu,2013,117,21.0,1,no,3.77,486.98,2,12,3,1,B class
649,Honda Accord,2022,294,47.0,12,no,4.3,382.8,4,22,2,0,B class
2029,Chevrolet Malibu,2018,531,32.0,12,no,4.34,678.0,2,40,2,0,B class
2448,Hyundai Sonata,2005,246,,17,no,3.66,473.36,3,18,4,1,B class
1943,Nissan Altima,2020,517,30.0,10,Russian,4.95,1032.89,4,43,1,2,A class
1409,Toyota Camry,2015,863,44.0,13,no,4.61,895.51,4,18,2,1,B class
566,Kia Optima,2009,729,29.0,9,French,4.2,553.45,7,13,1,0,B class
1682,Ford Fusion,2014,637,31.0,11,no,4.37,488.77,2,13,2,1,B class
886,Hyundai Sonata,2010,30,42.0,22,Spanish,4.37,576.83,4,11,1,0,B class
2898,Toyota Camry,2007,196,59.0,8,Spanish,4.22,530.21,3,14,1,0,B class
2456,Ford Fusion,2008,76,40.0,6,no,4.59,588.71,2,24,2,0,B class
2667,Chevrolet Malibu,2016,431,34.0,7,no,4.5,710.47,5,49,4,1,B class
2582,Hyundai Sonata,2018,838,63.0,24,no,4.46,741.81,3,40,2,0,A class
1901,Hyundai Sonata,2015,364,54.0,10,Russian,4.03,587.75,2,18,3,0,B class
630,Toyota Camry,2008,418,55.0,0,Mandarin,4.2,503.46,3,28,0,0,B class
2847,Chevrolet Malibu,2016,704,30.0,10,Spanish,4.56,815.45,0,26,1,0,A class
2221,Ford Fusion,2005,465,,8,Mandarin,4.07,535.87,5,27,2,0,B class
501,Chevrolet Malibu,2014,366,23.0,3,no,4.13,716.18,5,21,2,1,B class
2559,Ford Fusion,2017,28,43.0,9,French,4.57,834.82,2,26,2,0,B class
1831,Nissan Altima,2011,64,22.0,2,no,5.0,1171.61,2,57,1,0,A class
409,Honda Accord,2021,556,41.0,14,Spanish,4.73,678.6,1,35,0,0,A class
1344,Ford Fusion,2009,583,54.0,22,no,5.0,954.64,2,51,0,0,A class
165,Toyota Camry,2018,470,37.0,17,no,4.05,770.28,2,19,0,0,B class
2463,Honda Accord,2013,536,54.0,20,French,4.64,862.5,2,49,1,0,A class
244,Chevrolet Malibu,2014,754,45.0,17,French,4.15,290.23,7,15,4,2,B class
2827,Toyota Camry,2017,399,,17,no,4.61,820.16,3,34,0,0,A class
2796,Honda Accord,2015,866,24.0,4,Arabic,3.98,0.0,5,18,2,2,B class
1523,Toyota Camry,2008,408,56.0,23,Spanish,5.0,1230.37,1,35,0,0,A class
379,Nissan Altima,2016,554,27.0,6,no,4.76,1008.26,0,69,1,0,A class
1088,Kia Optima,2019,224,30.0,3,no,4.31,767.03,2,28,1,0,A class
1764,Chevrolet Malibu,2019,437,22.0,2,Mandarin,4.59,476.46,2,21,0,1,A class
2555,Nissan Altima,2013,883,34.0,2,Mandarin,4.07,744.4,4,43,2,4,B class
295,Honda Accord,2016,364,26.0,6,no,4.25,576.65,1,15,0,0,B class
1897,Nissan Altima,2022,64,50.0,3,Mandarin,3.81,414.85,9,17,0,0,B class
1870,Kia Optima,2014,288,60.0,21,Mandarin,4.93,718.17,1,45,0,0,A class
2155,Ford Fusion,2020,659,56.0,18,no,5.0,1060.53,1,59,1,1,A class
1877,Kia Optima,2006,8,52.0,24,no,4.71,587.07,3,27,2,0,A class
2131,Ford Fusion,2006,306,41.0,5,Mandarin,4.33,317.97,2,23,2,0,B class
316,Kia Optima,2018,597,54.0,16,Mandarin,3.98,442.02,6,22,0,0,B class
529,Nissan Altima,2012,19,60.0,8,Spanish,4.44,994.56,2,30,1,0,A class
2928,Kia Optima,2008,247,59.0,5,no,4.35,801.58,4,12,1,1,B class
1178,Chevrolet Malibu,2007,433,32.0,12,no,3.84,262.29,8,11,1,2,B class
190,Chevrolet Malibu,2022,684,54.0,8,no,4.49,661.64,2,37,0,0,A class
28,Toyota Camry,2009,319,54.0,11,Arabic,4.39,980.72,0,16,3,0,A class
2754,Chevrolet Malibu,2005,201,31.0,3,no,4.58,831.92,4,33,2,0,A class
275,Nissan Altima,2009,709,36.0,16,no,4.49,524.3,2,30,0,1,B class
2112,Honda Accord,2006,295,44.0,7,no,4.46,840.65,1,27,0,1,A class
1075,Chevrolet Malibu,2020,374,28.0,8,Arabic,4.05,449.17,5,14,2,1,B class
2404,Hyundai Sonata,2009,485,35.0,15,no,4.11,491.58,2,12,3,0,B class
2574,Hyundai Sonata,2016,125,28.0,2,no,4.14,490.12,3,22,0,1,B class
1832,Hyundai Sonata,2020,635,67.0,7,Russian,4.32,394.13,5,38,2,1,B class
1904,Hyundai Sonata,2018,886,44.0,12,no,4.47,560.36,4,31,1,0,B class
2640,Hyundai Sonata,2011,606,57.0,14,no,4.81,1040.7,0,49,0,0,A class
1335,Toyota Camry,2008,805,47.0,6,Spanish,4.6,660.9,2,30,1,0,A class
2163,Ford Fusion,2014,721,60.0,5,no,5.0,961.17,1,47,0,1,A class
2213,Kia Optima,2014,251,,1,no,4.39,932.1,2,40,1,0,A class
586,Nissan Altima,2013,551,30.0,10,Mandarin,4.58,739.07,3,33,2,0,A class
838,Nissan Altima,2009,404,23.0,3,no,4.6,849.6,0,28,2,1,A class
711,Ford Fusion,2018,211,26.0,1,no,5.0,887.06,3,32,1,0,A class
2362,Ford Fusion,2014,547,42.0,6,Spanish,4.34,529.39,2,24,0,0,B class
2458,Honda Accord,2012,874,62.0,24,Arabic,4.68,737.48,3,50,2,0,A class
1251,Chevrolet Malibu,2021,89,31.0,11,no,4.04,651.89,6,11,1,1,B class
2980,Toyota Camry,2014,490,24.0,4,no,4.81,1198.38,1,49,2,0,A class
2549,Hyundai Sonata,2014,166,36.0,9,no,4.55,639.73,1,24,3,0,A class
1438,Ford Fusion,2009,415,45.0,8,Spanish,5.0,1323.71,0,55,0,0,A class
1732,Toyota Camry,2006,655,62.0,2,Mandarin,4.12,501.13,5,32,1,0,B class
1554,Hyundai Sonata,2009,158,,9,Mandarin,4.46,720.18,2,27,0,0,A class
817,Chevrolet Malibu,2007,86,44.0,8,no,4.01,444.25,7,30,1,2,B class
2886,Hyundai Sonata,2022,15,53.0,9,Spanish,4.02,457.28,4,31,0,0,B class
2718,Kia Optima,2008,850,42.0,13,Spanish,4.63,705.21,3,22,0,1,A class
958,Ford Fusion,2013,379,58.0,23,French,4.36,717.6,4,26,3,1,B class
303,Ford Fusion,2018,280,33.0,7,French,4.32,459.3,3,36,3,1,B class
572,Chevrolet Malibu,2021,75,57.0,11,Arabic,4.73,932.1,0,39,3,0,A class
2612,Nissan Altima,2010,729,47.0,9,Russian,4.6,761.61,5,41,2,0,A class
1923,Ford Fusion,2016,387,43.0,11,no,4.77,922.85,3,47,3,1,A class
631,Kia Optima,2017,592,39.0,19,French,4.15,542.68,4,32,0,0,B class
1512,Kia Optima,2016,867,62.0,3,no,4.07,663.51,3,16,3,0,B class
2427,Honda Accord,2011,34,57.0,0,no,3.71,342.5,4,16,0,1,B class
2892,Chevrolet Malibu,2016,474,51.0,19,no,4.8,894.5,1,69,1,0,A class
2190,Ford Fusion,2009,506,54.0,23,no,4.76,816.75,1,32,2,0,A class
1064,Kia Optima,2020,544,53.0,4,no,4.2,797.12,3,15,0,0,B class
1780,Hyundai Sonata,2008,811,21.0,1,Arabic,3.92,597.02,3,13,1,0,B class
2438,Honda Accord,2009,213,52.0,11,no,5.0,1211.85,1,54,0,0,A class
2168,Ford Fusion,2010,775,66.0,22,no,3.97,336.34,1,22,3,1,B class
2278,Chevrolet Malibu,2009,1,32.0,12,Mandarin,3.95,387.57,3,14,2,2,B class
2602,Kia Optima,2020,247,30.0,6,no,4.41,634.55,0,23,1,0,B class
1794,Honda Accord,2014,267,,9,French,4.33,484.65,2,43,4,0,B class
1784,Honda Accord,2014,445,63.0,20,French,4.89,942.26,2,48,3,0,A class
924,Ford Fusion,2021,374,36.0,16,Portuguese,4.06,497.88,6,17,1,0,B class
723,Nissan Altima,2009,646,,8,Spanish,3.63,235.54,3,13,1,1,B class
60,Nissan Altima,2018,788,,5,French,4.27,358.35,1,24,4,2,B class
2201,Hyundai Sonata,2014,137,61.0,4,no,4.22,390.3,6,23,1,3,B class
2462,Chevrolet Malibu,2007,58,67.0,14,no,4.3,346.54,3,26,1,0,B class
1864,Kia Optima,2011,738,34.0,3,no,5.0,1096.07,2,52,0,1,A class
24,Nissan Altima,2012,161,37.0,15,French,4.45,797.83,7,22,0,0,A class
578,Hyundai Sonata,2006,617,65.0,0,no,4.33,508.52,1,37,1,1,B class
684,Ford Fusion,2010,66,,20,no,4.8,1039.23,1,51,0,0,A class
1016,Honda Accord,2010,823,47.0,0,Mandarin,5.0,963.94,3,31,1,0,A class
347,Nissan Altima,2007,646,49.0,10,Mandarin,4.86,908.13,1,40,1,0,A class
2877,Ford Fusion,2010,612,,22,no,4.55,668.89,3,25,1,0,A class
1556,Honda Accord,2012,543,22.0,2,French,4.75,896.99,4,29,1,1,A class
2948,Honda Accord,2019,756,32.0,12,Portuguese,3.72,462.58,7,22,4,0,B class
9,Kia Optima,2021,718,42.0,10,no,4.4,1048.02,1,22,0,1,A class
2912,Honda Accord,2020,476,34.0,14,Portuguese,4.26,473.61,1,26,4,0,B class
229,Kia Optima,2020,271,65.0,2,no,3.58,299.46,3,16,2,2,B class
490,Ford Fusion,2018,707,66.0,14,no,4.61,912.85,3,39,0,0,A class
2616,Nissan Altima,2005,873,25.0,5,no,3.88,181.8,5,11,6,1,B class
830,Toyota Camry,2013,669,21.0,1,Portuguese,4.74,803.28,3,39,1,0,A class
2985,Honda Accord,2010,492,32.0,6,Arabic,4.29,649.6,2,43,3,1,A class
1874,Chevrolet Malibu,2017,128,55.0,24,Mandarin,4.65,1180.32,2,30,0,0,A class
450,Kia Optima,2021,511,38.0,17,Spanish,5.0,1100.61,3,37,2,0,A class
2464,Chevrolet Malibu,2019,765,62.0,10,no,4.46,768.28,3,21,1,1,A class
16,Ford Fusion,2011,436,62.0,2,no,4.76,938.17,2,58,0,0,A class
1115,Toyota Camry,2016,467,42.0,16,Arabic,4.73,965.72,2,18,1,0,A class
2810,Toyota Camry,2007,256,25.0,3,Spanish,3.66,290.82,6,12,1,1,B class
1389,Hyundai Sonata,2011,58,40.0,8,no,4.06,547.94,3,21,1,1,B class
2421,Ford Fusion,2012,700,57.0,5,Spanish,4.07,468.9,5,17,3,1,B class
1589,Hyundai Sonata,2019,594,38.0,7,no,4.15,293.95,5,19,0,0,B class
824,Chevrolet Malibu,2022,635,43.0,16,no,4.42,665.55,1,30,1,0,A class
2140,Toyota Camry,2006,289,40.0,20,Mandarin,5.0,1118.2,0,80,1,0,A class
2735,Toyota Camry,2018,863,65.0,4,no,4.21,701.05,3,35,2,1,B class
1227,Kia Optima,2012,375,50.0,8,Spanish,4.8,894.62,3,58,1,0,A class
1876,Chevrolet Malibu,2011,332,26.0,6,French,4.68,1030.1,2,51,1,0,A class
2941,Hyundai Sonata,2006,713,35.0,10,Spanish,4.19,576.69,3,12,1,0,B class
1915,Hyundai Sonata,2014,599,23.0,3,no,4.4,893.81,6,24,3,1,B class
1232,Kia Optima,2009,817,42.0,4,no,3.53,334.68,6,26,3,0,B class
1847,Kia Optima,2008,752,39.0,7,no,4.88,1062.78,1,56,1,0,A class
1010,Ford Fusion,2018,502,51.0,20,French,4.57,607.27,4,24,0,0,A class
1705,Ford Fusion,2022,246,36.0,8,no,4.03,681.86,3,14,1,0,B class
2312,Toyota Camry,2021,40,62.0,1,no,4.65,754.3,2,27,1,0,A class
2708,Nissan Altima,2015,654,24.0,4,Mandarin,4.88,921.79,1,35,0,1,A class
2753,Honda Accord,2016,352,28.0,5,no,4.08,545.79,5,17,2,0,B class
2396,Toyota Camry,2008,820,36.0,12,Arabic,4.45,612.41,4,39,0,0,B class
1107,Hyundai Sonata,2021,681,59.0,0,French,4.92,775.28,0,37,1,0,A class
498,Hyundai Sonata,2009,672,53.0,16,no,4.11,601.41,4,30,3,1,B class
353,Honda Accord,2021,757,60.0,17,Spanish,4.65,590.26,2,36,3,2,A class
1853,Kia Optima,2010,143,23.0,0,no,4.47,754.22,2,29,3,0,A class
443,Hyundai Sonata,2008,56,33.0,7,Portuguese,4.65,765.82,4,23,1,0,A class
2,Ford Fusion,2015,15,37.0,17,Arabic,3.98,537.09,6,25,2,0,B class
286,Nissan Altima,2007,836,,14,Mandarin,5.0,1039.81,0,51,0,0,A class
1561,Kia Optima,2007,48,37.0,3,no,4.2,681.21,2,27,1,0,B class
1647,Hyundai Sonata,2006,593,56.0,21,Portuguese,4.06,604.58,1,13,1,1,B class
784,Nissan Altima,2018,258,31.0,0,no,4.1,536.48,1,19,1,1,B class
861,Hyundai Sonata,2014,288,49.0,23,French,4.56,368.55,5,25,3,2,B class
1907,Hyundai Sonata,2011,485,46.0,18,no,5.0,1097.57,2,52,0,0,A class
2638,Ford Fusion,2018,460,,2,no,3.46,85.47,5,5,2,0,B class
349,Chevrolet Malibu,2008,115,31.0,0,no,4.04,467.38,5,17,1,5,B class
69,Honda Accord,2006,749,37.0,17,no,5.0,1339.11,0,79,0,0,A class
404,Nissan Altima,2018,646,41.0,21,no,4.06,455.88,4,24,3,0,B class
2327,Kia Optima,2010,461,42.0,22,no,4.71,1133.51,2,51,1,0,A class
755,Chevrolet Malibu,2018,544,24.0,4,no,4.73,1178.02,1,28,0,0,A class
798,Toyota Camry,2009,251,30.0,0,French,4.37,547.24,5,18,0,0,B class
1051,Ford Fusion,2013,228,48.0,15,no,4.71,738.58,4,39,0,0,A class
2966,Ford Fusion,2011,651,66.0,24,no,4.76,1090.57,7,31,0,0,A class
2944,Chevrolet Malibu,2005,253,61.0,10,no,3.29,82.21,4,21,4,2,B class
178,Toyota Camry,2009,216,66.0,18,no,4.7,695.14,2,33,2,0,A class
954,Ford Fusion,2005,247,42.0,6,no,4.12,538.48,2,28,3,0,B class
1381,Nissan Altima,2016,812,51.0,20,no,5.0,1479.75,1,48,0,0,A class
2061,Honda Accord,2022,37,56.0,19,Arabic,5.0,1119.09,2,42,1,0,A class
2762,Toyota Camry,2011,362,28.0,8,Spanish,4.64,757.37,4,30,6,2,A class
2439,Kia Optima,2011,587,44.0,19,Portuguese,3.98,598.57,2,23,1,2,B class
1819,Honda Accord,2018,510,31.0,2,Spanish,4.65,674.18,2,47,2,0,A class
253,Toyota Camry,2016,287,50.0,7,no,4.52,719.94,5,30,1,2,B class
1439,Nissan Altima,2009,86,31.0,8,no,4.44,598.31,4,31,1,0,B class
559,Hyundai Sonata,2006,880,52.0,5,no,4.43,563.6,2,38,0,0,A class
1578,Hyundai Sonata,2013,92,42.0,1,no,4.73,522.45,2,33,1,1,A class
1843,Nissan Altima,2021,31,53.0,8,Mandarin,4.24,801.47,5,27,1,1,B class
194,Chevrolet Malibu,2005,171,39.0,14,no,4.6,968.99,2,44,1,0,A class
2876,Kia Optima,2016,312,54.0,23,no,3.95,431.8,2,34,2,0,B class
1508,Toyota Camry,2010,308,31.0,10,Spanish,5.0,898.14,3,26,1,1,A class
2538,Chevrolet Malibu,2021,381,23.0,3,Mandarin,3.94,433.76,3,14,2,0,B class
1926,Toyota Camry,2019,127,39.0,11,no,4.26,712.87,1,34,1,0,B class
245,Ford Fusion,2022,521,25.0,5,no,4.21,430.63,5,20,0,1,B class
446,Honda Accord,2008,346,58.0,17,Arabic,3.94,646.84,5,21,1,1,B class
477,Chevrolet Malibu,2011,181,42.0,16,Spanish,5.0,1192.07,2,45,0,0,A class
539,Kia Optima,2008,498,41.0,12,Mandarin,3.96,589.6,3,31,2,2,B class
1331,Ford Fusion,2010,204,24.0,4,Spanish,4.26,646.74,3,14,0,0,B class
256,Kia Optima,2018,289,36.0,0,Arabic,4.2,604.92,5,34,0,2,B class
452,Kia Optima,2020,261,56.0,17,Mandarin,4.39,877.75,0,32,1,1,A class
2746,Chevrolet Malibu,2011,258,35.0,15,no,4.19,499.34,2,15,2,0,B class
1489,Chevrolet Malibu,2022,53,67.0,17,Portuguese,3.99,525.09,7,36,3,1,B class
2332,Nissan Altima,2005,24,46.0,19,Russian,4.77,594.71,2,59,2,1,A class
2606,Kia Optima,2008,800,65.0,12,Mandarin,4.9,892.88,2,27,2,0,A class
2400,Honda Accord,2012,33,23.0,3,Arabic,4.03,502.06,6,36,2,1,B class
2473,Chevrolet Malibu,2012,603,52.0,11,Mandarin,5.0,1143.81,0,48,2,0,A class
2321,Honda Accord,2006,628,21.0,0,no,4.43,696.98,4,13,0,0,B class
2858,Ford Fusion,2010,196,55.0,5,no,4.54,585.01,1,15,0,1,B class
949,Ford Fusion,2014,488,26.0,6,Spanish,4.06,350.44,4,21,2,1,B class
511,Honda Accord,2006,887,33.0,13,Portuguese,4.46,516.57,5,55,1,1,A class
1394,Chevrolet Malibu,2007,723,38.0,18,no,4.68,624.13,3,46,2,0,A class
1509,Chevrolet Malibu,2021,499,40.0,7,Spanish,3.8,298.59,2,20,2,1,B class
1820,Honda Accord,2015,61,49.0,5,Arabic,3.89,276.5,2,22,3,1,B class
2658,Toyota Camry,2007,714,37.0,17,no,4.65,582.65,4,36,0,1,A class
1332,Chevrolet Malibu,2009,650,22.0,2,no,5.0,997.09,3,44,0,1,A class
1310,Honda Accord,2014,680,63.0,17,French,4.2,801.45,3,30,1,1,B class
1803,Kia Optima,2008,745,22.0,2,Arabic,4.56,812.47,2,57,1,0,A class
2057,Honda Accord,2019,235,33.0,10,no,4.1,302.6,4,19,2,1,B class
2418,Toyota Camry,2010,625,28.0,5,no,3.84,425.98,4,11,1,0,B class
2432,Chevrolet Malibu,2020,813,37.0,16,no,4.21,559.4,3,27,2,0,B class
1852,Ford Fusion,2022,635,57.0,24,no,4.17,745.03,8,27,2,0,B class
2415,Honda Accord,2015,521,,6,Spanish,4.67,712.07,3,25,0,1,A class
2373,Nissan Altima,2020,446,67.0,24,Arabic,4.43,800.85,3,36,2,0,B class
622,Ford Fusion,2019,384,60.0,13,no,4.42,521.14,4,31,3,0,A class
1511,Honda Accord,2014,88,,16,Spanish,4.32,713.93,5,46,1,0,A class
1756,Honda Accord,2009,61,,6,no,4.38,641.63,5,34,3,0,A class
1672,Nissan Altima,2018,102,23.0,3,no,4.48,739.35,2,32,0,0,A class
1701,Ford Fusion,2021,675,55.0,2,no,3.72,101.02,5,14,2,1,B class
2514,Ford Fusion,2022,182,38.0,18,no,4.01,655.49,7,26,4,2,B class
1201,Kia Optima,2020,516,,3,no,4.37,413.85,3,31,4,0,B class
2668,Ford Fusion,2008,266,36.0,7,no,3.8,576.03,3,25,0,0,B class
664,Hyundai Sonata,2005,720,38.0,18,no,4.36,615.8,2,37,0,0,B class
775,Nissan Altima,2011,178,49.0,23,Spanish,5.0,798.42,1,51,0,0,A class
574,Kia Optima,2021,91,37.0,17,no,4.46,833.06,2,50,1,1,A class
1873,Hyundai Sonata,2014,854,36.0,6,Russian,3.86,298.02,2,17,2,0,B class
2311,Chevrolet Malibu,2020,617,64.0,4,French,3.88,328.33,1,10,2,0,B class
1775,Kia Optima,2015,788,49.0,16,no,4.06,564.68,1,28,2,1,B class
2597,Nissan Altima,2007,552,39.0,3,Portuguese,4.2,458.6,4,44,1,1,B class
2349,Ford Fusion,2022,112,23.0,3,no,3.82,348.27,5,24,2,0,B class
1122,Chevrolet Malibu,2012,82,67.0,10,no,4.6,680.35,2,24,1,0,A class
2019,Chevrolet Malibu,2009,187,39.0,17,no,4.28,720.22,1,47,1,0,A class
2506,Hyundai Sonata,2011,726,31.0,11,Spanish,4.7,939.35,2,47,5,0,A class
1938,Kia Optima,2014,564,,2,no,4.4,701.28,3,16,1,1,B class
140,Ford Fusion,2019,859,41.0,17,no,4.82,892.07,2,44,0,0,A class
1983,Honda Accord,2007,168,33.0,2,Arabic,3.67,85.33,6,4,2,1,B class
283,Toyota Camry,2006,672,55.0,21,Spanish,4.12,316.14,2,13,0,0,B class
259,Chevrolet Malibu,2011,440,55.0,24,Spanish,4.75,813.77,1,37,1,1,A class
617,Honda Accord,2013,581,32.0,0,Spanish,4.39,1072.12,5,33,4,0,A class
2083,Chevrolet Malibu,2012,37,63.0,22,Mandarin,4.72,837.9,2,35,1,0,A class
2092,Honda Accord,2019,643,51.0,1,no,4.57,945.02,2,36,3,1,A class
726,Hyundai Sonata,2022,247,36.0,13,no,4.35,712.87,1,41,2,3,A class
1637,Chevrolet Malibu,2009,149,38.0,12,no,4.28,764.54,3,23,1,0,B class
2087,Honda Accord,2010,492,64.0,19,no,4.13,378.45,5,17,1,0,B class
678,Kia Optima,2020,341,,10,no,4.38,435.71,3,24,0,0,B class
1946,Kia Optima,2019,85,57.0,2,Spanish,4.58,848.79,2,30,0,1,A class
1153,Hyundai Sonata,2005,878,44.0,0,Mandarin,4.08,804.83,6,22,0,0,B class
1921,Honda Accord,2010,593,24.0,4,no,4.79,906.91,0,50,1,0,A class
56,Chevrolet Malibu,2016,64,35.0,15,no,4.19,480.51,2,32,4,0,B class
1947,Toyota Camry,2022,161,28.0,7,no,3.89,386.68,1,41,1,0,B class
2212,Honda Accord,2008,209,54.0,10,no,4.43,658.66,2,43,0,3,A class
1412,Honda Accord,2019,159,33.0,13,no,4.44,621.97,7,27,1,2,B class
2198,Chevrolet Malibu,2015,563,31.0,4,Spanish,4.44,543.91,7,27,1,0,A class
1289,Chevrolet Malibu,2018,726,50.0,18,no,4.72,821.46,3,30,2,0,A class
167,Chevrolet Malibu,2005,24,43.0,16,Mandarin,4.62,764.45,3,48,1,0,A class
2846,Hyundai Sonata,2021,576,60.0,13,no,4.95,1145.09,2,42,1,0,A class
873,Toyota Camry,2021,766,51.0,4,no,4.71,678.98,4,27,3,0,A class
1362,Kia Optima,2013,853,25.0,5,Arabic,4.66,815.31,2,33,2,1,A class
888,Kia Optima,2007,200,61.0,10,no,3.95,97.6,3,13,1,1,B class
889,Ford Fusion,2022,163,41.0,20,no,4.51,825.85,3,47,1,2,A class
2422,Ford Fusion,2018,656,51.0,16,Mandarin,4.83,903.07,3,36,1,0,A class
2391,Chevrolet Malibu,2022,87,26.0,6,Russian,4.79,902.7,1,46,0,0,A class
2423,Toyota Camry,2022,539,42.0,8,no,4.83,1015.96,3,31,0,0,A class
499,Chevrolet Malibu,2006,523,53.0,21,no,4.82,644.06,2,21,1,0,A class
715,Toyota Camry,2005,56,40.0,7,French,4.84,882.11,3,34,1,1,A class
2700,Toyota Camry,2013,773,21.0,1,Spanish,4.54,443.74,2,34,1,0,A class
1057,Hyundai Sonata,2017,764,67.0,2,French,4.09,593.15,3,24,0,0,B class
2713,Ford Fusion,2011,17,22.0,2,no,4.87,689.79,2,44,2,2,A class
365,Toyota Camry,2020,530,53.0,7,Mandarin,4.52,809.03,0,26,1,0,A class
2983,Nissan Altima,2005,236,53.0,4,Mandarin,4.02,562.38,3,20,0,0,B class
2284,Toyota Camry,2022,640,58.0,13,no,4.29,600.2,4,34,1,0,B class
1728,Nissan Altima,2020,76,26.0,6,French,4.56,578.62,2,26,0,1,A class
1982,Hyundai Sonata,2008,158,45.0,24,Mandarin,4.95,945.77,3,36,1,1,A class
2984,Nissan Altima,2007,74,50.0,14,no,4.58,1113.66,0,33,1,0,A class
801,Kia Optima,2005,38,55.0,14,Spanish,4.13,407.63,3,17,0,0,B class
618,Kia Optima,2017,129,45.0,22,Spanish,4.21,647.8,3,15,1,1,B class
2848,Chevrolet Malibu,2018,275,49.0,24,no,4.42,684.69,2,16,1,0,A class
601,Chevrolet Malibu,2007,436,67.0,17,no,4.82,764.33,0,50,3,0,A class
124,Hyundai Sonata,2016,283,49.0,3,no,4.08,527.82,4,34,1,1,B class
1598,Kia Optima,2016,363,57.0,20,no,4.52,710.66,5,37,2,0,B class
335,Ford Fusion,2005,52,48.0,18,Mandarin,4.35,784.37,4,29,1,0,B class
2249,Hyundai Sonata,2014,295,66.0,23,Spanish,5.0,1249.31,2,37,0,0,A class
2041,Chevrolet Malibu,2011,521,57.0,19,no,4.51,657.28,3,23,4,0,A class
2381,Hyundai Sonata,2011,431,65.0,21,no,4.62,927.09,3,58,1,0,A class
981,Honda Accord,2022,32,27.0,7,Spanish,3.7,497.52,3,22,1,3,B class
1689,Nissan Altima,2006,830,63.0,15,Russian,4.87,1013.57,1,44,0,0,A class
2643,Honda Accord,2019,335,40.0,11,no,5.0,1054.61,2,75,0,0,A class
2086,Chevrolet Malibu,2012,877,,13,no,4.67,839.21,0,31,0,0,A class
919,Kia Optima,2014,359,58.0,5,French,4.42,696.4,5,19,0,1,B class
1080,Hyundai Sonata,2021,870,51.0,12,Spanish,5.0,817.66,1,35,2,0,A class
3000,Toyota Camry,2021,333,39.0,3,no,5.0,1228.89,1,39,1,0,A class
582,Chevrolet Malibu,2007,428,,2,no,4.38,723.22,2,29,1,1,A class
2922,Honda Accord,2012,452,48.0,12,Spanish,4.43,796.33,1,21,3,1,A class
1617,Toyota Camry,2011,301,25.0,5,Russian,4.49,516.85,3,46,0,0,B class
1275,Kia Optima,2012,406,43.0,18,Russian,4.23,283.89,6,13,1,0,B class
1285,Hyundai Sonata,2010,826,39.0,13,no,4.42,497.74,1,21,2,0,B class
1195,Ford Fusion,2021,742,55.0,14,French,4.22,446.31,2,34,0,1,B class
829,Chevrolet Malibu,2014,798,57.0,1,no,3.99,557.61,2,23,2,0,B class
992,Chevrolet Malibu,2022,717,,3,no,4.18,487.73,5,20,0,0,B class
1198,Hyundai Sonata,2011,536,27.0,6,Mandarin,3.97,248.37,1,31,2,1,B class
1196,Kia Optima,2007,13,28.0,8,no,4.23,715.2,2,34,0,1,B class
1825,Chevrolet Malibu,2009,85,,2,no,4.83,938.85,2,48,0,0,A class
1351,Toyota Camry,2013,264,47.0,14,Portuguese,4.71,545.28,2,30,2,0,B class
1528,Hyundai Sonata,2009,73,43.0,11,no,4.5,766.52,3,38,0,1,A class
1559,Ford Fusion,2009,689,,16,Spanish,4.08,649.32,9,26,1,1,B class
2371,Toyota Camry,2005,644,61.0,5,Spanish,4.05,465.16,5,22,4,1,B class
2207,Toyota Camry,2021,37,53.0,24,no,4.89,842.53,3,39,1,1,A class
410,Toyota Camry,2017,680,50.0,14,Arabic,4.06,492.06,3,25,2,1,B class
676,Toyota Camry,2010,297,36.0,16,French,4.37,683.5,5,21,0,1,B class
298,Toyota Camry,2013,155,66.0,14,Russian,4.05,718.83,1,22,0,1,B class
926,Kia Optima,2010,653,56.0,6,no,4.44,380.98,0,15,2,1,B class
23,Toyota Camry,2017,442,,18,Portuguese,4.89,916.34,3,51,2,1,A class
2015,Ford Fusion,2017,346,44.0,23,French,4.26,763.86,6,47,0,1,A class
1930,Hyundai Sonata,2007,383,,2,Arabic,4.67,940.12,1,43,1,1,A class
729,Ford Fusion,2010,456,43.0,18,no,4.02,615.83,5,22,0,0,B class
1622,Chevrolet Malibu,2014,146,55.0,23,no,4.46,807.42,2,44,2,0,A class
1347,Ford Fusion,2009,100,21.0,1,no,4.75,744.11,0,31,1,0,A class
1308,Ford Fusion,2018,663,27.0,4,Spanish,4.8,1031.58,0,44,1,0,A class
2012,Kia Optima,2018,735,22.0,2,Mandarin,4.7,621.58,2,59,0,1,A class
672,Chevrolet Malibu,2009,402,67.0,15,no,5.0,1293.36,0,75,4,0,A class
1673,Kia Optima,2012,758,46.0,6,Portuguese,4.28,726.83,4,30,4,0,B class
1200,Hyundai Sonata,2017,819,64.0,18,Arabic,4.57,736.95,3,30,3,0,A class
182,Honda Accord,2016,514,39.0,9,no,4.7,1009.78,0,70,0,1,A class
1750,Chevrolet Malibu,2015,286,62.0,20,no,4.49,668.57,1,27,0,0,A class
2902,Nissan Altima,2019,640,40.0,0,no,3.91,424.63,3,15,1,0,B class
294,Ford Fusion,2020,897,50.0,15,no,4.46,1046.18,5,50,1,0,A class
202,Nissan Altima,2021,863,44.0,4,Mandarin,4.4,758.56,3,29,3,0,B class
2099,Toyota Camry,2018,458,24.0,4,Mandarin,3.62,0.0,6,20,4,2,B class
127,Nissan Altima,2017,893,57.0,12,no,4.99,875.45,1,40,0,0,A class
532,Honda Accord,2016,531,48.0,23,Mandarin,3.64,282.08,2,6,1,1,B class
1432,Nissan Altima,2005,593,46.0,4,no,4.03,411.39,3,26,2,0,B class
200,Ford Fusion,2006,320,51.0,2,no,4.25,743.74,2,27,1,1,B class
1498,Chevrolet Malibu,2017,746,27.0,7,Spanish,4.49,884.91,2,29,1,0,A class
2066,Kia Optima,2005,264,60.0,24,Arabic,4.2,569.7,2,28,2,0,B class
1912,Ford Fusion,2019,313,22.0,2,no,4.89,876.32,0,40,0,0,A class
693,Ford Fusion,2021,596,49.0,10,no,4.81,990.88,7,44,2,0,A class
935,Kia Optima,2010,847,22.0,2,French,4.15,301.1,4,18,1,1,B class
687,Hyundai Sonata,2012,895,52.0,23,no,4.66,540.88,1,21,1,0,A class
818,Honda Accord,2015,143,57.0,11,no,4.96,789.11,3,36,0,3,A class
217,Hyundai Sonata,2021,13,52.0,18,no,4.44,371.01,3,24,1,0,B class
2791,Kia Optima,2013,709,49.0,5,Spanish,4.12,580.43,1,20,2,0,B class
1278,Honda Accord,2010,458,64.0,18,Russian,4.1,780.8,3,34,2,1,B class
153,Honda Accord,2006,506,33.0,1,no,4.1,216.47,2,14,3,2,B class
2390,Nissan Altima,2013,735,65.0,4,Spanish,5.0,953.18,1,31,0,1,A class
1842,Toyota Camry,2022,395,67.0,18,no,4.13,548.96,4,39,1,1,B class
2243,Toyota Camry,2009,252,45.0,13,Mandarin,4.85,822.74,1,42,2,0,A class
966,Ford Fusion,2012,891,30.0,10,Mandarin,5.0,1280.44,0,63,0,0,A class
479,Nissan Altima,2015,290,46.0,3,no,4.58,505.6,4,28,2,0,A class
1283,Ford Fusion,2007,264,28.0,1,Portuguese,4.11,593.94,3,22,1,1,B class
1605,Hyundai Sonata,2018,310,60.0,22,no,4.45,907.79,5,27,1,1,A class
1667,Chevrolet Malibu,2008,385,,15,no,4.72,581.75,1,33,0,1,A class
2812,Nissan Altima,2019,121,36.0,16,no,5.0,1026.17,5,48,1,0,A class
1151,Nissan Altima,2017,176,56.0,22,no,4.6,851.76,1,28,0,0,A class
813,Toyota Camry,2013,509,54.0,14,Mandarin,4.89,1198.91,2,33,0,0,A class
2781,Hyundai Sonata,2013,491,25.0,2,French,4.14,708.62,4,15,4,0,B class
1555,Chevrolet Malibu,2010,132,55.0,6,no,4.21,656.03,8,47,3,1,B class
251,Chevrolet Malibu,2022,509,56.0,20,no,4.71,714.76,2,23,1,0,B class
844,Chevrolet Malibu,2016,306,51.0,5,no,5.0,716.96,3,41,0,0,A class
2372,Hyundai Sonata,2014,456,22.0,2,no,4.39,720.3,0,32,1,1,A class
1265,Nissan Altima,2016,702,22.0,2,no,4.12,310.96,3,17,2,0,B class
1009,Ford Fusion,2013,201,47.0,2,no,4.26,534.11,4,24,2,2,B class
328,Chevrolet Malibu,2020,373,30.0,0,no,4.76,1060.61,0,35,1,0,A class
968,Hyundai Sonata,2014,806,46.0,14,French,4.66,763.75,4,27,2,0,A class
950,Nissan Altima,2009,56,28.0,8,Spanish,3.89,448.36,6,14,0,0,B class
2305,Honda Accord,2008,212,33.0,13,Spanish,4.67,842.8,2,50,0,1,A class
973,Ford Fusion,2010,887,33.0,0,Mandarin,4.47,593.48,1,25,1,0,B class
188,Kia Optima,2011,221,37.0,17,Spanish,4.9,958.82,3,48,1,0,A class
247,Kia Optima,2016,801,53.0,15,Spanish,4.03,431.86,7,24,3,1,B class
2074,Ford Fusion,2021,328,61.0,8,no,4.71,649.94,2,30,0,0,A class
2487,Chevrolet Malibu,2015,832,31.0,6,French,4.12,686.74,2,24,1,0,B class
2895,Hyundai Sonata,2021,605,21.0,1,no,4.68,1112.4,2,29,2,0,A class
2348,Kia Optima,2022,738,60.0,15,French,4.76,971.79,1,35,1,0,A class
2303,Hyundai Sonata,2012,41,32.0,10,no,4.32,702.02,3,15,2,1,A class
1327,Honda Accord,2015,319,47.0,19,Arabic,4.69,665.74,2,64,2,0,A class
284,Kia Optima,2012,484,21.0,1,no,3.83,270.98,9,14,1,2,B class
2293,Kia Optima,2020,214,42.0,10,no,4.53,777.86,7,15,0,1,B class
158,Ford Fusion,2009,726,52.0,23,no,4.65,1063.42,0,40,1,1,A class
2280,Nissan Altima,2018,663,67.0,11,no,4.12,650.18,3,30,1,0,B class
1506,Nissan Altima,2014,88,37.0,0,no,4.93,769.29,4,54,1,1,A class
904,Chevrolet Malibu,2007,57,27.0,6,no,4.6,798.72,4,41,0,0,A class
1346,Nissan Altima,2018,676,27.0,7,no,4.42,681.17,4,20,1,2,B class
1270,Hyundai Sonata,2022,418,,16,Portuguese,4.95,1176.66,2,41,0,0,A class
2431,Ford Fusion,2017,206,37.0,4,no,4.36,489.32,6,23,1,2,B class
976,Toyota Camry,2017,129,55.0,24,no,4.17,625.82,2,34,3,0,B class
2361,Honda Accord,2015,218,56.0,0,Mandarin,3.85,624.93,3,16,2,2,B class
1646,Kia Optima,2018,492,60.0,13,Spanish,4.36,583.12,3,27,0,1,B class
1680,Kia Optima,2007,18,29.0,9,Spanish,3.98,335.7,8,17,2,0,B class
2161,Kia Optima,2015,739,,4,no,4.38,505.22,2,28,0,0,B class
123,Honda Accord,2012,540,,12,no,4.49,774.99,2,41,2,0,A class
1073,Nissan Altima,2005,174,41.0,7,no,4.51,614.17,0,28,1,0,B class
1535,Kia Optima,2018,841,33.0,11,Mandarin,4.14,536.43,3,14,2,0,B class
1305,Chevrolet Malibu,2012,576,66.0,7,Arabic,4.08,482.99,4,12,0,0,B class
2424,Kia Optima,2005,731,48.0,14,no,4.74,959.83,2,40,1,0,A class
2519,Hyundai Sonata,2021,279,44.0,12,Arabic,4.8,1083.46,2,47,1,0,A class
418,Chevrolet Malibu,2014,219,30.0,10,Portuguese,4.53,541.85,5,24,1,0,B class
2728,Toyota Camry,2020,385,46.0,13,Portuguese,4.98,764.02,2,28,0,0,A class
870,Hyundai Sonata,2014,624,51.0,18,Mandarin,4.66,804.03,3,23,2,1,A class
2433,Kia Optima,2007,216,54.0,15,Mandarin,4.28,521.38,1,47,2,0,B class
1031,Nissan Altima,2022,298,25.0,5,no,4.7,919.2,0,34,1,0,A class
2950,Kia Optima,2012,290,37.0,9,no,3.96,182.13,0,30,4,1,B class
2167,Ford Fusion,2022,48,33.0,12,no,4.1,471.16,2,18,0,0,B class
757,Toyota Camry,2018,395,27.0,4,no,4.76,990.75,6,58,1,0,A class
1702,Hyundai Sonata,2006,565,66.0,7,no,3.71,350.25,4,13,3,1,B class
1543,Honda Accord,2018,146,44.0,5,Mandarin,5.0,884.74,1,37,1,0,A class
1157,Nissan Altima,2016,381,30.0,3,Spanish,5.0,1041.48,1,44,1,0,A class
1109,Nissan Altima,2019,342,38.0,18,Russian,4.58,899.26,3,13,0,0,A class
68,Ford Fusion,2011,234,50.0,10,no,4.7,575.27,2,31,0,0,A class
2971,Nissan Altima,2007,550,60.0,13,no,4.94,936.8,1,25,0,1,A class
333,Hyundai Sonata,2015,558,60.0,10,French,4.38,622.21,4,55,1,0,A class
1593,Nissan Altima,2021,388,33.0,13,no,4.35,527.13,6,24,1,2,B class
337,Chevrolet Malibu,2021,875,,18,no,4.0,520.86,5,17,0,0,B class
913,Ford Fusion,2009,844,36.0,12,no,4.54,510.24,3,36,1,1,B class
1576,Ford Fusion,2009,375,37.0,17,Spanish,4.37,557.28,3,35,1,3,B class
1537,Chevrolet Malibu,2007,10,25.0,4,Spanish,4.68,1029.41,4,53,0,0,A class
2765,Hyundai Sonata,2022,841,41.0,16,no,4.73,866.41,2,39,0,0,A class
473,Chevrolet Malibu,2012,365,28.0,0,French,4.68,618.99,5,26,0,0,A class
902,Toyota Camry,2005,97,,11,Spanish,4.18,488.49,6,30,2,1,B class
1407,Ford Fusion,2011,725,43.0,20,no,4.33,754.47,4,40,2,0,A class
866,Nissan Altima,2007,197,53.0,17,Portuguese,4.13,505.05,5,15,1,0,B class
1536,Nissan Altima,2020,176,40.0,8,no,4.47,694.94,1,28,0,0,A class
885,Nissan Altima,2019,137,58.0,15,Portuguese,4.8,935.46,2,53,1,1,A class
478,Toyota Camry,2017,168,44.0,24,no,5.0,1060.15,1,44,1,0,A class
1330,Kia Optima,2012,328,27.0,7,Russian,4.22,526.46,0,32,0,0,B class
1567,Chevrolet Malibu,2018,724,64.0,18,French,4.81,1126.36,2,55,2,0,A class
1343,Kia Optima,2015,278,59.0,7,French,4.28,523.02,0,16,0,0,B class
742,Hyundai Sonata,2014,734,38.0,3,no,3.87,157.74,8,13,2,1,B class
2761,Kia Optima,2017,644,38.0,18,no,4.71,663.68,2,56,0,0,A class
1341,Toyota Camry,2011,119,62.0,15,Mandarin,4.68,955.52,5,24,0,0,A class
2614,Chevrolet Malibu,2014,27,65.0,23,no,3.88,620.72,1,12,2,0,B class
133,Chevrolet Malibu,2016,605,41.0,3,no,4.44,554.53,5,13,1,0,B class
2766,Chevrolet Malibu,2011,165,40.0,20,no,4.77,1097.55,1,48,0,0,A class
2607,Kia Optima,2010,424,60.0,3,Mandarin,4.96,774.03,4,34,1,0,A class
982,Kia Optima,2010,343,21.0,1,no,4.7,764.35,3,35,3,0,A class
1234,Ford Fusion,2005,166,52.0,7,French,4.26,650.79,3,41,1,1,B class
2051,Toyota Camry,2016,775,21.0,0,Arabic,4.03,441.67,3,15,0,0,B class
1629,Ford Fusion,2015,369,43.0,19,no,4.61,648.75,2,23,2,1,A class
2242,Hyundai Sonata,2011,591,53.0,11,no,3.98,523.85,5,20,2,4,B class
1757,Chevrolet Malibu,2007,92,23.0,3,no,3.38,0.0,4,5,3,2,B class
2460,Honda Accord,2012,359,63.0,21,no,4.52,723.64,3,23,2,1,A class
1150,Toyota Camry,2016,230,23.0,3,no,4.29,914.11,2,30,1,1,A class
2797,Kia Optima,2011,292,51.0,12,Spanish,4.2,653.38,0,48,2,0,A class
2320,Kia Optima,2013,815,26.0,6,no,5.0,897.22,1,26,1,0,A class
2516,Hyundai Sonata,2021,303,53.0,17,Arabic,4.43,922.96,2,27,2,2,A class
257,Honda Accord,2010,482,25.0,4,no,3.74,40.38,5,22,1,1,B class
551,Ford Fusion,2018,578,34.0,0,no,3.24,0.0,9,5,2,1,B class
634,Hyundai Sonata,2010,628,63.0,19,Russian,4.65,858.95,3,19,1,0,B class
899,Honda Accord,2014,533,22.0,2,no,4.63,968.09,3,46,2,0,A class
290,Toyota Camry,2011,620,56.0,11,Spanish,4.8,1091.46,0,45,1,0,A class
2397,Nissan Altima,2020,13,55.0,11,Arabic,4.77,1045.69,6,25,1,0,A class
778,Chevrolet Malibu,2016,68,45.0,10,no,4.17,376.27,4,14,0,0,B class
2357,Hyundai Sonata,2018,554,63.0,14,French,4.46,516.29,2,17,1,1,B class
54,Toyota Camry,2021,891,61.0,24,Spanish,4.53,956.91,2,16,0,0,A class
1808,Honda Accord,2018,76,50.0,13,no,4.25,594.28,0,18,1,0,B class
2153,Toyota Camry,2015,134,55.0,10,Portuguese,4.44,896.48,0,25,4,1,A class
558,Nissan Altima,2010,512,39.0,19,no,4.17,476.21,1,29,3,1,B class
2763,Toyota Camry,2011,748,22.0,2,Spanish,4.17,662.44,2,26,3,1,B class
41,Kia Optima,2015,653,62.0,24,French,4.47,688.08,3,20,1,0,B class
2181,Hyundai Sonata,2019,419,62.0,0,Spanish,4.95,1020.02,1,57,0,0,A class
1173,Honda Accord,2005,700,48.0,6,Spanish,4.39,865.61,3,36,2,1,A class
262,Ford Fusion,2021,844,30.0,10,French,4.65,768.38,2,52,0,0,A class
2174,Ford Fusion,2020,685,25.0,5,Spanish,4.04,269.32,2,4,0,0,B class
2079,Ford Fusion,2015,21,58.0,9,no,4.52,1025.88,3,27,2,1,A class
84,Kia Optima,2012,779,22.0,2,Mandarin,4.73,566.3,1,28,1,0,A class
2399,Nissan Altima,2008,350,25.0,0,Spanish,4.09,549.77,5,32,2,1,B class
2420,Hyundai Sonata,2013,734,39.0,18,Spanish,4.62,798.62,2,46,1,0,A class
1084,Nissan Altima,2021,555,,2,French,4.48,162.68,2,25,1,0,B class
1890,Kia Optima,2011,601,60.0,16,French,4.54,516.18,3,31,1,1,B class
2783,Toyota Camry,2021,168,56.0,15,no,4.16,431.51,4,25,2,0,B class
2009,Kia Optima,2010,283,40.0,11,no,4.51,854.75,3,43,2,0,A class
31,Honda Accord,2009,816,63.0,8,no,4.33,786.33,1,30,1,1,A class
1538,Nissan Altima,2005,310,49.0,24,no,4.9,962.9,3,22,0,0,A class
783,Kia Optima,2017,510,59.0,16,no,4.75,665.38,0,51,1,0,A class
2416,Nissan Altima,2006,448,25.0,5,no,4.65,666.04,0,32,4,0,A class
2737,Honda Accord,2006,133,56.0,0,no,4.56,935.53,2,41,1,1,A class
209,Toyota Camry,2007,629,32.0,12,Arabic,4.94,975.3,4,33,2,0,A class
2657,Chevrolet Malibu,2019,605,25.0,0,Portuguese,4.05,364.34,2,17,2,1,B class
1914,Hyundai Sonata,2021,496,64.0,23,Mandarin,5.0,1343.52,0,55,0,0,A class
1607,Kia Optima,2021,605,43.0,1,no,4.8,949.0,2,13,2,0,A class
1021,Toyota Camry,2022,511,35.0,14,Spanish,4.33,560.22,2,15,1,3,B class
2656,Toyota Camry,2011,521,52.0,6,no,4.37,832.57,2,31,3,0,B class
1404,Honda Accord,2008,229,46.0,1,Arabic,5.0,1263.81,0,56,0,0,A class
2046,Toyota Camry,2013,455,42.0,10,Arabic,4.1,649.78,1,28,0,0,B class
1207,Nissan Altima,2021,477,36.0,10,no,4.62,918.05,0,45,0,0,A class
2891,Toyota Camry,2016,486,64.0,24,no,4.58,663.17,1,46,4,0,A class
49,Kia Optima,2015,626,41.0,7,no,4.6,753.74,3,36,0,1,A class
210,Ford Fusion,2010,538,60.0,6,no,4.12,654.71,5,35,2,1,B class
2223,Hyundai Sonata,2021,688,23.0,3,French,5.0,1108.35,1,38,1,0,A class
1492,Toyota Camry,2020,471,60.0,15,no,4.75,773.66,0,33,2,1,A class
894,Kia Optima,2013,400,52.0,12,no,4.54,892.9,1,31,0,3,A class
154,Toyota Camry,2015,30,48.0,2,Arabic,4.01,591.98,6,34,1,1,B class
2301,Chevrolet Malibu,2012,125,41.0,4,no,4.12,500.24,2,29,1,1,B class
1591,Hyundai Sonata,2013,870,,19,no,4.09,332.11,1,7,0,1,B class
395,Nissan Altima,2005,526,43.0,6,Mandarin,4.31,666.95,1,25,1,0,B class
1148,Ford Fusion,2013,432,54.0,9,no,3.78,386.95,2,13,3,0,B class
1380,Hyundai Sonata,2016,506,46.0,0,no,4.01,575.21,2,33,1,0,B class
1968,Ford Fusion,2018,256,50.0,4,Spanish,4.53,895.53,3,37,2,0,A class
1159,Chevrolet Malibu,2013,608,,20,French,4.5,647.71,5,27,3,0,B class
2058,Ford Fusion,2021,291,32.0,2,Russian,4.28,552.3,5,18,2,1,B class
269,Hyundai Sonata,2010,435,22.0,2,no,5.0,817.75,1,45,0,0,A class
386,Honda Accord,2017,809,36.0,16,no,4.99,642.86,2,49,2,1,A class
1634,Hyundai Sonata,2007,560,55.0,6,Mandarin,4.19,321.21,7,25,6,2,B class
1245,Toyota Camry,2015,709,59.0,0,no,3.98,603.4,3,28,1,0,B class
42,Hyundai Sonata,2007,321,44.0,9,no,4.45,677.89,2,24,2,0,A class
2940,Toyota Camry,2017,362,50.0,21,Portuguese,5.0,1213.62,0,49,0,0,A class
598,Honda Accord,2020,714,57.0,13,no,4.36,810.47,1,10,0,0,A class
1090,Honda Accord,2019,106,67.0,9,no,4.59,849.66,1,33,1,0,A class
1932,Nissan Altima,2021,252,59.0,8,no,4.21,630.78,5,20,3,1,B class
1657,Chevrolet Malibu,2011,96,52.0,1,no,4.01,461.26,5,17,1,0,B class
681,Hyundai Sonata,2018,722,30.0,1,no,4.8,1055.9,2,42,1,1,A class
570,Kia Optima,2018,162,47.0,9,Mandarin,4.36,689.27,4,44,1,0,A class
525,Hyundai Sonata,2011,809,64.0,15,no,4.15,503.69,1,25,2,0,B class
2723,Kia Optima,2008,311,53.0,7,no,4.65,897.49,5,25,1,0,A class
1566,Nissan Altima,2009,415,29.0,7,no,4.53,856.03,3,43,3,0,A class
103,Nissan Altima,2020,873,27.0,7,no,4.31,454.94,8,24,2,2,B class
1329,Nissan Altima,2005,583,36.0,4,no,4.2,677.91,4,9,1,1,B class
2144,Toyota Camry,2017,619,26.0,6,no,5.0,1063.41,2,47,1,0,A class
2896,Kia Optima,2017,64,58.0,5,no,4.49,806.23,4,28,3,0,B class
305,Hyundai Sonata,2005,776,32.0,9,no,4.33,661.99,6,43,4,1,B class
1519,Toyota Camry,2018,263,54.0,21,no,5.0,1192.18,1,74,0,0,A class
1017,Chevrolet Malibu,2020,893,24.0,4,no,4.37,627.96,0,21,2,0,B class
2406,Ford Fusion,2010,47,31.0,11,no,4.63,663.7,4,25,2,1,A class
2116,Chevrolet Malibu,2007,142,59.0,0,Mandarin,4.48,538.1,3,24,0,2,B class
222,Ford Fusion,2020,255,47.0,10,no,4.84,1181.92,1,53,2,1,A class
2425,Nissan Altima,2013,734,29.0,9,no,4.28,550.77,1,26,0,1,B class
226,Kia Optima,2022,830,29.0,6,no,4.72,880.64,7,41,0,1,A class
2840,Hyundai Sonata,2020,391,53.0,4,Spanish,4.31,583.43,3,34,1,1,A class
2356,Ford Fusion,2019,592,26.0,6,no,4.32,609.08,4,28,3,1,A class
1761,Nissan Altima,2018,68,67.0,9,no,4.98,1036.87,1,32,0,0,A class
1361,Toyota Camry,2019,232,27.0,7,French,2.9,0.0,9,1,1,0,B class
2799,Nissan Altima,2014,802,57.0,24,French,5.0,1090.52,3,57,0,0,A class
2409,Chevrolet Malibu,2012,381,43.0,23,no,4.61,782.93,3,59,2,0,A class
1493,Honda Accord,2012,566,48.0,20,Mandarin,3.37,0.0,5,1,1,0,B class
2189,Honda Accord,2021,586,45.0,24,no,5.0,977.31,2,56,1,1,A class
2202,Nissan Altima,2020,244,66.0,2,Russian,4.83,921.2,2,39,0,1,A class
2010,Nissan Altima,2010,736,38.0,16,no,4.44,704.49,5,25,1,2,B class
206,Ford Fusion,2011,561,54.0,22,Spanish,5.0,1321.33,0,65,0,0,A class
1028,Kia Optima,2008,616,54.0,4,no,4.82,977.1,2,52,1,0,A class
2707,Hyundai Sonata,2009,340,65.0,6,no,5.0,1050.66,3,65,3,1,A class
2080,Kia Optima,2008,472,61.0,1,Portuguese,4.75,980.02,1,41,2,0,A class
1047,Chevrolet Malibu,2007,697,63.0,15,no,4.63,723.51,4,43,0,0,A class
694,Honda Accord,2017,147,31.0,0,no,3.92,112.1,8,17,2,1,B class
2360,Kia Optima,2011,65,56.0,19,no,4.28,394.5,1,25,0,0,B class
2324,Ford Fusion,2006,409,44.0,9,Mandarin,4.82,912.82,3,21,2,0,A class
1187,Kia Optima,2010,330,46.0,7,no,4.95,994.23,4,37,0,0,A class
1370,Kia Optima,2010,869,64.0,16,no,4.74,905.35,5,48,1,0,A class
1908,Hyundai Sonata,2018,250,47.0,7,Arabic,4.67,866.41,3,33,1,0,A class
17,Ford Fusion,2016,303,62.0,15,no,4.33,649.1,1,15,1,1,B class
2970,Chevrolet Malibu,2019,423,39.0,19,no,4.24,798.18,5,30,2,1,B class
1677,Ford Fusion,2022,321,64.0,10,no,4.56,956.46,5,25,0,1,A class
1185,Kia Optima,2013,107,37.0,3,Russian,4.32,417.42,4,25,2,0,B class
657,Ford Fusion,2022,305,39.0,7,Russian,4.5,638.04,3,25,1,0,A class
1572,Nissan Altima,2011,766,29.0,9,no,4.08,471.75,3,17,1,1,B class
1738,Nissan Altima,2013,137,31.0,11,Spanish,4.31,658.21,1,22,2,1,B class
1420,Ford Fusion,2018,181,61.0,9,Arabic,4.95,1047.89,2,44,1,1,A class
400,Chevrolet Malibu,2009,408,65.0,4,Spanish,4.58,879.01,1,45,1,1,A class
619,Ford Fusion,2009,225,57.0,22,no,4.76,914.47,3,24,2,0,A class
509,Hyundai Sonata,2015,301,62.0,4,no,3.82,240.68,3,10,0,1,B class
868,Hyundai Sonata,2005,811,31.0,4,Portuguese,4.08,521.22,3,11,0,1,B class
887,Nissan Altima,2006,794,60.0,6,no,3.86,348.44,2,15,1,1,B class
600,Toyota Camry,2009,283,,15,no,4.34,606.5,1,26,0,1,A class
2699,Chevrolet Malibu,2010,671,42.0,2,no,4.0,456.11,1,29,2,1,B class
458,Honda Accord,2011,897,55.0,7,no,4.4,605.23,1,23,1,0,B class
1118,Chevrolet Malibu,2017,335,59.0,18,Spanish,4.4,508.65,2,38,1,0,B class
871,Chevrolet Malibu,2010,433,56.0,2,Portuguese,3.94,462.78,4,13,1,1,B class
791,Ford Fusion,2009,507,56.0,11,no,4.32,531.81,6,18,2,1,B class
955,Kia Optima,2017,793,29.0,9,no,3.54,298.99,4,10,2,0,B class
651,Toyota Camry,2011,369,46.0,8,Portuguese,4.08,603.0,6,27,1,1,B class
734,Chevrolet Malibu,2011,899,31.0,11,no,4.2,558.91,1,22,1,2,B class
2803,Hyundai Sonata,2009,139,62.0,0,no,4.32,742.06,2,35,3,1,A class
380,Nissan Altima,2012,621,31.0,11,Spanish,4.16,804.47,2,38,1,0,B class
957,Honda Accord,2012,262,,8,French,4.14,408.24,4,22,3,2,B class
172,Honda Accord,2022,544,37.0,12,Spanish,3.84,480.54,3,9,2,1,B class
1945,Kia Optima,2017,121,67.0,4,Spanish,5.0,919.75,0,43,1,0,A class
660,Toyota Camry,2008,255,32.0,9,no,4.15,605.58,2,15,0,1,B class
1095,Toyota Camry,2022,435,57.0,14,no,4.25,695.68,2,30,0,0,B class
643,Honda Accord,2022,425,60.0,7,no,4.22,314.71,0,7,1,1,B class
169,Kia Optima,2018,785,33.0,13,no,4.49,684.75,4,35,3,1,A class
