courier_id,city,vehicle_type,vehicle_age_years,days_since_service,age,tenure_days,rating,total_earnings,number_of_orders,number_of_five_star_orders,on_time_rate,courier_tier
5000,Seattle,Bicycle,3,60,20,1718,3.81,13999.22,32,7,0.625,Standard
5001,Austin,Walking,7,613,22,699,4.69,14639.53,31,12,0.7742,Gold
5002,Denver,Car,7,399,54,164,3.95,8522.83,34,4,0.5588,Standard
5003,Boston,Car,7,105,63,148,3.92,7106.86,29,6,0.5517,Standard
5004,Chicago,Bicycle,9,218,40,192,3.97,10204.6,12,1,0.3333,Standard
5005,Denver,Car,11,125,57,1031,4.24,12925.85,34,4,0.4412,Standard
5006,Boston,E-bike,1,419,25,1045,3.9,12294.93,23,3,0.6087,Standard
5007,Denver,E-bike,3,640,51,248,3.96,9289.01,26,7,0.6538,Standard
5008,Chicago,Car,11,262,18,1715,4.05,16596.42,37,11,0.7838,Standard
5009,Austin,Car,8,324,20,394,4.32,12795.67,42,13,0.6905,Gold
5010,Denver,Walking,3,243,40,1581,4.09,16018.73,17,4,0.7059,Standard
5011,Boston,Bicycle,6,228,38,1150,4.61,17281.23,26,15,0.8077,Gold
5012,Chicago,Car,12,678,50,1719,4.97,20300.12,27,19,0.8889,Gold
5013,Boston,Scooter,8,79,50,477,3.65,7309.26,21,1,0.5714,Standard
5014,Austin,E-bike,2,462,36,70,3.9,9352.31,26,3,0.6154,Standard
5015,Chicago,Scooter,1,27,63,734,4.33,10520.48,27,1,0.4815,Standard
5016,Seattle,Scooter,3,66,54,1044,4.87,15581.31,24,14,0.75,Gold
5017,Austin,Car,7,612,44,852,4.23,12338.58,38,6,0.6842,Standard
5018,Denver,E-bike,6,163,27,227,4.43,10361.85,31,8,0.6129,Standard
5019,Boston,Car,12,372,41,259,3.86,7883.0,35,4,0.5143,Standard
5020,Seattle,Car,6,198,39,950,3.71,9018.53,37,3,0.5135,Standard
5021,Boston,E-bike,4,426,51,445,4.14,11052.47,37,14,0.7027,Standard
5022,Chicago,Car,12,637,18,1605,4.22,13635.65,30,4,0.6,Standard
5023,Denver,Bicycle,12,188,48,944,4.83,15770.95,28,19,0.75,Gold
5024,Seattle,Car,12,48,26,1274,3.89,12346.55,25,4,0.52,Standard
5025,Boston,E-bike,6,98,26,422,4.21,11253.39,28,8,0.4643,Standard
5026,Austin,Walking,1,89,62,1520,4.45,19572.73,31,19,0.871,Gold
5027,Austin,Scooter,12,541,56,1382,4.23,14769.62,29,6,0.5862,Standard
5028,Seattle,Car,9,280,46,1637,4.43,19586.91,29,12,0.7586,Gold
5029,Austin,Car,6,81,21,499,4.9,15618.45,26,18,0.8846,Gold
5030,Denver,Car,3,511,49,1018,4.37,16433.61,30,14,0.8333,Gold
5031,Seattle,Bicycle,4,138,25,1496,4.26,18346.5,32,17,0.7812,Standard
5032,Boston,Car,7,368,55,488,4.08,9775.11,34,9,0.6471,Standard
5033,Austin,E-bike,6,104,59,216,4.16,13640.56,20,6,0.65,Gold
5034,Austin,E-bike,10,360,35,140,3.69,5309.4,27,5,0.4444,Standard
5035,Seattle,Bicycle,8,284,45,1234,4.49,17405.66,22,14,0.7727,Gold
5036,Denver,Car,9,49,28,1714,4.14,12728.84,26,1,0.4615,Standard
5037,Seattle,E-bike,2,628,28,1251,4.29,15415.84,31,10,0.7419,Standard
5038,Chicago,Walking,3,527,36,870,4.39,10463.47,34,7,0.7059,Standard
5039,Seattle,E-bike,11,108,22,69,4.2,10411.43,34,13,0.5588,Standard
5040,Seattle,Car,11,658,24,1689,4.73,22678.06,35,26,0.9429,Gold
5041,Seattle,Bicycle,7,338,45,230,3.96,7992.09,25,5,0.52,Standard
5042,Seattle,E-bike,3,242,52,1554,4.59,17469.96,20,8,0.8,Standard
5043,Chicago,Bicycle,8,647,19,524,4.85,15995.7,28,18,0.9286,Gold
5044,Denver,E-bike,9,298,56,589,4.55,14863.35,35,18,0.6857,Gold
5045,Chicago,Walking,3,9,38,1431,5.0,21948.9,28,26,0.9286,Gold
5046,Seattle,Walking,12,498,36,414,4.55,11910.48,19,6,0.7368,Gold
5047,Boston,E-bike,5,468,33,218,4.35,10006.49,30,12,0.7333,Standard
5048,Chicago,Car,2,586,60,490,4.37,14928.33,38,19,0.7105,Gold
5049,Chicago,E-bike,4,317,56,872,4.21,12557.69,27,2,0.4815,Standard
5050,Denver,Scooter,5,310,55,208,4.77,14603.48,29,20,0.7241,Gold
5051,Austin,Bicycle,9,295,46,1421,4.12,16061.18,24,9,0.5833,Standard
5052,Boston,E-bike,2,378,49,763,4.15,11587.29,37,10,0.7297,Standard
5053,Denver,Car,2,231,20,1124,4.05,12027.1,31,6,0.4839,Standard
5054,Austin,Car,4,118,34,1571,5.0,22797.38,27,23,0.9259,Gold
5055,Denver,Scooter,5,541,19,857,4.07,11977.28,38,4,0.5526,Standard
5056,Denver,Car,5,238,27,286,4.5,12548.91,24,14,0.75,Gold
5057,Seattle,Bicycle,7,643,37,1188,4.24,17423.24,23,7,0.9565,Gold
5058,Chicago,E-bike,10,675,55,1222,5.0,20232.9,18,14,1.0,Gold
5059,Boston,E-bike,4,289,31,1110,4.23,12968.38,27,2,0.5556,Standard
5060,Chicago,Car,6,513,53,1382,4.56,20101.93,28,15,0.8571,Gold
5061,Boston,Scooter,10,254,29,1251,4.24,13173.64,25,8,0.56,Standard
5062,Seattle,E-bike,12,598,21,886,4.3,12204.94,29,4,0.6897,Standard
5063,Boston,E-bike,11,181,20,1083,4.61,16417.79,24,11,0.75,Gold
5064,Boston,E-bike,9,456,18,225,4.6,12297.4,31,10,0.7097,Gold
5065,Austin,E-bike,6,543,45,491,4.66,12920.48,32,15,0.9062,Gold
5066,Boston,Scooter,12,602,36,823,5.0,16658.05,26,19,0.8846,Gold
5067,Boston,Bicycle,12,162,32,789,3.69,8956.4,24,0,0.25,Standard
5068,Chicago,Scooter,11,670,48,1264,4.97,20857.15,30,22,0.9333,Gold
5069,Chicago,Car,2,215,40,1488,5.0,22491.45,27,22,0.9259,Gold
5070,Seattle,Scooter,5,569,51,288,3.57,7541.35,18,1,0.5,Standard
5071,Chicago,Car,3,22,31,1086,4.8,18204.59,21,13,0.7619,Gold
5072,Chicago,Scooter,12,49,39,1663,4.21,15467.84,30,5,0.5333,Standard
5073,Seattle,E-bike,8,336,34,1606,4.51,17359.46,35,12,0.7143,Gold
5074,Seattle,Walking,4,426,39,262,4.25,11529.82,27,2,0.5926,Standard
5075,Austin,E-bike,2,12,20,665,4.81,13400.91,34,22,0.8824,Gold
5076,Boston,Bicycle,7,135,20,859,4.6,15226.39,40,20,0.725,Gold
5077,Seattle,Walking,8,564,29,382,4.57,13497.35,33,10,0.5455,Gold
5078,Austin,Bicycle,2,43,48,1268,4.61,16180.84,36,11,0.6944,Gold
5079,Austin,Bicycle,7,477,23,1203,4.19,10838.85,19,4,0.4737,Standard
5080,Chicago,E-bike,8,191,27,819,4.32,14185.76,25,9,0.4,Standard
5081,Chicago,Car,4,459,60,395,3.63,7940.82,25,3,0.64,Standard
5082,Denver,Car,4,245,39,1596,3.99,14232.43,31,3,0.5161,Standard
5083,Seattle,Bicycle,4,498,37,1682,4.5,18906.98,38,30,0.8421,Gold
5084,Austin,E-bike,12,54,50,708,3.93,9371.04,40,2,0.45,Standard
5085,Denver,E-bike,5,107,40,1438,4.42,17906.53,27,14,0.7407,Gold
5086,Denver,Car,1,275,38,753,4.14,12178.68,29,6,0.5517,Standard
5087,Austin,Car,11,40,31,533,4.23,14832.89,27,7,0.8148,Gold
5088,Denver,Scooter,11,5,18,1551,4.31,13465.17,27,4,0.4074,Standard
5089,Chicago,Scooter,8,68,49,1755,4.49,15969.57,30,14,0.7333,Gold
5090,Austin,Car,8,568,51,1480,4.75,16715.49,35,16,0.6286,Gold
5091,Boston,Walking,9,44,33,924,4.64,14378.8,30,14,0.6,Gold
5092,Austin,Scooter,2,305,44,954,4.19,13717.78,32,5,0.5938,Standard
5093,Seattle,Car,12,5,40,387,3.84,7565.62,38,5,0.5263,Standard
5094,Boston,E-bike,6,229,35,1708,4.0,15102.46,34,4,0.5588,Standard
5095,Chicago,Car,2,511,49,1079,4.57,16843.83,16,11,0.875,Gold
5096,Denver,E-bike,1,60,46,1302,4.71,15573.84,27,11,0.6296,Gold
5097,Seattle,Car,9,657,31,865,4.1,10892.91,30,4,0.3667,Standard
5098,Denver,Bicycle,11,436,59,635,4.71,16488.13,25,15,0.8,Gold
5099,Austin,Car,7,239,36,959,3.38,10640.72,22,2,0.3182,Standard
5100,Austin,Bicycle,11,16,20,962,4.06,13132.52,24,7,0.5,Standard
5101,Denver,E-bike,9,658,24,1412,4.18,14033.15,36,11,0.6667,Standard
5102,Austin,Scooter,1,147,26,136,3.9,7386.22,42,7,0.5714,Standard
5103,Denver,Car,8,476,61,375,4.19,13366.31,26,15,0.8462,Gold
5104,Boston,Car,10,207,59,936,4.86,15441.61,31,19,0.6452,Gold
5105,Denver,E-bike,4,10,34,904,3.94,11147.68,37,5,0.6757,Standard
5106,Austin,Car,7,264,39,1722,4.09,14727.53,20,1,0.65,Standard
5107,Boston,Walking,1,125,60,1635,3.97,12423.57,19,0,0.6316,Standard
5108,Denver,Car,8,587,39,428,4.25,11871.15,30,4,0.5333,Standard
5109,Seattle,Bicycle,10,208,40,561,4.48,14677.72,29,16,0.7931,Gold
5110,Seattle,Bicycle,9,313,31,1741,4.8,18790.15,27,14,0.8148,Gold
5111,Chicago,Scooter,2,528,42,943,4.2,14347.64,36,10,0.6944,Standard
5112,Seattle,E-bike,6,56,21,1600,4.51,19747.95,29,14,0.5517,Gold
5113,Boston,Bicycle,7,510,24,1518,3.88,14782.81,29,11,0.6897,Standard
5114,Denver,Walking,9,558,40,1137,4.46,16429.03,26,6,0.7308,Standard
5115,Denver,E-bike,10,7,57,1627,4.3,16800.17,23,8,0.5652,Standard
5116,Chicago,Car,1,582,24,457,4.59,10152.34,30,6,0.6,Standard
5117,Denver,Car,8,550,35,424,4.98,17446.33,31,25,0.9677,Gold
5118,Denver,Car,10,138,41,173,4.4,9933.06,39,9,0.641,Standard
5119,Seattle,Car,7,188,46,899,4.46,16134.42,19,7,0.4737,Gold
5120,Austin,E-bike,5,153,39,157,3.99,8721.7,26,6,0.7692,Standard
5121,Austin,Bicycle,11,460,38,780,4.83,17885.04,21,14,0.8095,Gold
5122,Boston,Car,11,85,40,1336,3.72,9013.51,27,0,0.5556,Standard
5123,Seattle,Car,6,395,22,457,3.82,9214.75,31,1,0.4839,Standard
5124,Boston,Bicycle,5,502,53,852,4.63,13225.71,30,12,0.6,Standard
5125,Denver,E-bike,7,320,54,706,4.71,16668.91,27,18,0.8148,Gold
5126,Denver,Car,7,173,37,1562,4.4,15694.34,29,11,0.6552,Standard
5127,Chicago,Car,5,494,25,1019,4.37,13190.58,34,9,0.6176,Standard
5128,Seattle,Bicycle,5,37,51,80,4.77,11759.84,31,10,0.7419,Gold
5129,Seattle,Car,2,237,57,1453,4.45,15033.01,22,5,0.5,Standard
5130,Boston,Bicycle,5,113,52,1258,3.8,13324.32,34,4,0.5882,Standard
5131,Boston,Scooter,11,522,53,552,4.15,10501.58,25,4,0.52,Standard
5132,Denver,Car,8,63,39,724,4.24,12464.97,26,5,0.6538,Standard
5133,Boston,Walking,10,673,26,1641,4.28,17666.01,26,12,0.6538,Standard
5134,Denver,Bicycle,10,242,59,988,4.09,15311.76,32,9,0.625,Standard
5135,Denver,Car,3,106,31,165,5.0,14887.78,26,18,0.8462,Gold
5136,Seattle,Car,2,549,36,1145,4.02,11993.01,34,7,0.5882,Standard
5137,Austin,Bicycle,2,273,38,555,4.81,16378.22,28,19,0.8929,Gold
5138,Chicago,Walking,8,596,38,583,3.84,10349.79,24,3,0.6667,Standard
5139,Chicago,Car,4,140,35,637,4.03,9585.74,28,4,0.7143,Standard
5140,Seattle,Scooter,12,269,35,268,4.22,10472.92,26,9,0.5769,Standard
5141,Seattle,Scooter,5,341,51,847,3.9,9718.45,30,4,0.5333,Standard
5142,Seattle,E-bike,12,136,43,910,4.54,17597.14,25,15,0.64,Gold
5143,Seattle,E-bike,5,4,18,1780,3.8,14558.05,28,4,0.5714,Standard
5144,Chicago,Bicycle,6,603,20,487,3.7,8357.06,26,2,0.4615,Standard
5145,Seattle,Bicycle,2,388,58,1308,4.43,15847.91,27,9,0.8148,Gold
5146,Denver,E-bike,9,484,38,468,4.05,10212.01,35,5,0.5429,Standard
5147,Chicago,Car,3,207,44,1128,4.14,14092.63,31,10,0.7419,Standard
5148,Austin,Walking,12,370,53,686,4.78,16940.84,24,17,0.7917,Gold
5149,Chicago,Walking,1,623,38,229,3.64,5066.88,27,2,0.5185,Standard
5150,Boston,Bicycle,2,205,48,898,4.71,15716.96,28,11,0.6786,Gold
5151,Seattle,E-bike,10,311,36,494,4.35,13705.73,27,11,0.7037,Gold
5152,Chicago,Bicycle,9,420,60,579,3.99,9116.93,27,3,0.5185,Standard
5153,Boston,Walking,3,220,20,1778,4.68,17202.14,27,13,0.6667,Gold
5154,Chicago,Car,6,311,26,1578,5.0,21627.71,31,26,0.9032,Gold
5155,Chicago,Bicycle,10,557,52,536,4.81,14601.8,32,15,0.9062,Gold
5156,Seattle,Scooter,3,30,21,1669,4.61,17048.79,31,11,0.7419,Gold
5157,Chicago,E-bike,1,262,18,331,4.23,9003.72,26,7,0.5385,Standard
5158,Chicago,Car,7,541,33,197,4.09,9848.63,27,5,0.6667,Standard
5159,Seattle,Bicycle,12,579,33,35,3.58,4020.45,36,0,0.2778,Standard
5160,Austin,E-bike,10,137,32,536,4.25,13907.32,25,15,0.84,Gold
5161,Seattle,Car,6,356,32,331,4.2,10550.3,38,12,0.7105,Standard
5162,Seattle,E-bike,11,145,42,1054,3.86,8486.35,22,4,0.5455,Standard
5163,Seattle,Car,5,126,37,860,4.13,11574.25,35,13,0.5714,Standard
5164,Boston,E-bike,8,67,21,468,4.68,11960.68,36,17,0.7222,Gold
5165,Seattle,E-bike,9,348,40,1444,4.62,14482.11,23,6,0.7826,Standard
5166,Seattle,E-bike,11,690,61,1579,4.73,16990.93,37,18,0.5676,Gold
5167,Boston,Car,2,6,26,1121,4.61,13067.31,26,8,0.7692,Standard
5168,Chicago,Bicycle,3,234,47,538,3.97,7517.69,30,0,0.5,Standard
5169,Chicago,Bicycle,11,177,39,905,4.41,14217.35,23,7,0.6087,Standard
5170,Seattle,E-bike,9,425,56,1398,4.3,15828.33,35,8,0.7143,Standard
5171,Chicago,Scooter,11,292,38,1337,5.0,21745.58,25,19,0.92,Gold
5172,Boston,E-bike,11,473,21,692,4.3,12289.17,29,8,0.7586,Standard
5173,Chicago,E-bike,10,651,48,1388,4.74,17651.57,32,22,0.8438,Gold
5174,Austin,Scooter,8,632,28,404,4.66,11205.09,32,10,0.7188,Standard
5175,Seattle,E-bike,10,601,41,490,4.44,12612.87,35,7,0.6,Standard
5176,Seattle,Bicycle,6,573,29,707,4.55,16074.85,37,18,0.7027,Gold
5177,Boston,E-bike,7,185,61,513,3.96,11615.73,34,8,0.5294,Standard
5178,Denver,Car,4,541,50,1699,4.2,15049.89,22,4,0.7273,Standard
5179,Austin,E-bike,11,654,27,666,3.78,8371.7,23,5,0.5217,Standard
5180,Seattle,Walking,11,497,28,1053,4.3,14666.93,28,11,0.5714,Gold
5181,Austin,Walking,7,375,31,1469,4.02,13267.15,21,2,0.5714,Standard
5182,Boston,Walking,1,268,55,597,4.7,14473.77,35,20,0.8286,Gold
5183,Austin,Walking,3,507,49,258,4.09,8685.87,32,5,0.5938,Standard
5184,Chicago,Scooter,11,73,21,1474,4.36,17175.16,24,11,0.8333,Standard
5185,Seattle,Car,9,141,31,399,4.27,12199.44,25,8,0.72,Gold
5186,Denver,E-bike,6,429,19,351,4.07,8921.64,29,10,0.6897,Standard
5187,Boston,Bicycle,8,232,61,1127,4.48,18762.43,40,18,0.775,Gold
5188,Austin,Car,7,390,51,830,4.44,13191.37,27,16,0.6667,Gold
5189,Boston,Scooter,4,206,40,1064,4.26,16050.87,22,8,0.7727,Standard
5190,Seattle,Walking,3,230,18,199,4.14,7852.13,19,4,0.5263,Standard
5191,Austin,E-bike,8,305,36,1455,4.39,16639.05,32,12,0.7188,Gold
5192,Boston,Scooter,12,191,60,1582,3.72,12268.07,28,2,0.3214,Standard
5193,Austin,Car,2,281,62,985,4.94,17721.52,28,23,0.8214,Gold
5194,Chicago,E-bike,7,7,51,407,4.71,12646.38,32,14,0.8125,Gold
5195,Seattle,Walking,9,660,23,1538,4.16,16277.03,27,11,0.5926,Standard
5196,Seattle,Walking,9,637,44,1329,4.49,17164.93,36,16,0.75,Gold
5197,Denver,Car,4,598,21,1663,4.55,17628.52,26,11,0.7692,Gold
5198,Austin,Car,5,360,49,857,4.82,14489.28,23,9,0.7391,Gold
5199,Boston,E-bike,7,428,18,1474,4.49,12389.87,19,3,0.6316,Standard
5200,Boston,E-bike,5,333,43,1172,4.65,15997.19,34,17,0.8529,Gold
5201,Denver,Scooter,4,642,28,579,4.17,10432.03,38,6,0.6579,Standard
5202,Boston,E-bike,3,340,43,44,4.14,9570.98,27,5,0.7037,Standard
5203,Austin,Car,7,617,22,823,4.05,8646.02,30,4,0.6,Standard
5204,Austin,E-bike,2,526,36,800,4.58,17518.62,27,18,0.8519,Gold
5205,Boston,Bicycle,5,182,28,897,4.15,12996.42,26,3,0.6538,Standard
5206,Boston,Bicycle,12,674,59,1496,4.67,18645.02,36,15,0.8056,Gold
5207,Austin,E-bike,1,524,52,427,3.67,5251.48,24,0,0.2083,Standard
5208,Denver,Car,12,586,24,247,4.5,9658.58,28,4,0.7143,Standard
5209,Boston,E-bike,12,266,53,1430,4.52,17900.45,19,9,0.7368,Gold
5210,Seattle,Bicycle,2,655,51,686,4.31,10616.74,30,9,0.7,Standard
5211,Boston,Scooter,11,58,57,642,4.33,13644.79,40,8,0.625,Standard
5212,Seattle,Bicycle,2,224,51,763,4.38,13552.2,39,13,0.6667,Standard
5213,Chicago,E-bike,12,603,52,661,4.15,10148.27,31,5,0.6452,Standard
5214,Austin,Scooter,9,132,30,708,4.34,12176.23,28,5,0.4286,Standard
5215,Austin,E-bike,5,631,27,469,4.73,14294.62,30,20,0.9,Gold
5216,Austin,Bicycle,7,19,47,1210,4.44,14819.06,27,10,0.7778,Gold
5217,Denver,Walking,5,352,29,613,4.18,9323.19,32,8,0.5625,Standard
5218,Austin,Bicycle,5,560,46,1633,4.19,14056.14,27,4,0.6667,Standard
5219,Chicago,Car,8,558,26,339,4.4,11963.62,35,14,0.7143,Gold
5220,Boston,Scooter,2,174,40,128,3.97,7709.53,28,2,0.5,Standard
5221,Boston,Walking,1,519,36,648,4.99,16549.92,25,19,0.88,Gold
5222,Austin,Bicycle,7,551,52,1604,3.71,13789.99,35,7,0.3714,Standard
5223,Chicago,Car,1,595,63,1504,4.1,17698.11,18,4,0.8333,Standard
5224,Seattle,Car,3,211,39,271,4.28,10365.81,20,6,0.7,Standard
5225,Denver,Scooter,10,333,31,1565,4.28,13064.87,25,6,0.48,Standard
5226,Boston,Car,5,381,28,1510,4.4,19204.68,35,24,0.8571,Gold
5227,Chicago,Scooter,6,557,49,1171,4.58,13825.94,31,11,0.6129,Standard
5228,Boston,Scooter,3,167,29,1540,4.97,19424.44,35,19,0.8571,Gold
5229,Chicago,Bicycle,10,380,60,178,4.0,7050.89,23,3,0.5217,Standard
5230,Austin,Car,4,290,18,992,3.83,11975.63,30,5,0.6,Standard
5231,Austin,Car,1,30,41,605,3.5,7690.56,30,0,0.5667,Standard
5232,Austin,Walking,3,521,18,1148,4.44,17485.49,34,22,0.7941,Gold
5233,Chicago,Bicycle,4,162,31,919,4.29,13061.66,33,13,0.6667,Standard
5234,Austin,E-bike,6,404,25,86,4.46,11109.65,29,14,0.7931,Gold
5235,Denver,E-bike,10,138,42,40,4.27,7247.38,26,7,0.5769,Standard
5236,Denver,Car,3,60,49,455,4.91,18649.39,32,21,0.8125,Gold
5237,Austin,Bicycle,4,481,19,1234,4.21,12033.49,29,6,0.7586,Standard
5238,Seattle,Walking,4,457,23,1356,4.35,16233.8,31,12,0.6452,Standard
5239,Seattle,E-bike,12,334,54,258,4.51,14069.34,26,10,0.6923,Gold
5240,Seattle,E-bike,3,404,19,587,4.54,12437.16,28,11,0.8214,Gold
5241,Austin,E-bike,9,647,57,1213,4.49,14322.82,32,13,0.75,Gold
5242,Denver,Bicycle,4,595,32,626,4.59,12318.63,29,10,0.6552,Gold
5243,Austin,E-bike,5,236,23,314,4.57,12012.29,31,15,0.8387,Gold
5244,Boston,Car,2,380,26,431,4.7,12421.39,34,22,0.7941,Gold
5245,Denver,Car,2,361,57,317,3.88,8128.76,27,4,0.5556,Standard
5246,Boston,Bicycle,10,423,44,1314,4.71,15601.97,25,16,0.88,Gold
5247,Denver,Car,12,21,21,201,4.67,12347.39,31,10,0.7419,Gold
5248,Denver,Car,9,36,61,165,4.06,10243.33,36,14,0.6667,Standard
5249,Denver,Car,8,88,60,828,4.35,13339.05,20,6,0.65,Gold
5250,Seattle,Bicycle,8,135,18,1407,4.42,15420.29,29,10,0.7241,Standard
5251,Chicago,Scooter,11,343,48,894,4.94,17928.4,26,19,0.8077,Gold
5252,Chicago,Car,9,313,34,1490,5.0,21201.17,20,11,0.9,Gold
5253,Boston,Bicycle,1,298,56,1318,4.37,14401.38,22,12,0.5909,Standard
5254,Seattle,Car,7,14,60,1589,3.95,11997.48,25,0,0.4,Standard
5255,Chicago,E-bike,12,590,22,1116,4.24,12666.35,29,9,0.7241,Standard
5256,Austin,Bicycle,10,471,18,1203,3.69,10295.65,28,1,0.3571,Standard
5257,Seattle,Walking,11,671,55,248,4.26,11281.86,23,8,0.6957,Standard
5258,Seattle,Scooter,5,10,58,1699,4.56,17182.04,22,7,0.6364,Standard
5259,Austin,Car,4,278,29,547,4.72,13937.83,22,14,0.8182,Gold
5260,Chicago,Scooter,9,437,51,1768,3.93,15861.75,34,7,0.5882,Standard
5261,Chicago,Scooter,2,487,46,765,4.19,11239.67,27,10,0.6667,Standard
5262,Austin,Car,8,348,46,855,4.69,13698.99,25,9,0.6,Gold
5263,Chicago,Car,4,9,28,199,4.55,9123.92,20,7,0.65,Standard
5264,Denver,Car,8,506,57,1402,4.0,12891.87,24,5,0.5833,Standard
5265,Austin,E-bike,1,76,18,1403,4.49,15963.16,36,11,0.6667,Standard
5266,Denver,E-bike,5,52,54,244,3.91,8056.78,29,4,0.5517,Standard
5267,Chicago,Scooter,6,532,28,1165,4.19,17433.61,44,18,0.6364,Gold
5268,Seattle,E-bike,4,440,57,1480,3.93,13208.08,20,6,0.55,Standard
5269,Boston,Car,1,355,50,1788,3.99,15362.34,33,7,0.4242,Standard
5270,Boston,Car,8,48,59,1087,4.04,12982.12,35,5,0.6286,Standard
5271,Denver,E-bike,5,365,29,902,4.01,13802.63,22,3,0.5909,Standard
5272,Austin,E-bike,10,643,41,1725,4.88,20606.85,27,15,0.9259,Gold
5273,Seattle,Car,11,642,29,1520,4.52,17710.6,22,9,0.6818,Gold
5274,Denver,E-bike,7,112,46,1097,4.49,12899.14,29,7,0.5862,Standard
5275,Austin,Car,11,120,36,753,3.52,7745.76,26,2,0.4231,Standard
5276,Seattle,E-bike,9,535,45,567,3.93,6653.14,29,0,0.4828,Standard
5277,Seattle,Walking,8,431,20,753,4.08,10418.78,25,4,0.6,Standard
5278,Seattle,Car,7,671,28,1342,4.02,11704.75,34,4,0.4118,Standard
5279,Denver,Car,8,430,48,723,3.98,11832.84,33,10,0.6667,Standard
5280,Seattle,Car,5,99,52,667,3.96,7156.65,21,1,0.5238,Standard
5281,Chicago,Car,11,41,48,836,4.51,14392.07,37,19,0.6757,Gold
5282,Austin,Scooter,5,508,43,1368,4.61,17925.8,22,13,0.8636,Gold
5283,Austin,E-bike,7,667,50,714,4.42,15085.42,31,9,0.7097,Gold
5284,Seattle,Bicycle,11,386,55,1562,4.49,14360.87,27,8,0.6667,Standard
5285,Chicago,Bicycle,10,614,47,1678,4.46,19738.69,34,25,0.7059,Gold
5286,Austin,E-bike,7,48,53,1182,4.67,16859.06,28,15,0.75,Gold
5287,Seattle,E-bike,11,50,34,395,4.99,16169.66,23,17,0.913,Gold
5288,Seattle,Scooter,3,585,21,1306,3.81,14303.68,34,5,0.6471,Standard
5289,Chicago,E-bike,6,699,60,1317,3.97,14091.75,24,3,0.5417,Standard
5290,Chicago,E-bike,7,179,19,1629,4.18,11306.01,31,2,0.5806,Standard
5291,Denver,E-bike,6,374,44,938,4.44,13263.13,32,11,0.625,Gold
5292,Seattle,Bicycle,12,630,48,425,4.2,9678.36,34,3,0.6176,Standard
5293,Denver,Car,10,524,58,715,4.29,14016.85,29,11,0.7586,Standard
5294,Denver,Bicycle,1,78,32,78,4.58,12962.64,23,12,0.6522,Gold
5295,Boston,Scooter,7,648,47,1629,4.26,17258.66,29,6,0.7931,Gold
5296,Seattle,Walking,1,95,63,105,4.27,9368.9,25,8,0.76,Standard
5297,Austin,Scooter,3,610,25,1303,4.37,15992.57,32,14,0.75,Gold
5298,Seattle,Bicycle,7,133,33,1660,4.43,15427.66,27,5,0.7037,Standard
5299,Austin,E-bike,5,292,22,538,4.66,13755.15,34,20,0.7647,Gold
5300,Austin,Bicycle,10,519,49,1448,3.9,13559.91,32,8,0.5,Standard
5301,Boston,E-bike,1,538,23,1767,4.36,16171.11,31,14,0.7419,Standard
5302,Seattle,E-bike,10,268,41,809,4.56,13007.74,18,4,0.6667,Standard
5303,Boston,Bicycle,4,619,30,611,3.63,8988.1,28,4,0.5714,Standard
5304,Boston,Car,5,533,49,1178,4.76,16527.06,21,10,0.5238,Gold
5305,Chicago,Car,9,210,47,945,4.62,13237.81,22,5,0.6818,Standard
5306,Seattle,Scooter,5,146,52,433,3.92,6006.32,32,2,0.4688,Standard
5307,Chicago,Scooter,3,564,29,1641,3.99,14281.33,29,4,0.5517,Standard
5308,Austin,Car,3,587,51,327,4.15,11491.18,34,8,0.4412,Standard
5309,Chicago,Bicycle,10,434,53,1326,4.12,13765.02,28,7,0.5714,Standard
5310,Denver,E-bike,7,181,48,1429,4.47,16098.2,31,15,0.6452,Standard
5311,Boston,Bicycle,9,384,59,937,3.81,10659.09,16,3,0.5625,Standard
5312,Boston,Car,12,478,26,1069,4.26,12710.74,26,12,0.6923,Standard
5313,Denver,Bicycle,12,584,44,1774,4.53,18985.48,30,16,0.8333,Gold
5314,Seattle,Bicycle,2,697,48,1775,4.38,15809.98,32,5,0.6875,Standard
5315,Seattle,Car,9,492,61,940,4.28,12519.21,33,10,0.5758,Standard
5316,Seattle,Car,1,197,48,1399,4.09,14981.41,31,15,0.6452,Standard
5317,Boston,E-bike,11,605,42,1495,4.74,20813.75,24,14,0.7917,Gold
5318,Chicago,E-bike,5,323,30,143,4.64,10486.03,23,12,0.6957,Gold
5319,Austin,Bicycle,4,174,41,56,4.45,10734.28,47,18,0.766,Gold
5320,Denver,Bicycle,5,548,38,392,4.61,13999.16,22,14,0.9091,Gold
5321,Boston,Bicycle,10,623,47,411,4.29,11502.93,28,3,0.7143,Standard
5322,Boston,E-bike,12,468,55,1586,3.93,14732.32,34,8,0.5588,Standard
5323,Austin,Scooter,8,154,51,785,4.73,15672.75,31,17,0.7419,Gold
5324,Seattle,Car,5,166,38,1601,4.8,19189.07,24,8,0.8333,Gold
5325,Chicago,Scooter,8,90,20,1497,4.7,18809.02,24,12,0.8333,Gold
5326,Seattle,Car,10,23,41,1139,4.69,16387.0,39,27,0.8205,Gold
5327,Seattle,Car,12,636,48,602,4.41,12436.17,32,8,0.6562,Standard
5328,Boston,Car,3,427,46,1352,4.81,17881.84,21,14,0.9048,Gold
5329,Chicago,E-bike,6,695,35,481,4.59,15153.46,28,18,0.8571,Gold
5330,Denver,E-bike,3,35,34,860,3.98,11886.71,29,6,0.5517,Standard
5331,Austin,E-bike,12,294,23,228,4.1,10256.67,24,4,0.6667,Standard
5332,Chicago,E-bike,10,680,55,244,3.58,4521.33,28,1,0.4643,Standard
5333,Chicago,Bicycle,11,145,43,1198,4.25,14964.69,19,11,0.7895,Gold
5334,Chicago,Car,4,491,19,713,3.92,9522.06,42,3,0.5238,Standard
5335,Chicago,Car,1,585,55,744,4.18,12278.66,25,4,0.64,Standard
5336,Seattle,Car,2,501,47,1517,4.31,15597.76,33,6,0.5758,Standard
5337,Chicago,Scooter,11,557,37,1113,4.26,15230.25,35,12,0.5143,Standard
5338,Austin,Car,9,308,59,947,4.66,14655.22,21,10,0.7619,Gold
5339,Denver,E-bike,7,168,32,31,4.5,10707.32,24,6,0.7083,Standard
5340,Boston,Car,6,533,63,789,4.29,14349.65,35,15,0.8,Gold
5341,Seattle,E-bike,6,76,34,1282,5.0,22979.99,31,29,1.0,Gold
5342,Denver,Scooter,2,309,49,551,3.88,9516.93,33,6,0.6667,Standard
5343,Boston,Car,6,343,62,1512,4.6,19615.54,31,15,0.8065,Gold
5344,Denver,E-bike,1,377,25,1692,4.44,16059.31,20,5,0.65,Standard
5345,Boston,E-bike,10,545,43,1767,4.11,16488.1,17,6,0.4706,Gold
5346,Austin,Car,10,462,54,767,4.67,14250.36,28,13,0.75,Gold
5347,Seattle,Scooter,3,211,37,1347,4.43,16206.33,26,5,0.5385,Standard
5348,Seattle,Scooter,2,152,57,419,4.37,11079.65,35,12,0.6286,Standard
5349,Chicago,Scooter,6,324,56,1520,4.17,15102.83,26,4,0.5,Standard
5350,Denver,Walking,2,129,61,904,4.71,15064.7,29,15,0.6897,Gold
5351,Denver,Scooter,3,445,46,445,4.08,7331.17,40,4,0.475,Standard
5352,Boston,E-bike,1,44,47,558,4.39,11411.37,26,8,0.6154,Standard
5353,Austin,Bicycle,1,540,25,951,4.2,11314.25,26,12,0.8846,Standard
5354,Austin,Scooter,1,644,53,1749,4.26,17723.76,29,10,0.6552,Standard
5355,Boston,Scooter,1,141,52,1401,5.0,20407.95,26,19,0.9231,Gold
5356,Boston,Walking,5,522,58,1315,4.39,15574.36,32,12,0.5,Standard
5357,Boston,E-bike,4,339,50,1683,4.15,15160.26,27,8,0.6296,Standard
5358,Boston,E-bike,10,265,38,835,4.25,13966.39,24,6,0.8333,Standard
5359,Boston,E-bike,7,676,21,1364,4.57,15866.81,22,15,0.8182,Gold
5360,Chicago,Car,5,557,60,1230,4.13,14719.14,31,10,0.5161,Standard
5361,Boston,E-bike,9,380,53,1316,4.29,17190.79,30,13,0.6667,Standard
5362,Austin,Scooter,4,590,21,1425,4.07,14010.28,39,7,0.5641,Standard
5363,Austin,Car,4,344,41,1504,5.0,22401.85,32,31,1.0,Gold
5364,Denver,Bicycle,10,349,43,57,4.25,9886.38,27,9,0.5185,Standard
5365,Chicago,Bicycle,8,560,57,1029,4.25,11088.52,28,5,0.6786,Standard
5366,Chicago,Car,3,187,19,918,4.14,11900.72,27,5,0.7407,Standard
5367,Austin,Car,1,427,55,1553,4.11,17155.52,36,12,0.6944,Gold
5368,Denver,Car,8,243,63,899,4.56,15106.0,26,9,0.7308,Gold
5369,Chicago,Scooter,8,24,22,1491,4.26,15480.92,36,13,0.6111,Standard
5370,Austin,E-bike,11,390,29,578,3.45,6778.8,23,0,0.5217,Standard
5371,Boston,Bicycle,9,651,47,1394,4.24,16726.28,53,16,0.6792,Standard
5372,Seattle,Car,8,489,54,1720,4.64,19741.37,26,13,0.6923,Gold
5373,Chicago,Scooter,8,224,56,986,4.71,17278.07,23,14,0.7391,Gold
5374,Denver,Car,11,137,44,1506,4.35,14308.17,24,8,0.625,Standard
5375,Austin,E-bike,7,634,42,783,4.79,16575.32,30,17,0.7,Gold
5376,Seattle,E-bike,1,307,58,1594,4.08,14474.15,34,5,0.4118,Standard
5377,Denver,Bicycle,5,142,25,341,4.15,11439.27,16,8,0.625,Standard
5378,Boston,Scooter,3,689,60,1095,4.54,15916.32,20,8,0.75,Gold
5379,Seattle,E-bike,3,213,49,1769,4.5,18528.56,17,8,0.7059,Gold
5380,Seattle,Scooter,12,596,29,1052,4.77,16119.33,29,18,0.7931,Gold
5381,Boston,Car,10,546,31,986,4.35,14478.44,30,10,0.6,Gold
5382,Denver,Walking,9,115,53,367,4.72,15012.81,28,11,0.6786,Gold
5383,Denver,E-bike,10,95,45,1205,4.42,15086.19,30,8,0.4,Standard
5384,Boston,Scooter,5,45,57,983,4.19,17331.3,33,17,0.8788,Gold
5385,Boston,Car,10,233,40,391,3.8,7801.97,41,6,0.5122,Standard
5386,Chicago,Scooter,12,131,57,1034,4.65,15710.62,37,24,0.8108,Gold
5387,Denver,Scooter,11,12,33,901,3.41,6955.66,25,0,0.56,Standard
5388,Boston,Car,7,248,31,1290,3.72,11302.99,33,3,0.4848,Standard
5389,Austin,Walking,12,360,50,246,4.51,9779.73,28,4,0.6071,Standard
5390,Denver,E-bike,3,180,59,1386,4.45,17024.81,29,15,0.8276,Gold
5391,Denver,Walking,7,481,46,296,3.16,6199.91,28,1,0.4643,Standard
5392,Austin,E-bike,10,133,32,1466,5.0,23441.73,29,24,0.931,Gold
5393,Seattle,Bicycle,10,514,24,852,4.21,12448.26,41,10,0.6829,Standard
5394,Boston,Bicycle,10,553,30,125,4.23,10484.7,19,5,0.5789,Standard
5395,Seattle,Car,9,484,57,510,3.41,5240.52,26,0,0.3462,Standard
5396,Austin,Bicycle,4,456,58,628,4.37,12699.77,26,10,0.8077,Standard
5397,Austin,Walking,5,197,61,779,4.26,13383.58,20,3,0.4,Standard
5398,Chicago,E-bike,7,296,51,1600,4.36,16526.78,32,11,0.8125,Standard
5399,Denver,E-bike,4,680,39,1497,3.78,12825.44,21,0,0.4286,Standard
5400,Chicago,Walking,10,79,58,535,3.73,8903.51,22,1,0.5455,Standard
5401,Chicago,Bicycle,5,61,31,83,3.1,2343.38,22,0,0.4545,Standard
5402,Chicago,Bicycle,6,223,23,269,3.93,11352.65,28,6,0.5,Standard
5403,Denver,Car,11,322,24,1137,4.14,10816.39,29,4,0.4483,Standard
5404,Seattle,Car,12,286,31,960,4.55,15740.47,26,15,0.6923,Gold
5405,Boston,E-bike,2,339,27,393,3.84,8720.54,29,8,0.6207,Standard
5406,Chicago,Bicycle,11,677,30,1290,4.86,18679.86,36,23,0.8056,Gold
5407,Austin,Bicycle,6,135,62,929,4.31,11006.88,22,4,0.5455,Standard
5408,Denver,Scooter,5,210,27,1730,4.65,19267.1,31,16,0.6452,Gold
5409,Seattle,Car,2,53,31,863,4.56,14090.62,33,13,0.6667,Gold
5410,Boston,Bicycle,3,387,28,1459,4.33,15428.08,26,4,0.5385,Standard
5411,Boston,Scooter,11,640,22,600,4.12,9781.39,30,6,0.4667,Standard
5412,Boston,Scooter,1,189,25,672,5.0,18054.44,24,11,0.75,Gold
5413,Seattle,E-bike,9,91,33,1141,3.8,13561.29,24,8,0.7083,Standard
5414,Denver,Walking,2,607,23,1759,3.58,10692.3,27,0,0.2593,Standard
5415,Denver,Bicycle,3,325,50,206,3.78,5815.8,35,2,0.6286,Standard
5416,Denver,Scooter,9,378,53,582,4.27,10769.95,39,12,0.6667,Standard
5417,Denver,E-bike,7,311,53,63,3.93,4953.57,35,3,0.4,Standard
5418,Austin,E-bike,1,557,46,257,3.84,8571.82,33,7,0.697,Standard
5419,Seattle,Bicycle,3,673,25,428,4.54,13321.96,26,9,0.7308,Gold
5420,Seattle,Scooter,7,166,34,1761,3.9,16447.42,28,8,0.5,Standard
5421,Seattle,Bicycle,8,322,51,259,4.08,9218.18,28,5,0.5714,Standard
5422,Denver,Car,8,257,44,1675,4.51,15474.81,26,10,0.5385,Standard
5423,Seattle,Bicycle,8,122,35,1322,4.77,16249.16,26,10,0.6923,Standard
5424,Boston,E-bike,5,599,48,1209,4.64,15842.63,33,13,0.8485,Gold
5425,Chicago,Car,11,512,18,629,4.63,15724.46,29,16,0.8276,Gold
5426,Austin,Car,12,449,51,920,4.5,15891.35,27,14,0.7407,Gold
5427,Denver,Car,12,478,23,1465,4.21,14940.54,27,2,0.5185,Standard
5428,Denver,E-bike,8,361,35,1791,5.0,20227.99,35,18,0.7714,Gold
5429,Austin,E-bike,4,469,29,638,4.97,18456.9,29,24,0.931,Gold
5430,Seattle,Bicycle,1,580,44,1024,4.92,18785.95,29,19,0.8621,Gold
5431,Boston,Scooter,7,108,22,124,4.13,9981.15,30,10,0.5333,Standard
5432,Austin,E-bike,12,523,63,1730,5.0,21615.67,29,25,0.8966,Gold
5433,Seattle,Bicycle,6,140,39,312,4.49,12264.95,37,14,0.7838,Standard
5434,Boston,Bicycle,9,437,63,1350,3.88,11584.04,29,2,0.5517,Standard
5435,Seattle,E-bike,1,569,44,467,4.29,12949.55,36,13,0.6667,Standard
5436,Chicago,Scooter,5,525,46,839,4.5,14251.57,22,8,0.7273,Standard
5437,Austin,Walking,9,89,23,228,3.87,10440.19,25,10,0.64,Standard
5438,Denver,E-bike,5,184,50,109,4.66,14585.0,28,18,0.7857,Gold
5439,Seattle,Car,7,669,40,936,4.37,13390.63,33,14,0.7576,Standard
5440,Seattle,Car,2,112,38,1641,4.38,16162.15,22,7,0.6818,Standard
5441,Chicago,E-bike,9,501,52,606,3.6,7572.09,22,0,0.3182,Standard
5442,Chicago,Car,10,522,39,739,4.68,16081.49,27,22,0.963,Gold
5443,Denver,E-bike,9,353,42,425,3.82,8181.36,20,1,0.3,Standard
5444,Seattle,Scooter,5,91,24,744,4.86,12459.08,28,9,0.6071,Standard
5445,Austin,Car,2,214,51,1738,4.63,17958.42,30,14,0.7333,Gold
5446,Seattle,Car,5,172,28,223,3.39,6007.08,32,2,0.4375,Standard
5447,Chicago,Car,8,630,44,1467,4.62,17579.81,27,13,0.7037,Gold
5448,Seattle,E-bike,12,566,25,1123,4.23,13351.19,37,6,0.6757,Standard
5449,Seattle,Walking,4,138,62,244,4.77,11541.8,22,10,0.8182,Gold
5450,Boston,Bicycle,3,436,58,1140,3.94,12011.86,27,9,0.4815,Standard
5451,Austin,Scooter,11,360,46,1186,4.34,15294.83,24,4,0.6667,Standard
5452,Boston,Car,4,339,56,925,4.62,18117.15,19,11,0.7895,Gold
5453,Denver,E-bike,12,292,32,1274,5.0,19367.57,22,20,0.9091,Gold
5454,Seattle,Scooter,9,67,33,1458,4.64,17731.99,26,15,0.8462,Gold
5455,Chicago,Bicycle,1,507,19,1169,4.13,12222.96,24,2,0.3333,Standard
5456,Boston,Car,9,116,55,401,4.12,10644.42,23,1,0.4783,Standard
5457,Austin,Scooter,6,587,50,1206,3.7,10397.91,36,2,0.4722,Standard
5458,Seattle,Bicycle,10,16,53,540,4.47,14672.0,34,13,0.8235,Gold
5459,Austin,Scooter,3,253,23,1038,4.21,14578.34,32,7,0.6875,Standard
5460,Chicago,Car,9,77,63,896,4.68,15698.05,31,11,0.6774,Gold
5461,Austin,Bicycle,3,574,31,1545,4.54,16857.21,25,11,0.8,Gold
5462,Chicago,E-bike,8,178,63,1789,4.53,17985.61,35,16,0.6857,Gold
5463,Chicago,Walking,10,43,60,990,4.31,13251.22,33,14,0.6667,Gold
5464,Chicago,Bicycle,2,584,49,529,4.8,17283.82,36,28,0.8889,Gold
5465,Boston,Bicycle,11,384,57,1036,4.53,15952.22,30,17,0.7333,Gold
5466,Boston,Walking,11,106,18,1550,4.38,18707.15,30,12,0.6667,Gold
5467,Denver,E-bike,11,125,61,153,4.75,15412.12,24,18,0.875,Gold
5468,Denver,Walking,4,588,28,1630,4.66,19002.37,23,16,0.7826,Gold
5469,Austin,Bicycle,10,173,58,1306,3.72,9985.24,26,1,0.5,Standard
5470,Seattle,Car,12,401,24,459,3.99,10098.4,15,4,0.4667,Standard
5471,Denver,Bicycle,2,146,62,586,4.72,15313.56,24,12,0.8333,Gold
5472,Austin,Car,3,226,27,711,5.0,17526.68,24,18,0.8333,Gold
5473,Austin,Car,8,420,33,721,4.61,12762.84,33,6,0.6364,Standard
5474,Boston,E-bike,4,604,41,1038,5.0,19067.66,21,16,0.9524,Gold
5475,Denver,Car,6,234,63,1794,3.87,11771.96,25,3,0.36,Standard
5476,Boston,Bicycle,6,693,40,348,4.34,9488.93,31,7,0.5161,Standard
5477,Denver,E-bike,1,580,36,895,4.68,16326.6,24,14,0.75,Gold
5478,Seattle,E-bike,7,522,32,897,4.17,14120.19,18,8,0.5556,Standard
5479,Boston,Scooter,1,379,35,596,3.98,9392.95,26,1,0.3462,Standard
5480,Chicago,Scooter,11,455,49,1411,4.36,14848.09,33,5,0.6364,Standard
5481,Denver,Scooter,12,285,33,1086,4.34,11178.33,27,4,0.6296,Standard
5482,Chicago,Bicycle,11,656,40,1239,4.05,12229.61,20,2,0.25,Standard
5483,Seattle,Walking,12,307,54,580,4.6,12732.1,29,10,0.6552,Gold
5484,Boston,Car,6,611,51,385,4.31,11269.66,31,9,0.5484,Standard
5485,Seattle,Bicycle,10,666,53,591,4.0,13083.77,24,7,0.5417,Standard
5486,Denver,E-bike,4,677,31,413,4.41,10859.59,25,3,0.6,Standard
5487,Denver,Car,3,626,39,400,4.36,12275.32,20,6,0.8,Gold
5488,Denver,Car,3,198,46,1517,4.02,12779.48,32,9,0.4688,Standard
5489,Denver,Bicycle,12,40,60,1101,4.75,17351.72,31,20,0.7419,Gold
5490,Boston,Scooter,9,496,32,1158,4.5,18962.48,24,14,0.75,Gold
5491,Denver,Car,9,197,27,294,4.69,15632.49,23,15,0.8696,Gold
5492,Chicago,E-bike,5,453,26,919,4.67,16737.29,30,20,0.8,Gold
5493,Boston,Scooter,5,120,22,710,4.03,9711.84,35,5,0.5143,Standard
5494,Boston,Scooter,2,316,49,443,4.06,11457.93,23,7,0.5652,Standard
5495,Denver,Car,10,437,53,1354,4.15,16605.79,29,14,0.7931,Gold
5496,Boston,E-bike,9,438,46,1254,4.39,14916.45,31,7,0.7419,Standard
5497,Seattle,Bicycle,12,604,41,1587,3.84,12394.81,31,0,0.5161,Standard
5498,Boston,Bicycle,11,292,59,1526,3.93,15048.59,28,10,0.6786,Standard
5499,Austin,Bicycle,9,257,48,451,4.17,13794.14,32,18,0.75,Gold
5500,Chicago,E-bike,12,690,25,985,3.88,12769.26,26,11,0.7692,Standard
5501,Seattle,E-bike,8,426,28,1512,3.95,11879.8,20,3,0.65,Standard
5502,Boston,E-bike,9,152,55,1143,4.31,13731.55,32,11,0.7188,Standard
5503,Denver,Car,3,175,50,168,3.64,7078.76,20,0,0.3,Standard
5504,Denver,Bicycle,9,687,45,1322,3.83,12345.9,29,4,0.4483,Standard
5505,Denver,Walking,11,167,55,239,4.07,10579.09,31,8,0.5484,Standard
5506,Austin,Bicycle,10,82,52,150,5.0,17843.99,24,21,0.875,Gold
5507,Boston,Car,11,338,36,813,4.8,18542.21,28,21,0.9643,Gold
5508,Seattle,Walking,5,410,43,1089,4.97,18265.33,28,23,0.8571,Gold
5509,Denver,Walking,6,294,55,87,3.96,7059.55,28,3,0.4643,Standard
5510,Boston,Car,8,279,31,1047,3.96,12969.39,29,5,0.5862,Standard
5511,Denver,Bicycle,6,544,21,1079,4.96,19308.05,31,21,0.8387,Gold
5512,Austin,Bicycle,12,560,26,1759,5.0,21598.36,21,16,0.7619,Gold
5513,Boston,Car,11,674,48,656,3.91,9525.01,28,1,0.3571,Standard
5514,Chicago,E-bike,4,408,32,835,4.14,13395.3,29,5,0.6897,Standard
5515,Seattle,E-bike,2,517,44,222,3.56,9314.51,32,8,0.4688,Standard
5516,Boston,E-bike,12,528,52,1554,4.64,19876.09,26,16,0.6923,Gold
5517,Seattle,Scooter,2,549,43,86,3.78,8072.37,22,4,0.4091,Standard
5518,Seattle,E-bike,6,571,41,958,4.01,12363.77,32,2,0.375,Standard
5519,Chicago,Scooter,7,408,35,1131,4.67,15709.71,25,13,0.8,Gold
5520,Chicago,Car,6,373,47,1634,4.09,15992.63,28,8,0.6071,Standard
5521,Seattle,Car,5,332,48,998,3.88,9913.41,29,0,0.5172,Standard
5522,Seattle,Scooter,2,96,44,1143,4.63,17720.08,36,24,0.6667,Gold
5523,Boston,E-bike,9,166,22,1762,4.4,15606.95,39,11,0.6667,Standard
5524,Chicago,Bicycle,3,294,37,1654,4.66,19540.95,35,22,0.8571,Gold
5525,Boston,Bicycle,12,353,31,913,4.24,13487.77,30,8,0.6333,Standard
5526,Boston,Scooter,1,44,23,1031,4.67,18579.31,31,23,0.8065,Gold
5527,Austin,E-bike,4,528,38,1505,3.87,15448.31,36,4,0.5833,Standard
5528,Chicago,Scooter,6,599,31,753,3.81,9904.55,13,1,0.6923,Standard
5529,Denver,E-bike,1,512,36,1501,4.39,15790.12,19,8,0.5789,Gold
5530,Seattle,Walking,2,209,25,1313,3.73,11695.79,36,7,0.5,Standard
5531,Seattle,Car,4,501,49,1482,4.76,17848.75,25,12,0.8,Gold
5532,Chicago,Scooter,2,690,55,1694,4.08,16269.96,26,6,0.6923,Standard
5533,Boston,E-bike,11,379,47,1480,4.44,18706.95,27,14,0.6667,Gold
5534,Seattle,E-bike,7,631,37,1782,5.0,21700.23,33,27,1.0,Gold
5535,Chicago,Car,9,663,28,860,4.01,12201.01,26,8,0.6538,Standard
5536,Boston,Scooter,7,324,26,1293,5.0,17106.62,31,18,0.871,Gold
5537,Chicago,Car,7,642,53,253,3.55,7708.85,27,3,0.4444,Standard
5538,Seattle,Scooter,3,150,47,1212,4.75,17058.03,25,11,0.84,Gold
5539,Austin,Car,4,426,18,340,4.18,7857.51,35,5,0.6857,Standard
5540,Chicago,Bicycle,9,649,19,1082,4.98,17254.53,25,18,0.88,Gold
5541,Seattle,Walking,9,489,54,262,4.15,9609.79,29,4,0.5517,Standard
5542,Denver,Bicycle,10,221,50,1748,4.37,17295.47,34,11,0.7353,Standard
5543,Austin,Car,3,98,63,1690,4.41,18368.0,21,13,0.8571,Gold
5544,Seattle,Bicycle,9,356,37,1562,4.42,15355.5,24,7,0.7083,Standard
5545,Chicago,E-bike,5,119,57,1299,4.46,15273.47,32,12,0.6875,Standard
5546,Seattle,Car,11,628,58,1662,4.53,17823.25,27,15,0.7407,Gold
5547,Seattle,Car,11,431,29,1591,3.71,11775.14,21,1,0.5238,Standard
5548,Chicago,Scooter,8,80,19,1523,4.21,15991.34,20,5,0.65,Standard
5549,Austin,Car,2,190,41,1417,4.0,12840.1,20,2,0.6,Standard
5550,Chicago,Car,9,130,34,299,4.41,10420.17,29,9,0.7241,Standard
5551,Chicago,E-bike,9,203,34,1390,4.94,22103.12,30,23,0.8667,Gold
5552,Seattle,Car,12,616,49,1789,4.03,15634.46,41,11,0.6585,Standard
5553,Seattle,E-bike,3,489,55,594,3.78,7146.22,31,1,0.3548,Standard
5554,Denver,Scooter,2,43,50,1251,3.96,15183.66,27,10,0.7037,Standard
5555,Chicago,Bicycle,6,46,30,733,4.62,15345.86,30,20,0.8667,Gold
5556,Boston,Scooter,12,509,43,1507,4.66,17284.57,29,14,0.6207,Gold
5557,Austin,Car,7,652,44,523,4.64,13901.08,35,14,0.7429,Gold
5558,Seattle,E-bike,3,495,25,447,3.94,6878.69,36,4,0.5833,Standard
5559,Chicago,Car,5,678,63,561,3.96,8885.95,29,6,0.5862,Standard
5560,Seattle,Scooter,8,526,51,625,3.75,10630.21,20,3,0.6,Standard
5561,Boston,Car,3,178,19,715,4.74,16449.99,26,11,0.8462,Gold
5562,Denver,Bicycle,12,424,57,325,4.53,12076.0,25,7,0.6,Standard
5563,Seattle,Scooter,10,330,24,915,4.54,16351.23,25,11,0.76,Gold
5564,Chicago,E-bike,7,234,53,1253,4.38,16292.36,33,15,0.8485,Gold
5565,Denver,E-bike,1,73,62,353,4.73,13985.13,18,8,0.7778,Gold
5566,Denver,Walking,9,439,26,683,4.47,10972.07,22,11,0.7273,Standard
5567,Boston,E-bike,9,130,37,776,4.83,15066.58,33,14,0.7879,Gold
5568,Denver,Bicycle,8,275,55,608,4.23,14455.37,18,4,0.5,Standard
5569,Austin,E-bike,9,29,54,980,3.86,9139.49,34,5,0.5882,Standard
5570,Chicago,Car,10,626,50,1358,3.97,13162.07,27,7,0.6667,Standard
5571,Austin,Car,6,692,62,1585,4.44,16073.87,27,4,0.5926,Standard
5572,Denver,Car,12,406,44,1517,4.28,16903.33,29,14,0.6897,Gold
5573,Austin,E-bike,11,432,47,518,3.83,8911.56,29,2,0.5172,Standard
5574,Chicago,Car,3,194,58,1323,4.61,18747.93,29,12,0.6897,Gold
5575,Boston,Bicycle,4,240,41,1291,3.98,12538.46,19,4,0.3158,Standard
5576,Denver,Car,6,429,36,739,4.15,14757.3,34,15,0.7647,Gold
5577,Austin,E-bike,1,101,20,465,4.61,13221.8,31,18,0.8387,Gold
5578,Austin,E-bike,9,59,55,353,4.85,17019.66,26,17,0.8462,Gold
5579,Austin,Car,9,241,48,741,4.79,16002.43,27,17,0.8148,Gold
5580,Austin,Bicycle,7,248,41,110,4.82,11759.75,30,17,0.7667,Gold
5581,Seattle,E-bike,11,419,25,980,4.42,16605.9,23,12,0.5652,Gold
5582,Denver,Scooter,11,519,37,1111,4.02,11305.5,37,4,0.5946,Standard
5583,Austin,Scooter,10,623,22,792,4.98,15798.77,25,12,0.72,Gold
5584,Boston,E-bike,10,516,31,103,4.5,11860.47,28,13,0.7143,Gold
5585,Chicago,Scooter,1,58,26,1755,4.05,13344.97,31,1,0.3871,Standard
5586,Denver,E-bike,12,176,21,767,4.62,12279.31,33,8,0.6364,Standard
5587,Seattle,E-bike,8,227,22,895,4.51,13190.15,24,9,0.625,Standard
5588,Seattle,Walking,1,284,20,600,4.74,13932.5,27,18,0.7407,Gold
5589,Denver,Car,11,125,54,1214,4.1,12348.39,24,0,0.4167,Standard
5590,Boston,E-bike,7,84,53,886,4.06,12850.59,27,6,0.7037,Standard
5591,Denver,Walking,11,493,30,248,3.88,9191.76,26,8,0.6923,Standard
5592,Denver,E-bike,2,403,56,47,4.24,11674.18,30,11,0.6,Gold
5593,Boston,Car,5,114,21,331,5.0,18611.57,31,27,0.9355,Gold
5594,Austin,Car,3,552,39,1574,4.44,19125.87,21,10,0.7619,Gold
5595,Denver,Car,6,103,56,276,4.24,10675.12,26,10,0.6923,Standard
5596,Austin,Bicycle,7,73,49,373,3.85,10996.59,29,4,0.5517,Standard
5597,Boston,Car,12,184,28,1485,5.0,19101.36,25,16,0.76,Gold
5598,Austin,Bicycle,7,193,27,752,4.37,13383.03,23,10,0.8261,Gold
5599,Chicago,Bicycle,8,243,36,1231,4.4,12548.65,37,5,0.4595,Standard
5600,Boston,Car,6,573,33,517,4.06,10451.11,32,3,0.4688,Standard
5601,Denver,E-bike,4,28,45,1645,3.69,10675.82,28,1,0.3571,Standard
5602,Austin,Bicycle,8,463,18,665,4.8,13011.05,23,10,0.6087,Gold
5603,Chicago,E-bike,4,11,39,1233,5.0,20237.79,31,21,0.871,Gold
5604,Seattle,Bicycle,12,130,30,277,4.19,11587.46,17,5,0.4706,Standard
5605,Austin,Car,9,123,29,334,4.59,12254.09,23,10,0.8261,Gold
5606,Chicago,Car,5,303,26,1094,4.91,16662.11,30,14,0.8,Gold
5607,Austin,Bicycle,8,188,27,1626,4.75,20251.39,27,17,0.8519,Gold
5608,Seattle,Scooter,7,399,22,1424,4.78,19882.01,19,14,0.9474,Gold
5609,Austin,Car,9,509,20,1379,4.32,15308.14,28,6,0.4643,Standard
5610,Boston,E-bike,8,223,18,638,4.37,13519.75,37,14,0.8108,Standard
5611,Austin,E-bike,8,624,34,274,4.35,12156.1,28,10,0.75,Gold
5612,Boston,Car,3,54,38,1219,3.94,12690.52,24,2,0.3333,Standard
5613,Boston,Scooter,8,174,37,1260,4.25,16213.17,22,10,0.8182,Standard
5614,Denver,E-bike,12,551,34,653,4.79,13829.95,29,12,0.6552,Gold
5615,Denver,Car,8,644,24,680,4.12,12048.73,31,9,0.6774,Standard
5616,Austin,Car,9,162,33,367,4.05,7735.26,29,7,0.5517,Standard
5617,Chicago,E-bike,8,529,57,1281,4.83,19784.84,32,20,0.8438,Gold
5618,Austin,Bicycle,2,635,43,1583,4.07,17149.26,45,14,0.6889,Standard
5619,Denver,Scooter,8,114,46,1057,3.93,11734.79,33,3,0.5455,Standard
5620,Chicago,Car,12,482,24,1728,3.99,13954.3,27,5,0.6296,Standard
5621,Chicago,Bicycle,9,293,45,1677,3.98,15860.87,24,4,0.6667,Standard
5622,Chicago,Car,1,492,51,1703,4.7,19518.41,38,25,0.8158,Gold
5623,Denver,Car,4,396,27,1597,4.34,17603.85,33,16,0.7273,Standard
5624,Austin,E-bike,4,121,63,1530,4.04,14475.19,30,5,0.6333,Standard
5625,Denver,Scooter,6,638,59,1654,4.55,16826.94,21,6,0.8095,Gold
5626,Seattle,Car,5,583,27,785,3.86,10806.07,24,4,0.625,Standard
5627,Chicago,Car,11,453,52,457,4.14,11482.91,27,11,0.7037,Standard
5628,Denver,E-bike,7,692,46,126,4.02,8980.04,29,5,0.7586,Standard
5629,Denver,E-bike,7,463,39,30,3.87,7152.68,31,4,0.4194,Standard
5630,Chicago,Scooter,9,264,33,998,4.62,15073.26,26,9,0.7692,Gold
5631,Boston,Scooter,7,531,55,754,3.89,11062.5,33,5,0.6667,Standard
5632,Denver,Bicycle,4,461,60,249,3.8,3485.24,23,0,0.4348,Standard
5633,Denver,Bicycle,9,215,39,657,4.17,8623.59,35,2,0.4857,Standard
5634,Boston,Bicycle,7,186,45,231,4.64,13195.74,34,18,0.7353,Gold
5635,Austin,Scooter,7,304,48,1198,4.31,16239.21,21,10,0.8571,Gold
5636,Denver,Car,12,342,25,507,4.58,13950.5,33,16,0.697,Gold
5637,Chicago,Walking,4,44,27,1793,3.92,13124.82,22,5,0.6818,Standard
5638,Austin,Car,5,674,36,70,4.15,8596.84,32,5,0.6875,Standard
5639,Denver,E-bike,4,154,42,312,3.98,11484.9,22,7,0.4545,Standard
5640,Seattle,E-bike,6,550,19,905,4.29,11596.57,36,8,0.6111,Standard
5641,Austin,Car,2,526,40,1098,4.5,16075.45,32,20,0.875,Gold
5642,Seattle,Bicycle,12,594,56,645,4.03,14182.42,29,21,0.7931,Gold
5643,Seattle,E-bike,4,585,48,849,4.64,14136.47,25,8,0.76,Gold
5644,Austin,Scooter,11,54,29,754,4.04,9226.37,26,3,0.5769,Standard
5645,Seattle,Scooter,10,473,27,1396,4.26,15725.07,26,10,0.7692,Standard
5646,Seattle,Bicycle,6,291,60,735,4.47,15878.47,30,19,0.7667,Gold
5647,Austin,E-bike,3,212,47,1140,4.31,16113.13,36,14,0.5556,Gold
5648,Seattle,Bicycle,1,285,31,329,4.34,10226.83,21,8,0.6667,Standard
5649,Austin,Bicycle,7,404,58,1354,4.54,14393.97,23,8,0.7391,Standard
5650,Denver,E-bike,6,373,37,138,4.6,13623.32,30,13,0.7667,Gold
5651,Austin,Car,10,251,39,606,4.16,9476.09,22,3,0.5,Standard
5652,Chicago,Scooter,5,188,42,1415,4.18,15928.5,30,5,0.5333,Standard
5653,Austin,Car,3,637,31,934,4.97,17210.09,24,16,0.7917,Gold
5654,Austin,Car,3,273,59,706,4.37,15049.17,32,17,0.5625,Standard
5655,Boston,E-bike,3,527,33,129,3.94,9861.99,23,6,0.4783,Standard
5656,Austin,Car,2,424,51,179,4.45,10656.7,29,9,0.7241,Standard
5657,Chicago,Car,6,41,24,847,3.92,12513.77,28,5,0.5,Standard
5658,Chicago,Bicycle,1,128,37,566,3.73,9855.27,30,6,0.8667,Standard
5659,Seattle,Car,7,367,63,462,4.43,10515.93,23,7,0.6522,Standard
5660,Boston,E-bike,9,565,36,1072,4.61,16123.97,21,9,0.7143,Gold
5661,Boston,E-bike,6,316,53,757,4.06,13362.81,23,11,0.6957,Standard
5662,Chicago,Car,9,373,56,448,4.41,13445.45,31,10,0.7097,Gold
5663,Austin,Scooter,10,276,28,124,3.87,6037.22,27,4,0.7778,Standard
5664,Denver,Scooter,7,78,52,896,4.66,13206.35,33,11,0.7879,Standard
5665,Chicago,E-bike,11,115,54,799,4.11,12601.83,24,5,0.6667,Standard
5666,Chicago,Car,1,626,42,1299,4.66,18030.44,27,11,0.8148,Gold
5667,Chicago,Bicycle,2,454,46,730,4.47,14609.62,27,11,0.6296,Gold
5668,Seattle,E-bike,12,652,63,1343,4.79,17534.52,34,22,0.8235,Gold
5669,Austin,E-bike,3,185,59,62,4.26,8000.55,20,2,0.35,Standard
5670,Boston,Car,6,228,58,1154,4.56,16482.02,33,10,0.7273,Gold
5671,Austin,Car,8,549,18,1212,3.98,12432.07,41,7,0.5854,Standard
5672,Boston,Scooter,3,118,26,99,4.63,12062.59,32,19,0.6875,Gold
5673,Denver,Scooter,1,143,39,956,4.1,12676.85,31,2,0.7097,Standard
5674,Austin,Car,11,392,22,545,3.87,8536.51,25,3,0.68,Standard
5675,Chicago,Car,8,494,44,500,4.08,12762.05,29,6,0.5862,Standard
5676,Boston,E-bike,5,453,20,1251,4.38,13117.15,34,11,0.7647,Standard
5677,Seattle,E-bike,11,558,55,114,4.44,8374.3,21,3,0.7619,Standard
5678,Boston,Scooter,1,193,32,1778,5.0,22663.11,24,17,0.8333,Gold
5679,Chicago,Car,7,682,60,510,4.37,10331.36,38,10,0.6579,Standard
5680,Denver,Car,3,619,23,1155,4.55,14022.11,28,6,0.7143,Standard
5681,Chicago,Walking,5,177,33,1478,4.02,14955.37,25,7,0.8,Standard
5682,Boston,Bicycle,9,3,61,534,4.06,9131.25,31,3,0.5806,Standard
5683,Chicago,Bicycle,11,93,25,761,4.21,14419.23,27,14,0.8519,Gold
5684,Boston,Walking,2,174,61,1206,3.96,14146.43,28,7,0.6786,Standard
5685,Seattle,Walking,11,161,41,1589,4.11,15844.34,30,8,0.5667,Standard
5686,Seattle,Walking,10,609,33,71,4.01,7459.01,28,2,0.4643,Standard
5687,Austin,Bicycle,5,240,61,1419,4.02,16567.54,33,8,0.5455,Standard
5688,Boston,E-bike,3,612,62,1201,4.74,20462.14,22,15,0.9545,Gold
5689,Austin,E-bike,8,567,49,1054,3.91,14328.91,14,4,0.6429,Standard
5690,Denver,Bicycle,11,174,42,988,4.15,12681.46,21,2,0.4762,Standard
5691,Boston,Bicycle,3,122,61,410,4.52,13278.38,25,10,0.72,Gold
5692,Boston,Car,7,650,27,813,4.62,16838.45,27,19,0.8519,Gold
5693,Chicago,E-bike,7,538,18,226,4.05,10496.48,40,11,0.65,Standard
5694,Seattle,Car,6,332,25,30,4.24,9690.01,27,7,0.5556,Standard
5695,Boston,Car,7,139,23,1388,4.27,13568.6,25,3,0.68,Standard
5696,Austin,Car,3,423,56,1138,4.06,12210.98,27,6,0.5926,Standard
5697,Austin,Car,1,93,63,374,3.97,11183.01,27,4,0.6296,Standard
5698,Chicago,Scooter,8,239,19,548,4.09,11027.54,31,6,0.6452,Standard
5699,Austin,E-bike,5,58,40,512,4.72,14810.16,36,18,0.7778,Gold
5700,Denver,Bicycle,4,6,29,1073,4.2,11897.9,32,4,0.625,Standard
5701,Chicago,Car,3,377,24,321,4.67,12779.26,35,16,0.8,Gold
5702,Chicago,Scooter,10,236,23,835,4.66,18125.65,33,25,0.8788,Gold
5703,Seattle,E-bike,2,247,31,1175,4.18,12204.65,28,9,0.7143,Standard
5704,Boston,Bicycle,1,171,51,1390,4.06,17219.73,29,4,0.7241,Standard
5705,Seattle,Car,5,194,20,887,4.12,12636.26,26,7,0.6154,Standard
5706,Chicago,Scooter,12,619,55,1653,4.66,19360.62,27,16,0.8519,Gold
5707,Seattle,Bicycle,5,666,41,47,4.11,8885.35,25,7,0.64,Standard
5708,Boston,Scooter,7,597,58,941,3.95,8954.85,30,5,0.4,Standard
5709,Austin,Bicycle,12,428,45,364,3.9,8662.17,25,1,0.56,Standard
5710,Austin,Scooter,12,235,56,382,3.81,6146.23,28,1,0.3571,Standard
5711,Seattle,Car,10,390,42,76,4.23,9337.39,29,7,0.5862,Standard
5712,Austin,Scooter,7,667,48,1244,4.45,15079.31,35,10,0.6286,Standard
5713,Austin,Scooter,6,231,54,1144,4.39,15579.15,30,10,0.7,Gold
5714,Boston,Car,8,133,58,1244,4.06,15084.68,26,4,0.5769,Standard
5715,Denver,Car,5,542,51,493,3.96,6085.02,22,2,0.7273,Standard
5716,Chicago,Scooter,6,497,42,1314,4.19,17423.14,40,18,0.675,Gold
5717,Denver,Bicycle,5,392,53,1505,4.49,17145.11,19,4,0.5789,Standard
5718,Austin,Car,8,208,51,1784,4.4,18766.47,32,8,0.8125,Standard
5719,Chicago,E-bike,2,600,26,1619,4.87,20408.58,31,21,0.871,Gold
5720,Boston,E-bike,3,629,47,52,4.64,10329.59,33,16,0.7576,Gold
5721,Boston,Bicycle,8,495,46,1770,4.55,19987.48,19,13,0.8947,Gold
5722,Boston,E-bike,11,18,63,194,4.84,15505.91,33,28,0.9697,Gold
5723,Austin,Bicycle,10,320,27,709,4.38,10162.97,28,2,0.6071,Standard
5724,Denver,Scooter,8,330,46,1261,4.26,14951.83,24,7,0.5417,Standard
5725,Seattle,Bicycle,7,141,53,1416,4.41,14982.59,28,4,0.4643,Standard
5726,Boston,Scooter,5,40,29,125,4.01,11188.97,29,5,0.5517,Standard
5727,Denver,Car,4,554,52,212,4.4,9947.45,30,10,0.7667,Standard
5728,Chicago,Car,5,540,23,167,4.36,12601.54,38,21,0.8421,Gold
5729,Boston,Car,12,594,28,1489,3.67,9708.03,29,0,0.4138,Standard
5730,Boston,Bicycle,4,666,51,1431,4.23,16052.59,23,10,0.7391,Gold
5731,Denver,Car,2,338,45,615,4.33,14967.7,34,16,0.6765,Gold
5732,Boston,E-bike,2,155,34,122,4.36,10470.08,30,12,0.5333,Standard
5733,Austin,Car,11,379,36,184,4.15,8430.19,29,5,0.6207,Standard
5734,Austin,Car,7,447,44,998,4.1,11728.92,26,5,0.4615,Standard
5735,Austin,E-bike,1,682,60,321,4.6,12654.77,26,10,0.6923,Standard
5736,Chicago,Bicycle,5,642,57,1165,4.36,15737.33,29,7,0.6552,Gold
5737,Seattle,Scooter,9,652,58,362,4.27,12258.95,34,16,0.7941,Gold
5738,Boston,Bicycle,4,234,27,1752,3.9,15470.0,33,2,0.5152,Standard
5739,Seattle,Car,8,165,40,636,4.35,15883.23,22,8,0.6818,Gold
5740,Seattle,E-bike,11,404,26,353,4.13,10536.67,30,7,0.4333,Standard
5741,Boston,Car,2,469,25,584,3.86,6319.6,39,3,0.5385,Standard
5742,Austin,Scooter,2,343,27,475,4.29,12035.83,28,11,0.6071,Standard
5743,Chicago,Scooter,9,18,44,799,4.09,12558.24,24,4,0.5833,Standard
5744,Chicago,E-bike,5,209,20,227,4.42,10325.35,33,11,0.7273,Standard
5745,Chicago,Bicycle,10,394,36,1018,4.35,13845.59,39,10,0.6923,Standard
5746,Seattle,Car,11,354,21,1274,4.9,21181.64,29,21,0.8966,Gold
5747,Denver,Bicycle,12,334,62,578,3.98,12282.55,27,5,0.3704,Standard
5748,Chicago,E-bike,4,198,41,1062,3.68,11786.76,33,3,0.4545,Standard
5749,Chicago,Bicycle,2,619,30,1609,4.59,16851.81,32,22,0.6875,Gold
5750,Chicago,Car,9,208,22,1442,3.73,9592.59,26,2,0.3846,Standard
5751,Denver,Scooter,3,76,57,323,4.49,14768.62,23,16,0.6957,Gold
5752,Austin,Walking,9,294,30,501,4.78,18340.76,33,25,0.8182,Gold
5753,Chicago,Car,5,108,23,1158,4.72,16789.0,25,13,0.84,Gold
5754,Austin,Bicycle,3,3,39,1438,4.25,17420.34,31,13,0.8387,Gold
5755,Boston,Scooter,7,425,32,1657,4.92,20234.1,31,20,0.871,Gold
5756,Denver,Car,4,625,55,1389,4.7,19328.15,24,14,0.7917,Gold
5757,Boston,E-bike,9,399,29,1787,5.0,19766.26,17,11,0.8235,Gold
5758,Boston,Car,11,460,50,1581,3.83,12345.09,30,2,0.5,Standard
5759,Boston,Car,12,322,24,286,3.57,7061.79,18,1,0.7222,Standard
5760,Boston,Bicycle,7,322,44,1509,3.86,14213.75,26,7,0.5769,Standard
5761,Denver,Scooter,4,609,50,306,3.77,9900.68,27,1,0.5185,Standard
5762,Denver,Bicycle,4,22,49,490,3.95,10549.41,38,6,0.5526,Standard
5763,Chicago,Bicycle,4,560,50,1038,4.22,12719.33,26,5,0.5385,Standard
5764,Denver,Car,2,94,38,548,4.42,13658.1,31,12,0.7419,Gold
5765,Chicago,E-bike,10,254,53,971,4.49,13255.11,17,8,0.7647,Standard
5766,Chicago,E-bike,3,398,38,1717,4.9,20538.03,27,20,1.0,Gold
5767,Austin,Bicycle,12,191,35,1535,4.67,20156.91,34,27,0.7941,Gold
5768,Chicago,E-bike,12,266,55,1631,4.77,17201.4,36,15,0.5833,Gold
5769,Seattle,Bicycle,11,7,52,537,4.47,10728.65,25,5,0.48,Standard
5770,Seattle,Walking,5,398,21,450,3.88,10292.77,33,5,0.5152,Standard
5771,Seattle,Car,4,146,51,782,4.51,15443.74,30,17,0.7,Gold
5772,Austin,Car,6,378,54,1404,4.26,17350.11,20,6,0.75,Gold
5773,Austin,Scooter,4,633,51,636,4.99,14362.95,27,16,0.8148,Gold
5774,Austin,E-bike,6,522,37,972,4.23,14337.9,30,12,0.6667,Standard
5775,Chicago,Car,12,583,24,1096,4.41,14708.43,30,9,0.8333,Standard
5776,Denver,Car,6,334,34,528,4.87,17477.28,24,17,0.7917,Gold
5777,Denver,Car,3,343,54,505,4.13,10946.12,38,10,0.6579,Standard
5778,Austin,E-bike,5,620,21,1084,5.0,18157.72,29,19,0.8276,Gold
5779,Austin,E-bike,11,416,21,946,4.7,17094.32,21,16,0.8571,Gold
5780,Denver,Car,6,652,33,649,4.18,7084.05,27,1,0.5185,Standard
5781,Boston,Car,3,616,22,213,3.69,6624.31,30,2,0.6,Standard
5782,Seattle,Walking,12,265,62,508,4.14,9914.24,28,3,0.5357,Standard
5783,Austin,E-bike,4,616,46,1533,4.68,20157.5,26,16,0.8077,Gold
5784,Seattle,Scooter,5,160,47,251,4.0,8026.45,28,7,0.5714,Standard
5785,Austin,Bicycle,10,370,63,1607,4.51,16394.91,30,11,0.6667,Standard
5786,Denver,Car,10,533,46,1033,4.63,11879.24,34,10,0.4412,Standard
5787,Chicago,Car,1,549,60,65,3.69,6972.54,30,2,0.4667,Standard
5788,Seattle,E-bike,4,512,36,1046,4.57,16869.75,39,17,0.7436,Gold
5789,Seattle,Bicycle,1,378,32,223,4.39,12497.77,21,12,0.7143,Gold
5790,Denver,E-bike,3,294,56,146,4.3,8817.36,30,8,0.6,Standard
5791,Austin,Car,11,285,58,638,4.33,11219.18,30,5,0.6,Standard
5792,Boston,Bicycle,10,272,57,1375,4.02,15134.49,24,6,0.6667,Standard
5793,Boston,Scooter,7,78,30,1741,5.0,22032.21,31,26,0.9032,Gold
5794,Chicago,E-bike,10,375,35,965,4.25,14931.36,32,11,0.6875,Standard
5795,Denver,E-bike,11,660,42,981,4.18,8529.21,23,3,0.5217,Standard
5796,Boston,Car,3,142,39,284,4.44,12995.43,36,14,0.6111,Gold
5797,Chicago,Bicycle,2,396,59,923,4.76,15799.49,28,14,0.7143,Gold
5798,Chicago,E-bike,8,234,58,1285,4.74,17980.28,22,9,0.5455,Gold
5799,Seattle,Walking,5,379,28,884,4.72,16922.79,26,13,0.8462,Gold
5800,Seattle,Bicycle,4,403,53,1498,4.13,16674.34,27,9,0.6296,Standard
5801,Seattle,Car,7,126,47,367,3.86,6553.59,24,0,0.25,Standard
5802,Boston,E-bike,8,190,21,900,4.57,13882.18,24,14,0.7917,Gold
5803,Denver,Bicycle,12,334,41,1024,4.14,12573.83,27,9,0.7407,Standard
5804,Austin,E-bike,6,65,42,1197,4.18,15752.45,20,6,0.7,Gold
5805,Chicago,Bicycle,1,189,20,322,3.97,8354.28,25,7,0.48,Standard
5806,Seattle,Car,6,563,53,1786,4.3,17510.26,21,13,0.6667,Gold
5807,Seattle,Car,10,617,59,371,4.53,9914.36,20,4,0.85,Standard
5808,Boston,Car,9,669,45,1122,4.43,10773.73,20,2,0.6,Standard
5809,Chicago,Car,12,684,23,454,4.49,11713.77,22,6,0.5909,Standard
5810,Seattle,E-bike,6,370,56,752,3.46,4029.76,29,2,0.2414,Standard
5811,Chicago,Scooter,2,142,23,1452,4.06,15203.0,21,4,0.5238,Standard
5812,Denver,Bicycle,8,658,29,852,4.58,12383.79,27,6,0.6296,Gold
5813,Chicago,Bicycle,8,315,45,1417,3.98,12407.18,24,3,0.4583,Standard
5814,Chicago,Car,11,210,57,1222,4.47,17175.59,35,12,0.7143,Gold
5815,Denver,Car,1,418,44,1111,4.16,12320.38,23,5,0.5217,Standard
5816,Denver,E-bike,5,637,23,310,4.37,11150.17,29,8,0.6552,Standard
5817,Boston,Car,4,141,59,282,4.43,10018.68,17,7,0.7059,Standard
5818,Austin,Scooter,8,266,43,867,3.99,11643.17,35,5,0.6286,Standard
5819,Denver,Car,3,653,30,1373,4.54,19255.48,30,18,0.7333,Gold
5820,Seattle,Scooter,1,230,34,234,4.38,7453.88,34,9,0.5882,Standard
5821,Boston,Car,6,451,37,483,3.86,10836.08,21,3,0.7619,Standard
5822,Boston,E-bike,6,568,23,1769,4.97,22318.58,24,18,0.9167,Gold
5823,Denver,Car,3,604,32,1285,3.88,9749.3,19,1,0.4737,Standard
5824,Denver,Car,12,101,42,1562,4.44,14581.56,24,4,0.3333,Standard
5825,Boston,E-bike,2,433,47,1679,3.98,14478.23,21,7,0.5714,Standard
5826,Austin,Car,1,139,55,48,3.89,8539.27,34,2,0.5,Standard
5827,Seattle,E-bike,12,367,30,572,4.2,14178.39,34,15,0.7941,Gold
5828,Chicago,Walking,4,155,18,959,4.55,14765.07,28,15,0.7857,Gold
5829,Chicago,Scooter,2,230,39,505,3.99,9071.63,33,3,0.5455,Standard
5830,Denver,Bicycle,3,320,51,987,4.55,14784.43,31,18,0.7097,Gold
5831,Chicago,Car,7,585,46,1799,4.43,19241.49,20,10,0.75,Gold
5832,Chicago,Car,1,559,32,147,4.37,10623.58,28,12,0.6786,Standard
5833,Denver,Car,3,160,32,928,4.42,12250.01,30,6,0.5,Standard
5834,Boston,E-bike,6,650,23,634,4.09,10531.12,27,2,0.5926,Standard
5835,Boston,E-bike,12,165,57,837,3.86,9244.2,24,2,0.625,Standard
5836,Austin,Bicycle,2,509,32,1344,4.74,17479.49,26,16,0.8846,Gold
5837,Denver,Car,8,136,41,388,4.3,13269.43,26,10,0.9231,Gold
5838,Chicago,E-bike,3,407,41,176,4.26,9450.93,39,13,0.6923,Standard
5839,Boston,Scooter,8,474,58,1211,3.48,10903.65,37,3,0.5135,Standard
5840,Seattle,Bicycle,2,367,49,255,3.6,7025.24,20,5,0.55,Standard
5841,Boston,Bicycle,4,602,31,1449,3.81,14049.33,19,4,0.6842,Standard
5842,Seattle,Scooter,11,67,22,383,4.52,15076.59,24,14,0.875,Gold
5843,Boston,Bicycle,2,247,44,567,3.5,6508.96,29,2,0.5517,Standard
5844,Denver,E-bike,3,114,40,1062,4.84,19236.67,30,15,0.7667,Gold
5845,Seattle,Bicycle,8,132,43,230,4.9,16710.9,29,22,0.9655,Gold
5846,Chicago,Bicycle,5,324,57,152,4.3,12879.99,40,23,0.775,Gold
5847,Seattle,Bicycle,12,58,42,1021,4.26,15231.51,31,7,0.6452,Standard
5848,Boston,Walking,12,124,23,306,4.01,8884.34,24,2,0.5,Standard
5849,Austin,Scooter,9,611,25,1276,4.57,17984.61,21,10,0.8095,Gold
5850,Boston,Car,4,579,48,68,4.69,10130.15,27,12,0.5185,Standard
5851,Chicago,Scooter,11,11,46,538,4.13,11944.69,35,4,0.7143,Standard
5852,Boston,E-bike,2,83,28,1759,4.43,20307.19,29,16,0.8276,Gold
5853,Boston,Car,1,212,36,1106,4.52,17376.57,31,17,0.8065,Gold
5854,Chicago,Car,2,586,46,1031,4.19,11117.7,25,1,0.72,Standard
5855,Denver,Bicycle,3,101,18,885,4.69,18075.39,32,22,0.875,Gold
5856,Chicago,Car,1,350,62,82,4.97,14552.5,38,29,0.9211,Gold
5857,Denver,Bicycle,5,353,30,781,4.83,17073.44,32,19,0.7812,Gold
5858,Denver,E-bike,8,118,39,314,3.84,9109.3,30,4,0.5,Standard
5859,Boston,E-bike,7,416,55,1271,4.78,16817.29,21,13,0.8571,Gold
5860,Chicago,Scooter,11,468,44,1606,4.17,14294.3,29,8,0.5517,Standard
5861,Chicago,Car,5,504,34,1007,4.6,18441.4,25,19,1.0,Gold
5862,Denver,Scooter,10,173,53,1429,4.27,11607.04,36,6,0.6111,Standard
5863,Denver,Scooter,12,63,62,1143,4.46,17644.5,31,18,0.7742,Gold
5864,Denver,Bicycle,8,529,52,1496,3.91,13372.9,24,2,0.625,Standard
5865,Austin,Walking,11,272,52,425,4.77,13766.58,29,17,0.7931,Gold
5866,Seattle,Walking,6,196,24,166,4.36,9886.01,25,9,0.64,Standard
5867,Denver,Car,9,557,58,1786,4.76,22926.42,29,22,0.8966,Gold
5868,Boston,Car,4,641,38,155,4.19,9303.79,15,3,0.6667,Standard
5869,Austin,Scooter,12,217,18,869,4.19,13979.88,30,10,0.7,Standard
5870,Austin,Car,1,520,26,1220,5.0,18478.12,35,29,0.9429,Gold
5871,Boston,Scooter,2,587,22,1082,3.75,10834.63,37,4,0.6216,Standard
5872,Seattle,Bicycle,1,243,42,1673,4.43,15447.92,25,10,0.76,Standard
5873,Austin,Bicycle,6,452,33,1205,5.0,17418.53,27,15,0.8889,Gold
5874,Seattle,Bicycle,9,370,25,750,4.31,13941.76,22,8,0.6818,Gold
5875,Boston,Car,2,51,54,501,4.13,11917.02,35,7,0.6,Standard
5876,Seattle,Bicycle,7,301,59,1773,4.48,17362.99,33,16,0.7273,Standard
5877,Seattle,Walking,11,194,33,850,3.89,9962.85,29,4,0.5172,Standard
5878,Chicago,E-bike,2,154,37,286,5.0,15941.28,35,25,0.8857,Gold
5879,Chicago,Bicycle,10,37,40,1059,4.11,13325.51,24,5,0.5417,Standard
5880,Boston,Scooter,12,684,39,1656,4.83,22205.34,29,19,0.7586,Gold
5881,Chicago,Car,3,437,46,1511,4.32,16233.2,23,10,0.6957,Standard
5882,Seattle,Walking,11,372,33,1748,5.0,25433.66,37,36,0.973,Gold
5883,Chicago,Scooter,4,211,55,1482,4.24,15066.6,26,5,0.5769,Standard
5884,Boston,E-bike,6,180,52,1395,3.95,15357.82,25,7,0.6,Standard
5885,Austin,E-bike,3,154,37,282,4.19,10910.92,29,8,0.6207,Standard
5886,Boston,Car,5,330,58,140,4.25,12075.22,22,14,0.8182,Gold
5887,Chicago,Scooter,7,154,21,155,3.88,8007.69,25,2,0.56,Standard
5888,Denver,E-bike,4,266,37,512,3.96,8729.57,27,4,0.4074,Standard
5889,Boston,Walking,8,274,21,1615,4.59,19352.86,24,18,0.7917,Gold
5890,Chicago,Bicycle,9,92,48,985,4.62,15726.33,23,10,0.7826,Gold
5891,Seattle,E-bike,7,82,44,153,5.0,14166.55,34,23,0.8529,Gold
5892,Seattle,Walking,4,20,19,660,3.82,12283.48,27,3,0.5556,Standard
5893,Chicago,Bicycle,2,595,45,616,4.65,13472.76,18,9,0.8889,Gold
5894,Boston,Bicycle,9,425,30,83,3.67,4302.05,25,0,0.36,Standard
5895,Chicago,Car,10,308,59,1792,4.5,20017.85,41,25,0.7805,Gold
5896,Denver,Walking,7,674,43,452,4.3,10933.64,25,7,0.52,Standard
5897,Boston,Car,5,590,63,721,4.52,14487.72,37,17,0.7568,Gold
5898,Austin,Scooter,3,39,23,1515,4.29,16322.03,24,10,0.6667,Standard
5899,Boston,Bicycle,4,388,49,1687,4.15,17092.31,30,11,0.6667,Standard
5900,Austin,E-bike,4,658,55,112,4.48,10920.04,29,9,0.5862,Standard
5901,Austin,E-bike,5,659,50,844,4.33,13606.67,35,6,0.7714,Standard
5902,Austin,Car,8,235,21,1515,4.84,20902.49,28,21,0.9643,Gold
5903,Seattle,Scooter,7,667,58,645,4.53,13134.41,29,15,0.8276,Gold
5904,Austin,Car,1,280,25,724,4.11,11589.65,29,7,0.6552,Standard
5905,Denver,E-bike,5,212,26,457,3.81,11525.75,30,3,0.4,Standard
5906,Austin,Car,8,661,21,332,4.36,10471.6,27,6,0.6296,Standard
5907,Chicago,Car,12,246,61,1212,4.21,13424.64,21,1,0.2857,Standard
5908,Denver,E-bike,4,109,58,585,3.65,9595.61,27,2,0.6667,Standard
5909,Austin,Bicycle,2,631,48,1735,4.03,17219.07,24,6,0.4583,Standard
5910,Seattle,E-bike,4,617,55,1669,4.13,16849.41,35,12,0.5143,Standard
5911,Boston,Car,1,255,26,1555,4.05,14236.54,45,7,0.5778,Standard
5912,Denver,E-bike,11,192,29,286,4.61,13776.61,25,15,0.84,Gold
5913,Denver,Car,10,142,21,728,3.85,12627.15,36,12,0.5556,Standard
5914,Austin,Bicycle,7,672,24,1708,5.0,21076.82,21,16,0.9048,Gold
5915,Boston,Bicycle,1,651,34,1275,4.22,15052.21,24,10,0.5833,Gold
5916,Denver,Bicycle,11,113,63,242,3.93,8207.25,32,7,0.7188,Standard
5917,Seattle,E-bike,11,218,38,1437,4.54,17598.14,30,15,0.8333,Gold
5918,Boston,E-bike,3,568,22,283,4.18,10514.77,26,5,0.5769,Standard
5919,Seattle,Bicycle,2,316,33,648,4.37,11842.16,42,14,0.6905,Standard
5920,Austin,Walking,2,254,20,171,4.32,8228.47,19,5,0.4737,Standard
5921,Denver,Car,6,659,31,911,4.83,12981.32,34,8,0.5294,Standard
5922,Seattle,E-bike,11,35,47,493,4.7,14670.89,20,9,0.7,Gold
5923,Seattle,Scooter,8,527,52,1116,4.02,15460.75,29,14,0.6897,Standard
5924,Seattle,Car,10,381,18,1744,4.06,12522.23,28,6,0.6429,Standard
5925,Denver,E-bike,7,466,19,898,4.24,13939.64,26,3,0.5769,Standard
5926,Boston,Walking,2,280,21,1437,4.72,18573.96,30,17,0.7667,Gold
5927,Chicago,Walking,3,589,41,410,4.15,12559.16,22,3,0.5455,Standard
5928,Chicago,Car,9,334,42,54,4.69,12010.15,23,11,0.7826,Gold
5929,Seattle,Scooter,10,401,58,1474,3.98,15842.76,27,11,0.6667,Standard
5930,Austin,E-bike,7,331,21,640,4.83,13412.77,20,5,0.45,Gold
5931,Austin,Walking,6,205,47,1451,4.87,18344.17,24,11,0.7083,Gold
5932,Chicago,Scooter,8,173,32,1775,5.0,20187.83,27,15,0.8519,Gold
5933,Chicago,E-bike,4,625,30,1630,4.29,16634.61,28,13,0.75,Gold
5934,Seattle,E-bike,10,610,53,1404,4.49,14769.78,28,9,0.8214,Standard
5935,Chicago,Bicycle,10,696,59,855,4.75,15981.67,20,11,0.7,Gold
5936,Boston,Car,3,397,41,1307,4.11,12784.3,27,5,0.4444,Standard
5937,Seattle,E-bike,8,317,60,393,4.81,11767.88,31,18,0.6774,Gold
5938,Denver,Car,12,582,37,1632,4.65,20978.91,33,22,0.8788,Gold
5939,Denver,E-bike,5,336,37,993,4.48,15890.1,27,8,0.7037,Gold
5940,Denver,E-bike,6,691,39,1596,4.73,16295.53,36,13,0.5556,Gold
5941,Chicago,Walking,6,505,63,475,4.23,11057.5,32,4,0.5625,Standard
5942,Seattle,Scooter,9,607,60,698,4.3,10174.03,28,2,0.5357,Standard
5943,Boston,E-bike,10,642,49,493,3.94,7726.13,23,2,0.6087,Standard
5944,Boston,Car,9,399,60,616,4.38,14886.32,29,5,0.6207,Gold
5945,Boston,Car,12,205,36,277,4.17,9733.68,20,3,0.75,Standard
5946,Seattle,Bicycle,12,436,49,770,4.15,12847.86,30,14,0.7333,Standard
5947,Denver,Car,5,114,51,576,5.0,17770.04,30,16,0.7667,Gold
5948,Austin,Car,9,16,57,1569,5.0,22330.0,29,27,0.8966,Gold
5949,Austin,Walking,3,152,37,328,3.71,7748.92,30,6,0.5333,Standard
5950,Chicago,Car,10,314,25,457,3.79,8877.01,36,2,0.5556,Standard
5951,Seattle,Bicycle,10,154,35,1769,4.82,20488.59,33,28,0.8788,Gold
5952,Boston,Car,12,419,20,1395,3.98,15761.06,28,4,0.7143,Standard
5953,Chicago,Walking,9,99,53,1069,3.8,9745.47,34,2,0.5882,Standard
5954,Chicago,Bicycle,7,126,40,1096,4.78,16551.16,36,14,0.7222,Gold
5955,Chicago,Walking,6,246,28,1586,4.33,18307.62,30,16,0.7333,Gold
5956,Austin,Car,4,334,61,134,3.98,9545.33,34,4,0.6471,Standard
5957,Chicago,E-bike,8,394,47,1057,4.11,14877.59,29,7,0.7241,Standard
5958,Chicago,Scooter,6,347,38,778,4.29,13629.15,28,9,0.7143,Standard
5959,Denver,Scooter,1,230,27,1545,4.23,14026.47,21,5,0.6667,Standard
5960,Austin,E-bike,7,185,45,489,4.48,12664.72,39,16,0.6154,Standard
5961,Boston,E-bike,3,642,37,889,4.32,13969.09,30,9,0.5333,Standard
5962,Boston,Car,3,375,52,675,3.44,8095.39,31,1,0.5806,Standard
5963,Seattle,Car,7,500,35,936,4.36,15277.4,25,21,0.76,Gold
5964,Boston,E-bike,6,88,37,1267,3.99,13555.46,31,7,0.6452,Standard
5965,Chicago,Scooter,1,557,22,795,4.72,15147.88,27,17,0.8889,Gold
5966,Denver,E-bike,8,664,48,1576,3.99,16593.79,19,4,0.5789,Standard
5967,Austin,Walking,4,454,19,1744,4.69,16374.46,30,15,0.6333,Standard
5968,Denver,Bicycle,2,84,28,629,3.75,10803.37,35,1,0.3714,Standard
5969,Chicago,E-bike,4,31,58,1006,4.23,13970.05,30,11,0.6667,Standard
5970,Seattle,Walking,2,276,59,667,4.24,13045.3,30,12,0.6,Standard
5971,Boston,E-bike,9,243,34,938,4.01,12705.23,30,11,0.6333,Standard
5972,Boston,E-bike,3,409,24,1646,4.21,15852.58,29,10,0.6897,Standard
5973,Denver,E-bike,2,136,38,434,4.07,11549.74,25,3,0.64,Standard
5974,Seattle,E-bike,4,59,27,954,4.64,16399.95,29,12,0.8276,Gold
5975,Chicago,Car,12,366,39,1498,4.56,16708.38,31,11,0.7097,Standard
5976,Seattle,Bicycle,12,193,61,623,4.35,12554.35,28,12,0.8214,Gold
5977,Seattle,E-bike,2,486,43,74,4.46,11663.97,28,15,0.7143,Gold
5978,Chicago,Bicycle,12,669,18,217,4.61,11354.48,22,10,0.6818,Gold
5979,Boston,Bicycle,1,142,63,737,4.71,14177.5,29,14,0.6552,Gold
5980,Denver,E-bike,3,156,57,1118,3.61,9800.48,24,2,0.5417,Standard
5981,Denver,Scooter,3,520,18,1711,4.3,14536.14,24,4,0.4167,Standard
5982,Austin,Bicycle,12,162,54,224,3.5100000000000002,6204.05,19,0,0.4737,Standard
5983,Chicago,Scooter,1,128,54,164,4.53,12542.35,27,15,0.8148,Gold
5984,Boston,Car,8,514,56,1067,4.3,13563.26,23,1,0.6522,Standard
5985,Austin,Car,5,535,38,111,4.35,12842.49,22,13,0.7727,Gold
5986,Austin,Car,5,295,36,1012,5.0,16437.14,28,15,0.75,Gold
5987,Chicago,Bicycle,2,177,31,448,4.82,14431.59,30,17,0.7667,Gold
5988,Denver,Bicycle,1,488,45,1493,4.6,18182.58,33,9,0.6364,Gold
5989,Austin,Bicycle,8,554,23,256,3.81,7956.12,27,2,0.4444,Standard
5990,Denver,Bicycle,12,97,29,1141,4.86,17944.52,32,25,0.8438,Gold
5991,Boston,Car,6,515,21,1094,4.5,14407.99,29,11,0.7241,Standard
5992,Austin,Scooter,8,657,53,837,4.74,17409.24,29,14,0.7931,Gold
5993,Denver,Car,7,15,56,739,3.74,10846.85,31,4,0.5484,Standard
5994,Seattle,Car,6,90,50,52,4.66,13311.71,29,17,0.8966,Gold
5995,Denver,Bicycle,5,385,48,415,3.89,9481.52,35,3,0.4571,Standard
5996,Denver,Walking,2,290,56,944,4.68,15682.56,31,16,0.7097,Gold
5997,Denver,Bicycle,9,325,40,301,4.1,10671.17,37,16,0.6757,Standard
5998,Austin,E-bike,9,149,39,162,4.71,12843.38,32,21,0.8125,Gold
5999,Austin,Walking,7,568,59,1723,3.69,13954.86,27,3,0.6667,Standard
6000,Boston,E-bike,9,535,22,1095,4.53,17474.21,26,13,0.8462,Gold
6001,Denver,E-bike,6,689,55,296,4.63,15766.22,20,16,1.0,Gold
6002,Boston,Walking,4,163,62,383,4.54,11747.3,38,10,0.6579,Standard
6003,Boston,E-bike,1,196,23,549,4.34,9939.27,24,3,0.6667,Standard
6004,Seattle,Scooter,6,584,35,1047,4.06,13050.89,30,7,0.4667,Standard
6005,Boston,Bicycle,9,603,18,365,3.38,5286.6,30,0,0.4,Standard
6006,Chicago,Bicycle,8,119,34,905,3.97,13036.83,31,4,0.4839,Standard
6007,Denver,E-bike,3,610,30,168,4.11,11489.18,25,5,0.68,Standard
6008,Austin,Car,5,413,25,1551,4.49,18788.05,22,6,0.6364,Gold
6009,Denver,Scooter,2,544,43,1605,4.4,13720.43,19,6,0.7895,Standard
6010,Chicago,E-bike,3,95,20,918,3.96,12113.47,18,5,0.5556,Standard
6011,Denver,Scooter,3,290,20,1745,4.11,15782.84,21,4,0.619,Standard
6012,Seattle,Car,8,10,34,1382,4.44,16118.21,28,13,0.8571,Gold
6013,Chicago,E-bike,10,239,24,1017,3.58,7210.98,35,3,0.2571,Standard
6014,Austin,Bicycle,10,389,23,585,4.66,14475.8,19,13,0.7368,Gold
6015,Chicago,E-bike,12,120,51,203,3.98,9610.88,35,3,0.4571,Standard
6016,Chicago,E-bike,3,359,48,968,4.45,14231.06,22,9,0.5,Gold
6017,Chicago,Scooter,5,408,24,91,3.62,5819.61,24,0,0.375,Standard
6018,Chicago,Scooter,2,359,45,791,3.96,11196.17,25,2,0.64,Standard
6019,Seattle,Car,11,12,54,1560,4.95,21756.77,37,21,0.8919,Gold
6020,Austin,Car,12,135,19,1270,4.88,17119.05,24,19,0.875,Gold
6021,Austin,Bicycle,3,405,26,1412,5.0,19444.89,33,28,0.9091,Gold
6022,Seattle,Bicycle,2,405,28,1462,4.86,19789.61,29,20,0.931,Gold
6023,Boston,Scooter,6,662,21,301,4.32,8302.82,28,3,0.5714,Standard
6024,Chicago,E-bike,2,92,39,893,4.62,17394.14,23,12,0.7826,Gold
6025,Chicago,Bicycle,7,270,61,1054,4.28,12476.02,33,10,0.5455,Standard
6026,Boston,Walking,5,253,39,1694,4.43,18776.44,26,13,0.8077,Gold
6027,Austin,Car,7,592,54,1658,4.05,13049.27,34,9,0.6176,Standard
6028,Austin,Scooter,6,495,63,437,3.89,9153.79,27,6,0.5185,Standard
6029,Boston,Walking,7,271,40,1387,4.01,13991.83,29,5,0.6897,Standard
6030,Boston,Car,1,70,54,45,4.23,10031.67,31,10,0.5806,Standard
6031,Austin,Car,2,191,18,1177,5.0,19348.73,33,22,0.8485,Gold
6032,Seattle,Car,11,13,18,1077,4.37,17596.16,31,14,0.8065,Gold
6033,Chicago,E-bike,4,633,40,1135,4.45,15487.93,32,12,0.6562,Standard
6034,Chicago,Scooter,11,578,32,188,4.51,12042.15,28,13,0.7143,Gold
6035,Seattle,Scooter,3,582,37,363,4.61,11444.89,27,10,0.7037,Standard
6036,Chicago,Car,8,193,63,1034,4.58,14744.34,25,7,0.68,Standard
6037,Chicago,Car,2,118,32,972,4.23,11873.43,29,3,0.7586,Standard
6038,Austin,E-bike,10,339,35,813,3.88,9890.05,28,1,0.5357,Standard
6039,Denver,Walking,3,619,25,65,4.16,10098.49,28,9,0.6071,Standard
6040,Boston,Car,7,680,58,1128,3.49,9785.32,31,0,0.2903,Standard
6041,Denver,Bicycle,5,478,56,1147,4.38,13671.94,33,11,0.5758,Standard
6042,Boston,Car,11,636,49,1128,4.55,15354.3,37,22,0.6216,Gold
6043,Chicago,E-bike,6,142,60,945,4.73,15572.48,44,21,0.7045,Gold
6044,Austin,Bicycle,10,272,36,215,4.51,10860.39,29,15,0.7931,Gold
6045,Austin,E-bike,1,160,18,1004,4.53,14960.51,24,11,0.8333,Gold
6046,Denver,E-bike,6,487,19,1726,4.34,14547.55,36,8,0.5833,Standard
6047,Austin,Scooter,3,447,49,787,4.41,17148.61,24,16,0.8333,Gold
6048,Austin,Bicycle,4,272,63,589,4.61,14656.75,21,11,0.7619,Gold
6049,Chicago,E-bike,5,496,31,182,4.5,11922.82,31,11,0.6774,Standard
6050,Denver,E-bike,10,326,41,46,3.28,4790.31,19,0,0.4737,Standard
6051,Austin,Car,1,65,46,1788,4.2,16354.0,30,9,0.6667,Standard
6052,Seattle,Scooter,9,411,24,1664,4.49,18818.2,23,14,0.7826,Gold
6053,Boston,Scooter,5,305,29,563,4.62,14616.48,26,18,0.7308,Gold
6054,Boston,Car,12,26,44,561,4.25,10733.96,26,8,0.7308,Standard
6055,Boston,Car,12,382,44,921,4.33,13683.82,29,3,0.5862,Standard
6056,Denver,Scooter,3,651,19,403,4.33,8945.12,21,3,0.5238,Standard
6057,Denver,Car,7,448,62,31,3.98,9438.38,24,3,0.7083,Standard
6058,Austin,E-bike,1,521,28,92,4.09,9303.76,34,12,0.6765,Standard
6059,Chicago,E-bike,1,122,54,188,4.8,14131.67,35,22,0.7714,Gold
6060,Chicago,Walking,11,629,44,822,3.96,12832.27,29,4,0.4483,Standard
6061,Austin,Car,2,482,55,578,4.46,12566.19,31,11,0.7419,Standard
6062,Denver,Car,9,353,27,1370,5.0,21631.82,33,22,0.8182,Gold
6063,Chicago,Car,10,685,37,124,3.38,3873.49,27,0,0.3704,Standard
6064,Denver,Bicycle,11,225,40,1020,3.92,11836.95,22,5,0.4091,Standard
6065,Denver,Car,4,133,61,446,3.74,8974.99,31,7,0.4194,Standard
6066,Austin,E-bike,9,285,54,1084,3.88,10762.01,30,4,0.4,Standard
6067,Seattle,Scooter,6,527,45,529,4.64,14569.37,26,14,0.8077,Gold
6068,Seattle,Walking,5,277,30,429,4.48,13482.01,27,10,0.8889,Gold
6069,Seattle,Scooter,4,57,61,1385,3.97,11997.02,26,3,0.3846,Standard
6070,Austin,Car,12,40,33,659,3.6,9448.93,28,3,0.5,Standard
6071,Chicago,Walking,2,327,42,1087,4.09,11911.36,33,3,0.4848,Standard
6072,Boston,Car,4,319,24,1279,4.05,13998.08,26,8,0.6923,Standard
6073,Seattle,Bicycle,11,161,36,1017,4.06,10801.21,28,3,0.5357,Standard
6074,Austin,Scooter,1,218,21,1089,3.9,10284.79,39,3,0.5641,Standard
6075,Austin,E-bike,11,254,48,1426,4.18,17297.28,29,9,0.7241,Standard
6076,Chicago,Scooter,1,50,20,806,4.04,10768.66,22,0,0.5455,Standard
6077,Austin,E-bike,11,292,57,629,4.14,10410.64,16,1,0.5,Standard
6078,Chicago,Bicycle,9,130,29,1699,4.47,19049.83,38,25,0.8158,Gold
6079,Chicago,Car,10,145,28,1626,4.41,19366.66,27,16,0.7778,Gold
6080,Boston,Bicycle,1,459,27,1591,4.9,21411.09,23,17,0.9565,Gold
6081,Austin,Bicycle,5,610,52,1317,4.27,14397.95,22,4,0.5909,Standard
6082,Boston,Walking,11,286,44,961,4.69,13481.83,21,10,0.6667,Standard
6083,Denver,Bicycle,2,585,23,705,4.48,14436.44,32,11,0.75,Gold
6084,Seattle,Scooter,6,345,62,796,5.0,18570.9,20,13,0.8,Gold
6085,Seattle,Bicycle,11,6,40,388,3.95,8854.75,20,3,0.5,Standard
6086,Chicago,Walking,8,417,36,462,3.95,8807.57,39,15,0.5385,Standard
6087,Seattle,Scooter,12,229,42,100,4.54,11772.03,26,14,0.7692,Gold
6088,Boston,Car,9,12,35,480,5.0,20043.1,34,31,1.0,Gold
6089,Denver,E-bike,12,22,48,1072,4.51,16414.38,22,9,0.7273,Gold
6090,Chicago,Walking,8,661,24,70,4.58,10595.55,20,6,0.6,Standard
6091,Denver,Scooter,8,457,63,927,3.73,12354.0,26,6,0.6154,Standard
6092,Boston,Scooter,1,248,53,594,4.71,12988.41,24,14,0.7917,Gold
6093,Boston,E-bike,5,635,39,300,4.23,9423.62,31,8,0.4194,Standard
6094,Boston,E-bike,3,450,51,1085,4.83,15610.61,38,20,0.7895,Gold
6095,Denver,Car,5,399,25,729,4.15,12431.55,34,6,0.6471,Standard
6096,Seattle,Scooter,5,674,32,1399,4.0,14053.4,31,7,0.5806,Standard
6097,Denver,E-bike,5,456,44,33,4.19,8442.28,26,3,0.8077,Standard
6098,Seattle,Car,5,26,40,1024,4.37,14573.95,23,8,0.7391,Gold
6099,Chicago,E-bike,9,464,49,1042,5.0,19325.53,24,23,0.875,Gold
6100,Denver,Bicycle,6,83,19,366,4.06,12707.93,36,9,0.6111,Gold
6101,Boston,Bicycle,9,649,38,1107,4.11,15426.55,31,8,0.7419,Standard
6102,Denver,Car,10,171,62,1611,4.24,17449.17,30,9,0.8333,Gold
6103,Austin,E-bike,5,485,24,1474,4.17,15044.63,26,9,0.4615,Standard
6104,Austin,Car,6,222,48,1432,4.61,17382.27,18,9,0.6667,Gold
6105,Austin,Bicycle,4,337,59,448,4.56,13365.58,36,18,0.6944,Gold
6106,Denver,Car,1,305,38,909,3.62,7750.42,28,3,0.6429,Standard
6107,Chicago,Scooter,6,44,41,1445,4.0,15634.53,30,10,0.8,Standard
6108,Boston,Car,2,401,60,796,4.34,14120.47,19,6,0.6316,Standard
6109,Chicago,Car,5,21,50,295,4.6,12697.33,32,12,0.8125,Gold
6110,Denver,Scooter,11,318,47,929,3.83,11831.05,26,6,0.5769,Standard
6111,Denver,E-bike,7,349,54,1763,4.26,20338.6,37,20,0.7568,Gold
6112,Denver,Scooter,6,563,28,165,4.89,11187.38,34,16,0.7647,Gold
6113,Chicago,E-bike,4,558,33,259,4.16,10551.47,31,9,0.6452,Standard
6114,Chicago,Car,2,323,39,1450,4.05,18265.36,26,15,0.7692,Gold
6115,Chicago,Bicycle,6,159,25,588,5.0,16831.27,24,20,0.875,Gold
6116,Chicago,E-bike,2,298,40,539,3.32,5125.73,31,1,0.5484,Standard
6117,Austin,Walking,7,649,54,1230,4.7,17095.11,28,8,0.75,Gold
6118,Boston,Car,3,64,60,1574,3.93,11600.38,39,4,0.3333,Standard
6119,Chicago,Car,8,230,18,966,3.73,11716.16,28,5,0.5,Standard
6120,Boston,E-bike,5,23,37,1110,4.7,17085.2,37,25,0.8919,Gold
6121,Chicago,E-bike,12,22,25,1119,3.93,13637.43,24,6,0.5,Standard
6122,Boston,Bicycle,5,537,36,277,4.75,9691.55,28,16,0.6429,Gold
6123,Chicago,Car,4,458,60,764,4.39,14175.18,25,11,0.68,Gold
6124,Denver,Car,7,205,31,670,4.26,13546.24,27,6,0.7778,Standard
6125,Seattle,E-bike,5,427,34,1634,4.51,20471.32,25,15,0.88,Gold
6126,Denver,Bicycle,4,329,40,1640,4.07,15759.39,34,10,0.6176,Standard
6127,Seattle,Car,2,360,57,641,4.7,15781.11,20,11,0.75,Gold
6128,Austin,E-bike,1,198,30,53,3.62,5483.82,36,5,0.5,Standard
6129,Boston,Car,7,165,19,657,3.89,9444.67,27,4,0.5185,Standard
6130,Denver,E-bike,8,442,47,1214,4.47,12674.22,29,9,0.7586,Standard
6131,Austin,Car,7,275,29,673,4.66,15571.75,28,17,0.75,Gold
6132,Boston,Walking,2,515,28,358,3.46,7981.95,23,2,0.6087,Standard
6133,Chicago,E-bike,10,379,26,816,4.43,13556.85,24,2,0.4167,Standard
6134,Austin,E-bike,2,21,57,786,3.93,11622.7,31,10,0.5484,Standard
6135,Denver,E-bike,3,8,41,1456,4.42,16284.15,38,12,0.6316,Standard
6136,Seattle,Car,2,395,61,1760,4.52,15976.25,21,6,0.5238,Standard
6137,Boston,Walking,1,667,51,589,4.25,15944.47,30,16,0.9333,Gold
6138,Chicago,Car,3,423,30,619,4.79,14798.6,27,21,0.9259,Gold
6139,Boston,Bicycle,7,273,49,1110,4.31,15284.39,32,6,0.4375,Standard
6140,Boston,Car,4,301,25,1533,4.63,17944.35,32,19,0.75,Gold
6141,Denver,Walking,12,616,47,463,4.47,10158.39,26,8,0.7692,Standard
6142,Seattle,E-bike,9,622,31,736,4.5,14083.36,25,12,0.6,Gold
6143,Seattle,Car,2,615,21,1746,4.12,17177.31,26,9,0.6154,Standard
6144,Boston,Car,2,333,50,246,4.35,10431.47,32,7,0.8125,Standard
6145,Denver,Scooter,4,443,27,1646,3.89,13749.93,33,8,0.697,Standard
6146,Denver,Bicycle,9,499,31,1230,5.0,18652.22,33,26,0.9394,Gold
6147,Boston,Scooter,1,493,57,669,3.9,7382.07,18,2,0.6667,Standard
6148,Austin,Bicycle,4,455,47,1405,3.99,12996.65,33,2,0.6667,Standard
6149,Chicago,Car,9,520,29,761,3.94,11460.59,21,4,0.619,Standard
6150,Chicago,Scooter,12,681,33,1415,4.23,13064.5,30,5,0.7,Standard
6151,Denver,Car,9,264,37,1501,3.6,10361.13,21,2,0.2857,Standard
6152,Chicago,Car,11,8,47,1279,4.83,16571.67,35,15,0.7143,Gold
6153,Seattle,E-bike,12,372,39,410,4.53,12246.85,26,15,0.8077,Gold
6154,Boston,Car,3,437,61,1316,4.75,18133.98,45,17,0.8222,Gold
6155,Denver,Scooter,3,65,32,294,4.82,13824.24,29,16,0.6897,Gold
6156,Seattle,Car,6,656,44,684,4.12,10932.92,30,3,0.4667,Standard
6157,Austin,Scooter,2,661,29,243,4.64,8806.63,21,5,0.5238,Standard
6158,Denver,Car,12,193,39,1355,3.97,16918.81,34,9,0.5294,Standard
6159,Boston,Car,2,392,27,994,4.61,17060.82,36,24,0.8611,Gold
6160,Seattle,Car,4,512,29,107,4.52,12226.62,32,13,0.875,Gold
6161,Chicago,E-bike,2,581,36,429,4.1,7917.23,39,6,0.5385,Standard
6162,Denver,E-bike,7,419,28,1750,4.61,20382.54,19,10,0.8421,Gold
6163,Seattle,Bicycle,9,190,54,1075,4.02,14345.48,23,6,0.4348,Standard
6164,Boston,Car,4,496,51,225,4.31,10937.9,25,9,0.72,Standard
6165,Austin,Walking,6,612,53,1470,4.71,19256.16,18,11,0.9444,Gold
6166,Austin,Car,4,140,50,1569,4.69,18321.54,24,13,0.8333,Gold
6167,Boston,Walking,6,535,45,1612,4.26,12776.66,16,2,0.5,Standard
6168,Austin,Scooter,11,386,43,165,4.54,12125.35,28,17,0.7857,Gold
6169,Denver,Bicycle,6,668,51,1305,4.29,17110.96,26,14,0.8462,Gold
6170,Denver,Car,10,452,61,1117,4.59,17699.46,30,17,0.8333,Gold
6171,Seattle,E-bike,4,164,44,277,3.72,5245.07,32,1,0.4688,Standard
6172,Boston,Bicycle,12,145,61,768,4.09,10482.75,34,7,0.6176,Standard
6173,Boston,E-bike,5,630,30,1400,4.61,14631.6,26,7,0.7692,Standard
6174,Seattle,Scooter,10,5,50,564,4.09,11319.81,25,8,0.64,Standard
6175,Denver,Scooter,6,617,20,611,3.79,7458.49,22,1,0.3182,Standard
6176,Seattle,Car,9,457,24,335,4.19,9964.16,32,4,0.5625,Standard
6177,Austin,Bicycle,10,490,42,1578,4.67,18157.35,34,14,0.7353,Gold
6178,Denver,E-bike,3,365,18,1315,3.91,13766.68,27,4,0.5926,Standard
6179,Denver,Scooter,8,55,45,452,4.44,11720.26,26,4,0.6154,Standard
6180,Chicago,Bicycle,7,399,28,1760,4.73,18665.81,32,20,0.875,Gold
6181,Denver,E-bike,7,520,63,314,4.21,11966.53,32,8,0.625,Standard
6182,Austin,Bicycle,5,536,54,1668,4.71,20914.43,31,23,0.9677,Gold
6183,Denver,Bicycle,2,697,55,1008,4.19,18413.15,29,15,0.8966,Gold
6184,Austin,E-bike,2,503,50,1575,4.43,19392.01,37,22,0.8108,Gold
6185,Boston,Car,10,456,62,782,4.29,11932.02,26,7,0.6923,Standard
6186,Austin,Car,5,298,44,1582,4.16,14830.95,29,6,0.5517,Standard
6187,Austin,E-bike,9,18,22,1067,4.36,15258.14,26,14,0.8077,Gold
6188,Seattle,Car,12,187,29,775,4.36,11692.03,30,7,0.6333,Standard
6189,Denver,Bicycle,2,589,52,1084,4.17,15415.88,22,8,0.6364,Standard
6190,Chicago,Car,1,532,23,639,4.52,14971.92,23,12,0.8696,Gold
6191,Boston,Walking,11,146,49,785,4.33,13372.55,23,10,0.6087,Standard
6192,Seattle,Car,6,340,54,471,4.25,14167.02,26,14,0.8462,Gold
6193,Boston,Scooter,10,6,28,698,4.57,16839.96,23,10,0.7391,Gold
6194,Chicago,E-bike,4,404,43,859,4.0,10725.78,32,3,0.7188,Standard
6195,Denver,Car,4,602,19,1368,4.43,14168.3,25,6,0.76,Standard
6196,Austin,Bicycle,2,448,60,367,4.05,9282.39,19,8,0.6842,Standard
6197,Boston,Bicycle,9,358,30,910,4.77,16362.2,27,11,0.7037,Gold
6198,Denver,Car,3,307,29,1686,4.63,19146.58,27,15,0.8519,Gold
6199,Denver,Scooter,6,65,37,497,4.93,16368.38,31,23,0.8065,Gold
6200,Chicago,Scooter,8,342,54,1688,5.0,17897.41,25,16,0.76,Gold
6201,Denver,Bicycle,3,151,33,550,4.17,11016.09,29,10,0.6552,Standard
6202,Chicago,Scooter,6,557,30,942,4.99,17185.55,29,25,0.8621,Gold
6203,Seattle,E-bike,10,396,41,486,4.6,15548.28,28,14,0.8214,Gold
6204,Boston,E-bike,8,621,27,32,3.65,1882.09,27,2,0.6667,Standard
6205,Boston,Scooter,8,184,56,1730,4.78,21021.1,20,13,0.85,Gold
6206,Boston,E-bike,6,592,33,45,3.95,9932.1,37,7,0.6486,Standard
6207,Chicago,Scooter,2,555,55,415,4.91,15979.5,26,19,0.8846,Gold
6208,Denver,Car,3,688,54,314,4.18,9706.2,29,7,0.4828,Standard
6209,Austin,E-bike,3,552,34,74,4.43,13902.42,27,12,0.8889,Gold
6210,Boston,Car,1,472,18,1128,4.25,16723.29,24,11,0.6667,Gold
6211,Denver,Bicycle,4,193,62,789,4.89,15158.71,28,16,0.75,Gold
6212,Austin,Car,1,420,49,268,5.0,15189.63,23,17,0.8696,Gold
6213,Boston,Scooter,5,534,52,304,4.3,11909.63,30,8,0.6,Standard
6214,Seattle,Car,5,97,48,564,4.53,14776.33,26,15,0.7692,Gold
6215,Seattle,Car,2,572,44,68,3.83,5313.76,41,4,0.561,Standard
6216,Denver,Walking,5,417,25,234,4.42,11656.54,24,6,0.7917,Standard
6217,Austin,E-bike,5,52,29,169,4.52,11723.01,28,12,0.7857,Gold
6218,Boston,Bicycle,9,653,29,1784,4.89,22308.01,34,26,0.8824,Gold
6219,Boston,Car,7,87,25,61,3.55,4349.73,29,2,0.3103,Standard
6220,Chicago,Scooter,11,550,48,1295,4.15,13468.45,25,3,0.52,Standard
6221,Denver,Walking,2,26,39,1234,4.42,14708.7,24,11,0.6667,Standard
6222,Seattle,Car,10,385,38,1472,4.47,17316.1,31,14,0.7097,Standard
6223,Chicago,Car,4,131,46,258,5.0,15591.49,26,16,0.8846,Gold
6224,Austin,E-bike,6,569,27,108,3.9,9485.21,23,7,0.6522,Standard
6225,Austin,Scooter,7,78,60,1324,4.3,16386.17,42,15,0.6667,Standard
6226,Seattle,Scooter,10,406,39,432,4.16,9995.56,28,9,0.5714,Standard
6227,Chicago,E-bike,9,256,57,1686,4.79,16564.61,33,19,0.7273,Gold
6228,Denver,Scooter,5,556,57,903,4.5,14435.98,28,12,0.5357,Standard
6229,Denver,Walking,3,304,45,303,4.61,13091.69,28,18,0.8929,Gold
6230,Austin,Bicycle,6,97,36,574,4.17,10553.04,31,8,0.5806,Standard
6231,Boston,E-bike,5,287,63,1224,4.74,19492.34,31,21,0.9032,Gold
6232,Denver,Car,1,517,31,1075,4.03,14474.35,37,14,0.5405,Standard
6233,Chicago,E-bike,3,6,36,1281,4.09,13551.68,28,5,0.5,Standard
6234,Austin,Bicycle,10,189,41,760,3.92,12167.54,19,4,0.5789,Standard
6235,Seattle,Car,9,370,61,1141,4.18,12240.07,30,4,0.5667,Standard
6236,Denver,E-bike,8,266,39,567,4.56,12703.21,38,10,0.5789,Standard
6237,Chicago,Car,7,29,39,1140,4.68,16251.85,36,22,0.75,Gold
6238,Austin,Car,9,67,55,190,4.35,9746.72,37,5,0.7027,Standard
6239,Boston,Car,3,223,44,1177,4.33,15984.04,25,14,0.56,Standard
6240,Seattle,Bicycle,11,565,28,1626,3.99,14846.34,33,8,0.6061,Standard
6241,Austin,E-bike,10,276,31,360,4.01,9990.84,26,4,0.6538,Standard
6242,Austin,Car,7,130,32,867,4.01,13242.27,28,7,0.8214,Gold
6243,Chicago,Car,1,330,32,569,4.09,13209.01,20,7,0.8,Standard
6244,Boston,Bicycle,7,523,62,1514,4.94,18916.21,33,23,0.8182,Gold
6245,Austin,Walking,8,388,28,713,3.88,9947.84,23,3,0.5652,Standard
6246,Austin,Scooter,9,449,50,481,4.49,13012.92,27,11,0.6667,Gold
6247,Austin,Car,7,446,62,124,4.38,12603.92,22,6,0.7727,Gold
6248,Austin,Car,2,635,34,70,4.59,10304.74,29,4,0.5172,Standard
6249,Boston,E-bike,12,136,62,211,4.57,12052.03,28,17,0.7857,Gold
6250,Denver,E-bike,5,678,42,34,3.98,8106.44,30,6,0.5667,Standard
6251,Seattle,Car,10,35,57,1665,4.14,14148.47,21,3,0.7143,Standard
6252,Denver,Scooter,8,198,41,1312,4.34,16605.53,28,11,0.6786,Gold
6253,Chicago,Bicycle,1,369,41,1044,3.84,10349.47,33,3,0.5455,Standard
6254,Denver,Walking,10,535,28,1344,5.0,24569.54,28,28,1.0,Gold
6255,Boston,E-bike,4,636,30,1168,4.06,15266.29,40,11,0.55,Standard
6256,Austin,Car,8,129,52,1051,4.39,16112.86,26,13,0.5769,Gold
6257,Boston,Bicycle,4,234,24,1776,4.48,18745.73,27,13,0.7037,Standard
6258,Denver,Car,6,242,19,486,4.11,10202.39,30,3,0.5333,Standard
6259,Austin,Scooter,8,164,45,443,4.21,11167.56,25,7,0.56,Standard
6260,Seattle,Car,10,421,34,814,4.44,14846.99,15,7,0.8667,Standard
6261,Denver,Car,8,430,20,131,4.08,8171.5,33,4,0.4848,Standard
6262,Seattle,Scooter,2,640,63,836,4.75,17750.06,30,14,0.7667,Gold
6263,Boston,E-bike,1,204,58,262,4.84,13756.44,26,11,0.8462,Gold
6264,Seattle,Scooter,12,382,28,1092,4.16,14461.53,23,13,0.7826,Gold
6265,Denver,Scooter,7,392,28,1312,4.27,14701.36,27,6,0.6667,Standard
6266,Seattle,Bicycle,4,328,44,1171,3.77,9523.45,31,1,0.2903,Standard
6267,Boston,Car,6,264,20,1369,4.36,14685.45,40,11,0.65,Standard
6268,Austin,Scooter,9,420,27,435,4.05,10177.53,28,5,0.5714,Standard
6269,Denver,Car,7,160,60,178,4.09,8536.44,38,10,0.6579,Standard
6270,Chicago,E-bike,9,141,38,797,4.77,15599.69,36,23,0.7778,Gold
6271,Boston,E-bike,10,575,63,1159,3.73,11122.67,26,3,0.6538,Standard
6272,Denver,Scooter,12,277,36,212,4.09,8035.85,24,5,0.4583,Standard
6273,Chicago,Scooter,3,584,45,200,4.59,14264.82,29,16,0.7241,Gold
6274,Seattle,Scooter,8,219,61,856,4.19,11112.89,24,1,0.5417,Standard
6275,Denver,E-bike,1,438,30,1300,4.34,16834.92,29,12,0.6207,Gold
6276,Denver,E-bike,12,650,55,788,4.69,16666.06,34,13,0.7647,Gold
6277,Austin,Car,8,460,62,298,4.49,11412.11,19,5,0.6316,Standard
6278,Denver,Bicycle,4,325,57,672,4.81,17482.08,21,17,0.9048,Gold
6279,Seattle,E-bike,1,85,61,41,4.23,6820.13,24,3,0.5417,Standard
6280,Denver,Car,4,625,30,610,4.34,13680.18,23,11,0.8696,Gold
6281,Boston,Scooter,11,503,21,1207,4.06,11642.47,23,3,0.5652,Standard
6282,Boston,Car,2,391,54,362,3.89,7209.25,31,2,0.4839,Standard
6283,Seattle,E-bike,1,209,54,113,4.43,10495.94,24,10,0.5833,Standard
6284,Seattle,Scooter,9,310,24,1102,4.28,12487.76,23,3,0.6087,Standard
6285,Denver,Bicycle,1,242,30,1466,4.63,14274.59,26,8,0.7308,Gold
6286,Austin,Bicycle,3,349,49,876,4.47,12718.43,29,3,0.5172,Standard
6287,Chicago,Car,10,608,32,111,4.59,11007.85,27,14,0.8519,Gold
6288,Chicago,Car,10,523,46,660,3.61,7662.58,31,2,0.4839,Standard
6289,Austin,Car,5,506,33,1666,4.68,19308.91,30,21,0.9,Gold
6290,Seattle,Bicycle,5,135,23,292,3.98,9603.45,27,5,0.6296,Standard
6291,Denver,E-bike,10,275,54,729,3.92,10063.4,22,5,0.5909,Standard
6292,Seattle,Bicycle,1,318,36,272,3.9,5724.41,34,1,0.5,Standard
6293,Seattle,Bicycle,6,391,22,127,3.8,7811.23,20,0,0.6,Standard
6294,Denver,E-bike,4,223,38,857,4.28,13050.73,35,11,0.6857,Standard
6295,Denver,Scooter,12,266,42,975,4.15,11730.57,34,2,0.5294,Standard
6296,Chicago,Walking,11,576,18,1393,4.23,15169.72,22,5,0.6364,Standard
6297,Seattle,Scooter,4,450,42,1635,4.77,19763.35,31,14,0.6129,Gold
6298,Seattle,Scooter,1,422,58,1545,4.71,16699.19,18,8,0.6667,Gold
6299,Chicago,Scooter,8,96,58,349,4.38,11615.89,19,5,0.6316,Standard
6300,Denver,Bicycle,1,292,45,613,4.34,11698.27,32,7,0.5625,Standard
6301,Seattle,E-bike,8,240,62,807,3.67,11759.96,36,4,0.5833,Standard
6302,Austin,Walking,10,241,28,105,3.7600000000000002,5299.97,32,4,0.4688,Standard
6303,Austin,Bicycle,11,181,46,1700,3.94,15599.81,33,4,0.6667,Standard
6304,Denver,E-bike,9,97,49,496,4.52,13036.41,31,11,0.8065,Gold
6305,Seattle,Car,6,546,56,960,4.37,14828.62,30,12,0.8,Gold
6306,Denver,Bicycle,5,642,30,115,4.36,10525.28,21,3,0.7143,Standard
6307,Chicago,Bicycle,6,696,21,73,4.68,11697.26,32,15,0.7188,Gold
6308,Austin,Car,1,323,24,865,4.8,16333.05,34,16,0.6765,Gold
6309,Seattle,E-bike,12,169,23,559,4.66,13478.7,25,11,0.68,Gold
6310,Seattle,Car,9,62,21,244,3.81,8657.67,25,6,0.52,Standard
6311,Denver,Scooter,7,612,37,1450,4.32,17207.24,29,12,0.5862,Standard
6312,Chicago,Car,8,632,45,1225,4.48,14874.27,26,6,0.7308,Standard
6313,Boston,Car,4,687,34,1486,4.81,15970.91,27,9,0.8148,Standard
6314,Denver,Scooter,3,69,63,528,4.33,15252.7,25,13,0.8,Gold
6315,Boston,Bicycle,5,353,30,432,3.79,7822.83,30,2,0.5,Standard
6316,Seattle,Scooter,6,309,32,1079,4.83,18234.18,34,23,0.7353,Gold
6317,Denver,Scooter,11,544,59,115,4.12,9422.59,19,3,0.4211,Standard
6318,Chicago,Scooter,12,541,50,1770,4.82,20694.76,29,17,0.8621,Gold
6319,Seattle,Car,5,567,26,852,4.88,15283.34,16,7,0.875,Gold
6320,Chicago,Walking,6,149,62,866,4.78,18049.43,26,21,0.8846,Gold
6321,Austin,E-bike,1,538,45,193,3.82,8244.07,17,2,0.6471,Standard
6322,Austin,E-bike,9,484,43,417,4.53,13613.51,32,14,0.75,Gold
6323,Austin,E-bike,6,458,40,1464,4.16,15442.22,20,6,0.5,Standard
6324,Seattle,Scooter,7,78,30,1552,4.71,20594.49,27,20,0.7407,Gold
6325,Denver,Car,1,576,22,112,4.26,12510.8,28,15,0.7857,Gold
6326,Boston,Car,7,176,62,909,3.42,7695.03,32,1,0.5938,Standard
6327,Austin,Car,4,246,57,1656,4.57,17182.12,21,5,0.7143,Standard
6328,Boston,Car,11,168,56,638,4.93,16826.31,26,20,0.8462,Gold
6329,Chicago,E-bike,2,441,38,1740,4.59,20419.25,26,18,0.8462,Gold
6330,Seattle,Car,6,530,46,105,4.2,9798.39,26,5,0.6538,Standard
6331,Austin,Car,12,416,26,160,3.92,7979.0,20,3,0.55,Standard
6332,Denver,Car,9,430,36,38,4.51,13052.95,35,20,0.7714,Gold
6333,Austin,Car,11,625,35,640,4.6,14846.66,24,8,0.7917,Gold
6334,Denver,E-bike,9,270,49,1760,5.0,19410.63,19,9,0.7368,Gold
6335,Boston,Car,7,491,54,1450,3.7600000000000002,13380.0,21,3,0.5238,Standard
6336,Boston,E-bike,7,420,18,618,5.0,17477.37,24,14,0.875,Gold
6337,Boston,Car,10,379,54,1256,3.72,12022.18,32,8,0.6875,Standard
6338,Austin,Car,6,599,43,457,4.27,10832.7,24,11,0.625,Standard
6339,Denver,Scooter,8,507,20,280,4.39,12738.45,26,15,0.7308,Gold
6340,Austin,Bicycle,1,52,45,914,4.48,11388.01,19,4,0.6316,Standard
6341,Denver,Car,10,328,22,1428,3.86,13526.61,32,5,0.625,Standard
6342,Boston,Car,9,31,45,1622,4.97,20697.88,35,28,0.8571,Gold
6343,Denver,Car,1,612,27,620,3.84,9943.18,33,2,0.3333,Standard
6344,Seattle,Car,1,217,41,1168,5.0,19525.12,23,18,0.913,Gold
6345,Austin,Car,2,286,34,522,4.12,12847.5,30,10,0.5667,Standard
6346,Boston,Bicycle,11,608,52,1031,3.21,6920.51,27,0,0.4074,Standard
6347,Seattle,E-bike,8,452,37,106,4.76,12198.05,26,19,0.8077,Gold
6348,Denver,Bicycle,2,521,26,825,4.34,14567.59,28,10,0.7857,Standard
6349,Austin,Car,3,77,58,1751,4.83,20717.51,18,15,0.9444,Gold
6350,Seattle,E-bike,4,633,47,624,4.4,12408.67,38,14,0.6842,Standard
6351,Boston,Walking,3,213,37,741,4.0,13473.01,26,11,0.6154,Standard
6352,Austin,E-bike,8,210,42,198,4.48,13584.15,27,14,0.6296,Gold
6353,Seattle,Bicycle,4,242,63,179,4.28,8319.5,21,6,0.6667,Standard
6354,Denver,Walking,8,434,52,1062,4.24,11292.98,23,4,0.7391,Standard
6355,Chicago,E-bike,1,302,57,1639,4.8,19170.48,25,8,0.76,Gold
6356,Chicago,E-bike,11,132,59,1000,3.6,9199.59,24,1,0.625,Standard
6357,Seattle,Car,8,233,47,1676,4.83,17971.79,34,19,0.8235,Gold
6358,Denver,Scooter,8,506,38,1654,4.01,14484.93,33,11,0.6061,Standard
6359,Chicago,Bicycle,2,363,56,1783,4.32,15929.23,36,13,0.6667,Standard
6360,Seattle,Scooter,7,215,26,218,3.99,9881.4,20,4,0.55,Standard
6361,Seattle,Walking,6,148,26,930,3.67,11736.88,30,3,0.7667,Standard
6362,Boston,Bicycle,1,492,47,1080,4.5,16040.28,31,15,0.5806,Standard
6363,Boston,Walking,1,205,60,72,3.99,10235.16,41,4,0.5122,Standard
6364,Denver,Car,12,510,29,867,4.45,13227.33,22,5,0.5909,Standard
6365,Seattle,Bicycle,3,415,33,141,4.1,11056.81,32,18,0.8438,Gold
6366,Boston,Car,10,341,60,585,4.77,14277.08,29,13,0.7586,Gold
6367,Chicago,Scooter,3,394,37,473,4.7,12738.14,33,17,0.697,Gold
6368,Austin,Scooter,12,627,38,1074,4.29,14608.87,23,9,0.8261,Standard
6369,Boston,Scooter,8,545,23,692,4.27,11403.01,32,5,0.625,Standard
6370,Boston,Car,8,230,63,1201,4.18,11738.32,22,3,0.4091,Standard
6371,Austin,Bicycle,6,27,25,248,4.15,11835.2,21,8,0.619,Standard
6372,Austin,Car,5,611,46,1069,4.8,18907.53,16,12,0.875,Gold
6373,Boston,Bicycle,10,274,60,1296,4.07,12298.45,31,7,0.6452,Standard
6374,Boston,Car,12,218,32,1724,3.94,13759.95,40,2,0.275,Standard
6375,Boston,Bicycle,11,620,54,764,4.07,15552.99,30,10,0.7667,Gold
6376,Seattle,Car,5,127,43,464,5.0,15546.68,32,15,0.8125,Gold
6377,Austin,Car,5,648,33,1202,4.53,16550.51,18,9,0.8333,Gold
6378,Chicago,Walking,5,683,50,198,5.0,15736.18,21,16,0.9048,Gold
6379,Denver,Car,11,63,37,716,4.14,11984.32,29,9,0.5172,Standard
6380,Boston,Car,10,684,23,764,3.96,10751.84,29,5,0.5862,Standard
6381,Denver,Car,10,158,37,841,4.18,12985.2,32,8,0.4375,Standard
6382,Chicago,Car,7,477,40,802,4.16,13558.97,28,10,0.75,Gold
6383,Denver,Scooter,9,694,26,692,3.81,9587.26,26,3,0.6923,Standard
6384,Denver,Walking,5,404,46,866,3.86,8078.76,32,1,0.4375,Standard
6385,Denver,Scooter,8,415,27,1099,4.16,16456.71,38,13,0.7368,Standard
6386,Boston,Car,8,582,25,1096,3.7,9802.52,33,3,0.6061,Standard
6387,Chicago,E-bike,10,409,63,816,4.02,9554.41,27,4,0.4815,Standard
6388,Denver,Car,8,638,44,1761,4.19,13937.05,24,2,0.625,Standard
6389,Austin,Car,5,191,37,1142,4.35,15167.25,23,8,0.6957,Gold
6390,Seattle,Bicycle,7,307,34,821,4.31,12341.68,28,13,0.6786,Standard
6391,Denver,Car,5,94,26,1254,4.58,19707.29,29,21,0.7931,Gold
6392,Austin,Walking,10,590,36,182,4.24,11714.28,24,7,0.9167,Gold
6393,Austin,Bicycle,4,294,58,1042,4.05,11816.05,24,4,0.375,Standard
6394,Boston,Bicycle,2,650,46,1788,4.81,20433.18,40,21,0.825,Gold
6395,Boston,Car,6,258,34,300,4.39,10635.56,21,4,0.5714,Standard
6396,Austin,Car,5,381,18,817,4.36,15451.87,40,17,0.725,Gold
6397,Denver,Scooter,11,17,44,426,3.91,8163.99,27,2,0.4444,Standard
6398,Austin,E-bike,8,608,43,765,4.38,14832.92,30,18,0.6333,Gold
6399,Austin,E-bike,5,613,63,1454,4.39,15727.35,25,15,0.92,Gold
6400,Austin,Scooter,8,440,20,277,4.28,13195.37,21,7,0.6667,Standard
6401,Chicago,E-bike,11,92,35,930,4.25,12969.49,34,10,0.7647,Standard
6402,Boston,Car,6,417,23,1536,4.78,19972.0,30,19,0.8667,Gold
6403,Boston,Car,7,360,41,1007,4.49,15535.83,30,16,0.6667,Gold
6404,Chicago,Car,9,157,52,1012,4.33,14611.34,33,14,0.6667,Standard
6405,Denver,Car,11,107,39,1089,4.61,17312.31,30,14,0.8667,Gold
6406,Denver,Scooter,6,375,46,684,3.63,7932.15,25,2,0.44,Standard
6407,Austin,Walking,4,632,46,603,3.88,8442.53,31,4,0.5806,Standard
6408,Boston,Car,9,479,59,398,4.0,7090.53,31,1,0.3871,Standard
6409,Austin,Bicycle,3,142,36,1082,4.11,14510.87,27,10,0.7407,Standard
6410,Chicago,Car,1,532,25,1700,4.1,13334.35,33,1,0.3636,Standard
6411,Denver,E-bike,4,5,44,181,4.43,9829.14,24,6,0.625,Standard
6412,Chicago,E-bike,3,202,54,936,4.81,14803.09,33,18,0.7273,Gold
6413,Chicago,E-bike,4,216,38,776,3.6,5740.33,32,2,0.5938,Standard
6414,Denver,E-bike,6,577,32,260,4.18,9530.73,28,6,0.6429,Standard
6415,Denver,Bicycle,12,531,50,991,4.11,14733.43,32,11,0.8125,Gold
6416,Boston,Walking,12,120,38,542,4.68,14964.57,32,15,0.7812,Gold
6417,Denver,E-bike,1,585,44,738,4.33,14022.57,21,9,0.8095,Gold
6418,Chicago,Bicycle,9,91,49,411,3.37,6201.58,30,0,0.4333,Standard
6419,Denver,Car,12,523,49,1634,4.49,16502.68,27,13,0.6296,Gold
6420,Austin,Scooter,4,509,40,1334,4.56,18420.82,33,24,0.8788,Gold
6421,Denver,E-bike,9,382,57,855,4.31,14103.24,31,15,0.6129,Standard
6422,Boston,Car,9,421,54,1170,4.64,17307.42,25,10,0.72,Gold
6423,Austin,Car,12,520,29,1293,4.25,14174.11,21,1,0.3333,Standard
6424,Austin,Bicycle,9,397,33,1459,4.47,19443.96,23,13,0.7391,Gold
6425,Boston,Scooter,7,292,37,1147,4.61,17278.48,22,12,0.6818,Gold
6426,Chicago,Walking,10,556,60,1749,3.72,15316.36,29,9,0.6897,Standard
6427,Austin,Bicycle,4,309,33,1635,4.24,15543.58,31,10,0.6129,Standard
6428,Denver,Scooter,8,205,62,194,3.78,7377.44,28,2,0.5,Standard
6429,Denver,Car,2,151,20,314,4.36,9603.31,29,12,0.6207,Standard
6430,Boston,Car,4,433,19,516,4.26,10589.6,31,9,0.6129,Standard
6431,Boston,E-bike,2,27,47,1497,4.19,14775.34,21,7,0.9048,Standard
6432,Boston,Car,12,690,53,330,4.41,13524.07,25,12,0.72,Gold
6433,Austin,Car,11,16,55,1127,3.86,9786.41,29,2,0.4828,Standard
6434,Chicago,Car,12,9,37,1619,4.55,16453.75,28,7,0.5357,Standard
6435,Chicago,Scooter,11,54,20,1637,4.74,17680.9,30,15,0.6333,Gold
6436,Boston,E-bike,12,156,38,147,3.57,4050.74,25,1,0.4,Standard
6437,Chicago,E-bike,4,465,30,1600,4.5,16146.38,36,11,0.6389,Standard
6438,Chicago,E-bike,5,343,55,1004,3.58,10238.73,28,3,0.4286,Standard
6439,Chicago,Car,7,577,58,1552,4.02,11195.05,26,4,0.6154,Standard
6440,Denver,Scooter,7,443,30,655,4.13,10175.04,19,5,0.5263,Standard
6441,Boston,E-bike,8,677,25,111,4.14,8010.02,27,6,0.6667,Standard
6442,Chicago,Scooter,2,616,47,231,4.62,13056.36,30,13,0.7333,Gold
6443,Chicago,Scooter,7,16,43,816,3.74,9659.54,33,3,0.6667,Standard
6444,Austin,E-bike,12,473,63,1062,4.9,19953.81,25,19,0.88,Gold
6445,Seattle,Scooter,11,104,32,1637,4.62,15925.15,23,11,0.6957,Gold
6446,Austin,Bicycle,1,139,40,1265,3.79,8832.64,36,1,0.3611,Standard
6447,Chicago,Walking,10,246,40,1540,5.0,24389.76,33,24,0.8182,Gold
6448,Boston,Walking,2,351,29,942,3.83,10130.81,23,1,0.6087,Standard
6449,Austin,E-bike,10,668,26,765,4.5,14385.88,32,15,0.6875,Gold
6450,Denver,Scooter,1,117,50,575,4.72,13801.46,32,16,0.75,Gold
6451,Boston,Car,7,599,63,496,4.21,9812.68,29,3,0.5517,Standard
6452,Chicago,E-bike,10,313,50,1006,4.4,14468.44,30,10,0.6,Gold
6453,Austin,E-bike,11,243,52,927,4.24,10564.32,31,8,0.5484,Standard
6454,Austin,Bicycle,8,694,48,361,4.71,11441.57,31,12,0.7097,Standard
6455,Denver,Bicycle,8,606,32,813,3.9,11007.66,29,4,0.3793,Standard
6456,Austin,Bicycle,1,636,46,128,3.85,7976.78,30,6,0.5667,Standard
6457,Austin,Car,7,247,38,1660,3.71,15132.15,20,3,0.45,Standard
6458,Austin,E-bike,12,697,27,1158,4.32,17810.16,28,14,0.6786,Gold
6459,Seattle,Car,9,609,46,575,4.56,12856.13,31,18,0.6452,Gold
6460,Chicago,E-bike,7,563,34,1224,4.21,13130.05,25,7,0.8,Standard
6461,Chicago,E-bike,8,638,41,1580,4.29,14182.19,32,10,0.625,Standard
6462,Austin,Scooter,8,16,27,477,3.95,7101.18,28,2,0.1786,Standard
6463,Seattle,E-bike,3,334,50,1193,3.99,9697.59,26,1,0.5769,Standard
6464,Boston,E-bike,11,695,50,724,4.25,11481.16,21,5,0.5238,Standard
6465,Chicago,Car,11,163,49,102,4.11,8844.48,20,7,0.3,Standard
6466,Seattle,Car,1,115,44,1108,4.24,12535.37,28,4,0.4286,Standard
6467,Chicago,Bicycle,10,685,30,1411,4.29,16286.05,17,4,0.7647,Standard
6468,Denver,Bicycle,5,89,60,1572,4.33,17837.06,25,15,0.84,Gold
6469,Boston,E-bike,9,35,32,1741,4.03,19222.13,29,8,0.8621,Standard
6470,Denver,Car,3,92,51,766,4.33,13075.09,31,6,0.6452,Standard
6471,Seattle,Scooter,5,584,37,765,4.51,16712.49,34,16,0.7941,Gold
6472,Seattle,Bicycle,4,258,43,1699,4.29,17425.59,24,9,0.5417,Standard
6473,Seattle,Walking,7,627,32,1072,4.72,18209.37,25,16,0.8,Gold
6474,Seattle,Scooter,1,515,31,1635,4.11,17152.5,26,13,0.8077,Gold
6475,Chicago,Bicycle,6,531,18,154,4.91,16052.11,27,24,0.963,Gold
6476,Denver,E-bike,10,592,26,1785,3.93,15079.05,26,6,0.5769,Standard
6477,Chicago,Car,2,312,34,1615,4.71,20343.78,32,23,0.875,Gold
6478,Seattle,E-bike,4,455,40,1297,4.59,15397.84,33,14,0.7576,Gold
6479,Denver,Car,11,98,27,106,4.63,11178.33,32,13,0.5938,Gold
6480,Denver,Walking,10,583,22,1356,4.3,15644.99,28,8,0.6071,Standard
6481,Boston,Scooter,6,148,56,746,4.48,18204.74,28,23,0.8929,Gold
6482,Austin,Car,2,123,33,795,4.38,12779.89,33,7,0.4545,Standard
6483,Austin,Bicycle,9,127,36,477,4.86,11546.06,30,10,0.5667,Standard
6484,Austin,Car,12,538,60,911,4.13,10449.14,23,5,0.2609,Standard
6485,Denver,Car,2,394,19,1637,5.0,21247.67,26,21,0.9231,Gold
6486,Austin,Walking,10,495,46,251,4.4,11139.6,23,10,0.6087,Gold
6487,Denver,Car,5,699,44,491,4.28,12283.92,25,5,0.64,Standard
6488,Chicago,Bicycle,12,5,30,856,4.55,13313.35,24,13,0.7917,Gold
6489,Austin,E-bike,7,497,62,508,4.39,13279.2,33,18,0.7879,Gold
6490,Boston,Walking,3,612,27,924,4.43,17507.26,36,17,0.8056,Gold
6491,Seattle,Bicycle,9,81,58,1551,3.57,11506.34,26,1,0.6923,Standard
6492,Chicago,Bicycle,3,475,18,675,4.39,10762.53,34,7,0.6765,Standard
6493,Austin,E-bike,10,294,44,320,4.33,7376.93,15,2,0.6,Standard
6494,Chicago,Car,3,543,47,465,4.59,13761.5,27,13,0.8889,Gold
6495,Chicago,Bicycle,6,657,48,233,4.09,7821.3,17,1,0.5882,Standard
6496,Austin,E-bike,1,403,29,1634,3.42,11067.99,23,0,0.4348,Standard
6497,Seattle,E-bike,8,582,23,223,4.55,12219.07,25,6,0.72,Gold
6498,Denver,Walking,4,559,57,376,4.38,8654.17,27,4,0.5556,Standard
6499,Seattle,Scooter,12,350,20,1360,4.68,19418.27,28,17,0.7857,Gold
6500,Austin,Bicycle,6,435,19,501,4.16,9732.53,26,6,0.5769,Standard
6501,Denver,E-bike,2,271,46,1274,4.78,19317.38,42,26,0.8571,Gold
6502,Denver,Walking,2,385,33,1487,3.54,14186.48,37,6,0.6216,Standard
6503,Austin,Bicycle,10,353,50,1093,4.93,15869.29,33,18,0.7273,Gold
6504,Chicago,Bicycle,5,686,30,1153,4.39,15192.84,20,7,0.45,Gold
6505,Seattle,Car,12,288,54,1285,4.33,14686.13,28,9,0.6071,Standard
6506,Austin,Car,10,584,29,1654,4.36,19998.14,33,14,0.8182,Gold
6507,Seattle,Car,6,665,28,443,4.19,9224.77,26,5,0.6154,Standard
6508,Chicago,Bicycle,1,378,36,504,4.26,11782.5,23,11,0.6522,Gold
6509,Denver,Walking,12,582,43,1771,4.79,23153.19,30,28,0.9667,Gold
6510,Denver,Car,9,391,42,1581,4.22,14576.75,33,9,0.6061,Standard
6511,Chicago,Scooter,11,360,40,1224,4.53,16422.09,28,9,0.6071,Gold
6512,Chicago,Scooter,9,268,62,1583,4.48,17475.12,26,11,0.8462,Standard
6513,Chicago,Bicycle,10,363,23,634,3.82,8139.39,35,0,0.5143,Standard
6514,Boston,Bicycle,1,376,60,874,4.13,13771.0,32,11,0.5625,Standard
6515,Austin,Bicycle,5,87,31,1052,4.75,16225.77,28,13,0.75,Standard
6516,Boston,Car,7,386,60,1097,3.75,12423.38,28,1,0.6786,Standard
6517,Seattle,E-bike,4,494,35,1684,4.63,18737.86,36,23,0.8333,Gold
6518,Seattle,Car,10,139,35,292,4.51,12372.88,29,18,0.7931,Gold
6519,Austin,Bicycle,5,481,57,37,3.83,7890.76,25,5,0.68,Standard
6520,Seattle,Scooter,6,257,32,344,4.44,13532.72,31,17,0.8387,Gold
6521,Denver,E-bike,1,319,46,247,3.53,6127.16,34,2,0.5,Standard
6522,Boston,Car,2,476,36,856,4.49,15462.28,24,11,0.6667,Gold
6523,Boston,Walking,12,322,60,759,3.6,7913.17,21,1,0.4286,Standard
6524,Denver,E-bike,10,380,31,523,3.88,12364.73,25,7,0.84,Standard
6525,Austin,Bicycle,11,158,53,843,3.84,11365.19,35,11,0.8,Standard
6526,Denver,Car,9,30,51,103,3.73,5557.1,24,3,0.375,Standard
6527,Chicago,Car,2,688,51,613,4.63,11717.37,40,10,0.65,Standard
6528,Chicago,Car,6,237,57,483,4.2,9542.46,32,6,0.4375,Standard
6529,Chicago,Scooter,4,692,63,1204,4.5,16166.27,27,5,0.4815,Gold
6530,Boston,Bicycle,3,110,44,181,3.98,6232.64,26,5,0.5385,Standard
6531,Seattle,E-bike,10,578,57,1243,4.07,12068.9,30,6,0.6,Standard
6532,Boston,Car,4,289,20,469,4.23,11606.79,31,12,0.6774,Gold
6533,Denver,Walking,1,548,41,707,4.3,12932.64,20,7,0.6,Standard
6534,Chicago,Bicycle,4,669,29,1560,3.7,13473.3,37,6,0.5676,Standard
6535,Chicago,Bicycle,1,429,28,1233,5.0,23129.09,21,20,0.9524,Gold
6536,Denver,Bicycle,11,179,62,1677,4.9,22757.51,23,16,0.8261,Gold
6537,Boston,Scooter,1,609,46,88,4.14,8732.5,34,5,0.4706,Standard
6538,Austin,Bicycle,12,190,45,728,4.14,12696.58,30,6,0.5333,Standard
6539,Austin,Walking,9,453,23,1036,4.21,15331.81,37,13,0.7838,Standard
6540,Austin,Bicycle,5,421,50,515,4.39,11548.51,20,5,0.7,Standard
6541,Seattle,Scooter,3,46,31,1181,4.03,12455.75,28,2,0.3929,Standard
6542,Boston,Bicycle,11,204,23,1427,4.29,15835.8,25,8,0.68,Standard
6543,Seattle,Car,3,585,21,1165,4.71,17408.32,27,14,0.7778,Gold
6544,Seattle,Car,2,58,20,1433,4.89,15431.78,33,6,0.7576,Standard
6545,Austin,Car,2,130,48,700,4.55,15421.45,36,23,0.8889,Gold
6546,Seattle,Car,6,286,55,1717,4.46,18270.15,29,13,0.8276,Gold
6547,Boston,E-bike,10,47,55,769,4.5,17970.25,29,18,0.7586,Gold
6548,Seattle,Walking,3,191,21,1157,4.38,12745.14,30,11,0.8,Standard
6549,Chicago,Car,1,667,43,707,5.0,19009.64,27,21,0.8889,Gold
6550,Boston,Scooter,3,142,32,1458,4.01,14503.58,20,4,0.65,Standard
6551,Seattle,Scooter,4,349,60,956,4.47,14586.43,27,6,0.6296,Standard
6552,Austin,Bicycle,8,215,31,1057,4.59,15798.57,27,11,0.6667,Standard
6553,Boston,Bicycle,7,654,28,881,4.15,11451.09,26,3,0.4615,Standard
6554,Seattle,Scooter,1,510,28,1597,4.62,20510.24,26,20,0.8846,Gold
6555,Denver,Car,2,584,59,1604,4.39,17009.54,24,8,0.75,Gold
6556,Austin,Car,2,204,26,751,4.83,16559.37,24,13,0.9167,Gold
6557,Austin,Scooter,11,213,63,105,4.59,13124.37,32,18,0.75,Gold
6558,Austin,Car,2,402,44,76,3.69,5636.88,33,5,0.4848,Standard
6559,Denver,E-bike,11,398,42,859,5.0,20495.06,26,24,0.9231,Gold
6560,Seattle,Car,5,197,32,288,4.63,14264.5,29,13,0.7586,Gold
6561,Seattle,E-bike,5,55,40,1055,3.74,11718.55,25,1,0.6,Standard
6562,Boston,E-bike,9,549,57,473,4.74,14799.98,25,16,0.96,Gold
6563,Austin,E-bike,6,175,62,933,4.18,12922.9,32,10,0.7812,Standard
6564,Seattle,Bicycle,1,658,46,503,4.82,16020.17,37,25,0.8378,Gold
6565,Chicago,Bicycle,7,547,41,138,4.2,12402.34,37,13,0.7297,Standard
6566,Seattle,E-bike,8,407,21,575,4.16,11581.42,27,10,0.6667,Standard
6567,Denver,Bicycle,8,120,23,873,4.39,15054.42,22,15,0.9091,Gold
6568,Boston,Walking,5,560,32,534,3.87,8879.66,32,3,0.4375,Standard
6569,Denver,E-bike,12,298,23,902,4.52,15757.21,32,23,0.8125,Gold
6570,Denver,E-bike,7,188,27,830,4.0,9963.91,31,0,0.4516,Standard
6571,Denver,Scooter,5,24,45,513,4.32,12184.94,19,6,0.7368,Standard
6572,Boston,Bicycle,10,417,57,523,4.5,12588.83,25,7,0.64,Standard
6573,Chicago,E-bike,11,189,42,1674,4.7,17541.66,22,10,0.6818,Gold
6574,Chicago,Car,1,536,26,460,4.36,11207.01,34,14,0.5294,Standard
6575,Austin,Scooter,9,571,46,885,4.43,14284.35,35,10,0.6286,Gold
6576,Chicago,E-bike,6,468,45,1267,4.38,17521.48,22,14,0.7273,Gold
6577,Chicago,E-bike,1,255,45,1327,4.5,16167.12,37,18,0.6486,Gold
6578,Austin,E-bike,10,273,63,854,4.41,13229.22,25,6,0.6,Standard
6579,Chicago,E-bike,3,241,52,1129,3.73,11189.82,19,1,0.3684,Standard
6580,Boston,Walking,6,126,57,1082,4.18,12839.17,34,8,0.5882,Standard
6581,Boston,Car,12,352,61,237,4.45,10177.05,27,13,0.7778,Standard
6582,Seattle,Car,6,416,36,1432,4.83,17541.41,25,18,0.84,Gold
6583,Austin,E-bike,11,495,42,1697,4.08,12524.15,32,3,0.625,Standard
6584,Boston,Bicycle,2,628,27,554,4.1,11242.45,23,2,0.5217,Standard
6585,Seattle,Car,4,475,31,848,3.92,10877.6,18,1,0.3889,Standard
6586,Chicago,Car,2,543,24,1501,4.11,15628.35,23,5,0.6957,Standard
6587,Chicago,Scooter,10,409,40,1575,4.54,16588.09,23,9,0.7826,Gold
6588,Boston,Scooter,4,273,61,303,4.58,11589.96,38,14,0.6579,Standard
6589,Chicago,Walking,2,19,36,748,4.41,12810.2,25,7,0.56,Standard
6590,Seattle,Scooter,2,386,49,364,3.85,9798.32,27,4,0.6296,Standard
6591,Chicago,Bicycle,1,370,56,530,4.66,13298.59,23,5,0.4783,Standard
6592,Denver,Walking,10,250,59,439,4.32,11607.54,32,9,0.625,Standard
6593,Denver,Bicycle,7,23,36,1070,4.71,13371.91,18,6,0.5556,Standard
6594,Boston,Car,8,199,57,630,4.51,15806.98,23,14,0.7826,Gold
6595,Boston,Scooter,12,79,38,1272,4.12,11594.67,28,3,0.3214,Standard
6596,Boston,Bicycle,2,283,49,969,3.97,11755.25,37,9,0.6216,Standard
6597,Denver,Bicycle,12,335,62,1517,4.32,15607.01,22,4,0.7273,Standard
6598,Chicago,E-bike,1,55,22,869,4.05,11498.26,25,5,0.56,Standard
6599,Boston,Car,8,442,49,443,4.23,11486.8,18,4,0.7222,Standard
6600,Boston,Scooter,8,451,47,307,4.31,9553.37,21,5,0.5238,Standard
6601,Boston,Car,3,537,21,82,4.05,9077.05,36,4,0.6389,Standard
6602,Chicago,Bicycle,6,527,23,987,4.41,14856.8,25,17,0.76,Gold
6603,Boston,E-bike,12,566,53,350,4.5,11195.77,30,11,0.4667,Standard
6604,Seattle,Scooter,8,682,52,1590,4.28,16440.54,23,7,0.5217,Standard
6605,Seattle,Car,2,295,34,454,4.63,13027.91,29,10,0.7241,Gold
6606,Denver,Car,5,81,54,1371,3.91,13956.75,32,7,0.75,Standard
6607,Seattle,Car,3,525,35,744,4.19,12488.56,30,10,0.7667,Standard
6608,Boston,Car,9,126,61,656,4.16,8388.4,27,2,0.4815,Standard
6609,Chicago,Car,9,535,57,468,4.29,10925.55,22,4,0.7273,Standard
6610,Boston,Bicycle,1,54,34,972,4.82,17707.78,32,20,0.8438,Gold
6611,Boston,Car,4,327,30,292,4.35,11764.49,26,9,0.7692,Standard
6612,Chicago,Car,2,324,39,1367,4.16,14295.09,21,10,0.7143,Standard
6613,Denver,E-bike,12,11,51,974,4.84,17856.66,19,13,0.8947,Gold
6614,Denver,Car,12,77,34,800,4.51,12237.81,28,12,0.7143,Standard
6615,Boston,Bicycle,6,85,62,204,4.95,11795.66,28,10,0.7143,Gold
6616,Chicago,E-bike,7,318,54,947,4.11,14965.21,25,9,0.76,Standard
6617,Chicago,Scooter,12,485,28,1710,3.86,15264.7,33,6,0.5455,Standard
6618,Denver,E-bike,7,173,36,35,4.69,11340.38,30,15,0.6,Gold
6619,Denver,Bicycle,6,332,58,634,4.93,15507.33,25,19,0.88,Gold
6620,Boston,E-bike,1,309,36,1238,4.2,15601.2,20,6,0.9,Standard
6621,Chicago,Bicycle,3,522,39,1555,4.42,18785.3,18,8,0.7222,Gold
6622,Denver,E-bike,7,366,58,541,4.56,12897.93,21,7,0.7143,Standard
6623,Seattle,E-bike,5,234,29,1312,4.67,16090.32,36,16,0.6667,Gold
6624,Seattle,Scooter,6,681,33,1015,4.42,16382.44,33,16,0.8485,Gold
6625,Boston,Scooter,4,451,31,1166,4.34,12612.19,22,3,0.6364,Standard
6626,Seattle,Bicycle,3,191,60,1697,4.49,15080.82,25,4,0.64,Standard
6627,Boston,Bicycle,12,557,19,1390,4.46,15354.24,30,16,0.7333,Gold
6628,Denver,Bicycle,1,95,49,852,4.4,12528.32,24,5,0.4167,Standard
6629,Austin,E-bike,3,312,57,310,4.46,17594.8,23,16,0.913,Gold
6630,Boston,Scooter,2,89,39,638,4.85,13203.11,31,13,0.7097,Gold
6631,Austin,Car,4,154,57,1165,4.14,12777.8,26,5,0.7308,Standard
6632,Seattle,E-bike,10,323,52,812,5.0,17992.08,26,11,0.8846,Gold
6633,Denver,Car,3,385,45,1497,3.94,13384.87,29,5,0.6552,Standard
6634,Boston,Scooter,11,276,62,1409,4.51,14526.39,37,15,0.7568,Standard
6635,Denver,Bicycle,2,592,30,848,3.87,8617.71,31,4,0.5161,Standard
6636,Seattle,E-bike,2,673,33,318,4.57,16118.84,28,20,0.8214,Gold
6637,Boston,Car,3,353,36,1694,5.0,22917.72,27,18,0.963,Gold
6638,Chicago,E-bike,5,566,23,1514,4.46,13301.4,33,7,0.5152,Standard
6639,Chicago,Scooter,1,353,31,656,4.02,13069.23,28,7,0.5357,Standard
6640,Boston,Car,10,216,54,869,4.38,16238.11,30,20,0.8,Gold
6641,Boston,Car,11,692,50,919,4.64,13476.1,23,7,0.6087,Gold
6642,Denver,E-bike,10,642,36,837,4.93,14866.0,40,28,0.775,Gold
6643,Austin,Bicycle,8,270,50,628,4.27,14097.08,30,15,0.7667,Gold
6644,Boston,Car,12,19,40,496,3.61,7943.61,32,2,0.5625,Standard
6645,Boston,E-bike,2,572,47,1403,4.49,18294.54,21,9,0.7143,Gold
6646,Chicago,E-bike,2,210,54,633,4.05,12389.92,33,13,0.7273,Standard
6647,Denver,Car,7,608,18,565,4.69,12157.68,20,7,0.65,Gold
6648,Boston,Bicycle,5,434,42,1643,4.76,17480.37,21,11,0.7619,Gold
6649,Austin,Car,9,288,43,459,3.7600000000000002,8324.2,37,3,0.4324,Standard
6650,Seattle,Car,2,198,28,1030,3.73,8693.57,19,1,0.4737,Standard
6651,Seattle,Scooter,12,161,26,1757,4.07,16076.86,31,7,0.6774,Standard
6652,Chicago,Scooter,3,71,47,1084,4.1,12504.77,31,12,0.6452,Standard
6653,Austin,Bicycle,4,552,33,710,4.3,12205.17,28,9,0.6071,Standard
6654,Austin,Car,12,646,39,1577,4.45,17338.0,27,8,0.6296,Gold
6655,Denver,Car,1,510,19,255,4.96,15812.26,30,20,0.9333,Gold
6656,Austin,Car,8,393,30,656,4.64,12081.46,27,10,0.7037,Standard
6657,Denver,Walking,7,576,39,1248,4.32,13194.26,26,5,0.4615,Standard
6658,Austin,Scooter,3,191,49,1768,4.64,23208.33,24,18,0.9583,Gold
6659,Austin,Car,10,406,25,502,4.49,15322.56,39,23,0.8205,Gold
6660,Austin,Car,9,172,60,103,3.39,5263.85,28,1,0.5,Standard
6661,Denver,Car,1,424,50,1548,3.89,12845.36,27,3,0.4074,Standard
6662,Seattle,Scooter,7,237,32,689,4.22,11732.89,19,8,0.6842,Standard
6663,Austin,Bicycle,6,521,21,135,3.98,7896.48,30,4,0.4667,Standard
6664,Austin,Car,8,285,19,1412,4.0,15188.2,22,12,0.7273,Standard
6665,Boston,Car,1,322,23,46,4.12,9426.25,35,8,0.5143,Standard
6666,Chicago,Bicycle,2,659,18,1314,4.34,14190.76,20,7,0.65,Standard
6667,Austin,E-bike,1,226,34,46,3.82,7421.7,19,1,0.4737,Standard
6668,Denver,Car,7,589,63,456,3.92,7714.07,39,1,0.5128,Standard
6669,Chicago,E-bike,3,640,39,797,4.53,14849.97,33,19,0.8485,Gold
6670,Chicago,Car,10,582,21,65,4.61,13592.07,31,25,0.8065,Gold
6671,Seattle,E-bike,9,293,60,943,4.46,13048.02,21,2,0.5238,Standard
6672,Boston,Bicycle,5,472,43,120,4.14,10199.25,25,7,0.68,Standard
6673,Boston,E-bike,6,273,35,1546,4.23,19273.55,34,22,0.9118,Gold
6674,Boston,Bicycle,7,498,55,1720,3.98,14547.62,28,2,0.5357,Standard
6675,Seattle,Bicycle,4,303,22,1161,4.04,14174.63,21,6,0.5714,Standard
6676,Seattle,Car,4,610,25,905,4.55,13975.5,36,9,0.5833,Standard
6677,Austin,E-bike,3,609,18,1184,4.17,14253.62,29,13,0.4828,Standard
6678,Denver,Scooter,8,373,57,1107,3.94,12118.82,32,4,0.5,Standard
6679,Austin,Bicycle,10,156,30,878,4.42,17631.39,34,20,0.8235,Gold
6680,Seattle,E-bike,10,111,55,1636,4.68,19085.15,27,16,0.7037,Gold
6681,Austin,Walking,12,146,29,1330,4.42,20725.85,31,23,0.9032,Gold
6682,Boston,E-bike,8,353,47,1759,4.36,19471.09,28,10,0.6071,Gold
6683,Chicago,Bicycle,1,151,61,1194,3.84,11532.38,23,10,0.6522,Standard
6684,Denver,Car,10,429,31,973,4.76,16516.98,37,26,0.8378,Gold
6685,Denver,Walking,4,681,54,903,3.73,9276.75,32,4,0.6875,Standard
6686,Denver,E-bike,10,340,45,52,4.26,6061.03,28,1,0.5357,Standard
6687,Denver,Car,4,696,30,203,4.08,9357.2,29,5,0.5172,Standard
6688,Austin,Car,2,668,48,1172,4.09,12380.45,28,3,0.6071,Standard
6689,Seattle,Car,3,73,37,1603,4.37,17466.58,36,16,0.7222,Gold
6690,Chicago,Walking,9,430,57,1512,4.65,16792.9,32,14,0.8125,Gold
6691,Chicago,Car,4,473,59,115,4.1,9998.3,23,5,0.4783,Standard
6692,Austin,Car,3,230,54,1473,4.6,16156.93,44,12,0.7273,Standard
6693,Denver,E-bike,8,74,56,136,3.57,4236.0,36,1,0.5278,Standard
6694,Chicago,E-bike,7,291,29,606,4.19,13106.07,16,5,0.8125,Gold
6695,Austin,Car,9,361,54,1088,4.82,17365.45,23,16,0.913,Gold
6696,Austin,Walking,9,103,59,406,3.86,12716.83,25,9,0.72,Standard
6697,Austin,Bicycle,4,454,61,974,4.08,13392.49,26,5,0.6923,Standard
6698,Austin,Scooter,3,296,46,323,4.33,9158.82,28,5,0.8214,Standard
6699,Denver,E-bike,3,437,46,382,4.42,11351.8,31,8,0.7097,Standard
6700,Austin,Car,4,170,24,117,4.21,10622.83,20,10,0.85,Standard
6701,Austin,Scooter,2,47,30,212,4.93,17238.97,25,17,0.8,Gold
6702,Boston,Car,8,550,54,1623,5.0,21983.59,32,25,0.9375,Gold
6703,Denver,Car,10,91,42,1471,4.3,16201.19,25,11,0.84,Gold
6704,Boston,Car,5,582,55,1762,4.92,17484.8,37,8,0.6757,Gold
6705,Denver,Car,1,256,36,1713,4.06,13997.18,27,2,0.3704,Standard
6706,Boston,Car,3,314,54,1638,5.0,18833.95,18,9,0.6667,Gold
6707,Austin,Scooter,3,286,35,1473,4.1,11679.77,29,3,0.6207,Standard
6708,Austin,Car,1,386,49,1795,4.49,20047.33,28,15,0.75,Gold
6709,Chicago,E-bike,10,299,32,683,4.38,8854.14,29,1,0.5517,Standard
6710,Chicago,Car,7,380,49,1635,3.78,13097.74,31,3,0.3548,Standard
6711,Denver,Bicycle,5,444,40,283,4.26,13037.81,34,16,0.7647,Gold
6712,Seattle,Scooter,4,198,35,371,3.93,7083.23,30,3,0.4667,Standard
6713,Seattle,E-bike,1,286,25,1668,3.98,14980.12,26,7,0.5769,Standard
6714,Austin,Car,3,315,53,169,4.52,10532.13,21,9,0.6667,Standard
6715,Denver,E-bike,7,645,32,519,3.81,9360.7,21,2,0.619,Standard
6716,Denver,Bicycle,6,566,52,1019,3.92,11603.14,25,5,0.6,Standard
6717,Seattle,Bicycle,2,487,41,1543,4.11,13566.75,19,4,0.6842,Standard
6718,Chicago,Bicycle,11,300,58,538,3.7,10428.0,30,4,0.5667,Standard
6719,Denver,Scooter,2,562,50,983,4.1,13252.24,36,13,0.6667,Standard
6720,Seattle,Car,6,476,29,1335,4.58,17159.27,30,14,0.7,Gold
6721,Chicago,Scooter,4,486,49,1321,4.35,17099.72,34,11,0.6176,Standard
6722,Austin,Scooter,2,517,19,1001,4.46,13778.93,26,7,0.5,Standard
6723,Boston,E-bike,7,233,41,1249,4.61,16029.07,24,12,0.5833,Gold
6724,Seattle,Scooter,4,365,31,1527,4.29,16935.81,26,12,0.7692,Gold
6725,Chicago,Bicycle,11,615,43,317,4.51,14267.58,25,14,0.68,Gold
6726,Chicago,E-bike,4,535,21,1776,3.85,13715.29,29,3,0.5517,Standard
6727,Chicago,Car,5,580,37,110,4.43,6990.24,31,5,0.4839,Standard
6728,Austin,Car,6,217,37,1142,4.04,13788.93,38,3,0.5263,Standard
6729,Boston,Car,7,45,47,253,4.35,12143.8,21,6,0.619,Standard
6730,Denver,E-bike,10,592,59,1671,3.83,16867.61,36,7,0.6389,Standard
6731,Boston,Scooter,8,693,21,1743,4.36,18988.59,24,11,0.75,Gold
6732,Denver,Scooter,1,477,53,401,3.69,7127.89,30,4,0.6667,Standard
6733,Seattle,E-bike,10,125,53,461,3.94,8750.74,20,7,0.55,Standard
6734,Austin,Walking,8,76,43,785,3.83,13280.25,26,7,0.5385,Standard
6735,Austin,Car,10,288,21,1396,3.83,10235.93,35,3,0.5429,Standard
6736,Chicago,Scooter,12,402,33,979,5.0,17006.12,34,25,0.9412,Gold
6737,Austin,E-bike,6,392,20,498,4.76,15161.36,29,18,0.8276,Gold
6738,Chicago,Scooter,8,334,21,154,4.49,11347.18,30,12,0.7667,Gold
6739,Boston,Car,3,163,63,532,4.87,12543.54,24,3,0.6667,Standard
6740,Denver,Scooter,2,419,49,1418,4.95,19421.49,21,17,1.0,Gold
6741,Seattle,Car,12,317,39,1581,4.91,22459.18,29,23,0.931,Gold
6742,Denver,Scooter,1,608,29,548,4.73,14963.96,18,11,0.7778,Gold
6743,Chicago,Bicycle,2,253,28,958,4.2,15711.1,26,13,0.7692,Gold
6744,Boston,Car,2,233,27,1776,4.59,20274.25,30,16,0.6667,Gold
6745,Boston,Car,9,255,57,583,4.6,14131.74,37,14,0.7297,Standard
6746,Denver,Scooter,1,581,39,458,4.27,13038.37,27,16,0.7407,Gold
6747,Austin,Car,12,370,33,1634,4.53,17207.01,31,10,0.6452,Gold
6748,Seattle,E-bike,2,542,61,1317,4.08,16531.85,33,12,0.5152,Standard
6749,Seattle,E-bike,8,537,56,481,4.38,12572.67,25,16,0.92,Gold
6750,Chicago,Bicycle,6,534,40,378,4.74,13296.41,37,22,0.8649,Gold
6751,Denver,E-bike,6,58,47,379,4.51,11041.24,27,8,0.6667,Standard
6752,Denver,E-bike,6,24,30,1612,4.37,15893.1,24,5,0.7083,Standard
6753,Boston,Car,11,73,38,124,4.14,12529.71,18,6,0.7222,Gold
6754,Boston,Scooter,1,455,62,95,3.96,8571.3,39,3,0.5641,Standard
6755,Boston,E-bike,4,184,61,892,3.97,14418.92,24,12,0.6667,Standard
6756,Chicago,Car,2,687,59,735,4.0,8852.62,40,2,0.425,Standard
6757,Austin,Scooter,3,391,51,488,4.71,13510.75,25,14,0.8,Gold
6758,Seattle,Scooter,7,155,32,161,4.48,11964.98,31,9,0.6774,Gold
6759,Chicago,Bicycle,4,534,57,442,4.47,15091.9,21,11,0.7143,Gold
6760,Chicago,Bicycle,4,132,60,1294,4.38,16234.97,39,22,0.6923,Gold
6761,Chicago,Walking,1,442,29,1468,4.41,15477.67,32,14,0.6562,Standard
6762,Austin,Bicycle,9,594,36,1581,4.42,16293.43,22,9,0.5909,Standard
6763,Boston,Car,1,597,31,549,3.96,10251.96,27,1,0.5185,Standard
6764,Chicago,Car,7,483,25,934,4.17,13742.98,22,5,0.6818,Standard
6765,Denver,E-bike,12,232,28,1693,4.01,15481.39,29,5,0.4828,Standard
6766,Chicago,E-bike,9,43,57,1785,4.94,20975.45,26,20,0.8462,Gold
6767,Boston,Car,5,254,40,1525,4.06,13974.75,34,3,0.5588,Standard
6768,Denver,Car,10,244,38,1523,4.75,20053.72,21,13,0.7143,Gold
6769,Austin,E-bike,9,320,60,1383,4.81,18114.46,27,16,0.7778,Gold
6770,Austin,E-bike,7,647,56,1159,4.33,15607.6,25,9,0.64,Gold
6771,Austin,Walking,9,548,20,1030,4.79,17081.19,29,13,0.8276,Gold
6772,Boston,Bicycle,7,297,62,1474,4.12,13698.57,36,6,0.5,Standard
6773,Seattle,Scooter,9,309,59,1586,4.89,22525.6,26,24,0.9615,Gold
6774,Denver,Bicycle,5,656,18,1680,4.77,17799.22,26,14,0.7692,Gold
6775,Denver,Bicycle,4,295,48,1368,4.64,16962.55,26,12,0.6923,Standard
6776,Boston,Bicycle,12,648,52,1705,4.17,14993.21,21,13,0.8095,Standard
6777,Austin,Bicycle,7,419,53,1002,4.45,12175.14,21,7,0.5238,Standard
6778,Seattle,Car,7,518,63,576,4.81,13988.57,35,19,0.7143,Gold
6779,Denver,Car,7,221,54,538,4.2,10352.12,30,9,0.5333,Standard
6780,Seattle,E-bike,5,640,23,1262,4.7,16178.96,33,13,0.7273,Gold
6781,Chicago,E-bike,5,561,52,1536,4.17,15484.26,25,11,0.68,Standard
6782,Chicago,Bicycle,2,490,50,1767,4.66,19665.66,26,12,0.7692,Gold
6783,Chicago,E-bike,11,172,29,544,4.88,15436.13,32,22,0.6875,Gold
6784,Chicago,Walking,6,36,54,353,4.55,10431.31,23,8,0.7826,Gold
6785,Boston,E-bike,6,342,30,34,4.42,13217.54,28,14,0.8214,Gold
6786,Seattle,Car,8,256,37,1292,4.55,17918.45,18,11,0.8333,Gold
6787,Boston,Walking,1,524,61,1551,4.82,16926.11,25,14,0.56,Gold
6788,Seattle,Walking,6,38,19,669,4.45,14497.79,34,16,0.8529,Gold
6789,Chicago,E-bike,12,221,61,951,4.72,16932.14,26,20,0.8846,Gold
6790,Denver,E-bike,10,122,25,200,4.61,12096.51,31,16,0.6774,Gold
6791,Seattle,Car,8,201,18,1488,3.96,12789.25,29,2,0.6207,Standard
6792,Boston,Car,6,92,50,1668,4.68,19677.12,29,18,0.7586,Gold
6793,Chicago,E-bike,12,635,26,1182,4.56,16549.92,29,12,0.7586,Gold
6794,Boston,Car,5,378,60,367,3.63,9900.32,28,3,0.4643,Standard
6795,Chicago,Bicycle,5,142,44,437,3.82,10260.41,35,4,0.4571,Standard
6796,Denver,Walking,6,379,24,1653,3.87,17730.81,23,3,0.7391,Standard
6797,Chicago,Scooter,12,212,48,1035,4.47,13254.74,17,8,0.7647,Standard
6798,Chicago,Walking,10,525,32,108,4.51,13134.27,28,15,0.6429,Gold
6799,Seattle,E-bike,4,664,49,332,3.91,7952.24,29,5,0.6207,Standard
6800,Seattle,Scooter,12,276,24,1340,4.65,16214.21,27,11,0.6296,Gold
6801,Seattle,Scooter,11,243,27,1306,3.83,12254.61,22,2,0.5,Standard
6802,Seattle,Car,3,445,62,991,4.34,12168.5,27,5,0.5185,Standard
6803,Denver,Car,10,148,18,1769,4.68,19800.77,23,9,0.6957,Gold
6804,Boston,Bicycle,4,18,44,89,4.34,12686.23,22,8,0.6818,Gold
6805,Austin,Car,2,596,24,1586,5.0,24409.53,36,29,0.8611,Gold
6806,Denver,Car,2,110,34,1425,4.34,15050.52,28,9,0.5714,Standard
6807,Boston,Bicycle,5,162,58,426,4.44,14293.05,30,14,0.8,Gold
6808,Denver,E-bike,7,441,43,1022,4.85,16110.26,32,17,0.8125,Gold
6809,Denver,E-bike,10,36,27,252,4.38,10305.69,31,4,0.4516,Standard
6810,Seattle,Bicycle,7,228,54,997,4.21,16167.39,27,9,0.7037,Gold
6811,Seattle,E-bike,6,364,49,382,4.2,10116.16,25,5,0.56,Standard
6812,Chicago,E-bike,11,376,61,644,4.72,15572.5,35,14,0.7429,Gold
6813,Seattle,Bicycle,3,149,53,686,4.79,15178.93,27,11,0.7407,Gold
6814,Denver,Car,4,300,52,532,3.89,7424.48,36,4,0.6389,Standard
6815,Denver,Scooter,7,597,20,1579,4.06,16878.58,22,6,0.6818,Standard
6816,Seattle,Car,8,195,30,1747,4.51,19328.94,35,15,0.6857,Standard
6817,Denver,Scooter,11,168,54,1346,4.0,13663.01,17,3,0.5294,Standard
6818,Chicago,Bicycle,5,500,52,541,4.71,17835.06,33,27,0.9394,Gold
6819,Chicago,Car,7,692,26,1762,4.59,19776.77,19,11,0.7895,Gold
6820,Denver,Car,3,309,53,1215,4.0,12604.66,24,4,0.5833,Standard
6821,Chicago,Walking,8,325,50,731,4.17,12918.84,28,7,0.5714,Standard
6822,Denver,Scooter,12,450,62,1198,3.96,11274.26,33,2,0.6364,Standard
6823,Chicago,E-bike,11,108,43,398,4.09,10250.59,34,6,0.5882,Standard
6824,Denver,Car,3,212,49,1007,4.49,15716.19,24,7,0.625,Standard
6825,Boston,Scooter,12,287,42,374,4.04,9173.8,30,3,0.5667,Standard
6826,Denver,Car,6,514,25,1380,4.04,16489.99,18,4,0.5556,Standard
6827,Austin,Bicycle,9,31,54,1541,3.94,15889.17,19,2,0.5263,Standard
6828,Chicago,Bicycle,6,678,28,407,5.0,16047.96,33,20,0.697,Gold
6829,Chicago,E-bike,11,192,39,1160,4.39,16363.03,26,8,0.6923,Standard
6830,Chicago,Scooter,11,545,44,703,3.82,9243.84,29,4,0.5862,Standard
6831,Denver,Bicycle,7,469,40,1609,4.38,16073.78,36,17,0.6389,Standard
6832,Austin,Scooter,6,151,28,1386,4.09,15280.72,29,4,0.5862,Standard
6833,Boston,Car,7,494,21,1143,4.37,15972.83,20,10,0.8,Gold
6834,Denver,Car,3,309,42,1143,4.19,13148.5,27,6,0.7037,Standard
6835,Chicago,Car,8,235,42,1773,3.89,14523.29,32,1,0.4688,Standard
6836,Seattle,E-bike,12,434,42,918,5.0,18306.47,29,23,0.8621,Gold
6837,Boston,Bicycle,2,416,22,1004,4.2,11574.73,29,7,0.4828,Standard
6838,Chicago,Car,5,334,56,1669,4.98,18201.9,28,14,0.7143,Gold
6839,Seattle,Scooter,9,531,60,203,4.51,10245.41,22,8,0.5455,Standard
6840,Seattle,E-bike,2,324,43,172,4.49,12694.65,32,18,0.6875,Gold
6841,Boston,Car,6,634,62,626,4.05,8914.47,24,2,0.5417,Standard
6842,Seattle,E-bike,2,326,40,217,3.99,8415.44,24,1,0.4583,Standard
6843,Chicago,Walking,6,188,25,771,4.6,17453.96,26,17,0.8462,Gold
6844,Seattle,Bicycle,10,375,23,1482,4.22,13493.93,29,8,0.5862,Standard
6845,Denver,Car,12,186,57,436,3.57,6266.46,34,1,0.5882,Standard
6846,Boston,Scooter,7,390,47,169,4.04,10141.29,30,6,0.4667,Standard
6847,Boston,Scooter,3,66,58,174,4.85,16625.85,19,13,0.8421,Gold
6848,Seattle,Walking,6,346,18,794,4.32,12806.61,29,13,0.8276,Standard
6849,Austin,Scooter,12,470,33,1214,4.61,18170.36,24,12,0.625,Gold
6850,Denver,Car,5,285,21,1549,4.11,16445.25,27,12,0.7407,Gold
6851,Denver,Car,8,391,27,196,4.18,9143.82,31,8,0.6452,Standard
6852,Chicago,Car,1,385,55,1539,4.75,17751.16,28,16,0.6786,Gold
6853,Chicago,Car,3,73,35,1127,4.08,12548.15,34,5,0.4118,Standard
6854,Seattle,Scooter,11,138,29,1668,4.26,17849.79,29,9,0.5862,Standard
6855,Boston,Car,8,447,47,185,4.48,9672.74,22,8,0.6818,Standard
6856,Denver,Car,2,583,22,211,4.7,13692.28,17,10,0.7647,Gold
6857,Chicago,Car,2,8,41,1463,3.79,11304.05,31,2,0.6452,Standard
6858,Denver,Scooter,8,345,27,122,4.53,13412.22,24,15,0.8333,Gold
6859,Austin,Bicycle,11,154,20,617,4.52,10801.89,24,5,0.5833,Standard
6860,Chicago,Car,9,500,23,1280,4.19,13752.54,29,2,0.4483,Standard
6861,Seattle,Car,6,644,47,561,4.49,14988.65,18,8,0.7222,Gold
6862,Boston,Scooter,11,511,35,1535,4.42,15925.82,22,4,0.6818,Standard
6863,Chicago,E-bike,1,551,39,835,3.65,10064.18,32,4,0.6562,Standard
6864,Denver,Bicycle,4,678,28,1442,4.63,14741.3,19,4,0.7895,Standard
6865,Denver,Bicycle,2,80,21,1543,3.63,10906.72,28,4,0.3929,Standard
6866,Chicago,E-bike,11,106,37,452,4.16,10488.61,28,6,0.5714,Standard
6867,Boston,Car,4,564,44,1318,4.86,19030.48,25,19,0.88,Gold
6868,Boston,Scooter,3,426,33,639,4.41,14666.57,35,20,0.8286,Gold
6869,Chicago,Bicycle,6,366,32,1310,4.36,17584.24,30,11,0.7,Gold
6870,Boston,Walking,3,394,60,665,4.71,12607.89,37,15,0.6486,Gold
6871,Boston,Bicycle,2,401,30,1747,4.09,16617.74,22,5,0.6364,Standard
6872,Boston,Car,12,410,49,1131,4.53,15825.63,26,9,0.6923,Gold
6873,Denver,Scooter,7,493,53,1511,3.95,14641.53,34,3,0.4412,Standard
6874,Austin,Car,9,237,20,919,4.35,15071.78,33,13,0.6667,Standard
6875,Seattle,Car,7,237,44,1384,4.27,15699.87,29,10,0.7241,Gold
6876,Boston,Bicycle,5,501,63,134,4.43,11126.69,24,10,0.7083,Standard
6877,Austin,E-bike,10,48,50,169,3.66,5143.11,26,2,0.5769,Standard
6878,Boston,E-bike,7,252,60,46,4.29,10525.57,32,10,0.5938,Standard
6879,Denver,E-bike,3,188,61,458,3.83,7471.28,28,4,0.5714,Standard
6880,Austin,Bicycle,10,202,36,293,3.85,9744.31,20,4,0.7,Standard
6881,Seattle,Walking,10,401,20,883,4.2,13571.86,29,9,0.6207,Standard
6882,Chicago,Car,9,10,26,1392,4.57,18323.02,30,16,0.6667,Gold
6883,Denver,Walking,4,122,48,1406,4.79,18236.36,26,16,0.9231,Gold
6884,Austin,Car,2,151,62,1027,4.06,10738.83,30,1,0.3,Standard
6885,Denver,E-bike,6,694,62,1055,3.9,14017.71,29,6,0.5172,Standard
6886,Denver,E-bike,4,129,52,1557,5.0,20317.12,20,14,0.85,Gold
6887,Denver,Scooter,1,185,57,1344,4.09,13997.63,31,6,0.6452,Standard
6888,Denver,E-bike,7,560,28,1607,4.43,18218.77,26,14,0.7692,Gold
6889,Chicago,E-bike,11,689,48,161,3.95,6823.74,30,3,0.6333,Standard
6890,Boston,E-bike,7,394,34,275,4.32,10526.98,23,9,0.6957,Standard
6891,Chicago,E-bike,7,169,57,1650,3.93,18505.6,28,8,0.6786,Standard
6892,Denver,Bicycle,10,529,18,1219,4.51,17600.91,28,12,0.8214,Standard
6893,Seattle,Walking,6,458,19,1256,4.08,12813.78,26,7,0.4615,Standard
6894,Seattle,E-bike,10,551,62,1618,4.65,19064.54,30,12,0.7,Gold
6895,Chicago,Car,6,360,53,1347,4.57,13512.68,26,6,0.6154,Standard
6896,Chicago,Car,6,89,36,392,4.31,12750.17,34,9,0.5294,Gold
6897,Denver,Bicycle,1,515,25,136,4.23,11492.16,23,10,0.6522,Gold
6898,Chicago,Walking,3,130,31,246,3.97,7984.11,21,2,0.619,Standard
6899,Seattle,Bicycle,2,360,41,707,3.47,7892.23,22,4,0.3182,Standard
6900,Austin,Car,12,324,54,1209,4.27,14305.9,25,8,0.72,Standard
6901,Denver,E-bike,5,358,19,180,4.58,13086.65,26,14,0.8077,Gold
6902,Denver,Bicycle,3,141,59,188,4.13,9019.7,24,4,0.5417,Standard
6903,Chicago,Car,3,202,58,463,4.26,10584.76,28,10,0.7857,Standard
6904,Seattle,Scooter,3,677,37,996,4.69,16503.98,26,13,0.8462,Gold
6905,Austin,Car,9,638,49,583,4.91,15411.66,35,18,0.7429,Gold
6906,Chicago,E-bike,12,188,53,381,4.55,11531.15,28,7,0.5357,Standard
6907,Seattle,E-bike,9,173,43,1234,4.66,16862.96,23,14,0.8696,Gold
6908,Chicago,Walking,4,317,58,434,4.42,13293.05,34,11,0.7353,Gold
6909,Seattle,E-bike,8,43,51,1799,4.49,16882.78,24,7,0.5833,Standard
6910,Seattle,Car,8,409,26,318,4.11,10415.13,24,6,0.75,Standard
6911,Austin,Car,4,87,63,217,4.32,12626.73,23,7,0.6522,Gold
6912,Denver,Car,7,577,35,1257,4.21,15551.98,23,4,0.6957,Standard
6913,Seattle,Scooter,3,316,53,116,4.39,8448.0,25,4,0.6,Standard
6914,Denver,Car,12,76,31,987,4.76,19196.58,23,12,0.9565,Gold
6915,Austin,Bicycle,4,531,62,1325,5.0,21363.85,22,17,0.8636,Gold
6916,Boston,Walking,2,516,33,1379,3.92,12587.23,37,5,0.4595,Standard
6917,Boston,Bicycle,8,365,49,842,4.72,12947.13,25,8,0.8,Gold
6918,Boston,Car,8,412,40,208,5.0,16370.3,27,21,0.9259,Gold
6919,Boston,Walking,9,614,24,316,4.15,7949.81,31,5,0.5161,Standard
6920,Chicago,E-bike,8,530,52,1741,4.84,20542.35,40,30,0.875,Gold
6921,Austin,E-bike,1,103,30,915,4.28,13093.72,28,11,0.6429,Standard
6922,Austin,Walking,2,365,51,110,4.04,8025.05,24,2,0.5833,Standard
6923,Austin,E-bike,9,540,50,603,4.03,8229.49,39,2,0.5128,Standard
6924,Boston,Scooter,4,541,63,957,4.49,17658.11,20,10,0.75,Gold
6925,Boston,Car,1,249,33,560,4.0,12253.62,31,7,0.5161,Standard
6926,Seattle,Car,11,463,38,1719,4.53,13876.11,21,6,0.5238,Standard
6927,Seattle,Car,10,578,32,879,4.3,16351.1,41,20,0.7805,Gold
6928,Denver,Car,9,292,20,253,4.26,10422.17,22,5,0.7273,Standard
6929,Chicago,Scooter,5,181,61,1753,4.61,17697.78,25,12,0.6,Gold
6930,Seattle,Bicycle,2,379,24,1750,3.96,15947.67,26,9,0.6538,Standard
6931,Austin,Car,5,249,34,940,4.4,15408.3,24,11,0.75,Gold
6932,Austin,Car,11,684,46,1018,4.5,13820.25,24,9,0.7083,Standard
6933,Chicago,Bicycle,7,160,61,1501,5.0,20143.8,31,19,0.7742,Gold
6934,Seattle,Car,7,58,51,159,4.1,8539.82,36,7,0.5833,Standard
6935,Chicago,Bicycle,7,548,30,270,4.11,11138.97,32,3,0.625,Standard
6936,Seattle,Walking,12,483,33,1149,4.5,13862.0,28,14,0.75,Standard
6937,Boston,E-bike,12,681,23,235,3.93,11072.36,19,6,0.6316,Standard
6938,Denver,E-bike,10,52,30,1328,4.7,18200.05,35,20,0.8286,Gold
6939,Austin,Bicycle,3,237,50,259,4.33,11223.62,31,14,0.6129,Standard
6940,Denver,E-bike,3,582,42,1154,3.98,15275.79,27,7,0.5556,Standard
6941,Denver,E-bike,5,157,33,187,4.74,12518.15,26,10,0.6923,Gold
6942,Boston,E-bike,3,349,32,1211,4.6,15617.48,25,7,0.52,Gold
6943,Seattle,Walking,1,200,51,303,4.14,8775.06,28,4,0.4643,Standard
6944,Austin,Bicycle,12,644,44,1741,4.3,19987.99,24,14,0.7917,Gold
6945,Boston,E-bike,8,513,21,982,4.16,9737.26,20,1,0.45,Standard
6946,Denver,Scooter,8,589,18,1223,4.23,14184.22,29,12,0.6897,Standard
6947,Chicago,Bicycle,2,68,58,1238,5.0,18552.0,27,17,0.8148,Gold
6948,Denver,E-bike,5,330,30,485,4.44,14389.59,32,18,0.8125,Gold
6949,Denver,Bicycle,6,640,50,797,4.51,12512.56,26,7,0.6538,Standard
6950,Boston,Car,12,625,25,1685,4.59,19245.48,24,9,0.75,Gold
6951,Boston,E-bike,6,532,54,1235,3.87,11088.21,28,0,0.4286,Standard
6952,Austin,E-bike,4,496,55,824,4.07,12129.15,41,14,0.7561,Standard
6953,Chicago,Car,5,151,41,708,4.21,7354.31,43,5,0.4651,Standard
6954,Chicago,Car,11,341,57,1479,3.94,14835.31,24,6,0.8333,Standard
6955,Chicago,Bicycle,3,56,58,570,3.53,4106.78,22,1,0.4091,Standard
6956,Chicago,E-bike,9,349,40,50,4.68,9043.7,24,8,0.8333,Standard
6957,Austin,Car,7,50,50,641,3.84,6886.74,34,1,0.5294,Standard
6958,Boston,E-bike,4,388,47,342,4.49,12514.16,36,15,0.75,Standard
6959,Boston,E-bike,7,333,63,1582,4.17,16437.33,32,9,0.6875,Standard
6960,Boston,Car,6,698,20,286,4.21,8959.34,29,6,0.5172,Standard
6961,Austin,Scooter,11,73,39,1581,4.52,16820.63,27,13,0.7407,Standard
6962,Denver,Bicycle,4,396,48,1759,4.62,18962.33,27,11,0.7407,Gold
6963,Denver,Bicycle,6,328,27,813,4.06,9529.16,26,1,0.6154,Standard
6964,Boston,E-bike,7,462,34,1549,4.37,16851.76,34,13,0.6176,Standard
6965,Austin,Walking,3,679,28,456,4.22,13197.3,27,11,0.7037,Standard
6966,Chicago,Car,3,152,53,1621,4.0,12169.74,23,1,0.6522,Standard
6967,Austin,Bicycle,12,452,54,184,4.25,9454.42,24,6,0.5833,Standard
6968,Chicago,E-bike,10,52,30,184,4.51,11291.74,25,3,0.8,Standard
6969,Seattle,Scooter,8,379,28,728,4.01,12147.15,20,5,0.55,Standard
6970,Boston,Bicycle,10,479,58,1599,4.76,22989.29,27,21,0.9259,Gold
6971,Seattle,Car,3,448,48,744,4.64,14647.93,19,8,0.8947,Gold
6972,Seattle,Car,3,238,49,1057,4.18,11722.29,20,2,0.4,Standard
6973,Austin,Bicycle,10,314,27,1131,4.82,18255.56,33,16,0.697,Gold
6974,Austin,Car,6,532,38,86,3.7,7066.22,23,2,0.5652,Standard
6975,Chicago,E-bike,3,515,50,199,4.24,10351.97,29,8,0.5862,Standard
6976,Denver,Car,1,358,44,568,4.69,14938.33,28,12,0.8571,Gold
6977,Chicago,Bicycle,12,220,56,647,4.95,16408.47,29,17,0.8621,Gold
6978,Boston,Scooter,8,628,33,555,4.2,12839.15,28,3,0.5357,Standard
6979,Seattle,Car,10,504,37,1100,4.32,14856.73,21,11,0.6667,Standard
6980,Boston,Bicycle,7,157,22,415,3.98,11863.33,28,8,0.5714,Standard
6981,Denver,E-bike,2,30,36,821,4.33,15080.37,25,8,0.68,Standard
6982,Austin,Bicycle,11,332,42,87,4.65,12154.54,19,15,0.6842,Gold
6983,Boston,E-bike,3,647,47,1397,4.33,16836.28,25,11,0.8,Gold
6984,Denver,E-bike,2,378,33,642,4.4,13194.68,26,11,0.8077,Gold
6985,Boston,Scooter,5,34,40,1280,4.75,15940.66,20,8,0.6,Gold
6986,Chicago,Scooter,5,624,44,579,3.84,12441.98,38,8,0.4474,Standard
6987,Denver,Walking,7,144,51,1135,3.83,9548.47,21,1,0.5238,Standard
6988,Denver,Bicycle,11,296,39,1476,4.32,13220.57,32,5,0.625,Standard
6989,Boston,Bicycle,7,322,33,1706,3.89,15396.95,21,6,0.5238,Standard
6990,Chicago,Walking,9,159,44,1422,4.6,16424.44,32,7,0.6875,Gold
6991,Austin,Car,5,17,21,434,4.2,13171.83,25,11,0.68,Standard
6992,Seattle,Bicycle,11,26,50,1436,4.45,12605.79,30,7,0.5667,Standard
6993,Boston,Scooter,12,542,26,650,4.65,11964.47,25,7,0.6,Standard
6994,Boston,E-bike,12,667,36,469,4.44,13185.71,30,5,0.7667,Standard
6995,Denver,Scooter,8,369,37,1364,4.32,13159.44,25,3,0.76,Standard
6996,Chicago,Scooter,2,46,53,297,3.49,5672.54,16,0,0.25,Standard
6997,Boston,Bicycle,5,484,36,1424,4.23,16281.16,23,8,0.6957,Standard
6998,Seattle,Car,12,449,29,76,3.99,6629.77,22,3,0.5455,Standard
6999,Chicago,Bicycle,2,83,60,1405,3.66,10233.27,30,0,0.4667,Standard
7000,Seattle,Scooter,9,586,49,496,3.7600000000000002,8066.02,27,4,0.5185,Standard
7001,Denver,Scooter,11,543,19,1153,4.41,12559.17,34,3,0.4118,Standard
7002,Denver,Car,8,431,45,264,3.41,6143.02,35,2,0.5429,Standard
7003,Denver,E-bike,12,386,44,713,4.46,13638.81,20,7,0.7,Standard
7004,Boston,Car,10,445,28,1362,4.7,18207.6,36,24,0.7778,Gold
7005,Chicago,Car,10,608,44,1405,5.0,21478.44,27,23,0.9259,Gold
7006,Denver,Scooter,11,600,36,1082,4.27,14877.59,30,14,0.7,Gold
7007,Denver,Scooter,9,485,54,231,4.17,11907.17,18,5,0.6111,Standard
7008,Seattle,Scooter,11,171,18,952,4.53,16401.04,18,8,0.6667,Gold
7009,Denver,Scooter,3,378,62,1438,3.6,11803.88,31,5,0.6129,Standard
7010,Denver,Car,3,682,62,1495,4.02,14139.33,34,7,0.5882,Standard
7011,Denver,Car,11,589,56,838,4.34,14112.79,16,5,0.625,Standard
7012,Seattle,Bicycle,11,567,38,173,4.34,7504.56,40,3,0.625,Standard
7013,Seattle,E-bike,5,72,56,329,3.92,9072.97,25,6,0.6,Standard
7014,Austin,E-bike,10,610,20,1608,4.04,16619.18,30,6,0.5333,Standard
7015,Boston,Car,8,419,42,73,4.84,13871.09,31,16,0.8387,Gold
7016,Austin,Scooter,1,363,38,989,4.25,12949.74,28,9,0.5714,Standard
7017,Austin,Scooter,7,353,63,1776,4.34,17301.03,29,6,0.5862,Standard
7018,Austin,Car,9,137,37,1542,4.03,13367.05,27,7,0.5185,Standard
7019,Denver,Car,8,133,54,238,4.3,10548.73,23,7,0.6087,Standard
7020,Chicago,Car,8,500,53,768,4.35,11178.2,38,6,0.5789,Standard
7021,Chicago,E-bike,9,388,41,551,4.39,10651.56,26,6,0.6923,Standard
7022,Boston,Car,11,32,25,466,4.76,16603.9,19,11,0.9474,Gold
7023,Denver,Car,10,503,61,731,4.08,10573.82,29,7,0.6552,Standard
7024,Austin,Bicycle,10,17,34,1266,4.49,16254.74,24,8,0.6667,Gold
7025,Seattle,E-bike,6,498,63,625,4.34,11236.85,25,5,0.48,Standard
7026,Boston,Car,3,240,49,1584,4.81,19494.07,26,15,0.8077,Gold
7027,Denver,E-bike,9,337,32,1619,4.15,14995.81,30,4,0.5333,Standard
7028,Boston,Car,8,698,18,1471,4.47,15945.25,29,12,0.6897,Standard
7029,Denver,Scooter,1,672,27,1332,4.8,17135.4,17,6,0.7647,Gold
7030,Seattle,Scooter,3,642,29,1277,4.64,18393.94,33,19,0.7273,Gold
7031,Boston,Car,8,488,55,1732,3.79,15099.16,26,6,0.6923,Standard
7032,Chicago,Scooter,6,648,49,1701,4.77,19080.51,38,20,0.7895,Gold
7033,Boston,Bicycle,4,68,49,106,3.82,9329.61,13,1,0.6154,Standard
7034,Seattle,E-bike,8,462,40,1312,3.5100000000000002,10094.25,19,1,0.5263,Standard
7035,Chicago,Car,5,572,20,1316,4.58,15352.64,24,7,0.7083,Standard
7036,Austin,Bicycle,11,94,38,1118,4.39,14738.37,21,5,0.5714,Standard
7037,Denver,Walking,5,20,45,853,3.61,7744.24,31,2,0.5806,Standard
7038,Chicago,E-bike,11,410,42,141,3.74,5375.93,20,0,0.4,Standard
7039,Boston,E-bike,2,371,48,1087,4.34,14315.58,26,9,0.6923,Standard
7040,Chicago,Car,12,114,39,1513,4.94,21895.08,24,18,0.9167,Gold
7041,Austin,Car,1,211,49,974,4.78,15562.37,23,7,0.6522,Gold
7042,Chicago,Car,9,254,36,142,4.57,11653.05,23,9,0.6957,Gold
7043,Austin,Bicycle,2,255,49,799,4.15,11535.79,25,7,0.76,Standard
7044,Chicago,Walking,12,631,56,885,3.29,5732.03,24,0,0.2917,Standard
7045,Austin,Car,11,115,54,553,4.03,10506.94,27,6,0.5556,Standard
7046,Seattle,Scooter,2,329,49,349,4.17,10136.1,29,5,0.7931,Standard
7047,Seattle,Car,11,590,26,837,4.43,16466.52,29,16,0.931,Gold
7048,Boston,E-bike,8,662,23,190,3.88,7651.6,32,6,0.6875,Standard
7049,Seattle,E-bike,7,210,50,571,4.45,12304.37,24,4,0.5417,Standard
7050,Austin,Car,6,103,34,611,4.29,13388.66,36,8,0.6944,Standard
7051,Denver,E-bike,7,517,41,1211,4.32,13852.61,29,11,0.6897,Standard
7052,Chicago,E-bike,8,416,35,1698,4.33,17910.26,27,7,0.5185,Standard
7053,Seattle,E-bike,3,366,29,384,4.93,15427.39,36,20,0.8056,Gold
7054,Chicago,Car,2,450,38,1069,4.4,14561.57,30,8,0.7333,Standard
7055,Chicago,Scooter,8,358,61,101,4.32,11629.05,30,13,0.8333,Gold
7056,Chicago,Scooter,7,169,47,414,4.29,9048.44,31,5,0.6129,Standard
7057,Denver,E-bike,10,177,30,815,4.78,15603.45,25,17,0.8,Gold
7058,Denver,Bicycle,11,434,57,136,4.46,10207.89,32,8,0.75,Standard
7059,Austin,Scooter,6,252,46,602,3.99,10882.59,26,4,0.6538,Standard
7060,Denver,E-bike,10,232,20,1434,4.41,13960.64,18,4,0.6111,Standard
7061,Austin,Car,1,343,61,878,4.65,15109.13,24,15,0.7917,Gold
7062,Austin,Bicycle,8,168,56,973,3.55,9101.22,21,2,0.6667,Standard
7063,Denver,Bicycle,3,418,47,1117,4.04,11889.92,31,5,0.5484,Standard
7064,Denver,Car,5,35,36,1714,4.4,20765.74,21,12,0.7619,Gold
7065,Chicago,Bicycle,5,453,53,67,4.7,12167.84,21,11,0.4762,Gold
7066,Boston,E-bike,8,62,58,1009,4.55,13481.45,27,5,0.7778,Standard
7067,Boston,Car,6,395,31,1763,3.85,15261.79,28,3,0.5,Standard
7068,Boston,Car,4,14,32,1141,4.16,13668.44,28,9,0.6786,Standard
7069,Austin,Car,5,476,51,635,4.81,14454.96,32,16,0.75,Gold
7070,Seattle,Bicycle,7,292,33,518,4.48,10927.42,23,11,0.6522,Gold
7071,Chicago,Scooter,4,6,26,1708,3.87,14601.65,28,4,0.5,Standard
7072,Denver,E-bike,9,339,40,310,4.5,11132.84,29,9,0.6552,Standard
7073,Denver,Scooter,4,452,50,201,4.51,14242.08,25,10,0.84,Gold
7074,Denver,Walking,10,229,21,1306,4.92,21637.4,23,17,0.8696,Gold
7075,Boston,Bicycle,12,175,20,240,4.25,10303.89,25,4,0.56,Standard
7076,Austin,Bicycle,7,536,30,636,3.5,4663.75,27,2,0.2963,Standard
7077,Seattle,Bicycle,5,605,39,614,5.0,14157.1,33,12,0.8182,Gold
7078,Boston,Car,8,527,25,1617,4.67,18724.25,23,17,0.8261,Gold
7079,Denver,Car,1,634,23,1728,4.77,21147.62,30,21,0.7667,Gold
7080,Boston,Car,11,684,41,810,3.93,11186.58,34,3,0.4412,Standard
7081,Austin,Car,10,305,21,1497,4.15,14265.38,33,5,0.5152,Standard
7082,Denver,Scooter,9,653,31,871,4.34,12877.65,24,14,0.7083,Standard
7083,Boston,E-bike,10,475,50,538,4.26,12266.16,31,5,0.6452,Standard
7084,Boston,Car,10,668,54,117,3.59,7124.82,32,3,0.5,Standard
7085,Chicago,E-bike,8,241,52,950,4.43,13942.16,28,11,0.7143,Gold
7086,Boston,E-bike,1,282,28,1378,4.4,18409.95,26,16,0.7692,Gold
7087,Boston,Scooter,8,587,18,304,3.75,9791.39,26,3,0.5,Standard
7088,Seattle,Bicycle,9,619,25,1422,4.42,16809.49,30,12,0.7,Gold
7089,Chicago,Bicycle,4,600,62,124,4.02,8819.12,17,2,0.5294,Standard
7090,Boston,E-bike,2,237,24,541,4.07,9842.99,27,7,0.3704,Standard
7091,Denver,E-bike,5,110,23,335,4.29,11950.15,29,8,0.5862,Standard
7092,Boston,Car,6,221,46,300,4.66,11400.69,28,14,0.6786,Gold
7093,Boston,E-bike,10,24,49,1357,4.15,15081.0,34,11,0.6765,Standard
7094,Austin,Scooter,8,675,42,75,4.03,10727.95,22,7,0.5455,Standard
7095,Denver,Bicycle,7,257,26,1285,4.7,19209.35,33,17,0.7576,Gold
7096,Seattle,Bicycle,12,11,61,612,4.82,14848.51,13,9,0.9231,Gold
7097,Seattle,Bicycle,6,664,58,307,4.33,11047.53,23,7,0.8261,Standard
7098,Austin,E-bike,7,563,47,1350,4.15,15602.72,24,4,0.75,Standard
7099,Denver,E-bike,11,444,28,1084,3.82,9592.15,28,2,0.3214,Standard
7100,Austin,Car,7,484,19,1200,4.74,17573.25,29,19,0.7931,Gold
7101,Chicago,Bicycle,10,22,37,783,3.7,9322.48,21,0,0.5238,Standard
7102,Denver,Walking,12,486,62,1447,4.07,14385.01,26,6,0.6923,Standard
7103,Denver,E-bike,1,418,22,687,4.36,16804.6,26,19,0.8077,Gold
7104,Austin,E-bike,11,667,48,1615,4.26,18953.93,28,8,0.6786,Gold
7105,Boston,E-bike,8,408,40,851,4.32,12383.51,28,8,0.75,Standard
7106,Austin,Car,12,378,54,536,4.51,15012.4,30,16,0.6333,Gold
7107,Austin,E-bike,12,83,51,706,4.05,14209.46,34,9,0.7647,Standard
7108,Boston,E-bike,4,634,27,1464,4.24,17511.69,35,18,0.7429,Gold
7109,Chicago,E-bike,4,92,53,1373,4.45,16399.53,44,18,0.6591,Standard
7110,Boston,Car,9,275,28,1412,4.01,12737.71,29,4,0.4483,Standard
7111,Boston,E-bike,3,27,32,630,4.67,14014.76,31,15,0.6774,Gold
7112,Seattle,Car,5,562,55,1762,4.99,20872.31,23,17,0.913,Gold
7113,Denver,Scooter,3,680,39,973,4.67,19726.59,25,17,0.72,Gold
7114,Austin,Bicycle,6,324,26,271,4.66,10419.83,26,8,0.6538,Gold
7115,Boston,Walking,7,410,54,1083,4.04,12082.09,15,2,0.7333,Standard
7116,Denver,E-bike,7,133,42,219,4.63,9678.99,30,6,0.6667,Standard
7117,Austin,E-bike,8,282,42,1461,4.2,16391.73,35,17,0.7429,Standard
7118,Chicago,Walking,2,621,55,1719,4.87,19273.56,30,16,0.7333,Gold
7119,Denver,E-bike,4,306,60,1774,4.56,19672.2,30,14,0.7,Gold
7120,Chicago,Scooter,6,699,30,1726,4.43,16408.91,27,12,0.5926,Standard
7121,Chicago,Car,7,193,50,1151,4.21,9858.22,29,1,0.6552,Standard
7122,Denver,Scooter,11,529,39,1139,4.11,11803.58,30,2,0.3667,Standard
7123,Boston,Walking,2,112,26,319,3.53,9161.65,26,0,0.4615,Standard
7124,Boston,Car,12,277,22,1294,4.52,16770.03,39,16,0.7179,Gold
7125,Chicago,Car,10,330,43,1101,4.3,13324.16,28,4,0.5,Standard
7126,Seattle,Bicycle,10,284,26,496,4.83,14602.19,25,12,0.8,Gold
7127,Chicago,Scooter,7,695,32,1682,3.66,14774.1,28,7,0.6071,Standard
7128,Seattle,Walking,12,23,36,1501,4.26,12047.97,29,1,0.5517,Standard
7129,Denver,E-bike,5,696,29,187,4.14,7495.9,25,3,0.68,Standard
7130,Denver,E-bike,9,274,31,1457,4.26,14804.68,29,7,0.4828,Standard
7131,Chicago,Car,10,346,60,35,4.1,6670.7,22,5,0.5909,Standard
7132,Boston,Bicycle,5,323,36,1783,4.48,20444.74,27,15,0.7407,Gold
7133,Denver,E-bike,7,101,39,183,4.24,10972.06,30,9,0.7,Standard
7134,Seattle,Walking,3,91,30,1049,4.47,13863.96,25,4,0.68,Standard
7135,Austin,Bicycle,12,262,34,1574,4.51,17202.07,25,11,0.72,Gold
7136,Seattle,Car,12,577,43,47,4.37,8589.98,35,4,0.6286,Standard
7137,Seattle,E-bike,12,240,43,1107,4.58,15749.07,27,10,0.7037,Gold
7138,Austin,Walking,2,604,34,151,4.06,8208.07,33,3,0.3939,Standard
7139,Austin,Car,5,684,56,1437,4.84,15880.96,32,16,0.8125,Gold
7140,Boston,Walking,8,129,57,1581,4.31,16216.29,25,4,0.68,Standard
7141,Denver,Bicycle,7,439,18,715,4.43,12138.73,26,5,0.4615,Standard
7142,Austin,Bicycle,8,338,54,147,4.31,9524.0,30,8,0.6667,Standard
7143,Denver,Car,2,697,36,479,4.45,10630.26,32,12,0.6562,Gold
7144,Austin,Car,3,223,28,1507,4.16,15683.6,27,6,0.6296,Standard
7145,Chicago,Car,11,352,46,600,4.53,12334.18,22,7,0.5909,Standard
7146,Austin,Car,12,344,47,155,4.37,10145.44,33,9,0.5152,Standard
7147,Chicago,Car,3,538,45,107,4.18,9480.4,27,5,0.6667,Standard
7148,Boston,Bicycle,12,20,59,799,4.27,13935.65,26,9,0.8462,Standard
7149,Boston,Bicycle,2,54,36,1232,4.12,12834.02,35,4,0.5429,Standard
7150,Boston,E-bike,10,617,46,86,4.36,9915.14,29,6,0.6897,Standard
7151,Chicago,Car,2,439,56,1739,4.31,18549.45,15,8,0.6667,Gold
7152,Denver,Car,8,250,30,679,4.57,12390.9,26,8,0.6538,Standard
7153,Denver,Bicycle,9,633,19,1566,4.62,16262.48,24,7,0.5,Standard
7154,Denver,Scooter,11,649,31,583,4.13,12116.66,25,9,0.52,Standard
7155,Denver,Scooter,3,694,46,908,4.16,9608.21,22,5,0.5455,Standard
7156,Chicago,Scooter,1,48,59,1208,4.07,13749.37,27,8,0.5556,Standard
7157,Denver,Walking,11,541,20,942,4.56,15600.41,26,12,0.6154,Gold
7158,Denver,Scooter,1,633,31,726,4.22,12508.61,22,3,0.5909,Standard
7159,Denver,Walking,2,10,22,750,4.94,16204.22,18,12,0.8889,Gold
7160,Boston,Bicycle,3,374,23,1292,4.19,13426.54,25,4,0.36,Standard
7161,Denver,Bicycle,2,576,18,1602,5.0,20756.55,29,22,0.8276,Gold
7162,Seattle,Car,8,487,21,687,4.1,10954.1,21,3,0.6667,Standard
7163,Chicago,Car,7,559,51,1651,4.24,17868.49,35,11,0.6286,Gold
7164,Seattle,Car,8,195,21,33,4.31,8647.92,36,7,0.6667,Standard
7165,Seattle,Bicycle,8,612,42,1117,4.52,15581.92,28,13,0.75,Gold
7166,Denver,Car,11,386,56,1716,4.65,21000.5,41,29,0.9268,Gold
7167,Austin,Scooter,5,4,61,463,4.28,9267.96,33,5,0.5152,Standard
7168,Seattle,Car,3,76,63,502,4.43,10410.87,28,3,0.6786,Standard
7169,Austin,Scooter,9,442,62,568,3.81,11620.13,31,8,0.6129,Standard
7170,Denver,Car,2,146,36,1731,4.29,17715.82,33,11,0.697,Standard
7171,Denver,Bicycle,2,624,31,1210,4.75,18104.8,24,12,0.7083,Gold
7172,Seattle,E-bike,12,46,55,507,4.35,12424.24,33,10,0.7576,Gold
7173,Boston,Walking,8,323,24,1628,4.24,13638.41,22,4,0.7273,Standard
7174,Boston,Car,8,275,37,987,4.4,14957.97,28,10,0.7143,Standard
7175,Boston,Car,4,681,19,772,3.35,7106.46,34,2,0.5294,Standard
7176,Boston,Bicycle,12,343,43,815,4.66,17138.46,26,22,0.7692,Gold
7177,Denver,Bicycle,9,565,52,106,4.88,16936.79,26,22,0.9231,Gold
7178,Boston,E-bike,9,62,40,51,4.38,10387.52,18,10,0.6667,Standard
7179,Boston,E-bike,8,177,26,225,4.19,11416.27,24,8,0.7083,Standard
7180,Boston,Car,12,588,41,703,4.64,11702.73,26,2,0.5,Standard
7181,Boston,E-bike,3,403,29,845,4.68,13665.45,29,13,0.7241,Gold
7182,Seattle,Bicycle,10,385,43,1145,3.81,11316.76,20,2,0.4,Standard
7183,Austin,Scooter,8,645,40,49,4.66,12973.97,29,13,0.8621,Gold
7184,Boston,Car,12,586,18,1317,4.81,19942.56,22,14,0.9091,Gold
7185,Chicago,Car,6,403,26,289,4.52,10261.29,32,9,0.625,Standard
7186,Boston,E-bike,12,18,62,1378,4.26,15380.77,31,10,0.6774,Standard
7187,Seattle,Bicycle,5,450,39,1565,4.19,14080.57,24,4,0.625,Standard
7188,Boston,Bicycle,8,626,58,280,4.66,14932.5,31,15,0.6452,Gold
7189,Chicago,Car,7,447,28,566,4.37,15712.61,32,21,0.75,Gold
7190,Denver,Bicycle,9,191,48,1337,4.26,16600.68,34,15,0.7059,Gold
7191,Chicago,E-bike,12,245,26,845,3.99,13097.94,25,6,0.76,Standard
7192,Chicago,E-bike,3,634,46,124,4.81,14177.92,27,20,0.9259,Gold
7193,Austin,Car,6,114,19,1234,4.46,14083.68,24,9,0.625,Standard
7194,Seattle,Bicycle,6,683,41,662,4.59,12669.91,28,8,0.8571,Gold
7195,Seattle,Car,6,355,33,1187,4.83,16851.43,24,15,0.7917,Gold
7196,Austin,Scooter,4,103,34,1046,4.93,16889.81,24,16,0.9167,Gold
7197,Seattle,E-bike,4,296,46,171,4.31,10474.93,25,9,0.68,Standard
7198,Chicago,E-bike,6,333,41,1538,4.3,16176.32,30,11,0.6667,Standard
7199,Denver,Bicycle,8,648,37,1119,4.43,15054.45,34,11,0.6471,Gold
7200,Denver,E-bike,2,644,49,865,4.34,14582.89,23,9,0.6087,Standard
7201,Austin,E-bike,12,549,52,1248,3.65,9133.5,27,0,0.4444,Standard
7202,Chicago,Walking,5,445,37,947,4.73,16408.68,21,11,0.619,Gold
7203,Austin,Car,5,130,18,142,4.01,7109.08,29,1,0.5517,Standard
7204,Austin,Bicycle,4,335,56,1544,4.42,15427.94,26,8,0.6923,Standard
7205,Chicago,Car,8,38,42,1244,4.46,14367.49,27,6,0.6667,Standard
7206,Austin,E-bike,7,460,38,983,4.6,13881.94,26,5,0.6154,Standard
7207,Austin,E-bike,11,657,56,498,4.01,8324.43,32,7,0.5312,Standard
7208,Austin,Walking,7,524,30,1713,4.22,15983.53,26,2,0.6154,Standard
7209,Austin,Bicycle,12,481,40,1152,4.13,13793.5,25,5,0.68,Standard
7210,Boston,Bicycle,8,689,30,324,4.06,9830.54,34,7,0.5882,Standard
7211,Seattle,Scooter,5,280,63,1777,4.5,17392.34,23,9,0.7391,Gold
7212,Boston,E-bike,2,354,40,335,3.84,6890.46,25,4,0.52,Standard
7213,Austin,Car,5,197,60,559,4.49,12651.64,26,7,0.6538,Standard
7214,Chicago,Bicycle,2,564,47,805,4.83,17765.44,30,28,0.9667,Gold
7215,Denver,E-bike,2,81,22,31,4.92,13837.4,27,19,0.8148,Gold
7216,Chicago,E-bike,12,72,37,843,4.32,12659.54,22,9,0.7273,Standard
7217,Austin,Car,12,393,62,102,3.67,4721.81,36,1,0.2778,Standard
7218,Denver,E-bike,5,189,32,1340,4.28,16091.13,30,8,0.6,Standard
7219,Seattle,Bicycle,1,347,41,807,4.45,13793.03,33,13,0.6667,Standard
7220,Chicago,Car,11,141,23,855,4.35,14154.78,28,4,0.6071,Standard
7221,Austin,Car,2,579,46,988,4.41,13820.26,24,7,0.7083,Standard
7222,Austin,Car,3,103,50,109,4.48,12737.55,21,11,0.8095,Gold
7223,Chicago,Car,4,464,58,1436,4.21,14688.76,27,9,0.7037,Standard
7224,Austin,Car,7,460,38,1102,5.0,19322.74,26,24,0.9615,Gold
7225,Seattle,Car,1,292,29,1028,4.59,16035.56,33,11,0.9394,Gold
7226,Seattle,E-bike,9,192,32,439,4.83,15699.93,32,20,0.8438,Gold
7227,Chicago,Bicycle,6,584,29,961,4.14,12782.78,30,6,0.6333,Standard
7228,Chicago,Walking,9,410,24,1022,4.68,14782.13,32,15,0.7188,Gold
7229,Denver,Bicycle,11,66,18,698,3.99,11019.16,30,7,0.5333,Standard
7230,Denver,Car,7,109,53,216,4.18,9275.2,19,2,0.5263,Standard
7231,Boston,Car,7,228,32,1041,4.21,17203.82,30,9,0.6333,Standard
7232,Denver,Car,8,153,30,1706,4.52,17507.53,27,11,0.7778,Gold
7233,Denver,Bicycle,10,75,61,158,4.16,10131.27,35,7,0.4,Standard
7234,Boston,E-bike,6,694,44,932,5.0,18351.96,24,15,0.8333,Gold
7235,Boston,Car,5,240,29,1774,4.72,20061.82,34,21,0.7647,Gold
7236,Chicago,Bicycle,5,606,55,1065,4.65,18718.58,40,29,0.75,Gold
7237,Denver,Bicycle,4,110,40,104,4.15,6632.9,32,4,0.5312,Standard
7238,Boston,Walking,1,161,63,172,3.82,5805.07,32,1,0.4375,Standard
7239,Denver,Bicycle,9,286,43,838,4.36,14431.61,20,3,0.65,Standard
7240,Boston,Car,4,48,23,1312,4.11,14436.44,27,5,0.6667,Standard
7241,Denver,Car,1,212,37,626,3.91,9222.57,32,5,0.375,Standard
7242,Boston,Bicycle,2,639,28,426,4.93,12872.35,29,12,0.6552,Gold
7243,Austin,E-bike,7,367,20,719,4.5,13893.02,26,11,0.7308,Gold
7244,Austin,Car,10,389,34,136,4.23,10137.48,21,10,0.619,Gold
7245,Chicago,Car,9,410,41,896,4.23,15458.23,25,9,0.72,Gold
7246,Boston,Scooter,3,444,48,176,4.31,8914.96,30,7,0.7,Standard
7247,Boston,Walking,3,214,57,930,4.11,14584.67,23,10,0.7391,Gold
7248,Austin,Car,4,7,37,306,3.71,8262.71,20,3,0.45,Standard
7249,Denver,Walking,6,89,53,366,4.45,12769.82,35,14,0.6857,Gold
7250,Austin,Car,12,438,49,541,3.56,9519.68,25,5,0.52,Standard
7251,Seattle,Bicycle,3,10,59,165,4.37,12792.56,20,8,0.8,Gold
7252,Austin,Car,9,322,31,647,4.02,12534.9,33,12,0.697,Standard
7253,Boston,Car,11,294,35,810,4.51,15407.85,19,10,0.8947,Gold
7254,Chicago,Scooter,9,431,24,1637,4.53,21180.88,25,11,0.72,Gold
7255,Seattle,E-bike,4,368,22,1178,4.61,18690.19,23,15,0.8261,Gold
7256,Boston,E-bike,6,567,53,842,4.24,15352.08,17,3,0.5294,Standard
7257,Boston,Scooter,7,106,29,176,3.97,8842.77,35,7,0.5429,Standard
7258,Seattle,Scooter,9,167,24,1253,4.65,15801.43,27,12,0.7407,Gold
7259,Denver,E-bike,9,666,53,737,4.08,9259.18,26,5,0.8077,Standard
7260,Seattle,Bicycle,1,275,56,718,4.37,12003.92,38,10,0.6053,Standard
7261,Boston,Bicycle,7,220,20,761,4.05,9128.22,38,3,0.3158,Standard
7262,Denver,Scooter,4,476,60,1066,4.37,13203.6,21,7,0.7143,Standard
7263,Boston,Car,5,364,30,200,4.04,9646.3,20,5,0.55,Standard
7264,Boston,Bicycle,3,304,63,1691,4.77,19681.88,23,13,0.7826,Gold
7265,Chicago,Bicycle,7,346,59,1101,5.0,21417.59,27,25,0.963,Gold
7266,Austin,Bicycle,4,250,52,578,4.24,15938.63,33,16,0.7273,Gold
7267,Denver,E-bike,5,688,41,854,4.15,11762.73,24,4,0.4167,Standard
7268,Chicago,E-bike,3,691,37,1391,4.05,12863.76,38,7,0.5526,Standard
7269,Chicago,Car,8,555,63,87,3.98,5463.42,29,3,0.5517,Standard
7270,Chicago,Car,12,539,36,727,4.45,16962.77,22,11,0.7273,Gold
7271,Austin,Bicycle,7,402,59,1378,4.06,12374.93,19,5,0.6316,Standard
7272,Austin,Bicycle,4,376,46,216,4.74,12338.0,34,11,0.5882,Standard
7273,Chicago,Car,11,422,63,252,3.91,9730.42,35,7,0.5714,Standard
7274,Denver,E-bike,12,209,61,1187,4.42,13776.28,31,12,0.8387,Standard
7275,Chicago,Bicycle,1,169,52,1268,4.27,15310.96,18,5,0.7778,Standard
7276,Boston,Bicycle,9,177,38,1169,3.93,13446.18,28,5,0.5,Standard
7277,Chicago,Car,2,446,31,1169,4.91,15722.87,40,16,0.7,Gold
7278,Austin,E-bike,12,28,57,708,4.56,16860.58,34,17,0.8235,Gold
7279,Seattle,Car,10,138,48,121,4.13,10572.48,25,8,0.68,Standard
7280,Boston,E-bike,2,237,26,118,4.35,12161.79,36,22,0.8889,Gold
7281,Boston,E-bike,5,629,44,556,4.37,11812.62,29,10,0.6897,Standard
7282,Seattle,Scooter,10,505,39,88,3.93,8295.94,26,1,0.5769,Standard
7283,Denver,E-bike,12,300,19,1324,5.0,17240.62,25,15,0.88,Gold
7284,Chicago,Car,8,281,21,1308,4.49,15486.93,24,13,0.875,Gold
7285,Seattle,Walking,12,235,48,504,4.8,11966.2,27,14,0.5926,Gold
7286,Denver,E-bike,6,92,49,792,4.35,13655.14,20,2,0.55,Standard
7287,Boston,Car,9,71,32,1001,4.7,17157.81,22,14,0.9545,Gold
7288,Austin,Car,12,218,24,852,4.56,14280.43,31,12,0.871,Gold
7289,Seattle,E-bike,7,377,23,1379,4.36,16435.84,31,16,0.9355,Gold
7290,Denver,Walking,9,324,27,1141,4.89,18628.03,29,16,0.7586,Gold
7291,Chicago,Scooter,3,463,54,423,4.8,12643.55,34,12,0.6176,Gold
7292,Chicago,Bicycle,7,229,30,895,4.49,14390.06,23,7,0.7391,Standard
7293,Denver,Bicycle,11,555,31,680,3.92,8327.05,32,3,0.4375,Standard
7294,Denver,Bicycle,8,194,21,512,4.23,11460.47,27,5,0.5556,Standard
7295,Boston,Bicycle,10,302,35,856,4.29,15269.68,20,11,0.6,Gold
7296,Boston,Car,1,151,32,338,4.04,9170.43,24,2,0.625,Standard
7297,Chicago,Bicycle,8,322,54,1593,4.31,14836.15,32,11,0.6875,Standard
7298,Chicago,Bicycle,3,590,45,611,4.55,15829.03,31,14,0.8065,Gold
7299,Austin,E-bike,9,10,43,105,4.2,6653.22,31,4,0.5806,Standard
7300,Austin,Walking,6,144,58,1680,4.29,17253.53,29,5,0.6552,Standard
7301,Boston,Bicycle,12,554,31,1560,4.47,16576.29,27,10,0.7407,Standard
7302,Seattle,Car,12,689,51,1764,4.29,18811.84,28,13,0.6786,Gold
7303,Chicago,Car,3,50,53,237,4.54,11280.19,28,15,0.7857,Gold
7304,Seattle,Car,7,418,23,1594,4.67,18027.51,41,23,0.8049,Gold
7305,Austin,Bicycle,4,621,37,1021,3.77,11461.38,25,7,0.6,Standard
7306,Seattle,Car,6,283,35,694,4.35,13243.75,29,10,0.6552,Standard
7307,Chicago,Car,4,124,57,895,4.05,11268.66,24,3,0.5417,Standard
7308,Boston,Car,3,660,24,746,4.75,14736.89,33,15,0.7576,Gold
7309,Boston,Car,10,242,24,1544,4.03,15145.38,27,8,0.6296,Standard
7310,Chicago,Bicycle,7,580,18,672,4.49,11778.15,30,8,0.7667,Standard
7311,Chicago,Scooter,3,426,40,1680,4.46,15505.44,30,11,0.7,Standard
7312,Chicago,Car,6,522,42,1271,4.4,15920.26,18,4,0.7222,Standard
7313,Boston,Car,5,80,51,295,4.37,11233.2,26,10,0.6154,Standard
7314,Boston,Bicycle,2,625,25,1178,4.95,17171.3,34,19,0.8235,Gold
7315,Austin,Car,7,548,35,666,4.41,11788.82,22,4,0.7273,Gold
7316,Seattle,Car,12,507,37,388,4.23,12175.8,22,4,0.4091,Standard
7317,Denver,Car,11,268,62,436,4.42,13358.9,36,14,0.7778,Gold
7318,Austin,Scooter,3,339,19,1703,4.35,17928.05,23,6,0.6087,Standard
7319,Seattle,Bicycle,5,255,54,509,5.0,11554.33,27,14,0.8519,Gold
7320,Austin,Bicycle,4,607,53,1021,3.71,8910.74,30,3,0.5333,Standard
7321,Seattle,Scooter,2,674,33,1278,5.0,17241.41,36,16,0.7222,Gold
7322,Seattle,Car,11,405,43,520,3.99,9051.47,33,3,0.6061,Standard
7323,Boston,Scooter,6,118,44,1708,3.85,10316.55,22,1,0.5,Standard
7324,Boston,E-bike,10,664,62,1182,4.3,12924.71,37,7,0.5946,Standard
7325,Austin,Walking,4,431,63,1192,4.83,21135.82,32,26,0.9062,Gold
7326,Denver,E-bike,11,239,18,271,3.96,7912.09,26,2,0.6154,Standard
7327,Denver,Scooter,8,648,60,1577,4.76,22977.52,32,23,0.9375,Gold
7328,Denver,Bicycle,4,377,34,1116,4.29,14599.32,25,16,0.64,Gold
7329,Boston,Bicycle,6,234,18,618,3.77,7105.84,36,3,0.4167,Standard
7330,Seattle,Bicycle,6,161,33,413,4.28,13179.39,26,11,0.8846,Gold
7331,Austin,Bicycle,9,445,21,952,4.07,11669.53,34,5,0.5,Standard
7332,Austin,Scooter,3,643,43,1734,4.6,21132.26,32,14,0.7812,Gold
7333,Denver,Scooter,5,364,42,530,3.56,5809.01,24,0,0.2917,Standard
7334,Austin,Bicycle,11,369,25,1036,4.81,16874.48,20,14,0.9,Gold
7335,Boston,Scooter,12,336,18,578,4.74,14739.52,16,9,0.6875,Gold
7336,Denver,E-bike,1,500,42,123,3.33,2591.13,24,1,0.4167,Standard
7337,Boston,Car,12,579,39,755,4.77,15387.62,27,17,0.8519,Gold
7338,Denver,Bicycle,7,262,41,620,4.48,16571.06,23,15,0.8261,Gold
7339,Denver,Car,9,371,61,1111,4.35,15018.23,26,7,0.6538,Gold
7340,Boston,Car,9,289,49,173,4.25,8819.96,33,7,0.6364,Standard
7341,Boston,Car,4,364,43,674,4.63,14197.73,35,15,0.6857,Gold
7342,Austin,Car,3,565,32,1543,5.0,21038.5,25,21,0.92,Gold
7343,Austin,Bicycle,9,547,24,1017,4.13,10849.17,30,5,0.6,Standard
7344,Denver,E-bike,10,283,41,549,4.48,11945.96,32,8,0.5625,Standard
7345,Chicago,E-bike,5,169,37,1472,4.5,16207.78,24,8,0.6667,Gold
7346,Denver,Walking,7,445,42,1438,4.13,15515.01,24,3,0.75,Standard
7347,Boston,E-bike,5,406,59,966,4.41,13433.62,27,8,0.5556,Standard
7348,Denver,E-bike,8,505,48,236,4.03,8949.13,23,6,0.6522,Standard
7349,Denver,Scooter,10,629,31,547,4.63,14304.02,35,14,0.5714,Gold
7350,Denver,Scooter,10,140,53,296,4.3,12635.46,14,10,0.7857,Gold
7351,Denver,E-bike,6,371,31,1560,4.03,14894.95,31,4,0.5806,Standard
7352,Austin,Scooter,8,46,37,1481,4.59,15746.16,29,10,0.7241,Gold
7353,Chicago,E-bike,2,494,49,1338,4.52,16793.75,35,16,0.8286,Gold
7354,Austin,Walking,1,340,41,435,4.32,13422.92,30,12,0.5667,Standard
7355,Boston,Walking,7,453,40,1762,4.33,14117.33,19,3,0.5789,Standard
7356,Boston,E-bike,1,625,21,323,3.94,6519.57,37,3,0.4324,Standard
7357,Denver,Walking,3,5,51,1372,3.92,14352.5,29,3,0.3448,Standard
7358,Denver,Car,10,164,40,264,3.86,9343.91,30,5,0.7,Standard
7359,Austin,Scooter,7,375,26,727,4.28,13661.63,28,12,0.75,Standard
7360,Seattle,E-bike,12,70,25,602,3.92,8637.41,36,7,0.6667,Standard
7361,Austin,Bicycle,1,203,18,324,4.84,11465.71,29,14,0.6207,Gold
7362,Seattle,Car,8,666,46,968,4.06,9099.87,35,2,0.3714,Standard
7363,Denver,E-bike,4,513,21,1469,4.32,16096.69,19,6,0.5789,Standard
7364,Austin,Walking,9,142,20,832,4.44,14081.86,27,8,0.7778,Standard
7365,Austin,Bicycle,11,76,63,225,4.77,15979.21,34,20,0.8529,Gold
7366,Austin,Scooter,6,88,51,1250,3.9,12913.76,28,3,0.6429,Standard
7367,Austin,Car,5,82,45,1077,4.02,10281.5,24,4,0.5,Standard
7368,Denver,Walking,3,496,43,393,4.63,15642.21,29,18,0.7931,Gold
7369,Seattle,Scooter,9,147,22,977,3.35,11060.79,13,0,0.8462,Standard
7370,Austin,E-bike,10,567,28,498,4.41,16146.89,34,18,0.7647,Gold
7371,Seattle,E-bike,5,515,43,1052,4.54,17538.82,25,17,0.84,Gold
7372,Seattle,Scooter,11,301,30,94,4.1,7813.8,25,4,0.6,Standard
7373,Austin,Car,5,675,62,857,4.18,15200.21,29,10,0.7586,Standard
7374,Boston,Scooter,3,55,45,900,3.95,9823.03,24,1,0.75,Standard
7375,Austin,Bicycle,4,432,38,1390,4.25,16348.9,22,7,0.6818,Standard
7376,Chicago,Bicycle,9,130,31,1130,4.68,18631.51,32,23,0.8438,Gold
7377,Denver,Car,4,388,38,1130,4.22,14098.27,27,8,0.6667,Standard
7378,Denver,E-bike,7,587,28,550,3.8,8413.95,31,6,0.5161,Standard
7379,Boston,E-bike,8,553,47,1435,3.74,10350.1,20,2,0.6,Standard
7380,Boston,Scooter,10,484,48,813,3.94,14442.81,28,6,0.7857,Standard
7381,Seattle,Car,2,245,39,1653,4.55,16506.38,24,7,0.5417,Standard
7382,Seattle,Walking,5,571,60,1206,4.26,14806.9,34,7,0.6176,Standard
7383,Chicago,Bicycle,4,514,42,204,3.97,7423.26,40,3,0.425,Standard
7384,Austin,Walking,4,149,52,126,4.3,10068.2,26,7,0.5,Standard
7385,Denver,Car,4,89,18,1265,3.89,13475.89,34,5,0.5588,Standard
7386,Boston,E-bike,2,53,29,874,4.03,11382.75,26,2,0.6923,Standard
7387,Denver,Scooter,12,413,39,172,3.79,7677.53,24,3,0.5417,Standard
7388,Austin,Bicycle,11,586,59,566,4.55,14488.47,22,12,0.8636,Gold
7389,Denver,E-bike,1,425,37,222,4.34,10977.25,38,13,0.6053,Gold
7390,Denver,Bicycle,3,429,24,98,4.49,12450.53,21,8,0.7619,Gold
7391,Chicago,Scooter,10,329,32,89,4.46,9422.01,30,11,0.7333,Standard
7392,Boston,E-bike,4,686,21,497,4.54,15037.75,29,13,0.6897,Gold
7393,Denver,E-bike,1,676,19,1016,4.44,12752.09,30,8,0.6,Standard
7394,Seattle,Scooter,5,495,61,1728,4.55,19927.27,29,11,0.6207,Gold
7395,Chicago,E-bike,6,320,51,1169,5.0,21824.95,21,20,0.9524,Gold
7396,Boston,Car,1,173,57,1237,4.39,14640.71,20,8,0.85,Standard
7397,Austin,Walking,2,57,25,44,4.82,12188.53,22,14,0.6364,Gold
7398,Boston,Bicycle,2,616,22,624,3.78,7981.81,34,3,0.5882,Standard
7399,Chicago,E-bike,11,106,27,1441,3.9,9753.71,29,2,0.5517,Standard
7400,Seattle,Walking,5,538,38,1647,4.9,19017.19,26,14,0.8462,Gold
7401,Boston,E-bike,8,626,43,1754,4.6,20258.12,19,12,0.8947,Gold
7402,Seattle,E-bike,3,58,31,1058,4.05,12637.6,29,8,0.5172,Standard
7403,Boston,Scooter,10,655,22,179,4.74,12248.47,31,12,0.6774,Gold
7404,Seattle,E-bike,10,611,39,1557,4.57,17621.86,28,13,0.7857,Gold
7405,Seattle,E-bike,8,629,51,1075,4.91,18439.22,31,19,0.8387,Gold
7406,Boston,Bicycle,3,187,34,1554,3.94,13363.44,25,4,0.6,Standard
7407,Chicago,Car,6,228,25,993,3.95,11942.03,26,4,0.5385,Standard
7408,Denver,Car,12,599,56,667,4.56,15055.58,25,10,0.76,Gold
7409,Austin,Bicycle,2,531,57,121,4.39,10680.19,36,11,0.75,Standard
7410,Boston,Bicycle,8,302,43,1796,4.3,16262.87,36,4,0.5556,Standard
7411,Austin,Scooter,8,134,41,1415,4.04,14624.67,36,9,0.6944,Standard
7412,Boston,E-bike,6,299,32,1044,4.76,18174.74,30,18,0.9,Gold
7413,Boston,Walking,1,512,63,680,4.4,12506.64,36,12,0.6667,Standard
7414,Boston,Car,12,366,58,1201,4.35,14969.49,19,3,0.3684,Standard
7415,Chicago,Scooter,6,490,21,1470,4.54,18160.13,19,9,0.8421,Gold
7416,Seattle,Bicycle,5,515,44,664,3.44,7076.62,26,2,0.2692,Standard
7417,Seattle,Scooter,12,499,62,220,4.07,7351.05,31,3,0.4839,Standard
7418,Chicago,E-bike,7,395,42,1688,4.09,12905.46,21,3,0.619,Standard
7419,Boston,Car,5,583,49,1531,4.47,15644.57,26,5,0.5769,Standard
7420,Seattle,E-bike,1,396,55,779,4.42,17013.04,24,17,0.8333,Gold
7421,Chicago,Car,1,34,37,269,4.57,10035.9,37,12,0.6486,Standard
7422,Boston,Car,1,281,62,536,4.59,14286.11,24,6,0.5833,Gold
7423,Austin,Scooter,2,147,39,331,3.86,9777.76,33,4,0.5152,Standard
7424,Seattle,Walking,6,75,35,598,3.98,10320.11,33,6,0.5152,Standard
7425,Denver,E-bike,4,148,30,1113,4.13,12176.41,35,13,0.7143,Standard
7426,Seattle,Scooter,1,216,27,1197,4.5,14442.36,20,4,0.65,Standard
7427,Austin,Bicycle,4,504,30,461,4.25,10888.56,38,10,0.6316,Standard
7428,Denver,Car,6,415,21,306,4.59,13826.94,19,11,0.7895,Gold
7429,Seattle,Scooter,3,252,33,1413,4.65,22061.22,27,23,0.963,Gold
7430,Chicago,Car,8,6,26,1351,4.42,17635.56,20,11,0.8,Gold
7431,Boston,Bicycle,4,529,47,409,5.0,15306.78,34,23,0.7941,Gold
7432,Seattle,Bicycle,12,187,46,1601,4.58,18554.37,22,15,0.9091,Gold
7433,Austin,Bicycle,9,658,23,231,4.5,12918.89,23,7,0.6957,Gold
7434,Denver,Car,9,194,18,708,4.52,15196.17,23,12,0.6087,Gold
7435,Boston,E-bike,7,362,20,1074,4.66,18749.95,35,22,0.8286,Gold
7436,Austin,Car,2,659,56,373,4.56,14599.08,29,14,0.7931,Gold
7437,Chicago,E-bike,11,597,29,490,4.49,14048.38,25,6,0.76,Gold
7438,Seattle,Car,6,180,32,1408,4.76,20020.33,28,25,0.9286,Gold
7439,Chicago,Car,12,191,59,69,4.45,8237.3,27,3,0.6667,Standard
7440,Seattle,Bicycle,11,274,53,1542,4.89,20389.07,28,22,0.9286,Gold
7441,Austin,Scooter,5,527,28,1257,4.47,16526.39,25,9,0.84,Gold
7442,Seattle,Car,2,191,28,606,3.93,11185.62,32,10,0.6562,Standard
7443,Austin,Bicycle,1,401,40,588,3.92,9814.85,32,9,0.5938,Standard
7444,Boston,Car,2,125,40,953,4.28,13168.05,26,9,0.6923,Standard
7445,Austin,Scooter,7,70,24,144,4.14,9658.08,26,8,0.6154,Standard
7446,Austin,Walking,7,91,35,277,4.44,12255.04,33,12,0.6364,Standard
7447,Denver,Bicycle,4,699,56,1460,4.72,16259.04,34,11,0.6765,Standard
7448,Chicago,Car,2,448,27,379,4.02,10990.54,32,9,0.6875,Standard
7449,Chicago,E-bike,9,384,20,541,4.62,12775.36,28,18,0.8571,Gold
7450,Denver,E-bike,5,496,58,1062,4.41,14829.55,27,8,0.6667,Standard
7451,Austin,Bicycle,12,43,18,1145,3.96,11191.59,25,2,0.44,Standard
7452,Denver,Scooter,12,610,22,840,3.99,11432.56,24,7,0.6667,Standard
7453,Boston,E-bike,8,423,53,1714,4.44,17367.72,24,10,0.8333,Standard
7454,Austin,Bicycle,7,192,51,402,4.53,13798.15,25,12,0.84,Gold
7455,Chicago,Bicycle,7,564,62,1206,4.59,12798.49,24,9,0.6667,Standard
7456,Seattle,Car,8,133,24,408,4.16,12000.6,35,12,0.6857,Standard
7457,Boston,Scooter,5,487,48,310,3.89,8528.81,30,10,0.4333,Standard
7458,Chicago,Scooter,5,211,40,564,3.92,9021.5,26,5,0.5769,Standard
7459,Austin,Scooter,7,439,54,199,4.26,7390.27,24,3,0.375,Standard
7460,Denver,Scooter,2,158,38,1795,3.94,14240.2,31,2,0.5484,Standard
7461,Denver,Car,8,169,56,1117,4.72,16024.74,18,8,0.7222,Gold
7462,Chicago,Car,6,342,57,1625,4.54,16302.38,24,5,0.5417,Standard
7463,Denver,Car,8,413,42,286,3.8,7894.0,26,5,0.5,Standard
7464,Chicago,Scooter,8,513,29,1760,4.71,19017.92,32,14,0.7188,Standard
7465,Seattle,Car,8,475,37,372,3.42,5598.0,29,1,0.4483,Standard
7466,Austin,Bicycle,9,592,63,1217,4.39,15846.83,30,18,0.8,Gold
7467,Chicago,Car,2,361,36,41,4.29,13244.14,37,21,0.7838,Gold
7468,Seattle,Bicycle,9,91,53,1439,4.5,17443.91,25,14,0.72,Gold
7469,Austin,Scooter,3,632,55,515,4.29,10370.26,17,4,0.7059,Standard
7470,Denver,E-bike,4,495,19,859,4.08,13050.05,29,10,0.6897,Standard
7471,Seattle,Car,1,653,42,1274,4.6,15486.99,26,4,0.6538,Standard
7472,Boston,E-bike,3,679,52,118,4.59,12785.19,24,15,0.6667,Gold
7473,Boston,E-bike,5,434,46,1028,4.13,12781.12,23,8,0.6522,Standard
7474,Boston,E-bike,7,661,49,468,4.16,12115.42,37,9,0.6486,Standard
7475,Austin,E-bike,12,429,36,1156,3.9,10417.96,22,1,0.5455,Standard
7476,Chicago,E-bike,2,490,27,503,4.17,12292.63,25,6,0.56,Standard
7477,Denver,Scooter,7,679,48,501,4.08,10410.34,32,11,0.7812,Standard
7478,Boston,E-bike,2,670,44,893,4.09,13675.39,26,5,0.8846,Standard
7479,Austin,Car,12,511,52,750,4.51,13707.58,23,7,0.6522,Gold
7480,Boston,E-bike,10,410,19,414,4.21,12166.78,30,13,0.6,Gold
7481,Seattle,E-bike,10,199,58,803,4.05,12639.17,25,9,0.6,Standard
7482,Boston,Walking,10,589,35,113,4.47,10017.12,28,8,0.5357,Standard
7483,Seattle,Scooter,3,342,47,893,3.82,10074.68,32,1,0.4375,Standard
7484,Seattle,Bicycle,6,256,28,1684,4.78,17519.4,30,14,0.7333,Standard
7485,Seattle,Scooter,7,72,33,1483,4.27,15462.06,32,7,0.7188,Standard
7486,Denver,Walking,2,37,20,775,4.14,11098.85,41,14,0.7317,Standard
7487,Chicago,Bicycle,5,190,57,1742,4.49,19532.14,19,8,0.7895,Gold
7488,Seattle,Scooter,2,65,24,449,3.73,8007.62,27,1,0.7037,Standard
7489,Seattle,E-bike,1,418,19,678,4.19,11814.85,29,8,0.6897,Standard
7490,Denver,Walking,12,205,39,1209,4.62,16422.14,26,9,0.6154,Gold
7491,Denver,Bicycle,3,206,61,361,4.02,8029.91,21,2,0.5714,Standard
7492,Austin,Car,5,578,51,257,4.41,9241.42,31,4,0.6129,Standard
7493,Chicago,Car,2,576,19,837,3.97,9417.58,27,0,0.5185,Standard
7494,Chicago,Walking,8,630,43,222,4.42,8973.94,31,8,0.5806,Standard
7495,Austin,E-bike,8,132,33,92,4.04,11050.62,26,5,0.6154,Standard
7496,Chicago,Bicycle,10,101,56,1547,4.31,16960.77,28,7,0.6429,Standard
7497,Denver,Bicycle,1,503,43,1559,4.64,19138.19,29,19,0.931,Gold
7498,Boston,E-bike,8,429,49,101,4.68,10774.52,37,18,0.7838,Gold
7499,Seattle,Bicycle,1,428,20,932,4.33,13084.75,20,5,0.75,Gold
