,driver_id,car_model,car_manufacture_year,days_since_inspection,age,experience,second_language,rating,net_worth_of_tips,number_of_rejected_rides,number_of_upvotes,number_of_complaints,number_of_incidents,driver_class
0,1307,0.0,2019,218,22.0,2,2.0,4.06,-1.01631,3,18,3,1,1
1,2038,6.0,2021,672,51.0,8,5.0,4.83,1.35454,1,35,0,0,0
2,569,3.0,2005,182,59.0,18,6.0,3.96,-0.22791,5,22,3,1,1
3,1898,2.0,2008,787,48.0,14,6.0,4.86,-0.46629,3,26,1,1,0
4,2499,5.0,2010,823,44.0,13,5.0,4.24,-0.18210,2,35,3,1,1
5,1112,2.0,2016,558,47.0,0,6.0,3.9,-1.31621,1,32,3,1,1
6,1236,0.0,2010,711,62.0,3,6.0,4.11,-1.05325,8,14,0,1,1
7,1124,3.0,2011,704,62.0,17,6.0,4.63,0.20959,0,39,1,0,0
8,2731,5.0,2016,788,63.0,23,4.0,4.6,-0.31504,3,13,1,0,1
9,2215,1.0,2020,306,61.0,20,3.0,4.51,0.13957,9,29,0,0,1
10,1854,4.0,2012,849,44.0,9,1.0,4.66,0.30886,2,30,2,1,0
11,1397,2.0,2022,814,30.0,2,5.0,4.53,-0.09567,3,33,2,0,0
12,719,1.0,2011,69,25.0,5,5.0,3.98,-1.07716,2,16,2,3,1
13,892,5.0,2011,508,42.0,12,1.0,4.64,0.30680,3,25,0,0,0
14,1141,6.0,2019,46,49.0,21,5.0,4.73,1.76335,0,41,1,0,0
15,2804,3.0,2022,418,65.0,8,0.0,4.53,0.82466,4,30,2,0,0
16,2180,2.0,2020,290,53.0,15,6.0,4.88,0.86347,1,47,3,0,0
17,1444,0.0,2016,301,66.0,10,6.0,4.59,0.02039,7,23,1,0,1
18,2265,3.0,2014,435,37.0,17,6.0,5.0,1.53966,0,48,0,1,0
19,2835,0.0,2015,169,42.0,5,6.0,4.47,0.03085,3,41,2,0,1
20,585,3.0,2020,877,61.0,11,6.0,4.02,-0.91821,4,8,0,1,1
21,1477,4.0,2018,375,53.0,1,2.0,4.55,0.20318,2,23,0,0,1
22,1436,4.0,2011,508,36.0,16,0.0,4.27,-0.19392,6,26,3,1,1
23,1167,0.0,2006,897,38.0,2,6.0,4.02,-0.22410,8,12,0,0,1
24,2091,0.0,2011,335,57.0,23,6.0,4.21,0.24995,1,18,0,0,1
25,1746,1.0,2014,122,36.0,16,6.0,4.84,0.97078,4,36,0,0,0
26,1699,3.0,2021,867,33.0,7,6.0,4.36,-0.27904,4,33,1,0,1
27,2784,0.0,2008,871,21.0,1,6.0,3.52,-1.69274,2,9,2,1,1
28,675,4.0,2009,113,58.0,18,2.0,4.74,0.82711,3,46,3,3,0
29,993,2.0,2019,896,60.0,9,2.0,5.0,2.08995,2,58,0,0,0
30,2052,5.0,2022,73,41.0,21,1.0,4.37,-0.43316,3,28,1,1,1
31,204,1.0,2007,260,42.0,10,6.0,4.31,-0.73279,1,29,2,0,1
32,2773,1.0,2020,230,30.0,0,6.0,3.66,-0.99839,5,10,2,0,1
33,853,1.0,2008,86,47.0,4,1.0,4.05,-0.73407,2,29,1,0,1
34,2393,6.0,2008,643,42.0,8,4.0,4.21,-0.83839,3,9,1,2,1
35,2234,5.0,2017,83,58.0,9,4.0,3.9,-1.88598,6,11,0,0,1
36,1243,5.0,2009,610,22.0,2,3.0,4.63,0.30466,2,30,0,0,0
37,1967,2.0,2006,382,40.0,20,6.0,4.37,-1.18541,2,24,1,1,1
38,1969,5.0,2013,463,50.0,18,5.0,4.44,0.01662,4,15,1,0,1
39,1390,4.0,2008,756,37.0,12,3.0,4.47,-0.32076,4,30,2,0,1
40,515,5.0,2012,138,44.0,0,1.0,4.22,-1.26955,6,35,3,1,1
41,326,0.0,2005,155,40.0,3,2.0,3.8,-1.72283,3,19,3,1,1
42,1635,3.0,2014,86,47.0,0,6.0,4.54,-0.28561,4,40,1,1,1
43,2078,5.0,2011,357,39.0,17,6.0,4.46,-0.08117,6,18,3,3,1
44,1899,6.0,2015,210,37.0,0,6.0,5.0,0.61272,3,45,3,0,0
45,2503,0.0,2019,887,44.0,7,6.0,4.07,-1.17005,3,17,1,0,1
46,2453,3.0,2010,278,28.0,8,2.0,4.32,0.21251,2,33,0,1,1
47,2749,2.0,2006,15,44.0,12,4.0,5.0,-0.04913,3,30,1,0,0
48,700,4.0,2007,305,28.0,8,2.0,4.91,0.90145,2,33,2,0,0
49,2963,4.0,2022,765,58.0,6,6.0,4.22,-0.76210,5,23,2,2,1
50,736,4.0,2006,610,38.0,18,6.0,4.49,-1.41190,5,39,1,0,0
51,2774,5.0,2018,442,46.0,16,1.0,4.57,0.34338,2,41,1,0,0
52,884,4.0,2008,219,35.0,7,6.0,4.5,1.73259,4,40,0,0,0
53,2172,1.0,2015,872,23.0,1,6.0,4.87,0.19952,1,29,0,0,0
54,1785,1.0,2010,783,51.0,10,2.0,4.56,1.18832,2,25,0,0,0
55,2772,5.0,2014,812,40.0,3,6.0,3.81,-1.94057,4,11,0,1,1
56,2675,0.0,2019,653,34.0,14,4.0,5.0,2.26193,0,54,2,0,0
57,632,3.0,2005,738,55.0,0,6.0,4.31,-1.04466,4,7,1,1,1
58,2650,5.0,2016,142,48.0,1,6.0,4.37,0.01958,2,19,0,1,0
59,2934,6.0,2008,212,45.0,20,6.0,4.17,-0.61672,7,15,2,0,1
60,1103,6.0,2014,636,65.0,18,6.0,4.37,-0.16165,1,15,1,0,1
61,2318,4.0,2012,808,49.0,5,6.0,4.47,-0.61525,6,30,3,0,1
62,2137,4.0,2016,62,48.0,22,6.0,5.0,2.04676,2,56,0,0,0
63,980,4.0,2005,272,37.0,3,6.0,4.73,0.72520,3,21,1,0,0
64,1272,2.0,2022,54,23.0,3,3.0,4.2,-0.85589,3,8,0,1,1
65,207,0.0,2006,71,54.0,1,6.0,3.72,-1.00578,3,21,2,1,1
66,1392,0.0,2008,830,37.0,17,6.0,3.91,0.00181,4,36,2,0,1
67,441,5.0,2021,772,44.0,24,6.0,4.66,-0.38503,7,33,1,0,0
68,1514,4.0,2006,704,59.0,2,6.0,4.95,2.58780,1,35,3,0,0
69,413,4.0,2010,716,43.0,2,4.0,4.57,1.93077,2,34,1,0,0
70,225,5.0,2016,392,66.0,1,0.0,4.31,-1.15990,7,40,1,1,1
71,122,2.0,2005,827,25.0,4,2.0,4.3,-0.80036,3,26,2,0,1
72,1427,0.0,2020,212,49.0,23,6.0,5.0,2.09357,1,64,0,0,0
73,2130,0.0,2020,523,59.0,20,6.0,4.52,0.21920,3,42,0,1,0
74,378,5.0,2006,7,37.0,10,1.0,5.0,1.37480,0,41,0,0,0
75,2359,1.0,2016,413,25.0,0,6.0,4.27,0.00321,3,24,2,1,1
76,415,5.0,2012,149,66.0,9,6.0,3.91,-0.53709,2,16,2,0,1
77,2053,2.0,2009,456,38.0,18,1.0,5.0,1.65409,0,67,0,0,0
78,1743,2.0,2017,668,44.0,2,6.0,4.8,0.80234,1,44,2,1,0
79,2187,1.0,2010,652,52.0,10,5.0,4.87,1.25866,2,22,0,0,0
80,685,1.0,2015,363,24.0,4,4.0,4.43,-0.43830,4,18,0,0,0
81,869,1.0,2005,282,34.0,14,6.0,4.68,-0.28992,3,47,2,0,0
82,1610,1.0,2011,183,44.0,2,6.0,4.29,-0.41399,3,43,2,1,1
83,2786,4.0,2014,253,32.0,12,2.0,4.73,1.38736,4,30,0,0,0
84,2986,1.0,2007,203,47.0,17,6.0,4.39,0.35042,3,31,1,0,1
85,281,5.0,2022,244,44.0,18,6.0,4.4,0.17347,1,15,2,0,1
86,1105,5.0,2014,258,45.0,18,6.0,4.44,0.91409,3,48,1,0,0
87,2744,6.0,2016,759,48.0,9,4.0,3.84,-0.27900,6,25,1,0,1
88,1846,5.0,2013,463,24.0,4,5.0,4.26,-0.45941,4,21,1,0,1
89,2533,6.0,2006,625,53.0,8,6.0,4.14,-0.39934,6,31,2,1,1
90,1052,6.0,2017,682,45.0,17,6.0,4.62,0.96359,2,24,0,0,0
91,1364,6.0,2013,531,28.0,2,6.0,4.66,-0.61319,4,38,2,0,1
92,2283,4.0,2015,409,64.0,11,6.0,4.46,-0.67306,2,29,2,0,0
93,2863,6.0,2019,46,31.0,3,6.0,4.73,0.50941,2,52,0,0,0
94,965,0.0,2020,241,51.0,12,6.0,4.37,-0.29583,3,25,3,0,1
95,2379,0.0,2017,571,42.0,13,1.0,4.13,-0.26302,4,22,4,2,1
96,2652,6.0,2020,284,66.0,14,6.0,4.35,-0.32122,3,13,2,0,1
97,2005,5.0,2022,22,44.0,16,5.0,4.43,0.30248,1,28,1,0,0
98,1529,0.0,2018,161,37.0,10,6.0,5.0,1.86425,3,62,2,0,0
99,2727,0.0,2022,233,34.0,10,1.0,3.92,-0.89426,3,11,1,0,1
100,2479,1.0,2021,254,24.0,4,2.0,4.24,-0.72077,4,16,1,0,1
101,2586,3.0,2012,671,66.0,18,0.0,4.65,0.79087,1,29,1,0,0
102,1058,4.0,2019,221,49.0,17,6.0,4.62,1.04963,2,35,0,0,0
103,2044,6.0,2007,92,29.0,9,2.0,4.82,0.20916,3,30,0,2,0
104,1110,4.0,2010,63,60.0,15,6.0,4.64,-0.44716,0,38,5,0,1
105,2748,2.0,2022,139,54.0,13,6.0,4.57,0.15625,1,44,0,0,0
106,1964,3.0,2015,9,57.0,15,6.0,4.68,0.90694,4,28,2,0,0
107,859,6.0,2015,692,57.0,15,1.0,4.71,0.98112,1,35,0,0,0
108,2821,2.0,2005,512,21.0,1,6.0,5.0,1.70331,1,45,0,0,0
109,2954,4.0,2010,428,46.0,18,6.0,4.13,-1.91829,2,12,1,0,1
110,2217,0.0,2013,674,58.0,2,6.0,4.75,0.47931,1,38,1,0,0
111,2113,4.0,2014,654,57.0,22,6.0,4.4,-0.64752,4,19,0,0,1
112,431,6.0,2014,504,40.0,10,6.0,4.71,0.66435,3,26,0,0,0
113,2768,6.0,2008,351,26.0,1,2.0,4.6,1.69748,2,35,0,0,0
114,260,3.0,2015,820,44.0,5,6.0,4.7,-0.03097,3,38,1,0,0
115,2273,2.0,2018,99,44.0,3,6.0,4.66,0.32484,1,49,1,0,0
116,1708,5.0,2009,644,27.0,7,2.0,4.14,-0.50941,1,40,3,1,1
117,2260,4.0,2008,332,47.0,4,6.0,4.21,-0.02207,3,31,2,0,1
118,1623,4.0,2019,251,64.0,3,0.0,4.54,-0.80347,3,20,1,1,1
119,1382,5.0,2007,203,27.0,7,0.0,3.74,-1.44312,5,14,3,0,1
120,2615,6.0,2016,400,33.0,3,6.0,4.11,-1.38215,10,34,3,0,1
121,583,5.0,2014,673,54.0,12,6.0,4.43,-0.35808,1,26,0,0,1
122,2775,5.0,2014,264,66.0,9,6.0,5.0,1.43767,1,49,1,0,0
123,751,0.0,2018,771,41.0,21,4.0,4.6,1.91915,0,46,0,0,0
124,1142,0.0,2013,334,23.0,3,2.0,4.45,0.48340,3,12,0,0,0
125,2229,4.0,2013,285,25.0,5,6.0,4.77,0.75370,3,34,2,1,0
126,2585,5.0,2021,118,45.0,22,6.0,4.15,-1.41042,4,22,2,0,1
127,2480,2.0,2012,896,60.0,15,6.0,4.51,-0.10772,3,44,1,0,0
128,975,2.0,2021,343,28.0,8,6.0,3.85,-1.06258,6,13,2,0,1
129,2450,3.0,2005,353,38.0,16,0.0,4.63,0.24894,2,23,1,2,0
130,2545,3.0,2022,649,41.0,0,5.0,3.74,-2.47761,4,4,2,0,1
131,891,4.0,2015,680,66.0,5,5.0,4.54,0.78648,3,53,1,0,0
132,2770,3.0,2018,190,67.0,15,6.0,4.31,0.23199,2,41,5,0,1
133,2107,2.0,2015,793,32.0,2,5.0,4.18,-1.41555,2,25,1,0,1
134,1182,1.0,2022,448,56.0,4,6.0,4.21,-1.24960,3,34,1,2,1
135,2977,5.0,2012,670,29.0,9,6.0,4.5,0.50607,3,54,3,1,0
136,2441,3.0,2012,155,37.0,7,1.0,4.84,1.54872,3,29,0,0,0
137,2534,0.0,2018,878,49.0,6,4.0,4.65,-0.50451,6,49,2,0,0
138,673,5.0,2006,412,44.0,6,5.0,4.35,0.29408,3,29,2,1,1
139,2313,4.0,2019,754,39.0,19,6.0,4.87,-0.66995,4,29,3,1,0
140,2867,5.0,2005,638,32.0,3,6.0,4.14,-1.10310,3,16,0,1,1
141,708,2.0,2022,129,62.0,2,5.0,4.33,-0.58717,7,25,0,0,1
142,2102,0.0,2018,724,39.0,7,5.0,4.35,-0.33363,5,37,0,2,1
143,1328,5.0,2006,65,33.0,13,5.0,4.82,0.98458,3,47,1,0,0
144,2611,3.0,2005,256,29.0,9,2.0,4.59,0.58297,2,48,2,1,0
145,2893,6.0,2013,593,64.0,18,4.0,4.04,-1.86934,5,19,1,1,1
146,71,3.0,2012,527,60.0,23,6.0,4.33,0.70005,6,28,2,0,0
147,1225,6.0,2006,224,22.0,2,3.0,4.86,1.14482,1,31,4,0,0
148,2694,0.0,2017,620,38.0,15,1.0,4.33,-1.35738,3,21,2,0,1
149,1163,2.0,2006,429,66.0,2,6.0,4.76,-0.60261,3,35,1,0,0
150,1878,2.0,2011,809,27.0,7,6.0,3.99,-0.49040,6,22,3,1,1
151,35,4.0,2009,691,43.0,21,6.0,4.67,-0.42644,1,19,0,0,0
152,2931,4.0,2006,793,49.0,1,1.0,4.94,0.87498,0,39,1,0,0
153,1601,6.0,2009,719,23.0,3,6.0,4.49,0.99224,2,47,4,2,0
154,2996,6.0,2012,19,44.0,23,4.0,5.0,1.14077,1,45,0,0,0
155,373,5.0,2016,161,38.0,10,6.0,5.0,1.30271,2,62,0,0,0
156,2150,2.0,2007,230,47.0,10,6.0,4.92,0.37072,2,35,2,0,0
157,804,4.0,2007,349,56.0,3,4.0,4.5,0.39494,4,39,2,0,0
158,2055,3.0,2014,43,55.0,17,2.0,4.5,-0.55374,3,28,1,0,0
159,1993,0.0,2015,723,52.0,15,3.0,3.84,-1.49841,3,20,1,0,1
160,319,5.0,2010,149,33.0,13,6.0,5.0,2.05644,3,41,0,0,0
161,1165,1.0,2015,436,36.0,16,6.0,4.4,-0.31461,1,28,2,1,1
162,540,1.0,2017,96,54.0,4,2.0,3.67,-1.58799,3,17,1,1,1
163,119,1.0,2008,699,66.0,0,2.0,4.03,-0.67839,2,25,3,0,1
164,362,2.0,2009,163,37.0,17,5.0,4.89,1.71716,3,46,2,0,0
165,880,3.0,2022,188,34.0,8,5.0,5.0,1.29712,3,39,1,0,0
166,2947,2.0,2005,424,56.0,17,2.0,4.21,0.19979,3,34,3,0,1
167,1648,4.0,2015,790,50.0,17,6.0,4.59,1.03043,5,25,1,0,0
168,820,3.0,2012,334,52.0,1,1.0,5.0,1.66451,1,42,1,0,0
169,2295,0.0,2016,214,37.0,17,0.0,5.0,0.65106,3,38,0,0,0
170,593,3.0,2019,109,44.0,3,6.0,4.18,-0.38973,3,26,0,0,1
171,2552,0.0,2020,778,27.0,7,5.0,4.08,-0.46143,4,22,1,0,1
172,929,5.0,2010,841,35.0,0,6.0,4.71,0.81572,2,26,0,0,0
173,2386,1.0,2020,726,57.0,4,2.0,3.7,-1.71720,1,12,2,0,1
174,2975,4.0,2010,195,31.0,11,6.0,4.49,-0.80001,5,24,2,0,1
175,420,6.0,2012,723,28.0,1,5.0,4.43,-0.00702,3,17,0,0,0
176,469,3.0,2013,322,54.0,1,6.0,3.84,-2.19844,5,10,0,1,1
177,434,4.0,2010,406,44.0,4,6.0,5.0,1.26815,1,60,2,0,0
178,2958,2.0,2021,187,31.0,11,6.0,4.19,-0.13591,3,15,1,1,1
179,659,6.0,2010,844,56.0,14,3.0,4.4,-0.50906,5,19,2,1,1
180,297,6.0,2018,629,58.0,17,6.0,4.48,-0.07129,1,16,1,0,0
181,728,6.0,2020,461,44.0,18,6.0,3.61,-1.17888,6,6,5,1,1
182,421,0.0,2014,146,25.0,0,6.0,4.3,-0.27561,2,29,3,1,0
183,1760,5.0,2017,396,34.0,4,6.0,4.29,-0.36959,2,24,2,0,1
184,2806,0.0,2013,403,29.0,9,6.0,3.79,-0.78913,8,33,3,3,1
185,2454,6.0,2014,320,27.0,7,1.0,4.18,-0.79496,2,21,2,1,1
186,315,0.0,2009,554,25.0,5,6.0,3.85,-1.07848,4,17,1,0,1
187,187,1.0,2011,805,30.0,10,1.0,5.0,1.22861,3,43,0,0,0
188,1496,3.0,2014,444,54.0,3,6.0,4.37,-0.32783,2,21,1,0,1
189,1599,5.0,2014,897,44.0,12,6.0,4.09,-1.24249,9,28,2,1,1
190,2851,1.0,2008,13,47.0,16,3.0,3.69,-1.55918,8,6,0,1,1
191,1990,5.0,2014,369,66.0,0,6.0,3.73,-1.50650,2,11,0,0,1
192,430,4.0,2014,397,65.0,19,6.0,4.66,0.44506,1,38,0,0,0
193,533,0.0,2015,858,54.0,14,6.0,3.93,-2.38215,4,20,2,0,1
194,738,2.0,2013,361,41.0,17,6.0,4.51,0.09547,1,33,0,0,0
195,1464,5.0,2008,744,30.0,10,6.0,4.83,1.34455,1,29,0,0,0
196,2315,4.0,2017,141,54.0,14,5.0,4.3,-0.28254,2,21,0,0,1
197,805,6.0,2007,711,31.0,5,5.0,4.22,-1.61595,9,20,0,3,1
198,2468,3.0,2008,121,64.0,13,1.0,4.58,-0.14699,3,24,1,0,0
199,730,0.0,2009,824,44.0,14,6.0,4.64,0.49596,3,36,2,0,0
200,1206,0.0,2009,14,26.0,6,6.0,4.18,-0.10243,8,29,5,0,1
201,1668,4.0,2007,728,38.0,17,6.0,4.88,1.30598,1,50,0,0,0
202,1612,3.0,2007,18,65.0,22,2.0,4.41,0.12860,2,21,1,0,1
203,1099,3.0,2016,89,57.0,23,6.0,4.36,-0.17895,2,50,0,1,0
204,173,1.0,2012,389,25.0,5,5.0,4.27,-0.66249,0,34,4,1,0
205,2109,4.0,2011,238,22.0,2,6.0,3.82,-1.05881,2,16,1,1,1
206,638,3.0,2022,716,45.0,14,6.0,4.73,0.60094,0,28,2,0,0
207,1078,0.0,2021,474,27.0,7,6.0,4.25,0.11526,1,28,0,0,1
208,2145,2.0,2008,295,45.0,5,6.0,3.98,-0.72711,8,15,1,0,1
209,1911,3.0,2013,122,25.0,5,6.0,4.08,-1.90142,8,17,1,2,1
210,2816,6.0,2016,641,33.0,13,2.0,4.51,0.43829,5,16,1,1,0
211,771,6.0,2012,88,25.0,5,1.0,4.1,-0.64977,5,27,2,0,1
212,1164,3.0,2022,729,36.0,16,1.0,3.69,-2.19591,4,12,2,0,1
213,357,6.0,2006,370,25.0,5,6.0,4.5,0.51419,0,47,1,1,0
214,1055,0.0,2005,595,65.0,9,6.0,4.4,0.70059,4,41,3,0,1
215,1542,0.0,2013,724,46.0,9,6.0,4.72,0.80098,0,32,2,2,0
216,2566,0.0,2010,810,60.0,15,6.0,4.03,-1.18214,3,14,1,0,1
217,191,3.0,2008,140,34.0,13,6.0,5.0,2.26037,2,72,0,0,0
218,2354,6.0,2008,220,44.0,2,2.0,4.87,1.49572,0,48,0,0,0
219,984,2.0,2011,406,26.0,6,6.0,4.01,-0.38561,2,33,2,1,1
220,721,4.0,2013,773,67.0,13,6.0,4.95,0.92848,2,56,1,2,0
221,2903,1.0,2015,715,35.0,15,6.0,4.11,-0.17254,3,41,2,0,1
222,2838,3.0,2006,237,55.0,9,3.0,4.14,-0.11348,3,20,1,0,1
223,1548,1.0,2017,233,26.0,0,6.0,3.79,-1.32325,5,21,1,0,1
224,562,3.0,2016,666,47.0,12,6.0,4.92,1.14614,1,48,0,1,0
225,3,4.0,2011,264,22.0,2,0.0,4.19,-0.20396,3,16,1,0,1
226,279,2.0,2005,333,57.0,12,4.0,4.83,0.68687,6,24,2,0,0
227,2592,1.0,2020,353,44.0,19,3.0,4.81,1.54017,3,41,0,2,0
228,856,5.0,2016,865,52.0,16,3.0,5.0,0.07471,1,38,0,0,0
229,563,4.0,2015,636,31.0,0,6.0,4.28,0.19167,4,19,2,1,1
230,786,2.0,2019,143,67.0,6,6.0,3.83,-1.07876,3,21,3,0,1
231,2593,5.0,2010,49,27.0,7,5.0,4.97,1.42753,1,77,1,0,0
232,1735,0.0,2009,329,52.0,0,3.0,4.17,0.17720,4,24,0,2,1
233,2188,3.0,2006,166,30.0,7,5.0,4.62,0.05263,1,47,1,0,0
234,733,0.0,2005,504,36.0,8,6.0,4.44,0.13401,8,20,1,0,1
235,1807,1.0,2009,509,55.0,0,6.0,4.0,-0.80122,3,19,3,0,1
236,1706,2.0,2011,286,59.0,14,6.0,4.09,-1.19342,5,18,1,0,1
237,416,5.0,2017,213,23.0,3,4.0,4.23,-0.45746,5,27,5,0,1
238,2410,2.0,2012,608,44.0,0,6.0,4.0,-0.82890,1,18,1,0,1
239,1352,2.0,2017,815,43.0,5,6.0,4.8,0.61388,3,35,0,0,0
240,2135,5.0,2007,50,30.0,10,6.0,4.61,0.29140,3,26,0,0,0
241,527,5.0,2012,642,66.0,7,6.0,3.11,-2.67559,8,2,0,1,1
242,1565,2.0,2022,248,21.0,1,6.0,4.53,0.51244,2,32,5,0,1
243,1230,4.0,2007,898,51.0,10,3.0,4.64,1.09598,1,39,0,2,0
244,457,1.0,2017,838,40.0,15,1.0,4.69,1.01927,1,42,2,0,0
245,2913,3.0,2011,711,35.0,4,6.0,4.06,-1.34797,5,31,5,1,1
246,126,2.0,2013,280,45.0,1,6.0,3.64,-1.56408,3,18,3,2,1
247,2236,3.0,2012,421,37.0,6,2.0,4.85,0.16379,2,59,0,0,0
248,537,4.0,2010,134,62.0,6,2.0,4.19,-0.46890,4,23,1,1,1
249,181,3.0,2011,692,45.0,16,6.0,4.89,0.53177,4,40,1,1,0
250,1544,0.0,2013,504,55.0,16,5.0,5.0,2.61307,1,32,1,0,0
251,774,4.0,2017,734,31.0,11,6.0,4.32,0.41819,3,19,0,1,1
252,588,4.0,2013,511,57.0,7,5.0,5.0,0.66288,2,38,0,0,0
253,644,1.0,2018,468,59.0,14,6.0,4.27,-0.03707,6,23,3,1,1
254,2621,4.0,2014,394,26.0,3,6.0,4.17,-0.25905,2,15,1,0,1
255,2337,0.0,2018,97,63.0,17,6.0,4.77,0.70114,4,23,1,1,0
256,1733,3.0,2010,718,47.0,9,6.0,4.68,1.37764,4,33,0,0,0
257,872,3.0,2021,580,39.0,19,6.0,4.05,-1.05776,5,19,2,0,1
258,2088,3.0,2021,793,49.0,19,6.0,4.34,-0.51081,2,37,1,0,1
259,2563,1.0,2007,225,52.0,24,2.0,4.25,-1.21469,1,33,2,0,1
260,2813,6.0,2009,306,55.0,11,6.0,4.33,-0.85907,4,41,3,1,1
261,376,6.0,2005,764,41.0,5,0.0,4.6,1.14878,3,27,0,1,0
262,387,2.0,2005,707,55.0,10,0.0,4.56,0.14715,6,32,1,0,0
263,1531,5.0,2009,167,46.0,5,6.0,4.83,0.35909,1,39,0,1,0
264,2866,1.0,2008,143,36.0,1,6.0,4.19,-0.16084,2,8,1,0,1
265,1074,4.0,2019,695,30.0,10,3.0,4.6,-0.37896,1,15,1,0,1
266,2800,0.0,2007,729,26.0,6,5.0,4.44,-0.29782,3,30,1,1,0
267,1449,1.0,2008,261,45.0,17,4.0,4.38,-0.70308,4,24,3,2,1
268,152,3.0,2008,710,23.0,3,6.0,4.03,-1.14824,4,16,4,1,1
269,934,3.0,2011,122,55.0,23,3.0,4.48,0.56373,6,27,0,1,0
270,1039,2.0,2015,834,44.0,8,6.0,4.76,1.43410,3,15,0,1,0
271,424,0.0,2009,394,64.0,13,0.0,4.3,-0.66735,2,17,0,0,1
272,1741,4.0,2021,12,44.0,9,2.0,4.45,-0.73181,5,24,2,2,0
273,2154,2.0,2018,588,65.0,2,5.0,4.51,-0.34086,6,33,2,1,0
274,475,3.0,2014,299,48.0,13,2.0,4.13,-1.48744,2,11,2,2,1
275,1211,4.0,2021,213,29.0,9,4.0,4.34,0.18669,3,27,0,1,1
276,341,2.0,2005,372,22.0,2,6.0,3.76,-0.68345,6,17,5,1,1
277,1671,6.0,2022,312,62.0,12,6.0,4.9,1.93171,1,38,0,0,0
278,2308,6.0,2006,773,55.0,14,0.0,4.7,0.73792,3,36,1,0,0
279,2206,0.0,2018,630,60.0,14,6.0,4.58,-0.19754,0,40,0,0,0
280,1378,0.0,2007,294,59.0,19,6.0,5.0,2.59445,2,39,0,0,0
281,143,2.0,2013,478,37.0,13,6.0,4.36,-0.44265,1,26,0,0,0
282,1160,5.0,2014,304,47.0,9,6.0,5.0,1.61427,2,24,0,0,0
283,1460,2.0,2016,881,51.0,10,6.0,4.61,-0.04691,6,31,1,1,0
284,100,0.0,2007,677,25.0,5,6.0,4.1,-0.88684,4,19,3,1,1
285,427,5.0,2013,523,61.0,21,6.0,4.3,-0.15947,1,26,4,0,0
286,1484,5.0,2015,686,67.0,18,2.0,4.92,0.61925,2,32,1,0,0
287,1814,6.0,2008,791,63.0,13,6.0,4.5,-1.15232,4,16,1,0,1
288,2716,6.0,2015,703,60.0,11,5.0,3.83,-1.89356,3,21,3,1,1
289,735,3.0,2006,604,46.0,6,2.0,4.21,0.16970,3,23,2,1,1
290,803,5.0,2017,117,28.0,8,6.0,3.77,-0.53978,5,22,3,1,1
291,2461,5.0,2018,404,57.0,19,6.0,4.79,-0.12942,4,35,3,0,0
292,2824,0.0,2007,311,24.0,4,0.0,4.17,-0.10811,5,23,2,2,1
293,2962,4.0,2015,7,52.0,18,6.0,5.0,1.87968,0,69,0,0,0
294,808,1.0,2015,341,29.0,9,3.0,4.16,-1.01977,4,33,0,0,1
295,2269,2.0,2017,583,53.0,3,4.0,4.29,-1.47535,3,20,3,0,1
296,753,1.0,2007,138,61.0,10,3.0,5.0,1.95468,0,56,0,0,0
297,455,2.0,2017,671,47.0,8,6.0,4.89,1.12701,2,35,0,1,0
298,833,5.0,2007,438,58.0,19,5.0,5.0,1.82202,1,36,0,0,0
299,37,4.0,2011,723,23.0,3,4.0,4.37,-0.66848,1,25,2,0,1
300,1745,5.0,2017,860,46.0,5,0.0,4.2,-0.83419,2,22,0,1,1
301,1828,2.0,2019,590,40.0,13,5.0,3.77,-1.93128,3,10,1,0,1
302,1071,6.0,2014,897,32.0,11,6.0,4.63,0.15170,1,38,3,1,0
303,306,6.0,2020,115,50.0,2,6.0,4.68,0.77513,3,61,2,1,0
304,2120,2.0,2011,530,57.0,9,5.0,4.25,-0.30217,2,25,1,1,1
305,1145,0.0,2005,281,39.0,12,6.0,4.56,0.25571,2,56,2,1,0
306,747,5.0,2006,833,65.0,11,5.0,5.0,1.83621,1,53,1,0,0
307,1692,6.0,2008,401,26.0,6,0.0,4.59,0.38316,2,32,2,1,0
308,2075,0.0,2013,176,33.0,1,5.0,5.0,1.72956,1,45,1,0,0
309,1633,4.0,2019,98,47.0,3,6.0,4.69,0.63924,0,39,0,1,0
310,2894,4.0,2015,857,63.0,24,6.0,3.84,-0.84313,5,30,2,3,1
311,2571,1.0,2013,193,39.0,14,0.0,4.09,-1.68765,3,15,1,1,1
312,1239,1.0,2015,285,44.0,9,6.0,4.0,-0.79181,5,23,2,0,1
313,620,6.0,2009,484,58.0,15,0.0,4.08,-1.36294,3,19,2,1,1
314,2231,6.0,2014,771,66.0,7,1.0,4.53,-0.24140,0,49,2,0,0
315,581,1.0,2014,45,59.0,9,6.0,4.86,0.53966,1,37,2,0,0
316,1082,3.0,2006,693,25.0,5,6.0,4.4,-0.69196,5,24,1,0,1
317,2147,5.0,2006,255,34.0,6,6.0,4.08,-0.91681,3,22,1,2,1
318,72,4.0,2011,655,39.0,7,2.0,4.09,-0.26702,6,24,1,0,1
319,1062,2.0,2010,646,24.0,0,6.0,4.02,-0.46664,5,39,0,0,1
320,2900,3.0,2007,311,33.0,13,5.0,4.52,-0.38825,6,22,1,0,1
321,1917,3.0,2013,23,49.0,1,6.0,3.93,-2.03957,5,18,2,1,1
322,2171,4.0,2005,425,41.0,6,6.0,4.82,0.88489,4,46,2,0,0
323,1749,0.0,2006,517,33.0,10,1.0,4.54,-0.57932,1,41,1,0,1
324,717,5.0,2017,322,42.0,22,6.0,4.88,0.42966,1,39,2,0,0
325,1658,2.0,2010,142,53.0,7,6.0,4.01,-0.39953,5,18,0,1,1
326,770,6.0,2020,891,54.0,19,6.0,4.61,-0.08365,5,26,2,0,0
327,749,0.0,2008,279,35.0,15,6.0,4.29,0.45237,4,30,4,0,1
328,2024,3.0,2022,337,35.0,14,6.0,4.11,-0.34537,2,20,0,0,1
329,1651,3.0,2021,94,27.0,7,6.0,4.41,0.70728,4,31,2,1,0
330,1773,2.0,2018,828,27.0,1,6.0,4.28,-0.91922,3,29,2,0,1
331,2366,4.0,2022,806,29.0,9,6.0,4.9,1.18937,3,35,0,0,0
332,1590,5.0,2019,531,63.0,15,6.0,5.0,2.48445,0,63,1,0,0
333,88,2.0,2010,862,44.0,23,2.0,5.0,1.31943,3,50,0,0,0
334,2911,1.0,2019,282,28.0,8,2.0,4.42,0.51859,1,34,1,0,0
335,1319,4.0,2014,208,37.0,8,4.0,5.0,1.50490,2,38,2,0,0
336,528,5.0,2010,755,44.0,2,6.0,3.79,-0.91922,6,9,2,1,1
337,1456,0.0,2015,502,25.0,5,6.0,3.73,-1.16717,2,10,1,0,1
338,633,4.0,2022,429,25.0,5,6.0,4.87,0.37118,0,28,2,0,0
339,2385,4.0,2021,801,23.0,0,5.0,4.12,-0.82882,2,24,2,4,1
340,2861,0.0,2020,510,55.0,3,2.0,4.74,-0.12106,2,24,0,0,0
341,946,1.0,2014,475,65.0,12,6.0,4.42,-0.89002,2,9,1,0,1
342,2219,0.0,2017,586,61.0,5,6.0,3.79,-1.12514,6,21,2,1,1
343,604,3.0,2021,171,49.0,23,6.0,4.42,-0.91934,3,48,2,0,0
344,2440,1.0,2007,103,65.0,17,4.0,5.0,1.87906,0,51,0,0,0
345,1960,1.0,2015,873,27.0,7,5.0,3.91,-0.72143,6,32,1,2,1
346,665,2.0,2018,566,45.0,5,1.0,4.43,-0.07743,4,24,1,0,0
347,2644,0.0,2020,23,46.0,14,6.0,4.91,0.99636,0,35,1,1,0
348,2408,6.0,2013,835,54.0,5,6.0,4.76,0.43724,4,31,1,0,0
349,524,2.0,2009,183,55.0,10,6.0,4.47,-0.83287,1,26,3,1,1
350,842,0.0,2010,123,23.0,3,4.0,4.63,-0.91036,1,30,0,1,0
351,1950,5.0,2011,82,46.0,10,6.0,4.26,-1.39720,8,25,1,1,1
352,1391,0.0,2005,34,46.0,3,6.0,4.08,-1.07561,2,19,1,0,1
353,1135,0.0,2017,745,34.0,14,6.0,4.22,-0.36551,5,25,2,0,1
354,401,4.0,2008,210,55.0,8,1.0,4.71,0.21227,2,35,1,0,0
355,227,2.0,2012,332,26.0,6,5.0,3.94,-0.08408,3,15,2,0,1
356,1117,4.0,2012,701,52.0,18,6.0,4.2,-0.15539,7,14,2,1,1
357,799,3.0,2013,295,65.0,13,5.0,4.23,0.42173,2,45,2,0,0
358,1353,5.0,2020,53,54.0,19,6.0,4.82,1.24719,0,41,0,0,0
359,758,0.0,2008,453,23.0,3,4.0,4.26,-1.63255,9,32,1,0,1
360,2200,0.0,2016,797,38.0,12,6.0,4.47,0.51306,2,39,1,1,0
361,2497,4.0,2011,770,58.0,16,1.0,4.77,0.18494,2,28,1,0,0
362,1287,6.0,2008,488,27.0,7,0.0,4.76,0.76657,2,36,2,1,0
363,2635,4.0,2019,756,65.0,14,0.0,4.51,0.20205,1,35,1,0,0
364,2722,0.0,2011,689,30.0,6,6.0,4.82,0.15314,2,26,1,2,0
365,2419,5.0,2017,584,63.0,4,5.0,4.95,0.85946,3,31,1,0,0
366,768,5.0,2016,743,41.0,17,1.0,4.45,1.13354,3,33,0,1,0
367,428,4.0,2010,549,49.0,24,6.0,4.84,1.93346,1,41,0,0,0
368,2916,0.0,2018,868,34.0,14,2.0,4.98,1.30979,4,40,1,0,0
369,1333,5.0,2008,892,50.0,4,6.0,4.26,0.29995,4,43,2,2,1
370,1627,2.0,2019,131,46.0,2,5.0,4.83,0.31753,1,24,0,1,0
371,27,6.0,2013,676,44.0,11,6.0,4.42,0.03077,1,25,0,0,0
372,718,6.0,2020,713,31.0,11,6.0,5.0,0.93571,5,44,1,0,0
373,25,5.0,2022,217,43.0,19,5.0,4.79,0.77859,1,48,3,0,0
374,2277,0.0,2011,309,41.0,8,6.0,4.31,-0.60226,5,20,0,0,1
375,2133,5.0,2006,450,58.0,0,6.0,4.32,-0.16472,3,28,1,0,0
376,1553,6.0,2009,891,29.0,9,2.0,4.01,-1.08875,4,20,3,0,1
377,1,5.0,2022,351,35.0,2,6.0,3.93,-1.18210,4,19,3,2,1
378,1793,3.0,2010,4,53.0,14,0.0,4.34,-0.96561,4,25,2,2,1
379,864,6.0,2015,15,38.0,14,5.0,5.0,1.42294,2,40,3,0,0
380,61,0.0,2020,312,39.0,1,1.0,4.15,-0.91145,4,17,1,2,1
381,1545,5.0,2015,590,50.0,19,2.0,4.9,1.24295,3,22,2,0,0
382,2714,5.0,2013,96,40.0,20,6.0,4.74,0.02867,4,35,2,0,0
383,1683,3.0,2006,478,47.0,5,1.0,4.08,-1.52481,2,9,1,1,1
384,1338,1.0,2020,700,44.0,14,4.0,3.28,-1.36236,3,17,3,0,1
385,1962,0.0,2012,739,42.0,9,5.0,4.56,0.06487,0,54,2,1,0
386,1454,5.0,2008,84,55.0,12,6.0,3.99,-0.50821,0,27,2,1,1
387,2841,1.0,2009,113,44.0,14,6.0,4.48,0.25543,1,42,3,1,0
388,2998,6.0,2010,793,22.0,2,6.0,4.9,0.58640,1,35,1,0,0
389,1372,2.0,2006,483,35.0,13,6.0,4.47,0.08521,2,46,3,0,0
390,1560,1.0,2014,611,65.0,9,1.0,4.84,1.22118,2,45,1,0,0
391,667,3.0,2009,520,45.0,24,6.0,4.92,-0.08579,4,37,0,0,0
392,705,5.0,2019,25,58.0,6,6.0,4.46,-0.56843,4,22,3,1,1
393,1172,0.0,2009,17,61.0,2,5.0,4.49,0.89298,1,37,1,1,0
394,242,1.0,2022,828,57.0,2,5.0,3.85,-0.66268,5,27,1,0,1
395,2160,6.0,2017,789,50.0,3,6.0,5.0,1.23428,1,36,0,0,0
396,1786,6.0,2015,149,22.0,2,6.0,3.79,-1.28522,2,10,1,2,1
397,132,1.0,2015,867,21.0,1,6.0,4.45,-0.19536,3,19,0,0,1
398,1620,5.0,2020,284,63.0,10,1.0,4.65,0.45941,1,43,2,2,0
399,841,6.0,2019,115,37.0,16,6.0,4.2,-0.87537,2,21,1,0,1
400,2507,3.0,2021,456,23.0,3,6.0,4.03,-1.45148,4,8,0,0,1
401,195,2.0,2016,441,48.0,10,6.0,4.87,0.98299,2,45,1,1,0
402,2064,6.0,2009,767,46.0,24,6.0,4.02,-0.92790,4,26,1,1,1
403,1752,2.0,2015,465,63.0,21,6.0,4.55,0.10434,2,31,0,0,0
404,1488,5.0,2017,576,49.0,9,1.0,4.27,-0.44308,2,29,1,0,1
405,1762,5.0,2009,481,62.0,15,1.0,4.05,-0.21826,3,22,2,0,0
406,451,4.0,2009,297,41.0,21,6.0,4.27,0.77832,2,17,0,1,0
407,171,6.0,2012,266,22.0,2,6.0,4.23,-0.58927,4,20,1,1,1
408,1966,6.0,2016,863,38.0,3,6.0,4.52,0.83594,1,38,0,1,0
409,1771,1.0,2019,478,26.0,6,6.0,4.19,0.36053,1,18,1,0,1
410,2028,2.0,2013,163,26.0,6,6.0,4.46,-0.01456,3,36,2,1,0
411,1685,1.0,2007,210,53.0,0,1.0,3.68,-2.20057,2,14,1,1,1
412,1337,0.0,2017,4,53.0,18,3.0,3.88,-1.05586,5,24,5,0,1
413,514,2.0,2006,206,44.0,7,5.0,4.34,-0.97444,7,20,0,0,1
414,220,5.0,2009,475,50.0,17,5.0,4.74,1.33541,3,42,1,0,0
415,2918,6.0,2008,533,36.0,2,3.0,4.43,-0.43153,5,16,0,0,1
416,1229,5.0,2016,681,39.0,7,5.0,4.82,1.12957,3,30,1,0,0
417,2576,6.0,2007,884,45.0,0,6.0,4.39,-0.51824,2,18,1,0,1
418,1754,5.0,2006,578,34.0,14,2.0,3.48,-2.67559,2,13,1,1,1
419,597,0.0,2008,626,39.0,19,1.0,5.0,1.08906,2,50,0,0,0
420,1237,4.0,2018,466,64.0,24,5.0,4.71,0.64662,0,43,1,0,0
421,1068,4.0,2007,641,44.0,13,5.0,5.0,1.01277,2,49,1,0,0
422,503,6.0,2008,586,21.0,1,6.0,4.05,0.09178,3,28,0,1,1
423,1675,5.0,2015,38,22.0,2,6.0,3.67,-2.67559,3,9,2,1,1
424,865,4.0,2008,807,41.0,9,6.0,4.67,0.54790,2,24,1,1,0
425,1996,5.0,2015,181,44.0,10,6.0,4.23,0.53760,3,18,2,1,1
426,2676,5.0,2016,580,65.0,0,6.0,4.21,0.21099,3,30,1,1,1
427,2865,0.0,2011,452,58.0,17,6.0,4.62,-0.05722,3,10,3,1,1
428,652,2.0,2016,720,24.0,4,5.0,4.86,0.52943,1,41,0,0,0
429,548,2.0,2010,745,38.0,16,6.0,4.62,0.37437,2,25,3,0,0
430,1941,6.0,2018,438,30.0,1,6.0,4.04,-0.21235,5,17,2,0,1
431,2101,5.0,2014,785,44.0,6,6.0,4.68,0.97906,3,31,0,0,0
432,1922,5.0,2018,257,44.0,12,5.0,4.44,-0.24805,2,24,1,0,0
433,1224,0.0,2009,550,44.0,11,1.0,4.54,-1.19501,4,32,1,1,1
434,2764,6.0,2006,782,26.0,6,1.0,4.46,0.55560,3,27,1,1,0
435,486,2.0,2014,865,63.0,5,6.0,4.67,-0.62442,5,26,1,0,1
436,2856,5.0,2012,741,65.0,15,6.0,4.45,-0.00278,6,20,1,0,0
437,2623,3.0,2019,364,37.0,17,1.0,4.87,1.55793,1,41,2,0,0
438,254,6.0,2006,471,44.0,7,2.0,4.14,-1.67843,5,32,2,2,1
439,2511,0.0,2016,469,66.0,4,6.0,4.24,-0.84585,4,39,0,1,1
440,296,6.0,2016,199,33.0,2,6.0,4.19,-0.31014,2,36,1,1,1
441,2218,0.0,2008,257,40.0,2,6.0,4.08,-1.29358,5,6,2,0,1
442,1975,1.0,2016,542,58.0,10,4.0,3.88,-1.07390,3,26,0,0,1
443,1402,3.0,2015,147,58.0,3,2.0,4.83,0.38083,1,21,0,1,0
444,2513,4.0,2014,486,44.0,4,6.0,3.52,-1.75654,4,27,2,1,1
445,1525,5.0,2018,82,38.0,18,6.0,4.42,0.32336,2,52,0,2,1
446,2394,1.0,2008,484,22.0,2,6.0,4.85,0.86078,4,41,1,0,0
447,2925,0.0,2009,699,67.0,0,1.0,3.58,-1.46765,9,10,1,2,1
448,641,5.0,2014,299,56.0,8,6.0,5.0,2.29113,0,53,0,0,0
449,329,4.0,2011,36,39.0,0,6.0,4.49,0.03606,3,27,1,1,0
450,271,3.0,2011,319,38.0,18,6.0,5.0,2.13813,3,43,0,0,0
451,302,6.0,2011,758,28.0,8,1.0,4.13,-1.52528,4,13,0,0,1
452,366,2.0,2012,838,23.0,3,6.0,4.6,0.37799,3,39,2,1,1
453,741,1.0,2016,729,44.0,4,6.0,4.11,-0.37970,4,31,0,1,1
454,2853,2.0,2007,845,51.0,5,6.0,4.76,0.81273,2,40,0,0,0
455,1422,0.0,2020,471,44.0,2,1.0,3.94,-0.55342,2,20,2,0,1
456,2579,5.0,2011,233,32.0,12,6.0,4.63,0.73749,1,52,5,0,0
457,2072,1.0,2005,144,30.0,10,3.0,4.46,-0.61529,3,23,2,1,1
458,670,1.0,2008,891,47.0,2,6.0,3.94,-1.47796,1,17,0,0,1
459,2095,5.0,2018,714,28.0,8,3.0,5.0,2.03906,3,46,1,1,0
460,111,6.0,2021,721,34.0,14,5.0,4.68,-1.14077,3,20,0,1,1
461,2689,5.0,2005,463,61.0,2,6.0,4.22,-0.43631,4,33,3,2,1
462,2990,0.0,2006,578,39.0,10,6.0,4.91,0.94862,4,36,1,1,0
463,743,6.0,2009,423,35.0,8,1.0,4.76,1.09621,1,38,4,0,0
464,650,6.0,2013,788,45.0,21,6.0,4.23,-0.97261,3,11,1,0,1
465,2553,5.0,2016,208,34.0,8,6.0,3.87,-0.79737,3,15,2,1,1
466,192,3.0,2010,271,38.0,11,1.0,4.11,-0.97304,2,35,1,2,1
467,639,0.0,2007,167,21.0,1,5.0,4.99,0.80215,3,17,0,1,0
468,80,5.0,2018,382,40.0,6,6.0,4.22,0.04322,4,27,0,0,0
469,898,0.0,2010,246,40.0,15,6.0,4.41,-1.34887,3,26,2,1,1
470,2177,1.0,2017,435,52.0,2,4.0,4.39,0.30007,3,32,1,0,0
471,2157,4.0,2014,487,52.0,5,0.0,4.49,-0.57652,1,24,0,0,0
472,1471,5.0,2009,126,28.0,8,6.0,3.86,-0.18440,2,22,2,2,1
473,2608,0.0,2018,446,52.0,23,6.0,4.7,1.11274,1,25,2,0,0
474,1797,5.0,2006,886,63.0,22,5.0,4.71,1.90219,2,61,1,0,0
475,292,6.0,2005,306,44.0,4,2.0,4.62,0.98416,4,44,0,0,0
476,1730,6.0,2021,424,21.0,1,3.0,4.53,1.09660,4,22,0,1,0
477,2701,3.0,2008,716,54.0,20,6.0,4.41,0.03042,4,25,0,0,1
478,1981,1.0,2015,459,23.0,3,5.0,4.87,1.03439,2,80,0,0,0
479,1503,1.0,2013,125,67.0,23,6.0,4.47,0.18677,1,46,4,1,0
480,339,2.0,2016,492,36.0,13,4.0,3.75,-0.65677,6,15,4,1,1
481,1252,2.0,2009,703,39.0,19,1.0,4.25,-0.27826,4,29,3,1,0
482,1314,5.0,2009,272,34.0,3,6.0,4.76,0.79239,0,40,1,0,0
483,2907,6.0,2017,424,41.0,15,0.0,4.73,0.31306,3,19,0,1,0
484,2927,1.0,2019,438,27.0,5,6.0,4.52,0.98489,4,25,1,0,0
485,2270,5.0,2006,415,44.0,2,1.0,4.88,1.65669,2,42,0,1,0
486,930,0.0,2021,402,49.0,16,5.0,4.55,-0.40260,8,18,2,0,0
487,1465,3.0,2011,631,26.0,6,2.0,4.8,1.30423,1,26,0,0,0
488,2032,6.0,2009,63,28.0,4,6.0,4.03,-1.87926,1,8,2,0,1
489,2203,3.0,2017,104,42.0,15,6.0,4.03,-0.68127,1,11,3,0,1
490,2287,0.0,2005,73,39.0,12,6.0,4.86,0.85184,5,22,0,1,0
491,375,2.0,2022,255,36.0,6,4.0,3.8,-2.30054,6,10,2,0,1
492,1442,4.0,2015,540,21.0,1,6.0,5.0,0.20166,3,28,1,1,0
493,994,1.0,2006,835,41.0,15,6.0,4.43,1.12265,3,45,0,0,0
494,2054,4.0,2019,176,57.0,9,6.0,4.89,1.58500,1,37,0,0,0
495,359,0.0,2014,227,42.0,9,5.0,4.56,-0.93793,4,30,2,0,1
496,1306,5.0,2015,668,43.0,18,5.0,3.98,-1.06600,2,22,2,0,1
497,2498,0.0,2022,461,29.0,9,3.0,4.11,-0.31450,5,29,1,0,1
498,445,6.0,2011,388,60.0,7,6.0,4.26,0.51726,4,24,1,4,1
499,363,3.0,2009,600,34.0,14,6.0,4.22,-0.40626,3,14,0,0,1
500,1948,5.0,2015,72,27.0,5,6.0,4.21,-0.18047,2,24,0,1,1
501,180,6.0,2020,395,45.0,6,6.0,4.21,-0.95449,4,29,0,1,1
502,268,3.0,2008,499,44.0,6,1.0,4.41,-0.30419,4,17,4,0,1
503,179,5.0,2018,623,23.0,3,3.0,3.9,-0.77754,3,16,1,1,1
504,692,4.0,2020,428,21.0,1,5.0,4.19,-0.37713,3,17,1,0,1
505,878,2.0,2014,486,61.0,16,1.0,4.42,0.23319,2,56,0,1,0
506,2062,2.0,2017,518,23.0,3,6.0,4.23,0.17693,3,24,3,0,1
507,1263,1.0,2009,557,60.0,13,1.0,3.78,-0.94586,7,11,0,3,1
508,1826,1.0,2017,840,54.0,9,6.0,3.66,-1.11107,2,12,2,0,1
509,2890,1.0,2006,254,41.0,16,5.0,4.37,0.26601,2,18,1,1,1
510,1426,1.0,2020,297,36.0,7,6.0,5.0,1.21725,2,37,1,0,0
511,489,3.0,2016,651,23.0,3,6.0,4.28,0.13556,3,36,0,0,1
512,2398,0.0,2021,671,54.0,23,6.0,4.88,1.43744,0,43,0,0,0
513,2682,0.0,2021,767,43.0,14,3.0,4.6,-0.01931,5,25,1,1,0
514,52,1.0,2005,762,28.0,8,6.0,3.95,-1.35182,2,33,3,0,1
515,2176,6.0,2005,295,25.0,5,3.0,5.0,0.59806,2,46,0,1,0
516,1063,5.0,2012,512,63.0,9,1.0,4.67,0.48110,0,42,1,1,0
517,2272,5.0,2016,218,51.0,18,2.0,4.12,-1.43281,5,16,2,1,1
518,1594,4.0,2014,843,44.0,14,6.0,3.84,-0.49013,1,22,2,0,1
519,64,3.0,2022,124,55.0,21,1.0,4.63,0.76323,4,41,1,0,0
520,846,2.0,2006,679,47.0,18,2.0,4.45,0.67664,2,27,1,0,1
521,839,0.0,2012,572,58.0,11,6.0,4.57,0.75386,0,33,0,0,0
522,211,0.0,2012,741,37.0,17,1.0,4.49,0.44389,2,49,1,0,0
523,1507,4.0,2013,761,25.0,5,6.0,4.78,1.26411,0,42,3,0,0
524,2819,0.0,2005,591,41.0,21,0.0,4.71,-0.04536,2,16,0,1,0
525,706,0.0,2015,848,55.0,23,5.0,4.66,1.52166,2,48,1,1,0
526,2683,1.0,2021,301,54.0,2,6.0,5.0,1.29999,3,62,0,0,0
527,1209,1.0,2020,745,61.0,21,6.0,4.77,0.41983,1,46,0,0,0
528,1033,0.0,2020,214,37.0,5,2.0,4.22,-0.85558,0,27,3,1,1
529,1424,6.0,2009,460,39.0,5,6.0,4.49,1.03206,2,36,1,0,0
530,2194,5.0,2022,163,34.0,14,6.0,4.34,0.57131,3,14,1,1,1
531,340,6.0,2008,584,27.0,7,6.0,4.88,-0.04792,1,47,1,0,0
532,1303,4.0,2013,896,30.0,10,4.0,4.45,-0.39354,1,42,1,1,0
533,978,6.0,2013,14,51.0,4,4.0,4.74,1.47189,2,24,1,0,0
534,2392,2.0,2009,638,33.0,11,6.0,4.87,2.27565,0,60,1,0,0
535,2259,0.0,2016,660,58.0,19,6.0,4.24,-0.44137,5,24,1,0,1
536,1939,0.0,2019,621,43.0,18,5.0,4.81,1.61462,2,38,0,1,0
537,663,1.0,2005,891,44.0,15,5.0,4.41,0.91129,3,28,1,2,0
538,1674,5.0,2012,800,37.0,17,6.0,3.8,-2.04532,0,23,3,0,1
539,1085,2.0,2012,15,32.0,12,1.0,4.28,0.00647,4,25,4,0,1
540,2297,2.0,2016,223,40.0,0,6.0,4.14,-0.48826,4,15,0,0,1
541,2932,3.0,2009,495,45.0,21,5.0,5.0,0.45622,2,33,2,1,0
542,2843,1.0,2018,198,56.0,11,6.0,4.35,0.04434,4,23,3,0,1
543,2490,6.0,2019,148,53.0,20,3.0,3.63,-0.88225,4,10,3,0,1
544,2428,6.0,2021,460,66.0,19,2.0,4.31,0.34062,7,48,0,0,0
545,2807,5.0,2020,295,48.0,22,6.0,4.94,1.83715,1,40,1,0,0
546,1883,0.0,2008,359,28.0,8,2.0,4.51,-0.05014,3,30,2,0,0
547,355,1.0,2017,379,38.0,12,6.0,3.72,-2.16029,3,19,3,2,1
548,2825,6.0,2006,110,60.0,20,5.0,5.0,1.92743,2,52,0,0,0
549,848,4.0,2005,751,36.0,6,6.0,4.27,-1.51905,3,15,1,2,1
550,695,5.0,2005,417,33.0,13,6.0,4.57,0.43258,2,33,2,0,0
551,2897,6.0,2005,836,29.0,9,6.0,4.0,-0.53480,3,37,3,1,1
552,714,6.0,2011,609,30.0,0,0.0,4.05,-1.75495,10,11,2,3,1
553,2124,1.0,2018,120,46.0,11,6.0,3.96,-1.58737,3,11,2,0,1
554,2245,1.0,2005,356,53.0,14,1.0,5.0,2.35299,0,57,1,0,0
555,59,1.0,2022,268,22.0,2,5.0,5.0,0.49176,1,21,0,0,0
556,2001,5.0,2011,839,53.0,3,1.0,4.02,-0.63780,10,19,2,2,1
557,2048,6.0,2014,623,44.0,6,4.0,3.7,-1.93964,4,17,2,1,1
558,1891,4.0,2005,255,44.0,0,6.0,4.16,-0.47636,0,21,0,0,1
559,1030,5.0,2021,469,53.0,2,5.0,4.63,1.07172,5,49,0,0,0
560,215,6.0,2006,4,24.0,2,3.0,4.63,-0.33576,2,34,1,1,0
561,737,4.0,2020,497,67.0,14,6.0,4.6,0.42185,2,34,0,0,0
562,2228,6.0,2016,854,38.0,16,3.0,4.24,-0.85966,3,44,3,1,1
563,2583,6.0,2011,587,59.0,18,6.0,4.27,-0.25306,4,21,7,0,1
564,2942,1.0,2007,733,66.0,20,6.0,3.98,-1.01386,1,6,0,1,1
565,1600,3.0,2009,228,34.0,14,0.0,4.82,0.10418,2,49,0,0,0
566,1510,0.0,2008,92,64.0,23,5.0,3.92,-0.68053,1,24,4,0,1
567,761,0.0,2009,781,44.0,6,6.0,4.36,0.39397,4,31,1,2,0
568,454,2.0,2012,801,49.0,12,6.0,4.68,0.22752,0,34,1,0,0
569,2663,0.0,2021,780,45.0,20,6.0,4.92,0.71319,4,30,1,1,0
570,2288,4.0,2015,493,58.0,1,3.0,4.51,-0.24377,3,33,1,0,0
571,691,5.0,2013,424,59.0,14,1.0,3.85,-1.55887,2,16,2,0,1
572,214,4.0,2015,695,36.0,16,2.0,4.09,-1.05368,2,31,3,0,1
573,2407,4.0,2022,735,33.0,6,6.0,3.88,-1.12713,8,21,3,1,1
574,1597,0.0,2013,100,28.0,8,5.0,5.0,1.07187,3,24,0,0,0
575,2793,2.0,2013,832,53.0,5,5.0,5.0,1.63543,1,47,2,0,0
576,342,5.0,2021,656,36.0,16,3.0,5.0,2.86817,0,65,1,0,0
577,148,0.0,2014,734,40.0,18,2.0,4.66,0.85763,3,34,2,0,0
578,2889,3.0,2017,377,44.0,11,6.0,4.32,0.04637,1,31,1,1,1
579,2435,4.0,2022,752,58.0,10,6.0,4.1,-0.92723,5,14,1,1,1
580,1040,0.0,2012,152,49.0,11,4.0,4.5,0.25287,2,50,4,0,0
581,671,5.0,2012,758,45.0,11,5.0,4.4,-0.54503,2,22,0,0,1
582,218,2.0,2008,78,48.0,0,2.0,4.01,-0.82723,0,17,1,0,1
583,1298,5.0,2012,791,51.0,14,6.0,3.75,-1.75149,4,9,2,1,1
584,453,6.0,2016,386,32.0,3,5.0,4.22,0.25053,4,21,0,2,0
585,834,2.0,2018,639,33.0,1,5.0,3.87,-1.81794,1,14,2,1,1
586,2467,3.0,2011,730,59.0,15,0.0,4.51,0.36154,3,18,1,0,0
587,1203,0.0,2018,819,37.0,5,1.0,4.82,0.16410,4,29,1,0,0
588,1988,1.0,2007,852,44.0,19,6.0,4.48,-0.44724,5,24,0,2,1
589,1023,0.0,2022,15,49.0,5,5.0,4.39,-0.42904,5,29,0,1,0
590,1316,1.0,2006,272,62.0,3,1.0,3.96,-2.19801,4,13,1,0,1
591,745,1.0,2015,857,62.0,21,5.0,4.86,1.59196,2,35,1,0,0
592,2291,2.0,2018,531,28.0,1,6.0,4.54,-0.38557,3,36,0,1,0
593,825,6.0,2015,792,34.0,14,1.0,4.38,-0.36633,3,32,1,1,1
594,2077,3.0,2005,36,47.0,0,6.0,4.89,1.58807,3,74,2,0,0
595,2110,4.0,2011,371,41.0,21,5.0,3.94,-0.05846,2,19,2,1,1
596,2802,4.0,2022,547,59.0,21,6.0,4.65,-0.38542,1,33,1,0,0
597,1125,4.0,2006,513,21.0,1,3.0,5.0,0.94345,0,36,0,0,0
598,2403,1.0,2010,37,58.0,21,6.0,4.47,0.61074,2,44,2,2,0
599,906,1.0,2010,671,31.0,9,6.0,5.0,2.39269,1,52,0,0,0
600,1887,2.0,2009,683,65.0,9,4.0,4.54,0.45373,3,30,1,2,0
601,2322,5.0,2022,270,34.0,14,6.0,4.09,-0.58647,5,24,0,0,1
602,2115,6.0,2021,546,48.0,14,6.0,4.41,0.24221,3,23,1,0,1
603,1472,3.0,2013,161,25.0,5,0.0,4.84,1.54845,1,38,0,0,0
604,2036,0.0,2012,593,46.0,11,6.0,4.65,0.67225,3,50,2,0,0
605,151,5.0,2011,544,66.0,12,6.0,4.18,-0.43417,1,43,1,0,1
606,2353,2.0,2006,449,61.0,3,6.0,3.93,-0.53947,2,22,0,2,1
607,2818,0.0,2007,191,67.0,15,6.0,4.11,-0.61949,2,20,1,0,1
608,2126,0.0,2009,170,51.0,9,4.0,5.0,0.84158,1,45,1,0,0
609,2347,1.0,2010,268,55.0,14,5.0,4.17,-0.64927,3,28,4,1,1
610,485,2.0,2019,13,45.0,14,6.0,4.19,0.14528,1,28,1,1,0
611,1755,5.0,2016,443,26.0,6,1.0,4.4,0.02020,2,24,3,0,1
612,1903,5.0,2010,277,53.0,2,6.0,3.81,-1.74803,8,18,3,2,1
613,752,1.0,2005,101,29.0,7,6.0,3.71,-1.02265,5,16,1,0,1
614,2491,3.0,2018,195,58.0,6,6.0,4.72,1.22406,2,21,1,0,0
615,1313,4.0,2014,845,44.0,9,2.0,4.64,-0.31275,6,43,1,0,0
616,2705,1.0,2014,195,23.0,3,2.0,4.61,-0.62819,3,27,1,1,0
617,1083,6.0,2012,611,55.0,21,6.0,4.39,-1.11286,3,27,3,2,1
618,2767,4.0,2006,458,44.0,8,1.0,4.06,-2.18576,2,10,0,0,1
619,1257,3.0,2008,854,54.0,0,3.0,4.45,0.25823,5,35,2,3,1
620,1823,2.0,2022,781,52.0,20,6.0,4.51,-0.43647,3,44,2,1,0
621,518,5.0,2014,237,49.0,10,6.0,4.65,0.64180,5,47,2,0,0
622,2018,5.0,2015,480,31.0,6,6.0,4.44,0.72621,1,40,0,1,0
623,1660,5.0,2012,731,54.0,24,2.0,4.73,0.60564,1,26,0,0,0
624,2268,5.0,2020,309,66.0,19,6.0,4.55,-0.72622,1,24,4,0,1
625,940,2.0,2005,320,59.0,8,6.0,5.0,2.47166,1,33,1,0,0
626,1276,0.0,2018,273,39.0,16,6.0,4.78,1.36955,2,43,1,0,0
627,193,5.0,2021,220,24.0,1,0.0,5.0,1.15504,0,44,0,0,0
628,1003,0.0,2007,899,67.0,10,0.0,4.65,-0.31197,4,35,2,1,0
629,2943,6.0,2010,184,32.0,1,6.0,4.2,0.18167,3,33,1,0,1
630,2691,0.0,2009,378,21.0,1,6.0,4.19,0.63698,3,42,2,2,0
631,73,5.0,2008,225,22.0,2,6.0,3.83,-1.20108,4,12,1,1,1
632,2664,3.0,2013,774,56.0,22,3.0,3.97,-0.35248,2,22,3,0,1
633,90,1.0,2008,508,48.0,16,1.0,4.07,-1.12254,4,25,1,1,1
634,922,2.0,2017,701,55.0,9,6.0,4.4,0.12681,2,35,1,1,0
635,18,6.0,2009,489,59.0,23,4.0,4.11,-0.28965,3,26,3,0,1
636,702,3.0,2008,244,50.0,5,5.0,4.19,-1.17437,4,37,0,3,1
637,2444,1.0,2019,431,50.0,12,6.0,3.93,-0.47854,4,12,0,0,1
638,2647,1.0,2016,865,40.0,11,5.0,4.23,-1.35536,1,27,3,1,1
639,116,0.0,2012,232,23.0,3,6.0,4.88,1.62516,2,31,1,0,0
640,2929,0.0,2010,509,63.0,1,2.0,4.51,1.67621,1,43,0,0,0
641,2930,1.0,2011,324,25.0,5,6.0,4.19,-0.09555,0,31,1,0,1
642,2540,6.0,2014,897,60.0,13,6.0,4.14,0.35128,4,13,0,0,1
643,1147,5.0,2022,681,63.0,3,6.0,4.63,0.58367,1,39,1,1,0
644,263,1.0,2012,391,57.0,8,6.0,3.87,-1.35657,5,18,4,3,1
645,2034,3.0,2010,475,45.0,24,5.0,4.27,0.18879,4,29,0,2,1
646,1486,1.0,2008,65,44.0,8,6.0,4.94,0.40408,3,34,2,0,0
647,2978,6.0,2017,776,46.0,13,5.0,4.36,-0.06449,1,16,0,0,0
648,1768,3.0,2018,823,63.0,16,6.0,4.75,1.64048,3,44,0,0,0
649,299,1.0,2011,488,33.0,4,5.0,4.25,-1.34257,3,26,1,2,1
650,2437,0.0,2014,650,39.0,16,2.0,4.24,0.45210,6,28,4,2,0
651,2159,1.0,2015,670,43.0,9,6.0,4.24,-0.15178,0,18,0,0,0
652,2968,2.0,2013,899,30.0,10,6.0,4.25,-0.96546,3,24,0,0,1
653,2999,0.0,2012,28,46.0,15,6.0,4.61,0.50871,1,28,1,0,0
654,513,0.0,2015,639,65.0,16,5.0,4.76,0.76428,2,50,2,0,0
655,38,4.0,2020,537,26.0,6,6.0,4.9,0.87229,0,38,0,1,0
656,2395,6.0,2006,170,25.0,5,6.0,4.74,0.62547,0,41,1,0,0
657,2169,6.0,2008,34,65.0,7,0.0,4.53,-0.44930,0,22,1,1,1
658,1654,1.0,2020,417,46.0,17,6.0,3.81,-1.13599,6,14,4,2,1
659,399,4.0,2011,460,44.0,14,3.0,4.53,0.38612,1,35,1,0,0
660,1421,6.0,2006,390,65.0,13,6.0,3.98,-1.08770,2,17,0,1,1
661,1091,1.0,2015,725,66.0,2,6.0,4.57,0.94232,2,18,2,0,0
662,1171,4.0,2008,412,33.0,13,6.0,4.78,0.53200,0,39,0,0,0
663,1413,2.0,2007,85,30.0,2,5.0,4.15,-0.40976,2,29,4,0,1
664,1277,5.0,2015,710,66.0,18,6.0,4.62,1.72723,1,59,1,0,0
665,1168,5.0,2018,252,63.0,14,5.0,4.66,1.11659,1,20,1,0,0
666,1204,0.0,2007,79,58.0,15,6.0,4.87,1.32799,0,39,0,0,0
667,396,3.0,2022,881,39.0,2,6.0,3.94,-0.66614,4,21,1,1,1
668,95,6.0,2021,230,56.0,15,1.0,4.4,0.23910,2,26,0,0,0
669,1166,5.0,2012,522,50.0,24,6.0,4.78,-0.61050,2,45,1,2,1
670,677,2.0,2019,6,64.0,12,6.0,4.7,-0.08432,2,20,1,1,0
671,2021,2.0,2014,291,35.0,5,6.0,4.96,0.30019,0,41,1,1,0
672,2634,3.0,2018,872,63.0,15,6.0,4.54,-0.18210,3,55,2,0,1
673,896,2.0,2018,399,27.0,0,1.0,3.57,-1.79313,3,11,3,1,1
674,1448,4.0,2021,617,48.0,11,6.0,3.56,-1.54584,6,19,3,1,1
675,1069,0.0,2015,386,29.0,9,6.0,4.3,0.11616,12,36,1,1,0
676,2630,3.0,2013,238,44.0,5,5.0,4.2,0.46843,2,41,0,0,0
677,998,3.0,2012,678,37.0,17,1.0,4.52,-0.25551,5,29,3,1,1
678,2338,1.0,2018,36,43.0,18,6.0,5.0,2.43188,4,45,0,0,0
679,197,3.0,2011,682,34.0,2,6.0,4.62,0.26333,1,11,0,0,0
680,408,3.0,2016,442,49.0,10,6.0,4.21,-0.31030,3,16,2,1,1
681,662,6.0,2011,749,66.0,14,6.0,4.21,0.48981,2,29,1,1,0
682,579,3.0,2016,717,44.0,3,6.0,3.49,-2.35890,0,10,2,4,1
683,972,6.0,2016,712,44.0,1,2.0,4.67,-0.13992,1,38,1,0,0
684,944,5.0,2022,765,61.0,4,0.0,4.42,0.48367,3,41,2,0,0
685,2289,6.0,2020,131,48.0,21,6.0,4.56,1.14715,0,37,1,0,0
686,318,1.0,2016,268,36.0,8,6.0,4.58,0.31916,3,19,1,1,1
687,2336,4.0,2019,158,48.0,8,6.0,4.26,0.26966,3,34,2,0,0
688,2904,3.0,2012,253,47.0,14,6.0,3.63,-1.39798,8,15,2,1,1
689,2527,1.0,2007,279,62.0,6,6.0,4.42,-0.90258,2,24,3,0,1
690,2531,5.0,2022,223,66.0,5,6.0,4.77,0.32880,0,35,1,0,0
691,1798,6.0,2018,135,58.0,5,6.0,4.62,0.88921,1,32,0,1,0
692,1282,0.0,2009,813,37.0,17,6.0,4.27,-0.40373,5,26,3,1,1
693,1037,4.0,2019,795,46.0,17,6.0,4.96,0.97202,3,30,1,1,0
694,545,1.0,2010,395,66.0,7,6.0,3.76,-1.78178,6,17,2,0,1
695,1396,3.0,2022,536,65.0,15,5.0,3.71,-1.71253,0,16,4,0,1
696,2685,0.0,2015,174,63.0,0,6.0,4.2,-1.41217,4,22,0,1,1
697,2564,1.0,2020,245,44.0,5,6.0,4.37,0.15722,3,20,1,2,1
698,547,2.0,2011,631,27.0,7,2.0,4.49,-1.01542,1,30,3,0,1
699,2778,6.0,2016,489,42.0,17,6.0,4.54,1.23965,2,24,0,1,0
700,1097,4.0,2006,648,44.0,18,5.0,4.55,0.19940,1,16,0,0,0
701,1193,5.0,2011,12,23.0,3,6.0,4.65,1.35027,2,41,0,1,0
702,2317,5.0,2020,463,42.0,8,6.0,4.33,-0.72482,5,30,0,1,1
703,2209,5.0,2021,251,67.0,4,1.0,4.53,-0.28623,1,23,0,1,1
704,2674,5.0,2011,211,33.0,13,3.0,4.33,0.59063,4,29,4,2,1
705,636,5.0,2021,127,49.0,4,1.0,4.85,0.15535,2,57,2,0,0
706,890,2.0,2011,615,35.0,15,1.0,4.26,0.60409,2,25,0,1,0
707,591,1.0,2012,537,50.0,2,6.0,3.79,-1.77758,2,15,0,1,1
708,963,1.0,2014,422,37.0,10,1.0,4.09,-1.28121,7,9,0,1,1
709,2225,2.0,2009,248,62.0,18,5.0,4.57,0.01818,1,37,2,1,0
710,2143,0.0,2010,555,48.0,8,6.0,4.59,0.68799,4,36,0,0,0
711,109,4.0,2015,842,39.0,18,6.0,4.83,0.71541,2,26,0,1,0
712,1403,6.0,2008,620,40.0,17,5.0,5.0,2.04388,0,75,0,0,0
713,893,5.0,2022,465,41.0,8,6.0,4.76,0.99252,0,62,1,1,0
714,1451,0.0,2017,298,59.0,21,3.0,5.0,0.99563,3,52,0,0,0
715,2339,3.0,2012,645,22.0,2,6.0,4.83,0.56439,1,55,1,0,0
716,2554,5.0,2014,276,33.0,0,4.0,3.9,-0.11157,5,27,4,0,1
717,2591,5.0,2007,618,53.0,23,6.0,4.21,0.26220,3,22,1,3,1
718,1158,1.0,2019,501,22.0,2,6.0,4.7,0.31838,4,31,0,0,0
719,713,5.0,2018,82,21.0,1,6.0,3.97,-0.77400,4,19,1,1,1
720,288,3.0,2011,770,50.0,20,4.0,4.52,1.04353,5,50,4,0,0
721,1011,5.0,2013,401,37.0,17,6.0,4.27,-1.17697,0,18,0,0,1
722,1006,5.0,2010,741,36.0,6,0.0,3.92,-1.73986,10,13,1,1,1
723,1618,0.0,2018,850,26.0,6,3.0,4.23,-0.94531,4,18,0,0,1
724,1684,5.0,2019,5,57.0,19,5.0,3.97,-2.13654,2,21,4,0,1
725,1579,4.0,2016,302,44.0,3,6.0,4.3,-0.76537,1,22,0,0,1
726,1219,4.0,2012,176,44.0,14,6.0,3.97,-0.35486,5,27,1,0,1
727,1587,2.0,2013,384,37.0,17,6.0,5.0,0.57061,0,40,0,1,0
728,2815,6.0,2020,99,25.0,2,6.0,4.32,-0.42368,2,26,3,1,0
729,2855,1.0,2015,62,63.0,21,5.0,4.51,-0.47333,4,35,2,1,1
730,796,4.0,2008,719,58.0,13,4.0,3.94,-0.03809,1,18,1,0,1
731,201,2.0,2019,729,25.0,5,0.0,3.81,-1.30839,3,4,1,1,1
732,2512,1.0,2010,661,28.0,8,6.0,4.73,1.65463,1,45,0,1,0
733,1459,1.0,2011,708,50.0,19,6.0,4.39,-0.36850,6,32,4,1,1
734,2706,0.0,2005,476,44.0,5,6.0,4.83,0.10247,3,42,1,0,0
735,1325,3.0,2018,876,55.0,5,0.0,4.22,-0.99905,6,15,2,0,1
736,1076,6.0,2022,42,45.0,18,6.0,4.69,-0.16181,2,35,1,0,0
737,526,2.0,2015,60,54.0,17,6.0,4.35,-0.54860,2,18,0,0,1
738,2042,0.0,2012,768,44.0,21,6.0,4.87,2.30225,2,52,1,0,0
739,2870,4.0,2020,811,55.0,18,3.0,4.79,0.88271,1,48,1,0,0
740,2119,1.0,2009,94,44.0,11,2.0,4.1,-0.40684,5,17,1,1,1
741,507,1.0,2019,686,51.0,10,6.0,4.23,0.00733,4,21,2,1,1
742,480,2.0,2011,665,36.0,8,6.0,3.95,-0.12518,3,19,1,4,1
743,688,0.0,2005,226,49.0,18,6.0,4.78,0.88178,1,42,0,1,0
744,1189,6.0,2021,622,43.0,0,6.0,4.54,0.27293,3,36,2,1,1
745,2690,0.0,2020,864,48.0,6,6.0,4.9,0.63010,3,22,1,1,0
746,397,2.0,2020,335,25.0,5,6.0,3.91,-1.21655,3,33,0,0,1
747,2186,4.0,2009,352,62.0,1,6.0,4.23,-0.77466,5,25,1,1,1
748,1366,4.0,2009,817,57.0,10,6.0,4.43,0.10683,1,29,0,2,0
749,1862,1.0,2015,130,59.0,21,5.0,5.0,1.40665,0,46,0,1,0
750,837,1.0,2016,183,61.0,8,2.0,4.51,0.83815,3,25,0,0,0
751,2264,6.0,2016,194,47.0,22,6.0,3.83,-1.26500,4,25,4,0,1
752,1264,1.0,2020,646,61.0,21,6.0,4.52,1.01612,3,32,0,0,0
753,603,3.0,2017,684,30.0,10,0.0,4.49,0.59767,2,40,1,1,1
754,241,2.0,2009,582,33.0,13,4.0,4.09,-1.04668,6,21,1,1,1
755,1940,2.0,2008,128,44.0,11,1.0,3.88,-1.57823,4,12,2,1,1
756,449,1.0,2017,207,44.0,17,1.0,4.23,-1.14688,3,16,1,1,1
757,843,1.0,2010,157,65.0,24,5.0,4.14,-0.95282,3,8,0,1,1
758,2442,2.0,2021,457,29.0,9,6.0,4.49,-0.68613,6,27,2,1,1
759,14,4.0,2020,6,23.0,3,6.0,3.98,-0.86934,7,16,1,0,1
760,2939,1.0,2018,619,31.0,0,5.0,4.13,-1.88027,6,18,3,1,1
761,985,0.0,2015,830,44.0,5,6.0,5.0,2.64398,2,63,0,1,0
762,2004,5.0,2014,725,44.0,18,5.0,4.41,-0.43791,3,22,0,1,1
763,2562,1.0,2011,426,44.0,5,6.0,5.0,-0.48884,1,37,0,0,0
764,1788,6.0,2013,232,21.0,0,6.0,4.27,-0.27472,2,20,0,0,1
765,377,3.0,2017,633,26.0,6,6.0,3.91,-0.81926,2,30,0,0,1
766,2660,5.0,2010,228,21.0,1,1.0,4.42,-0.67034,5,25,1,1,1
767,264,3.0,2006,625,50.0,22,5.0,4.3,-1.00220,0,23,3,0,1
768,616,2.0,2008,197,63.0,10,6.0,4.24,0.07934,0,26,0,0,0
769,504,0.0,2012,559,63.0,10,6.0,4.34,-1.03023,6,16,0,0,1
770,58,3.0,2017,294,50.0,15,5.0,4.43,-0.41088,2,36,0,0,0
771,2695,2.0,2008,689,27.0,7,6.0,4.49,0.12798,1,28,2,0,1
772,1197,6.0,2012,398,57.0,3,0.0,4.39,0.28502,4,35,3,0,1
773,2471,6.0,2019,347,47.0,1,6.0,4.69,0.23848,3,21,1,0,0
774,2654,5.0,2017,185,54.0,10,2.0,4.22,0.97786,4,29,7,0,0
775,233,6.0,2017,183,35.0,3,6.0,4.81,1.46003,0,27,1,1,0
776,2670,2.0,2016,17,50.0,3,6.0,4.67,0.41967,3,24,0,0,0
777,1676,3.0,2006,529,42.0,22,1.0,5.0,2.34082,2,66,0,0,0
778,1872,0.0,2010,805,36.0,15,6.0,4.14,-1.03875,5,16,2,0,1
779,1136,0.0,2017,897,61.0,19,3.0,4.79,0.66284,3,42,0,1,0
780,1583,4.0,2016,870,22.0,2,5.0,4.82,1.59841,2,48,1,0,0
781,1902,4.0,2018,450,21.0,1,1.0,4.22,-0.76599,4,17,2,0,1
782,2572,6.0,2016,391,50.0,16,2.0,3.91,-1.03793,6,19,2,0,1
783,2758,6.0,2009,467,56.0,15,6.0,4.79,0.16045,3,41,1,0,0
784,174,3.0,2007,176,48.0,3,6.0,4.33,0.08949,4,19,1,0,1
785,142,2.0,2006,763,24.0,4,0.0,4.2,0.10236,7,20,3,1,1
786,205,3.0,2020,264,51.0,9,3.0,5.0,2.87245,0,84,0,0,0
787,1992,1.0,2020,157,67.0,10,6.0,4.86,0.33829,0,35,1,0,0
788,1235,5.0,2007,657,44.0,6,6.0,4.41,0.08871,3,32,4,2,0
789,2326,5.0,2018,588,34.0,14,3.0,4.41,0.52325,1,31,1,0,0
790,1783,2.0,2021,49,46.0,8,6.0,4.42,0.38825,1,18,0,0,1
791,1490,3.0,2022,538,64.0,8,5.0,4.55,0.35707,2,33,0,0,0
792,1611,1.0,2011,38,44.0,3,0.0,4.49,0.56520,2,24,0,2,0
793,682,3.0,2010,316,45.0,20,1.0,4.13,-0.94182,4,15,2,0,1
794,858,6.0,2010,598,45.0,1,6.0,4.12,-0.83411,1,15,1,1,1
795,2166,0.0,2011,671,38.0,18,6.0,4.26,-1.23234,2,19,2,1,1
796,1437,3.0,2017,233,56.0,17,5.0,4.63,-0.07588,4,36,2,0,0
797,1839,6.0,2013,633,41.0,14,6.0,4.43,0.12806,7,13,2,1,1
798,2204,3.0,2011,270,53.0,21,1.0,4.74,0.97342,4,40,2,0,0
799,2076,3.0,2008,211,23.0,3,6.0,4.27,0.04629,2,40,2,0,0
800,790,4.0,2005,460,65.0,3,6.0,4.3,-0.79819,1,8,0,0,1
801,2569,3.0,2010,460,39.0,14,6.0,4.08,-0.38946,3,17,1,0,1
802,1415,0.0,2018,708,27.0,7,6.0,4.82,0.54479,4,28,1,0,0
803,1385,4.0,2017,613,66.0,1,6.0,4.99,1.15411,1,50,0,1,0
804,2649,6.0,2007,710,27.0,2,6.0,4.27,-0.10904,4,24,2,0,1
805,1184,6.0,2020,761,39.0,11,2.0,4.16,-0.00671,3,28,1,1,1
806,2022,5.0,2006,116,48.0,3,6.0,4.43,-0.25357,5,37,1,0,1
807,2286,0.0,2011,88,44.0,1,1.0,3.97,-0.59837,5,16,0,0,1
808,936,1.0,2006,71,67.0,24,6.0,4.82,1.16632,1,33,1,1,0
809,512,5.0,2015,890,54.0,19,6.0,4.94,0.30633,3,28,1,0,0
810,1262,5.0,2014,35,29.0,7,4.0,4.06,-1.39090,5,20,1,0,1
811,1585,3.0,2015,763,41.0,4,6.0,3.58,-1.58465,4,14,1,1,1
812,101,5.0,2017,564,49.0,0,5.0,4.49,0.02941,2,26,2,1,1
813,13,5.0,2007,847,57.0,24,6.0,4.65,0.54537,1,57,0,0,0
814,645,4.0,2011,284,26.0,6,0.0,5.0,1.50739,1,47,0,0,0
815,1550,0.0,2015,896,51.0,15,2.0,3.95,-0.88505,4,29,2,3,1
816,779,6.0,2008,330,32.0,11,2.0,4.05,-2.36337,3,28,3,2,1
817,2246,3.0,2016,874,36.0,16,1.0,5.0,2.15147,1,45,2,0,0
818,1268,2.0,2008,788,42.0,19,6.0,4.96,1.21266,2,37,0,0,0
819,1059,1.0,2018,440,46.0,9,1.0,4.37,0.19194,2,34,2,0,1
820,2222,4.0,2009,153,55.0,9,5.0,3.88,-1.49296,3,11,1,2,1
821,1399,1.0,2014,518,45.0,3,2.0,4.51,0.06491,3,26,0,0,0
822,1354,5.0,2011,574,57.0,9,5.0,4.36,0.33409,3,40,2,1,0
823,2613,4.0,2017,69,59.0,10,6.0,4.66,0.24175,4,33,2,1,0
824,855,0.0,2014,130,54.0,17,3.0,5.0,1.23214,2,35,0,1,0
825,21,5.0,2016,59,22.0,2,6.0,3.8,-2.50829,5,24,2,1,1
826,750,6.0,2013,241,40.0,20,6.0,4.47,-0.34576,5,21,1,2,1
827,1494,2.0,2013,350,44.0,7,3.0,4.79,1.40385,2,46,1,0,0
828,118,0.0,2007,11,21.0,1,5.0,3.96,-1.10426,8,27,2,0,1
829,2040,6.0,2013,485,41.0,0,6.0,4.14,-0.61039,6,19,2,0,1
830,2255,4.0,2021,618,53.0,2,2.0,4.25,0.40571,2,44,0,0,0
831,564,4.0,2013,281,46.0,9,6.0,4.43,-0.38530,1,47,2,0,1
832,1645,5.0,2022,373,52.0,21,4.0,4.04,-0.66245,2,18,1,2,1
833,1128,0.0,2009,397,44.0,19,6.0,4.59,-0.01149,0,21,1,0,0
834,491,2.0,2014,310,53.0,4,5.0,4.12,-0.00822,8,17,2,1,1
835,47,1.0,2022,668,48.0,21,6.0,4.54,0.24276,1,41,0,1,0
836,493,6.0,2008,598,40.0,5,2.0,4.03,-0.18374,5,24,0,1,1
837,1644,1.0,2014,893,66.0,2,1.0,4.27,-0.92832,2,24,2,1,1
838,2281,5.0,2010,479,49.0,18,6.0,3.92,-1.67174,4,18,3,1,1
839,2333,2.0,2013,667,53.0,10,3.0,4.96,1.30785,1,37,0,0,0
840,948,2.0,2008,404,30.0,10,4.0,4.57,0.23521,0,35,3,0,0
841,1906,6.0,2005,472,65.0,15,6.0,4.62,-1.32363,5,20,1,1,1
842,769,6.0,2005,863,21.0,1,6.0,4.21,0.26158,3,32,3,0,1
843,2951,6.0,2017,465,53.0,15,5.0,4.86,1.10512,1,46,0,1,0
844,2587,4.0,2005,577,40.0,15,6.0,4.36,0.67229,3,41,2,0,0
845,2248,1.0,2011,340,65.0,8,6.0,3.74,-1.10543,3,25,3,1,1
846,2158,3.0,2019,186,44.0,14,5.0,4.77,1.16593,0,21,2,0,0
847,960,1.0,2013,447,64.0,1,5.0,3.76,-1.34883,6,13,1,0,1
848,1976,5.0,2013,591,64.0,0,1.0,3.88,-2.02347,5,9,1,1,1
849,1217,0.0,2012,830,58.0,13,6.0,3.22,-1.47527,0,10,6,2,1
850,1748,5.0,2008,752,61.0,0,2.0,3.28,-2.49250,7,4,0,2,1
851,565,3.0,2006,316,61.0,1,3.0,4.54,0.68803,2,31,0,0,0
852,610,1.0,2017,292,23.0,3,6.0,4.68,0.63846,3,24,0,2,0
853,2501,4.0,2007,565,23.0,3,6.0,4.76,1.08206,1,33,1,0,0
854,1431,6.0,2013,760,64.0,2,6.0,4.77,0.47644,3,30,0,0,0
855,1233,0.0,2017,742,56.0,23,5.0,4.51,-0.12829,4,34,1,0,0
856,1562,5.0,2021,37,21.0,1,6.0,4.34,-0.61462,1,31,3,0,1
857,577,1.0,2008,642,60.0,19,4.0,4.06,-0.01771,5,13,2,0,1
858,627,4.0,2020,374,62.0,1,6.0,4.43,0.10543,4,28,0,0,0
859,1584,1.0,2006,115,43.0,0,6.0,4.44,-0.14132,4,32,0,1,1
860,1377,4.0,2018,843,24.0,0,5.0,4.18,-0.10776,4,29,2,0,1
861,1588,2.0,2005,877,40.0,17,3.0,4.59,0.25030,3,39,0,1,0
862,2319,5.0,2007,307,52.0,17,4.0,3.83,-1.38713,5,18,1,3,1
863,1534,3.0,2019,553,35.0,12,6.0,4.35,0.12444,3,37,2,0,1
864,1880,0.0,2018,158,40.0,20,6.0,5.0,2.18428,0,56,0,0,0
865,2949,6.0,2021,509,33.0,13,6.0,4.62,0.67746,1,26,0,0,0
866,756,2.0,2014,731,33.0,13,6.0,4.21,0.30750,5,30,1,0,1
867,2451,2.0,2015,139,65.0,16,6.0,4.77,-0.02689,0,35,3,0,0
868,1532,0.0,2020,401,32.0,7,0.0,4.57,0.58360,2,44,4,1,0
869,2747,5.0,2007,59,62.0,4,0.0,4.45,-0.11270,2,20,2,1,1
870,640,1.0,2020,90,62.0,17,6.0,4.53,-0.22441,2,21,2,0,0
871,2445,6.0,2015,748,65.0,17,0.0,4.25,-1.28020,2,25,4,1,1
872,44,4.0,2018,94,28.0,8,5.0,4.21,-0.30971,1,19,2,0,1
873,8,5.0,2018,611,47.0,15,2.0,3.97,-0.80678,4,21,4,1,1
874,2617,6.0,2020,383,36.0,10,6.0,4.77,1.12020,2,32,0,0,0
875,739,6.0,2009,498,22.0,2,6.0,4.13,0.30656,4,38,3,1,1
876,33,3.0,2015,428,35.0,3,6.0,4.68,-0.87793,1,35,1,1,0
877,471,6.0,2018,732,49.0,5,6.0,4.37,-0.13451,7,15,3,1,1
878,472,2.0,2019,790,56.0,7,6.0,4.79,1.63053,2,59,0,0,0
879,422,3.0,2017,292,26.0,6,6.0,4.26,0.87474,1,31,0,1,0
880,1691,4.0,2009,539,53.0,9,6.0,4.07,0.10224,0,22,2,0,1
881,2235,5.0,2016,460,62.0,2,6.0,3.66,-1.22196,1,21,3,1,1
882,2711,2.0,2009,280,47.0,4,6.0,3.69,-1.49802,8,12,3,0,1
883,1478,6.0,2009,867,44.0,8,6.0,3.84,-1.21438,4,27,2,1,1
884,2197,2.0,2015,641,64.0,1,1.0,4.73,-0.09921,0,31,4,0,0
885,2698,5.0,2012,35,36.0,12,1.0,4.34,0.03365,0,26,2,0,1
886,2662,3.0,2007,630,32.0,12,6.0,4.8,0.31722,4,40,1,0,0
887,2631,2.0,2011,623,67.0,11,6.0,4.38,0.51357,1,44,0,1,1
888,1715,4.0,2006,698,30.0,10,4.0,4.3,-0.20275,2,29,1,0,1
889,2844,1.0,2006,549,33.0,12,5.0,3.91,-1.28806,4,20,3,1,1
890,465,4.0,2007,856,23.0,3,5.0,4.46,0.41765,2,32,1,0,1
891,1334,0.0,2010,447,28.0,3,6.0,4.75,1.06328,3,26,2,1,0
892,2411,1.0,2010,237,24.0,4,6.0,4.24,0.73504,5,36,1,0,1
893,1956,6.0,2020,243,51.0,16,2.0,4.27,-0.02199,2,24,1,0,1
894,668,4.0,2007,260,22.0,2,5.0,4.34,-0.42154,5,24,1,1,1
895,10,4.0,2010,48,43.0,20,6.0,4.64,0.14594,2,32,0,0,0
896,2238,0.0,2020,28,43.0,14,2.0,4.7,0.92902,2,31,0,0,0
897,1722,0.0,2022,324,35.0,1,5.0,4.22,-0.89209,5,23,1,0,1
898,1731,4.0,2009,10,35.0,11,2.0,4.69,-0.02825,3,21,0,2,1
899,2645,5.0,2007,801,31.0,11,5.0,4.54,0.36920,4,19,0,1,0
900,1284,1.0,2009,555,66.0,18,5.0,4.84,1.16779,3,22,0,0,0
901,1889,4.0,2019,397,38.0,5,0.0,4.23,-0.73018,5,20,2,0,1
902,1455,0.0,2021,624,55.0,6,6.0,4.84,1.07343,2,34,2,0,0
903,1524,2.0,2018,535,51.0,1,1.0,4.62,0.03287,3,33,0,0,0
904,1697,2.0,2012,307,53.0,2,6.0,3.47,-1.37721,5,9,1,1,1
905,1294,4.0,2009,419,62.0,13,6.0,5.0,0.74433,2,49,1,0,0
906,1423,1.0,2021,139,42.0,14,6.0,4.7,-0.91763,2,41,1,0,0
907,1443,6.0,2005,3,21.0,1,6.0,3.75,-1.80316,3,15,2,1,1
908,2692,6.0,2017,137,48.0,13,6.0,4.88,0.58084,4,27,0,1,0
909,2469,1.0,2005,253,35.0,10,6.0,4.66,-0.52648,3,27,3,0,1
910,1114,6.0,2019,466,34.0,14,3.0,4.15,-0.84640,5,28,3,1,1
911,1652,6.0,2012,324,49.0,11,6.0,4.31,-0.30450,3,36,3,0,1
912,433,6.0,2006,726,57.0,15,6.0,4.37,-1.21204,2,11,0,0,1
913,787,5.0,2014,614,39.0,7,5.0,4.22,0.13782,7,17,1,1,1
914,1152,5.0,2006,364,62.0,14,6.0,4.85,0.14155,3,25,0,0,0
915,125,2.0,2019,382,25.0,5,2.0,4.56,0.80822,0,37,1,0,0
916,66,3.0,2016,401,60.0,14,3.0,4.28,0.01608,3,30,1,0,1
917,2254,4.0,2012,116,48.0,14,6.0,4.71,0.59503,2,44,0,0,0
918,1194,0.0,2008,239,25.0,3,6.0,4.12,-0.62746,4,21,2,0,1
919,1821,2.0,2012,34,65.0,20,6.0,4.32,0.53223,3,31,2,0,0
920,1822,5.0,2007,613,62.0,14,6.0,4.22,-0.51128,4,27,2,2,1
921,2346,1.0,2010,676,32.0,12,6.0,4.65,0.14917,2,38,2,0,0
922,2544,6.0,2007,889,37.0,5,0.0,3.86,-0.75542,3,28,2,1,1
923,781,4.0,2013,811,39.0,5,0.0,4.1,-0.95161,7,23,1,3,1
924,2031,5.0,2011,825,66.0,11,0.0,3.81,-2.16927,4,8,4,1,1
925,130,3.0,2007,141,53.0,1,4.0,4.27,-0.07654,3,24,1,1,1
926,1180,5.0,2012,491,44.0,16,6.0,4.44,-0.50078,6,13,4,0,1
927,2068,2.0,2012,77,57.0,19,5.0,3.97,-1.66925,5,25,5,3,1
928,1445,5.0,2007,470,56.0,1,1.0,3.95,-0.36644,4,17,2,1,1
929,1359,3.0,2021,739,40.0,0,6.0,4.81,1.33024,0,26,2,0,0
930,2937,0.0,2009,321,45.0,12,1.0,4.42,0.19279,3,34,2,0,0
931,2677,3.0,2014,695,44.0,5,6.0,3.9,-1.05329,4,13,3,0,1
932,1865,1.0,2019,887,44.0,3,5.0,4.25,-0.55510,2,22,0,0,1
933,2906,4.0,2022,558,23.0,3,5.0,4.36,-0.53188,3,30,0,1,1
934,1924,6.0,2019,297,23.0,3,6.0,3.72,-2.23701,4,8,2,0,1
935,1574,5.0,2019,543,59.0,9,6.0,4.23,-1.00344,5,29,2,0,1
936,1079,6.0,2016,630,45.0,16,1.0,4.72,0.55805,1,44,2,1,0
937,2330,4.0,2019,360,54.0,0,6.0,4.21,-1.10143,1,26,1,0,1
938,238,0.0,2009,793,38.0,11,5.0,4.38,-0.44195,5,17,1,3,1
939,962,0.0,2019,69,40.0,16,6.0,4.33,-0.09757,4,25,1,1,1
940,1223,6.0,2007,856,51.0,11,6.0,4.17,-0.63935,7,38,1,1,1
941,1882,3.0,2011,719,23.0,3,6.0,4.3,0.29855,2,31,1,0,1
942,1527,1.0,2019,466,49.0,9,1.0,4.93,1.04143,1,46,3,0,0
943,1970,6.0,2022,757,45.0,7,6.0,4.26,0.20870,4,17,1,1,1
944,1707,6.0,2006,880,26.0,6,6.0,4.43,1.50902,1,24,0,1,0
945,763,5.0,2010,798,44.0,16,6.0,4.08,-1.01060,4,29,2,1,1
946,370,0.0,2011,611,47.0,2,1.0,4.06,-0.88618,4,26,1,1,1
947,523,1.0,2022,891,60.0,3,6.0,4.78,0.93964,1,26,1,0,0
948,2067,2.0,2021,105,56.0,0,6.0,4.43,0.16076,1,24,0,1,1
949,76,5.0,2017,421,40.0,8,0.0,4.54,-0.85410,4,14,2,0,1
950,2885,3.0,2014,15,57.0,0,6.0,4.42,-1.58609,4,23,3,1,1
951,55,0.0,2017,107,62.0,18,5.0,3.9,-0.91829,5,24,2,2,1
952,267,3.0,2016,24,26.0,6,4.0,4.37,-0.03952,3,24,1,0,0
953,1626,4.0,2014,784,44.0,11,6.0,4.65,0.79795,3,29,0,1,0
954,1779,6.0,2006,551,21.0,1,6.0,4.4,1.32772,2,30,0,1,0
955,2183,6.0,2021,285,42.0,16,1.0,4.49,-0.46454,3,30,0,0,1
956,2881,2.0,2014,778,22.0,2,6.0,4.75,0.58877,0,35,2,1,0
957,2085,1.0,2011,716,38.0,0,6.0,4.84,0.93217,0,38,0,0,0
958,921,6.0,2014,164,47.0,24,6.0,3.96,-0.63204,3,22,1,1,1
959,383,4.0,2018,659,65.0,5,4.0,4.38,-0.36213,2,39,3,1,1
960,2972,4.0,2019,31,66.0,6,6.0,4.2,-1.34902,6,14,2,1,1
961,2879,4.0,2019,524,65.0,18,3.0,4.12,-0.98101,4,25,1,1,1
962,2484,0.0,2008,644,29.0,3,6.0,4.64,0.63193,2,55,1,0,0
963,2782,5.0,2015,129,43.0,13,6.0,4.33,-0.16861,1,11,1,0,1
964,2282,3.0,2019,179,30.0,10,2.0,4.93,0.23397,1,28,2,0,0
965,1700,2.0,2007,121,44.0,11,6.0,4.52,0.58702,5,33,1,2,0
966,836,4.0,2014,458,47.0,7,0.0,4.91,0.17055,1,30,1,0,0
967,1725,6.0,2019,872,33.0,2,6.0,4.36,-1.05414,1,14,1,0,0
968,2880,4.0,2010,493,65.0,19,6.0,4.64,-0.23452,2,40,1,2,0
969,464,6.0,2015,125,37.0,17,6.0,4.43,0.12701,4,14,0,0,1
970,740,5.0,2019,259,26.0,6,5.0,4.68,1.36730,1,48,1,1,0
971,2725,1.0,2009,108,31.0,11,5.0,4.03,-1.68539,4,16,2,1,1
972,2687,5.0,2005,387,36.0,13,6.0,3.74,-1.64651,3,12,4,1,1
973,802,1.0,2019,298,56.0,9,6.0,3.82,-2.08051,8,14,1,0,1
974,276,0.0,2009,3,44.0,1,6.0,4.02,-0.45128,2,23,2,2,1
975,1123,2.0,2016,457,27.0,7,6.0,3.55,-1.54378,5,11,4,1,1
976,1299,5.0,2009,96,47.0,21,6.0,4.56,0.54398,2,25,0,0,0
977,2271,4.0,2021,857,54.0,3,5.0,4.5,-0.11842,3,30,1,0,1
978,2508,2.0,2020,192,31.0,11,6.0,4.68,0.90931,4,47,2,1,0
979,2493,2.0,2005,366,24.0,4,0.0,4.66,0.08956,3,23,0,0,0
980,1348,2.0,2021,805,33.0,6,4.0,4.7,-0.06433,2,16,1,0,0
981,1096,2.0,2018,461,30.0,9,6.0,4.83,-0.01246,3,26,1,1,0
982,1616,5.0,2018,378,44.0,3,6.0,4.6,0.85728,1,40,2,1,0
983,613,3.0,2010,896,24.0,4,6.0,4.33,0.26407,5,28,3,1,1
984,2104,4.0,2009,568,55.0,9,1.0,3.88,-1.34587,1,19,3,0,1
985,1041,3.0,2008,146,67.0,3,4.0,3.95,-2.03187,4,14,3,2,1
986,849,3.0,2012,876,41.0,21,2.0,4.41,0.51131,5,27,0,1,0
987,2414,6.0,2012,817,63.0,21,0.0,4.56,-0.33269,6,37,2,2,0
988,1154,6.0,2005,302,59.0,2,6.0,4.37,-1.30913,6,27,1,0,1
989,2014,3.0,2012,299,40.0,7,1.0,4.5,0.22219,3,24,2,0,0
990,596,6.0,2010,566,33.0,13,5.0,4.27,0.30092,0,35,1,0,0
991,2822,1.0,2005,289,61.0,12,2.0,4.35,0.55381,2,38,5,0,1
992,1429,3.0,2015,129,30.0,10,6.0,4.72,1.03280,3,33,1,0,0
993,1551,5.0,2013,453,46.0,10,5.0,4.49,-0.06915,7,25,0,1,1
994,1817,4.0,2014,542,22.0,2,6.0,3.93,-1.06371,5,15,0,0,1
995,1181,4.0,2018,844,31.0,1,6.0,4.38,-0.70821,3,23,1,0,1
996,986,5.0,2014,870,66.0,16,6.0,4.65,0.85868,4,37,1,2,0
997,1999,5.0,2007,159,58.0,5,4.0,4.64,1.13261,1,38,0,0,0
998,1681,2.0,2016,162,26.0,5,3.0,4.22,-0.70468,4,13,1,2,1
999,1521,6.0,2021,826,55.0,12,6.0,4.43,-1.44300,2,18,0,0,1
1000,368,5.0,2013,251,51.0,8,2.0,4.65,-1.23502,3,26,3,0,1
1001,1998,1.0,2020,75,60.0,24,0.0,4.11,0.03626,3,18,0,0,1
1002,2557,3.0,2019,813,63.0,4,6.0,3.97,-1.90107,4,13,0,0,1
1003,2622,3.0,2022,607,36.0,4,6.0,4.72,0.03668,2,43,0,0,0
1004,2306,4.0,2009,460,54.0,13,3.0,3.89,-1.77229,5,13,2,0,1
1005,1326,3.0,2019,478,43.0,14,5.0,4.33,0.28467,3,36,1,0,1
1006,96,6.0,2014,138,61.0,23,6.0,5.0,1.78990,0,64,0,0,0
1007,98,5.0,2013,372,58.0,15,5.0,4.73,0.52920,1,31,0,1,0
1008,1679,3.0,2009,651,34.0,14,6.0,4.51,0.38242,5,35,0,0,0
1009,2220,6.0,2005,383,50.0,3,6.0,4.53,0.11491,2,37,1,1,0
1010,1376,2.0,2018,351,46.0,0,6.0,4.74,0.66925,6,34,1,0,0
1011,382,4.0,2013,176,44.0,14,6.0,4.11,-0.97665,5,29,0,0,1
1012,2884,1.0,2012,868,40.0,5,4.0,4.61,0.80600,3,9,0,0,0
1013,417,1.0,2005,461,56.0,1,1.0,4.69,0.57870,1,40,2,1,0
1014,1724,0.0,2008,314,46.0,6,6.0,4.07,-1.36983,1,30,2,0,1
1015,29,1.0,2014,605,47.0,23,1.0,4.42,-0.23001,2,27,3,1,1
1016,2335,2.0,2018,33,29.0,9,6.0,5.0,-0.04104,2,39,0,1,0
1017,448,3.0,2015,582,67.0,22,6.0,4.71,0.75992,3,49,2,0,0
1018,653,5.0,2008,645,64.0,7,3.0,4.21,-0.86432,4,35,2,1,1
1019,2673,2.0,2020,190,48.0,21,6.0,4.54,-0.53807,2,30,0,0,0
1020,2368,3.0,2007,279,48.0,19,6.0,4.38,0.00877,5,19,1,0,1
1021,2253,6.0,2014,529,61.0,16,4.0,4.44,-0.38437,4,19,1,0,1
1022,821,2.0,2013,562,22.0,2,2.0,4.67,0.22503,2,26,0,0,0
1023,2520,5.0,2010,892,49.0,17,6.0,4.59,1.13486,3,27,0,0,0
1024,1833,6.0,2005,737,25.0,5,6.0,4.97,0.49145,4,23,0,0,0
1025,2383,6.0,2006,315,22.0,2,4.0,4.75,0.43592,1,33,1,0,0
1026,2523,6.0,2006,835,55.0,3,6.0,4.49,-0.72007,1,28,1,1,0
1027,722,5.0,2015,731,66.0,12,1.0,4.81,0.25633,2,35,3,0,0
1028,1522,0.0,2015,338,51.0,17,6.0,3.92,-0.45222,4,22,2,1,1
1029,2873,1.0,2013,785,65.0,18,6.0,4.72,0.75172,2,39,4,0,0
1030,1858,6.0,2018,584,40.0,11,6.0,3.97,-0.69278,3,16,0,0,1
1031,2618,5.0,2010,86,61.0,14,0.0,5.0,1.26617,1,17,0,0,0
1032,2426,4.0,2013,513,24.0,4,6.0,3.76,-1.49013,5,25,2,1,1
1033,780,1.0,2012,428,58.0,23,6.0,5.0,1.59736,2,62,1,1,0
1034,1024,1.0,2020,2,27.0,3,5.0,5.0,2.87132,1,54,0,0,0
1035,5,2.0,2020,651,58.0,16,6.0,4.2,-0.30598,1,26,0,0,0
1036,1513,2.0,2006,601,55.0,3,6.0,4.1,-0.54394,3,27,4,1,1
1037,2703,1.0,2008,140,57.0,11,5.0,4.5,-0.47372,2,44,2,0,1
1038,2910,3.0,2020,861,36.0,7,5.0,4.45,-0.55152,2,34,1,0,0
1039,517,5.0,2008,370,34.0,11,2.0,4.49,-0.26084,3,25,1,1,1
1040,1694,5.0,2013,198,25.0,5,5.0,4.72,0.87058,1,30,0,0,0
1041,2459,5.0,2010,686,64.0,12,6.0,4.55,0.46252,2,17,0,1,0
1042,2709,2.0,2006,895,31.0,5,6.0,4.77,1.27456,0,37,0,0,0
1043,351,5.0,2008,667,36.0,16,3.0,4.39,0.34832,3,37,1,0,1
1044,2536,2.0,2016,843,62.0,20,2.0,5.0,1.78901,1,37,0,0,0
1045,2845,5.0,2014,768,65.0,3,6.0,4.85,0.61089,2,49,3,0,0
1046,661,2.0,2022,670,59.0,0,1.0,4.17,-0.66019,9,20,2,1,1
1047,2721,3.0,2010,47,57.0,0,2.0,4.43,-0.52971,3,27,1,0,1
1048,900,3.0,2005,583,35.0,2,6.0,4.59,1.55762,1,54,1,0,0
1049,2541,1.0,2005,730,59.0,1,6.0,4.13,-0.63010,0,42,5,1,1
1050,159,3.0,2018,279,52.0,23,5.0,5.0,2.01386,0,46,0,0,0
1051,384,0.0,2021,198,22.0,2,6.0,4.46,0.52741,5,47,2,2,0
1052,2100,6.0,2022,698,44.0,2,5.0,4.98,1.32950,1,45,2,1,0
1053,141,3.0,2013,265,60.0,18,6.0,4.69,0.43476,3,18,0,0,0
1054,466,0.0,2007,867,51.0,21,6.0,4.08,-0.48853,1,15,0,0,1
1055,2651,0.0,2012,774,35.0,4,6.0,4.95,1.09785,3,47,2,0,0
1056,300,4.0,2017,460,39.0,5,5.0,4.22,-0.23335,2,31,2,2,1
1057,398,1.0,2018,115,58.0,7,6.0,4.44,0.15422,3,24,0,1,0
1058,2914,2.0,2012,93,33.0,3,5.0,4.27,0.15496,0,21,2,0,1
1059,1782,4.0,2015,502,67.0,3,6.0,4.18,-0.65813,1,11,1,0,1
1060,1650,3.0,2019,337,48.0,0,6.0,4.11,-0.81922,4,15,4,0,1
1061,1034,0.0,2011,358,37.0,13,6.0,5.0,1.51174,1,43,1,0,0
1062,2388,3.0,2012,757,66.0,8,6.0,3.95,-1.44981,2,22,1,1,1
1063,1086,5.0,2022,321,36.0,8,6.0,4.27,-0.70666,1,41,4,1,1
1064,1049,3.0,2018,483,37.0,4,4.0,4.69,1.47030,0,37,0,0,0
1065,1919,5.0,2006,213,55.0,13,4.0,4.63,-0.50634,5,39,2,3,1
1066,847,2.0,2019,375,28.0,8,6.0,3.98,-1.19995,3,25,3,0,1
1067,252,2.0,2020,582,28.0,8,6.0,4.6,-0.43659,5,37,2,0,0
1068,1569,1.0,2007,455,33.0,13,6.0,4.58,0.04629,3,25,0,1,0
1069,2060,4.0,2009,41,33.0,0,6.0,4.17,-0.25302,3,33,1,1,1
1070,807,2.0,2005,533,26.0,6,6.0,4.23,-1.26352,2,30,4,1,1
1071,2367,1.0,2014,142,60.0,23,6.0,4.11,-1.37589,4,16,3,0,1
1072,716,6.0,2009,734,25.0,5,3.0,4.22,-0.93626,2,19,0,1,1
1073,1934,0.0,2007,43,31.0,8,6.0,4.22,-0.36088,2,27,1,0,1
1074,1087,0.0,2014,579,61.0,2,6.0,4.55,-0.37056,2,31,2,1,0
1075,988,0.0,2011,151,44.0,19,6.0,4.56,0.24322,2,33,0,1,0
1076,1727,1.0,2020,393,34.0,11,6.0,4.49,0.36438,4,28,1,0,0
1077,196,4.0,2011,421,49.0,9,6.0,4.07,0.06032,3,25,1,1,1
1078,1210,0.0,2012,112,29.0,9,5.0,4.31,-0.24148,3,32,1,0,1
1079,1045,6.0,2008,582,44.0,3,0.0,4.55,-0.03136,0,42,0,0,0
1080,280,4.0,2008,521,47.0,21,6.0,4.21,0.72073,4,24,0,0,1
1081,97,6.0,2019,220,44.0,7,6.0,4.08,-0.67240,4,11,1,2,1
1082,442,3.0,2020,52,59.0,20,6.0,4.34,-0.11134,5,27,2,0,1
1083,1577,4.0,2020,467,59.0,21,0.0,5.0,1.09664,0,66,0,0,0
1084,1043,5.0,2016,551,44.0,14,5.0,4.51,0.13552,1,40,1,1,0
1085,2334,3.0,2020,430,60.0,12,5.0,4.48,0.30765,5,23,0,0,0
1086,1430,5.0,2016,857,57.0,4,5.0,3.54,-2.67559,4,5,2,1,1
1087,331,6.0,2011,558,37.0,17,6.0,4.95,1.98116,1,46,0,0,0
1088,1383,1.0,2021,236,23.0,3,6.0,4.75,-0.18572,2,16,0,0,0
1089,862,1.0,2022,147,63.0,15,5.0,5.0,1.47663,1,39,2,2,0
1090,746,5.0,2014,395,27.0,7,6.0,3.89,-1.12083,5,13,2,0,1
1091,2655,0.0,2010,33,25.0,3,5.0,4.21,0.13630,3,23,1,0,1
1092,1885,5.0,2016,398,46.0,8,5.0,4.01,-0.54133,3,16,1,0,1
1093,2868,2.0,2022,333,39.0,14,5.0,4.04,-1.58375,1,9,0,0,1
1094,2374,0.0,2019,508,23.0,2,6.0,4.13,-1.22608,10,26,0,0,1
1095,1615,6.0,2011,602,33.0,13,5.0,4.4,-0.73901,2,40,5,0,1
1096,2384,0.0,2018,707,51.0,24,6.0,4.41,0.96926,4,51,1,1,0
1097,595,6.0,2011,319,47.0,14,4.0,4.59,-0.31586,1,17,0,0,1
1098,1226,0.0,2021,438,24.0,4,2.0,4.14,-0.05029,3,18,0,0,1
1099,1497,1.0,2012,396,51.0,13,6.0,4.7,0.78407,2,29,0,0,0
1100,2965,3.0,2020,550,46.0,23,6.0,3.81,-0.91234,6,31,3,1,1
1101,550,1.0,2005,389,63.0,13,1.0,4.22,0.00472,9,36,3,1,1
1102,557,0.0,2017,159,41.0,8,6.0,4.49,-1.35703,4,25,1,1,1
1103,2515,6.0,2019,101,24.0,4,2.0,4.99,1.18712,4,27,0,2,0
1104,542,2.0,2007,64,43.0,1,2.0,4.76,0.74286,1,36,1,2,0
1105,1698,4.0,2007,371,23.0,3,6.0,4.45,-0.10862,5,12,2,1,1
1106,265,6.0,2021,246,48.0,2,6.0,4.2,-0.12285,3,20,2,0,1
1107,1516,6.0,2013,658,54.0,1,2.0,4.55,0.51598,4,28,2,0,0
1108,1812,0.0,2015,724,44.0,16,6.0,4.73,0.54106,1,48,1,4,0
1109,1367,5.0,2017,383,41.0,11,6.0,4.46,1.15807,1,22,0,0,0
1110,1065,1.0,2019,304,63.0,14,6.0,3.98,-0.28759,3,17,2,0,1
1111,301,6.0,2022,59,64.0,7,3.0,4.37,-0.10154,2,14,0,0,0
1112,2164,2.0,2019,38,55.0,11,6.0,4.59,0.34739,4,26,1,0,1
1113,554,6.0,2014,530,29.0,9,6.0,4.04,-1.17896,4,10,1,0,1
1114,468,5.0,2014,173,34.0,8,6.0,3.82,-1.96262,6,19,3,4,1
1115,345,3.0,2005,796,29.0,9,5.0,4.24,-0.31341,1,17,2,0,1
1116,2162,1.0,2014,654,44.0,1,2.0,4.01,-0.85499,2,28,4,1,1
1117,1845,2.0,2005,498,27.0,7,5.0,4.36,-0.51536,4,30,1,0,1
1118,2443,3.0,2007,565,38.0,18,5.0,4.17,0.10037,1,40,0,0,1
1119,2132,6.0,2014,802,61.0,6,5.0,4.69,0.46800,1,41,0,0,0
1120,1321,1.0,2015,244,55.0,0,6.0,3.88,-1.01223,6,16,2,0,1
1121,1778,0.0,2011,186,37.0,16,5.0,3.91,-0.05675,7,13,1,0,1
1122,2581,1.0,2011,646,44.0,7,6.0,4.27,-0.09789,4,40,1,0,1
1123,1288,1.0,2017,39,34.0,4,3.0,3.93,-1.51112,5,9,2,2,1
1124,2558,4.0,2021,453,54.0,3,6.0,4.5,-0.89838,3,19,2,1,1
1125,440,2.0,2019,31,43.0,23,6.0,4.41,-0.35377,4,12,4,0,1
1126,22,0.0,2007,103,34.0,12,2.0,4.58,0.21776,2,22,0,1,1
1127,1293,6.0,2014,79,24.0,4,6.0,5.0,1.00768,1,44,0,1,0
1128,1813,3.0,2012,173,50.0,0,4.0,3.84,-1.49740,4,19,3,1,1
1129,1253,1.0,2009,380,47.0,9,5.0,5.0,1.11888,4,62,3,1,0
1130,2734,3.0,2009,125,56.0,2,5.0,4.78,-0.11624,2,35,1,1,0
1131,1458,4.0,2006,39,48.0,10,2.0,4.69,0.55556,2,20,1,1,0
1132,1322,5.0,2007,315,44.0,14,1.0,4.72,0.08214,1,58,0,0,0
1133,1398,2.0,2008,415,23.0,0,6.0,4.53,0.11523,0,23,2,0,0
1134,488,3.0,2009,601,35.0,15,0.0,4.25,-0.24377,3,19,1,1,1
1135,230,1.0,2013,77,28.0,8,6.0,4.78,0.39840,1,37,0,1,0
1136,1309,3.0,2010,198,52.0,14,6.0,4.27,-1.40991,3,16,2,1,1
1137,1295,3.0,2006,230,41.0,13,5.0,4.26,-0.91398,5,16,0,0,1
1138,287,3.0,2012,148,55.0,16,6.0,4.29,-0.52730,2,30,3,1,1
1139,1418,4.0,2019,306,55.0,6,5.0,4.6,0.41275,4,56,2,1,0
1140,1241,3.0,2018,844,58.0,5,6.0,4.95,1.43966,0,77,1,0,0
1141,811,0.0,2022,562,39.0,0,0.0,4.95,1.23257,6,37,1,1,0
1142,2726,1.0,2013,176,66.0,17,5.0,4.46,-0.07094,2,30,4,0,0
1143,432,2.0,2010,495,37.0,12,3.0,3.76,-0.44366,3,11,1,1,1
1144,1704,2.0,2017,863,44.0,22,6.0,4.47,0.06565,4,21,2,0,1
1145,2148,4.0,2007,181,37.0,9,5.0,4.7,-0.09217,2,30,3,0,0
1146,2936,0.0,2020,682,47.0,4,2.0,4.82,0.05321,2,42,0,0,0
1147,621,5.0,2020,853,28.0,8,5.0,4.42,-1.08902,6,20,1,0,1
1148,1446,2.0,2006,71,48.0,20,6.0,4.81,1.34906,1,55,1,1,0
1149,937,2.0,2014,330,60.0,10,6.0,4.86,1.36061,0,43,1,0,0
1150,2771,1.0,2011,505,22.0,2,0.0,4.3,-1.17025,5,26,3,3,1
1151,1809,2.0,2020,722,36.0,16,6.0,4.08,-0.12895,5,17,3,0,1
1152,2719,2.0,2011,824,40.0,0,6.0,3.87,-1.58360,6,8,1,2,1
1153,131,1.0,2013,744,29.0,9,6.0,4.51,0.92436,0,30,3,0,1
1154,1491,5.0,2021,808,64.0,21,6.0,4.88,1.38223,4,51,0,0,0
1155,956,4.0,2018,514,47.0,24,2.0,4.76,1.03190,1,25,0,0,0
1156,914,4.0,2022,495,54.0,24,6.0,4.91,1.40221,4,50,0,0,0
1157,860,5.0,2012,412,58.0,2,6.0,4.59,-0.20442,6,37,2,0,0
1158,1419,6.0,2022,718,62.0,4,5.0,4.4,0.39455,2,28,1,2,1
1159,2535,0.0,2008,703,34.0,14,2.0,4.29,-0.61085,6,28,1,2,1
1160,128,2.0,2022,704,42.0,9,5.0,3.96,-1.20948,3,14,2,0,1
1161,285,4.0,2012,406,51.0,0,6.0,4.09,-0.30551,4,22,3,0,1
1162,2375,1.0,2006,646,67.0,2,6.0,4.5,0.02230,1,35,2,0,0
1163,979,0.0,2011,279,60.0,9,1.0,4.78,-0.12868,1,22,0,0,0
1164,624,4.0,2009,107,55.0,3,2.0,4.34,0.57586,2,31,0,1,1
1165,689,2.0,2019,166,67.0,18,6.0,5.0,2.47325,1,43,1,0,0
1166,1772,0.0,2009,608,51.0,5,6.0,4.85,0.88306,2,40,1,1,0
1167,1963,4.0,2008,553,44.0,23,6.0,4.8,1.11367,2,44,1,0,0
1168,996,4.0,2018,496,53.0,19,6.0,4.55,-0.99279,2,29,2,0,0
1169,1696,4.0,2010,425,39.0,9,5.0,5.0,1.34642,2,34,0,0,0
1170,1959,4.0,2020,348,43.0,9,5.0,4.4,-0.57337,3,14,2,1,1
1171,611,3.0,2017,3,64.0,8,5.0,4.6,0.52426,1,22,1,0,0
1172,459,3.0,2022,572,24.0,4,6.0,4.55,0.93334,1,32,1,0,0
1173,2224,2.0,2013,192,32.0,2,6.0,4.1,-1.22029,4,22,1,4,1
1174,463,1.0,2011,155,44.0,16,6.0,4.29,-0.75122,4,32,5,1,1
1175,793,6.0,2012,24,44.0,2,6.0,4.5,-0.10430,6,25,1,0,0
1176,505,2.0,2022,200,62.0,9,6.0,4.35,-0.82980,5,14,1,0,1
1177,309,2.0,2011,78,62.0,10,6.0,4.58,-0.23934,6,26,1,0,0
1178,1517,4.0,2008,592,44.0,6,6.0,4.84,0.92486,4,38,1,2,0
1179,364,6.0,2012,103,45.0,2,4.0,4.82,-0.11655,2,24,1,0,0
1180,580,5.0,2020,713,47.0,7,6.0,3.83,-1.58387,2,8,0,2,1
1181,106,6.0,2013,296,49.0,13,6.0,4.91,1.13354,3,32,0,0,0
1182,2285,2.0,2009,899,41.0,21,6.0,4.25,-1.31341,3,14,2,0,1
1183,1133,5.0,2005,15,45.0,11,2.0,5.0,2.48146,1,50,0,0,0
1184,508,2.0,2012,767,24.0,4,6.0,4.5,0.51668,3,27,2,0,0
1185,1012,3.0,2012,791,45.0,12,6.0,4.16,-0.43841,4,24,2,0,1
1186,1470,1.0,2008,870,25.0,5,6.0,4.49,-0.37344,2,22,1,0,1
1187,947,2.0,2022,218,42.0,0,6.0,4.18,-1.30936,1,22,1,0,1
1188,1190,4.0,2005,727,55.0,5,4.0,3.64,-1.32612,3,15,2,0,1
1189,1214,4.0,2011,214,33.0,13,6.0,5.0,1.58550,1,22,0,0,0
1190,1349,0.0,2006,227,36.0,8,6.0,4.34,-0.36633,3,31,1,0,1
1191,1662,5.0,2017,84,45.0,21,2.0,5.0,2.34117,1,65,0,0,0
1192,1388,4.0,2010,800,41.0,4,0.0,4.56,0.69009,7,15,0,2,1
1193,1369,2.0,2017,64,63.0,12,6.0,5.0,0.79791,2,61,1,0,0
1194,2729,5.0,2021,206,44.0,12,3.0,5.0,1.35497,2,64,0,0,0
1195,189,5.0,2021,53,44.0,19,6.0,4.88,0.92346,1,47,1,0,0
1196,2814,3.0,2018,726,24.0,2,6.0,3.79,-1.50311,2,10,1,0,1
1197,2121,3.0,2015,854,53.0,4,5.0,5.0,0.13820,1,25,0,0,0
1198,1767,4.0,2012,710,27.0,7,4.0,4.93,0.69698,3,50,1,1,0
1199,2882,0.0,2015,31,44.0,17,6.0,3.7,-2.42656,7,19,8,0,1
1200,2839,2.0,2014,463,31.0,11,6.0,4.3,-0.93956,5,29,3,1,1
1201,1292,6.0,2012,124,30.0,1,6.0,4.03,0.41784,6,50,2,1,1
1202,2787,2.0,2009,454,45.0,11,6.0,4.87,0.66326,1,60,1,0,0
1203,2788,3.0,2010,385,66.0,2,6.0,4.67,1.24066,6,47,1,0,0
1204,1476,1.0,2021,846,34.0,0,6.0,3.98,-0.99100,6,28,2,1,1
1205,2994,6.0,2007,270,56.0,0,6.0,4.4,-0.51688,3,20,0,1,1
1206,1800,6.0,2007,467,47.0,0,6.0,4.61,0.19139,1,52,5,1,0
1207,863,0.0,2013,95,48.0,18,6.0,4.14,-1.16729,4,34,0,0,1
1208,1174,3.0,2018,186,64.0,24,5.0,4.69,0.80604,4,43,4,1,0
1209,1417,5.0,2005,424,31.0,5,6.0,3.9,-0.07012,6,15,2,1,1
1210,2528,0.0,2020,19,34.0,6,5.0,4.67,-0.56684,2,38,1,0,0
1211,1116,0.0,2010,636,54.0,4,6.0,4.13,-0.58986,6,28,2,1,1
1212,354,1.0,2006,56,63.0,22,6.0,4.49,0.68850,6,23,1,1,1
1213,1035,4.0,2005,486,62.0,12,5.0,4.86,-0.11009,3,47,1,0,0
1214,2082,0.0,2018,628,39.0,19,5.0,4.45,1.70094,1,42,1,1,0
1215,732,4.0,2022,292,67.0,15,6.0,4.47,-0.66560,7,17,1,0,0
1216,703,2.0,2007,542,29.0,9,5.0,4.25,-1.92203,9,35,5,5,1
1217,2007,5.0,2006,60,52.0,9,2.0,4.59,0.69666,1,31,1,1,0
1218,2869,6.0,2006,288,36.0,16,6.0,4.61,0.13109,0,27,1,0,0
1219,2769,4.0,2014,351,33.0,0,2.0,4.41,-0.04038,2,32,2,2,1
1220,161,0.0,2015,157,58.0,14,5.0,4.93,0.41940,3,29,0,0,0
1221,2509,5.0,2017,27,25.0,5,6.0,4.46,-0.39576,2,16,0,0,1
1222,1228,3.0,2012,364,63.0,3,5.0,4.69,0.40917,3,41,0,0,0
1223,1770,0.0,2008,743,66.0,8,2.0,4.48,0.33425,3,23,0,1,1
1224,1810,3.0,2015,486,41.0,10,2.0,4.0,-0.79488,4,13,2,1,1
1225,1138,4.0,2015,125,49.0,20,6.0,4.44,0.55370,3,35,1,0,0
1226,1199,2.0,2018,814,27.0,7,0.0,5.0,1.23389,0,45,1,0,0
1227,2496,4.0,2016,472,24.0,4,6.0,5.0,2.51307,0,41,0,0,0
1228,163,4.0,2008,385,22.0,2,6.0,4.4,0.10710,2,24,0,2,1
1229,2402,3.0,2005,273,37.0,12,5.0,3.63,-2.31267,8,13,5,4,1
1230,2025,5.0,2009,535,52.0,7,5.0,4.1,-1.41575,3,24,2,2,1
1231,186,0.0,2005,248,44.0,18,6.0,4.37,-0.62839,5,36,2,1,1
1232,460,6.0,2017,250,56.0,2,6.0,4.58,-0.44642,3,27,2,0,0
1233,1339,2.0,2011,534,26.0,6,2.0,4.91,0.55024,1,64,3,1,0
1234,2521,4.0,2013,356,27.0,7,5.0,4.46,-1.08210,1,15,1,0,1
1235,1008,5.0,2005,341,28.0,0,6.0,4.32,-0.02137,3,39,3,1,0
1236,2991,3.0,2008,231,60.0,13,6.0,4.78,1.01382,6,19,0,0,0
1237,2073,1.0,2020,419,47.0,22,6.0,5.0,1.88835,1,56,1,0,0
1238,2596,4.0,2016,191,64.0,24,6.0,5.0,1.08424,2,28,0,1,0
1239,1802,1.0,2008,591,38.0,2,3.0,4.65,-0.18195,4,24,0,0,1
1240,369,4.0,2016,393,52.0,7,6.0,4.48,-0.66778,5,32,3,0,1
1241,1169,2.0,2009,473,53.0,15,2.0,4.52,0.06973,2,34,2,0,0
1242,1258,0.0,2013,830,50.0,24,6.0,4.63,-0.23024,2,24,3,1,1
1243,494,2.0,2022,170,54.0,0,6.0,4.97,1.09960,1,35,1,0,0
1244,232,2.0,2017,83,40.0,17,5.0,4.76,0.95359,4,46,0,0,0
1245,2097,4.0,2015,238,50.0,19,6.0,4.92,1.46470,0,32,0,0,0
1246,334,2.0,2007,795,38.0,18,6.0,4.44,0.19439,4,47,3,2,0
1247,2302,3.0,2013,682,36.0,16,6.0,5.0,0.71019,3,57,1,2,0
1248,789,2.0,2008,30,34.0,0,1.0,5.0,0.51474,0,37,2,0,0
1249,2139,6.0,2008,148,64.0,8,5.0,5.0,1.97545,2,60,1,0,0
1250,2955,2.0,2019,286,30.0,10,6.0,5.0,2.10870,0,57,0,0,0
1251,2290,1.0,2018,351,29.0,9,6.0,4.47,-0.38378,1,17,1,0,0
1252,381,1.0,2021,323,44.0,13,3.0,4.28,1.76218,2,55,2,0,0
1253,2908,3.0,2012,506,57.0,15,1.0,4.44,-0.58784,3,43,0,0,0
1254,2196,4.0,2008,581,44.0,11,5.0,5.0,2.23273,1,39,0,0,0
1255,1386,0.0,2010,659,65.0,17,4.0,4.58,0.76918,6,33,1,0,0
1256,1632,0.0,2014,476,44.0,21,6.0,5.0,2.84531,1,39,0,0,0
1257,2096,0.0,2007,117,36.0,14,6.0,4.17,-1.27165,4,13,2,1,1
1258,2179,2.0,2010,725,44.0,15,1.0,4.03,-1.11989,2,31,5,2,1
1259,1804,1.0,2010,103,27.0,6,6.0,4.53,0.78244,1,23,2,0,0
1260,1796,1.0,2005,542,28.0,2,5.0,4.38,0.02518,5,23,1,1,1
1261,2785,4.0,2021,671,58.0,3,6.0,3.94,-2.40428,4,21,2,1,1
1262,1375,0.0,2009,350,62.0,7,6.0,4.04,0.30061,1,28,2,2,1
1263,1540,1.0,2016,536,65.0,11,6.0,4.42,0.45871,6,23,0,1,1
1264,208,2.0,2014,724,56.0,8,6.0,4.7,0.34408,3,65,1,0,0
1265,1855,0.0,2017,169,25.0,5,1.0,3.74,-1.83750,2,17,1,2,1
1266,2909,6.0,2009,224,35.0,15,6.0,4.6,0.35104,4,34,1,0,0
1267,1280,2.0,2005,454,55.0,21,6.0,5.0,2.63492,1,55,1,1,0
1268,882,3.0,2017,239,67.0,1,6.0,4.15,-0.53126,8,10,2,1,1
1269,144,0.0,2021,712,58.0,19,6.0,4.48,0.70254,2,51,0,0,0
1270,250,2.0,2016,845,58.0,24,0.0,4.37,-0.50762,1,29,2,1,1
1271,1806,6.0,2015,64,67.0,20,6.0,4.17,0.09155,2,22,0,2,1
1272,2680,1.0,2013,425,32.0,2,4.0,4.95,1.26830,0,40,2,0,0
1273,2103,1.0,2010,427,46.0,8,6.0,4.04,-0.80180,2,26,2,0,1
1274,2832,6.0,2016,816,30.0,10,6.0,4.0,-0.60941,4,23,1,0,1
1275,2472,3.0,2009,343,51.0,1,1.0,4.8,0.94286,1,21,0,1,0
1276,1592,6.0,2019,166,44.0,13,6.0,4.16,0.13933,0,44,2,3,1
1277,2226,2.0,2020,250,62.0,23,0.0,4.35,-0.45486,6,21,0,1,1
1278,1759,0.0,2021,357,25.0,5,6.0,3.74,-1.22565,5,18,4,3,1
1279,2370,6.0,2010,258,53.0,19,3.0,4.64,0.19478,6,33,0,0,0
1280,2567,1.0,2008,520,59.0,23,6.0,4.54,-0.19019,3,30,3,1,0
1281,1628,0.0,2022,756,52.0,24,5.0,4.92,2.31866,4,40,3,0,0
1282,1129,5.0,2018,734,66.0,19,2.0,5.0,1.74453,0,50,1,0,0
1283,1954,2.0,2012,428,44.0,21,3.0,5.0,1.08669,1,27,2,0,0
1284,2210,2.0,2006,275,32.0,1,6.0,4.61,0.04909,4,32,0,1,0
1285,1410,3.0,2005,564,31.0,0,6.0,4.36,0.57520,7,58,1,2,0
1286,1986,5.0,2014,348,66.0,12,6.0,4.15,0.23063,2,33,4,0,1
1287,766,4.0,2022,136,65.0,11,6.0,4.18,-0.80954,1,20,1,0,1
1288,2037,4.0,2021,203,64.0,7,6.0,4.43,-0.13502,1,38,2,0,1
1289,147,3.0,2006,55,34.0,14,6.0,4.49,0.00367,1,34,0,1,0
1290,1134,1.0,2010,117,45.0,10,6.0,4.29,0.47068,1,22,0,0,0
1291,2003,0.0,2014,814,55.0,12,6.0,4.42,0.07809,3,32,0,0,0
1292,2016,4.0,2019,337,40.0,13,6.0,5.0,1.37080,2,45,0,0,0
1293,1636,4.0,2014,716,29.0,9,6.0,4.77,1.23595,4,41,3,0,0
1294,2849,0.0,2013,636,38.0,5,6.0,4.26,-0.16049,3,35,0,0,0
1295,1222,2.0,2016,71,67.0,14,5.0,4.08,-1.44903,5,25,2,2,1
1296,1304,2.0,2014,77,51.0,16,6.0,4.25,0.84410,3,19,0,0,0
1297,1777,6.0,2015,616,31.0,3,6.0,4.43,0.39280,1,39,0,0,0
1298,322,4.0,2019,483,44.0,4,6.0,4.15,-0.20637,4,7,1,1,1
1299,112,1.0,2014,58,49.0,1,6.0,4.32,-1.01165,4,19,0,1,1
1300,589,4.0,2006,275,21.0,1,6.0,4.29,-0.85083,5,30,2,0,1
1301,1433,6.0,2018,454,37.0,10,6.0,4.57,-0.20726,1,33,1,0,0
1302,2093,5.0,2021,301,61.0,16,6.0,4.56,0.54429,2,36,1,2,0
1303,137,6.0,2012,680,49.0,15,3.0,4.68,0.67380,0,33,0,0,0
1304,2693,0.0,2005,396,44.0,0,0.0,4.47,0.01378,2,22,1,0,1
1305,654,3.0,2005,189,66.0,13,6.0,4.52,-0.10034,2,25,0,0,1
1306,1869,0.0,2014,97,65.0,20,6.0,4.54,0.61661,5,49,2,1,0
1307,1630,2.0,2008,360,22.0,2,6.0,4.54,0.74289,3,34,1,1,0
1308,1048,3.0,2022,275,29.0,0,2.0,4.35,-0.01981,3,25,2,0,1
1309,2125,6.0,2018,596,61.0,23,1.0,4.46,-0.04330,6,22,0,0,0
1310,931,1.0,2012,19,30.0,7,6.0,3.66,-1.25392,4,25,1,2,1
1311,221,3.0,2016,686,30.0,10,2.0,4.41,0.56505,3,24,2,1,0
1312,928,1.0,2005,67,55.0,11,0.0,4.56,0.89959,1,29,0,0,0
1313,2069,0.0,2007,555,42.0,18,5.0,4.79,1.67590,1,37,4,0,0
1314,1871,2.0,2020,695,46.0,15,6.0,4.44,-0.58531,4,25,1,0,1
1315,2619,6.0,2019,394,45.0,16,6.0,3.5,-2.29016,4,7,1,1,1
1316,2142,1.0,2009,404,63.0,5,6.0,4.47,0.42045,2,41,0,2,0
1317,534,1.0,2021,799,66.0,2,6.0,4.67,1.08956,1,20,1,1,0
1318,1365,1.0,2019,231,60.0,20,6.0,4.83,0.50766,2,44,0,1,0
1319,607,0.0,2015,898,44.0,4,2.0,4.65,-0.40715,2,31,4,0,0
1320,75,5.0,2016,383,39.0,8,6.0,4.58,0.43678,4,33,1,0,0
1321,1479,5.0,2017,814,28.0,8,3.0,4.66,0.66326,3,24,0,2,0
1322,2117,1.0,2022,392,51.0,19,6.0,4.41,-0.97257,4,43,4,1,1
1323,1323,5.0,2005,306,21.0,1,5.0,4.68,0.71478,1,16,0,0,0
1324,1927,2.0,2012,642,66.0,1,6.0,4.28,0.27223,2,32,2,1,0
1325,114,0.0,2015,890,38.0,18,6.0,4.26,0.13404,4,28,2,0,1
1326,987,5.0,2010,706,67.0,20,1.0,3.78,-1.57609,5,11,2,0,1
1327,1893,0.0,2015,629,47.0,1,6.0,4.31,-1.00690,6,16,1,0,1
1328,1435,5.0,2007,271,28.0,4,5.0,4.6,-0.67229,4,51,2,0,1
1329,223,4.0,2012,843,44.0,21,1.0,4.23,0.39117,4,32,2,2,1
1330,519,4.0,2012,705,66.0,23,6.0,4.33,-0.13863,4,35,3,0,1
1331,1120,2.0,2005,878,42.0,14,5.0,4.06,-0.66789,4,22,1,1,1
1332,36,3.0,2006,608,67.0,6,2.0,4.03,-0.65269,3,18,2,1,1
1333,831,0.0,2007,22,60.0,21,6.0,4.24,-0.29233,1,50,4,1,1
1334,1816,1.0,2007,103,59.0,3,6.0,4.39,-0.71405,1,26,1,1,1
1335,2111,2.0,2010,75,46.0,0,2.0,4.71,0.76412,2,52,5,1,0
1336,348,0.0,2022,14,31.0,11,2.0,5.0,1.24420,1,51,1,0,0
1337,168,6.0,2015,709,59.0,18,6.0,4.85,0.70032,2,41,1,1,0
1338,2795,2.0,2016,314,35.0,15,6.0,3.98,-0.78563,2,15,1,0,1
1339,117,2.0,2021,380,56.0,7,5.0,4.69,-0.04061,3,25,0,0,0
1340,531,0.0,2020,197,67.0,24,5.0,4.33,0.16227,1,42,2,1,0
1341,2494,5.0,2016,605,47.0,5,6.0,4.12,-1.84275,6,21,1,0,1
1342,321,3.0,2015,634,57.0,5,6.0,4.12,-1.61836,3,22,1,3,1
1343,1029,6.0,2022,35,57.0,5,6.0,4.7,0.20337,2,40,0,1,0
1344,474,3.0,2013,217,44.0,21,6.0,4.43,0.04870,2,35,2,0,0
1345,2262,0.0,2008,133,35.0,15,6.0,5.0,1.48624,0,48,2,0,0
1346,2191,3.0,2011,187,24.0,4,6.0,4.07,-0.87128,7,8,0,1,1
1347,2857,0.0,2011,380,28.0,8,5.0,4.43,1.15796,1,27,0,1,0
1348,2522,3.0,2013,617,32.0,7,6.0,4.3,-0.83656,3,16,1,0,1
1349,2792,5.0,2014,422,30.0,10,5.0,4.85,1.13502,2,22,1,0,0
1350,1602,2.0,2022,225,58.0,18,4.0,4.69,0.07424,2,33,1,0,0
1351,228,2.0,2008,455,47.0,0,0.0,5.0,2.16033,1,66,1,0,0
1352,1580,2.0,2014,285,44.0,7,6.0,4.47,0.37873,4,29,1,0,0
1353,1026,5.0,2008,673,62.0,8,1.0,4.44,0.25812,2,39,1,1,0
1354,2629,3.0,2016,712,52.0,10,6.0,4.44,0.11145,4,32,4,0,1
1355,2355,5.0,2008,535,53.0,0,5.0,3.65,-2.67559,6,15,1,0,1
1356,82,2.0,2022,375,39.0,3,6.0,3.75,-0.66222,6,30,2,0,1
1357,1468,0.0,2006,777,42.0,21,6.0,4.18,-0.28269,5,43,1,0,0
1358,1687,5.0,2014,13,54.0,23,6.0,4.36,-0.37426,2,31,0,3,1
1359,669,5.0,2015,467,22.0,0,2.0,4.2,-0.67827,4,28,0,1,1
1360,63,3.0,2021,818,50.0,18,0.0,4.68,0.06312,4,30,1,2,0
1361,850,0.0,2006,712,27.0,4,6.0,4.53,0.17510,5,21,1,0,1
1362,2969,6.0,2022,435,28.0,8,5.0,4.88,0.34062,1,49,0,0,0
1363,1978,3.0,2020,780,39.0,4,6.0,4.46,-0.31240,7,33,5,0,0
1364,2364,6.0,2017,253,21.0,1,6.0,4.55,1.07277,2,27,1,0,0
1365,516,2.0,2019,440,46.0,8,5.0,4.27,0.30178,6,27,0,0,1
1366,1355,3.0,2018,558,54.0,24,1.0,5.0,1.41407,2,60,0,0,0
1367,110,4.0,2017,377,36.0,9,6.0,4.5,-0.52178,2,26,1,0,1
1368,2090,1.0,2014,781,28.0,8,6.0,4.76,0.75697,2,32,0,0,0
1369,1980,4.0,2018,803,42.0,22,2.0,4.86,1.48974,0,54,2,0,0
1370,2702,5.0,2015,791,61.0,8,6.0,4.49,0.07844,1,20,0,0,1
1371,2833,6.0,2019,340,55.0,18,6.0,4.6,-0.31901,6,32,0,1,0
1372,1126,5.0,2020,510,30.0,10,6.0,4.67,-0.35509,5,31,2,2,1
1373,1089,5.0,2006,661,57.0,23,5.0,4.23,-0.15220,5,21,0,1,1
1374,312,3.0,2006,711,53.0,4,6.0,5.0,1.26018,5,51,3,1,0
1375,2681,4.0,2005,354,57.0,23,0.0,4.82,0.26846,2,28,0,0,0
1376,20,3.0,2016,547,42.0,22,6.0,4.14,-0.76910,2,29,2,1,1
1377,358,1.0,2011,161,44.0,9,5.0,4.15,0.03252,2,22,1,0,1
1378,361,0.0,2013,112,44.0,15,6.0,4.31,-1.17052,6,18,2,0,1
1379,2757,3.0,2008,79,50.0,11,5.0,4.63,-0.05438,2,45,1,1,0
1380,2056,2.0,2022,337,41.0,3,5.0,4.38,-0.22165,2,38,0,0,0
1381,2724,5.0,2013,564,54.0,16,5.0,4.8,-0.19571,5,56,1,0,0
1382,393,2.0,2014,420,62.0,3,6.0,4.24,0.13910,4,24,0,0,1
1383,2343,2.0,2009,64,35.0,15,6.0,4.45,-0.08680,5,32,0,0,0
1384,2760,5.0,2005,136,65.0,16,6.0,3.94,-0.26597,2,34,1,1,1
1385,1848,0.0,2006,490,44.0,16,6.0,4.8,0.44564,3,45,1,0,1
1386,658,1.0,2012,843,54.0,24,6.0,4.41,-0.23572,4,23,3,1,1
1387,1247,0.0,2009,571,57.0,6,1.0,4.43,0.40295,2,23,1,0,0
1388,2756,6.0,2014,398,46.0,1,1.0,4.3,0.45319,2,22,0,0,1
1389,2646,0.0,2008,780,59.0,4,6.0,4.74,0.57143,5,51,1,1,0
1390,1850,5.0,2014,293,44.0,9,6.0,4.42,0.21056,1,29,1,0,1
1391,2165,4.0,2020,4,26.0,6,6.0,3.49,-2.14443,5,11,1,4,1
1392,1875,3.0,2007,739,42.0,19,5.0,4.66,1.45696,3,34,0,0,0
1393,2089,1.0,2019,263,38.0,6,5.0,4.08,-0.19050,6,25,2,1,1
1394,2860,4.0,2020,252,26.0,1,6.0,4.29,-1.04987,2,26,3,0,1
1395,371,1.0,2006,173,44.0,8,6.0,4.51,0.86545,4,25,2,2,0
1396,1643,1.0,2014,463,38.0,18,6.0,4.48,1.10426,2,38,2,1,0
1397,314,6.0,2005,839,67.0,14,6.0,5.0,2.26971,1,76,1,0,0
1398,2517,3.0,2020,254,30.0,9,2.0,4.28,0.02611,3,23,2,1,1
1399,1716,5.0,2021,52,51.0,9,1.0,4.94,1.26558,0,40,2,1,0
1400,594,0.0,2012,794,66.0,4,6.0,3.96,-0.60603,3,22,2,1,1
1401,971,4.0,2005,189,44.0,2,6.0,4.35,-0.57458,2,15,1,0,1
1402,203,4.0,2020,120,25.0,3,1.0,4.17,-1.12880,7,14,2,2,1
1403,1931,0.0,2011,796,53.0,3,6.0,4.72,0.15951,3,33,1,0,0
1404,2256,1.0,2013,2,53.0,6,6.0,4.5,-0.58492,3,27,0,0,0
1405,1789,4.0,2007,657,59.0,23,6.0,4.65,0.61556,3,44,0,1,0
1406,1603,4.0,2020,300,39.0,12,3.0,4.82,0.62866,4,34,2,0,0
1407,2665,4.0,2010,351,29.0,9,6.0,4.42,0.02020,5,28,1,2,0
1408,439,6.0,2006,338,24.0,4,6.0,4.47,0.43907,2,36,2,1,0
1409,327,1.0,2022,769,48.0,4,6.0,4.03,-1.26477,5,10,0,1,1
1410,2020,5.0,2006,149,32.0,12,6.0,4.11,-1.22806,5,20,2,1,1
1411,2146,3.0,2014,527,22.0,2,6.0,4.43,0.23008,6,16,1,1,0
1412,388,1.0,2020,518,52.0,10,6.0,5.0,1.81098,1,57,1,0,0
1413,1042,1.0,2011,214,39.0,10,2.0,4.53,-0.97720,0,24,2,0,0
1414,2953,2.0,2018,266,47.0,8,1.0,4.56,0.11274,4,19,1,0,0
1415,1188,3.0,2007,848,49.0,21,1.0,4.04,0.47061,2,10,1,0,1
1416,282,4.0,2008,388,47.0,5,6.0,4.77,0.76891,1,29,2,0,0
1417,2247,5.0,2021,541,34.0,13,5.0,4.66,0.47512,2,17,2,0,0
1418,352,3.0,2022,499,31.0,4,0.0,4.65,-0.16803,2,28,0,0,1
1419,1356,5.0,2020,576,63.0,21,4.0,4.31,1.03074,4,45,0,0,0
1420,43,5.0,2013,833,41.0,17,6.0,4.36,0.27184,3,31,1,2,1
1421,2417,2.0,2011,54,53.0,3,6.0,4.19,-0.56147,3,31,1,3,1
1422,102,4.0,2015,397,66.0,2,6.0,4.2,-0.96417,2,17,2,0,1
1423,2672,3.0,2009,69,30.0,10,3.0,5.0,1.65786,0,41,0,1,0
1424,2935,2.0,2007,50,53.0,7,4.0,4.63,0.00025,3,30,0,0,0
1425,447,0.0,2020,110,58.0,21,6.0,4.91,1.00970,3,27,0,0,0
1426,2237,4.0,2010,322,53.0,21,2.0,4.86,1.46547,4,32,0,0,0
1427,1274,0.0,2009,577,22.0,2,6.0,4.74,1.60051,2,39,0,3,0
1428,135,3.0,2018,438,22.0,2,0.0,4.72,0.82672,4,39,2,0,0
1429,575,2.0,2013,834,44.0,20,3.0,4.05,-1.23113,5,14,0,0,1
1430,877,0.0,2012,845,48.0,16,6.0,4.3,-0.49977,2,25,2,0,1
1431,1482,3.0,2020,639,44.0,9,6.0,4.92,1.65599,1,47,0,0,0
1432,857,6.0,2015,588,23.0,3,6.0,3.85,-0.18343,4,20,1,2,1
1433,129,1.0,2008,389,26.0,0,6.0,4.5,0.33623,3,33,0,0,0
1434,748,2.0,2015,684,48.0,7,6.0,4.6,0.22993,2,15,0,1,0
1435,573,1.0,2006,255,62.0,5,6.0,4.81,0.40773,2,20,1,0,0
1436,2486,6.0,2019,76,44.0,11,6.0,4.62,0.07560,4,20,1,1,1
1437,2684,6.0,2014,303,39.0,12,6.0,4.24,-1.43005,4,13,0,1,1
1438,876,1.0,2016,814,65.0,4,6.0,4.74,-0.72913,2,33,1,1,0
1439,104,4.0,2012,448,44.0,1,6.0,3.68,-1.65806,3,11,0,2,1
1440,2294,4.0,2019,684,53.0,1,6.0,4.77,1.55327,1,34,0,0,0
1441,411,3.0,2011,117,34.0,2,5.0,4.07,-0.70024,3,14,3,1,1
1442,1972,5.0,2007,618,67.0,4,6.0,3.93,0.04407,3,17,1,0,1
1443,1179,2.0,2012,76,60.0,2,6.0,3.72,-1.78392,3,17,4,1,1
1444,1781,5.0,2017,401,64.0,14,2.0,4.3,-0.34004,2,27,0,0,0
1445,605,6.0,2006,516,58.0,19,6.0,4.4,0.99263,4,47,0,0,0
1446,2859,5.0,2008,519,64.0,7,6.0,4.44,-0.66750,3,34,4,1,1
1447,2789,2.0,2020,493,50.0,15,6.0,4.74,0.65739,5,47,2,0,0
1448,2363,1.0,2012,434,35.0,9,6.0,4.41,-0.37029,1,51,1,2,0
1449,1434,5.0,2022,376,32.0,12,6.0,3.73,-0.83586,6,22,3,2,1
1450,385,0.0,2015,483,63.0,4,6.0,4.79,1.25734,2,33,1,1,0
1451,1916,5.0,2008,834,36.0,5,1.0,4.44,-0.28895,2,29,1,2,1
1452,57,1.0,2013,594,24.0,4,6.0,4.31,-0.43950,4,7,0,0,1
1453,712,5.0,2022,629,52.0,4,6.0,4.48,-1.28588,4,24,1,1,1
1454,325,4.0,2006,658,44.0,4,6.0,4.31,-1.71665,1,19,1,0,1
1455,79,2.0,2007,213,36.0,5,6.0,4.47,0.00484,4,26,0,0,0
1456,541,6.0,2016,819,22.0,2,2.0,4.29,-0.14917,4,29,2,0,1
1457,356,2.0,2008,71,25.0,5,6.0,4.27,-0.97226,3,14,3,1,1
1458,360,4.0,2006,224,45.0,13,6.0,3.92,-1.15357,1,22,0,3,1
1459,1019,0.0,2021,794,39.0,2,5.0,4.07,-0.72532,0,17,0,0,1
1460,2610,6.0,2008,69,61.0,22,5.0,4.7,0.88664,4,37,1,0,0
1461,2946,0.0,2006,587,31.0,1,6.0,5.0,1.97187,2,42,0,0,0
1462,916,6.0,2017,223,56.0,1,2.0,4.51,-0.44767,0,40,2,1,0
1463,308,4.0,2017,647,67.0,10,6.0,4.32,0.02214,0,33,0,0,1
1464,1414,2.0,2010,99,21.0,1,6.0,4.19,-0.46481,1,19,0,0,1
1465,814,3.0,2014,88,47.0,1,5.0,3.92,-1.30066,7,13,1,0,1
1466,2777,6.0,2012,766,38.0,6,6.0,3.98,-0.64110,7,24,3,0,1
1467,1609,3.0,2018,312,44.0,2,5.0,4.59,-0.28930,1,19,1,1,0
1468,1406,2.0,2007,599,27.0,7,5.0,3.79,-1.64048,6,7,0,0,1
1469,1539,2.0,2008,328,55.0,16,6.0,4.75,0.52430,1,38,1,0,0
1470,883,4.0,2018,800,62.0,21,1.0,3.52,-1.89734,7,15,1,1,1
1471,699,4.0,2021,587,45.0,0,1.0,4.48,-0.22954,3,33,1,0,0
1472,1765,3.0,2006,404,52.0,8,6.0,4.57,-0.50373,1,23,2,0,1
1473,4,6.0,2017,671,65.0,9,6.0,4.2,-1.37169,2,20,0,0,1
1474,216,6.0,2019,420,54.0,11,6.0,4.29,-0.30268,2,10,0,0,0
1475,977,5.0,2019,475,29.0,9,2.0,5.0,1.23374,1,54,1,1,0
1476,99,5.0,2015,842,42.0,22,6.0,4.46,0.80837,2,38,1,1,0
1477,1581,5.0,2014,203,42.0,19,6.0,3.7,-0.59861,6,12,2,1,1
1478,1937,0.0,2007,631,66.0,4,6.0,4.55,0.73582,5,27,0,0,0
1479,2671,1.0,2006,368,51.0,21,6.0,5.0,0.80184,1,53,1,1,0
1480,1371,2.0,2020,19,44.0,19,2.0,4.5,1.07207,1,29,0,0,0
1481,2561,2.0,2011,595,27.0,5,5.0,4.64,0.01378,1,19,1,0,1
1482,2580,5.0,2010,678,57.0,9,2.0,3.96,-0.66253,2,13,3,0,1
1483,1192,3.0,2013,809,54.0,14,6.0,4.13,-0.68974,5,28,0,0,1
1484,1766,2.0,2006,607,50.0,14,1.0,4.48,-0.09458,3,22,0,0,0
1485,1958,4.0,2020,4,44.0,14,6.0,4.92,0.68395,3,21,0,0,0
1486,701,2.0,2008,70,44.0,15,6.0,4.34,0.45595,4,31,0,0,0
1487,456,5.0,2015,26,52.0,15,6.0,4.37,0.18222,4,35,3,1,1
1488,2365,2.0,2014,435,63.0,10,2.0,4.4,0.72614,4,33,1,0,0
1489,2216,2.0,2012,364,29.0,9,6.0,4.44,-0.68088,1,31,4,0,1
1490,522,3.0,2010,498,57.0,0,6.0,4.27,-0.09069,3,37,1,0,1
1491,1261,3.0,2013,24,48.0,8,3.0,4.25,0.03268,1,24,2,0,0
1492,1894,4.0,2005,255,53.0,18,5.0,4.15,-1.32146,2,21,2,1,1
1493,1038,3.0,2005,200,44.0,8,6.0,4.17,0.21741,8,31,3,1,1
1494,390,2.0,2010,746,26.0,6,6.0,3.65,-2.18739,3,8,2,1,1
1495,952,1.0,2006,698,44.0,6,4.0,4.63,1.27328,1,50,1,1,0
1496,412,2.0,2019,237,50.0,16,6.0,4.25,-1.07541,2,30,0,0,1
1497,1734,2.0,2019,791,52.0,14,1.0,4.81,1.12390,3,37,3,0,0
1498,1596,2.0,2007,798,46.0,15,6.0,4.58,1.30415,2,36,1,0,0
1499,1302,5.0,2015,129,44.0,2,6.0,4.1,-0.61000,3,15,1,0,1
1500,2548,0.0,2006,504,25.0,5,6.0,4.25,-1.57458,2,25,2,0,1
1501,1297,3.0,2016,399,34.0,14,6.0,4.47,-0.24521,3,27,2,1,1
1502,1515,3.0,2014,128,61.0,7,6.0,4.51,0.42714,1,27,0,0,1
1503,1269,3.0,2010,593,52.0,18,2.0,4.82,0.00531,2,33,0,1,0
1504,2325,5.0,2011,113,64.0,7,6.0,4.82,0.44319,5,31,0,0,0
1505,1973,1.0,2005,468,32.0,9,5.0,4.51,0.91942,4,39,1,0,0
1506,1991,6.0,2014,739,38.0,11,6.0,4.26,0.84216,4,41,4,0,1
1507,1022,0.0,2020,736,65.0,12,4.0,4.03,-0.58449,2,19,1,0,1
1508,502,3.0,2020,567,54.0,19,5.0,4.67,1.18825,4,34,2,1,0
1509,2830,6.0,2006,793,64.0,13,6.0,4.19,-1.03797,2,23,2,0,1
1510,759,4.0,2016,253,39.0,13,5.0,4.68,0.51345,3,27,0,0,0
1511,2208,4.0,2013,859,44.0,10,5.0,4.88,1.35917,4,39,0,0,0
1512,429,1.0,2010,845,45.0,22,0.0,4.29,-0.64441,4,13,1,0,1
1513,1546,5.0,2005,794,58.0,16,6.0,4.61,0.34824,3,27,1,1,0
1514,1318,5.0,2008,713,23.0,3,0.0,4.36,-0.77641,6,36,1,1,0
1515,1137,3.0,2009,23,37.0,5,6.0,4.57,0.89838,3,22,0,0,0
1516,74,1.0,2014,470,38.0,18,6.0,4.56,-0.06383,2,41,1,0,0
1517,26,5.0,2010,645,26.0,5,1.0,3.96,-2.44028,3,9,2,0,1
1518,1345,6.0,2013,602,33.0,0,3.0,5.0,1.20049,2,35,0,0,0
1519,2481,6.0,2019,298,24.0,4,6.0,3.84,-0.35451,8,32,0,0,1
1520,1127,5.0,2013,356,60.0,0,5.0,5.0,0.30820,2,35,0,0,0
1521,1140,1.0,2011,747,46.0,3,6.0,4.38,-0.09699,3,17,0,1,1
1522,506,2.0,2018,504,47.0,19,3.0,4.48,1.36761,5,23,1,0,0
1523,1395,2.0,2015,660,50.0,20,2.0,4.2,-0.54300,3,20,1,1,1
1524,2329,1.0,2017,90,23.0,3,6.0,4.34,0.44595,2,28,1,0,1
1525,2452,4.0,2017,750,67.0,8,6.0,4.1,-0.72447,4,15,1,0,1
1526,2733,5.0,2020,341,39.0,6,6.0,4.05,-1.20450,1,28,2,0,1
1527,1719,0.0,2009,78,43.0,0,6.0,4.05,-1.36827,3,25,2,0,1
1528,2669,5.0,2015,685,48.0,22,5.0,4.99,2.15924,0,56,0,0,0
1529,1121,1.0,2022,602,53.0,18,5.0,3.58,-1.34988,3,15,1,0,1
1530,1666,0.0,2009,510,52.0,9,6.0,4.5,-0.02230,5,35,0,1,1
1531,587,5.0,2007,199,56.0,1,0.0,4.28,-0.04975,4,21,2,0,1
1532,1721,5.0,2019,440,44.0,0,6.0,4.24,-0.03264,0,29,0,1,0
1533,612,4.0,2021,307,27.0,5,2.0,4.7,0.96052,4,35,0,0,0
1534,1139,0.0,2015,682,52.0,8,6.0,5.0,1.37970,1,30,0,0,0
1535,426,0.0,2013,117,21.0,1,6.0,3.77,-0.78213,2,12,3,1,1
1536,649,2.0,2022,294,47.0,12,6.0,4.3,-1.18720,4,22,2,0,1
1537,2029,0.0,2018,531,32.0,12,6.0,4.34,-0.03941,2,40,2,0,1
1538,2448,3.0,2005,246,44.0,17,6.0,3.66,-0.83508,3,18,4,1,1
1539,1943,5.0,2020,517,30.0,10,4.0,4.95,1.34047,4,43,1,2,0
1540,1409,6.0,2015,863,44.0,13,6.0,4.61,0.80631,4,18,2,1,1
1541,566,4.0,2009,729,29.0,9,1.0,4.2,-0.52368,7,13,1,0,1
1542,1682,1.0,2014,637,31.0,11,6.0,4.37,-0.77517,2,13,2,1,1
1543,886,3.0,2010,30,42.0,22,5.0,4.37,-0.43277,4,11,1,0,1
1544,2898,6.0,2007,196,59.0,8,5.0,4.22,-0.61404,3,14,1,0,1
1545,2456,1.0,2008,76,40.0,6,6.0,4.59,-0.38658,2,24,2,0,1
1546,2667,0.0,2016,431,34.0,7,6.0,4.5,0.08684,5,49,4,1,1
1547,2582,3.0,2018,838,63.0,24,6.0,4.46,0.20870,3,40,2,0,0
1548,1901,3.0,2015,364,54.0,10,4.0,4.03,-0.39032,2,18,3,0,1
1549,630,6.0,2008,418,55.0,0,2.0,4.2,-0.71805,3,28,0,0,1
1550,2847,0.0,2016,704,30.0,10,5.0,4.56,0.49502,0,26,1,0,0
1551,2221,1.0,2005,465,44.0,8,2.0,4.07,-0.59203,5,27,2,0,1
1552,501,0.0,2014,366,23.0,3,6.0,4.13,0.10904,5,21,2,1,1
1553,2559,1.0,2017,28,43.0,9,1.0,4.57,0.57034,2,26,2,0,1
1554,1831,5.0,2011,64,22.0,2,6.0,5.0,1.87984,2,57,1,0,0
1555,409,2.0,2021,556,41.0,14,5.0,4.73,-0.03707,1,35,0,0,0
1556,1344,1.0,2009,583,54.0,22,6.0,5.0,1.03622,2,51,0,0,0
1557,165,6.0,2018,470,37.0,17,6.0,4.05,0.31939,2,19,0,0,1
1558,2463,2.0,2013,536,54.0,20,1.0,4.64,0.67796,2,49,1,0,0
1559,244,0.0,2014,754,45.0,17,1.0,4.15,-1.54713,7,15,4,2,1
1560,2827,6.0,2017,399,44.0,17,6.0,4.61,0.51334,3,34,0,0,0
1561,2796,2.0,2015,866,24.0,4,0.0,3.98,-2.67559,5,18,2,2,1
1562,1523,6.0,2008,408,56.0,23,5.0,5.0,2.10831,1,35,0,0,0
1563,379,5.0,2016,554,27.0,6,6.0,4.76,1.24470,0,69,1,0,0
1564,1088,4.0,2019,224,30.0,3,6.0,4.31,0.30676,2,28,1,0,0
1565,1764,0.0,2019,437,22.0,2,2.0,4.59,-0.82303,2,21,0,1,0
1566,2555,5.0,2013,883,34.0,2,2.0,4.07,0.21877,4,43,2,4,1
1567,295,2.0,2016,364,26.0,6,6.0,4.25,-0.43347,1,15,0,0,1
1568,1897,5.0,2022,64,50.0,3,2.0,3.81,-1.06258,9,17,0,0,1
1569,1870,4.0,2014,288,60.0,21,2.0,4.93,0.11678,1,45,0,0,0
1570,2155,1.0,2020,659,56.0,18,6.0,5.0,1.44794,1,59,1,1,0
1571,1877,4.0,2006,8,52.0,24,6.0,4.71,-0.39296,3,27,2,0,0
1572,2131,1.0,2006,306,41.0,5,2.0,4.33,-1.43927,2,23,2,0,1
1573,316,4.0,2018,597,54.0,16,2.0,3.98,-0.95694,6,22,0,0,1
1574,529,5.0,2012,19,60.0,8,5.0,4.44,1.19143,2,30,1,0,0
1575,2928,4.0,2008,247,59.0,5,6.0,4.35,0.44109,4,12,1,1,1
1576,1178,0.0,2007,433,32.0,12,6.0,3.84,-1.65576,8,11,1,2,1
1577,190,0.0,2022,684,54.0,8,6.0,4.49,-0.10302,2,37,0,0,0
1578,28,6.0,2009,319,54.0,11,0.0,4.39,1.13762,0,16,3,0,0
1579,2754,0.0,2005,201,31.0,3,6.0,4.58,0.55906,4,33,2,0,0
1580,275,5.0,2009,709,36.0,16,6.0,4.49,-0.63702,2,30,0,1,1
1581,2112,2.0,2006,295,44.0,7,6.0,4.46,0.59301,1,27,0,1,0
1582,1075,0.0,2020,374,28.0,8,0.0,4.05,-0.92914,5,14,2,1,1
1583,2404,3.0,2009,485,35.0,15,6.0,4.11,-0.76424,2,12,3,0,1
1584,2574,3.0,2016,125,28.0,2,6.0,4.14,-0.76992,3,22,0,1,1
1585,1832,3.0,2020,635,67.0,7,4.0,4.32,-1.14315,5,38,2,1,1
1586,1904,3.0,2018,886,44.0,12,6.0,4.47,-0.49681,4,31,1,0,1
1587,2640,3.0,2011,606,57.0,14,6.0,4.81,1.37084,0,49,0,0,0
1588,1335,6.0,2008,805,47.0,6,5.0,4.6,-0.10590,2,30,1,0,0
1589,2163,1.0,2014,721,60.0,5,6.0,5.0,1.06161,1,47,0,1,0
1590,2213,4.0,2014,251,44.0,1,6.0,4.39,0.94858,2,40,1,0,0
1591,586,5.0,2013,551,30.0,10,2.0,4.58,0.19804,3,33,2,0,0
1592,838,5.0,2009,404,23.0,3,6.0,4.6,0.62780,0,28,2,1,0
1593,711,1.0,2018,211,26.0,1,6.0,5.0,0.77346,3,32,1,0,0
1594,2362,1.0,2014,547,42.0,6,5.0,4.34,-0.61723,2,24,0,0,1
1595,2458,2.0,2012,874,62.0,24,0.0,4.68,0.19186,3,50,2,0,0
1596,1251,0.0,2021,89,31.0,11,6.0,4.04,-0.14093,6,11,1,1,1
1597,2980,6.0,2014,490,24.0,4,6.0,4.81,1.98392,1,49,2,0,0
1598,2549,3.0,2014,166,36.0,9,6.0,4.55,-0.18821,1,24,3,0,0
1599,1438,1.0,2009,415,45.0,8,5.0,5.0,2.47123,0,55,0,0,0
1600,1732,6.0,2006,655,62.0,2,2.0,4.12,-0.72711,5,32,1,0,1
1601,1554,3.0,2009,158,44.0,9,2.0,4.46,0.12460,2,27,0,0,0
1602,817,0.0,2007,86,44.0,8,6.0,4.01,-0.94827,7,30,1,2,1
1603,2886,3.0,2022,15,53.0,9,5.0,4.02,-0.89761,4,31,0,0,1
1604,2718,4.0,2008,850,42.0,13,5.0,4.63,0.06639,3,22,0,1,0
1605,958,1.0,2013,379,58.0,23,1.0,4.36,0.11456,4,26,3,1,1
1606,303,1.0,2018,280,33.0,7,1.0,4.32,-0.88975,3,36,3,1,1
1607,572,0.0,2021,75,57.0,11,0.0,4.73,0.94858,0,39,3,0,0
1608,2612,5.0,2010,729,47.0,9,4.0,4.6,0.28568,5,41,2,0,0
1609,1923,1.0,2016,387,43.0,11,6.0,4.77,0.91261,3,47,3,1,0
1610,631,4.0,2017,592,39.0,19,1.0,4.15,-0.56556,4,32,0,0,1
1611,1512,4.0,2016,867,62.0,3,6.0,4.07,-0.09575,3,16,3,0,1
1612,2427,2.0,2011,34,57.0,0,6.0,3.71,-1.34389,4,16,0,1,1
1613,2892,0.0,2016,474,51.0,19,6.0,4.8,0.80238,1,69,1,0,0
1614,2190,1.0,2009,506,54.0,23,6.0,4.76,0.50008,1,32,2,0,0
1615,1064,4.0,2020,544,53.0,4,6.0,4.2,0.42375,3,15,0,0,1
1616,1780,3.0,2008,811,21.0,1,0.0,3.92,-0.35427,3,13,1,0,1
1617,2438,2.0,2009,213,52.0,11,6.0,5.0,2.03630,1,54,0,0,0
1618,2168,1.0,2010,775,66.0,22,6.0,3.97,-1.36784,1,22,3,1,1
1619,2278,0.0,2009,1,32.0,12,2.0,3.95,-1.16865,3,14,2,2,1
1620,2602,4.0,2020,247,30.0,6,6.0,4.41,-0.20835,0,23,1,0,1
1621,1794,2.0,2014,267,44.0,9,1.0,4.33,-0.79119,2,43,4,0,1
1622,1784,2.0,2014,445,63.0,20,1.0,4.89,0.98808,2,48,3,0,0
1623,924,1.0,2021,374,36.0,16,3.0,4.06,-0.73975,6,17,1,0,1
1624,723,5.0,2009,646,44.0,8,5.0,3.63,-1.75977,3,13,1,1,1
1625,60,5.0,2018,788,44.0,5,1.0,4.27,-1.28226,1,24,4,2,1
1626,2201,3.0,2014,137,61.0,4,6.0,4.22,-1.15804,6,23,1,3,1
1627,2462,0.0,2007,58,67.0,14,6.0,4.3,-1.32818,3,26,1,0,1
1628,1864,4.0,2011,738,34.0,3,6.0,5.0,1.58612,2,52,0,1,0
1629,24,5.0,2012,161,37.0,15,1.0,4.45,0.42651,7,22,0,0,0
1630,578,3.0,2006,617,65.0,0,6.0,4.33,-0.69838,1,37,1,1,1
1631,684,1.0,2010,66,44.0,20,6.0,4.8,1.36512,1,51,0,0,0
1632,1016,2.0,2010,823,47.0,0,2.0,5.0,1.07238,3,31,1,0,0
1633,347,5.0,2007,646,49.0,10,2.0,4.86,0.85538,1,40,1,0,0
1634,2877,1.0,2010,612,44.0,22,6.0,4.55,-0.07483,3,25,1,0,0
1635,1556,2.0,2012,543,22.0,2,1.0,4.75,0.81207,4,29,1,1,0
1636,2948,2.0,2019,756,32.0,12,3.0,3.72,-0.87700,7,22,4,0,1
1637,9,4.0,2021,718,42.0,10,6.0,4.4,1.39930,1,22,0,1,0
1638,2912,2.0,2020,476,34.0,14,3.0,4.26,-0.83411,1,26,4,0,1
1639,229,4.0,2020,271,65.0,2,6.0,3.58,-1.51124,3,16,2,2,1
1640,490,1.0,2018,707,66.0,14,6.0,4.61,0.87373,3,39,0,0,0
1641,2616,5.0,2005,873,25.0,5,6.0,3.88,-1.96872,5,11,6,1,1
1642,830,6.0,2013,669,21.0,1,3.0,4.74,0.44770,3,39,1,0,0
1643,2985,2.0,2010,492,32.0,6,0.0,4.29,-0.14983,2,43,3,1,0
1644,1874,0.0,2017,128,55.0,24,2.0,4.65,1.91370,2,30,0,0,0
1645,450,4.0,2021,511,38.0,17,5.0,5.0,1.60378,3,37,2,0,0
1646,2464,0.0,2019,765,62.0,10,6.0,4.46,0.31162,3,21,1,1,0
1647,16,1.0,2011,436,62.0,2,6.0,4.76,0.97218,2,58,0,0,0
1648,1115,6.0,2016,467,42.0,16,0.0,4.73,1.07930,2,18,1,0,0
1649,2810,6.0,2007,256,25.0,3,5.0,3.66,-1.54483,6,12,1,1,1
1650,1389,3.0,2011,58,40.0,8,6.0,4.06,-0.54510,3,21,1,1,1
1651,2421,1.0,2012,700,57.0,5,5.0,4.07,-0.85243,5,17,3,1,1
1652,1589,3.0,2019,594,38.0,7,6.0,4.15,-1.53266,5,19,0,0,1
1653,824,0.0,2022,635,43.0,16,6.0,4.42,-0.08782,1,30,1,0,0
1654,2140,6.0,2006,289,40.0,20,2.0,5.0,1.67217,0,80,1,0,0
1655,2735,6.0,2018,863,65.0,4,6.0,4.21,0.05022,3,35,2,1,1
1656,1227,4.0,2012,375,50.0,8,5.0,4.8,0.80285,3,58,1,0,0
1657,1876,0.0,2011,332,26.0,6,1.0,4.68,1.32962,2,51,1,0,0
1658,2941,3.0,2006,713,35.0,10,5.0,4.19,-0.43332,3,12,1,0,1
1659,1915,3.0,2014,599,23.0,3,6.0,4.4,0.79970,6,24,3,1,1
1660,1232,4.0,2009,817,42.0,4,6.0,3.53,-1.37430,6,26,3,0,1
1661,1847,4.0,2008,752,39.0,7,6.0,4.88,1.45669,1,56,1,0,0
1662,1010,1.0,2018,502,51.0,20,1.0,4.57,-0.31442,4,24,0,0,0
1663,1705,1.0,2022,246,36.0,8,6.0,4.03,-0.02440,3,14,1,0,1
1664,2312,6.0,2021,40,62.0,1,6.0,4.65,0.25726,2,27,1,0,0
1665,2708,5.0,2015,654,24.0,4,2.0,4.88,0.90849,1,35,0,1,0
1666,2753,2.0,2016,352,28.0,5,6.0,4.08,-0.55346,5,17,2,0,1
1667,2396,6.0,2008,820,36.0,12,0.0,4.45,-0.29443,4,39,0,0,1
1668,1107,3.0,2021,681,59.0,0,1.0,4.92,0.33883,0,37,1,0,0
1669,498,3.0,2009,672,53.0,16,6.0,4.11,-0.33720,4,30,3,1,1
1670,353,2.0,2021,757,60.0,17,5.0,4.65,-0.38056,2,36,3,2,0
1671,1853,4.0,2010,143,23.0,0,6.0,4.47,0.25695,2,29,3,0,0
1672,443,3.0,2008,56,33.0,7,3.0,4.65,0.30205,4,23,1,0,0
1673,2,1.0,2015,15,37.0,17,0.0,3.98,-0.58729,6,25,2,0,1
1674,286,5.0,2007,836,44.0,14,2.0,5.0,1.36738,0,51,0,0,0
1675,1561,4.0,2007,48,37.0,3,6.0,4.2,-0.02693,2,27,1,0,1
1676,1647,3.0,2006,593,56.0,21,3.0,4.06,-0.32488,1,13,1,1,1
1677,784,5.0,2018,258,31.0,0,6.0,4.1,-0.58966,1,19,1,1,1
1678,861,3.0,2014,288,49.0,23,1.0,4.56,-1.24260,5,25,3,2,1
1679,1907,3.0,2011,485,46.0,18,6.0,5.0,1.59196,2,52,0,0,0
1680,2638,1.0,2018,460,44.0,2,6.0,3.46,-2.34327,5,5,2,0,1
1681,349,0.0,2008,115,31.0,0,6.0,4.04,-0.85834,5,17,1,5,1
1682,69,2.0,2006,749,37.0,17,6.0,5.0,2.53111,0,79,0,0,0
1683,404,5.0,2018,646,41.0,21,6.0,4.06,-0.90305,4,24,3,0,1
1684,2327,4.0,2010,461,42.0,22,6.0,4.71,1.73170,2,51,1,0,0
1685,755,0.0,2018,544,24.0,4,6.0,4.73,1.90476,1,28,0,0,0
1686,798,6.0,2009,251,30.0,0,1.0,4.37,-0.54783,5,18,0,0,1
1687,1051,1.0,2013,228,48.0,15,6.0,4.71,0.19614,4,39,0,0,0
1688,2966,1.0,2011,651,66.0,24,6.0,4.76,1.56474,7,31,0,0,0
1689,2944,0.0,2005,253,61.0,10,6.0,3.29,-2.35595,4,21,4,2,1
1690,178,6.0,2009,216,66.0,18,6.0,4.7,0.02724,2,33,2,0,0
1691,954,1.0,2005,247,42.0,6,6.0,4.12,-0.58189,2,28,3,0,1
1692,1381,5.0,2016,812,51.0,20,6.0,5.0,3.07794,1,48,0,0,0
1693,2061,2.0,2022,37,56.0,19,0.0,5.0,1.67563,2,42,1,0,0
1694,2762,6.0,2011,362,28.0,8,5.0,4.64,0.26920,4,30,6,2,0
1695,2439,4.0,2011,587,44.0,19,3.0,3.98,-0.34825,2,23,1,2,1
1696,1819,2.0,2018,510,31.0,2,5.0,4.65,-0.05426,2,47,2,0,0
1697,253,6.0,2016,287,50.0,7,6.0,4.52,0.12366,5,30,1,2,1
1698,1439,5.0,2009,86,31.0,8,6.0,4.44,-0.34926,4,31,1,0,1
1699,559,3.0,2006,880,52.0,5,6.0,4.43,-0.48422,2,38,0,0,0
1700,1578,3.0,2013,92,42.0,1,6.0,4.73,-0.64421,2,33,1,1,0
1701,1843,5.0,2021,31,53.0,8,2.0,4.24,0.44067,5,27,1,1,1
1702,194,0.0,2005,171,39.0,14,6.0,4.6,1.09201,2,44,1,0,0
1703,2876,4.0,2016,312,54.0,23,6.0,3.95,-0.99668,2,34,2,0,1
1704,1508,6.0,2010,308,31.0,10,5.0,5.0,0.81654,3,26,1,1,0
1705,2538,0.0,2021,381,23.0,3,2.0,3.94,-0.98906,3,14,2,0,1
1706,1926,6.0,2019,127,39.0,11,6.0,4.26,0.09617,1,34,1,0,1
1707,245,1.0,2022,521,25.0,5,6.0,4.21,-1.00123,5,20,0,1,1
1708,446,2.0,2008,346,58.0,17,0.0,3.94,-0.16056,5,21,1,1,1
1709,477,0.0,2011,181,42.0,16,5.0,5.0,1.95939,2,45,0,0,0
1710,539,4.0,2008,498,41.0,12,2.0,3.96,-0.38312,3,31,2,2,1
1711,1331,1.0,2010,204,24.0,4,5.0,4.26,-0.16095,3,14,0,0,1
1712,256,4.0,2018,289,36.0,0,0.0,4.2,-0.32356,5,34,0,2,1
1713,452,4.0,2020,261,56.0,17,2.0,4.39,0.73726,0,32,1,1,0
1714,2746,0.0,2011,258,35.0,15,6.0,4.19,-0.73407,2,15,2,0,1
1715,1489,0.0,2022,53,67.0,17,3.0,3.99,-0.63395,7,36,3,1,1
1716,2332,5.0,2005,24,46.0,19,4.0,4.77,-0.36325,2,59,2,1,0
1717,2606,4.0,2008,800,65.0,12,2.0,4.9,0.79608,2,27,2,0,0
1718,2400,2.0,2012,33,23.0,3,0.0,4.03,-0.72349,6,36,2,1,1
1719,2473,0.0,2012,603,52.0,11,2.0,5.0,1.77175,0,48,2,0,0
1720,2321,2.0,2006,628,21.0,0,6.0,4.43,0.03439,4,13,0,0,1
1721,2858,1.0,2010,196,55.0,5,6.0,4.54,-0.40097,1,15,0,1,1
1722,949,1.0,2014,488,26.0,6,5.0,4.06,-1.31302,4,21,2,1,1
1723,511,2.0,2006,887,33.0,13,3.0,4.46,-0.66708,5,55,1,1,0
1724,1394,0.0,2007,723,38.0,18,6.0,4.68,-0.24886,3,46,2,0,0
1725,1509,0.0,2021,499,40.0,7,5.0,3.8,-1.51462,2,20,2,1,1
1726,1820,2.0,2015,61,49.0,5,0.0,3.89,-1.60051,2,22,3,1,1
1727,2658,6.0,2007,714,37.0,17,6.0,4.65,-0.41015,4,36,0,1,0
1728,1332,0.0,2009,650,22.0,2,6.0,5.0,1.20127,3,44,0,1,0
1729,1310,2.0,2014,680,63.0,17,1.0,4.2,0.44059,3,30,1,1,1
1730,1803,4.0,2008,745,22.0,2,0.0,4.56,0.48344,2,57,1,0,0
1731,2057,2.0,2019,235,33.0,10,6.0,4.1,-1.49903,4,19,2,1,1
1732,2418,6.0,2010,625,28.0,5,6.0,3.84,-1.01931,4,11,1,0,1
1733,2432,0.0,2020,813,37.0,16,6.0,4.21,-0.50055,3,27,2,0,1
1734,1852,1.0,2022,635,57.0,24,6.0,4.17,0.22122,8,27,2,0,1
1735,2415,2.0,2015,521,44.0,6,5.0,4.67,0.09306,3,25,0,1,0
1736,2373,5.0,2020,446,67.0,24,0.0,4.43,0.43826,3,36,2,0,1
1737,622,1.0,2019,384,60.0,13,6.0,4.42,-0.64931,4,31,3,0,0
1738,1511,2.0,2014,88,44.0,16,5.0,4.32,0.10029,5,46,1,0,0
1739,1756,2.0,2009,61,44.0,6,6.0,4.38,-0.18082,5,34,3,0,0
1740,1672,5.0,2018,102,23.0,3,6.0,4.48,0.19913,2,32,0,0,0
1741,1701,1.0,2021,675,55.0,2,6.0,3.72,-2.28281,5,14,2,1,1
1742,2514,1.0,2022,182,38.0,18,6.0,4.01,-0.12693,7,26,4,2,1
1743,1201,4.0,2020,516,44.0,3,6.0,4.37,-1.06647,3,31,4,0,1
1744,2668,1.0,2008,266,36.0,7,6.0,3.8,-0.43589,3,25,0,0,1
1745,664,3.0,2005,720,38.0,18,6.0,4.36,-0.28125,2,37,0,0,1
1746,775,5.0,2011,178,49.0,23,5.0,5.0,0.42881,1,51,0,0,0
1747,574,4.0,2021,91,37.0,17,6.0,4.46,0.56349,2,50,1,1,0
1748,1873,3.0,2014,854,36.0,6,4.0,3.86,-1.51684,2,17,2,0,1
1749,2311,0.0,2020,617,64.0,4,1.0,3.88,-1.39899,1,10,2,0,1
1750,1775,4.0,2015,788,49.0,16,6.0,4.06,-0.48002,1,28,2,1,1
1751,2597,5.0,2007,552,39.0,3,3.0,4.2,-0.89247,4,44,1,1,1
1752,2349,1.0,2022,112,23.0,3,6.0,3.82,-1.32146,5,24,2,0,1
1753,1122,0.0,2012,82,67.0,10,6.0,4.6,-0.03027,2,24,1,0,0
1754,2019,0.0,2009,187,39.0,17,6.0,4.28,0.12475,1,47,1,0,0
1755,2506,3.0,2011,726,31.0,11,5.0,4.7,0.97677,2,47,5,0,0
1756,1938,4.0,2014,564,44.0,2,6.0,4.4,0.05111,3,16,1,1,1
1757,140,1.0,2019,859,41.0,17,6.0,4.82,0.79294,2,44,0,0,0
1758,1983,2.0,2007,168,33.0,2,0.0,3.67,-2.34382,6,4,2,1,1
1759,283,6.0,2006,672,55.0,21,5.0,4.12,-1.44638,2,13,0,0,1
1760,259,0.0,2011,440,55.0,24,5.0,4.75,0.48849,1,37,1,1,0
1761,617,2.0,2013,581,32.0,0,5.0,4.39,1.49300,5,33,4,0,0
1762,2083,0.0,2012,37,63.0,22,2.0,4.72,0.58231,2,35,1,0,0
1763,2092,2.0,2019,643,51.0,1,6.0,4.57,0.99881,2,36,3,1,0
1764,726,3.0,2022,247,36.0,13,6.0,4.35,0.09617,1,41,2,3,0
1765,1637,0.0,2009,149,38.0,12,6.0,4.28,0.29708,3,23,1,0,1
1766,2087,2.0,2010,492,64.0,19,6.0,4.13,-1.20411,5,17,1,0,1
1767,678,4.0,2020,341,44.0,10,6.0,4.38,-0.98147,3,24,0,0,1
1768,1946,4.0,2019,85,57.0,2,5.0,4.58,0.62465,2,30,0,1,0
1769,1153,3.0,2005,878,44.0,0,2.0,4.08,0.45373,6,22,0,0,1
1770,1921,2.0,2010,593,24.0,4,6.0,4.79,0.85064,0,50,1,0,0
1771,56,0.0,2016,64,35.0,15,6.0,4.19,-0.80728,2,32,4,0,1
1772,1947,6.0,2022,161,28.0,7,6.0,3.89,-1.17211,1,41,1,0,1
1773,2212,2.0,2008,209,54.0,10,6.0,4.43,-0.11460,2,43,0,3,0
1774,1412,2.0,2019,159,33.0,13,6.0,4.44,-0.25726,7,27,1,2,1
1775,2198,0.0,2015,563,31.0,4,5.0,4.44,-0.56077,7,27,1,0,0
1776,1289,0.0,2018,726,50.0,18,6.0,4.72,0.51839,3,30,2,0,0
1777,167,0.0,2005,24,43.0,16,2.0,4.62,0.29673,3,48,1,0,0
1778,2846,3.0,2021,576,60.0,13,6.0,4.95,1.77672,2,42,1,0,0
1779,873,6.0,2021,766,51.0,4,6.0,4.71,-0.03560,4,27,3,0,0
1780,1362,4.0,2013,853,25.0,5,0.0,4.66,0.49448,2,33,2,1,0
1781,888,4.0,2007,200,61.0,10,6.0,3.95,-2.29611,3,13,1,1,1
1782,889,1.0,2022,163,41.0,20,6.0,4.51,0.53546,3,47,1,2,0
1783,2422,1.0,2018,656,51.0,16,2.0,4.83,0.83571,3,36,1,0,0
1784,2391,0.0,2022,87,26.0,6,4.0,4.79,0.83427,1,46,0,0,0
1785,2423,6.0,2022,539,42.0,8,6.0,4.83,1.27464,3,31,0,0,0
1786,499,0.0,2006,523,53.0,21,6.0,4.82,-0.17137,2,21,1,0,0
1787,715,6.0,2005,56,40.0,7,1.0,4.84,0.75421,3,34,1,1,0
1788,2700,6.0,2013,773,21.0,1,5.0,4.54,-0.95025,2,34,1,0,0
1789,1057,3.0,2017,764,67.0,2,1.0,4.09,-0.36932,3,24,0,0,1
1790,2713,1.0,2011,17,22.0,2,6.0,4.87,0.00643,2,44,2,2,0
1791,365,6.0,2020,530,53.0,7,2.0,4.52,0.47006,0,26,1,0,0
1792,2983,5.0,2005,236,53.0,4,2.0,4.02,-0.48896,3,20,0,0,1
1793,2284,6.0,2022,640,58.0,13,6.0,4.29,-0.34191,4,34,1,0,1
1794,1728,5.0,2020,76,26.0,6,1.0,4.56,-0.42581,2,26,0,1,0
1795,1982,3.0,2008,158,45.0,24,2.0,4.95,1.00173,3,36,1,1,0
1796,2984,5.0,2007,74,50.0,14,6.0,4.58,1.65452,0,33,1,0,0
1797,801,4.0,2005,38,55.0,14,5.0,4.13,-1.09065,3,17,0,0,1
1798,618,4.0,2017,129,45.0,22,5.0,4.21,-0.15683,3,15,1,1,1
1799,2848,0.0,2018,275,49.0,24,6.0,4.42,-0.01340,2,16,1,0,0
1800,601,0.0,2007,436,67.0,17,6.0,4.82,0.29626,0,50,3,0,0
1801,124,3.0,2016,283,49.0,3,6.0,4.08,-0.62333,4,34,1,1,1
1802,1598,4.0,2016,363,57.0,20,6.0,4.52,0.08758,5,37,2,0,1
1803,335,1.0,2005,52,48.0,18,2.0,4.35,0.37418,4,29,1,0,1
1804,2249,3.0,2014,295,66.0,23,5.0,5.0,2.18195,2,37,0,0,0
1805,2041,0.0,2011,521,57.0,19,6.0,4.51,-0.11997,3,23,4,0,0
1806,2381,3.0,2011,431,65.0,21,6.0,4.62,0.92910,3,58,1,0,0
1807,981,2.0,2022,32,27.0,7,5.0,3.7,-0.74115,3,22,1,3,1
1808,1689,5.0,2006,830,63.0,15,4.0,4.87,1.26535,1,44,0,0,0
1809,2643,2.0,2019,335,40.0,11,6.0,5.0,1.42492,2,75,0,0,0
1810,2086,0.0,2012,877,44.0,13,6.0,4.67,0.58741,0,31,0,0,0
1811,919,4.0,2014,359,58.0,5,1.0,4.42,0.03214,5,19,0,1,1
1812,1080,3.0,2021,870,51.0,12,5.0,5.0,0.50362,1,35,2,0,0
1813,3000,6.0,2021,333,39.0,3,6.0,5.0,2.10255,1,39,1,0,0
1814,582,0.0,2007,428,44.0,2,6.0,4.38,0.13642,2,29,1,1,0
1815,2922,2.0,2012,452,48.0,12,5.0,4.43,0.42068,1,21,3,1,0
1816,1617,6.0,2011,301,25.0,5,4.0,4.49,-0.66599,3,46,0,0,1
1817,1275,4.0,2012,406,43.0,18,4.0,4.23,-1.57178,6,13,1,0,1
1818,1285,3.0,2010,826,39.0,13,6.0,4.42,-0.74029,1,21,2,0,1
1819,1195,1.0,2021,742,55.0,14,1.0,4.22,-0.94026,2,34,0,1,1
1820,829,0.0,2014,798,57.0,1,6.0,3.99,-0.50751,2,23,2,0,1
1821,992,0.0,2022,717,44.0,3,6.0,4.18,-0.77921,5,20,0,0,1
1822,1198,3.0,2011,536,27.0,6,2.0,3.97,-1.70989,1,31,2,1,1
1823,1196,4.0,2007,13,28.0,8,6.0,4.23,0.10523,2,34,0,1,1
1824,1825,0.0,2009,85,44.0,2,6.0,4.83,0.97482,2,48,0,0,0
1825,1351,6.0,2013,264,47.0,14,3.0,4.71,-0.55545,2,30,2,0,1
1826,1528,3.0,2009,73,43.0,11,6.0,4.5,0.30477,3,38,0,1,0
1827,1559,1.0,2009,689,44.0,16,5.0,4.08,-0.15092,9,26,1,1,1
1828,2371,6.0,2005,644,61.0,5,5.0,4.05,-0.86697,5,22,4,1,1
1829,2207,6.0,2021,37,53.0,24,6.0,4.89,0.60031,3,39,1,1,0
1830,410,6.0,2017,680,50.0,14,0.0,4.06,-0.76238,3,25,2,1,1
1831,676,6.0,2010,297,36.0,16,1.0,4.37,-0.01802,5,21,0,1,1
1832,298,6.0,2013,155,66.0,14,4.0,4.05,0.11935,1,22,0,1,1
1833,926,4.0,2010,653,56.0,6,6.0,4.44,-1.19427,0,15,2,1,1
1834,23,6.0,2017,442,44.0,18,3.0,4.89,0.88730,3,51,2,1,0
1835,2015,1.0,2017,346,44.0,23,1.0,4.26,0.29443,6,47,0,1,0
1836,1930,3.0,2007,383,44.0,2,0.0,4.67,0.97976,1,43,1,1,0
1837,729,1.0,2010,456,43.0,18,6.0,4.02,-0.28114,5,22,0,0,1
1838,1622,0.0,2014,146,55.0,23,6.0,4.46,0.46380,2,44,2,0,0
1839,1347,1.0,2009,100,21.0,1,6.0,4.75,0.21764,0,31,1,0,0
1840,1308,1.0,2018,663,27.0,4,5.0,4.8,1.33538,0,44,1,0,0
1841,2012,4.0,2018,735,22.0,2,2.0,4.7,-0.25878,2,59,0,1,0
1842,672,0.0,2009,402,67.0,15,6.0,5.0,2.35322,0,75,4,0,0
1843,1673,4.0,2012,758,46.0,6,3.0,4.28,0.15045,4,30,4,0,1
1844,1200,3.0,2017,819,64.0,18,0.0,4.57,0.18980,3,30,3,0,0
1845,182,2.0,2016,514,39.0,9,6.0,4.7,1.25061,0,70,0,1,0
1846,1750,0.0,2015,286,62.0,20,6.0,4.49,-0.07607,1,27,0,0,0
1847,2902,5.0,2019,640,40.0,0,6.0,3.91,-1.02456,3,15,1,0,1
1848,294,1.0,2020,897,50.0,15,6.0,4.46,1.39214,5,50,1,0,0
1849,202,5.0,2021,863,44.0,4,2.0,4.4,0.27382,3,29,3,0,1
1850,2099,6.0,2018,458,24.0,4,2.0,3.62,-2.67559,6,20,4,2,1
1851,127,5.0,2017,893,57.0,12,6.0,4.99,0.72831,1,40,0,0,0
1852,532,2.0,2016,531,48.0,23,2.0,3.64,-1.57882,2,6,1,1,1
1853,1432,5.0,2005,593,46.0,4,6.0,4.03,-1.07604,3,26,2,0,1
1854,200,1.0,2006,320,51.0,2,6.0,4.25,0.21620,2,27,1,1,1
1855,1498,0.0,2017,746,27.0,7,5.0,4.49,0.76510,2,29,1,0,0
1856,2066,4.0,2005,264,60.0,24,0.0,4.2,-0.46050,2,28,2,0,1
1857,1912,1.0,2019,313,22.0,2,6.0,4.89,0.73170,0,40,0,0,0
1858,693,1.0,2021,596,49.0,10,6.0,4.81,1.17713,7,44,2,0,0
1859,935,4.0,2010,847,22.0,2,1.0,4.15,-1.50486,4,18,1,1,1
1860,687,3.0,2012,895,52.0,23,6.0,4.66,-0.57255,1,21,1,0,0
1861,818,2.0,2015,143,57.0,11,6.0,4.96,0.39261,3,36,0,3,0
1862,217,3.0,2021,13,52.0,18,6.0,4.44,-1.23304,3,24,1,0,1
1863,2791,4.0,2013,709,49.0,5,5.0,4.12,-0.41878,1,20,2,0,1
1864,1278,2.0,2010,458,64.0,18,4.0,4.1,0.36030,3,34,2,1,1
1865,153,2.0,2006,506,33.0,1,6.0,4.1,-1.83392,2,14,3,2,1
1866,2390,5.0,2013,735,65.0,4,5.0,5.0,1.03054,1,31,0,1,0
1867,1842,6.0,2022,395,67.0,18,6.0,4.13,-0.54114,4,39,1,1,1
1868,2243,6.0,2009,252,45.0,13,2.0,4.85,0.52337,1,42,2,0,0
1869,966,1.0,2012,891,30.0,10,2.0,5.0,2.30299,0,63,0,0,0
1870,479,5.0,2015,290,46.0,3,6.0,4.58,-0.70973,4,28,2,0,0
1871,1283,1.0,2007,264,28.0,1,3.0,4.11,-0.36625,3,22,1,1,1
1872,1605,3.0,2018,310,60.0,22,6.0,4.45,0.85406,5,27,1,1,0
1873,1667,0.0,2008,385,44.0,15,6.0,4.72,-0.41364,1,33,0,1,0
1874,2812,5.0,2019,121,36.0,16,6.0,5.0,1.31434,5,48,1,0,0
1875,1151,5.0,2017,176,56.0,22,6.0,4.6,0.63620,1,28,0,0,0
1876,813,6.0,2013,509,54.0,14,2.0,4.89,1.98598,2,33,0,0,0
1877,2781,3.0,2013,491,25.0,2,1.0,4.14,0.07965,4,15,4,0,1
1878,1555,0.0,2010,132,55.0,6,6.0,4.21,-0.12483,8,47,3,1,1
1879,251,0.0,2022,509,56.0,20,6.0,4.71,0.10352,2,23,1,0,1
1880,844,0.0,2016,306,51.0,5,6.0,5.0,0.11208,3,41,0,0,0
1881,2372,3.0,2014,456,22.0,2,6.0,4.39,0.12506,0,32,1,1,0
1882,1265,5.0,2016,702,22.0,2,6.0,4.12,-1.46653,3,17,2,0,1
1883,1009,1.0,2013,201,47.0,2,6.0,4.26,-0.59888,4,24,2,2,1
1884,328,0.0,2020,373,30.0,0,6.0,4.76,1.44825,0,35,1,0,0
1885,968,3.0,2014,806,46.0,14,1.0,4.66,0.29400,4,27,2,0,0
1886,950,5.0,2009,56,28.0,8,5.0,3.89,-0.93229,6,14,0,0,1
1887,2305,2.0,2008,212,33.0,13,5.0,4.67,0.60136,2,50,0,1,0
1888,973,1.0,2010,887,33.0,0,2.0,4.47,-0.36804,1,25,1,0,1
1889,188,4.0,2011,221,37.0,17,5.0,4.9,1.05247,3,48,1,0,0
1890,247,4.0,2016,801,53.0,15,5.0,4.03,-0.99644,7,24,3,1,1
1891,2074,1.0,2021,328,61.0,8,6.0,4.71,-0.14851,2,30,0,0,0
1892,2487,0.0,2015,832,31.0,6,1.0,4.12,-0.00542,2,24,1,0,1
1893,2895,3.0,2021,605,21.0,1,6.0,4.68,1.64962,2,29,2,0,0
1894,2348,4.0,2022,738,60.0,15,1.0,4.76,1.10290,1,35,1,0,0
1895,2303,3.0,2012,41,32.0,10,6.0,4.32,0.05399,3,15,2,1,0
1896,1327,2.0,2015,319,47.0,19,0.0,4.69,-0.08708,2,64,2,0,0
1897,284,4.0,2012,484,21.0,1,6.0,3.83,-1.62197,9,14,1,2,1
1898,2293,4.0,2020,214,42.0,10,6.0,4.53,0.34887,7,15,0,1,1
1899,158,1.0,2009,726,52.0,23,6.0,4.65,1.45918,0,40,1,1,0
1900,2280,5.0,2018,663,67.0,11,6.0,4.12,-0.14758,3,30,1,0,1
1901,1506,5.0,2014,88,37.0,0,6.0,4.93,0.31554,4,54,1,1,0
1902,904,0.0,2007,57,27.0,6,6.0,4.6,0.42997,4,41,0,0,0
1903,1346,5.0,2018,676,27.0,7,6.0,4.42,-0.02708,4,20,1,2,1
1904,1270,3.0,2022,418,44.0,16,3.0,4.95,1.89947,2,41,0,0,0
1905,2431,1.0,2017,206,37.0,4,6.0,4.36,-0.77303,6,23,1,2,1
1906,976,6.0,2017,129,55.0,24,6.0,4.17,-0.24229,2,34,3,0,1
1907,2361,2.0,2015,218,56.0,0,2.0,3.85,-0.24575,3,16,2,2,1
1908,1646,4.0,2018,492,60.0,13,5.0,4.36,-0.40832,3,27,0,1,1
1909,1680,4.0,2007,18,29.0,9,5.0,3.98,-1.37033,8,17,2,0,1
1910,2161,4.0,2015,739,44.0,4,6.0,4.38,-0.71121,2,28,0,0,1
1911,123,2.0,2012,540,44.0,12,6.0,4.49,0.33771,2,41,2,0,0
1912,1073,5.0,2005,174,41.0,7,6.0,4.51,-0.28759,0,28,1,0,1
1913,1535,4.0,2018,841,33.0,11,2.0,4.14,-0.58986,3,14,2,0,1
1914,1305,0.0,2012,576,66.0,7,0.0,4.08,-0.79764,4,12,0,0,1
1915,2424,4.0,2005,731,48.0,14,6.0,4.74,1.05640,2,40,1,0,0
1916,2519,3.0,2021,279,44.0,12,0.0,4.8,1.53709,2,47,1,0,0
1917,418,0.0,2014,219,30.0,10,3.0,4.53,-0.56878,5,24,1,0,1
1918,2728,6.0,2020,385,46.0,13,3.0,4.98,0.29505,2,28,0,0,0
1919,870,3.0,2014,624,51.0,18,2.0,4.66,0.45062,3,23,2,1,0
1920,2433,4.0,2007,216,54.0,15,2.0,4.28,-0.64837,1,47,2,0,1
1921,1031,5.0,2022,298,25.0,5,6.0,4.7,0.89842,0,34,1,0,0
1922,2950,4.0,2012,290,37.0,9,6.0,3.96,-1.96744,0,30,4,1,1
1923,2167,1.0,2022,48,33.0,12,6.0,4.1,-0.84364,2,18,0,0,1
1924,757,6.0,2018,395,27.0,4,6.0,4.76,1.17662,6,58,1,0,0
1925,1702,3.0,2006,565,66.0,7,6.0,3.71,-1.31376,4,13,3,1,1
1926,1543,2.0,2018,146,44.0,5,2.0,5.0,0.76443,1,37,1,0,0
1927,1157,5.0,2016,381,30.0,3,5.0,5.0,1.37387,1,44,1,0,0
1928,1109,5.0,2019,342,38.0,18,4.0,4.58,0.82089,3,13,0,0,0
1929,68,1.0,2011,234,50.0,10,6.0,4.7,-0.43884,2,31,0,0,0
1930,2971,5.0,2007,550,60.0,13,6.0,4.94,0.96685,1,25,0,1,0
1931,333,3.0,2015,558,60.0,10,1.0,4.38,-0.25633,4,55,1,0,0
1932,1593,5.0,2021,388,33.0,13,6.0,4.35,-0.62602,6,24,1,2,1
1933,337,0.0,2021,875,44.0,18,6.0,4.0,-0.65040,5,17,0,0,1
1934,913,1.0,2009,844,36.0,12,6.0,4.54,-0.69169,3,36,1,1,1
1935,1576,1.0,2009,375,37.0,17,5.0,4.37,-0.50879,3,35,1,3,1
1936,1537,0.0,2007,10,25.0,4,5.0,4.68,1.32694,4,53,0,0,0
1937,2765,3.0,2022,841,41.0,16,6.0,4.73,0.69316,2,39,0,0,0
1938,473,0.0,2012,365,28.0,0,1.0,4.68,-0.26885,5,26,0,0,0
1939,902,6.0,2005,97,44.0,11,5.0,4.18,-0.77626,6,30,2,1,1
1940,1407,1.0,2011,725,43.0,20,6.0,4.33,0.25792,4,40,2,0,0
1941,866,5.0,2007,197,53.0,17,3.0,4.13,-0.71187,5,15,1,0,1
1942,1536,5.0,2020,176,40.0,8,6.0,4.47,0.02646,1,28,0,0,0
1943,885,5.0,2019,137,58.0,15,3.0,4.8,0.96164,2,53,1,1,0
1944,478,6.0,2017,168,44.0,24,6.0,5.0,1.44646,1,44,1,0,0
1945,1330,4.0,2012,328,27.0,7,4.0,4.22,-0.62862,0,32,0,0,1
1946,1567,0.0,2018,724,64.0,18,1.0,4.81,1.70390,2,55,2,0,0
1947,1343,4.0,2015,278,59.0,7,1.0,4.28,-0.64200,0,16,0,0,1
1948,742,3.0,2014,734,38.0,3,6.0,3.87,-2.06227,8,13,2,1,1
1949,2761,4.0,2017,644,38.0,18,6.0,4.71,-0.09509,2,56,0,0,0
1950,1341,6.0,2011,119,62.0,15,2.0,4.68,1.03964,5,24,0,0,0
1951,2614,0.0,2014,27,65.0,23,6.0,3.88,-0.26212,1,12,2,0,1
1952,133,0.0,2016,605,41.0,3,6.0,4.44,-0.51948,5,13,1,0,1
1953,2766,0.0,2011,165,40.0,20,6.0,4.77,1.59188,1,48,0,0,0
1954,2607,4.0,2010,424,60.0,3,2.0,4.96,0.33397,4,34,1,0,0
1955,982,4.0,2010,343,21.0,1,6.0,4.7,0.29634,3,35,3,0,0
1956,1234,1.0,2005,166,52.0,7,1.0,4.26,-0.14520,3,41,1,1,1
1957,2051,6.0,2016,775,21.0,0,0.0,4.03,-0.95830,3,15,0,0,1
1958,1629,1.0,2015,369,43.0,19,6.0,4.61,-0.15314,2,23,2,1,0
1959,2242,3.0,2011,591,53.0,11,6.0,3.98,-0.63877,5,20,2,4,1
1960,1757,0.0,2007,92,23.0,3,6.0,3.38,-2.67559,4,5,3,2,1
1961,2460,2.0,2012,359,63.0,21,6.0,4.52,0.13805,3,23,2,1,0
1962,1150,6.0,2016,230,23.0,3,6.0,4.29,0.87863,2,30,1,1,0
1963,2797,4.0,2011,292,51.0,12,5.0,4.2,-0.13513,0,48,2,0,0
1964,2320,4.0,2013,815,26.0,6,6.0,5.0,0.81296,1,26,1,0,0
1965,2516,3.0,2021,303,53.0,17,0.0,4.43,0.91304,2,27,2,2,0
1966,257,2.0,2010,482,25.0,4,6.0,3.74,-2.51859,5,22,1,1,1
1967,551,1.0,2018,578,34.0,0,6.0,3.24,-2.67559,9,5,2,1,1
1968,634,3.0,2010,628,63.0,19,4.0,4.65,0.66416,3,19,1,0,1
1969,899,2.0,2014,533,22.0,2,6.0,4.63,1.08851,3,46,2,0,0
1970,290,6.0,2011,620,56.0,11,5.0,4.8,1.56820,0,45,1,0,0
1971,2397,5.0,2020,13,55.0,11,0.0,4.77,1.39024,6,25,1,0,0
1972,778,0.0,2016,68,45.0,10,6.0,4.17,-1.21259,4,14,0,0,1
1973,2357,3.0,2018,554,63.0,14,1.0,4.46,-0.66817,2,17,1,1,1
1974,54,6.0,2021,891,61.0,24,5.0,4.53,1.04504,2,16,0,0,0
1975,1808,2.0,2018,76,50.0,13,6.0,4.25,-0.36493,0,18,1,0,1
1976,2153,6.0,2015,134,55.0,10,3.0,4.44,0.81008,0,25,4,1,0
1977,558,5.0,2010,512,39.0,19,6.0,4.17,-0.82400,1,29,3,1,1
1978,2763,6.0,2011,748,22.0,2,5.0,4.17,-0.09991,2,26,3,1,1
1979,41,4.0,2015,653,62.0,24,1.0,4.47,-0.00021,3,20,1,0,1
1980,2181,3.0,2019,419,62.0,0,5.0,4.95,1.29043,1,57,0,0,0
1981,1173,2.0,2005,700,48.0,6,5.0,4.39,0.69005,3,36,2,1,0
1982,262,1.0,2021,844,30.0,10,1.0,4.65,0.31201,2,52,0,0,0
1983,2174,1.0,2020,685,25.0,5,5.0,4.04,-1.62843,2,4,0,0,1
1984,2079,1.0,2015,21,58.0,9,6.0,4.52,1.31321,3,27,2,1,0
1985,84,4.0,2012,779,22.0,2,2.0,4.73,-0.47372,1,28,1,0,0
1986,2399,5.0,2008,350,25.0,0,5.0,4.09,-0.53799,5,32,2,1,1
1987,2420,3.0,2013,734,39.0,18,5.0,4.62,0.42958,2,46,1,0,0
1988,1084,5.0,2021,555,44.0,2,1.0,4.48,-2.04306,2,25,1,0,1
1989,1890,4.0,2011,601,60.0,16,1.0,4.54,-0.66859,3,31,1,1,1
1990,2783,6.0,2021,168,56.0,15,6.0,4.16,-0.99781,4,25,2,0,1
1991,2009,4.0,2010,283,40.0,11,6.0,4.51,0.64783,3,43,2,0,0
1992,31,2.0,2009,816,63.0,8,6.0,4.33,0.38180,1,30,1,1,0
1993,1538,5.0,2005,310,49.0,24,6.0,4.9,1.06834,3,22,0,0,0
1994,783,4.0,2017,510,59.0,16,6.0,4.75,-0.08848,0,51,1,0,0
1995,2416,5.0,2006,448,25.0,5,6.0,4.65,-0.08591,0,32,4,0,0
1996,2737,2.0,2006,133,56.0,0,6.0,4.56,0.96192,2,41,1,1,0
1997,209,6.0,2007,629,32.0,12,0.0,4.94,1.11655,4,33,2,0,0
1998,2657,0.0,2019,605,25.0,0,3.0,4.05,-1.25897,2,17,2,1,1
1999,1914,3.0,2021,496,64.0,23,2.0,5.0,2.54825,0,55,0,0,0
2000,1607,4.0,2021,605,43.0,1,6.0,4.8,1.01429,2,13,2,0,0
2001,1021,6.0,2022,511,35.0,14,5.0,4.33,-0.49736,2,15,1,3,1
2002,2656,6.0,2011,521,52.0,6,6.0,4.37,0.56159,2,31,3,0,1
2003,1404,2.0,2008,229,46.0,1,0.0,5.0,2.23833,0,56,0,0,0
2004,2046,6.0,2013,455,42.0,10,0.0,4.1,-0.14913,1,28,0,0,1
2005,1207,5.0,2021,477,36.0,10,6.0,4.62,0.89395,0,45,0,0,0
2006,2891,6.0,2016,486,64.0,24,6.0,4.58,-0.09707,1,46,4,0,0
2007,49,4.0,2015,626,41.0,7,6.0,4.6,0.25508,3,36,0,1,0
2008,210,1.0,2010,538,60.0,6,6.0,4.12,-0.12996,5,35,2,1,1
2009,2223,3.0,2021,688,23.0,3,1.0,5.0,1.63387,1,38,1,0,0
2010,1492,6.0,2020,471,60.0,15,6.0,4.75,0.33254,0,33,2,1,0
2011,894,4.0,2013,400,52.0,12,6.0,4.54,0.79616,1,31,0,3,0
2012,154,6.0,2015,30,48.0,2,0.0,4.01,-0.37387,6,34,1,1,1
2013,2301,0.0,2012,125,41.0,4,6.0,4.12,-0.73057,2,29,1,1,1
2014,1591,3.0,2013,870,44.0,19,6.0,4.09,-1.38429,1,7,0,1,1
2015,395,5.0,2005,526,43.0,6,2.0,4.31,-0.08237,1,25,1,0,1
2016,1148,1.0,2013,432,54.0,9,6.0,3.78,-1.17106,2,13,3,0,1
2017,1380,3.0,2016,506,46.0,0,6.0,4.01,-0.43907,2,33,1,0,1
2018,1968,1.0,2018,256,50.0,4,5.0,4.53,0.80639,3,37,2,0,0
2019,1159,0.0,2013,608,44.0,20,1.0,4.5,-0.15718,5,27,3,0,1
2020,2058,1.0,2021,291,32.0,2,4.0,4.28,-0.52815,5,18,2,1,1
2021,269,3.0,2010,435,22.0,2,6.0,5.0,0.50397,1,45,0,0,0
2022,386,2.0,2017,809,36.0,16,6.0,4.99,-0.17604,2,49,2,1,0
2023,1634,3.0,2007,560,55.0,6,2.0,4.19,-1.42667,7,25,6,2,1
2024,1245,6.0,2015,709,59.0,0,6.0,3.98,-0.32947,3,28,1,0,1
2025,42,3.0,2007,321,44.0,9,6.0,4.45,-0.03984,2,24,2,0,0
2026,2940,6.0,2017,362,50.0,21,3.0,5.0,2.04318,0,49,0,0,0
2027,598,2.0,2020,714,57.0,13,6.0,4.36,0.47566,1,10,0,0,0
2028,1090,2.0,2019,106,67.0,9,6.0,4.59,0.62804,1,33,1,0,0
2029,1932,5.0,2021,252,59.0,8,6.0,4.21,-0.22301,5,20,3,1,1
2030,1657,0.0,2011,96,52.0,1,6.0,4.01,-0.88213,5,17,1,0,1
2031,681,3.0,2018,722,30.0,1,6.0,4.8,1.42994,2,42,1,1,0
2032,570,4.0,2018,162,47.0,9,2.0,4.36,0.00441,4,44,1,0,0
2033,525,3.0,2011,809,64.0,15,6.0,4.15,-0.71716,1,25,2,0,1
2034,2723,4.0,2008,311,53.0,7,6.0,4.65,0.81401,5,25,1,0,0
2035,1566,5.0,2009,415,29.0,7,6.0,4.53,0.65281,3,43,3,0,0
2036,103,5.0,2020,873,27.0,7,6.0,4.31,-0.90670,8,24,2,2,1
2037,1329,5.0,2005,583,36.0,4,6.0,4.2,-0.03976,4,9,1,1,1
2038,2144,6.0,2017,619,26.0,6,6.0,5.0,1.45914,2,47,1,0,0
2039,2896,4.0,2017,64,58.0,5,6.0,4.49,0.45917,4,28,3,0,1
2040,305,3.0,2005,776,32.0,9,6.0,4.33,-0.10166,6,43,4,1,1
2041,1519,6.0,2018,263,54.0,21,6.0,5.0,1.95982,1,74,0,0,0
2042,1017,0.0,2020,893,24.0,4,6.0,4.37,-0.23397,0,21,2,0,1
2043,2406,1.0,2010,47,31.0,11,6.0,4.63,-0.09501,4,25,2,1,0
2044,2116,0.0,2007,142,59.0,0,2.0,4.48,-0.58336,3,24,0,2,1
2045,222,1.0,2020,255,47.0,10,6.0,4.84,1.91992,1,53,2,1,0
2046,2425,5.0,2013,734,29.0,9,6.0,4.28,-0.53410,1,26,0,1,1
2047,226,4.0,2022,830,29.0,6,6.0,4.72,0.74849,7,41,0,1,0
2048,2840,3.0,2020,391,53.0,4,5.0,4.31,-0.40711,3,34,1,1,0
2049,2356,1.0,2019,592,26.0,6,6.0,4.32,-0.30738,4,28,3,1,0
2050,1761,5.0,2018,68,67.0,9,6.0,4.98,1.35594,1,32,0,0,0
2051,1361,6.0,2019,232,27.0,7,1.0,2.9,-2.67559,9,1,1,0,1
2052,2799,5.0,2014,802,57.0,24,1.0,5.0,1.56454,3,57,0,0,0
2053,2409,0.0,2012,381,43.0,23,6.0,4.61,0.36858,3,59,2,0,0
2054,1493,2.0,2012,566,48.0,20,2.0,3.37,-2.67559,5,1,1,0,1
2055,2189,2.0,2021,586,45.0,24,6.0,5.0,1.12436,2,56,1,1,0
2056,2202,5.0,2020,244,66.0,2,4.0,4.83,0.90620,2,39,0,1,0
2057,2010,5.0,2010,736,38.0,16,6.0,4.44,0.06359,5,25,1,2,1
2058,206,1.0,2011,561,54.0,22,5.0,5.0,2.46198,0,65,0,0,0
2059,1028,4.0,2008,616,54.0,4,6.0,4.82,1.12355,2,52,1,0,0
2060,2707,3.0,2009,340,65.0,6,6.0,5.0,1.40956,3,65,3,1,0
2061,2080,4.0,2008,472,61.0,1,3.0,4.75,1.13490,1,41,2,0,0
2062,1047,0.0,2007,697,63.0,15,6.0,4.63,0.13754,4,43,0,0,0
2063,694,2.0,2017,147,31.0,0,6.0,3.92,-2.23973,8,17,2,1,1
2064,2360,4.0,2011,65,56.0,19,6.0,4.28,-1.14171,1,25,0,0,1
2065,2324,1.0,2006,409,44.0,9,2.0,4.82,0.87362,3,21,2,0,0
2066,1187,4.0,2010,330,46.0,7,6.0,4.95,1.19015,4,37,0,0,0
2067,1370,4.0,2010,869,64.0,16,6.0,4.74,0.84457,5,48,1,0,0
2068,1908,3.0,2018,250,47.0,7,0.0,4.67,0.69316,3,33,1,0,0
2069,17,1.0,2016,303,62.0,15,6.0,4.33,-0.15178,1,15,1,1,1
2070,2970,0.0,2019,423,39.0,19,6.0,4.24,0.42787,5,30,2,1,1
2071,1677,1.0,2022,321,64.0,10,6.0,4.56,1.04330,5,25,0,1,0
2072,1185,4.0,2013,107,37.0,3,4.0,4.32,-1.05259,4,25,2,0,1
2073,657,1.0,2022,305,39.0,7,4.0,4.5,-0.19478,3,25,1,0,0
2074,1572,5.0,2011,766,29.0,9,6.0,4.08,-0.84134,3,17,1,1,1
2075,1738,5.0,2013,137,31.0,11,5.0,4.31,-0.11635,1,22,2,1,1
2076,1420,1.0,2018,181,61.0,9,0.0,4.95,1.39879,2,44,1,1,0
2077,400,0.0,2009,408,65.0,4,5.0,4.58,0.74216,1,45,1,1,0
2078,619,1.0,2009,225,57.0,22,6.0,4.76,0.88003,3,24,2,0,0
2079,509,3.0,2015,301,62.0,4,6.0,3.82,-1.73979,3,10,0,1,1
2080,868,3.0,2005,811,31.0,4,3.0,4.08,-0.64900,3,11,0,1,1
2081,887,5.0,2006,794,60.0,6,6.0,3.86,-1.32080,2,15,1,1,1
2082,600,6.0,2009,283,44.0,15,6.0,4.34,-0.31741,1,26,0,1,0
2083,2699,0.0,2010,671,42.0,2,6.0,4.0,-0.90216,1,29,2,1,1
2084,458,2.0,2011,897,55.0,7,6.0,4.4,-0.32235,1,23,1,0,1
2085,1118,0.0,2017,335,59.0,18,5.0,4.4,-0.69787,2,38,1,0,1
2086,871,0.0,2010,433,56.0,2,3.0,3.94,-0.87622,4,13,1,1,1
2087,791,1.0,2009,507,56.0,11,6.0,4.32,-0.60782,6,18,2,1,1
2088,955,4.0,2017,793,29.0,9,6.0,3.54,-1.51307,4,10,2,0,1
2089,651,6.0,2011,369,46.0,8,3.0,4.08,-0.33102,6,27,1,1,1
2090,734,0.0,2011,899,31.0,11,6.0,4.2,-0.50245,1,22,1,2,1
2091,2803,3.0,2009,139,62.0,0,6.0,4.32,0.20967,2,35,3,1,0
2092,380,5.0,2012,621,31.0,11,5.0,4.16,0.45233,2,38,1,0,1
2093,957,2.0,2012,262,44.0,8,1.0,4.14,-1.08828,4,22,3,2,1
2094,172,2.0,2022,544,37.0,12,5.0,3.84,-0.80717,3,9,2,1,1
2095,1945,4.0,2017,121,67.0,4,5.0,5.0,0.90056,0,43,1,0,0
2096,660,6.0,2008,255,32.0,9,6.0,4.15,-0.32099,2,15,0,1,1
2097,1095,6.0,2022,435,57.0,14,6.0,4.25,0.02934,2,30,0,0,1
2098,643,2.0,2022,425,60.0,7,6.0,4.22,-1.45194,0,7,1,1,1
2099,169,4.0,2018,785,33.0,13,6.0,4.49,-0.01316,4,35,3,1,0
