,courier_id,city,vehicle_age_years,days_since_service,age,tenure_days,rating,total_earnings,number_of_orders,number_of_five_star_orders,on_time_rate,number_of_cancellations,number_of_complaints,avg_delivery_minutes,courier_tier,vehicle_type_Car,vehicle_type_Bicycle,vehicle_type_Walking,vehicle_type_E-bike,vehicle_type_Scooter
0,5247,3.0,12,21,21,201,4.67,0.4444,31,10,0.8214,2,1,29.52,1,1,0,0,0,0
1,6980,1.0,7,157,22,415,3.98,0.4238,28,8,0.6957,5,0,32.84,0,0,1,0,0,0
2,6165,0.0,6,612,53,1470,4.71,0.7377,18,11,1.0,1,1,29.36,1,0,0,1,0,0
3,5551,2.0,9,203,34,1390,4.94,0.8586,30,23,1.0,3,0,23.03,1,0,0,0,1,0
4,5271,3.0,5,365,29,902,4.01,0.5061,22,3,0.9286,5,2,34.04,0,0,0,0,1,0
5,5998,0.0,9,149,39,162,4.71,0.4654,32,21,0.963,2,4,31.63,1,0,0,0,1,0
6,6339,3.0,8,507,20,280,4.39,0.4610,26,15,0.7917,1,2,31.33,1,0,0,0,0,1
7,7443,0.0,1,401,40,588,3.92,0.3368,32,9,0.76,4,1,33.41,0,0,1,0,0,0
8,6927,4.0,10,578,32,879,4.3,0.6144,41,20,0.8889,4,3,30.48,1,1,0,0,0,0
9,5073,4.0,8,336,34,1606,4.51,0.6572,35,12,0.8333,5,5,31.04,1,0,0,0,1,0
10,5237,0.0,4,481,19,1234,4.21,0.4310,29,6,0.8148,2,3,34.82,0,0,1,0,0,0
11,5394,1.0,10,553,30,125,4.23,0.3653,19,5,0.6875,2,0,33.83,0,0,1,0,0,0
12,6377,0.0,5,648,33,1202,4.53,0.6228,18,9,0.9375,2,1,31.4,1,1,0,0,0,0
13,6658,0.0,3,191,49,1768,4.64,0.9055,24,18,1.0,1,0,27.41,1,0,0,0,0,1
14,6187,0.0,9,18,22,1067,4.36,0.5679,26,14,0.875,2,0,30.68,1,0,0,0,1,0
15,5261,2.0,2,487,46,765,4.19,0.3973,27,10,0.7826,2,1,35.73,0,0,0,0,0,1
16,5447,2.0,8,630,44,1467,4.62,0.6665,27,13,0.7917,3,0,30.98,1,1,0,0,0,0
17,7273,2.0,11,422,63,252,3.91,0.3332,35,7,0.7143,4,5,32.21,0,1,0,0,0,0
18,5857,3.0,5,353,30,781,4.83,0.6450,32,19,0.9615,5,1,32.84,1,0,1,0,0,0
19,6064,3.0,11,225,40,1020,3.92,0.4227,22,5,0.6923,5,1,35.95,0,0,1,0,0,0
20,6256,0.0,8,129,52,1051,4.39,0.6042,26,13,0.7143,3,0,29.61,1,1,0,0,0,0
21,7410,1.0,8,302,43,1796,4.3,0.6106,36,4,0.8333,7,2,32.45,0,0,1,0,0,0
22,7240,1.0,4,48,23,1312,4.11,0.5331,27,5,0.8182,5,3,35.02,0,1,0,0,0,0
23,6899,4.0,2,360,41,707,3.47,0.2552,22,4,0.4667,5,1,38.61,0,0,1,0,0,0
24,5200,1.0,5,333,43,1172,4.65,0.5993,34,17,1.0,2,0,32.84,1,0,0,0,1,0
25,5911,1.0,1,255,26,1555,4.05,0.5246,45,7,0.6842,5,1,37.14,0,1,0,0,0,0
26,5043,2.0,8,647,19,524,4.85,0.5993,28,18,1.0,0,1,26.52,1,0,1,0,0,0
27,6316,4.0,6,309,32,1079,4.83,0.6943,34,23,0.8621,1,0,27.82,1,0,0,0,0,1
28,5720,1.0,3,629,47,52,4.64,0.3587,33,16,0.9259,4,2,34.13,1,0,0,0,1,0
29,5953,2.0,9,99,53,1069,3.8,0.3339,34,2,0.8333,6,3,35.57,0,0,0,1,0,0
30,6173,1.0,5,630,30,1400,4.61,0.5413,26,7,0.8696,3,1,32.84,0,0,0,0,1,0
31,6951,1.0,6,532,54,1235,3.87,0.3909,28,0,0.5714,6,3,38.18,0,0,0,0,1,0
32,5092,0.0,2,305,44,954,4.19,0.5025,32,5,0.7308,2,2,31.88,0,0,0,0,0,1
33,5983,2.0,1,128,54,164,4.53,0.4526,27,15,0.9565,4,0,28.97,1,0,0,0,0,1
34,6480,3.0,10,583,22,1356,4.3,0.5844,28,8,0.7727,3,6,32.8,0,0,0,1,0,0
35,7131,2.0,10,346,60,35,4.1,0.2033,22,5,0.8125,4,0,36.86,0,1,0,0,0,0
36,5981,3.0,3,520,18,1711,4.3,0.5373,24,4,0.5556,2,4,32.84,0,0,0,0,0,1
37,6510,3.0,9,391,42,1581,4.22,0.5390,33,9,0.8,7,1,35.26,0,1,0,0,0,0
38,6485,3.0,2,394,19,1637,5.0,0.8223,26,21,1.0,1,1,26.98,1,1,0,0,0,0
39,7196,0.0,4,103,34,1046,4.93,0.6372,24,16,0.9565,1,1,29.31,1,0,0,0,0,1
40,5937,4.0,8,317,60,393,4.81,0.4198,31,18,0.7778,2,0,30.48,1,0,0,0,1,0
41,7074,3.0,10,229,21,1306,4.92,0.8388,23,17,1.0,1,1,25.7,1,0,0,1,0,0
42,6500,0.0,6,435,19,501,4.16,0.3333,26,6,0.7895,7,2,34.42,0,0,1,0,0,0
43,5388,1.0,7,248,31,1290,3.72,0.4000,33,3,0.64,4,3,37.4,0,1,0,0,0,0
44,5164,1.0,8,67,21,468,4.68,0.4279,36,17,0.8387,2,2,29.5,1,0,0,0,1,0
45,7056,2.0,7,169,47,414,4.29,0.3043,31,5,0.76,4,2,34.55,0,0,0,0,0,1
46,5794,2.0,10,375,35,965,4.25,0.5541,32,11,0.8148,2,4,32.04,0,0,0,0,1,0
47,6160,4.0,4,512,29,107,4.52,0.4392,32,13,0.9655,2,1,31.84,1,1,0,0,0,0
48,7142,0.0,8,338,54,147,4.31,0.3245,30,8,0.8696,4,3,35.13,0,0,1,0,0,0
49,7059,0.0,6,252,46,602,3.99,0.3822,26,4,0.85,3,3,37.23,0,0,0,0,0,1
50,7020,2.0,8,500,53,768,4.35,0.3947,38,6,0.7586,7,2,34.32,0,1,0,0,0,0
51,7032,2.0,6,648,49,1701,4.77,0.7302,38,20,0.9677,4,1,29.15,1,0,0,0,0,1
52,6657,3.0,7,576,39,1248,4.32,0.4803,26,5,0.7059,7,1,38.14,0,0,0,1,0,0
53,5608,4.0,7,399,22,1424,4.78,0.7643,19,14,1.0,0,0,32.84,1,0,0,0,0,1
54,6559,3.0,11,398,42,859,5.0,0.7903,26,24,0.96,0,3,30.85,1,0,0,0,1,0
55,6867,1.0,4,564,44,1318,4.86,0.7281,25,19,1.0,3,0,24.52,1,1,0,0,0,0
56,6280,3.0,4,625,30,610,4.34,0.5009,23,11,0.9524,2,2,31.31,1,1,0,0,0,0
57,7140,1.0,8,129,57,1581,4.31,0.6086,25,4,0.7391,1,4,34.44,0,0,0,1,0,0
58,5248,3.0,9,36,61,165,4.06,0.3550,36,14,0.75,3,3,32.84,0,1,0,0,0,0
59,5928,2.0,9,334,42,54,4.69,0.4300,23,11,0.9,3,1,32.84,1,1,0,0,0,0
60,7357,3.0,3,5,51,1372,3.92,0.5295,29,3,0.5263,6,1,37.12,0,0,0,1,0,0
61,5433,4.0,6,140,39,312,4.49,0.4409,37,14,0.8788,3,2,33.55,0,0,1,0,0,0
62,5820,4.0,1,230,34,234,4.38,0.2366,34,9,0.6452,1,4,33.57,0,0,0,0,0,1
63,6376,4.0,5,127,43,464,5.0,0.5802,32,15,1.0,4,0,30.17,1,1,0,0,0,0
64,7099,3.0,11,444,28,1084,3.82,0.3274,28,2,0.6923,7,1,40.83,0,0,0,0,1,0
65,6605,4.0,2,295,34,454,4.63,0.4733,29,10,0.913,3,3,32.84,1,1,0,0,0,0
66,5024,4.0,12,48,26,1274,3.89,0.4443,25,4,0.65,4,1,36.74,0,1,0,0,0,0
67,6667,0.0,1,226,34,46,3.82,0.2352,19,1,0.6923,5,0,35.4,0,0,0,0,1,0
68,5736,2.0,5,642,57,1165,4.36,0.5883,29,7,0.8636,4,2,29.29,1,0,1,0,0,0
69,7021,2.0,9,388,41,551,4.39,0.3724,26,6,0.8182,3,1,34.16,0,0,0,0,1,0
70,7206,0.0,7,460,38,983,4.6,0.5095,26,5,0.8421,1,2,33.56,0,0,0,0,1,0
71,5193,0.0,2,281,62,985,4.94,0.6725,28,23,0.9583,2,0,27.92,1,1,0,0,0,0
72,5501,4.0,8,426,28,1512,3.95,0.4245,20,3,0.6842,0,1,38.46,0,0,0,0,1,0
73,6257,1.0,4,234,24,1776,4.48,0.7160,27,13,0.7917,1,4,32.6,0,0,1,0,0,0
74,6750,2.0,6,534,40,378,4.74,0.4847,37,22,0.9412,3,2,30.13,1,0,1,0,0,0
75,7384,0.0,4,149,52,126,4.3,0.3476,26,7,0.6842,4,1,34.42,0,0,0,1,0,0
76,7139,0.0,5,684,56,1437,4.84,0.5944,32,16,0.8667,2,2,30.08,1,1,0,0,0,0
77,7476,2.0,2,490,27,503,4.17,0.4420,25,6,0.875,5,1,34.36,0,0,0,0,1,0
78,5859,1.0,7,416,55,1271,4.78,0.6341,21,13,0.9474,0,1,28.69,1,0,0,0,1,0
79,5949,0.0,3,152,37,328,3.71,0.2491,30,6,0.8421,9,0,37.96,0,0,0,1,0,0
80,5700,3.0,4,6,29,1073,4.2,0.4253,32,4,0.8696,5,2,32.9,0,0,1,0,0,0
81,6833,1.0,7,494,21,1143,4.37,0.5983,20,10,0.8421,1,1,32.2,1,1,0,0,0,0
82,5166,4.0,11,690,61,1579,4.73,0.6415,37,18,0.75,7,4,32.26,1,0,0,0,1,0
83,5449,4.0,4,138,62,244,4.77,0.4102,22,10,0.8571,0,2,29.54,1,0,0,1,0,0
84,5777,3.0,3,343,54,505,4.13,0.3849,38,10,0.8621,7,4,32.84,0,1,0,0,0,0
85,6301,4.0,8,240,62,807,3.67,0.4194,36,4,0.8077,7,2,32.22,0,0,0,0,1,0
86,5553,4.0,3,489,55,594,3.78,0.2235,31,1,0.4583,3,3,38.24,0,0,0,0,1,0
87,7022,1.0,11,32,25,466,4.76,0.6251,19,11,1.0,0,0,32.84,1,1,0,0,0,0
88,6767,1.0,5,254,40,1525,4.06,0.5135,34,3,0.7917,5,4,36.5,0,1,0,0,0,0
89,5324,4.0,5,166,38,1601,4.8,0.7349,24,8,0.9524,2,1,29.66,1,1,0,0,0,0
90,6578,0.0,10,273,63,854,4.41,0.4818,25,6,0.7143,1,5,33.15,0,0,0,0,1,0
91,7183,0.0,8,645,40,49,4.66,0.4710,29,13,0.8929,1,0,29.93,1,0,0,0,0,1
92,5276,4.0,9,535,45,567,3.93,0.2026,29,0,0.6087,3,0,40.9,0,0,0,0,1,0
93,7207,0.0,11,657,56,498,4.01,0.2735,32,7,0.7727,4,5,39.85,0,0,0,0,1,0
94,6040,1.0,7,680,58,1128,3.49,0.3356,31,0,0.4091,5,1,38.7,0,1,0,0,0,0
95,6989,1.0,7,322,33,1706,3.89,0.5738,21,6,0.6471,3,2,34.29,0,0,1,0,0,0
96,5773,0.0,4,633,51,636,4.99,0.5299,27,16,0.9565,4,0,28.96,1,0,0,0,0,1
97,5096,3.0,1,60,46,1302,4.71,0.5814,27,11,0.7727,3,3,31.57,1,0,0,0,1,0
98,6419,3.0,12,523,49,1634,4.49,0.6208,27,13,0.7083,3,2,33.76,1,1,0,0,0,0
99,7329,1.0,6,234,18,618,3.77,0.2218,36,3,0.5357,6,1,41.82,0,0,1,0,0,0
100,6981,3.0,2,30,36,821,4.33,0.5604,25,8,0.8095,4,2,28.61,0,0,0,0,1,0
101,5232,0.0,3,521,18,1148,4.44,0.6625,34,22,0.9,2,2,30.01,1,0,0,1,0,0
102,5605,0.0,9,123,29,334,4.59,0.4404,23,10,0.95,2,0,30.94,1,1,0,0,0,0
103,5080,2.0,8,191,27,819,4.32,0.5224,25,9,0.5556,6,0,29.42,0,0,0,0,1,0
104,6727,2.0,5,580,37,110,4.43,0.2169,31,5,0.6522,4,2,36.99,0,1,0,0,0,0
105,5975,2.0,12,366,39,1498,4.56,0.6295,31,11,0.7586,1,1,32.7,0,1,0,0,0,0
106,5369,2.0,8,24,22,1491,4.26,0.5774,36,13,0.6875,3,4,31.95,0,0,0,0,0,1
107,6913,4.0,3,316,53,116,4.39,0.2788,25,4,0.7895,5,2,36.9,0,0,0,0,0,1
108,7191,2.0,12,245,26,845,3.99,0.4762,25,6,0.8261,1,3,32.22,0,0,0,0,1,0
109,6620,1.0,1,309,36,1238,4.2,0.5825,20,6,1.0,1,0,31.88,0,0,0,0,1,0
110,6756,2.0,2,687,59,735,4.0,0.2960,40,2,0.5667,4,1,36.94,0,1,0,0,0,0
111,5855,3.0,3,101,18,885,4.69,0.6876,32,22,0.9032,1,3,28.15,1,0,1,0,0,0
112,7315,0.0,7,548,35,666,4.41,0.4206,22,4,0.8421,2,1,33.77,1,1,0,0,0,0
113,6914,3.0,12,76,31,987,4.76,0.7352,23,12,1.0,1,0,29.2,1,1,0,0,0,0
114,6471,4.0,5,584,37,765,4.51,0.6297,34,16,0.931,5,0,32.84,1,0,0,0,0,1
115,5494,1.0,2,316,49,443,4.06,0.4066,23,7,0.7222,3,2,29.89,0,0,0,0,0,1
116,6760,2.0,4,132,60,1294,4.38,0.6094,39,22,0.8438,4,1,32.84,1,0,1,0,0,0
117,5077,4.0,8,564,29,382,4.57,0.4932,33,10,0.8182,8,2,32.37,1,0,0,1,0,0
118,6600,1.0,8,451,47,307,4.31,0.3257,21,5,0.7333,4,5,34.3,0,0,0,0,0,1
119,7047,4.0,11,590,26,837,4.43,0.6193,29,16,1.0,2,3,29.77,1,1,0,0,0,0
120,6785,1.0,6,342,30,34,4.42,0.4813,28,14,0.92,2,0,29.45,1,0,0,0,1,0
121,6236,3.0,8,266,39,567,4.56,0.4595,38,10,0.7097,6,1,32.9,0,0,0,0,1,0
122,5862,3.0,10,173,53,1429,4.27,0.4129,36,6,0.7333,4,3,35.96,0,0,0,0,0,1
123,5097,4.0,9,657,31,865,4.1,0.3826,30,4,0.5789,6,0,35.59,0,1,0,0,0,0
124,6716,3.0,6,566,52,1019,3.92,0.4128,25,5,0.6818,2,4,34.62,0,0,1,0,0,0
125,5557,0.0,7,652,44,523,4.64,0.5103,35,14,0.8667,1,1,30.91,1,1,0,0,0,0
126,5184,2.0,11,73,21,1474,4.36,0.6493,24,11,0.9524,2,1,32.22,0,0,0,0,0,1
127,6546,4.0,6,286,55,1717,4.46,0.6958,29,13,0.8889,0,0,33.17,1,1,0,0,0,0
128,7447,3.0,4,699,56,1460,4.72,0.6104,34,11,0.8214,2,5,32.84,0,0,1,0,0,0
129,7176,1.0,12,343,43,815,4.66,0.6478,26,22,0.8696,1,1,24.62,1,0,1,0,0,0
130,7148,1.0,12,20,59,799,4.27,0.5118,26,9,0.9565,2,3,35.06,0,0,1,0,0,0
131,6818,2.0,5,500,52,541,4.71,0.6774,33,27,1.0,1,0,25.34,1,0,1,0,0,0
132,6470,3.0,3,92,51,766,4.33,0.4753,31,6,0.7692,4,1,34.77,0,1,0,0,0,0
133,7067,1.0,6,395,31,1763,3.85,0.5681,28,3,0.6667,3,2,35.26,0,1,0,0,0,0
134,5579,0.0,9,241,48,741,4.79,0.5995,27,17,0.9167,1,0,31.45,1,1,0,0,0,0
135,7417,4.0,12,499,62,220,4.07,0.2322,31,3,0.5769,3,2,37.54,0,0,0,0,0,1
136,5616,0.0,9,162,33,367,4.05,0.2485,29,7,0.8,6,0,35.66,0,1,0,0,0,0
137,6556,0.0,2,204,26,751,4.83,0.6232,24,13,1.0,1,1,29.52,1,1,0,0,0,0
138,5482,2.0,11,656,40,1239,4.05,0.4394,20,2,0.4167,6,1,36.91,0,0,1,0,0,0
139,6371,0.0,6,27,25,248,4.15,0.4226,21,8,0.7222,2,3,30.02,0,0,1,0,0,0
140,6627,1.0,12,557,19,1390,4.46,0.5720,30,16,0.8148,2,0,34.34,1,0,1,0,0,0
141,5570,2.0,10,626,50,1358,3.97,0.4789,27,7,0.75,3,1,36.97,0,1,0,0,0,0
142,6465,2.0,11,163,49,102,4.11,0.2956,20,7,0.5,3,2,35.0,0,1,0,0,0,0
143,7006,3.0,11,600,36,1082,4.27,0.5518,30,14,0.7778,3,5,32.77,1,0,0,0,0,1
144,5342,3.0,2,309,49,551,3.88,0.3242,33,6,0.7857,1,8,34.95,0,0,0,0,0,1
145,7434,3.0,9,194,18,708,4.52,0.5653,23,12,0.7368,1,3,28.42,1,1,0,0,0,0
146,6537,1.0,1,609,46,88,4.14,0.2909,34,5,0.6957,6,3,35.73,0,0,0,0,0,1
147,5432,0.0,12,523,63,1730,5.0,0.8379,29,25,0.963,2,0,27.39,1,0,0,0,1,0
148,5455,2.0,1,507,19,1169,4.13,0.4391,24,2,0.5,7,0,35.09,0,0,1,0,0,0
149,5189,1.0,4,206,40,1064,4.26,0.6016,22,8,0.8947,2,1,33.2,0,0,0,0,0,1
150,5735,0.0,1,682,60,321,4.6,0.4574,26,10,0.7826,2,0,34.26,0,0,0,0,1,0
151,5737,4.0,9,652,58,362,4.27,0.4406,34,16,0.9643,6,1,31.31,1,0,0,0,0,1
152,6581,1.0,12,352,61,237,4.45,0.3522,27,13,0.913,3,1,33.35,0,1,0,0,0,0
153,7267,3.0,5,688,41,854,4.15,0.4195,24,4,0.5263,3,2,34.53,0,0,0,0,1,0
154,6639,2.0,1,353,31,656,4.02,0.4750,28,7,0.7143,5,2,32.84,0,0,0,0,0,1
155,6746,3.0,1,581,39,458,4.27,0.4737,27,16,0.9091,4,2,29.01,1,0,0,0,0,1
156,6096,4.0,5,674,32,1399,4.0,0.5168,31,7,0.75,4,6,36.88,0,0,0,0,0,1
157,7000,4.0,9,586,49,496,3.76,0.2626,27,4,0.6364,4,4,36.0,0,0,0,0,0,1
158,6719,3.0,2,562,50,983,4.1,0.4828,36,13,0.8276,5,5,34.07,0,0,0,0,0,1
159,6205,1.0,8,184,56,1730,4.78,0.8126,20,13,0.9444,1,1,32.03,1,0,0,0,0,1
160,5012,2.0,12,678,50,1719,4.97,0.7820,27,19,1.0,2,0,27.64,1,1,0,0,0,0
161,6281,1.0,11,503,21,1207,4.06,0.4144,23,3,0.7222,3,0,35.34,0,0,0,0,0,1
162,5268,4.0,4,440,57,1480,3.93,0.4809,20,6,0.7857,3,1,37.71,0,0,0,0,1,0
163,6734,0.0,8,76,43,785,3.83,0.4840,26,7,0.6667,2,1,32.31,0,0,0,1,0,0
164,5472,0.0,3,226,27,711,5.0,0.6643,24,18,1.0,0,1,25.44,1,1,0,0,0,0
165,5785,0.0,10,370,63,1607,4.51,0.6162,30,11,0.9524,6,1,29.68,0,0,1,0,0,0
166,7161,3.0,2,576,18,1602,5.0,0.8014,29,22,0.96,3,1,28.35,1,0,1,0,0,0
167,6317,3.0,11,544,59,115,4.12,0.3202,19,3,0.6154,4,0,32.8,0,0,0,0,0,1
168,5239,4.0,12,334,54,258,4.51,0.5175,26,10,0.8571,4,0,29.3,1,0,0,0,1,0
169,7367,0.0,5,82,45,1077,4.02,0.3566,24,4,0.7059,5,1,37.81,0,1,0,0,0,0
170,7320,0.0,4,607,53,1021,3.71,0.2984,30,3,0.7273,2,1,40.93,0,0,1,0,0,0
171,5754,0.0,3,3,39,1438,4.25,0.6598,31,13,0.963,1,2,32.84,1,0,1,0,0,0
172,6309,4.0,12,169,23,559,4.66,0.4924,25,11,0.8947,4,1,31.02,1,0,0,0,1,0
173,7450,3.0,5,496,58,1062,4.41,0.5497,27,8,0.9,2,3,33.08,0,0,0,0,1,0
174,5171,2.0,11,292,38,1337,5.0,0.8434,25,19,1.0,2,1,26.6,1,0,0,0,0,1
175,6345,0.0,2,286,34,522,4.12,0.4656,30,10,0.7083,2,3,32.84,0,1,0,0,0,0
176,6662,4.0,7,237,32,689,4.22,0.4183,19,8,0.8125,3,2,33.51,0,0,0,0,0,1
177,5543,0.0,3,98,63,1690,4.41,0.7000,21,13,0.8571,0,1,30.04,1,1,0,0,0,0
178,5074,4.0,4,426,39,262,4.25,0.4096,27,2,0.8,5,1,34.53,0,0,0,1,0,0
179,5002,3.0,7,399,54,164,3.95,0.2820,34,4,0.6786,4,1,33.7,0,1,0,0,0,0
180,6030,1.0,1,70,54,45,4.23,0.3460,31,10,0.72,2,1,32.28,0,1,0,0,0,0
181,5637,2.0,4,44,27,1793,3.92,0.4774,22,5,0.7143,0,3,32.84,0,0,0,1,0,0
182,5544,4.0,9,356,37,1562,4.42,0.5721,24,7,0.85,3,2,33.06,0,0,1,0,0,0
183,5959,3.0,1,230,27,1545,4.23,0.5157,21,5,0.8235,2,2,33.73,0,0,0,0,0,1
184,7429,4.0,3,252,33,1413,4.65,0.8568,27,23,1.0,1,0,25.69,1,0,0,0,0,1
185,5537,2.0,7,642,53,253,3.55,0.2474,27,3,0.5217,2,2,38.08,0,1,0,0,0,0
186,6807,1.0,5,162,58,426,4.44,0.5270,30,14,0.96,4,1,31.66,1,0,1,0,0,0
187,5355,1.0,1,141,52,1401,5.0,0.7866,26,19,1.0,1,1,24.62,1,0,0,0,0,1
188,7496,2.0,10,101,56,1547,4.31,0.6402,28,7,0.8182,3,1,32.84,0,0,1,0,0,0
189,7437,2.0,11,597,29,490,4.49,0.5166,25,6,1.0,5,1,31.3,1,0,0,0,1,0
190,5713,0.0,6,231,54,1144,4.39,0.5816,30,10,0.84,2,3,30.16,1,0,0,0,0,1
191,6521,3.0,1,319,46,247,3.53,0.1802,34,2,0.6071,5,6,40.48,0,0,0,0,1,0
192,5869,0.0,12,217,18,869,4.19,0.5137,30,10,0.8077,3,1,30.69,0,0,0,0,0,1
193,5458,4.0,10,16,53,540,4.47,0.5431,34,13,0.9032,3,0,30.35,1,0,1,0,0,0
194,5132,3.0,8,63,39,724,4.24,0.4493,26,5,0.7727,2,5,35.54,0,1,0,0,0,0
195,7036,0.0,11,94,38,1118,4.39,0.5459,21,5,0.8,4,1,36.49,0,0,1,0,0,0
196,6962,3.0,4,396,48,1759,4.62,0.7252,27,11,0.8696,3,2,31.52,1,0,1,0,0,0
197,6725,2.0,11,615,43,317,4.51,0.5259,25,14,0.8095,4,2,29.2,1,0,1,0,0,0
198,5607,0.0,8,188,27,1626,4.75,0.7800,27,17,0.9583,1,3,31.3,1,0,1,0,0,0
199,5503,3.0,3,175,50,168,3.64,0.2207,20,0,0.4615,2,5,38.54,0,1,0,0,0,0
200,6461,2.0,8,638,41,1580,4.29,0.5223,32,10,0.8,6,0,34.31,0,0,0,0,1,0
201,7227,2.0,6,584,29,961,4.14,0.4628,30,6,0.7037,0,4,36.64,0,0,1,0,0,0
202,5216,0.0,7,19,47,1210,4.44,0.5493,27,10,0.875,1,2,32.2,1,0,1,0,0,0
203,5640,4.0,6,550,19,905,4.29,0.4125,36,8,0.7333,3,1,33.89,0,0,0,0,1,0
204,7156,2.0,1,48,59,1208,4.07,0.5039,27,8,0.7143,3,0,34.14,0,0,0,0,0,1
205,5249,3.0,8,88,60,828,4.35,0.4865,20,6,0.9286,3,0,34.11,1,1,0,0,0,0
206,6762,0.0,9,594,36,1581,4.42,0.6119,22,9,0.7647,2,1,32.84,0,0,1,0,0,0
207,6997,1.0,5,484,36,1424,4.23,0.6114,23,8,0.8889,2,0,32.44,0,0,1,0,0,0
208,5413,4.0,9,91,33,1141,3.8,0.4959,24,8,0.7391,0,2,33.37,0,0,0,0,1,0
209,7407,2.0,6,228,25,993,3.95,0.4271,26,4,0.7368,4,0,37.63,0,1,0,0,0,0
210,6729,1.0,7,45,47,253,4.35,0.4357,21,6,0.8667,3,1,32.47,0,1,0,0,0,0
211,7168,4.0,3,76,63,502,4.43,0.3621,28,3,0.7917,1,2,32.84,0,1,0,0,0,0
212,6228,3.0,5,556,57,903,4.5,0.5330,28,12,0.6818,3,2,33.27,0,0,0,0,0,1
213,5021,1.0,4,426,51,445,4.14,0.3894,37,14,0.8667,4,3,33.58,0,0,0,0,1,0
214,6092,1.0,1,248,53,594,4.71,0.4716,24,14,1.0,2,1,27.74,1,0,0,0,0,1
215,6488,2.0,12,5,30,856,4.55,0.4854,24,13,0.9048,3,0,32.29,1,0,1,0,0,0
216,5897,1.0,5,590,63,721,4.52,0.5352,37,17,0.9333,5,0,30.67,1,1,0,0,0,0
217,6705,3.0,1,256,36,1713,4.06,0.5144,27,2,0.625,7,1,37.61,0,1,0,0,0,0
218,7288,0.0,12,218,24,852,4.56,0.5264,31,12,0.931,2,1,30.99,1,1,0,0,0,0
219,5135,3.0,3,106,31,165,5.0,0.5522,26,18,0.9565,2,1,27.75,1,1,0,0,0,0
220,6450,3.0,1,117,50,575,4.72,0.5061,32,16,0.9231,4,2,31.01,1,0,0,0,0,1
221,6232,3.0,1,517,31,1075,4.03,0.5347,37,14,0.6452,3,1,34.98,0,1,0,0,0,0
222,5083,4.0,4,498,37,1682,4.5,0.7229,38,30,0.9143,2,0,30.37,1,0,1,0,0,0
223,5560,4.0,8,526,51,625,3.75,0.3714,20,3,0.8571,3,2,35.76,0,0,0,0,0,1
224,5060,2.0,6,513,53,1382,4.56,0.7736,28,15,0.8889,0,3,29.67,1,1,0,0,0,0
225,5039,4.0,11,108,22,69,4.2,0.3622,34,13,0.6129,2,6,32.1,0,0,0,0,1,0
226,7251,4.0,3,10,59,165,4.37,0.4633,20,8,0.8889,1,1,32.84,1,0,1,0,0,0
227,5353,0.0,1,540,25,951,4.2,0.4005,26,12,0.92,0,0,32.9,0,0,1,0,0,0
228,5304,1.0,5,533,49,1178,4.76,0.6218,21,10,0.6471,2,2,31.61,1,1,0,0,0,0
229,5556,1.0,12,509,43,1507,4.66,0.6540,29,14,0.7826,3,0,34.22,1,0,0,0,0,1
230,7125,2.0,10,330,43,1101,4.3,0.4858,28,4,0.6364,4,2,32.84,0,1,0,0,0,0
231,6640,1.0,10,216,54,869,4.38,0.6096,30,20,0.8889,3,1,29.71,1,1,0,0,0,0
232,6366,1.0,10,341,60,585,4.77,0.5263,29,13,1.0,5,3,30.88,1,1,0,0,0,0
233,7378,3.0,7,587,28,550,3.8,0.2773,31,6,0.64,6,2,36.2,0,0,0,0,1,0
234,6028,0.0,6,495,63,437,3.89,0.3088,27,6,0.6364,3,1,34.79,0,0,0,0,0,1
235,6147,1.0,1,493,57,669,3.9,0.2335,18,2,0.75,0,1,37.34,0,0,0,0,0,1
236,6304,3.0,9,97,49,496,4.52,0.4736,31,11,0.9615,2,1,32.48,1,0,0,0,1,0
237,6608,1.0,9,126,61,656,4.16,0.2763,27,2,0.5417,2,0,36.27,0,1,0,0,0,0
238,5800,4.0,4,403,53,1498,4.13,0.6281,27,9,0.85,5,2,29.74,0,0,1,0,0,0
239,5278,4.0,7,671,28,1342,4.02,0.4171,34,4,0.7,7,1,31.28,0,1,0,0,0,0
240,5470,4.0,12,401,24,459,3.99,0.3489,15,4,0.5833,3,1,34.26,0,1,0,0,0,0
241,5167,1.0,2,6,26,1121,4.61,0.4749,26,8,0.9091,0,3,31.26,0,1,0,0,0,0
242,5631,1.0,7,531,55,754,3.89,0.3898,33,5,0.8462,3,2,33.83,0,0,0,0,0,1
243,6368,0.0,12,627,38,1074,4.29,0.5404,23,9,0.95,2,1,31.56,0,0,0,0,0,1
244,6577,2.0,1,255,45,1327,4.5,0.6065,37,18,0.7742,3,1,32.75,1,0,0,0,1,0
245,5576,3.0,6,429,36,739,4.15,0.5467,34,15,0.9286,5,3,31.79,1,1,0,0,0,0
246,5729,1.0,12,594,28,1489,3.67,0.3323,29,0,0.5714,4,3,35.98,0,1,0,0,0,0
247,6341,3.0,10,328,22,1428,3.86,0.4944,32,5,0.6897,2,6,35.31,0,1,0,0,0,0
248,6449,0.0,10,668,26,765,4.5,0.5309,32,15,0.8148,4,1,31.22,1,0,0,0,1,0
249,6536,3.0,11,179,62,1677,4.9,0.8864,23,16,1.0,3,0,27.39,1,0,1,0,0,0
250,5267,2.0,6,532,28,1165,4.19,0.6603,44,18,0.8,6,3,30.81,1,0,0,0,0,1
251,7252,0.0,9,322,31,647,4.02,0.4523,33,12,0.7931,1,1,31.84,0,1,0,0,0,0
252,5706,2.0,12,619,55,1653,4.66,0.7421,27,16,0.92,1,0,29.36,1,0,0,0,0,1
253,6391,3.0,5,94,26,1254,4.58,0.7569,29,21,0.92,2,1,24.46,1,1,0,0,0,0
254,5810,4.0,6,370,56,752,3.46,0.0912,29,2,0.3684,4,5,41.46,0,0,0,0,1,0
255,5221,1.0,1,519,36,648,4.99,0.6228,25,19,0.9167,1,0,30.4,1,0,0,1,0,0
256,5203,0.0,7,617,22,823,4.05,0.2872,30,4,0.72,5,3,36.97,0,1,0,0,0,0
257,6876,1.0,5,501,63,134,4.43,0.3925,24,10,0.85,3,3,33.76,0,0,1,0,0,0
258,7415,2.0,6,490,21,1470,4.54,0.6912,19,9,0.8889,0,2,30.07,1,0,0,0,0,1
259,5922,4.0,11,35,47,493,4.7,0.5430,20,9,0.875,3,2,30.04,1,0,0,0,1,0
260,6737,0.0,6,392,20,498,4.76,0.5638,29,18,0.9231,2,0,28.87,1,0,0,0,1,0
261,6380,1.0,10,684,23,764,3.96,0.3766,29,5,0.7727,3,2,35.23,0,1,0,0,0,0
262,5647,0.0,3,212,47,1140,4.31,0.6043,36,14,0.8333,8,2,32.03,1,0,0,0,1,0
263,7090,1.0,2,237,24,541,4.07,0.3380,27,7,0.4545,4,2,36.67,0,0,0,0,1,0
264,6656,0.0,8,393,30,656,4.64,0.4331,27,10,0.8261,2,3,36.22,0,1,0,0,0,0
265,7235,1.0,5,240,29,1774,4.72,0.7719,34,21,0.8966,3,1,27.26,1,1,0,0,0,0
266,7113,3.0,3,680,39,973,4.67,0.7577,25,17,0.9,3,1,27.54,1,0,0,0,0,1
267,7149,1.0,2,54,36,1232,4.12,0.4650,35,4,0.7917,8,4,34.75,0,0,1,0,0,0
268,7190,3.0,9,191,48,1337,4.26,0.6250,34,15,0.7742,1,1,33.56,1,0,1,0,0,0
269,7446,0.0,7,91,35,277,4.44,0.4404,33,12,0.8077,5,4,32.55,0,0,0,1,0,0
270,6343,3.0,1,612,27,620,3.84,0.3423,33,2,0.5,3,2,37.39,0,1,0,0,0,0
271,6586,2.0,2,543,24,1501,4.11,0.5837,23,5,0.8889,4,0,35.8,0,1,0,0,0,0
272,7313,1.0,5,80,51,295,4.37,0.3970,26,10,0.6957,2,0,32.26,0,1,0,0,0,0
273,6848,4.0,6,346,18,794,4.32,0.4639,29,13,0.8571,0,0,33.37,0,0,0,1,0,0
274,6472,4.0,4,258,43,1699,4.29,0.6600,24,9,0.7647,6,0,32.88,0,0,1,0,0,0
275,6344,4.0,1,217,41,1168,5.0,0.7491,23,18,1.0,1,2,27.64,1,1,0,0,0,0
276,5539,0.0,4,426,18,340,4.18,0.2537,35,5,0.7742,2,5,36.12,0,1,0,0,0,0
277,7372,4.0,11,301,30,94,4.1,0.2519,25,4,0.6818,2,0,34.69,0,0,0,0,0,1
278,6865,3.0,2,80,21,1543,3.63,0.3832,28,4,0.5,4,2,38.26,0,0,1,0,0,0
279,7029,3.0,1,672,27,1332,4.8,0.6477,17,6,0.8667,1,0,26.98,1,0,0,0,0,1
280,6080,1.0,1,459,27,1591,4.9,0.8292,23,17,1.0,1,0,29.19,1,0,1,0,0,0
281,6879,3.0,3,188,61,458,3.83,0.2373,28,4,0.6957,2,1,36.44,0,0,0,0,1,0
282,7332,0.0,3,643,43,1734,4.6,0.8174,32,14,0.9259,2,1,31.46,1,0,0,0,0,1
283,6025,2.0,7,270,61,1054,4.28,0.4498,33,10,0.72,3,3,34.5,0,0,1,0,0,0
284,5329,2.0,6,695,35,481,4.59,0.5635,28,18,0.96,3,2,29.78,1,0,0,0,1,0
285,6108,1.0,2,401,60,796,4.34,0.5196,19,6,0.6667,1,3,33.44,0,1,0,0,0,0
286,6517,4.0,4,494,35,1684,4.63,0.7157,36,23,0.9375,2,1,30.84,1,0,0,0,1,0
287,6129,1.0,7,165,19,657,3.89,0.3211,27,4,0.6364,2,4,37.0,0,1,0,0,0,0
288,5331,0.0,12,294,23,228,4.1,0.3556,24,4,0.7619,2,4,33.06,0,0,0,0,1,0
289,6097,3.0,5,456,44,33,4.19,0.2785,26,3,0.913,1,3,35.15,0,0,0,0,1,0
290,6270,2.0,9,141,38,797,4.77,0.5824,36,23,0.875,3,3,30.61,1,0,0,0,1,0
291,5823,3.0,3,604,32,1285,3.88,0.3340,19,1,0.6429,4,4,38.39,0,1,0,0,0,0
292,7055,2.0,8,358,61,101,4.32,0.4139,30,13,0.9259,3,2,31.63,1,0,0,0,0,1
293,6109,2.0,5,21,50,295,4.6,0.4592,32,12,0.9286,4,1,32.21,1,1,0,0,0,0
294,6535,2.0,1,429,28,1233,5.0,0.9021,21,20,1.0,0,0,23.82,1,0,1,0,0,0
295,6679,0.0,10,156,30,878,4.42,0.6687,34,20,0.9032,2,1,29.14,1,0,1,0,0,0
296,5293,3.0,10,524,58,715,4.29,0.5152,29,11,0.88,3,2,32.62,0,1,0,0,0,0
297,7122,3.0,11,529,39,1139,4.11,0.4213,30,2,0.6111,8,1,32.84,0,0,0,0,0,1
298,7128,4.0,12,23,36,1501,4.26,0.4316,29,1,0.7273,5,1,32.84,0,0,0,1,0,0
299,5201,3.0,4,642,28,579,4.17,0.3630,38,6,0.8333,6,1,36.24,0,0,0,0,0,1
300,6296,2.0,11,576,18,1393,4.23,0.5642,22,5,0.875,4,2,29.32,0,0,0,1,0,0
301,6493,0.0,10,294,44,320,4.33,0.2333,15,2,0.8182,3,0,34.74,0,0,0,0,1,0
302,6430,1.0,4,433,19,516,4.26,0.3697,31,9,0.7917,5,2,35.31,0,1,0,0,0,0
303,6070,0.0,12,40,33,659,3.6,0.3213,28,3,0.7778,7,0,38.57,0,1,0,0,0,0
304,5317,1.0,11,605,42,1495,4.74,0.8038,24,14,0.95,2,0,27.69,1,0,0,0,1,0
305,7070,4.0,7,292,33,518,4.48,0.3841,23,11,0.75,2,1,30.91,1,0,1,0,0,0
306,6661,3.0,1,424,50,1548,3.89,0.4655,27,3,0.6875,9,2,34.21,0,1,0,0,0,0
307,7498,1.0,8,429,49,101,4.68,0.3776,37,18,0.9667,3,1,33.16,1,0,0,0,1,0
308,6589,2.0,2,19,36,748,4.41,0.4640,25,7,0.7,2,2,32.89,0,0,0,1,0,0
309,6290,4.0,5,135,23,292,3.98,0.3278,27,5,0.7391,2,0,38.69,0,0,1,0,0,0
310,5190,4.0,3,230,18,199,4.14,0.2535,19,4,0.7143,4,1,30.85,0,0,0,1,0,0
311,6184,0.0,2,503,50,1575,4.43,0.7435,37,22,0.9375,3,2,29.25,1,0,0,0,1,0
312,7219,4.0,1,347,41,807,4.45,0.5057,33,13,0.88,5,1,33.35,0,0,1,0,0,0
313,5022,2.0,12,637,18,1605,4.22,0.4991,30,4,0.8182,5,3,33.89,0,1,0,0,0,0
314,6142,4.0,9,622,31,736,4.5,0.5181,25,12,0.8333,5,0,27.12,1,0,0,0,1,0
315,6496,0.0,1,403,29,1634,3.42,0.3900,23,0,0.6667,8,1,40.29,0,0,0,0,1,0
316,7395,2.0,6,320,51,1169,5.0,0.8468,21,20,1.0,1,0,27.26,1,0,0,0,1,0
317,5265,0.0,1,76,18,1403,4.49,0.5979,36,11,0.7742,1,1,34.42,0,0,0,0,1,0
318,6850,3.0,5,285,21,1549,4.11,0.6184,27,12,0.8,1,1,31.35,1,1,0,0,0,0
319,6967,0.0,12,452,54,184,4.25,0.3215,24,6,0.7,2,1,32.67,0,0,1,0,0,0
320,6837,1.0,2,416,22,1004,4.2,0.4115,29,7,0.6667,8,3,36.23,0,0,1,0,0,0
321,7073,3.0,4,452,50,201,4.51,0.5248,25,10,0.913,2,0,29.77,1,0,0,0,0,1
322,5612,1.0,3,54,38,1219,3.94,0.4589,24,2,0.7273,6,2,36.99,0,1,0,0,0,0
323,5188,0.0,7,390,51,830,4.44,0.4802,27,16,0.75,1,2,34.2,1,1,0,0,0,0
324,6235,4.0,9,370,61,1141,4.18,0.4398,30,4,0.7727,5,0,33.86,0,1,0,0,0,0
325,5082,3.0,4,245,39,1596,3.99,0.5244,31,3,0.6957,3,1,35.07,0,1,0,0,0,0
326,5980,3.0,3,156,57,1118,3.61,0.3362,24,2,0.8125,3,3,37.86,0,0,0,0,1,0
327,5842,4.0,11,67,22,383,4.52,0.5602,24,14,0.9545,1,1,27.32,1,0,0,0,0,1
328,7462,2.0,6,342,57,1625,4.54,0.6123,24,5,0.7222,6,3,30.27,0,1,0,0,0,0
329,5554,3.0,2,43,50,1251,3.96,0.5648,27,10,0.9048,3,2,32.11,0,0,0,0,0,1
330,7087,1.0,8,587,18,304,3.75,0.3358,26,3,0.6842,4,3,35.93,0,0,0,0,0,1
331,6511,2.0,11,360,40,1224,4.53,0.6174,28,9,0.8095,3,2,29.97,1,0,0,0,0,1
332,6284,4.0,9,310,24,1102,4.28,0.4503,23,3,0.6667,0,4,37.7,0,0,0,0,0,1
333,5801,4.0,7,126,47,367,3.86,0.1984,24,0,0.4,6,3,34.53,0,1,0,0,0,0
334,5389,0.0,12,360,50,246,4.51,0.3353,28,4,0.8095,4,1,31.93,0,0,0,1,0,0
335,5988,3.0,1,488,45,1493,4.6,0.6921,33,9,0.7778,6,0,32.74,1,0,1,0,0,0
336,5279,3.0,8,430,48,723,3.98,0.4225,33,10,0.7097,2,3,35.73,0,1,0,0,0,0
337,6370,1.0,8,230,63,1201,4.18,0.4185,22,3,0.6923,7,1,35.75,0,1,0,0,0,0
338,6263,1.0,1,204,58,262,4.84,0.5042,26,11,0.9167,0,2,30.93,1,0,0,0,1,0
339,7200,3.0,2,644,49,865,4.34,0.5393,23,9,0.6667,2,3,34.55,0,0,0,0,1,0
340,7478,1.0,2,670,44,893,4.09,0.5007,26,5,0.92,0,3,36.21,0,0,0,0,1,0
341,5070,4.0,5,569,51,288,3.57,0.2403,18,1,0.6429,1,0,40.84,0,0,0,0,0,1
342,6944,0.0,12,644,44,1741,4.3,0.7688,24,14,0.8636,1,1,31.91,1,0,1,0,0,0
343,5152,2.0,9,420,60,579,3.99,0.3072,27,3,0.6087,2,2,34.07,0,0,1,0,0,0
344,6593,3.0,7,23,36,1070,4.71,0.4879,18,6,0.625,1,0,32.84,0,0,1,0,0,0
345,6357,4.0,8,233,47,1676,4.83,0.6832,34,19,0.9032,0,2,29.85,1,1,0,0,0,0
346,6902,3.0,3,141,59,188,4.13,0.3031,24,4,0.6842,3,1,33.0,0,0,1,0,0,0
347,6610,1.0,1,54,34,972,4.82,0.6720,32,20,0.9643,3,0,27.6,1,0,1,0,0,0
348,6244,1.0,7,523,62,1514,4.94,0.7233,33,23,0.931,3,2,26.99,1,0,1,0,0,0
349,6433,0.0,11,16,55,1127,3.86,0.3356,29,2,0.7,4,4,36.44,0,1,0,0,0,0
350,7280,1.0,2,237,26,118,4.35,0.4365,36,22,0.9412,1,1,30.52,1,0,0,0,1,0
351,5691,1.0,3,122,61,410,4.52,0.4839,25,10,0.8182,2,2,31.02,1,0,1,0,0,0
352,5391,3.0,7,481,46,296,3.16,0.1833,28,1,0.7222,6,7,37.11,0,0,0,1,0,0
353,5540,2.0,9,649,19,1082,4.98,0.6527,25,18,0.9167,1,2,30.24,1,0,1,0,0,0
354,5340,1.0,6,533,63,789,4.29,0.5294,35,15,0.9655,5,3,32.17,1,1,0,0,0,0
355,6139,1.0,7,273,49,1110,4.31,0.5691,32,6,0.56,1,2,32.74,0,0,1,0,0,0
356,5782,4.0,12,265,62,508,4.14,0.3410,28,3,0.7143,6,3,37.29,0,0,0,1,0,0
357,6349,0.0,3,77,58,1751,4.83,0.7998,18,15,1.0,1,0,32.84,1,1,0,0,0,0
358,6333,0.0,11,625,35,640,4.6,0.5505,24,8,0.95,3,2,30.28,1,1,0,0,0,0
359,5098,3.0,11,436,59,635,4.71,0.6202,25,15,0.8696,1,1,30.63,1,0,1,0,0,0
360,5041,4.0,7,338,45,230,3.96,0.2594,25,5,0.8125,4,0,36.02,0,0,1,0,0,0
361,7154,3.0,11,649,31,583,4.13,0.4346,25,9,0.619,3,2,34.51,0,0,0,0,0,1
362,5635,0.0,7,304,48,1198,4.31,0.6096,21,10,0.9474,1,0,33.24,1,0,0,0,0,1
363,6475,2.0,6,531,18,154,4.91,0.6017,27,24,0.963,0,2,27.76,1,0,1,0,0,0
364,6567,3.0,8,120,23,873,4.39,0.5593,22,15,1.0,1,0,28.42,1,0,1,0,0,0
365,6834,3.0,3,309,42,1143,4.19,0.4784,27,6,0.76,1,3,32.84,0,1,0,0,0,0
366,5319,0.0,4,174,41,56,4.45,0.3759,47,18,0.973,1,1,31.66,1,0,1,0,0,0
367,6923,0.0,9,540,50,603,4.03,0.2695,39,2,0.6897,5,3,36.74,0,0,0,0,1,0
368,6283,4.0,1,209,54,113,4.43,0.3657,24,10,0.7778,5,0,30.79,0,0,0,0,1,0
369,5533,1.0,11,379,47,1480,4.44,0.7144,27,14,0.72,2,2,30.27,1,0,0,0,1,0
370,6118,1.0,3,64,60,1574,3.93,0.4126,39,4,0.4483,7,9,37.94,0,1,0,0,0,0
371,6412,2.0,3,202,54,936,4.81,0.5486,33,18,0.8571,4,0,31.7,1,0,0,0,1,0
372,6988,3.0,11,296,39,1476,4.32,0.4814,32,5,0.7692,5,3,35.56,0,0,1,0,0,0
373,6201,3.0,3,151,33,550,4.17,0.3878,29,10,0.9048,5,0,32.84,0,0,1,0,0,0
374,5984,1.0,8,514,56,1067,4.3,0.4960,23,1,0.8333,0,2,32.26,0,1,0,0,0,0
375,6622,3.0,7,366,58,541,4.56,0.4677,21,7,0.8824,1,2,30.54,0,0,0,0,1,0
376,5676,1.0,5,453,20,1251,4.38,0.4770,34,11,0.8966,3,3,32.84,0,0,0,0,1,0
377,6223,2.0,4,131,46,258,5.0,0.5821,26,16,1.0,1,1,28.35,1,1,0,0,0,0
378,6934,4.0,7,58,51,159,4.1,0.2827,36,7,0.75,5,4,39.28,0,1,0,0,0,0
379,6487,3.0,5,699,44,491,4.28,0.4417,25,5,0.7619,2,3,32.76,0,1,0,0,0,0
380,6968,2.0,10,52,30,184,4.51,0.3995,25,3,0.9524,1,1,32.46,0,0,0,0,1,0
381,7421,2.0,1,34,37,269,4.57,0.3462,37,12,0.7742,3,3,32.05,0,1,0,0,0,0
382,6003,1.0,1,196,23,549,4.34,0.3421,24,3,0.8889,5,1,33.26,0,0,0,0,1,0
383,7063,3.0,3,418,47,1117,4.04,0.4249,31,5,0.6296,2,3,37.84,0,0,1,0,0,0
384,5286,0.0,7,48,53,1182,4.67,0.6359,28,15,0.84,0,1,32.84,1,0,0,0,1,0
385,5129,4.0,2,237,57,1453,4.45,0.5584,22,5,0.7333,5,2,32.84,0,1,0,0,0,0
386,5880,1.0,12,684,39,1656,4.83,0.8629,29,19,1.0,3,0,32.84,1,0,0,0,0,1
387,6774,3.0,5,656,18,1680,4.77,0.6758,26,14,0.9524,2,0,30.36,1,0,1,0,0,0
388,6592,3.0,10,250,59,439,4.32,0.4129,32,9,0.9091,5,5,33.2,0,0,0,1,0,0
389,5664,3.0,7,78,52,896,4.66,0.4808,33,11,0.8387,1,0,32.84,0,0,0,0,0,1
390,5995,3.0,5,385,48,415,3.89,0.3227,35,3,0.6957,7,2,33.68,0,0,1,0,0,0
391,6042,1.0,11,636,49,1128,4.55,0.5720,37,22,0.8214,6,0,30.5,1,1,0,0,0,0
392,5941,2.0,6,505,63,475,4.23,0.3896,32,4,0.72,3,2,33.87,0,0,0,1,0,0
393,5993,3.0,7,15,56,739,3.74,0.3806,31,4,0.7391,5,1,34.97,0,1,0,0,0,0
394,5378,1.0,3,689,60,1095,4.54,0.5959,20,8,0.8333,1,1,29.33,1,0,0,0,0,1
395,6836,4.0,12,434,42,918,5.0,0.6974,29,23,0.9259,2,1,32.84,1,0,0,0,1,0
396,6259,0.0,8,164,45,443,4.21,0.3943,25,7,0.7,0,1,32.81,0,0,0,0,0,1
397,6278,3.0,4,325,57,672,4.81,0.6624,21,17,0.9048,0,2,28.38,1,0,1,0,0,0
398,5033,0.0,6,104,59,216,4.16,0.4993,20,6,0.7222,1,0,31.91,1,0,0,0,1,0
399,7360,4.0,12,70,25,602,3.92,0.2868,36,7,0.75,4,2,34.71,0,0,0,0,1,0
400,6053,1.0,5,305,29,563,4.62,0.5407,26,18,0.9048,3,0,30.29,1,0,0,0,0,1
401,7141,3.0,7,439,18,715,4.43,0.4355,26,5,0.5714,4,2,33.47,0,0,1,0,0,0
402,6524,3.0,10,380,31,523,3.88,0.4451,25,7,0.913,1,3,35.59,0,0,0,0,1,0
403,6457,0.0,7,247,38,1660,3.71,0.5626,20,3,0.75,4,0,35.98,0,1,0,0,0,0
404,6560,4.0,5,197,32,288,4.63,0.5258,29,13,0.9167,4,0,33.02,1,1,0,0,0,0
405,7268,2.0,3,691,37,1391,4.05,0.4663,38,7,0.7778,8,3,35.31,0,0,0,0,1,0
406,6086,2.0,8,417,36,462,3.95,0.2941,39,15,0.6562,4,2,33.12,0,0,0,1,0,0
407,6362,1.0,1,492,47,1080,4.5,0.6012,31,15,0.72,4,3,31.88,0,0,1,0,0,0
408,5336,4.0,2,501,47,1517,4.31,0.5824,33,6,0.8261,7,1,37.09,0,1,0,0,0,0
409,6778,4.0,7,518,63,576,4.81,0.5140,35,19,0.8621,4,4,32.84,1,1,0,0,0,0
410,6822,3.0,12,450,62,1198,3.96,0.3988,33,2,0.6774,1,2,36.19,0,0,0,0,0,1
411,6248,0.0,2,635,34,70,4.59,0.3576,29,4,0.7895,4,2,36.97,0,1,0,0,0,0
412,6131,0.0,7,275,29,673,4.66,0.5813,28,17,0.7778,1,0,30.18,1,1,0,0,0,0
413,5027,0.0,12,541,56,1382,4.23,0.5472,29,6,0.7727,3,3,35.1,0,0,0,0,0,1
414,7051,3.0,7,517,41,1211,4.32,0.5083,29,11,0.7692,0,3,33.8,0,0,0,0,1,0
415,5669,0.0,3,185,59,62,4.26,0.2598,20,2,0.5385,4,1,36.98,0,0,0,0,1,0
416,5484,1.0,6,611,51,385,4.31,0.3986,31,9,0.7391,6,0,35.92,0,1,0,0,0,0
417,5678,1.0,1,193,32,1778,5.0,0.8824,24,17,0.9091,2,1,27.25,1,0,0,0,0,1
418,5069,2.0,2,215,40,1488,5.0,0.8751,27,22,0.9615,0,0,32.84,1,1,0,0,0,0
419,6507,4.0,6,665,28,443,4.19,0.3118,26,5,0.8889,5,1,32.76,0,1,0,0,0,0
420,6026,1.0,5,253,39,1694,4.43,0.7173,26,13,0.913,3,0,32.84,1,0,0,1,0,0
421,5821,1.0,6,451,37,483,3.86,0.3802,21,3,0.8421,1,1,37.88,0,1,0,0,0,0
422,6736,2.0,12,402,33,979,5.0,0.6422,34,25,0.9697,0,3,29.26,1,0,0,0,0,1
423,6478,4.0,4,455,40,1297,4.59,0.5739,33,14,0.8929,1,0,30.83,1,0,0,0,1,0
424,6704,1.0,5,582,55,1762,4.92,0.6625,37,8,0.8621,5,1,34.22,1,1,0,0,0,0
425,5687,0.0,5,240,61,1419,4.02,0.6235,33,8,0.8182,9,0,33.07,0,0,1,0,0,0
426,5100,0.0,11,16,20,962,4.06,0.4777,24,7,0.7059,5,1,34.72,0,0,1,0,0,0
427,6692,0.0,3,230,54,1473,4.6,0.6061,44,12,0.8889,5,3,31.26,0,1,0,0,0,0
428,5294,3.0,1,78,32,78,4.58,0.4705,23,12,0.7895,3,0,31.13,1,0,1,0,0,0
429,5464,2.0,2,584,49,529,4.8,0.6540,36,28,1.0,3,2,27.75,1,0,1,0,0,0
430,5825,1.0,2,433,47,1679,3.98,0.5348,21,7,0.8571,4,2,34.6,0,0,0,0,1,0
431,5127,2.0,5,494,25,1019,4.37,0.4802,34,9,0.7778,6,2,32.46,0,1,0,0,0,0
432,6156,4.0,6,656,44,684,4.12,0.3843,30,3,0.7,6,3,37.61,0,1,0,0,0,0
433,6958,1.0,4,388,47,342,4.49,0.4514,36,15,0.871,2,2,32.06,0,0,0,0,1,0
434,6024,2.0,2,92,39,893,4.62,0.6586,23,12,1.0,2,0,25.61,1,0,0,0,1,0
435,6494,2.0,3,543,47,465,4.59,0.5044,27,13,0.96,1,0,31.5,1,1,0,0,0,0
436,5157,2.0,1,262,18,331,4.23,0.3024,26,7,0.7,5,4,37.08,0,0,0,0,1,0
437,6558,0.0,2,402,44,76,3.69,0.1594,33,5,0.6154,6,2,38.19,0,1,0,0,0,0
438,5770,4.0,5,398,21,450,3.88,0.3571,33,5,0.7083,8,1,36.02,0,0,0,1,0,0
439,6965,0.0,3,679,28,456,4.22,0.4804,27,11,0.7917,3,1,30.64,0,0,0,1,0,0
440,6091,3.0,8,457,63,927,3.73,0.4446,26,6,0.6957,2,1,36.86,0,0,0,0,0,1
441,6413,2.0,4,216,38,776,3.6,0.1638,32,2,0.7917,7,4,39.68,0,0,0,0,1,0
442,5947,3.0,5,114,51,576,5.0,0.6746,30,16,0.92,4,1,28.6,1,1,0,0,0,0
443,6587,2.0,10,409,40,1575,4.54,0.6244,23,9,0.9474,4,0,29.84,1,0,0,0,0,1
444,7432,4.0,12,187,46,1601,4.58,0.7079,22,15,0.9524,1,0,28.9,1,0,1,0,0,0
445,7170,3.0,2,146,36,1731,4.29,0.6723,33,11,0.8846,7,4,33.08,0,1,0,0,0,0
446,5334,2.0,4,491,19,713,3.92,0.3244,42,3,0.6875,6,7,36.21,0,1,0,0,0,0
447,6031,0.0,2,191,18,1177,5.0,0.7416,33,22,0.9655,3,1,27.26,1,1,0,0,0,0
448,6813,4.0,3,149,53,686,4.79,0.5646,27,11,0.9524,5,1,29.44,1,0,1,0,0,0
449,6711,3.0,5,444,40,283,4.26,0.4737,34,16,0.9286,4,0,31.02,1,0,1,0,0,0
450,5025,1.0,6,98,26,422,4.21,0.3979,28,8,0.619,2,1,34.87,0,0,0,0,1,0
451,5508,4.0,5,410,43,1089,4.97,0.6956,28,23,0.96,1,0,27.59,1,0,0,1,0,0
452,6808,3.0,7,441,43,1022,4.85,0.6041,32,17,0.9286,2,1,30.37,1,0,0,0,1,0
453,5606,2.0,5,303,26,1094,4.91,0.6276,30,14,0.9231,3,0,30.22,1,1,0,0,0,0
454,5454,4.0,9,67,33,1458,4.64,0.6730,26,15,0.9565,1,0,28.2,1,0,0,0,0,1
455,7356,1.0,1,625,21,323,3.94,0.1969,37,3,0.6667,8,5,41.16,0,0,0,0,1,0
456,5746,4.0,11,354,21,1274,4.9,0.8195,29,21,0.963,2,0,27.4,1,1,0,0,0,0
457,7354,0.0,1,340,41,435,4.32,0.4900,30,12,0.7391,4,1,32.12,0,0,0,1,0,0
458,6617,2.0,12,485,28,1710,3.86,0.5682,33,6,0.72,5,4,35.28,0,0,0,0,0,1
459,7105,1.0,8,408,40,851,4.32,0.4459,28,8,0.875,3,3,32.84,0,0,0,0,1,0
460,6683,2.0,1,151,61,1194,3.84,0.4098,23,10,0.8333,2,2,36.33,0,0,1,0,0,0
461,5226,1.0,5,381,28,1510,4.4,0.7355,35,24,0.9091,2,0,28.02,1,1,0,0,0,0
462,6810,4.0,7,228,54,997,4.21,0.6066,27,9,0.7917,1,1,34.37,1,0,1,0,0,0
463,5065,0.0,6,543,45,491,4.66,0.4687,32,15,1.0,1,1,31.26,1,0,0,0,1,0
464,6010,2.0,3,95,20,918,3.96,0.4344,18,5,0.6667,3,2,32.84,0,0,0,0,1,0
465,5044,3.0,9,298,56,589,4.55,0.5512,35,18,0.9231,3,3,32.84,1,0,0,0,1,0
466,5431,1.0,7,108,22,124,4.13,0.3439,30,10,0.64,3,2,36.48,0,0,0,0,0,1
467,7012,4.0,11,567,38,173,4.34,0.2387,40,3,0.8333,7,3,33.95,0,0,1,0,0,0
468,7119,3.0,4,306,60,1774,4.56,0.7554,30,14,0.9545,5,1,29.79,1,0,0,0,1,0
469,5400,2.0,10,79,58,535,3.73,0.2981,22,1,0.75,5,4,34.76,0,0,0,1,0,0
470,6144,1.0,2,333,50,246,4.35,0.3630,32,7,0.963,4,1,32.61,0,1,0,0,0,0
471,5173,2.0,10,651,48,1388,4.74,0.6696,32,22,0.9,1,3,31.55,1,0,0,0,1,0
472,6332,3.0,9,430,36,38,4.51,0.4743,35,20,0.931,3,2,28.04,1,1,0,0,0,0
473,6352,0.0,8,210,42,198,4.48,0.4969,27,14,0.7083,2,0,31.23,1,0,0,0,1,0
474,6161,2.0,2,581,36,429,4.1,0.2563,39,6,0.75,3,3,36.79,0,0,0,0,1,0
475,6670,2.0,10,582,21,65,4.61,0.4972,31,25,0.8929,1,0,29.59,1,1,0,0,0,0
476,6596,1.0,2,283,49,969,3.97,0.4192,37,9,0.7667,3,1,34.53,0,0,1,0,0,0
477,5786,3.0,10,533,46,1033,4.63,0.4245,34,10,0.6,8,1,34.75,0,1,0,0,0,0
478,6910,4.0,8,409,26,318,4.11,0.3623,24,6,0.9,3,1,33.7,0,1,0,0,0,0
479,6261,3.0,8,430,20,131,4.08,0.2670,33,4,0.6957,6,2,38.59,0,1,0,0,0,0
480,5852,1.0,2,83,28,1759,4.43,0.7823,29,16,0.9231,2,4,30.2,1,0,0,0,1,0
481,6151,3.0,9,264,37,1501,3.6,0.3600,21,2,0.4,3,2,38.23,0,1,0,0,0,0
482,6986,2.0,5,624,44,579,3.84,0.4484,38,8,0.5667,3,4,35.03,0,0,0,0,0,1
483,7104,0.0,11,667,48,1615,4.26,0.7249,28,8,0.7917,1,0,29.53,1,0,0,0,1,0
484,6407,0.0,4,632,46,603,3.88,0.2786,31,4,0.8182,8,6,35.43,0,0,0,1,0,0
485,6823,2.0,11,108,43,398,4.09,0.3553,34,6,0.8,3,3,34.23,0,0,0,0,1,0
486,6638,2.0,5,566,23,1514,4.46,0.4849,33,7,0.6538,4,0,35.83,0,0,0,0,1,0
487,5038,2.0,3,527,36,870,4.39,0.3644,34,7,0.8571,3,0,34.47,0,0,0,1,0,0
488,6856,3.0,2,583,22,211,4.7,0.5015,17,10,1.0,3,2,28.89,1,1,0,0,0,0
489,5866,4.0,6,196,24,166,4.36,0.3398,25,9,0.7273,1,2,34.55,0,0,0,1,0,0
490,6630,1.0,2,89,39,638,4.85,0.4807,31,13,0.8148,4,0,32.39,1,0,0,0,0,1
491,5597,1.0,12,184,28,1485,5.0,0.7311,25,16,0.95,4,0,29.07,1,1,0,0,0,0
492,5673,3.0,1,143,39,956,4.1,0.4583,31,2,0.8462,3,2,32.26,0,0,0,0,0,1
493,7130,3.0,9,274,31,1457,4.26,0.5487,29,7,0.6364,7,2,34.12,0,0,0,0,1,0
494,6909,4.0,8,43,51,1799,4.49,0.6369,24,7,0.8235,3,0,31.91,0,0,0,0,1,0
495,5229,2.0,10,380,60,178,4.0,0.2195,23,3,0.75,3,1,37.29,0,0,1,0,0,0
496,5679,2.0,7,682,60,510,4.37,0.3588,38,10,0.8621,6,2,34.42,0,1,0,0,0,0
497,6714,0.0,3,315,53,169,4.52,0.3673,21,9,0.7368,2,0,33.15,0,1,0,0,0,0
498,5996,3.0,2,290,56,944,4.68,0.5860,31,16,0.8462,1,0,28.22,1,0,0,1,0,0
499,5168,2.0,3,234,47,538,3.97,0.2393,30,0,0.5769,2,4,41.0,0,0,1,0,0,0
500,7293,3.0,11,555,31,680,3.92,0.2737,32,3,0.6667,5,4,35.58,0,0,1,0,0,0
501,7129,3.0,5,696,29,187,4.14,0.2384,25,3,0.7083,1,3,32.62,0,0,0,0,1,0
502,5402,2.0,6,223,23,269,3.93,0.4021,28,6,0.7368,5,1,32.03,0,0,1,0,0,0
503,5269,1.0,1,355,50,1788,3.99,0.5724,33,7,0.6667,8,2,31.86,0,1,0,0,0,0
504,6984,3.0,2,378,33,642,4.4,0.4803,26,11,0.875,1,3,31.65,1,0,0,0,1,0
505,6476,3.0,10,592,26,1785,3.93,0.5603,26,6,0.7895,3,4,38.53,0,0,0,0,1,0
506,6948,3.0,5,330,30,485,4.44,0.5311,32,18,0.8387,0,1,30.03,1,0,0,0,1,0
507,7494,2.0,8,630,43,222,4.42,0.3011,31,8,0.75,3,4,33.14,0,0,0,1,0,0
508,5542,3.0,10,221,50,1748,4.37,0.6545,34,11,0.8333,2,5,34.56,0,0,1,0,0,0
509,5710,0.0,12,235,56,382,3.81,0.1811,28,1,0.5,4,4,38.86,0,0,0,0,0,1
510,5366,2.0,3,187,19,918,4.14,0.4254,27,5,0.8,2,0,33.46,0,1,0,0,0,0
511,6883,3.0,4,122,48,1406,4.79,0.6944,26,16,0.96,0,3,29.01,1,0,0,1,0,0
512,6325,3.0,1,576,22,112,4.26,0.4513,28,15,0.8462,0,1,32.97,1,1,0,0,0,0
513,5834,1.0,6,650,23,634,4.09,0.3672,27,2,0.7273,4,1,34.35,0,0,0,0,1,0
514,5518,4.0,6,571,41,958,4.01,0.4451,32,2,0.7059,11,1,36.62,0,0,0,0,1,0
515,6498,3.0,4,559,57,376,4.38,0.2875,27,4,0.6818,4,3,34.53,0,0,0,1,0,0
516,5671,0.0,8,549,18,1212,3.98,0.4480,41,7,0.8,6,2,34.3,0,1,0,0,0,0
517,6126,3.0,4,329,40,1640,4.07,0.5892,34,10,0.875,8,2,33.61,0,0,1,0,0,0
518,7301,1.0,12,554,31,1560,4.47,0.6239,27,10,0.9091,3,1,31.28,0,0,1,0,0,0
519,6190,2.0,1,532,23,639,4.52,0.5558,23,12,0.9091,1,1,28.97,1,1,0,0,0,0
520,5028,4.0,9,280,46,1637,4.43,0.7517,29,12,0.9167,4,2,30.28,1,1,0,0,0,0
521,7307,2.0,4,124,57,895,4.05,0.3986,24,3,0.8667,7,2,32.84,0,1,0,0,0,0
522,6084,4.0,6,345,62,796,5.0,0.7086,20,13,1.0,2,1,28.38,1,0,0,0,0,1
523,5093,4.0,12,5,40,387,3.84,0.2413,38,5,0.7143,8,3,37.89,0,1,0,0,0,0
524,5123,4.0,6,395,22,457,3.82,0.3113,31,1,0.6818,4,3,38.3,0,1,0,0,0,0
525,5320,3.0,5,548,38,392,4.61,0.5145,22,14,0.9524,1,3,31.88,1,0,1,0,0,0
526,5029,0.0,6,81,21,499,4.9,0.5832,26,18,1.0,2,1,30.71,1,1,0,0,0,0
527,5969,2.0,4,31,58,1006,4.23,0.5133,30,11,0.7692,2,4,32.11,0,0,0,0,1,0
528,5282,0.0,5,508,43,1368,4.61,0.6812,22,13,1.0,1,2,30.36,1,0,0,0,0,1
529,6864,3.0,4,678,28,1442,4.63,0.5460,19,4,0.9375,2,0,32.28,0,0,1,0,0,0
530,5489,3.0,12,40,60,1101,4.75,0.6568,31,20,0.8846,2,3,28.96,1,0,1,0,0,0
531,6950,1.0,12,625,25,1685,4.59,0.7372,24,9,0.8571,2,2,31.13,1,1,0,0,0,0
532,6094,1.0,3,450,51,1085,4.83,0.5829,38,20,0.8824,2,2,31.62,1,0,0,0,1,0
533,5375,0.0,7,634,42,783,4.79,0.6239,30,17,0.875,2,0,28.8,1,0,0,0,1,0
534,5344,3.0,1,377,25,1692,4.44,0.6020,20,5,0.7222,0,2,29.91,0,0,0,0,1,0
535,5815,3.0,1,418,44,1111,4.16,0.4432,23,5,0.75,3,0,32.84,0,1,0,0,0,0
536,7480,1.0,10,410,19,414,4.21,0.4367,30,13,0.75,5,1,31.62,1,0,0,0,1,0
537,6364,3.0,12,510,29,867,4.45,0.4817,22,5,0.8125,4,1,31.63,0,1,0,0,0,0
538,5042,4.0,3,242,52,1554,4.59,0.6619,20,8,0.8421,1,2,31.36,0,0,0,0,1,0
539,7467,2.0,2,361,36,41,4.29,0.4824,37,21,0.9355,5,0,30.89,1,1,0,0,0,0
540,5541,4.0,9,489,54,262,4.15,0.3281,29,4,0.7619,4,0,35.65,0,0,0,1,0,0
541,5141,4.0,5,341,51,847,3.9,0.3327,30,4,0.6667,3,4,36.11,0,0,0,0,0,1
542,6675,4.0,4,303,22,1161,4.04,0.5219,21,6,0.8,4,2,37.65,0,0,1,0,0,0
543,5641,0.0,2,526,40,1098,4.5,0.6027,32,20,0.9333,1,1,29.82,1,1,0,0,0,0
544,6119,2.0,8,230,18,966,3.73,0.4176,28,5,0.7368,6,1,36.77,0,1,0,0,0,0
545,6903,2.0,3,202,58,463,4.26,0.3695,28,10,0.9167,0,2,33.39,0,1,0,0,0,0
546,7428,3.0,6,415,21,306,4.59,0.5072,19,11,0.8333,0,1,32.84,1,1,0,0,0,0
547,5531,4.0,4,501,49,1482,4.76,0.6779,25,12,0.9091,1,3,29.17,1,1,0,0,0,0
548,5401,2.0,5,61,31,83,3.1,0.0196,22,0,0.7143,7,1,38.54,0,0,1,0,0,0
549,6764,2.0,7,483,25,934,4.17,0.5036,22,5,0.7895,3,3,32.84,0,1,0,0,0,0
550,5272,0.0,10,643,41,1725,4.88,0.7951,27,15,0.9615,1,0,28.9,1,0,0,0,1,0
551,7473,1.0,5,434,46,1028,4.13,0.4628,23,8,0.75,3,2,36.28,0,0,0,0,1,0
552,5172,1.0,11,473,21,692,4.3,0.4419,29,8,0.88,3,3,34.77,0,0,0,0,1,0
553,5791,0.0,11,285,58,638,4.33,0.3965,30,5,0.7826,5,0,33.48,0,1,0,0,0,0
554,6745,1.0,9,255,57,583,4.6,0.5201,37,14,0.8182,2,1,31.05,0,1,0,0,0,0
555,6194,2.0,4,404,43,859,4.0,0.3755,32,3,0.8519,4,2,36.0,0,0,0,0,1,0
556,5876,4.0,7,301,59,1773,4.48,0.6573,33,16,0.8,0,2,33.07,0,0,1,0,0,0
557,5694,4.0,6,332,25,30,4.24,0.3315,27,7,0.7895,6,2,33.05,0,1,0,0,0,0
558,6423,0.0,12,520,29,1293,4.25,0.5219,21,1,0.5385,6,2,34.81,0,1,0,0,0,0
559,5806,4.0,6,563,53,1786,4.3,0.6636,21,13,0.7778,3,0,32.52,1,1,0,0,0,0
560,6840,4.0,2,324,43,172,4.49,0.4591,32,18,0.7857,2,1,32.84,1,0,0,0,1,0
561,5726,1.0,5,40,29,125,4.01,0.3952,29,5,0.8,5,2,33.7,0,0,0,0,0,1
562,5035,4.0,8,284,45,1234,4.49,0.6591,22,14,0.85,1,2,27.24,1,0,1,0,0,0
563,7210,1.0,8,689,30,324,4.06,0.3375,34,7,0.8696,5,0,35.6,0,0,1,0,0,0
564,7068,1.0,4,14,32,1141,4.16,0.5004,28,9,0.7917,2,2,35.92,0,1,0,0,0,0
565,6114,2.0,2,323,39,1450,4.05,0.6956,26,15,1.0,2,1,31.26,1,1,0,0,0,0
566,7442,4.0,2,191,28,606,3.93,0.3950,32,10,0.7241,2,4,34.8,0,1,0,0,0,0
567,6152,2.0,11,8,47,1279,4.83,0.6237,35,15,0.8333,2,0,31.47,1,1,0,0,0,0
568,7308,1.0,3,660,24,746,4.75,0.5458,33,15,0.8929,4,2,33.92,1,1,0,0,0,0
569,5030,3.0,3,511,49,1018,4.37,0.6179,30,14,0.9259,1,2,31.4,1,1,0,0,0,0
570,6397,3.0,11,17,44,426,3.91,0.2667,27,2,0.6,3,3,32.84,0,0,0,0,0,1
571,6279,4.0,1,85,61,41,4.23,0.2097,24,3,0.619,1,2,37.84,0,0,0,0,1,0
572,6682,1.0,8,353,47,1759,4.36,0.7468,28,10,0.85,4,1,29.24,1,0,0,0,1,0
573,6409,0.0,3,142,36,1082,4.11,0.5362,27,10,0.8696,4,1,33.58,0,0,1,0,0,0
574,7177,3.0,9,565,52,106,4.88,0.6392,26,22,1.0,2,0,26.29,1,0,1,0,0,0
575,5725,4.0,7,141,53,1416,4.41,0.5562,28,4,0.65,4,1,35.22,0,0,1,0,0,0
576,6100,3.0,6,83,19,366,4.06,0.4597,36,9,0.7586,2,4,33.37,1,0,1,0,0,0
577,7028,1.0,8,698,18,1471,4.47,0.5971,29,12,0.8,2,2,33.09,0,1,0,0,0,0
578,5013,1.0,8,79,50,477,3.65,0.2304,21,1,0.8,3,4,38.18,0,0,0,0,0,1
579,6167,1.0,6,535,45,1612,4.26,0.4626,16,2,0.7273,2,0,33.86,0,0,0,1,0,0
580,6519,0.0,5,481,57,37,3.83,0.2551,25,5,0.85,4,2,35.89,0,0,1,0,0,0
581,5920,0.0,2,254,20,171,4.32,0.2695,19,5,0.5625,3,1,32.6,0,0,0,1,0,0
582,6125,4.0,5,427,34,1634,4.51,0.7893,25,15,0.9565,1,0,30.1,1,0,0,0,1,0
583,6078,2.0,9,130,29,1699,4.47,0.7289,38,25,0.9118,2,2,31.03,1,0,1,0,0,0
584,5442,2.0,10,522,39,739,4.68,0.6029,27,22,0.963,0,0,27.68,1,1,0,0,0,0
585,5214,0.0,9,132,30,708,4.34,0.4371,28,5,0.6667,6,1,33.47,0,0,0,0,0,1
586,7456,4.0,8,133,24,408,4.16,0.4296,35,12,0.8276,4,4,32.69,0,1,0,0,0,0
587,6993,1.0,12,542,26,650,4.65,0.4281,25,7,0.7895,5,1,33.83,0,0,0,0,0,1
588,6849,0.0,12,470,33,1214,4.61,0.6916,24,12,0.8824,5,1,30.15,1,0,0,0,0,1
589,6221,3.0,2,26,39,1234,4.42,0.5446,24,11,0.8421,2,0,32.56,0,0,0,1,0,0
590,6001,3.0,6,689,55,296,4.63,0.5895,20,16,1.0,0,0,29.02,1,0,0,0,1,0
591,5997,3.0,9,325,40,301,4.1,0.3732,37,16,0.7812,3,0,32.73,0,0,1,0,0,0
592,6960,1.0,6,698,20,286,4.21,0.3005,29,6,0.7895,8,2,32.31,0,1,0,0,0,0
593,7080,1.0,11,684,41,810,3.93,0.3951,34,3,0.5556,5,3,36.01,0,1,0,0,0,0
594,6631,0.0,4,154,57,1165,4.14,0.4626,26,5,0.9048,3,2,30.66,0,1,0,0,0,0
595,6844,4.0,10,375,23,1482,4.22,0.4930,29,8,0.7391,5,0,33.57,0,0,1,0,0,0
596,7001,3.0,11,543,19,1153,4.41,0.4533,34,3,0.6364,6,2,36.3,0,0,0,0,0,1
597,7278,0.0,12,28,57,708,4.56,0.6360,34,17,0.9032,1,3,29.93,1,0,0,0,1,0
598,5741,1.0,2,469,25,584,3.86,0.1884,39,3,0.7778,6,3,39.32,0,1,0,0,0,0
599,7475,0.0,12,429,36,1156,3.9,0.3624,22,1,0.6667,4,0,37.38,0,0,0,0,1,0
600,5346,0.0,10,462,54,767,4.67,0.5252,28,13,0.913,3,1,29.97,1,1,0,0,0,0
601,5270,1.0,8,48,59,1087,4.04,0.4713,35,5,0.7333,5,2,32.84,0,1,0,0,0,0
602,6338,0.0,6,599,43,457,4.27,0.3800,24,11,0.75,2,2,31.33,0,1,0,0,0,0
603,6335,1.0,7,491,54,1450,3.76,0.4882,21,3,0.6875,4,1,37.5,0,1,0,0,0,0
604,6710,2.0,7,380,49,1635,3.78,0.4762,31,3,0.5238,6,3,33.53,0,1,0,0,0,0
605,5085,3.0,5,107,40,1438,4.42,0.6804,27,14,0.8696,2,0,28.6,1,0,0,0,1,0
606,7181,1.0,3,403,29,845,4.68,0.5003,29,13,0.875,3,3,32.44,1,0,0,0,1,0
607,6300,3.0,1,292,45,613,4.34,0.4168,32,7,0.75,7,1,33.03,0,0,1,0,0,0
608,6619,3.0,6,332,58,634,4.93,0.5785,25,19,0.9565,1,1,28.97,1,0,1,0,0,0
609,6520,4.0,6,257,32,344,4.44,0.4947,31,17,0.963,1,2,26.55,1,0,0,0,0,1
610,5924,4.0,10,381,18,1744,4.06,0.4518,28,6,0.7826,2,1,34.15,0,1,0,0,0,0
611,7250,0.0,12,438,49,541,3.56,0.3243,25,5,0.619,4,3,38.08,0,1,0,0,0,0
612,6393,0.0,4,294,58,1042,4.05,0.4218,24,4,0.5294,4,2,36.61,0,0,1,0,0,0
613,6008,0.0,5,413,25,1551,4.49,0.7178,22,6,0.7778,2,0,29.32,1,1,0,0,0,0
614,7179,1.0,8,177,26,225,4.19,0.4048,24,8,0.7391,1,0,31.44,0,0,0,0,1,0
615,5217,3.0,5,352,29,613,4.18,0.3159,32,8,0.72,5,1,35.88,0,0,0,1,0,0
616,6894,4.0,10,551,62,1618,4.65,0.7296,30,12,0.875,5,1,31.82,1,0,0,0,1,0
617,7348,3.0,8,505,48,236,4.03,0.3001,23,6,0.8333,4,2,34.58,0,0,0,0,1,0
618,5405,1.0,2,339,27,393,3.84,0.2904,29,8,0.8182,6,3,34.71,0,0,0,0,1,0
619,5819,3.0,3,653,30,1373,4.54,0.7377,30,18,0.8462,4,4,28.05,1,1,0,0,0,0
620,7483,4.0,3,342,47,893,3.82,0.3479,32,1,0.6364,7,6,34.8,0,0,0,0,0,1
621,6943,4.0,1,200,51,303,4.14,0.2927,28,4,0.65,6,1,34.77,0,0,0,1,0,0
622,6562,1.0,9,549,57,473,4.74,0.5485,25,16,0.96,0,0,29.83,1,0,0,0,1,0
623,7471,4.0,1,653,42,1274,4.6,0.5777,26,4,0.7727,1,1,30.24,0,1,0,0,0,0
624,5175,4.0,10,601,41,490,4.44,0.4556,35,7,0.7778,1,1,31.68,0,0,0,0,1,0
625,5986,0.0,5,295,36,1012,5.0,0.6180,28,15,0.875,3,0,28.08,1,1,0,0,0,0
626,5130,1.0,5,113,52,1258,3.8,0.4858,34,4,0.8696,9,2,35.77,0,0,1,0,0,0
627,5972,1.0,3,409,24,1646,4.21,0.5932,29,10,0.7407,1,0,34.23,0,0,0,0,1,0
628,6276,3.0,12,650,55,788,4.69,0.6277,34,13,0.8667,1,1,29.44,1,0,0,0,1,0
629,5512,0.0,12,560,26,1759,5.0,0.8372,21,16,0.9412,2,0,25.88,1,0,1,0,0,0
630,6574,2.0,1,536,26,460,4.36,0.3959,34,14,0.6429,4,1,30.34,0,1,0,0,0,0
631,5577,0.0,1,101,20,465,4.61,0.4815,31,18,0.8966,1,1,30.07,1,0,0,0,1,0
632,5872,4.0,1,243,42,1673,4.43,0.5760,25,10,0.9048,3,1,35.61,0,0,1,0,0,0
633,5476,1.0,6,693,40,348,4.34,0.3230,31,7,0.6957,4,0,33.95,0,0,1,0,0,0
634,7157,3.0,11,541,20,942,4.56,0.5825,26,12,0.8421,7,1,32.68,1,0,0,1,0,0
635,5776,3.0,6,334,34,528,4.87,0.6622,24,17,0.95,3,2,27.56,1,1,0,0,0,0
636,6322,0.0,9,484,43,417,4.53,0.4981,32,14,0.8276,2,1,29.64,1,0,0,0,1,0
637,6748,4.0,2,542,61,1317,4.08,0.6220,33,12,0.68,6,4,33.4,0,0,0,0,1,0
638,5498,1.0,11,292,59,1526,3.93,0.5590,28,10,0.76,1,3,33.11,0,0,1,0,0,0
639,6101,1.0,9,649,38,1107,4.11,0.5751,31,8,0.8519,2,3,33.51,0,0,1,0,0,0
640,6234,0.0,10,189,41,760,3.92,0.4367,19,4,0.7333,1,2,35.6,0,0,1,0,0,0
641,5259,0.0,4,278,29,547,4.72,0.5119,22,14,0.9,0,3,30.51,1,1,0,0,0,0
642,6932,0.0,11,684,46,1018,4.5,0.5069,24,9,0.85,3,1,33.1,0,1,0,0,0,0
643,5843,1.0,2,247,44,567,3.5,0.1965,29,2,0.8421,6,2,32.84,0,0,1,0,0,0
644,7016,0.0,1,363,38,989,4.25,0.4699,28,9,0.6667,3,2,34.12,0,0,0,0,0,1
645,6712,4.0,4,198,35,371,3.93,0.2208,30,3,0.7,7,1,36.58,0,0,0,0,0,1
646,6551,4.0,4,349,60,956,4.47,0.5394,27,6,0.7391,4,3,31.45,0,0,0,0,0,1
647,5646,4.0,6,291,60,735,4.47,0.5943,30,19,0.8519,0,1,26.9,1,0,1,0,0,0
648,6241,0.0,10,276,31,360,4.01,0.3443,26,4,0.7083,2,2,37.57,0,0,0,0,1,0
649,6935,2.0,7,548,30,270,4.11,0.3930,32,3,0.8333,6,2,31.66,0,0,1,0,0,0
650,5457,0.0,6,587,50,1206,3.7,0.3616,36,2,0.6538,5,4,37.72,0,0,0,0,0,1
651,5901,0.0,5,659,50,844,4.33,0.4978,35,6,0.871,1,3,32.77,0,0,0,0,1,0
652,5151,4.0,10,311,36,494,4.35,0.5020,27,11,0.8636,4,1,27.98,1,0,0,0,1,0
653,7342,0.0,3,565,32,1543,5.0,0.8134,25,21,0.92,0,0,25.88,1,1,0,0,0,0
654,6538,0.0,12,190,45,728,4.14,0.4592,30,6,0.7619,7,2,34.65,0,0,1,0,0,0
655,6820,3.0,3,309,53,1215,4.0,0.4553,24,4,0.7,1,1,38.46,0,1,0,0,0,0
656,7023,3.0,10,503,61,731,4.08,0.3691,29,7,0.8261,3,1,32.84,0,1,0,0,0,0
657,5466,1.0,11,106,18,1550,4.38,0.7144,30,12,0.8696,4,3,30.1,1,0,0,1,0,0
658,5530,4.0,2,209,25,1313,3.73,0.4167,36,7,0.75,6,5,35.35,0,0,0,1,0,0
659,5251,2.0,11,343,48,894,4.94,0.6813,26,19,0.875,0,1,29.58,1,0,0,0,0,1
660,6027,0.0,7,592,54,1658,4.05,0.4742,34,9,0.8077,5,1,36.75,0,1,0,0,0,0
661,7014,0.0,10,610,20,1608,4.04,0.6257,30,6,0.64,2,1,35.61,0,0,0,0,1,0
662,5552,4.0,12,616,49,1789,4.03,0.5839,41,11,0.7714,6,2,34.25,0,1,0,0,0,0
663,7271,0.0,7,402,59,1378,4.06,0.4455,19,5,0.7059,2,1,35.08,0,0,1,0,0,0
664,6626,4.0,3,191,60,1697,4.49,0.5604,25,4,0.7273,2,2,32.85,0,0,1,0,0,0
665,6367,2.0,3,394,37,473,4.7,0.4609,33,17,0.7931,4,3,30.82,1,0,0,0,0,1
666,6447,2.0,10,246,40,1540,5.0,0.9557,33,24,0.9643,4,0,24.4,1,0,0,1,0,0
667,7359,0.0,7,375,26,727,4.28,0.5002,28,12,0.84,2,1,36.05,0,0,0,0,0,1
668,5136,4.0,2,549,36,1145,4.02,0.4293,34,7,0.8333,4,1,33.07,0,1,0,0,0,0
669,5829,2.0,2,230,39,505,3.99,0.3053,33,3,0.75,4,6,35.45,0,0,0,0,0,1
670,5860,2.0,11,468,44,1606,4.17,0.5270,29,8,0.6957,3,3,32.88,0,0,0,0,0,1
671,5316,4.0,1,197,48,1399,4.09,0.5562,31,15,0.8,4,3,33.13,0,1,0,0,0,0
672,7393,3.0,1,676,19,1016,4.44,0.4615,30,8,0.8182,5,1,32.36,0,0,0,0,1,0
673,7003,3.0,12,386,44,713,4.46,0.4992,20,7,0.875,3,0,34.06,0,0,0,0,1,0
674,6838,2.0,5,334,56,1669,4.98,0.6929,28,14,0.8696,4,1,30.64,1,1,0,0,0,0
675,5566,3.0,9,439,26,683,4.47,0.3860,22,11,0.8421,2,4,34.14,0,0,0,1,0,0
676,6428,3.0,8,205,62,194,3.78,0.2333,28,2,0.8235,5,0,33.94,0,0,0,0,0,1
677,6117,0.0,7,649,54,1230,4.7,0.6459,28,8,0.913,4,0,29.68,1,0,0,1,0,0
678,5604,4.0,12,130,30,277,4.19,0.4121,17,5,0.6667,3,1,33.87,0,0,1,0,0,0
679,6172,1.0,12,145,61,768,4.09,0.3652,34,7,0.7241,4,2,35.71,0,0,1,0,0,0
680,6328,1.0,11,168,56,638,4.93,0.6345,26,20,0.88,1,1,30.24,1,1,0,0,0,0
681,7135,0.0,12,262,34,1574,4.51,0.6505,25,11,0.9474,3,2,30.48,1,0,1,0,0,0
682,5925,3.0,7,466,19,898,4.24,0.5120,26,3,0.8333,6,0,34.69,0,0,0,0,1,0
683,6410,2.0,1,532,25,1700,4.1,0.4863,33,1,0.6,7,3,38.44,0,1,0,0,0,0
684,6862,1.0,11,511,35,1535,4.42,0.5963,22,4,0.8824,4,1,35.71,0,0,0,0,0,1
685,6007,3.0,3,610,30,168,4.11,0.4079,25,5,0.85,4,2,36.38,0,0,0,0,1,0
686,7114,0.0,6,324,26,271,4.66,0.3625,26,8,0.7727,3,2,29.15,1,0,1,0,0,0
687,6706,1.0,3,314,54,1638,5.0,0.7198,18,9,0.8,2,2,27.65,1,1,0,0,0,0
688,5592,3.0,2,403,56,47,4.24,0.4158,30,11,0.72,2,0,31.18,1,0,0,0,1,0
689,5659,4.0,7,367,63,462,4.43,0.3666,23,7,0.7895,1,1,32.38,0,1,0,0,0,0
690,5932,2.0,8,173,32,1775,5.0,0.7773,27,15,1.0,2,1,29.05,1,0,0,0,0,1
691,5411,1.0,11,640,22,600,4.12,0.3354,30,6,0.56,4,3,32.63,0,0,0,0,0,1
692,5288,4.0,3,585,21,1306,3.81,0.5274,34,5,0.7857,3,1,34.06,0,0,0,0,0,1
693,5363,0.0,4,344,41,1504,5.0,0.8713,32,31,1.0,0,0,22.11,1,1,0,0,0,0
694,6303,0.0,11,181,46,1700,3.94,0.5825,33,4,0.7857,3,1,34.32,0,0,1,0,0,0
695,5642,4.0,12,594,56,645,4.03,0.5223,29,21,0.8214,1,2,28.85,1,0,1,0,0,0
696,7413,1.0,1,512,63,680,4.4,0.4511,36,12,0.8571,4,5,32.84,0,0,0,1,0,0
697,6077,0.0,11,292,57,629,4.14,0.3621,16,1,0.6667,2,2,32.81,0,0,0,0,1,0
698,5601,3.0,4,28,45,1645,3.69,0.3734,28,1,0.5556,6,0,38.54,0,0,0,0,1,0
699,7112,4.0,5,562,55,1762,4.99,0.8063,23,17,0.9545,1,1,29.72,1,1,0,0,0,0
700,5434,1.0,9,437,63,1350,3.88,0.4119,29,2,0.6154,1,3,37.77,0,0,1,0,0,0
701,7152,3.0,8,250,30,679,4.57,0.4462,26,8,0.8947,7,3,33.39,0,1,0,0,0,0
702,5636,3.0,12,342,25,507,4.58,0.5124,33,16,0.8214,2,1,33.12,1,1,0,0,0,0
703,5500,2.0,12,690,25,985,3.88,0.4623,26,11,0.8696,2,2,33.82,0,0,0,0,1,0
704,6006,2.0,8,119,34,905,3.97,0.4736,31,4,0.7143,4,3,33.83,0,0,1,0,0,0
705,5750,2.0,9,208,22,1442,3.73,0.3274,26,2,0.4762,3,4,42.5,0,1,0,0,0,0
706,6429,3.0,2,151,20,314,4.36,0.3278,29,12,0.9,4,3,32.19,0,1,0,0,0,0
707,6123,2.0,4,458,60,764,4.39,0.5220,25,11,0.8947,3,0,30.98,1,1,0,0,0,0
708,6681,0.0,12,146,29,1330,4.42,0.8001,31,23,0.9333,0,0,32.84,1,0,0,1,0,0
709,5689,0.0,8,567,49,1054,3.91,0.5285,14,4,0.8182,1,2,35.16,0,0,0,0,1,0
710,6512,2.0,9,268,62,1583,4.48,0.6621,26,11,0.88,0,3,31.5,0,0,0,0,0,1
711,6880,0.0,10,202,36,293,3.85,0.3338,20,4,0.875,3,2,32.27,0,0,1,0,0,0
712,5748,2.0,4,198,41,1062,3.68,0.4206,33,3,0.6818,8,3,35.86,0,0,0,0,1,0
713,6674,1.0,7,498,55,1720,3.98,0.5378,28,2,0.6818,5,4,35.98,0,0,1,0,0,0
714,5427,3.0,12,478,23,1465,4.21,0.5545,27,2,0.6364,3,4,31.92,0,1,0,0,0,0
715,5254,4.0,7,14,60,1589,3.95,0.4295,25,0,0.625,5,2,37.45,0,1,0,0,0,0
716,6385,3.0,8,415,27,1099,4.16,0.6188,38,13,0.9032,5,3,32.19,0,0,0,0,0,1
717,7302,4.0,12,689,51,1764,4.29,0.7188,28,13,0.76,2,3,31.41,1,1,0,0,0,0
718,5621,2.0,9,293,45,1677,3.98,0.5935,24,4,0.8889,4,2,31.65,0,0,1,0,0,0
719,5623,3.0,4,396,27,1597,4.34,0.6675,33,16,0.8,3,4,31.54,0,1,0,0,0,0
720,6204,1.0,8,621,27,32,3.65,0.0000,27,2,0.8571,3,2,39.31,0,0,0,0,1,0
721,6851,3.0,8,391,27,196,4.18,0.3083,31,8,0.6667,1,1,36.2,0,1,0,0,0,0
722,6805,0.0,2,596,24,1586,5.0,0.9565,36,29,1.0,4,0,24.48,1,1,0,0,0,0
723,6835,2.0,8,235,42,1773,3.89,0.5367,32,1,0.6818,7,1,36.14,0,1,0,0,0,0
724,5930,0.0,7,331,21,640,4.83,0.4896,20,5,0.6923,3,2,31.24,1,0,0,0,1,0
725,7232,3.0,8,153,30,1706,4.52,0.6635,27,11,0.913,1,0,32.14,1,1,0,0,0,0
726,5655,1.0,3,527,33,129,3.94,0.3388,23,6,0.6875,5,1,36.77,0,0,0,0,1,0
727,6454,0.0,8,694,48,361,4.71,0.4059,31,12,0.8462,3,4,30.9,0,0,1,0,0,0
728,5349,2.0,6,324,56,1520,4.17,0.5614,26,4,0.7222,6,1,37.71,0,0,0,0,0,1
729,7136,4.0,12,577,43,47,4.37,0.2848,35,4,0.7857,3,2,34.4,0,1,0,0,0,0
730,5620,2.0,12,482,24,1728,3.99,0.5126,27,5,0.7727,3,4,33.82,0,1,0,0,0,0
731,6733,4.0,10,125,53,461,3.94,0.2916,20,7,0.7333,3,2,32.84,0,0,0,0,1,0
732,5836,0.0,2,509,32,1344,4.74,0.6623,26,16,0.9583,2,0,28.6,1,0,1,0,0,0
733,6174,4.0,10,5,50,564,4.09,0.4007,25,8,0.8421,4,4,32.61,0,0,0,0,0,1
734,6956,2.0,9,349,40,50,4.68,0.3041,24,8,0.9091,1,2,30.74,0,0,0,0,1,0
735,5677,4.0,11,558,55,114,4.44,0.2757,21,3,0.9412,2,1,30.84,0,0,0,0,1,0
736,7455,2.0,7,564,62,1206,4.59,0.4635,24,9,0.8,1,1,33.53,0,0,1,0,0,0
737,5326,4.0,10,23,41,1139,4.69,0.6159,39,27,0.9697,5,1,29.38,1,1,0,0,0,0
738,5524,2.0,3,294,37,1654,4.66,0.7498,35,22,0.9677,3,0,29.64,1,0,1,0,0,0
739,7333,3.0,5,364,42,530,3.56,0.1667,24,0,0.5385,7,1,37.71,0,0,0,0,0,1
740,7465,4.0,8,475,37,372,3.42,0.1578,29,1,0.7647,6,3,40.81,0,1,0,0,0,0
741,5220,1.0,2,174,40,128,3.97,0.2474,28,2,0.6364,3,1,35.02,0,0,0,0,0,1
742,7405,4.0,8,629,51,1075,4.91,0.7030,31,19,0.9286,3,3,30.49,1,0,0,0,1,0
743,6017,2.0,5,408,24,91,3.62,0.1672,24,0,0.6923,6,1,41.22,0,0,0,0,0,1
744,7246,1.0,3,444,48,176,4.31,0.2986,30,7,0.84,3,2,34.25,0,0,0,0,0,1
745,5207,0.0,1,524,52,427,3.67,0.1431,24,0,0.3846,2,5,40.31,0,0,0,0,1,0
746,6217,0.0,5,52,29,169,4.52,0.4178,28,12,0.88,0,2,31.89,1,0,0,0,1,0
747,5696,0.0,3,423,56,1138,4.06,0.4386,27,6,0.7619,4,4,36.48,0,1,0,0,0,0
748,5502,1.0,9,152,55,1143,4.31,0.5031,32,11,0.8519,3,4,34.69,0,0,0,0,1,0
749,6907,4.0,9,173,43,1234,4.66,0.6361,23,14,0.9091,1,0,30.1,1,0,0,0,1,0
750,6739,1.0,3,163,63,532,4.87,0.4527,24,3,0.8889,3,3,30.86,0,1,0,0,0,0
751,6046,3.0,6,487,19,1726,4.34,0.5378,36,8,0.75,6,0,35.05,0,0,0,0,1,0
752,5940,3.0,6,691,39,1596,4.73,0.6120,36,13,0.8,8,2,31.99,1,0,0,0,1,0
753,5965,2.0,1,557,22,795,4.72,0.5633,27,17,0.96,2,3,30.14,1,0,0,0,0,1
754,6207,2.0,2,555,55,415,4.91,0.5986,26,19,0.8846,0,2,30.88,1,0,0,0,0,1
755,6211,3.0,4,193,62,789,4.89,0.5637,28,16,0.84,3,2,28.03,1,0,1,0,0,0
756,7172,4.0,12,46,55,507,4.35,0.4476,33,10,0.9259,4,1,30.81,1,0,0,0,1,0
757,5477,3.0,1,580,36,895,4.68,0.6133,24,14,0.9,1,1,33.51,1,0,0,0,1,0
758,7163,2.0,7,559,51,1651,4.24,0.6788,35,11,0.8462,6,4,32.63,1,1,0,0,0,0
759,5473,0.0,8,420,33,721,4.61,0.4620,33,6,0.7778,2,1,33.37,0,1,0,0,0,0
760,5702,2.0,10,236,23,835,4.66,0.6897,33,25,0.9667,2,0,27.88,1,0,0,0,0,1
761,5333,2.0,11,145,43,1198,4.25,0.5555,19,11,0.8824,1,0,29.5,1,0,1,0,0,0
762,7155,3.0,3,694,46,908,4.16,0.3281,22,5,0.8,4,2,33.61,0,0,0,0,0,1
763,6747,0.0,12,370,33,1634,4.53,0.6507,31,10,0.8696,6,2,32.62,1,1,0,0,0,0
764,6150,2.0,12,681,33,1415,4.23,0.4748,30,5,0.7778,3,4,32.84,0,0,0,0,0,1
765,6928,3.0,9,292,20,253,4.26,0.3626,22,5,1.0,3,1,35.4,0,1,0,0,0,0
766,6896,2.0,6,89,36,392,4.31,0.4615,34,9,0.72,5,2,30.54,1,1,0,0,0,0
767,6548,4.0,3,191,21,1157,4.38,0.4612,30,11,0.8889,2,1,32.77,0,0,0,1,0,0
768,6611,1.0,4,327,30,292,4.35,0.4196,26,9,0.9091,4,1,35.34,0,1,0,0,0,0
769,5505,3.0,11,167,55,239,4.07,0.3693,31,8,0.7391,5,1,33.03,0,0,0,1,0,0
770,7322,4.0,11,405,43,520,3.99,0.3044,33,3,0.7692,5,7,36.19,0,1,0,0,0,0
771,5358,1.0,10,265,38,835,4.25,0.5131,24,6,0.9524,1,3,32.03,0,0,0,0,1,0
772,5036,3.0,9,49,28,1714,4.14,0.4606,26,1,0.6667,5,2,33.94,0,1,0,0,0,0
773,7404,4.0,10,611,39,1557,4.57,0.6683,28,13,0.8148,1,0,31.44,1,0,0,0,1,0
774,6781,2.0,5,561,52,1536,4.17,0.5775,25,11,0.8095,3,1,32.37,0,0,0,0,1,0
775,7075,1.0,12,175,20,240,4.25,0.3576,25,4,0.7368,4,1,33.86,0,0,1,0,0,0
776,5514,2.0,4,408,32,835,4.14,0.4889,29,5,0.8696,6,4,32.84,0,0,0,0,1,0
777,6093,1.0,5,635,39,300,4.23,0.3202,31,8,0.5417,3,0,34.89,0,0,0,0,1,0
778,6990,2.0,9,159,44,1422,4.6,0.6175,32,7,0.88,6,2,32.84,1,0,0,1,0,0
779,5952,1.0,12,419,20,1395,3.98,0.5893,28,4,0.9091,4,2,34.12,0,1,0,0,0,0
780,5844,3.0,3,114,40,1062,4.84,0.7369,30,15,0.9583,5,2,29.29,1,0,0,0,1,0
781,6740,3.0,2,419,49,1418,4.95,0.7447,21,17,1.0,0,2,23.39,1,0,0,0,0,1
782,6477,2.0,2,312,34,1615,4.71,0.7839,32,23,0.9655,1,0,26.09,1,1,0,0,0,0
783,5499,0.0,9,257,48,451,4.17,0.5058,32,18,0.9231,4,2,32.84,1,0,1,0,0,0
784,6206,1.0,6,592,33,45,3.95,0.3418,37,7,0.8276,2,1,33.81,0,0,0,0,1,0
785,5751,3.0,3,76,57,323,4.49,0.5472,23,16,0.8,3,0,27.34,1,0,0,0,0,1
786,6374,1.0,12,218,32,1724,3.94,0.5043,40,2,0.4583,7,1,38.4,0,1,0,0,0,0
787,5246,1.0,10,423,44,1314,4.71,0.5825,25,16,0.9565,1,1,28.75,1,0,1,0,0,0
788,6065,3.0,4,133,61,446,3.74,0.3012,31,7,0.5417,4,2,36.43,0,1,0,0,0,0
789,6245,0.0,8,388,28,713,3.88,0.3425,23,3,0.6842,2,0,32.84,0,0,0,1,0,0
790,5779,0.0,11,416,21,946,4.7,0.6459,21,16,0.9,1,0,28.15,1,0,0,0,1,0
791,6138,2.0,3,423,30,619,4.79,0.5484,27,21,0.9259,0,1,30.83,1,1,0,0,0,0
792,6043,2.0,6,142,60,945,4.73,0.5813,44,21,0.8611,1,0,30.66,1,0,0,0,1,0
793,5185,4.0,9,141,31,399,4.27,0.4381,25,8,0.8571,3,2,31.72,1,1,0,0,0,0
794,5896,3.0,7,674,43,452,4.3,0.3843,25,7,0.6842,5,3,33.29,0,0,0,1,0,0
795,7312,2.0,6,522,42,1271,4.4,0.5961,18,4,0.8667,2,2,34.31,0,1,0,0,0,0
796,6435,2.0,11,54,20,1637,4.74,0.6708,30,15,0.7308,3,2,31.8,1,0,0,0,0,1
797,5936,1.0,3,397,41,1307,4.11,0.4629,27,5,0.6667,4,3,33.26,0,1,0,0,0,0
798,5087,0.0,11,40,31,533,4.23,0.5499,27,7,0.9167,2,4,31.07,1,1,0,0,0,0
799,6112,3.0,6,563,28,165,4.89,0.3951,34,16,0.8966,2,2,29.48,1,0,0,0,0,1
800,6987,3.0,7,144,51,1135,3.83,0.3255,21,1,0.9167,6,1,37.62,0,0,0,1,0,0
801,6107,2.0,6,44,41,1445,4.0,0.5839,30,10,0.9231,3,3,32.84,0,0,0,0,0,1
802,7027,3.0,9,337,32,1619,4.15,0.5568,30,4,0.6957,4,3,33.71,0,0,0,0,1,0
803,5460,2.0,9,77,63,896,4.68,0.5866,31,11,0.84,4,1,31.04,1,1,0,0,0,0
804,5619,3.0,8,114,46,1057,3.93,0.4183,33,3,0.8182,8,3,36.65,0,0,0,0,0,1
805,6576,2.0,6,468,45,1267,4.38,0.6640,22,14,0.8,1,0,30.51,1,0,0,0,1,0
806,7204,0.0,4,335,56,1544,4.42,0.5752,26,8,0.9,5,2,32.7,0,0,1,0,0,0
807,5784,4.0,5,160,47,251,4.0,0.2609,28,7,0.8,4,0,36.02,0,0,0,0,0,1
808,7423,0.0,2,147,39,331,3.86,0.3353,33,4,0.68,7,5,34.58,0,0,0,0,0,1
809,5672,1.0,3,118,26,99,4.63,0.4323,32,19,0.7857,2,2,27.83,1,0,0,0,0,1
810,5395,4.0,9,484,57,510,3.41,0.1426,26,0,0.5625,4,3,39.73,0,1,0,0,0,0
811,6396,0.0,5,381,18,817,4.36,0.5762,40,17,0.8286,3,3,31.07,1,1,0,0,0,0
812,7214,2.0,2,564,47,805,4.83,0.6744,30,28,1.0,1,2,28.79,1,0,1,0,0,0
813,5594,0.0,3,552,39,1574,4.44,0.7322,21,10,0.8889,3,2,33.73,1,1,0,0,0,0
814,7045,0.0,11,115,54,553,4.03,0.3662,27,6,0.7143,5,1,33.11,0,1,0,0,0,0
815,6267,1.0,6,264,20,1369,4.36,0.5436,40,11,0.8667,5,2,35.83,0,1,0,0,0,0
816,5613,1.0,8,174,37,1260,4.25,0.6085,22,10,0.9474,1,0,32.41,0,0,0,0,0,1
817,5767,0.0,12,191,35,1535,4.67,0.7759,34,27,0.871,2,0,28.46,1,0,1,0,0,0
818,7318,0.0,3,339,19,1703,4.35,0.6813,23,6,0.7368,3,1,32.84,0,0,0,0,0,1
819,5260,2.0,9,437,51,1768,3.93,0.5936,34,7,0.7143,5,0,32.84,0,0,0,0,0,1
820,7225,4.0,1,292,29,1028,4.59,0.6010,33,11,1.0,1,2,32.13,1,1,0,0,0,0
821,6673,1.0,6,273,35,1546,4.23,0.7384,34,22,0.9688,2,3,28.42,1,0,0,0,1,0
822,6295,3.0,12,266,42,975,4.15,0.4182,34,2,0.6667,5,4,32.84,0,0,0,0,0,1
823,5977,4.0,2,486,43,74,4.46,0.4153,28,15,0.8333,2,0,31.03,1,0,0,0,1,0
824,6999,2.0,2,83,60,1405,3.66,0.3546,30,0,0.6667,4,3,39.98,0,0,1,0,0,0
825,5398,2.0,7,296,51,1600,4.36,0.6218,32,11,0.963,1,2,33.43,0,0,0,0,1,0
826,6106,3.0,1,305,38,909,3.62,0.2492,28,3,0.8182,6,2,37.2,0,1,0,0,0,0
827,5760,1.0,7,322,44,1509,3.86,0.5236,26,7,0.6818,1,1,35.23,0,0,1,0,0,0
828,5300,0.0,10,519,49,1448,3.9,0.4958,32,8,0.5714,2,2,34.14,0,0,1,0,0,0
829,6141,3.0,12,616,47,463,4.47,0.3514,26,8,0.9091,3,2,34.03,0,0,0,1,0,0
830,5345,1.0,10,545,43,1767,4.11,0.6202,17,6,0.6667,4,0,33.05,1,0,0,0,1,0
831,6575,0.0,9,571,46,885,4.43,0.5266,35,10,0.9167,7,1,30.8,1,0,0,0,0,1
832,5792,1.0,10,272,57,1375,4.02,0.5627,24,6,0.9412,4,1,35.96,0,0,1,0,0,0
833,5195,4.0,9,660,23,1538,4.16,0.6112,27,11,0.8421,2,2,32.79,0,0,0,1,0,0
834,7025,4.0,6,498,63,625,4.34,0.3972,25,5,0.7059,4,1,35.06,0,0,0,0,1,0
835,6446,0.0,1,139,40,1265,3.79,0.2951,36,1,0.4815,5,6,37.81,0,0,1,0,0,0
836,5179,0.0,11,654,27,666,3.78,0.2755,23,5,0.6667,3,2,32.84,0,0,0,0,1,0
837,7034,4.0,8,462,40,1312,3.51,0.3487,19,1,0.7143,3,2,38.03,0,0,0,0,1,0
838,5877,4.0,11,194,33,850,3.89,0.3431,29,4,0.6522,3,3,38.07,0,0,0,1,0,0
839,7461,3.0,8,169,56,1117,4.72,0.6005,18,8,0.8667,2,1,32.19,1,1,0,0,0,0
840,7325,0.0,4,431,63,1192,4.83,0.8175,32,26,0.9667,2,0,26.74,1,0,0,1,0,0
841,7477,3.0,7,679,48,501,4.08,0.3621,32,11,0.8621,2,3,32.68,0,0,0,0,0,1
842,6845,3.0,12,186,57,436,3.57,0.1862,34,1,0.8333,6,2,38.07,0,1,0,0,0,0
843,5654,0.0,3,273,59,706,4.37,0.5591,32,17,0.75,6,3,30.19,0,1,0,0,0,0
844,6684,3.0,10,429,31,973,4.76,0.6214,37,26,1.0,4,2,29.75,1,1,0,0,0,0
845,5169,2.0,11,177,39,905,4.41,0.5238,23,7,0.7778,2,2,34.01,0,0,1,0,0,0
846,5117,3.0,8,550,35,424,4.98,0.6609,31,25,1.0,1,1,26.29,1,1,0,0,0,0
847,5352,1.0,1,44,47,558,4.39,0.4046,26,8,0.6667,1,1,33.21,0,0,0,0,1,0
848,5397,0.0,5,197,61,779,4.26,0.4884,20,3,0.6154,4,0,30.48,0,0,0,1,0,0
849,6395,1.0,6,258,34,300,4.39,0.3717,21,4,0.8571,3,1,34.89,0,1,0,0,0,0
850,6618,3.0,7,173,36,35,4.69,0.4016,30,15,0.7826,6,2,31.68,1,0,0,0,1,0
851,6563,0.0,6,175,62,933,4.18,0.4688,32,10,0.8929,3,0,33.66,0,0,0,0,1,0
852,6947,2.0,2,68,58,1238,5.0,0.7078,27,17,0.9167,3,0,27.53,1,0,1,0,0,0
853,5535,2.0,9,663,28,860,4.01,0.4381,26,8,0.7391,2,1,36.34,0,1,0,0,0,0
854,7406,1.0,3,187,34,1554,3.94,0.4875,25,4,0.7895,4,3,35.67,0,0,1,0,0,0
855,5599,2.0,8,243,36,1231,4.4,0.4529,37,5,0.6071,4,3,34.58,0,0,1,0,0,0
856,6992,4.0,11,26,50,1436,4.45,0.4553,30,7,0.7391,4,3,36.02,0,0,1,0,0,0
857,6425,1.0,7,292,37,1147,4.61,0.6537,22,12,0.9375,3,1,31.24,1,0,0,0,0,1
858,5660,1.0,9,565,36,1072,4.61,0.6047,21,9,0.8824,4,0,30.53,1,0,0,0,1,0
859,6816,4.0,8,195,30,1747,4.51,0.7408,35,15,0.8276,3,2,34.17,0,1,0,0,0,0
860,5526,1.0,1,44,23,1031,4.67,0.7090,31,23,0.8929,1,1,29.32,1,0,0,0,0,1
861,6728,0.0,6,217,37,1142,4.04,0.5056,38,3,0.6667,6,4,34.11,0,1,0,0,0,0
862,6311,3.0,7,612,37,1450,4.32,0.6507,29,12,0.85,5,1,29.99,0,0,0,0,0,1
863,7110,1.0,9,275,28,1412,4.01,0.4609,29,4,0.7222,9,2,36.44,0,1,0,0,0,0
864,5569,0.0,9,29,54,980,3.86,0.3081,34,5,0.7143,2,4,39.5,0,0,0,0,1,0
865,6340,0.0,1,52,45,914,4.48,0.4036,19,4,0.8,2,2,33.55,0,0,1,0,0,0
866,5020,4.0,6,198,39,950,3.71,0.3030,37,3,0.6552,6,4,38.01,0,1,0,0,0,0
867,5144,2.0,6,603,20,487,3.7,0.2749,26,2,0.6667,1,0,37.37,0,0,1,0,0,0
868,7100,0.0,7,484,19,1200,4.74,0.6662,29,19,0.8214,0,1,29.01,1,1,0,0,0,0
869,6523,1.0,12,322,60,759,3.6,0.2561,21,1,0.6429,4,1,38.1,0,0,0,1,0,0
870,5370,0.0,11,390,29,578,3.45,0.2079,23,0,0.75,6,1,39.33,0,0,0,0,1,0
871,5695,1.0,7,139,23,1388,4.27,0.4962,25,3,0.8947,2,1,36.9,0,1,0,0,0,0
872,6348,3.0,2,521,26,825,4.34,0.5386,28,10,0.8462,2,2,32.31,0,0,1,0,0,0
873,6132,1.0,2,515,28,358,3.46,0.2590,23,2,0.7778,3,3,36.88,0,0,0,1,0,0
874,5146,3.0,9,484,38,468,4.05,0.3537,35,5,0.7308,5,1,34.25,0,0,0,0,1,0
875,5058,2.0,10,675,55,1222,5.0,0.7792,18,14,1.0,0,1,24.32,1,0,0,0,1,0
876,7469,0.0,3,632,55,515,4.29,0.3604,17,4,0.9231,2,2,34.25,0,0,0,0,0,1
877,5571,0.0,6,692,62,1585,4.44,0.6026,27,4,0.7273,1,2,33.96,0,1,0,0,0,0
878,6509,3.0,12,582,43,1771,4.79,0.9032,30,28,0.9667,0,0,24.71,1,0,0,1,0,0
879,6154,1.0,3,437,61,1316,4.75,0.6901,45,17,0.9487,4,1,30.37,1,1,0,0,0,0
880,6892,3.0,10,529,18,1219,4.51,0.6674,28,12,0.92,1,0,32.84,0,0,1,0,0,0
881,5325,2.0,8,90,20,1497,4.7,0.7187,24,12,0.9524,1,0,29.52,1,0,0,0,0,1
882,5966,3.0,8,664,48,1576,3.99,0.6247,19,4,0.6875,2,0,32.58,0,0,0,0,1,0
883,7291,2.0,3,463,54,423,4.8,0.4569,34,12,0.75,5,2,32.75,1,0,0,0,0,1
884,7391,2.0,10,329,32,89,4.46,0.3201,30,11,0.7857,1,0,33.0,0,0,0,0,0,1
885,6775,3.0,4,295,48,1368,4.64,0.6403,26,12,0.75,1,3,32.92,0,0,1,0,0,0
886,7382,4.0,5,571,60,1206,4.26,0.5488,34,7,0.913,7,2,32.67,0,0,0,1,0,0
887,5804,0.0,6,65,42,1197,4.18,0.5889,20,6,0.7778,2,1,32.57,1,0,0,0,1,0
888,7327,3.0,8,648,60,1577,4.76,0.8957,32,23,1.0,1,1,25.42,1,0,0,0,0,1
889,6439,2.0,7,577,58,1552,4.02,0.3954,26,4,0.7619,2,3,37.72,0,1,0,0,0,0
890,5290,2.0,7,179,19,1629,4.18,0.4001,31,2,0.6667,4,3,37.27,0,0,0,0,1,0
891,5881,2.0,3,437,46,1511,4.32,0.6093,23,10,0.8421,3,1,36.23,0,1,0,0,0,0
892,6724,4.0,4,365,31,1527,4.29,0.6392,26,12,0.9091,3,2,33.21,1,0,0,0,0,1
893,5283,0.0,7,667,50,714,4.42,0.5606,31,9,0.8462,3,2,30.16,1,0,0,0,1,0
894,5615,3.0,8,644,24,680,4.12,0.4317,31,9,0.8077,4,3,32.47,0,1,0,0,0,0
895,6164,1.0,4,496,51,225,4.31,0.3845,25,9,0.9,4,2,33.21,0,1,0,0,0,0
896,7269,2.0,8,555,63,87,3.98,0.1521,29,3,0.7619,3,3,37.72,0,1,0,0,0,0
897,5795,3.0,11,660,42,981,4.18,0.2822,23,3,0.75,5,3,35.62,0,0,0,0,1,0
898,6175,3.0,6,617,20,611,3.79,0.2368,22,1,0.5385,6,1,40.22,0,0,0,0,0,1
899,6831,3.0,7,469,40,1609,4.38,0.6026,36,17,0.7188,1,3,31.46,0,0,1,0,0,0
900,5826,0.0,1,139,55,48,3.89,0.2827,34,2,0.7391,6,3,36.29,0,1,0,0,0,0
901,5430,4.0,1,580,44,1024,4.92,0.7177,29,19,0.9259,1,2,26.19,1,0,1,0,0,0
902,7052,2.0,8,416,35,1698,4.33,0.6806,27,7,0.7,4,0,31.88,0,0,0,0,1,0
903,6298,4.0,1,422,58,1545,4.71,0.6291,18,8,0.75,1,2,30.85,1,0,0,0,0,1
904,6060,2.0,11,629,44,822,3.96,0.4649,29,4,0.619,6,3,34.63,0,0,0,1,0,0
905,6226,4.0,10,406,39,432,4.16,0.3445,28,9,0.6667,1,2,33.15,0,0,0,0,0,1
906,7061,0.0,1,343,61,878,4.65,0.5616,24,15,0.9048,1,0,32.84,1,1,0,0,0,0
907,5886,1.0,5,330,58,140,4.25,0.4328,22,14,0.8571,0,0,30.46,1,1,0,0,0,0
908,5481,3.0,12,285,33,1086,4.34,0.3947,27,4,0.8095,3,2,34.77,0,0,0,0,0,1
909,5056,3.0,5,238,27,286,4.5,0.4529,24,14,0.7826,0,1,31.6,1,1,0,0,0,0
910,5865,0.0,11,272,52,425,4.77,0.5046,29,17,0.9583,3,0,32.84,1,0,0,1,0,0
911,6583,0.0,11,495,42,1697,4.08,0.4519,32,3,0.7143,2,2,37.52,0,0,0,0,1,0
912,5250,4.0,8,135,18,1407,4.42,0.5748,29,10,0.84,2,3,32.84,0,0,1,0,0,0
913,6021,0.0,3,405,26,1412,5.0,0.7457,33,28,0.9677,1,0,29.25,1,0,1,0,0,0
914,7338,3.0,7,262,41,620,4.48,0.6237,23,15,1.0,2,1,33.08,1,0,1,0,0,0
915,7249,3.0,6,89,53,366,4.45,0.4623,35,14,0.7742,2,1,31.16,1,0,0,1,0,0
916,6302,0.0,10,241,28,105,3.76,0.1451,32,4,0.625,6,4,39.0,0,0,0,1,0,0
917,6843,2.0,6,188,25,771,4.6,0.6612,26,17,0.9565,1,0,28.8,1,0,0,1,0,0
918,7336,3.0,1,500,42,123,3.33,0.0301,24,1,0.5882,6,4,32.84,0,0,0,0,1,0
919,7275,2.0,1,169,52,1268,4.27,0.5702,18,5,0.9333,2,0,34.83,0,0,1,0,0,0
920,6939,0.0,3,237,50,259,4.33,0.3966,31,14,0.8261,2,2,29.64,0,0,1,0,0,0
921,6451,1.0,7,599,63,496,4.21,0.3367,29,3,0.7273,4,2,33.2,0,1,0,0,0,0
922,6479,3.0,11,98,27,106,4.63,0.3947,32,13,0.7917,4,1,32.29,1,1,0,0,0,0
923,5722,1.0,11,18,63,194,4.84,0.5785,33,28,1.0,1,1,27.99,1,0,0,0,1,0
924,5890,2.0,9,92,48,985,4.62,0.5878,23,10,0.8571,0,2,30.88,1,0,1,0,0,0
925,6466,4.0,1,115,44,1108,4.24,0.4523,28,4,0.6316,7,4,32.84,0,1,0,0,0,0
926,5046,4.0,12,498,36,414,4.55,0.4258,19,6,0.875,2,0,29.61,1,0,0,1,0,0
927,6602,2.0,6,527,23,987,4.41,0.5509,25,17,0.9048,3,0,30.14,1,0,1,0,0,0
928,5564,2.0,7,234,53,1253,4.38,0.6119,33,15,0.9333,1,0,29.55,1,0,0,0,1,0
929,5724,3.0,8,330,46,1261,4.26,0.5549,24,7,0.8667,6,0,32.93,0,0,0,0,0,1
930,5573,0.0,11,432,47,518,3.83,0.2985,29,2,0.6522,4,2,32.84,0,0,0,0,1,0
931,6603,1.0,12,566,53,350,4.5,0.3955,30,11,0.6667,7,1,29.53,0,0,0,0,1,0
932,6074,0.0,1,218,21,1089,3.9,0.3568,39,3,0.6471,3,5,38.37,0,0,0,0,0,1
933,5292,4.0,12,630,48,425,4.2,0.3310,34,3,0.75,4,3,34.09,0,0,1,0,0,0
934,5311,1.0,9,384,59,937,3.81,0.3727,16,3,0.6429,0,0,35.11,0,0,1,0,0,0
935,6839,4.0,9,531,60,203,4.51,0.3551,22,8,0.7059,1,2,36.29,0,0,0,0,0,1
936,5296,4.0,1,95,63,105,4.27,0.3179,25,8,0.7917,0,0,32.7,0,0,0,1,0,0
937,6686,3.0,10,340,45,52,4.26,0.1774,28,1,0.7895,4,4,37.55,0,0,0,0,1,0
938,6700,0.0,4,170,24,117,4.21,0.3711,20,10,0.9444,2,0,31.04,0,1,0,0,0,0
939,7290,3.0,9,324,27,1141,4.89,0.7110,29,16,0.9167,3,0,30.42,1,0,0,1,0,0
940,5088,3.0,11,5,18,1551,4.31,0.4918,27,4,0.6471,6,2,32.84,0,0,0,0,0,1
941,7081,0.0,10,305,21,1497,4.15,0.5258,33,5,0.8095,7,1,34.28,0,1,0,0,0,0
942,5973,3.0,2,136,38,434,4.07,0.4105,25,3,0.7619,1,4,33.11,0,0,0,0,1,0
943,5348,4.0,2,152,57,419,4.37,0.3905,35,12,0.7097,2,3,32.84,0,0,0,0,0,1
944,7120,2.0,6,699,30,1726,4.43,0.6168,27,12,0.7619,6,1,32.12,0,0,0,0,0,1
945,5515,4.0,2,517,44,222,3.56,0.3156,32,8,0.5357,1,6,38.81,0,0,0,0,1,0
946,7257,1.0,7,106,29,176,3.97,0.2956,35,7,0.6786,4,0,32.56,0,0,0,0,0,1
947,6694,2.0,7,291,29,606,4.19,0.4766,16,5,0.9286,0,0,32.84,1,0,0,0,1,0
948,6182,0.0,5,536,54,1668,4.71,0.8081,31,23,1.0,0,0,27.03,1,0,1,0,0,0
949,5067,1.0,12,162,32,789,3.69,0.3004,24,0,0.4615,7,0,38.66,0,0,1,0,0,0
950,6330,4.0,6,530,46,105,4.2,0.3361,26,5,0.8095,3,2,32.84,0,1,0,0,0,0
951,7352,0.0,8,46,37,1481,4.59,0.5887,29,10,0.8077,2,3,31.65,1,0,0,0,0,1
952,7231,1.0,7,228,32,1041,4.21,0.6506,30,9,0.7037,2,3,32.36,0,1,0,0,0,0
953,5764,3.0,2,94,38,548,4.42,0.5000,31,12,0.92,4,0,32.66,1,1,0,0,0,0
954,6421,3.0,9,382,57,855,4.31,0.5189,31,15,0.8261,5,0,32.84,0,0,0,0,1,0
955,5918,1.0,3,568,22,283,4.18,0.3665,26,5,0.75,5,2,35.06,0,0,0,0,1,0
956,5113,1.0,7,510,24,1518,3.88,0.5478,29,11,0.8333,3,2,36.51,0,0,1,0,0,0
957,5404,4.0,12,286,31,960,4.55,0.5884,26,15,0.8182,2,2,31.09,1,1,0,0,0,0
958,6642,3.0,10,642,36,837,4.93,0.5513,40,28,0.8857,2,1,30.87,1,0,0,0,1,0
959,5964,1.0,6,88,37,1267,3.99,0.4957,31,7,0.8696,6,4,33.73,0,0,0,0,1,0
960,6382,2.0,7,477,40,802,4.16,0.4958,28,10,1.0,3,2,32.04,1,1,0,0,0,0
961,7245,2.0,9,410,41,896,4.23,0.5764,25,9,0.9,5,3,34.11,1,1,0,0,0,0
962,6828,2.0,6,678,28,407,5.0,0.6015,33,20,0.9583,4,2,27.74,1,0,1,0,0,0
963,5835,1.0,12,165,57,837,3.86,0.3126,24,2,0.7895,1,2,34.81,0,0,0,0,1,0
964,5031,4.0,4,138,25,1496,4.26,0.6991,32,17,0.8929,3,2,33.73,0,0,1,0,0,0
965,6085,4.0,11,6,40,388,3.95,0.2961,20,3,0.8333,6,2,35.52,0,0,1,0,0,0
966,5567,1.0,9,130,37,776,4.83,0.5598,33,14,1.0,6,2,28.32,1,0,0,0,1,0
967,6786,4.0,8,256,37,1292,4.55,0.6809,18,11,0.9375,0,3,28.81,1,1,0,0,0,0
968,7265,2.0,7,346,59,1101,5.0,0.8295,27,25,1.0,1,0,27.72,1,0,1,0,0,0
969,5962,1.0,3,375,52,675,3.44,0.2638,31,1,0.7826,4,4,37.33,0,1,0,0,0,0
970,7279,4.0,10,138,48,121,4.13,0.3690,25,8,0.85,3,0,32.84,0,1,0,0,0,0
971,6732,3.0,1,477,53,401,3.69,0.2227,30,4,0.8,2,4,35.87,0,0,0,0,0,1
972,6718,2.0,11,300,58,538,3.7,0.3629,30,4,0.7727,3,3,36.67,0,0,1,0,0,0
973,6312,2.0,8,632,45,1225,4.48,0.5516,26,6,0.8261,1,1,33.6,0,1,0,0,0,0
974,5908,3.0,4,109,58,585,3.65,0.3275,27,2,0.8571,6,1,36.77,0,0,0,0,1,0
975,5950,2.0,10,314,25,457,3.79,0.2970,36,2,0.7407,2,3,37.0,0,1,0,0,0,0
976,7370,0.0,10,567,28,498,4.41,0.6057,34,18,0.8667,1,2,28.92,1,0,0,0,1,0
977,7069,0.0,5,476,51,635,4.81,0.5338,32,16,0.9231,3,2,31.35,1,1,0,0,0,0
978,6422,1.0,9,421,54,1170,4.64,0.6550,25,10,0.8571,3,3,29.94,1,1,0,0,0,0
979,5609,0.0,9,509,20,1379,4.32,0.5701,28,6,0.65,3,1,35.44,0,1,0,0,0,0
980,6503,0.0,10,353,50,1093,4.93,0.5939,33,18,0.8276,1,2,31.24,1,0,1,0,0,0
981,6659,0.0,10,406,25,502,4.49,0.5707,39,23,0.9143,2,3,30.76,1,1,0,0,0,0
982,7309,1.0,10,242,24,1544,4.03,0.5632,27,8,0.85,4,6,35.1,0,1,0,0,0,0
983,5174,0.0,8,632,28,404,4.66,0.3959,32,10,0.8846,1,1,33.23,0,0,0,0,0,1
984,6286,0.0,3,349,49,876,4.47,0.4601,29,3,0.6818,4,1,36.0,0,0,1,0,0,0
985,6213,1.0,5,534,52,304,4.3,0.4258,30,8,0.8182,5,2,34.12,0,0,0,0,0,1
986,6601,1.0,3,537,21,82,4.05,0.3055,36,4,0.8214,4,3,34.66,0,1,0,0,0,0
987,6542,1.0,11,204,23,1427,4.29,0.5925,25,8,0.9444,4,1,32.03,0,0,1,0,0,0
988,6159,1.0,2,392,27,994,4.61,0.6445,36,24,0.9688,2,1,31.25,1,1,0,0,0,0
989,5536,1.0,7,324,26,1293,5.0,0.6464,31,18,0.9643,2,2,29.99,1,0,0,0,0,1
990,7071,2.0,4,6,26,1708,3.87,0.5401,28,4,0.5833,1,1,35.51,0,0,0,0,0,1
991,6857,2.0,2,8,41,1463,3.79,0.4001,31,2,0.7143,2,4,40.46,0,1,0,0,0,0
992,5452,1.0,4,339,56,925,4.62,0.6893,19,11,0.9375,3,1,28.59,1,1,0,0,0,0
993,5356,1.0,5,522,58,1315,4.39,0.5814,32,12,0.6957,4,2,30.54,0,0,0,1,0,0
994,5005,3.0,11,125,57,1031,4.24,0.4689,34,4,0.6,6,0,37.15,0,1,0,0,0,0
995,7376,2.0,9,130,31,1130,4.68,0.7112,32,23,0.9643,1,2,28.91,1,0,1,0,0,0
996,5780,3.0,6,652,33,649,4.18,0.2209,27,1,0.6364,3,4,39.23,0,1,0,0,0,0
997,7030,4.0,3,642,29,1277,4.64,0.7011,33,19,0.8889,3,1,28.89,1,0,0,0,0,1
998,7015,1.0,8,419,42,73,4.84,0.5091,31,16,1.0,3,1,28.46,1,1,0,0,0,0
999,5287,4.0,11,50,34,395,4.99,0.6067,23,17,1.0,1,4,29.77,1,0,0,0,1,0
1000,5618,0.0,2,635,43,1583,4.07,0.6482,45,14,0.8158,6,3,32.74,0,0,1,0,0,0
1001,7364,0.0,9,142,20,832,4.44,0.5180,27,8,0.84,0,3,31.9,0,0,0,1,0,0
1002,5838,2.0,3,407,41,176,4.26,0.3214,39,13,0.7714,0,2,30.12,0,0,0,0,1,0
1003,5107,1.0,1,125,60,1635,3.97,0.4476,19,0,0.9231,5,1,38.58,0,0,0,1,0,0
1004,6561,4.0,5,55,40,1055,3.74,0.4177,25,1,0.75,3,3,32.84,0,0,0,0,1,0
1005,5923,4.0,8,527,52,1116,4.02,0.5766,29,14,0.8,1,2,31.66,0,0,0,0,0,1
1006,5116,2.0,1,582,24,457,4.59,0.3512,30,6,0.8182,6,2,35.59,0,1,0,0,0,0
1007,5913,3.0,10,142,21,728,3.85,0.4562,36,12,0.6452,1,0,32.84,0,1,0,0,0,0
1008,5053,3.0,2,231,20,1124,4.05,0.4308,31,6,0.6818,7,1,35.58,0,1,0,0,0,0
1009,7064,3.0,5,35,36,1714,4.4,0.8018,21,12,0.9412,4,1,28.16,1,1,0,0,0,0
1010,6797,2.0,12,212,48,1035,4.47,0.4829,17,8,0.9286,2,1,29.35,0,0,0,0,0,1
1011,6405,3.0,11,107,39,1089,4.61,0.6552,30,14,1.0,3,3,28.63,1,1,0,0,0,0
1012,7355,1.0,7,453,40,1762,4.33,0.5195,19,3,0.7333,1,5,38.05,0,0,0,1,0,0
1013,6342,1.0,9,31,45,1622,4.97,0.7989,35,28,0.9375,3,0,26.43,1,1,0,0,0,0
1014,6585,4.0,4,475,31,848,3.92,0.3819,18,1,0.7778,2,1,33.47,0,1,0,0,0,0
1015,6459,4.0,9,609,46,575,4.56,0.4660,31,18,0.8,5,4,31.43,1,1,0,0,0,0
1016,5719,2.0,2,600,26,1619,4.87,0.7866,31,21,0.9643,2,1,29.07,1,0,0,0,1,0
1017,6274,4.0,8,219,61,856,4.19,0.3919,24,1,0.7222,4,2,32.84,0,0,0,0,0,1
1018,7353,2.0,2,494,49,1338,4.52,0.6331,35,16,1.0,4,2,29.18,1,0,0,0,1,0
1019,7237,3.0,4,110,40,104,4.15,0.2017,32,4,0.6538,3,2,40.06,0,0,1,0,0,0
1020,6035,4.0,3,582,37,363,4.61,0.4060,27,10,0.8261,3,3,33.97,0,0,0,0,0,1
1021,7365,0.0,11,76,63,225,4.77,0.5986,34,20,0.9355,3,0,27.21,1,0,1,0,0,0
1022,6113,2.0,4,558,33,259,4.16,0.3681,31,9,0.7692,2,6,37.12,0,0,0,0,1,0
1023,6891,2.0,7,169,57,1650,3.93,0.7058,28,8,0.6786,0,2,31.47,0,0,0,0,1,0
1024,5297,0.0,3,610,25,1303,4.37,0.5991,32,14,0.8571,4,2,32.84,1,0,0,0,0,1
1025,7402,4.0,3,58,31,1058,4.05,0.4567,29,8,0.6522,2,1,32.9,0,0,0,0,1,0
1026,7426,4.0,1,216,27,1197,4.5,0.5333,20,4,0.7222,2,1,35.1,0,0,0,0,0,1
1027,6225,0.0,7,78,60,1324,4.3,0.6158,42,15,0.8235,5,2,32.09,0,0,0,0,0,1
1028,6238,0.0,9,67,55,190,4.35,0.3339,37,5,0.963,5,1,32.84,0,1,0,0,0,0
1029,6440,3.0,7,443,30,655,4.13,0.3521,19,5,0.7143,1,1,33.99,0,0,0,0,0,1
1030,6916,1.0,2,516,33,1379,3.92,0.4545,37,5,0.6071,7,3,36.22,0,0,0,1,0,0
1031,6039,3.0,3,619,25,65,4.16,0.3489,28,9,0.7727,4,0,32.55,0,0,0,1,0,0
1032,7397,0.0,2,57,25,44,4.82,0.4376,22,14,0.7368,1,2,30.2,1,0,0,1,0,0
1033,6237,2.0,7,29,39,1140,4.68,0.6101,36,22,0.9,1,2,29.7,1,1,0,0,0,0
1034,7298,2.0,3,590,45,611,4.55,0.5922,31,14,0.9615,5,2,27.2,1,0,1,0,0,0
1035,7453,1.0,8,423,53,1714,4.44,0.6575,24,10,0.9091,0,2,31.51,0,0,0,0,1,0
1036,6134,0.0,2,21,57,786,3.93,0.4136,31,10,0.68,2,3,35.48,0,0,0,0,1,0
1037,5339,3.0,7,168,32,31,4.5,0.3747,24,6,0.7727,2,2,34.35,0,0,0,0,1,0
1038,6220,2.0,11,550,48,1295,4.15,0.4920,25,3,0.6842,4,3,36.4,0,0,0,0,0,1
1039,7041,0.0,1,211,49,974,4.78,0.5809,23,7,0.75,3,3,32.86,1,1,0,0,0,0
1040,6402,1.0,6,417,23,1536,4.78,0.7681,30,19,0.9286,2,0,31.55,1,1,0,0,0,0
1041,6050,3.0,10,326,41,46,3.28,0.1235,19,0,0.6429,4,2,32.84,0,0,0,0,1,0
1042,7427,0.0,4,504,30,461,4.25,0.3824,38,10,0.8,4,3,33.19,0,0,1,0,0,0
1043,7306,4.0,6,283,35,694,4.35,0.4824,29,10,0.7037,2,0,34.14,0,1,0,0,0,0
1044,7368,3.0,3,496,43,393,4.63,0.5843,29,18,0.9583,4,1,29.74,1,0,0,1,0,0
1045,7373,0.0,5,675,62,857,4.18,0.5655,29,10,0.88,2,3,33.17,0,1,0,0,0,0
1046,7497,3.0,1,503,43,1559,4.64,0.7327,29,19,0.9643,1,0,28.93,1,0,1,0,0,0
1047,5561,1.0,3,178,19,715,4.74,0.6186,26,11,0.9565,1,4,28.83,1,1,0,0,0,0
1048,6809,3.0,10,36,27,252,4.38,0.3577,31,4,0.7,6,0,34.44,0,0,0,0,1,0
1049,6802,4.0,3,445,62,991,4.34,0.4368,27,5,0.8235,8,1,32.82,0,1,0,0,0,0
1050,5854,2.0,2,586,46,1031,4.19,0.3921,25,1,0.9,4,1,34.92,0,1,0,0,0,0
1051,5236,3.0,3,60,49,455,4.91,0.7119,32,21,0.963,3,0,28.49,1,1,0,0,0,0
1052,7062,0.0,8,168,56,973,3.55,0.3065,21,2,0.8235,2,3,36.65,0,0,1,0,0,0
1053,6780,4.0,5,640,23,1262,4.7,0.6070,33,13,0.9231,6,2,32.08,1,0,0,0,1,0
1054,5633,3.0,9,215,39,657,4.17,0.2862,35,2,0.6296,4,3,39.66,0,0,1,0,0,0
1055,7248,0.0,4,7,37,306,3.71,0.2709,20,3,0.6923,3,2,37.57,0,1,0,0,0,0
1056,5104,1.0,10,207,59,936,4.86,0.5757,31,19,0.8333,5,1,32.31,1,1,0,0,0,0
1057,5970,4.0,2,276,59,667,4.24,0.4740,30,12,0.75,6,4,36.29,0,0,0,1,0,0
1058,5756,3.0,4,625,55,1389,4.7,0.7408,24,14,0.95,2,2,32.84,1,1,0,0,0,0
1059,5308,0.0,3,587,51,327,4.15,0.4080,34,8,0.6818,8,1,32.6,0,1,0,0,0,0
1060,5906,0.0,8,661,21,332,4.36,0.3647,27,6,0.8095,3,3,33.6,0,1,0,0,0,0
1061,7396,1.0,1,173,57,1237,4.39,0.5417,20,8,0.8947,1,2,30.83,0,1,0,0,0,0
1062,5057,4.0,7,643,37,1188,4.24,0.6599,23,7,1.0,0,2,29.56,1,0,1,0,0,0
1063,7118,2.0,2,621,55,1719,4.87,0.7384,30,16,0.8462,2,3,29.62,1,0,0,1,0,0
1064,5488,3.0,3,198,46,1517,4.02,0.4627,32,9,0.6,3,3,35.48,0,1,0,0,0,0
1065,5255,2.0,12,590,22,1116,4.24,0.4579,29,9,0.84,3,3,29.33,0,0,0,0,1,0
1066,5882,4.0,11,372,33,1748,5.0,1.0000,37,36,1.0,0,0,23.89,1,0,0,1,0,0
1067,7424,4.0,6,75,35,598,3.98,0.3583,33,6,0.68,5,3,35.45,0,0,0,1,0,0
1068,6347,4.0,8,452,37,106,4.76,0.4380,26,19,0.913,3,1,31.6,1,0,0,0,1,0
1069,6193,1.0,10,6,28,698,4.57,0.6351,23,10,1.0,4,0,28.34,1,0,0,0,0,1
1070,6444,0.0,12,473,63,1062,4.9,0.7673,25,19,1.0,3,1,26.66,1,0,0,0,1,0
1071,5125,3.0,7,320,54,706,4.71,0.6278,27,18,0.9167,3,0,29.24,1,0,0,0,1,0
1072,7236,2.0,5,606,55,1065,4.65,0.7149,40,29,0.9375,4,1,30.19,1,0,1,0,0,0
1073,6721,2.0,4,486,49,1321,4.35,0.6461,34,11,0.8077,5,0,33.68,0,0,0,0,0,1
1074,6240,4.0,11,565,28,1626,3.99,0.5505,33,8,0.7143,4,3,34.01,0,0,1,0,0,0
1075,5194,2.0,7,7,51,407,4.71,0.4571,32,14,0.8966,2,1,31.57,1,0,0,0,1,0
1076,5610,1.0,8,223,18,638,4.37,0.4941,37,14,0.8824,3,4,31.37,0,0,0,0,1,0
1077,5893,2.0,2,595,45,616,4.65,0.4921,18,9,0.9412,1,1,33.08,1,0,1,0,0,0
1078,7035,2.0,5,572,20,1316,4.58,0.5720,24,7,0.9444,4,2,32.86,0,1,0,0,0,0
1079,5163,4.0,5,126,37,860,4.13,0.4115,35,13,0.6667,4,4,32.82,0,1,0,0,0,0
1080,6599,1.0,8,442,49,443,4.23,0.4078,18,4,0.9286,2,0,34.79,0,1,0,0,0,0
1081,6110,3.0,11,318,47,929,3.83,0.4224,26,6,0.7895,3,2,36.34,0,0,0,0,0,1
1082,6005,1.0,9,603,18,365,3.38,0.1446,30,0,0.5455,2,2,38.99,0,0,1,0,0,0
1083,5225,3.0,10,333,31,1565,4.28,0.4748,25,6,0.7059,5,3,36.64,0,0,0,0,0,1
1084,6294,3.0,4,223,38,857,4.28,0.4742,35,11,0.8276,3,2,32.93,0,0,0,0,1,0
1085,5802,1.0,8,190,21,900,4.57,0.5095,24,14,0.8261,1,2,31.43,1,0,0,0,1,0
1086,5061,1.0,10,254,29,1251,4.24,0.4794,25,8,0.7368,4,2,34.13,0,0,0,0,0,1
1087,5228,1.0,3,167,29,1540,4.97,0.7448,35,19,0.9375,2,0,27.42,1,0,0,0,0,1
1088,5382,3.0,9,115,53,367,4.72,0.5575,28,11,0.9048,5,0,33.02,1,0,0,1,0,0
1089,6145,3.0,4,443,27,1646,3.89,0.5039,33,8,0.7931,2,0,34.16,0,0,0,0,0,1
1090,6715,3.0,7,645,32,519,3.81,0.3175,21,2,0.7647,3,0,36.0,0,0,0,0,1,0
1091,5186,3.0,6,429,19,351,4.07,0.2989,29,10,0.9524,5,2,35.85,0,0,0,0,1,0
1092,5492,2.0,5,453,26,919,4.67,0.6308,30,20,0.96,3,1,26.53,1,0,0,0,1,0
1093,6068,4.0,5,277,30,429,4.48,0.4925,27,10,0.9231,1,1,29.28,1,0,0,1,0,0
1094,6411,3.0,4,5,44,181,4.43,0.3374,24,6,0.9375,4,1,36.23,0,0,0,0,1,0
1095,5018,3.0,6,163,27,227,4.43,0.3601,31,8,0.7037,2,3,33.33,0,0,0,0,1,0
1096,7377,3.0,4,388,38,1130,4.22,0.5187,27,8,0.8571,3,1,34.48,0,1,0,0,0,0
1097,5712,0.0,7,667,48,1244,4.45,0.5604,35,10,0.7586,3,2,31.14,0,0,0,0,0,1
1098,6188,4.0,12,187,29,775,4.36,0.4165,30,7,0.8261,3,4,36.78,0,1,0,0,0,0
1099,6702,1.0,8,550,54,1623,5.0,0.8535,32,25,1.0,2,1,26.37,1,1,0,0,0,0
1100,7111,1.0,3,27,32,630,4.67,0.5152,31,15,0.84,2,0,32.25,1,0,0,0,1,0
1101,5709,0.0,12,428,45,364,3.9,0.2879,25,1,0.7,2,2,34.34,0,0,1,0,0,0
1102,6264,4.0,12,382,28,1092,4.16,0.5341,23,13,0.8571,0,0,33.61,1,0,0,0,0,1
1103,6354,3.0,8,434,52,1062,4.24,0.3996,23,4,0.9444,3,2,36.86,0,0,0,1,0,0
1104,6041,3.0,5,478,56,1147,4.38,0.5006,33,11,0.76,5,0,33.36,0,0,1,0,0,0
1105,7287,1.0,9,71,32,1001,4.7,0.6486,22,14,0.9545,0,0,28.05,1,1,0,0,0,0
1106,5480,2.0,11,455,49,1411,4.36,0.5505,33,5,0.913,7,1,32.96,0,0,0,0,0,1
1107,6961,0.0,11,73,39,1581,4.52,0.6343,27,13,0.8696,3,2,32.91,0,0,0,0,0,1
1108,5926,1.0,2,280,21,1437,4.72,0.7087,30,17,0.8214,1,0,30.23,1,0,0,1,0,0
1109,5066,1.0,12,602,36,823,5.0,0.6274,26,19,1.0,1,0,30.57,1,0,0,0,0,1
1110,5026,0.0,1,89,62,1520,4.45,0.7511,31,19,1.0,3,1,28.66,1,0,0,1,0,0
1111,6911,0.0,4,87,63,217,4.32,0.4562,23,7,0.7895,3,0,31.77,1,1,0,0,0,0
1112,7459,0.0,7,439,54,199,4.26,0.2339,24,3,0.6,6,1,37.47,0,0,0,0,0,1
1113,5456,1.0,9,116,55,401,4.12,0.3720,23,1,0.7333,5,1,35.77,0,1,0,0,0,0
1114,7195,4.0,6,355,33,1187,4.83,0.6356,24,15,0.95,2,0,32.84,1,1,0,0,0,0
1115,6018,2.0,2,359,45,791,3.96,0.3955,25,2,0.8,4,2,32.84,0,0,0,0,0,1
1116,5861,2.0,5,504,34,1007,4.6,0.7031,25,19,1.0,0,1,28.79,1,1,0,0,0,0
1117,7160,1.0,3,374,23,1292,4.19,0.4902,25,4,0.4737,4,4,32.85,0,0,1,0,0,0
1118,7334,0.0,11,369,25,1036,4.81,0.6366,20,14,0.9,0,1,28.08,1,0,1,0,0,0
1119,6418,2.0,9,91,49,411,3.37,0.1834,30,0,0.7222,5,3,41.64,0,0,1,0,0,0
1120,6389,0.0,5,191,37,1142,4.35,0.5641,23,8,0.8889,3,2,28.47,1,1,0,0,0,0
1121,5856,2.0,1,350,62,82,4.97,0.5380,38,29,0.9722,2,0,28.17,1,1,0,0,0,0
1122,6460,2.0,7,563,34,1224,4.21,0.4776,25,7,0.8696,1,4,33.07,0,0,0,0,1,0
1123,5262,0.0,8,348,46,855,4.69,0.5017,25,9,0.8333,7,1,32.84,1,1,0,0,0,0
1124,5798,2.0,8,234,58,1285,4.74,0.6835,22,9,0.75,4,0,32.4,1,0,0,0,1,0
1125,7259,3.0,9,666,53,737,4.08,0.3132,26,5,0.9545,4,0,35.66,0,0,0,0,1,0
1126,6491,4.0,9,81,58,1551,3.57,0.4086,26,1,0.7826,3,2,36.97,0,0,1,0,0,0
1127,5685,4.0,11,161,41,1589,4.11,0.5928,30,8,0.68,1,3,35.8,0,0,0,1,0,0
1128,5368,3.0,8,243,63,899,4.56,0.5615,26,9,0.8636,2,1,31.0,1,1,0,0,0,0
1129,7042,2.0,9,254,36,142,4.57,0.4149,23,9,0.8421,3,0,35.04,1,1,0,0,0,0
1130,6127,4.0,2,360,57,641,4.7,0.5902,20,11,0.8824,2,1,28.82,1,1,0,0,0,0
1131,5757,1.0,9,399,29,1787,5.0,0.7594,17,11,0.9333,2,0,29.44,1,0,0,0,1,0
1132,7454,0.0,7,192,51,402,4.53,0.5060,25,12,0.913,1,3,32.83,1,0,1,0,0,0
1133,6552,0.0,8,215,31,1057,4.59,0.5909,27,11,0.9,5,1,32.33,0,0,1,0,0,0
1134,5309,2.0,10,434,53,1326,4.12,0.5045,28,7,0.8,4,3,32.66,0,0,1,0,0,0
1135,5989,0.0,8,554,23,256,3.81,0.2579,27,2,0.6,5,3,32.84,0,0,1,0,0,0
1136,6473,4.0,7,627,32,1072,4.72,0.6933,25,16,1.0,2,0,32.01,1,0,0,1,0,0
1137,5145,4.0,2,388,58,1308,4.43,0.5930,27,9,0.8462,1,2,28.72,1,0,1,0,0,0
1138,6088,1.0,9,12,35,480,5.0,0.7711,34,31,1.0,0,0,22.3,1,1,0,0,0,0
1139,7401,1.0,8,626,43,1754,4.6,0.7802,19,12,1.0,1,0,32.84,1,0,0,0,1,0
1140,6800,4.0,12,276,24,1340,4.65,0.6085,27,11,0.7391,2,2,33.02,1,0,0,0,0,1
1141,5707,4.0,5,666,41,47,4.11,0.2974,25,7,0.8,3,2,30.4,0,0,1,0,0,0
1142,7121,2.0,7,193,50,1151,4.21,0.3387,29,1,0.8261,2,0,37.21,0,1,0,0,0,0
1143,6508,2.0,1,378,36,504,4.26,0.4204,23,11,0.8333,4,0,30.16,1,0,1,0,0,0
1144,5670,1.0,6,228,58,1154,4.56,0.6199,33,10,0.8571,3,2,30.9,1,1,0,0,0,0
1145,7303,2.0,3,50,53,237,4.54,0.3990,28,15,0.8148,1,4,31.65,1,1,0,0,0,0
1146,6983,1.0,3,647,47,1397,4.33,0.6350,25,11,0.8696,2,0,34.4,1,0,0,0,1,0
1147,6022,4.0,2,405,28,1462,4.86,0.7604,29,20,1.0,1,0,28.81,1,0,1,0,0,0
1148,7339,3.0,9,371,61,1111,4.35,0.5578,26,7,0.85,5,1,29.17,1,1,0,0,0,0
1149,7134,4.0,3,91,30,1049,4.47,0.5088,25,4,0.8947,5,4,34.54,0,0,0,1,0,0
1150,5373,2.0,8,224,56,986,4.71,0.6537,23,14,0.85,2,2,27.58,1,0,0,0,0,1
1151,5538,4.0,3,150,47,1212,4.75,0.6444,25,11,0.875,1,1,28.42,1,0,0,0,0,1
1152,5516,1.0,12,528,52,1554,4.64,0.7640,26,16,0.9,5,0,27.86,1,0,0,0,1,0
1153,6033,2.0,4,633,40,1135,4.45,0.5777,32,12,0.7778,4,4,36.02,0,0,0,0,1,0
1154,5942,4.0,9,607,60,698,4.3,0.3521,28,2,0.625,3,3,37.05,0,0,0,0,0,1
1155,6615,1.0,6,85,62,204,4.95,0.4209,28,10,0.9091,2,1,30.52,1,0,1,0,0,0
1156,6971,4.0,3,448,48,744,4.64,0.5420,19,8,0.9444,1,0,29.54,1,1,0,0,0,0
1157,6254,3.0,10,535,28,1344,5.0,0.9633,28,28,1.0,0,0,19.9,1,0,0,1,0,0
1158,5675,2.0,8,494,44,500,4.08,0.4620,29,6,0.7083,4,2,32.57,0,1,0,0,0,0
1159,6890,1.0,7,394,34,275,4.32,0.3671,23,9,0.8421,2,0,33.54,0,0,0,0,1,0
1160,5420,4.0,7,166,34,1761,3.9,0.6184,28,8,0.6667,5,2,33.28,0,0,0,0,0,1
1161,5095,2.0,2,511,49,1079,4.57,0.6353,16,11,0.9333,1,1,28.01,1,1,0,0,0,0
1162,5976,4.0,12,193,61,623,4.35,0.4531,28,12,0.92,1,2,30.88,1,0,1,0,0,0
1163,5867,3.0,9,557,58,1786,4.76,0.8935,29,22,1.0,2,1,26.39,1,1,0,0,0,0
1164,5811,2.0,2,142,23,1452,4.06,0.5656,21,4,0.7333,4,5,32.84,0,0,0,0,0,1
1165,7072,3.0,9,339,40,310,4.5,0.3928,29,9,0.8261,3,0,34.2,0,0,0,0,1,0
1166,7092,1.0,6,221,46,300,4.66,0.4042,28,14,0.8261,3,0,31.68,1,1,0,0,0,0
1167,6591,2.0,1,370,56,530,4.66,0.4847,23,5,0.6111,2,0,32.09,0,0,1,0,0,0
1168,6009,3.0,2,544,43,1605,4.4,0.5027,19,6,0.8824,2,2,32.84,0,0,0,0,0,1
1169,6271,1.0,10,575,63,1159,3.73,0.3924,26,3,0.7391,2,1,37.25,0,0,0,0,1,0
1170,6063,2.0,10,685,37,124,3.38,0.0846,27,0,0.4762,3,5,41.88,0,1,0,0,0,0
1171,7449,2.0,9,384,20,541,4.62,0.4625,28,18,0.9231,0,2,32.84,1,0,0,0,1,0
1172,5730,1.0,4,666,51,1431,4.23,0.6017,23,10,0.9444,3,2,32.26,1,0,1,0,0,0
1173,7169,0.0,9,442,62,568,3.81,0.4135,31,8,0.7308,3,1,33.75,0,0,0,0,0,1
1174,6392,0.0,10,590,36,182,4.24,0.4175,24,7,0.9565,1,2,32.94,1,0,0,1,0,0
1175,5289,2.0,6,699,60,1317,3.97,0.5184,24,3,0.8667,3,2,32.84,0,0,0,0,1,0
1176,5917,4.0,11,218,38,1437,4.54,0.6673,30,15,0.9615,2,1,31.82,1,0,0,0,1,0
1177,6146,3.0,9,499,31,1230,5.0,0.7121,33,26,1.0,1,1,26.63,1,0,1,0,0,0
1178,7102,3.0,12,486,62,1447,4.07,0.5309,26,6,0.9474,5,3,32.84,0,0,0,1,0,0
1179,5243,0.0,5,236,23,314,4.57,0.4301,31,15,0.963,4,1,32.84,1,0,0,0,1,0
1180,6414,3.0,6,577,32,260,4.18,0.3248,28,6,0.9474,6,0,33.41,0,0,0,0,1,0
1181,6688,0.0,2,668,48,1172,4.09,0.4458,28,3,0.7727,6,1,34.75,0,1,0,0,0,0
1182,5410,1.0,3,387,28,1459,4.33,0.5752,26,4,0.6667,2,2,34.08,0,0,1,0,0,0
1183,7238,1.0,1,161,63,172,3.82,0.1666,32,1,0.6667,5,1,40.73,0,0,0,1,0,0
1184,6819,2.0,7,692,26,1762,4.59,0.7598,19,11,1.0,0,1,28.51,1,1,0,0,0,0
1185,6386,1.0,8,582,25,1096,3.7,0.3363,33,3,0.7407,3,4,39.93,0,1,0,0,0,0
1186,5971,1.0,9,243,34,938,4.01,0.4596,30,11,0.7917,1,0,33.34,0,0,0,0,1,0
1187,7418,2.0,7,395,42,1688,4.09,0.4681,21,3,0.6842,2,2,35.96,0,0,0,0,1,0
1188,5625,3.0,6,638,59,1654,4.55,0.6346,21,6,0.85,1,1,29.62,1,0,0,0,0,1
1189,5446,4.0,5,172,28,223,3.39,0.1751,32,2,0.6087,7,3,39.28,0,1,0,0,0,0
1190,6812,2.0,11,376,61,644,4.72,0.5813,35,14,0.9286,2,4,32.02,1,0,0,0,1,0
1191,5351,3.0,3,445,46,445,4.08,0.2314,40,4,0.6552,7,4,36.99,0,0,0,0,0,1
1192,6547,1.0,10,47,55,769,4.5,0.6831,29,18,0.9167,1,0,30.34,1,0,0,0,1,0
1193,6687,3.0,4,696,30,203,4.08,0.3174,29,5,0.7143,4,1,32.84,0,1,0,0,0,0
1194,6572,1.0,10,417,57,523,4.5,0.4546,25,7,0.7619,3,4,34.59,0,0,1,0,0,0
1195,7375,0.0,4,432,38,1390,4.25,0.6143,22,7,0.75,1,3,33.13,0,0,1,0,0,0
1196,6426,2.0,10,556,60,1749,3.72,0.5704,29,9,0.8333,3,1,33.9,0,0,0,1,0,0
1197,5752,0.0,9,294,30,501,4.78,0.6988,33,25,0.9643,4,0,28.85,1,0,0,1,0,0
1198,5711,4.0,10,390,42,76,4.23,0.3166,29,7,0.7083,4,1,33.21,0,1,0,0,0,0
1199,7203,0.0,5,130,18,142,4.01,0.2219,29,1,0.6667,3,3,32.84,0,1,0,0,0,0
1200,5831,2.0,7,585,46,1799,4.43,0.7371,20,10,1.0,5,1,31.27,1,1,0,0,0,0
1201,5905,3.0,5,212,26,457,3.81,0.4095,30,3,0.5217,3,0,36.18,0,0,0,0,1,0
1202,5632,3.0,4,461,60,249,3.8,0.0681,23,0,0.7143,4,3,40.64,0,0,1,0,0,0
1203,5148,0.0,12,370,53,686,4.78,0.6394,24,17,0.8636,1,0,29.67,1,0,0,1,0,0
1204,5034,0.0,10,360,35,140,3.69,0.1455,27,5,0.6,4,2,37.08,0,0,0,0,1,0
1205,7117,0.0,8,282,42,1461,4.2,0.6161,35,17,0.8667,2,5,32.83,0,0,0,0,1,0
1206,5360,2.0,5,557,60,1230,4.13,0.5451,31,10,0.64,3,2,31.86,0,1,0,0,0,0
1207,6148,0.0,4,455,47,1405,3.99,0.4719,33,2,0.8462,6,2,35.22,0,0,1,0,0,0
1208,6678,3.0,8,373,57,1107,3.94,0.4347,32,4,0.6957,3,2,34.61,0,0,0,0,0,1
1209,6553,1.0,7,654,28,881,4.15,0.4063,26,3,0.6667,5,3,34.09,0,0,1,0,0,0
1210,6000,1.0,9,535,22,1095,4.53,0.6620,26,13,1.0,2,1,33.58,1,0,0,0,1,0
1211,7383,2.0,4,514,42,204,3.97,0.2353,40,3,0.5667,8,6,37.75,0,0,1,0,0,0
1212,5439,4.0,7,669,40,936,4.37,0.4887,33,14,0.8621,0,2,32.9,0,1,0,0,0,0
1213,7492,0.0,5,578,51,257,4.41,0.3125,31,4,0.7917,6,2,34.07,0,1,0,0,0,0
1214,5546,4.0,11,628,58,1662,4.53,0.6769,27,15,0.9091,3,1,32.59,1,1,0,0,0,0
1215,7481,4.0,10,199,58,803,4.05,0.4567,25,9,0.7143,4,0,31.21,0,0,0,0,1,0
1216,6170,3.0,10,452,61,1117,4.59,0.6716,30,17,0.9615,3,1,27.48,1,1,0,0,0,0
1217,5899,1.0,4,388,49,1687,4.15,0.6458,30,11,0.8696,4,1,29.37,0,0,1,0,0,0
1218,5191,0.0,8,305,36,1455,4.39,0.6266,32,12,0.92,5,3,33.35,1,0,0,0,1,0
1219,5177,1.0,7,185,61,513,3.96,0.4133,34,8,0.6923,5,0,33.6,0,0,0,0,1,0
1220,6645,1.0,2,572,47,1403,4.49,0.6969,21,9,0.8824,3,0,28.05,1,0,0,0,1,0
1221,5154,2.0,6,311,26,1578,5.0,0.8384,31,26,1.0,3,1,27.41,1,1,0,0,0,0
1222,7284,2.0,8,281,21,1308,4.49,0.5777,24,13,0.9545,1,0,33.91,1,1,0,0,0,0
1223,5371,1.0,9,651,47,1394,4.24,0.6303,53,16,0.8182,4,3,33.71,0,0,1,0,0,0
1224,6859,0.0,11,154,20,617,4.52,0.3787,24,5,0.7778,1,1,34.85,0,0,1,0,0,0
1225,6023,1.0,6,662,21,301,4.32,0.2726,28,3,0.8,4,2,34.46,0,0,0,0,0,1
1226,5128,4.0,5,37,51,80,4.77,0.4194,31,10,0.8519,4,1,30.57,1,0,1,0,0,0
1227,5739,4.0,8,165,40,636,4.35,0.5945,22,8,0.9375,3,1,29.66,1,1,0,0,0,0
1228,6233,2.0,3,6,36,1281,4.09,0.4955,28,5,0.6087,4,1,34.57,0,0,0,0,1,0
1229,5716,2.0,6,497,42,1314,4.19,0.6599,40,18,0.8182,6,1,33.11,1,0,0,0,0,1
1230,7143,3.0,2,697,36,479,4.45,0.3714,32,12,0.7778,4,2,31.81,1,1,0,0,0,0
1231,5354,0.0,1,644,53,1749,4.26,0.6726,29,10,0.8261,6,2,34.93,0,0,0,0,0,1
1232,6218,1.0,9,653,29,1784,4.89,0.8673,34,26,0.9677,3,2,29.37,1,0,1,0,0,0
1233,6529,2.0,4,692,63,1204,4.5,0.6065,27,5,0.7222,4,2,29.19,1,0,0,0,0,1
1234,5086,3.0,1,275,38,753,4.14,0.4372,29,6,0.8,6,1,35.74,0,1,0,0,0,0
1235,5471,3.0,2,146,62,586,4.72,0.5703,24,12,0.9524,1,0,31.78,1,0,1,0,0,0
1236,6373,1.0,10,274,60,1296,4.07,0.4423,31,7,0.8333,5,8,35.66,0,0,1,0,0,0
1237,5106,0.0,7,264,39,1722,4.09,0.5454,20,1,0.7647,2,3,36.42,0,1,0,0,0,0
1238,5063,1.0,11,181,20,1083,4.61,0.6172,24,11,0.8571,1,0,30.99,1,0,0,0,1,0
1239,6346,1.0,11,608,52,1031,3.21,0.2139,27,0,0.6111,5,2,39.18,0,0,1,0,0,0
1240,5662,2.0,9,373,56,448,4.41,0.4910,31,10,0.8462,2,3,34.47,1,1,0,0,0,0
1241,5728,2.0,5,540,23,167,4.36,0.4551,38,21,0.8889,0,1,30.83,1,1,0,0,0,0
1242,6128,0.0,1,198,30,53,3.62,0.1529,36,5,0.72,8,3,39.67,0,0,0,0,1,0
1243,6995,3.0,8,369,37,1364,4.32,0.4788,25,3,0.8636,1,6,32.84,0,0,0,0,0,1
1244,5731,3.0,2,338,45,615,4.33,0.5556,34,16,0.8846,3,4,31.06,1,1,0,0,0,0
1245,6499,4.0,12,350,20,1360,4.68,0.7446,28,17,0.9565,1,1,30.53,1,0,0,0,0,1
1246,6313,1.0,4,687,34,1486,4.81,0.5982,27,9,0.88,2,4,32.56,0,1,0,0,0,0
1247,6541,4.0,3,46,31,1181,4.03,0.4490,28,2,0.55,2,3,36.83,0,0,0,0,0,1
1248,7108,1.0,4,634,27,1464,4.24,0.6636,35,18,0.8966,2,1,31.91,1,0,0,0,1,0
1249,5563,4.0,10,330,24,915,4.54,0.6144,25,11,0.95,1,0,31.18,1,0,0,0,0,1
1250,6329,2.0,2,441,38,1740,4.59,0.7871,26,18,0.9167,1,0,30.21,1,0,0,0,1,0
1251,6827,0.0,9,31,54,1541,3.94,0.5947,19,2,0.7143,3,2,31.74,0,0,1,0,0,0
1252,5701,2.0,3,377,24,321,4.67,0.4627,35,16,0.9032,3,5,29.93,1,1,0,0,0,0
1253,5461,0.0,3,574,31,1545,4.54,0.6358,25,11,0.9091,3,4,30.91,1,0,1,0,0,0
1254,5202,1.0,3,340,43,44,4.14,0.3265,27,5,0.76,1,2,34.66,0,0,0,0,1,0
1255,6821,2.0,8,325,50,731,4.17,0.4686,28,7,0.7273,3,2,32.84,0,0,0,1,0,0
1256,5424,1.0,5,599,48,1209,4.64,0.5928,33,13,0.9333,1,3,30.96,1,0,0,0,1,0
1257,5192,1.0,12,191,60,1582,3.72,0.4410,28,2,0.5625,7,0,32.84,0,0,0,0,0,1
1258,6197,1.0,9,358,30,910,4.77,0.6148,27,11,1.0,5,1,31.69,1,0,1,0,0,0
1259,6090,2.0,8,661,24,70,4.58,0.3700,20,6,0.75,3,0,32.8,0,0,0,1,0,0
1260,5519,2.0,7,408,35,1131,4.67,0.5871,25,13,0.9091,1,1,30.59,1,0,0,0,0,1
1261,6754,1.0,1,455,62,95,3.96,0.2840,39,3,0.7586,6,1,36.82,0,0,0,0,0,1
1262,5943,1.0,10,642,49,493,3.94,0.2481,23,2,0.7778,3,3,39.71,0,0,0,0,1,0
1263,6277,0.0,8,460,62,298,4.49,0.4046,19,5,0.75,0,1,33.79,0,1,0,0,0,0
1264,6604,4.0,8,682,52,1590,4.28,0.6182,23,7,0.7059,3,0,33.1,0,0,0,0,0,1
1265,5384,1.0,5,45,57,983,4.19,0.6560,33,17,0.9355,1,0,32.84,1,0,0,0,0,1
1266,5558,4.0,3,495,25,447,3.94,0.2122,36,4,0.75,5,2,38.16,0,0,0,0,1,0
1267,7457,1.0,5,487,48,310,3.89,0.2822,30,10,0.5417,1,0,35.33,0,0,0,0,0,1
1268,5428,3.0,8,361,35,1791,5.0,0.7790,35,18,0.931,3,1,29.84,1,0,0,0,1,0
1269,7326,3.0,11,239,18,271,3.96,0.2560,26,2,0.8,3,3,37.79,0,0,0,0,1,0
1270,5425,2.0,11,512,18,629,4.63,0.5877,29,16,0.8889,1,0,29.04,1,1,0,0,0,0
1271,7380,1.0,10,484,48,813,3.94,0.5333,28,6,0.9167,4,1,33.22,0,0,0,0,0,1
1272,7086,1.0,1,282,28,1378,4.4,0.7018,26,16,0.8696,2,1,29.46,1,0,0,0,1,0
1273,6743,2.0,2,253,28,958,4.2,0.5872,26,13,0.9091,4,2,30.65,1,0,1,0,0,0
1274,5595,3.0,6,103,56,276,4.24,0.3734,26,10,0.75,0,1,33.19,0,1,0,0,0,0
1275,7387,3.0,12,413,39,172,3.79,0.2461,24,3,0.7647,1,5,39.15,0,0,0,0,0,1
1276,6229,3.0,3,304,45,303,4.61,0.4760,28,18,0.9259,0,2,30.35,1,0,0,1,0,0
1277,7272,0.0,4,376,46,216,4.74,0.4440,34,11,0.7143,4,3,32.73,0,0,1,0,0,0
1278,5497,4.0,12,604,41,1587,3.84,0.4464,31,0,0.5926,1,3,36.27,0,0,1,0,0,0
1279,6069,4.0,4,57,61,1385,3.97,0.4295,26,3,0.5556,7,4,36.24,0,0,0,0,0,1
1280,6996,2.0,2,46,53,297,3.49,0.1609,16,0,0.4,3,1,40.74,0,0,0,0,0,1
1281,5162,4.0,11,145,42,1054,3.86,0.2804,22,4,0.7059,3,3,36.11,0,0,0,0,1,0
1282,7084,1.0,10,668,54,117,3.59,0.2226,32,3,0.6667,3,4,37.37,0,1,0,0,0,0
1283,5727,3.0,4,554,52,212,4.4,0.3425,30,10,0.8846,2,0,32.8,0,1,0,0,0,0
1284,6783,2.0,11,172,29,544,4.88,0.5755,32,22,0.88,3,2,27.36,1,0,0,0,1,0
1285,6049,2.0,5,496,31,182,4.5,0.4263,31,11,0.875,6,3,31.8,0,0,0,0,1,0
1286,7040,2.0,12,114,39,1513,4.94,0.8498,24,18,0.9565,0,0,32.84,1,1,0,0,0,0
1287,6431,1.0,2,27,47,1497,4.19,0.5474,21,7,0.9048,0,2,37.08,0,0,0,0,1,0
1288,5974,4.0,4,59,27,954,4.64,0.6164,29,12,0.9231,2,2,29.22,1,0,0,0,1,0
1289,5245,3.0,2,361,57,317,3.88,0.2652,27,4,0.7143,5,4,35.14,0,1,0,0,0,0
1290,6782,2.0,2,490,50,1767,4.66,0.7551,26,12,0.8696,3,1,29.63,1,0,1,0,0,0
1291,5763,2.0,4,560,50,1038,4.22,0.4601,26,5,0.7,3,4,35.86,0,0,1,0,0,0
1292,5280,4.0,5,99,52,667,3.96,0.2240,21,1,0.6471,0,0,38.38,0,1,0,0,0,0
1293,7188,1.0,8,626,58,280,4.66,0.5541,31,15,0.8,3,1,28.5,1,0,1,0,0,0
1294,5253,1.0,1,298,56,1318,4.37,0.5316,22,12,0.6842,2,1,32.56,0,0,1,0,0,0
1295,5549,0.0,2,190,41,1417,4.0,0.4653,20,2,0.8,2,1,32.84,0,1,0,0,0,0
1296,6456,0.0,1,636,46,128,3.85,0.2588,30,6,0.7391,5,4,35.81,0,0,1,0,0,0
1297,7228,2.0,9,410,24,1022,4.68,0.5477,32,15,0.92,5,2,30.54,1,0,0,1,0,0
1298,7335,1.0,12,336,18,578,4.74,0.5459,16,9,0.7333,0,2,32.84,1,0,0,0,0,1
1299,7094,0.0,8,675,42,75,4.03,0.3756,22,7,0.7059,3,1,34.0,0,0,0,0,0,1
1300,6383,3.0,9,694,26,692,3.81,0.3272,26,3,0.8182,3,4,36.44,0,0,0,0,0,1
1301,5393,4.0,10,514,24,852,4.21,0.4486,41,10,0.8,3,1,34.61,0,0,1,0,0,0
1302,7166,3.0,11,386,56,1716,4.65,0.8118,41,29,0.9744,1,2,29.08,1,1,0,0,0,0
1303,5386,2.0,12,131,57,1034,4.65,0.5872,37,24,0.8824,1,2,32.65,1,0,0,0,0,1
1304,6953,2.0,5,151,41,708,4.21,0.2324,43,5,0.6667,9,3,33.02,0,1,0,0,0,0
1305,5771,4.0,4,146,51,782,4.51,0.5758,30,17,0.84,2,1,29.12,1,1,0,0,0,0
1306,5828,2.0,4,155,18,959,4.55,0.5470,28,15,0.9167,1,0,33.46,1,0,0,1,0,0
1307,5181,0.0,7,375,31,1469,4.02,0.4834,21,2,0.7059,3,1,34.59,0,0,0,1,0,0
1308,6651,4.0,12,161,26,1757,4.07,0.6027,31,7,0.8077,3,1,33.56,0,0,0,0,0,1
1309,7441,0.0,5,527,28,1257,4.47,0.6218,25,9,0.913,1,2,32.28,1,0,0,0,0,1
1310,7444,1.0,2,125,40,953,4.28,0.4792,26,9,0.8571,3,2,34.55,0,1,0,0,0,0
1311,6116,2.0,2,298,40,539,3.32,0.1377,31,1,0.68,2,6,42.54,0,0,0,0,1,0
1312,6481,1.0,6,148,56,746,4.48,0.6931,28,23,0.9259,1,1,27.99,1,0,0,0,0,1
1313,5419,4.0,3,673,25,428,4.54,0.4857,26,9,0.9048,4,1,30.89,1,0,1,0,0,0
1314,7350,3.0,10,140,53,296,4.3,0.4566,14,10,0.8462,0,0,32.84,1,0,0,0,0,1
1315,5584,1.0,10,516,31,103,4.5,0.4237,28,13,0.8,2,1,31.52,1,0,0,0,1,0
1316,6002,1.0,4,163,62,383,4.54,0.4189,38,10,0.8621,4,3,32.47,0,0,0,1,0,0
1317,6469,1.0,9,35,32,1741,4.03,0.7363,29,8,1.0,1,1,35.76,0,0,0,0,1,0
1318,6308,0.0,1,323,24,865,4.8,0.6136,34,16,0.8519,4,0,31.6,1,1,0,0,0,0
1319,6318,2.0,12,541,50,1770,4.82,0.7988,29,17,0.9615,3,0,29.88,1,0,0,0,0,1
1320,5985,0.0,5,535,38,111,4.35,0.4654,22,13,0.8947,1,0,28.96,1,1,0,0,0,0
1321,5572,3.0,12,406,44,1517,4.28,0.6378,29,14,0.9091,4,2,33.34,1,1,0,0,0,0
1322,7167,0.0,5,4,61,463,4.28,0.3136,33,5,0.6296,1,1,35.59,0,0,0,0,0,1
1323,5740,4.0,11,404,26,353,4.13,0.3675,30,7,0.5909,6,2,32.14,0,0,0,0,1,0
1324,5277,4.0,8,431,20,753,4.08,0.3625,25,4,0.7143,3,1,34.12,0,0,0,1,0,0
1325,5550,2.0,9,130,34,299,4.41,0.3625,29,9,0.84,2,2,34.28,0,1,0,0,0,0
1326,5589,3.0,11,125,54,1214,4.1,0.4444,24,0,0.625,3,1,32.84,0,1,0,0,0,0
1327,6015,2.0,12,120,51,203,3.98,0.3282,35,3,0.7273,7,2,36.98,0,0,0,0,1,0
1328,5291,3.0,6,374,44,938,4.44,0.4832,32,11,0.8,6,0,31.88,1,0,0,0,1,0
1329,7054,2.0,2,450,38,1069,4.4,0.5384,30,8,0.9167,4,1,33.62,0,1,0,0,0,0
1330,5596,0.0,7,73,49,373,3.85,0.3870,29,4,0.6667,2,3,35.94,0,0,1,0,0,0
1331,5377,3.0,5,142,25,341,4.15,0.4058,16,8,0.7692,3,1,31.22,0,0,1,0,0,0
1332,6709,2.0,10,299,32,683,4.38,0.2960,29,1,0.7273,3,4,35.47,0,0,0,0,1,0
1333,6545,0.0,2,130,48,700,4.55,0.5749,36,23,0.9412,1,1,29.19,1,1,0,0,0,0
1334,6055,1.0,12,382,44,921,4.33,0.5011,29,3,0.7083,3,5,32.84,0,1,0,0,0,0
1335,6398,0.0,8,608,43,765,4.38,0.5499,30,18,0.7917,2,2,31.85,1,0,0,0,1,0
1336,5666,2.0,1,626,42,1299,4.66,0.6857,27,11,1.0,4,0,27.4,1,1,0,0,0,0
1337,7433,0.0,9,658,23,231,4.5,0.4686,23,7,0.8421,3,0,31.86,1,0,1,0,0,0
1338,7283,3.0,12,300,19,1324,5.0,0.6521,25,15,0.9565,0,0,25.93,1,0,0,0,1,0
1339,7221,0.0,2,579,46,988,4.41,0.5069,24,7,0.85,3,0,35.04,0,1,0,0,0,0
1340,5079,0.0,7,477,23,1203,4.19,0.3803,19,4,0.6429,3,2,39.25,0,0,1,0,0,0
1341,6707,0.0,3,286,35,1473,4.1,0.4160,29,3,0.8182,4,4,36.49,0,0,0,0,0,1
1342,6635,3.0,2,592,30,848,3.87,0.2860,31,4,0.6957,3,2,32.84,0,0,1,0,0,0
1343,7182,4.0,10,385,43,1145,3.81,0.4006,20,2,0.6154,3,0,35.92,0,0,1,0,0,0
1344,5298,4.0,7,133,33,1660,4.43,0.5751,27,5,0.8261,2,2,32.84,0,0,1,0,0,0
1345,5915,1.0,1,651,34,1275,4.22,0.5592,24,10,0.7778,2,1,32.02,1,0,1,0,0,0
1346,7389,3.0,1,425,37,222,4.34,0.3862,38,13,0.7931,6,1,34.19,1,0,0,0,1,0
1347,5967,0.0,4,454,19,1744,4.69,0.6153,30,15,0.8261,3,1,32.46,0,0,0,1,0,0
1348,5222,0.0,7,551,52,1604,3.71,0.5056,35,7,0.5,3,2,36.4,0,0,1,0,0,0
1349,7470,3.0,4,495,19,859,4.08,0.4742,29,10,0.8696,5,1,34.33,0,0,0,0,1,0
1350,6701,0.0,2,47,30,212,4.93,0.6521,25,17,1.0,2,0,26.6,1,0,0,0,0,1
1351,5892,4.0,4,20,19,660,3.82,0.4416,27,3,0.6818,3,4,35.09,0,0,0,1,0,0
1352,7324,1.0,10,664,62,1182,4.3,0.4689,37,7,0.7586,4,2,32.19,0,0,0,0,1,0
1353,6355,2.0,1,302,57,1639,4.8,0.7341,25,8,0.8261,2,2,33.54,1,0,0,0,1,0
1354,6168,0.0,11,386,43,165,4.54,0.4349,28,17,0.8462,0,2,30.32,1,0,0,0,0,1
1355,7146,0.0,12,344,47,155,4.37,0.3509,33,9,0.7391,7,2,33.03,0,1,0,0,0,0
1356,6792,1.0,6,92,50,1668,4.68,0.7556,29,18,0.9565,3,0,26.01,1,1,0,0,0,0
1357,6320,2.0,6,149,62,866,4.78,0.6865,26,21,0.9583,1,0,26.87,1,0,0,1,0,0
1358,6179,3.0,8,55,45,452,4.44,0.4177,26,4,0.8889,5,0,31.62,0,0,0,0,0,1
1359,6731,1.0,8,693,21,1743,4.36,0.7263,24,11,0.8571,2,1,32.84,1,0,0,0,0,1
1360,6522,1.0,2,476,36,856,4.49,0.5766,24,11,0.8,2,4,28.49,1,1,0,0,0,0
1361,7482,1.0,10,589,35,113,4.47,0.3454,28,8,0.7143,5,0,32.84,0,0,0,1,0,0
1362,6158,3.0,12,193,39,1355,3.97,0.6385,34,9,0.6667,3,2,38.25,0,1,0,0,0,0
1363,6791,4.0,8,201,18,1488,3.96,0.4631,29,2,0.7826,6,1,36.31,0,1,0,0,0,0
1364,7013,4.0,5,72,56,329,3.92,0.3053,25,6,0.75,2,2,36.94,0,0,0,0,1,0
1365,5295,1.0,7,648,47,1629,4.26,0.6529,29,6,0.8846,3,2,30.78,1,0,0,0,0,1
1366,6852,2.0,1,385,55,1539,4.75,0.6738,28,16,0.7917,2,0,31.72,1,1,0,0,0,0
1367,5783,0.0,4,616,46,1533,4.68,0.7760,26,16,0.913,2,1,25.7,1,0,0,0,1,0
1368,5743,2.0,9,18,44,799,4.09,0.4533,24,4,0.7,3,0,32.66,0,0,0,0,0,1
1369,5327,4.0,12,636,48,602,4.41,0.4481,32,8,0.913,3,0,32.13,0,1,0,0,0,0
1370,5766,2.0,3,398,38,1717,4.9,0.7921,27,20,1.0,0,0,32.84,1,0,0,0,1,0
1371,6905,0.0,9,638,49,583,4.91,0.5745,35,18,0.963,3,2,29.02,1,1,0,0,0,0
1372,7197,4.0,4,296,46,171,4.31,0.3649,25,9,0.7391,1,1,33.14,0,0,0,0,1,0
1373,6994,1.0,12,667,36,469,4.44,0.4800,30,5,0.8846,3,5,33.27,0,0,0,0,1,0
1374,7254,2.0,9,431,24,1637,4.53,0.8194,25,11,0.9,3,1,28.4,1,0,0,0,0,1
1375,6468,3.0,5,89,60,1572,4.33,0.6774,25,15,0.913,1,0,32.48,1,0,1,0,0,0
1376,7239,3.0,9,286,43,838,4.36,0.5329,20,3,0.8125,2,4,30.68,0,0,1,0,0,0
1377,5788,4.0,4,512,36,1046,4.57,0.6364,39,17,0.9062,6,5,31.53,1,0,0,0,1,0
1378,5155,2.0,10,557,52,536,4.81,0.5401,32,15,0.9062,0,2,32.84,1,0,1,0,0,0
1379,6515,0.0,5,87,31,1052,4.75,0.6090,28,13,0.84,0,3,32.11,0,0,1,0,0,0
1380,5863,3.0,12,63,62,1143,4.46,0.6693,31,18,0.8276,1,3,29.94,1,0,0,0,0,1
1381,6689,4.0,3,73,37,1603,4.37,0.6617,36,16,0.8667,4,1,30.83,1,1,0,0,0,0
1382,6081,0.0,5,610,52,1317,4.27,0.5314,22,4,0.7222,1,2,35.36,0,0,1,0,0,0
1383,7362,4.0,8,666,46,968,4.06,0.3065,35,2,0.5,6,5,32.84,0,1,0,0,0,0
1384,5121,0.0,11,460,38,780,4.83,0.6795,21,14,1.0,3,0,26.84,1,0,1,0,0,0
1385,6874,0.0,9,237,20,919,4.35,0.5600,33,13,0.8148,5,1,28.99,0,1,0,0,0,0
1386,5611,0.0,8,624,34,274,4.35,0.4362,28,10,0.875,3,1,29.88,1,0,0,0,1,0
1387,7485,4.0,7,72,33,1483,4.27,0.5766,32,7,0.8519,5,1,33.09,0,0,0,0,0,1
1388,6623,4.0,5,234,29,1312,4.67,0.6033,36,16,0.96,6,0,28.9,1,0,0,0,1,0
1389,6765,3.0,12,232,28,1693,4.01,0.5774,29,5,0.6667,4,4,34.83,0,0,0,0,1,0
1390,5873,0.0,6,452,33,1205,5.0,0.6597,27,15,1.0,1,0,28.62,1,0,1,0,0,0
1391,6288,2.0,10,523,46,660,3.61,0.2454,31,2,0.7143,6,4,38.16,0,1,0,0,0,0
1392,6251,4.0,10,35,57,1665,4.14,0.5208,21,3,0.7895,2,0,34.4,0,1,0,0,0,0
1393,7147,2.0,3,538,45,107,4.18,0.3226,27,5,0.8571,5,2,34.12,0,1,0,0,0,0
1394,5822,1.0,6,568,23,1769,4.97,0.8677,24,18,1.0,1,0,26.57,1,0,0,0,1,0
1395,5851,2.0,11,11,46,538,4.13,0.4273,35,4,0.8621,6,3,36.67,0,0,0,0,0,1
1396,7175,1.0,4,681,19,772,3.35,0.2218,34,2,0.6923,6,4,39.93,0,1,0,0,0,0
1397,5898,0.0,3,39,23,1515,4.29,0.6131,24,10,0.8,1,2,32.31,0,0,0,0,0,1
1398,6954,2.0,11,341,57,1479,3.94,0.5500,24,6,0.9091,0,1,33.87,0,1,0,0,0,0
1399,7289,4.0,7,377,23,1379,4.36,0.6180,31,16,1.0,0,4,32.74,1,0,0,0,1,0
1400,6793,2.0,12,635,26,1182,4.56,0.6228,29,12,0.8462,1,1,32.84,1,0,0,0,1,0
1401,7159,3.0,2,10,22,750,4.94,0.6081,18,12,1.0,0,0,30.81,1,0,0,1,0,0
1402,5772,0.0,6,378,54,1404,4.26,0.6568,20,6,1.0,2,2,29.17,1,1,0,0,0,0
1403,5626,4.0,5,583,27,785,3.86,0.3789,24,4,0.7895,4,4,34.42,0,1,0,0,0,0
1404,6680,4.0,10,111,55,1636,4.68,0.7304,27,16,0.8636,4,4,28.21,1,0,0,0,1,0
1405,6573,2.0,11,189,42,1674,4.7,0.6649,22,10,0.8824,1,2,32.84,1,0,0,0,1,0
1406,5874,4.0,9,370,25,750,4.31,0.5121,22,8,0.8333,3,1,31.03,1,0,1,0,0,0
1407,5016,4.0,3,66,54,1044,4.87,0.5817,24,14,0.8182,1,2,28.04,1,0,0,0,0,1
1408,7460,3.0,2,158,38,1795,3.94,0.5247,31,2,0.7083,5,0,37.44,0,0,0,0,0,1
1409,6636,4.0,2,673,33,318,4.57,0.6045,28,20,1.0,4,0,27.91,1,0,0,0,1,0
1410,6998,4.0,12,449,29,76,3.99,0.2016,22,3,0.6316,1,3,32.84,0,1,0,0,0,0
1411,6898,2.0,3,130,31,246,3.97,0.2591,21,2,0.8125,0,0,33.61,0,0,0,1,0,0
1412,7185,2.0,6,403,26,289,4.52,0.3558,32,9,0.8696,6,3,32.5,0,1,0,0,0,0
1413,5422,3.0,8,257,44,1675,4.51,0.5771,26,10,0.7368,5,2,36.19,0,1,0,0,0,0
1414,6648,1.0,5,434,42,1643,4.76,0.6623,21,11,0.8,0,0,29.37,1,0,1,0,0,0
1415,6757,0.0,3,391,51,488,4.71,0.4938,25,14,0.8696,2,1,30.77,1,0,0,0,0,1
1416,6779,3.0,7,221,54,538,4.2,0.3596,30,9,0.6667,3,2,32.76,0,1,0,0,0,0
1417,6305,4.0,6,546,56,960,4.37,0.5497,30,12,0.9231,2,1,31.21,1,1,0,0,0,0
1418,6133,2.0,10,379,26,816,4.43,0.4957,24,2,0.8333,11,0,35.17,0,0,0,0,1,0
1419,5315,4.0,9,492,61,940,4.28,0.4517,33,10,0.8261,6,3,33.56,0,1,0,0,0,0
1420,7007,3.0,9,485,54,231,4.17,0.4257,18,5,0.7333,2,2,30.74,0,0,0,0,0,1
1421,6532,1.0,4,289,20,469,4.23,0.4129,31,12,0.913,4,7,31.04,1,1,0,0,0,0
1422,5365,2.0,8,560,57,1029,4.25,0.3909,28,5,0.7917,3,3,33.06,0,0,1,0,0,0
1423,5376,4.0,1,307,58,1594,4.08,0.5347,34,5,0.56,7,0,32.55,0,0,0,0,1,0
1424,7261,1.0,7,220,20,761,4.05,0.3077,38,3,0.4615,5,4,35.6,0,0,1,0,0,0
1425,5142,4.0,12,136,43,910,4.54,0.6673,25,15,0.8889,3,0,28.77,1,0,0,0,1,0
1426,5663,0.0,10,276,28,124,3.87,0.1764,27,4,0.913,3,3,36.24,0,0,0,0,0,1
1427,6401,2.0,11,92,35,930,4.25,0.4708,34,10,0.8966,3,6,32.84,0,0,0,0,1,0
1428,7115,1.0,7,410,54,1083,4.04,0.4331,15,2,0.9167,2,0,34.99,0,0,0,1,0,0
1429,5921,3.0,6,659,31,911,4.83,0.4713,34,8,0.8182,6,0,32.19,0,1,0,0,0,0
1430,5372,4.0,8,489,54,1720,4.64,0.7583,26,13,0.8182,4,0,33.44,1,1,0,0,0,0
1431,5110,4.0,9,313,31,1741,4.8,0.7179,27,14,0.8462,1,2,30.01,1,0,1,0,0,0
1432,5933,2.0,4,625,30,1630,4.29,0.6264,28,13,0.84,2,2,32.84,1,0,0,0,1,0
1433,5364,3.0,10,349,43,57,4.25,0.3399,27,9,0.7368,4,0,31.67,0,0,1,0,0,0
1434,5705,4.0,5,194,20,887,4.12,0.4566,26,7,0.9412,8,2,36.21,0,1,0,0,0,0
1435,7208,0.0,7,524,30,1713,4.22,0.5987,26,2,0.7619,1,0,32.3,0,0,0,1,0,0
1436,6506,0.0,10,584,29,1654,4.36,0.7692,33,14,0.9,2,2,31.82,1,1,0,0,0,0
1437,5109,4.0,10,208,40,561,4.48,0.5433,29,16,0.8846,3,0,30.39,1,0,1,0,0,0
1438,5714,1.0,8,133,58,1244,4.06,0.5606,26,4,0.7895,5,1,36.42,0,1,0,0,0,0
1439,6103,0.0,5,485,24,1474,4.17,0.5589,26,9,0.5455,2,1,35.66,0,0,0,0,1,0
1440,6102,3.0,10,171,62,1611,4.24,0.6610,30,9,0.8929,1,6,31.36,1,1,0,0,0,0
1441,5864,3.0,8,529,52,1496,3.91,0.4879,24,2,1.0,3,1,35.49,0,0,1,0,0,0
1442,7017,0.0,7,353,63,1776,4.34,0.6547,29,6,0.8095,4,1,34.19,0,0,0,0,0,1
1443,5568,3.0,8,275,55,608,4.23,0.5339,18,4,0.6923,1,2,31.6,0,0,1,0,0,0
1444,7043,0.0,2,255,49,799,4.15,0.4099,25,7,0.8636,3,1,35.06,0,0,1,0,0,0
1445,5426,0.0,12,449,51,920,4.5,0.5948,27,14,0.9091,1,0,29.99,1,1,0,0,0,0
1446,6974,0.0,6,532,38,86,3.7,0.2201,23,2,0.8125,4,2,35.52,0,1,0,0,0,0
1447,7321,4.0,2,674,33,1278,5.0,0.6522,36,16,0.9286,6,6,29.72,1,0,0,0,0,1
1448,6906,2.0,12,188,53,381,4.55,0.4097,28,7,0.7143,2,1,35.3,0,0,0,0,1,0
1449,6458,0.0,12,697,27,1158,4.32,0.6763,28,14,0.76,1,0,30.61,1,0,0,0,1,0
1450,6643,0.0,8,270,50,628,4.27,0.5186,30,15,0.92,4,0,34.63,1,0,1,0,0,0
1451,7089,2.0,4,600,62,124,4.02,0.2945,17,2,0.8182,3,1,34.78,0,0,1,0,0,0
1452,5124,1.0,5,502,53,852,4.63,0.4817,30,12,0.7826,5,2,33.73,0,0,1,0,0,0
1453,6530,1.0,3,110,44,181,3.98,0.1847,26,5,0.7,4,1,34.54,0,0,1,0,0,0
1454,7435,1.0,7,362,20,1074,4.66,0.7162,35,22,0.9355,3,2,26.99,1,0,0,0,1,0
1455,7295,1.0,10,302,35,856,4.29,0.5684,20,11,0.7059,3,0,30.88,1,0,1,0,0,0
1456,7145,2.0,11,352,46,600,4.53,0.4438,22,7,0.8667,4,3,32.84,0,1,0,0,0,0
1457,5081,2.0,4,459,60,395,3.63,0.2573,25,3,0.7273,2,2,36.7,0,1,0,0,0,0
1458,7223,2.0,4,464,58,1436,4.21,0.5438,27,9,0.7917,1,1,33.32,0,1,0,0,0,0
1459,5212,4.0,2,224,51,763,4.38,0.4955,39,13,0.8125,6,4,29.68,0,0,1,0,0,0
1460,5071,2.0,3,22,31,1086,4.8,0.6931,21,13,1.0,4,0,28.08,1,1,0,0,0,0
1461,6177,0.0,10,490,42,1578,4.67,0.6910,34,14,0.8333,3,2,31.47,1,0,1,0,0,0
1462,6665,1.0,1,322,23,46,4.12,0.3203,35,8,0.6923,5,3,33.47,0,1,0,0,0,0
1463,7493,2.0,2,576,19,837,3.97,0.3200,27,0,0.7778,8,1,32.84,0,1,0,0,0,0
1464,6215,4.0,2,572,44,68,3.83,0.1457,41,4,0.8214,7,3,36.88,0,1,0,0,0,0
1465,7363,3.0,4,513,21,1469,4.32,0.6036,19,6,0.7333,2,0,32.84,0,0,0,0,1,0
1466,5744,2.0,5,209,20,227,4.42,0.3585,33,11,0.8,2,2,31.97,0,0,0,0,1,0
1467,5409,4.0,2,53,31,863,4.56,0.5184,33,13,0.88,5,2,33.42,1,1,0,0,0,0
1468,6417,3.0,1,585,44,738,4.33,0.5155,21,9,0.8947,2,1,34.56,1,0,0,0,1,0
1469,6514,1.0,1,376,60,874,4.13,0.5048,32,11,0.6923,4,2,32.84,0,0,1,0,0,0
1470,6676,4.0,4,610,25,905,4.55,0.5135,36,9,0.7,3,0,31.97,0,1,0,0,0,0
1471,6462,0.0,8,16,27,477,3.95,0.2216,28,2,0.2778,4,1,38.56,0,0,0,0,0,1
1472,6811,4.0,6,364,49,382,4.2,0.3496,25,5,0.9333,6,1,33.77,0,0,0,0,1,0
1473,6527,2.0,2,688,51,613,4.63,0.4176,40,10,0.7429,2,1,33.32,0,1,0,0,0,0
1474,6847,1.0,3,66,58,174,4.85,0.6260,19,13,0.9412,2,0,28.68,1,0,0,0,0,1
1475,6580,1.0,6,126,57,1082,4.18,0.4652,34,8,0.7407,5,3,33.67,0,0,0,1,0,0
1476,6495,2.0,6,657,48,233,4.09,0.2522,17,1,0.8333,2,1,34.76,0,0,1,0,0,0
1477,7430,2.0,8,6,26,1351,4.42,0.6689,20,11,0.8889,1,1,30.32,1,1,0,0,0,0
1478,5170,4.0,9,425,56,1398,4.3,0.5922,35,8,0.8929,4,1,34.16,0,0,0,0,1,0
1479,7224,0.0,7,460,38,1102,5.0,0.7405,26,24,0.9615,0,1,29.18,1,1,0,0,0,0
1480,5183,0.0,3,507,49,258,4.09,0.2889,32,5,0.7037,3,6,36.71,0,0,0,1,0,0
1481,6937,1.0,12,681,23,235,3.93,0.3902,19,6,0.7059,1,3,32.84,0,0,0,0,1,0
1482,5126,3.0,7,173,37,1562,4.4,0.5865,29,11,0.76,3,2,33.26,0,1,0,0,0,0
1483,6326,1.0,7,176,62,909,3.42,0.2468,32,1,0.8261,4,5,40.1,0,1,0,0,0,0
1484,6641,1.0,11,692,50,919,4.64,0.4923,23,7,0.7368,4,3,32.05,1,1,0,0,0,0
1485,5312,1.0,12,478,26,1069,4.26,0.4598,26,12,0.8571,4,0,33.89,0,1,0,0,0,0
1486,6497,4.0,8,582,23,223,4.55,0.4389,25,6,0.8571,2,2,32.01,1,0,0,0,1,0
1487,6291,3.0,10,275,54,729,3.92,0.3474,22,5,0.8667,5,1,32.84,0,0,0,0,1,0
1488,5102,0.0,1,147,26,136,3.9,0.2337,42,7,0.6667,3,4,34.97,0,0,0,0,0,1
1489,5790,3.0,3,294,56,146,4.3,0.2945,30,8,0.72,1,1,33.4,0,0,0,0,1,0
1490,5665,2.0,11,115,54,799,4.11,0.4552,24,5,0.8,1,1,34.44,0,0,0,0,1,0
1491,7255,4.0,4,368,22,1178,4.61,0.7137,23,15,1.0,2,0,32.84,1,0,0,0,1,0
1492,7037,3.0,5,20,45,853,3.61,0.2489,31,2,0.75,5,3,41.45,0,0,0,1,0,0
1493,5429,0.0,4,469,29,638,4.97,0.7038,29,24,0.9643,0,0,27.64,1,0,0,0,1,0
1494,6455,3.0,8,606,32,813,3.9,0.3875,29,4,0.6111,7,6,40.74,0,0,1,0,0,0
1495,6404,2.0,9,157,52,1012,4.33,0.5405,33,14,0.8148,4,0,32.84,0,1,0,0,0,0
1496,5076,1.0,7,135,20,859,4.6,0.5666,40,20,0.8286,4,0,30.32,1,0,1,0,0,0
1497,6669,2.0,3,640,39,797,4.53,0.5506,33,19,0.9032,1,0,31.02,1,0,0,0,1,0
1498,5235,3.0,10,138,42,40,4.27,0.2278,26,7,0.8333,4,0,34.56,0,0,0,0,1,0
1499,6979,4.0,10,504,37,1100,4.32,0.5509,21,11,0.875,3,1,33.7,0,1,0,0,0,0
1500,7211,4.0,5,280,63,1777,4.5,0.6586,23,9,0.8947,1,2,34.45,1,0,0,0,0,1
1501,7371,4.0,5,515,43,1052,4.54,0.6648,25,17,0.913,2,0,29.64,1,0,0,0,1,0
1502,6163,4.0,9,190,54,1075,4.02,0.5292,23,6,0.5556,1,0,36.48,0,0,1,0,0,0
1503,7091,3.0,5,110,23,335,4.29,0.4275,29,8,0.8095,6,0,31.1,0,0,0,0,1,0
1504,6178,3.0,3,365,18,1315,3.91,0.5046,27,4,0.6957,4,1,34.22,0,0,0,0,1,0
1505,5999,0.0,7,568,59,1723,3.69,0.5126,27,3,0.75,2,4,36.2,0,0,0,1,0,0
1506,7002,3.0,8,431,45,264,3.41,0.1809,35,2,0.6786,4,0,41.57,0,1,0,0,0,0
1507,6250,3.0,5,678,42,34,3.98,0.2643,30,6,0.8095,6,0,34.61,0,0,0,0,1,0
1508,5176,4.0,6,573,29,707,4.55,0.6026,37,18,0.8966,6,1,31.41,1,0,1,0,0,0
1509,7484,4.0,6,256,28,1684,4.78,0.6640,30,14,0.8462,2,2,33.09,0,0,1,0,0,0
1510,7097,4.0,6,664,58,307,4.33,0.3892,23,7,0.9048,2,1,33.49,0,0,1,0,0,0
1511,5614,3.0,12,551,34,653,4.79,0.5073,29,12,0.76,3,2,29.71,1,0,0,0,1,0
1512,6922,0.0,2,365,51,110,4.04,0.2608,24,2,0.7368,4,0,36.13,0,0,0,1,0,0
1513,5674,0.0,11,392,22,545,3.87,0.2825,25,3,0.85,5,3,35.51,0,1,0,0,0,0
1514,6612,2.0,2,324,39,1367,4.16,0.5271,21,10,0.8333,1,0,31.69,0,1,0,0,0,0
1515,5451,0.0,11,360,46,1186,4.34,0.5695,24,4,0.8,1,2,32.37,0,0,0,0,0,1
1516,6691,2.0,4,473,59,115,4.1,0.3446,23,5,0.6471,5,3,31.62,0,1,0,0,0,0
1517,6744,1.0,2,233,27,1776,4.59,0.7809,30,16,0.7692,2,1,29.93,1,1,0,0,0,0
1518,6616,2.0,7,318,54,947,4.11,0.5555,25,9,0.7917,0,1,31.08,0,0,0,0,1,0
1519,5841,1.0,4,602,31,1449,3.81,0.5166,19,4,0.8125,2,1,34.7,0,0,1,0,0,0
1520,7144,0.0,3,223,28,1507,4.16,0.5860,27,6,0.7727,4,4,32.54,0,1,0,0,0,0
1521,7388,0.0,11,586,59,566,4.55,0.5353,22,12,0.95,2,1,28.96,1,0,1,0,0,0
1522,5532,2.0,2,690,55,1694,4.08,0.6109,26,6,0.7826,2,4,34.01,0,0,0,0,0,1
1523,7381,4.0,2,245,39,1653,4.55,0.6209,24,7,0.619,3,1,30.17,0,1,0,0,0,0
1524,7323,1.0,6,118,44,1708,3.85,0.3581,22,1,0.8462,9,2,37.98,0,0,0,0,0,1
1525,5322,1.0,12,468,55,1586,3.93,0.5456,34,8,0.7308,6,4,33.82,0,0,0,0,1,0
1526,5437,0.0,9,89,23,228,3.87,0.3634,25,10,0.7619,2,1,34.19,0,0,0,1,0,0
1527,5562,3.0,12,424,57,325,4.53,0.4328,25,7,0.75,3,0,32.93,0,0,1,0,0,0
1528,5658,2.0,1,128,37,566,3.73,0.3385,30,6,0.8966,1,0,38.02,0,0,1,0,0,0
1529,6708,0.0,1,386,49,1795,4.49,0.7713,28,15,0.84,2,2,29.18,1,1,0,0,0,0
1530,5403,3.0,11,322,24,1137,4.14,0.3794,29,4,0.5909,6,1,32.84,0,1,0,0,0,0
1531,5103,3.0,8,476,61,375,4.19,0.4876,26,15,0.9565,1,2,32.13,1,1,0,0,0,0
1532,6052,4.0,9,411,24,1664,4.49,0.7191,23,14,0.8571,1,2,31.54,1,0,0,0,0,1
1533,7466,0.0,9,592,63,1217,4.39,0.5929,30,18,0.9231,2,1,30.48,1,0,1,0,0,0
1534,5396,0.0,4,456,58,628,4.37,0.4593,26,10,0.875,2,1,29.65,0,0,1,0,0,0
1535,5755,1.0,7,425,32,1657,4.92,0.7792,31,20,1.0,2,1,26.51,1,0,0,0,0,1
1536,6766,2.0,9,43,57,1785,4.94,0.8107,26,20,0.9167,0,0,32.84,1,0,0,0,1,0
1537,6324,4.0,7,78,30,1552,4.71,0.7945,27,20,0.9091,4,1,27.29,1,0,0,0,0,1
1538,6011,3.0,3,290,20,1745,4.11,0.5902,21,4,0.7222,0,2,35.76,0,0,0,0,0,1
1539,5591,3.0,11,493,30,248,3.88,0.3104,26,8,0.8571,4,3,34.3,0,0,0,1,0,0
1540,7018,0.0,9,137,37,1542,4.03,0.4877,27,7,0.7,3,3,32.84,0,1,0,0,0,0
1541,5775,2.0,12,583,24,1096,4.41,0.5446,30,9,1.0,4,2,32.84,0,1,0,0,0,0
1542,6795,2.0,5,142,44,437,3.82,0.3557,35,4,0.6154,7,4,35.43,0,0,1,0,0,0
1543,7448,2.0,2,448,27,379,4.02,0.3867,32,9,0.88,3,0,32.42,0,1,0,0,0,0
1544,5629,3.0,7,463,39,30,3.87,0.2238,31,4,0.5652,4,4,35.93,0,0,0,0,1,0
1545,5634,1.0,7,186,45,231,4.64,0.4804,34,18,0.7353,0,0,30.47,1,0,1,0,0,0
1546,5049,2.0,4,317,56,872,4.21,0.4533,27,2,0.7647,3,2,35.63,0,0,0,0,1,0
1547,5704,1.0,1,171,51,1390,4.06,0.6512,29,4,1.0,5,1,30.96,0,0,1,0,0,0
1548,6323,0.0,6,458,40,1464,4.16,0.5758,20,6,0.7143,2,1,31.74,0,0,0,0,1,0
1549,5814,2.0,11,210,57,1222,4.47,0.6494,35,12,0.9615,5,1,30.3,1,1,0,0,0,0
1550,5469,0.0,10,173,58,1306,3.72,0.3441,26,1,0.65,3,1,40.78,0,0,1,0,0,0
1551,5891,4.0,7,82,44,153,5.0,0.5216,34,23,0.8788,0,0,26.71,1,0,0,0,1,0
1552,5759,1.0,12,322,24,286,3.57,0.2199,18,1,0.8125,1,3,36.44,0,1,0,0,0,0
1553,6621,2.0,3,522,39,1555,4.42,0.7177,18,8,1.0,3,1,33.25,1,0,1,0,0,0
1554,6869,2.0,6,366,32,1310,4.36,0.6667,30,11,0.7778,3,2,32.84,1,0,1,0,0,0
1555,6202,2.0,6,557,30,942,4.99,0.6498,29,25,0.8929,1,0,27.76,1,0,0,0,0,1
1556,6758,4.0,7,155,32,161,4.48,0.4281,31,9,0.875,3,0,31.85,1,0,0,0,0,1
1557,7194,4.0,6,683,41,662,4.59,0.4581,28,8,0.8889,1,1,30.88,1,0,1,0,0,0
1558,6203,4.0,10,396,41,486,4.6,0.5803,28,14,0.92,1,2,28.76,1,0,0,0,1,0
1559,5548,2.0,8,80,19,1523,4.21,0.5991,20,5,0.9286,5,0,34.86,0,0,0,0,0,1
1560,5072,2.0,12,49,39,1663,4.21,0.5769,30,5,0.6957,3,3,35.37,0,0,0,0,0,1
1561,5590,1.0,7,84,53,886,4.06,0.4657,27,6,0.8261,2,5,37.27,0,0,0,0,1,0
1562,6171,4.0,4,164,44,277,3.72,0.1428,32,1,0.6522,4,3,37.85,0,0,0,0,1,0
1563,5187,1.0,8,232,61,1127,4.48,0.7167,40,18,0.9394,5,1,29.04,1,0,1,0,0,0
1564,5105,3.0,4,10,34,904,3.94,0.3934,37,5,0.8929,6,3,34.8,0,0,0,0,1,0
1565,5742,0.0,2,343,27,475,4.29,0.4311,28,11,0.6296,0,0,32.47,0,0,0,0,0,1
1566,6400,0.0,8,440,20,277,4.28,0.4804,21,7,0.7778,1,2,33.82,0,0,0,0,0,1
1567,5807,4.0,10,617,59,371,4.53,0.3411,20,4,0.8947,0,2,31.1,0,1,0,0,0,0
1568,6936,4.0,12,483,33,1149,4.5,0.5087,28,14,0.7778,1,4,35.06,0,0,0,1,0,0
1569,5793,1.0,7,78,30,1741,5.0,0.8556,31,26,1.0,2,0,25.83,1,0,0,0,0,1
1570,7452,3.0,12,610,22,840,3.99,0.4055,24,7,0.7273,1,2,36.66,0,0,0,0,0,1
1571,5910,4.0,4,617,55,1669,4.13,0.6355,35,12,0.8182,9,0,34.95,0,0,0,0,1,0
1572,5054,0.0,4,118,34,1571,5.0,0.8881,27,23,1.0,1,0,25.92,1,1,0,0,0,0
1573,5547,4.0,11,431,29,1591,3.71,0.4201,21,1,0.6471,2,1,36.35,0,1,0,0,0,0
1574,5467,3.0,11,125,61,153,4.75,0.5745,24,18,0.9545,1,0,23.87,1,0,0,0,1,0
1575,7216,2.0,12,72,37,843,4.32,0.4576,22,9,0.8421,2,2,31.99,0,0,0,0,1,0
1576,6671,4.0,9,293,60,943,4.46,0.4741,21,2,0.7333,4,2,34.13,0,0,0,0,1,0
1577,5734,0.0,7,447,44,998,4.1,0.4181,26,5,0.6316,4,1,36.04,0,1,0,0,0,0
1578,6735,0.0,10,288,21,1396,3.83,0.3547,35,3,0.7037,5,4,32.84,0,1,0,0,0,0
1579,5907,2.0,12,246,61,1212,4.21,0.4901,21,1,0.4615,2,1,36.86,0,1,0,0,0,0
1580,6299,2.0,8,96,58,349,4.38,0.4133,19,5,0.8,1,0,35.84,0,0,0,0,0,1
1581,5361,1.0,9,380,53,1316,4.29,0.6500,30,13,0.8,4,2,35.06,0,0,0,0,1,0
1582,6649,0.0,9,288,43,459,3.76,0.2735,37,3,0.6667,8,2,35.16,0,1,0,0,0,0
1583,5765,2.0,10,254,53,971,4.49,0.4829,17,8,0.8667,2,0,31.06,0,0,0,0,1,0
1584,5040,4.0,11,658,24,1689,4.73,0.8830,35,26,0.9706,1,1,28.0,1,1,0,0,0,0
1585,6918,1.0,8,412,40,208,5.0,0.6152,27,21,1.0,2,2,27.3,1,1,0,0,0,0
1586,6105,0.0,4,337,59,448,4.56,0.4876,36,18,0.8929,5,0,30.41,1,0,1,0,0,0
1587,5833,3.0,3,160,32,928,4.42,0.4402,30,6,0.7143,5,1,32.84,0,1,0,0,0,0
1588,6695,0.0,9,361,54,1088,4.82,0.6574,23,16,1.0,0,1,27.84,1,1,0,0,0,0
1589,5602,0.0,8,463,18,665,4.8,0.4725,23,10,0.875,4,0,31.2,1,0,1,0,0,0
1590,5789,4.0,1,378,32,223,4.39,0.4507,21,12,0.7895,1,2,30.34,1,0,1,0,0,0
1591,6292,4.0,1,318,36,272,3.9,0.1631,34,1,0.68,7,3,39.4,0,0,1,0,0,0
1592,7127,2.0,7,695,32,1682,3.66,0.5474,28,7,0.7727,5,6,31.98,0,0,0,0,0,1
1593,7186,1.0,12,18,62,1378,4.26,0.5732,31,10,0.7778,4,3,32.23,0,0,0,0,1,0
1594,5938,3.0,12,582,37,1632,4.65,0.8109,33,22,0.9667,1,2,28.6,1,1,0,0,0,0
1595,5328,1.0,3,427,46,1352,4.81,0.6793,21,14,0.95,0,1,30.44,1,1,0,0,0,0
1596,6474,4.0,1,515,31,1635,4.11,0.6484,26,13,0.913,1,0,31.93,1,0,0,0,0,1
1597,6787,1.0,1,524,61,1551,4.82,0.6388,25,14,0.7368,4,1,25.54,1,0,0,1,0,0
1598,7215,3.0,2,81,22,31,4.92,0.5076,27,19,0.88,1,0,29.5,1,0,0,0,1,0
1599,7305,0.0,4,621,37,1021,3.77,0.4067,25,7,0.6818,1,3,32.69,0,0,1,0,0,0
1600,5487,3.0,3,626,39,400,4.36,0.4413,20,6,0.9412,1,3,30.94,1,1,0,0,0,0
1601,7489,4.0,1,418,19,678,4.19,0.4217,29,8,0.7692,1,0,32.84,0,0,0,0,1,0
1602,6375,1.0,11,620,54,764,4.07,0.5805,30,10,0.8846,3,1,32.76,1,0,1,0,0,0
1603,5101,3.0,9,658,24,1412,4.18,0.5159,36,11,0.7742,3,3,33.48,0,0,0,0,1,0
1604,6646,2.0,2,210,54,633,4.05,0.4462,33,13,0.8889,6,1,33.58,0,0,0,0,1,0
1605,5982,0.0,12,162,54,224,3.51,0.1835,19,0,0.75,3,2,38.77,0,0,1,0,0,0
1606,5453,3.0,12,292,32,1274,5.0,0.7424,22,20,1.0,1,2,32.84,1,0,0,0,1,0
1607,7076,0.0,7,536,30,636,3.5,0.1181,27,2,0.5,5,1,40.49,0,0,1,0,0,0
1608,5014,0.0,2,462,36,70,3.9,0.3172,26,3,0.8889,4,3,36.28,0,0,0,0,1,0
1609,7053,4.0,3,366,29,384,4.93,0.5751,36,20,0.9062,1,2,29.76,1,0,0,0,1,0
1610,6057,3.0,7,448,62,31,3.98,0.3208,24,3,0.8095,3,1,33.59,0,1,0,0,0,0
1611,6991,0.0,5,17,21,434,4.2,0.4794,25,11,0.7727,3,4,29.21,0,1,0,0,0,0
1612,6554,4.0,1,510,28,1597,4.62,0.7910,26,20,0.9583,2,0,29.71,1,0,0,0,0,1
1613,7281,1.0,5,629,44,556,4.37,0.4217,29,10,0.8,2,2,35.77,0,0,0,0,1,0
1614,7107,0.0,12,83,51,706,4.05,0.5234,34,9,0.8966,1,1,32.62,0,0,0,0,1,0
1615,6531,4.0,10,578,57,1243,4.07,0.4325,30,6,0.72,3,8,36.75,0,0,0,0,1,0
1616,5718,0.0,8,208,51,1784,4.4,0.7169,32,8,0.8966,3,5,33.28,0,1,0,0,0,0
1617,5523,1.0,9,166,22,1762,4.4,0.5828,39,11,0.7222,1,2,32.84,0,0,0,0,1,0
1618,6873,3.0,7,493,53,1511,3.95,0.5418,34,3,0.6,7,1,35.22,0,0,0,0,0,1
1619,6403,1.0,7,360,41,1007,4.49,0.5797,30,16,0.8,4,1,30.88,1,1,0,0,0,0
1620,6570,3.0,7,188,27,830,4.0,0.3432,31,0,0.7,8,5,39.42,0,0,0,0,1,0
1621,6713,4.0,1,286,25,1668,3.98,0.5561,26,7,0.6818,3,1,32.84,0,0,0,0,1,0
1622,7109,2.0,4,92,53,1373,4.45,0.6164,44,18,0.7436,4,2,35.71,0,0,0,0,1,0
1623,6650,4.0,2,198,28,1030,3.73,0.2892,19,1,0.6923,4,2,35.1,0,1,0,0,0,0
1624,6231,1.0,5,287,63,1224,4.74,0.7477,31,21,0.9655,2,2,27.88,1,0,0,0,1,0
1625,5258,4.0,5,10,58,1699,4.56,0.6496,22,7,0.8235,4,2,30.32,0,0,0,0,0,1
1626,6072,1.0,4,319,24,1279,4.05,0.5144,26,8,0.7826,2,2,31.91,0,1,0,0,0,0
1627,6143,4.0,2,615,21,1746,4.12,0.6494,26,9,0.7619,3,1,35.2,0,1,0,0,0,0
1628,5143,4.0,5,4,18,1780,3.8,0.5382,28,4,0.7273,4,1,35.7,0,0,0,0,1,0
1629,5909,0.0,2,631,48,1735,4.03,0.6512,24,6,0.8462,8,0,32.84,0,0,1,0,0,0
1630,5762,3.0,4,22,49,490,3.95,0.3680,38,6,0.7241,6,4,36.26,0,0,1,0,0,0
1631,5318,2.0,5,323,30,143,4.64,0.3653,23,12,0.8421,3,2,27.73,1,0,0,0,1,0
1632,5513,1.0,11,674,48,656,3.91,0.3245,28,1,0.5556,6,2,40.24,0,1,0,0,0,0
1633,5302,4.0,10,268,41,809,4.56,0.4724,18,4,0.8,2,2,31.4,0,0,0,0,1,0
1634,6533,3.0,1,548,41,707,4.3,0.4692,20,7,0.6667,0,3,32.19,0,0,0,1,0,0
1635,5075,0.0,2,12,20,665,4.81,0.4891,34,22,0.9677,3,1,29.85,1,0,0,0,1,0
1636,5894,1.0,9,425,30,83,3.67,0.1028,25,0,0.6429,6,1,42.59,0,0,1,0,0,0
1637,5055,3.0,5,541,19,857,4.07,0.4286,38,4,0.75,8,1,36.92,0,0,0,0,0,1
1638,6149,2.0,9,520,29,761,3.94,0.4067,21,4,0.8667,3,0,36.31,0,1,0,0,0,0
1639,6549,2.0,1,667,43,707,5.0,0.7272,27,21,1.0,3,0,28.83,1,1,0,0,0,0
1640,5968,3.0,2,84,28,629,3.75,0.3788,35,1,0.4815,5,5,36.9,0,0,1,0,0,0
1641,6569,3.0,12,298,23,902,4.52,0.5891,32,23,0.8387,1,1,29.01,1,0,0,0,1,0
1642,6871,1.0,2,401,30,1747,4.09,0.6257,22,5,0.8235,4,1,33.09,0,0,1,0,0,0
1643,6399,0.0,5,613,63,1454,4.39,0.5879,25,15,0.9583,1,1,31.41,1,0,0,0,1,0
1644,6929,2.0,5,181,61,1753,4.61,0.6715,25,12,0.75,4,2,30.46,1,0,0,0,0,1
1645,6539,0.0,9,453,23,1036,4.21,0.5711,37,13,0.9062,4,4,32.87,0,0,0,1,0,0
1646,7008,4.0,11,171,18,952,4.53,0.6165,18,8,0.8571,1,0,29.06,1,0,0,0,0,1
1647,5263,2.0,4,9,28,199,4.55,0.3075,20,7,0.8667,2,2,33.49,0,1,0,0,0,0
1648,6957,0.0,7,50,50,641,3.84,0.2125,34,1,0.75,7,1,37.26,0,1,0,0,0,0
1649,5824,3.0,12,101,42,1562,4.44,0.5392,24,4,0.5333,6,4,33.54,0,1,0,0,0,0
1650,7038,2.0,11,410,42,141,3.74,0.1483,20,0,0.5,4,4,37.34,0,0,0,0,1,0
1651,7285,4.0,12,235,48,504,4.8,0.4282,27,14,0.6667,1,1,31.56,1,0,0,1,0,0
1652,7079,3.0,1,634,23,1728,4.77,0.8180,30,21,0.8846,2,1,29.33,1,1,0,0,0,0
1653,6796,3.0,6,379,24,1653,3.87,0.6729,23,3,0.9444,5,4,32.84,0,0,0,1,0,0
1654,5023,3.0,12,188,48,944,4.83,0.5897,28,19,0.913,0,1,30.57,1,0,1,0,0,0
1655,5656,0.0,2,424,51,179,4.45,0.3726,29,9,0.84,4,3,33.74,0,1,0,0,0,0
1656,5627,2.0,11,453,52,457,4.14,0.4077,27,11,0.8261,3,1,30.04,0,1,0,0,0,0
1657,5871,1.0,2,587,22,1082,3.75,0.3801,37,4,0.7931,5,2,35.78,0,0,0,0,0,1
1658,5374,3.0,11,137,44,1506,4.35,0.5276,24,8,0.7895,3,3,34.11,0,1,0,0,0,0
1659,6872,1.0,12,410,49,1131,4.53,0.5920,26,9,0.7826,2,5,30.82,1,1,0,0,0,0
1660,5274,3.0,7,112,46,1097,4.49,0.4678,29,7,0.7083,3,3,32.55,0,0,0,0,1,0
1661,6327,0.0,4,246,57,1656,4.57,0.6496,21,5,0.8333,1,1,32.08,0,1,0,0,0,0
1662,6247,0.0,7,446,62,124,4.38,0.4552,22,6,0.9444,1,3,32.84,1,1,0,0,0,0
1663,7178,1.0,9,62,40,51,4.38,0.3611,18,10,0.8,2,1,32.49,0,0,0,0,1,0
1664,7394,4.0,5,495,61,1728,4.55,0.7662,29,11,0.72,3,2,31.66,1,0,0,0,0,1
1665,6044,0.0,10,272,36,215,4.51,0.3812,29,15,0.8846,3,8,30.26,1,0,1,0,0,0
1666,7039,1.0,2,371,48,1087,4.34,0.5279,26,9,0.75,1,2,33.72,0,0,0,0,1,0
1667,7299,0.0,9,10,43,105,4.2,0.2026,31,4,0.6923,2,1,35.85,0,0,0,0,1,0
1668,5858,3.0,8,118,39,314,3.84,0.3069,30,4,0.7143,6,2,38.73,0,0,0,0,1,0
1669,7201,0.0,12,549,52,1248,3.65,0.3079,27,0,0.5714,2,7,42.27,0,0,0,0,1,0
1670,6111,3.0,7,349,54,1763,4.26,0.7837,37,20,0.8235,2,4,33.22,1,0,0,0,1,0
1671,7220,2.0,11,141,23,855,4.35,0.5211,28,4,0.85,5,1,33.52,0,1,0,0,0,0
1672,7243,0.0,7,367,20,719,4.5,0.5100,26,11,0.9048,4,2,32.29,1,0,0,0,1,0
1673,5357,1.0,4,339,50,1683,4.15,0.5638,27,8,0.7727,4,2,37.97,0,0,0,0,1,0
1674,5745,2.0,10,394,36,1018,4.35,0.5080,39,10,0.9,5,3,30.76,0,0,1,0,0,0
1675,5306,4.0,5,146,52,433,3.92,0.1751,32,2,0.625,4,3,37.77,0,0,0,0,0,1
1676,5483,4.0,12,307,54,580,4.6,0.4607,29,10,0.9048,3,2,32.46,1,0,0,1,0,0
1677,7292,2.0,7,229,30,895,4.49,0.5311,23,7,0.8947,2,2,33.25,0,0,1,0,0,0
1678,6925,1.0,1,249,33,560,4.0,0.4404,31,7,0.7273,4,5,35.1,0,1,0,0,0,0
1679,6946,3.0,8,589,18,1223,4.23,0.5223,29,12,0.8,2,2,31.19,0,0,0,0,0,1
1680,5699,0.0,5,58,40,512,4.72,0.5489,36,18,0.9032,3,3,32.84,1,0,0,0,1,0
1681,6275,3.0,1,438,30,1300,4.34,0.6349,29,12,0.8182,7,1,31.97,1,0,0,0,1,0
1682,5847,4.0,12,58,42,1021,4.26,0.5668,31,7,0.8333,3,0,32.99,0,0,1,0,0,0
1683,5111,2.0,2,528,42,943,4.2,0.5293,36,10,0.8929,6,1,32.47,0,0,0,0,0,1
1684,5948,0.0,9,16,57,1569,5.0,0.8682,29,27,0.9286,1,0,23.84,1,1,0,0,0,0
1685,5198,0.0,5,360,49,857,4.82,0.5353,23,9,0.9444,3,0,31.33,1,1,0,0,0,0
1686,5208,3.0,12,586,24,247,4.5,0.3302,28,4,0.8696,2,1,34.61,0,1,0,0,0,0
1687,5559,2.0,5,678,63,561,3.96,0.2974,29,6,0.68,4,1,35.0,0,1,0,0,0,0
1688,7341,1.0,4,364,43,674,4.63,0.5229,35,15,0.8571,3,0,31.91,1,1,0,0,0,0
1689,6243,2.0,1,330,32,569,4.09,0.4809,20,7,0.9412,2,1,32.77,0,1,0,0,0,0
1690,6073,4.0,11,161,36,1017,4.06,0.3787,28,3,0.6818,4,3,34.97,0,0,1,0,0,0
1691,6061,0.0,2,482,55,578,4.46,0.4536,31,11,0.8214,2,2,34.18,0,1,0,0,0,0
1692,7304,4.0,7,418,23,1594,4.67,0.6855,41,23,0.9706,3,4,29.15,1,1,0,0,0,0
1693,6672,1.0,5,472,43,120,4.14,0.3531,25,7,0.7727,0,0,31.66,0,0,1,0,0,0
1694,5390,3.0,3,180,59,1386,4.45,0.6430,29,15,0.8889,2,3,29.99,1,0,0,0,1,0
1695,7258,4.0,9,167,24,1253,4.65,0.5910,27,12,0.9091,4,5,31.71,1,0,0,0,0,1
1696,5708,1.0,7,597,58,941,3.95,0.3003,30,5,0.6316,8,4,36.59,0,0,0,0,0,1
1697,7048,1.0,8,662,23,190,3.88,0.2450,32,6,0.7586,2,1,34.67,0,0,0,0,1,0
1698,6863,2.0,1,551,39,835,3.65,0.3474,32,4,0.875,4,3,34.9,0,0,0,0,1,0
1699,5645,4.0,10,473,27,1396,4.26,0.5878,26,10,0.9524,4,1,32.31,0,0,0,0,0,1
1700,6726,2.0,4,535,21,1776,3.85,0.5024,29,3,0.8,3,1,33.49,0,0,0,0,1,0
1701,7150,1.0,10,617,46,86,4.36,0.3411,29,6,0.8333,2,1,31.76,0,0,0,0,1,0
1702,6978,1.0,8,628,33,555,4.2,0.4652,28,3,0.7143,6,1,34.54,0,0,0,0,0,1
1703,6624,4.0,6,681,33,1015,4.42,0.6157,33,16,0.9333,3,1,29.79,1,0,0,0,0,1
1704,5337,2.0,11,557,37,1113,4.26,0.5668,35,12,0.6923,4,4,32.72,0,0,0,0,0,1
1705,5768,2.0,12,266,55,1631,4.77,0.6505,36,15,0.7778,7,0,32.36,1,0,0,0,1,0
1706,6415,3.0,12,531,50,991,4.11,0.5457,32,11,0.9286,4,2,32.54,1,0,1,0,0,0
1707,6790,3.0,10,122,25,200,4.61,0.4337,31,16,0.875,5,2,26.86,1,0,0,0,1,0
1708,5954,2.0,7,126,40,1096,4.78,0.6228,36,14,0.8966,4,1,30.36,1,0,1,0,0,0
1709,6183,3.0,2,697,55,1008,4.19,0.7019,29,15,0.963,1,1,29.56,1,0,1,0,0,0
1710,7311,2.0,3,426,40,1680,4.46,0.5784,30,11,0.875,2,0,32.83,0,0,0,0,0,1
1711,6888,3.0,7,560,28,1607,4.43,0.6937,26,14,0.8696,2,0,30.78,1,0,0,0,1,0
1712,5084,0.0,12,54,50,708,3.93,0.3180,40,2,0.6667,7,2,36.96,0,0,0,0,1,0
1713,6306,3.0,5,642,30,115,4.36,0.3670,21,3,0.8333,3,3,32.27,0,0,1,0,0,0
1714,6365,4.0,3,415,33,141,4.1,0.3896,32,18,0.9643,2,0,31.85,1,0,1,0,0,0
1715,5131,1.0,11,522,53,552,4.15,0.3660,25,4,0.6842,5,2,34.0,0,0,0,0,0,1
1716,6331,0.0,12,416,26,160,3.92,0.2589,20,3,0.7333,4,4,38.43,0,1,0,0,0,0
1717,5903,4.0,7,667,58,645,4.53,0.4778,29,15,0.9231,2,0,27.94,1,0,0,0,0,1
1718,7198,2.0,6,333,41,1538,4.3,0.6069,30,11,0.8,5,2,32.51,0,0,0,0,1,0
1719,5341,4.0,6,76,34,1282,5.0,0.8958,31,29,1.0,0,1,23.27,1,0,0,0,1,0
1720,5888,3.0,4,266,37,512,3.96,0.2907,27,4,0.6875,7,1,36.63,0,0,0,0,1,0
1721,6014,0.0,10,389,23,585,4.66,0.5347,19,13,0.875,0,0,30.82,1,0,1,0,0,0
1722,6969,4.0,8,379,28,728,4.01,0.4359,20,5,0.6875,0,1,35.12,0,0,0,0,0,1
1723,6799,4.0,4,664,49,332,3.91,0.2577,29,5,0.75,2,2,37.12,0,0,0,0,1,0
1724,7440,4.0,11,274,53,1542,4.89,0.7858,28,22,0.963,0,0,26.04,1,0,1,0,0,0
1725,6644,1.0,12,19,40,496,3.61,0.2574,32,2,0.6923,4,5,38.75,0,1,0,0,0,0
1726,6982,0.0,11,332,42,87,4.65,0.4362,19,15,0.7647,1,0,33.68,1,0,1,0,0,0
1727,5204,0.0,2,526,36,800,4.58,0.6639,27,18,0.8846,0,2,28.51,1,0,0,0,1,0
1728,6438,2.0,5,343,55,1004,3.58,0.3548,28,3,0.6316,7,3,38.9,0,0,0,0,1,0
1729,5486,3.0,4,677,31,413,4.41,0.3812,25,3,0.6818,2,4,37.89,0,0,0,0,1,0
1730,5078,0.0,2,43,48,1268,4.61,0.6071,36,11,0.8621,3,0,31.53,1,0,1,0,0,0
1731,5089,2.0,8,68,49,1755,4.49,0.5982,30,14,0.88,1,0,30.4,1,0,0,0,0,1
1732,5004,2.0,9,218,40,192,3.97,0.3534,12,1,0.6667,4,2,39.18,0,0,1,0,0,0
1733,5062,4.0,12,598,21,886,4.3,0.4383,29,4,0.8333,2,1,31.91,0,0,0,0,1,0
1734,6884,0.0,2,151,62,1027,4.06,0.3761,30,1,0.3913,4,0,36.7,0,1,0,0,0,0
1735,5813,2.0,8,315,45,1417,3.98,0.4469,24,3,0.6471,4,1,37.59,0,0,1,0,0,0
1736,6938,3.0,10,52,30,1328,4.7,0.6929,35,20,0.9062,1,1,30.32,1,0,0,0,1,0
1737,5219,2.0,8,558,26,339,4.4,0.4281,35,14,0.9259,5,1,30.83,1,1,0,0,0,0
1738,6897,3.0,1,515,25,136,4.23,0.4080,23,10,0.9375,4,1,35.2,1,0,1,0,0,0
1739,6176,4.0,9,457,24,335,4.19,0.3432,32,4,0.75,5,1,34.09,0,1,0,0,0,0
1740,5837,3.0,8,136,41,388,4.3,0.4835,26,10,0.96,0,2,34.25,1,1,0,0,0,0
1741,5307,2.0,3,564,29,1641,3.99,0.5265,29,4,0.7619,5,2,34.4,0,0,0,0,0,1
1742,7044,2.0,12,631,56,885,3.29,0.1635,24,0,0.5,6,1,41.69,0,0,0,1,0,0
1743,6337,1.0,10,379,54,1256,3.72,0.4305,32,8,0.8148,3,5,33.24,0,1,0,0,0,0
1744,6919,1.0,9,614,24,316,4.15,0.2576,31,5,0.6957,4,1,37.31,0,0,0,1,0,0
1745,6227,2.0,9,256,57,1686,4.79,0.6234,33,19,0.8889,2,3,31.47,1,0,0,0,1,0
1746,5870,0.0,1,520,26,1220,5.0,0.7047,35,29,0.9706,1,1,28.31,1,1,0,0,0,0
1747,5301,1.0,1,538,23,1767,4.36,0.6067,31,14,0.8519,3,4,33.07,0,0,0,0,1,0
1748,6540,0.0,5,421,50,515,4.39,0.4104,20,5,0.875,3,0,35.04,0,0,1,0,0,0
1749,6319,4.0,5,567,26,852,4.88,0.5690,16,7,1.0,1,2,31.7,1,1,0,0,0,0
1750,6071,2.0,2,327,42,1087,4.09,0.4258,33,3,0.6957,6,3,36.67,0,0,0,1,0,0
1751,6406,3.0,6,375,46,684,3.63,0.2569,25,2,0.6111,6,1,36.47,0,0,0,0,0,1
1752,7314,1.0,2,625,25,1178,4.95,0.6492,34,19,0.9655,3,1,28.94,1,0,1,0,0,0
1753,6153,4.0,12,372,39,410,4.53,0.4401,26,15,0.875,0,0,31.28,1,0,0,0,1,0
1754,5797,2.0,2,396,59,923,4.76,0.5909,28,14,0.8696,3,3,32.24,1,0,1,0,0,0
1755,7093,1.0,10,24,49,1357,4.15,0.5604,34,11,0.7667,2,1,34.09,0,0,0,0,1,0
1756,7153,3.0,9,633,19,1566,4.62,0.6106,24,7,0.75,5,1,32.42,0,0,1,0,0,0
1757,5323,0.0,8,154,51,785,4.73,0.5856,31,17,0.7931,0,2,30.16,1,0,0,0,0,1
1758,6453,0.0,11,243,52,927,4.24,0.3686,31,8,0.68,4,1,34.58,0,0,0,0,1,0
1759,6829,2.0,11,192,39,1160,4.39,0.6149,26,8,0.7826,2,0,34.12,0,0,0,0,1,0
1760,7412,1.0,6,299,32,1044,4.76,0.6918,30,18,1.0,2,1,27.74,1,0,0,0,1,0
1761,6095,3.0,5,399,25,729,4.15,0.4479,34,6,0.7097,0,3,32.9,0,1,0,0,0,0
1762,7366,0.0,6,88,51,1250,3.9,0.4684,28,3,0.9,7,1,34.71,0,0,0,0,0,1
1763,5692,1.0,7,650,27,813,4.62,0.6350,27,19,0.9583,2,0,27.08,1,1,0,0,0,0
1764,6424,0.0,9,397,33,1459,4.47,0.7457,23,13,0.85,2,0,31.46,1,0,1,0,0,0
1765,5723,0.0,10,320,27,709,4.38,0.3516,28,2,0.7083,2,3,35.23,0,0,1,0,0,0
1766,6720,4.0,6,476,29,1335,4.58,0.6487,30,14,0.84,3,3,28.94,1,1,0,0,0,0
1767,5001,0.0,7,613,22,699,4.69,0.5417,31,12,0.9231,2,2,31.93,1,0,0,1,0,0
1768,7319,4.0,5,255,54,509,5.0,0.4107,27,14,0.92,1,1,31.75,1,0,1,0,0,0
1769,6526,3.0,9,30,51,103,3.73,0.1560,24,3,0.5625,4,3,40.44,0,1,0,0,0,0
1770,6920,2.0,8,530,52,1741,4.84,0.7923,40,30,1.0,2,0,26.71,1,0,0,0,1,0
1771,6738,2.0,8,334,21,154,4.49,0.4019,30,12,0.92,3,1,33.94,1,0,0,0,0,1
1772,7024,0.0,10,17,34,1266,4.49,0.6103,24,8,0.7619,1,2,34.34,1,0,1,0,0,0
1773,7445,0.0,7,70,24,144,4.14,0.3302,26,8,0.6667,2,4,34.02,0,0,0,0,0,1
1774,5582,3.0,11,519,37,1111,4.02,0.4001,37,4,0.7097,3,3,38.22,0,0,0,0,0,1
1775,5697,0.0,1,93,63,374,3.97,0.3949,27,4,0.8947,3,2,32.84,0,1,0,0,0,0
1776,6625,1.0,4,451,31,1166,4.34,0.4556,22,3,0.9333,6,2,36.14,0,0,0,0,0,1
1777,5639,3.0,4,154,42,312,3.98,0.4077,22,7,0.6667,5,2,35.36,0,0,0,0,1,0
1778,7479,0.0,12,511,52,750,4.51,0.5021,23,7,0.8333,2,2,30.65,1,1,0,0,0,0
1779,5134,3.0,10,242,59,988,4.09,0.5702,32,9,0.7407,3,1,33.91,0,0,1,0,0,0
1780,6858,3.0,8,345,27,122,4.53,0.4896,24,15,0.9091,2,1,26.05,1,0,0,0,0,1
1781,6882,2.0,9,10,26,1392,4.57,0.6981,30,16,0.8,3,2,30.81,1,1,0,0,0,0
1782,5733,0.0,11,379,36,184,4.15,0.2780,29,5,0.72,3,3,38.77,0,1,0,0,0,0
1783,5951,4.0,10,154,35,1769,4.82,0.7900,33,28,0.9667,1,1,28.79,1,0,1,0,0,0
1784,7379,1.0,8,553,47,1435,3.74,0.3596,20,2,0.6667,1,1,32.84,0,0,0,0,1,0
1785,5916,3.0,11,113,63,242,3.93,0.2686,32,7,0.8214,2,1,37.25,0,0,1,0,0,0
1786,7101,2.0,10,22,37,783,3.7,0.3159,21,0,0.6875,3,3,39.72,0,0,1,0,0,0
1787,7328,3.0,4,377,34,1116,4.29,0.5400,25,16,0.6957,1,3,30.65,1,0,1,0,0,0
1788,6079,2.0,10,145,28,1626,4.41,0.7424,27,16,0.913,3,2,28.13,1,1,0,0,0,0
1789,5213,2.0,12,603,52,661,4.15,0.3510,31,5,0.8,3,2,32.84,0,0,0,0,1,0
1790,5904,0.0,1,280,25,724,4.11,0.4122,29,7,0.8261,2,1,31.97,0,1,0,0,0,0
1791,6140,1.0,4,301,25,1533,4.63,0.6820,32,19,0.8889,3,0,30.11,1,1,0,0,0,0
1792,6185,1.0,10,456,62,782,4.29,0.4267,26,7,0.8182,3,3,30.91,0,1,0,0,0,0
1793,5210,4.0,2,655,51,686,4.31,0.3709,30,9,0.875,5,1,34.47,0,0,1,0,0,0
1794,5387,3.0,11,12,33,901,3.41,0.2154,25,0,0.7368,4,4,41.0,0,0,0,0,0,1
1795,5817,1.0,4,141,59,282,4.43,0.3455,17,7,0.8571,3,1,33.08,0,1,0,0,0,0
1796,6186,0.0,5,298,44,1582,4.16,0.5498,29,6,0.7619,5,1,35.85,0,1,0,0,0,0
1797,7229,3.0,11,66,18,698,3.99,0.3880,30,7,0.6667,3,3,35.52,0,0,1,0,0,0
1798,5774,0.0,6,522,37,972,4.23,0.5289,30,12,0.8,3,1,32.34,0,0,0,0,1,0
1799,5816,3.0,5,637,23,310,4.37,0.3935,29,8,0.8261,3,2,33.17,0,0,0,0,1,0
1800,5421,4.0,8,322,51,259,4.08,0.3115,28,5,0.7273,4,3,35.94,0,0,1,0,0,0
1801,5987,2.0,2,177,31,448,4.82,0.5329,30,17,0.8519,1,1,27.4,1,0,1,0,0,0
1802,6253,2.0,1,369,41,1044,3.84,0.3595,33,3,0.75,6,2,36.61,0,0,1,0,0,0
1803,6087,4.0,12,229,42,100,4.54,0.4199,26,14,0.9524,1,3,29.44,1,0,0,0,0,1
1804,6363,1.0,1,205,60,72,3.99,0.3547,41,4,0.6774,5,4,36.1,0,0,0,1,0,0
1805,6360,4.0,7,215,26,218,3.99,0.3397,20,4,0.6875,3,1,36.62,0,0,0,0,0,1
1806,6860,2.0,9,500,23,1280,4.19,0.5040,29,2,0.7222,7,1,34.71,0,1,0,0,0,0
1807,5958,2.0,6,347,38,778,4.29,0.4988,28,9,0.8696,3,1,32.84,0,0,0,0,0,1
1808,5667,2.0,2,454,46,730,4.47,0.5404,27,11,0.9444,4,1,31.6,1,0,1,0,0,0
1809,5919,4.0,2,316,33,648,4.37,0.4229,42,14,0.8056,3,3,34.71,0,0,1,0,0,0
1810,6058,0.0,1,521,28,92,4.09,0.3151,34,12,0.7931,5,1,31.66,0,0,0,0,1,0
1811,6120,1.0,5,23,37,1110,4.7,0.6455,37,25,0.9706,3,4,30.54,1,0,0,0,1,0
1812,6741,4.0,12,317,39,1581,4.91,0.8737,29,23,1.0,2,0,26.33,1,1,0,0,0,0
1813,6609,2.0,9,535,57,468,4.29,0.3840,22,4,0.9412,2,3,33.6,0,1,0,0,0,0
1814,7088,4.0,9,619,25,1422,4.42,0.6338,30,12,0.84,2,0,31.14,1,0,1,0,0,0
1815,6356,2.0,11,132,59,1000,3.6,0.3107,24,1,0.75,3,2,40.46,0,0,0,0,1,0
1816,5661,1.0,6,316,53,757,4.06,0.4875,23,11,0.7273,0,0,34.29,0,0,0,0,1,0
1817,5108,3.0,8,587,39,428,4.25,0.4241,30,4,0.8889,8,0,32.84,0,1,0,0,0,0
1818,6973,0.0,10,314,27,1131,4.82,0.6952,33,16,0.8846,5,1,32.82,1,0,1,0,0,0
1819,7004,1.0,10,445,28,1362,4.7,0.6932,36,24,0.9333,2,2,27.96,1,1,0,0,0,0
1820,7050,0.0,6,103,34,611,4.29,0.4886,36,8,0.8929,4,4,34.91,0,1,0,0,0,0
1821,5215,0.0,5,631,27,469,4.73,0.5270,30,20,1.0,2,1,32.8,1,0,0,0,1,0
1822,6632,4.0,10,323,52,812,5.0,0.6840,26,11,1.0,2,1,27.32,1,0,0,0,1,0
1823,6814,3.0,4,300,52,532,3.89,0.2353,36,4,0.8519,4,3,36.55,0,1,0,0,0,0
1824,6660,0.0,9,172,60,103,3.39,0.1436,28,1,0.7,6,0,32.84,0,1,0,0,0,0
1825,5037,4.0,2,628,28,1251,4.29,0.5746,31,10,0.92,3,1,32.3,0,0,0,0,1,0
1826,7347,1.0,5,406,59,966,4.41,0.4905,27,8,0.7895,5,1,33.84,0,0,0,0,1,0
1827,7011,3.0,11,589,56,838,4.34,0.5193,16,5,0.7692,2,1,34.14,0,1,0,0,0,0
1828,6122,1.0,5,537,36,277,4.75,0.3316,28,16,0.72,3,1,31.08,1,0,1,0,0,0
1829,6181,3.0,7,520,63,314,4.21,0.4282,32,8,0.8,5,2,33.43,0,0,0,0,1,0
1830,6901,3.0,5,358,19,180,4.58,0.4757,26,14,0.913,2,0,28.02,1,0,0,0,1,0
1831,6518,4.0,10,139,35,292,4.51,0.4454,29,18,0.9583,5,1,32.26,1,1,0,0,0,0
1832,6098,4.0,5,26,40,1024,4.37,0.5389,23,8,0.85,3,0,31.1,1,1,0,0,0,0
1833,6289,0.0,5,506,33,1666,4.68,0.7399,30,21,0.931,0,0,28.54,1,1,0,0,0,0
1834,5878,2.0,2,154,37,286,5.0,0.5970,35,25,1.0,3,0,27.29,1,0,0,0,1,0
1835,7098,0.0,7,563,47,1350,4.15,0.5826,24,4,0.8571,2,3,31.59,0,0,0,0,1,0
1836,7264,1.0,3,304,63,1691,4.77,0.7558,23,13,0.8571,1,0,28.91,1,0,1,0,0,0
1837,5575,1.0,4,240,41,1291,3.98,0.4525,19,4,0.6,6,2,34.26,0,0,1,0,0,0
1838,5011,1.0,6,228,38,1150,4.61,0.6538,26,15,0.913,1,1,29.32,1,0,1,0,0,0
1839,7414,1.0,12,366,58,1201,4.35,0.5557,19,3,0.7,5,0,40.15,0,1,0,0,0,0
1840,6379,3.0,11,63,37,716,4.14,0.4289,29,9,0.625,3,0,31.92,0,1,0,0,0,0
1841,7474,1.0,7,661,49,468,4.16,0.4345,37,9,0.75,2,3,34.22,0,0,0,0,1,0
1842,6693,3.0,8,74,56,136,3.57,0.0999,36,1,0.6333,3,5,41.2,0,0,0,0,1,0
1843,6492,2.0,3,475,18,675,4.39,0.3771,34,7,0.8519,5,2,32.89,0,0,1,0,0,0
1844,6448,1.0,2,351,29,942,3.83,0.3502,23,1,0.875,4,3,39.02,0,0,0,1,0,0
1845,6048,0.0,4,272,63,589,4.61,0.5424,21,11,0.8889,0,2,32.84,1,0,1,0,0,0
1846,6940,3.0,3,582,42,1154,3.98,0.5687,27,7,0.75,4,1,35.71,0,0,0,0,1,0
1847,5330,3.0,3,35,34,860,3.98,0.4248,29,6,0.64,3,2,35.76,0,0,0,0,1,0
1848,7057,3.0,10,177,30,815,4.78,0.5826,25,17,0.8696,2,1,29.78,1,0,0,0,1,0
1849,5914,0.0,7,672,24,1708,5.0,0.8150,21,16,0.95,1,0,27.66,1,0,1,0,0,0
1850,5703,4.0,2,247,31,1175,4.18,0.4383,28,9,0.9524,6,2,37.35,0,0,0,0,1,0
1851,5305,2.0,9,210,47,945,4.62,0.4822,22,5,0.7895,1,1,30.83,0,1,0,0,0,0
1852,7184,1.0,12,586,18,1317,4.81,0.7668,22,14,1.0,1,0,26.6,1,1,0,0,0,0
1853,6912,3.0,7,577,35,1257,4.21,0.5804,23,4,0.8889,4,1,35.74,0,1,0,0,0,0
1854,6941,3.0,5,157,33,187,4.74,0.4516,26,10,0.9,4,1,32.17,1,0,0,0,1,0
1855,6464,1.0,11,695,50,724,4.25,0.4076,21,5,0.6471,3,1,33.31,0,0,0,0,1,0
1856,5504,3.0,9,687,45,1322,3.83,0.4443,29,4,0.619,5,4,37.66,0,0,1,0,0,0
1857,5380,4.0,12,596,29,1052,4.77,0.6045,29,18,1.0,4,0,33.23,1,0,0,0,0,1
1858,6192,4.0,6,340,54,471,4.25,0.5216,26,14,0.88,0,3,31.0,1,1,0,0,0,0
1859,7351,3.0,6,371,31,1560,4.03,0.5525,31,4,0.75,4,5,33.53,0,0,0,0,1,0
1860,7451,0.0,12,43,18,1145,3.96,0.3953,25,2,0.5789,5,0,39.35,0,0,1,0,0,0
1861,6931,0.0,5,249,34,940,4.4,0.5743,24,11,0.8182,2,0,32.2,1,1,0,0,0,0
1862,7260,4.0,1,275,56,718,4.37,0.4298,38,10,0.7419,6,2,32.96,0,0,1,0,0,0
1863,5809,2.0,12,684,23,454,4.49,0.4175,22,6,0.6842,3,2,31.49,0,1,0,0,0,0
1864,5653,0.0,3,637,31,934,4.97,0.6508,24,16,0.8636,1,0,25.44,1,1,0,0,0,0
1865,6921,0.0,1,103,30,915,4.28,0.4760,28,11,0.72,2,2,32.84,0,0,0,0,1,0
1866,6038,0.0,10,339,35,813,3.88,0.3400,28,1,0.6818,3,2,36.78,0,0,0,0,1,0
1867,6443,2.0,7,16,43,816,3.74,0.3302,33,3,0.9167,6,4,34.69,0,0,0,0,0,1
1868,6212,0.0,1,420,49,268,5.0,0.5650,23,17,0.9524,2,0,32.84,1,1,0,0,0,0
1869,5652,2.0,5,188,42,1415,4.18,0.5964,30,5,0.7273,4,1,36.54,0,0,0,0,0,1
1870,6703,3.0,10,91,42,1471,4.3,0.6080,25,11,0.913,2,1,28.34,1,1,0,0,0,0
1871,5436,2.0,5,525,46,839,4.5,0.5252,22,8,0.8,0,4,34.4,0,0,0,0,0,1
1872,7317,3.0,11,268,62,436,4.42,0.4873,36,14,0.9032,5,1,31.95,1,1,0,0,0,0
1873,7164,4.0,8,195,21,33,4.31,0.2873,36,7,0.8571,7,5,33.68,0,1,0,0,0,0
1874,5884,1.0,6,180,52,1395,3.95,0.5722,25,7,0.8333,2,2,37.84,0,0,0,0,1,0
