ride_id,driver_id,passenger_id,date,status
22421,961,23964,2023-01-20,Success
7306,1556,15574,2022-10-11,Success
34051,1647,11497,2022-06-16,Success
57816,2215,34165,2023-02-08,Success
5750,432,15134,2022-12-20,Success
35617,602,2908,2022-09-11,Success
16323,662,39548,2023-01-31,Rejected by the driver
10578,2323,10420,2023-03-23,Success
42017,666,3706,2022-11-27,Cancelled by the passenger
50393,2128,25800,2023-04-07,Success
3343,400,25191,2023-02-28,Success
38633,1969,28454,2022-10-08,Rejected by the driver
45925,1006,2973,2022-12-14,Cancelled by the passenger
9093,2346,37732,2022-07-20,Cancelled by the passenger
44469,2809,19856,2022-10-02,Success
42461,1045,10026,2022-12-27,Success
58882,977,2349,2022-06-16,Success
17850,246,27650,2022-08-02,Success
24442,1541,28658,2022-09-16,Success
49196,514,24729,2022-10-20,Success
31211,1371,22123,2023-01-31,Success
18848,656,5223,2022-12-21,Success
32836,794,21805,2022-10-28,Success
49000,2411,25379,2023-01-22,Success
40337,824,25062,2023-04-01,Cancelled by the passenger
13448,2756,8100,2022-09-12,Success
41159,2027,9083,2022-10-25,Success
10829,2028,32924,2023-01-31,Success
33591,2513,33716,2022-09-12,Success
7816,2107,30396,2023-03-03,Success
41618,801,16605,2022-09-16,Success
7924,1267,17271,2023-02-20,Success
8432,39,23666,2022-10-04,Rejected by the driver
42414,81,31529,2022-10-23,Success
26356,465,18158,2022-08-25,Success
39027,566,14181,2022-04-02,Rejected by the driver
1305,2523,16888,2022-05-30,Rejected by the driver
20699,1187,9426,2022-06-30,Cancelled by the passenger
19842,1847,1218,2022-07-06,Success
33437,676,35563,2022-03-15,Success
2859,540,29723,2022-04-11,Success
31264,1443,33145,2022-08-05,Cancelled by the passenger
32548,2513,11280,2023-01-03,Success
20452,2247,11953,2023-02-21,Success
16510,107,8519,2022-11-03,Rejected by the driver
49053,1066,34152,2022-10-31,Success
29294,2569,21011,2022-07-22,Success
38615,155,29233,2022-06-20,Success
225,2226,5043,2022-12-16,Cancelled by the passenger
34335,88,11197,2022-10-26,Success
26085,1352,35793,2022-06-20,Success
36981,1931,22065,2022-10-06,Success
26979,2338,10998,2023-01-20,Cancelled by the passenger
13211,1923,26442,2023-02-09,Success
51081,2876,33663,2022-09-08,Success
2569,274,10548,2022-08-12,Success
49316,2460,18506,2022-07-28,Success
56387,1273,7355,2022-03-24,Success
23602,550,39289,2022-08-07,Rejected by the driver
10388,1755,17074,2022-12-03,Cancelled by the passenger
13716,1049,12313,2023-01-09,Cancelled by the passenger
48436,2640,5363,2023-01-26,Success
58709,825,33604,2022-04-13,Success
27552,192,11236,2023-02-05,Success
33163,581,33989,2022-06-22,Cancelled by the passenger
18354,1158,12556,2022-10-27,Cancelled by the passenger
49592,1613,6483,2022-12-07,Rejected by the driver
37326,2958,15911,2022-06-06,Rejected by the driver
37982,1469,13882,2022-08-26,Rejected by the driver
5560,271,3099,2023-02-19,Rejected by the driver
18676,627,28546,2022-09-04,Success
23888,1062,29956,2023-03-10,Success
7959,474,9540,2023-03-20,Success
26173,617,1849,2022-05-19,Success
48657,961,22347,2022-05-26,Success
33287,2078,10673,2022-07-09,Success
23468,1297,18498,2022-06-21,Success
31498,1895,6993,2022-07-19,Success
33251,18,7803,2023-03-13,Success
52422,2536,21994,2022-07-16,Success
10300,1143,33679,2022-03-14,Success
46546,438,10175,2022-07-04,Success
50919,1556,8105,2023-03-04,Rejected by the driver
26149,899,34894,2022-11-05,Success
18839,387,31268,2022-08-06,Success
25672,2340,16471,2022-11-13,Success
38659,1421,13817,2022-12-03,Success
40026,1953,27415,2022-10-20,Rejected by the driver
32076,2419,33022,2022-04-17,Success
4014,1489,39809,2023-03-01,Success
57680,27,39539,2022-09-12,Success
15430,299,1459,2022-07-12,Rejected by the driver
15267,90,27057,2022-04-10,Success
37613,1528,30127,2022-11-23,Success
15038,1497,12410,2022-05-19,Success
13882,2569,21864,2023-04-03,Cancelled by the passenger
2426,724,39927,2022-06-01,Rejected by the driver
21814,737,7617,2022-05-02,Success
14053,422,26283,2022-03-26,Success
47928,1791,11392,2022-09-23,Success
49718,1089,23079,2022-09-04,Rejected by the driver
38955,2405,31022,2023-02-16,Success
16665,1871,21534,2022-08-14,Success
32186,1988,36174,2022-10-02,Success
2386,1538,24923,2022-11-13,Success
51067,540,19980,2022-05-31,Success
35985,1512,30674,2022-09-24,Success
44503,1123,10230,2022-10-26,Cancelled by the passenger
27495,383,31902,2023-04-13,Success
38838,447,21415,2022-11-13,Success
46836,988,35403,2023-02-15,Success
31587,511,12748,2022-06-02,Success
21249,1355,34726,2022-11-23,Success
42403,2160,6504,2023-02-23,Rejected by the driver
24964,2504,26734,2022-10-17,Rejected by the driver
5345,1143,34259,2022-10-16,Success
4850,1733,37331,2022-12-17,Success
63,2908,21004,2023-01-03,Success
14058,85,6032,2023-02-07,Success
28339,608,38806,2022-07-29,Success
28635,845,8331,2023-03-16,Rejected by the driver
37467,501,30759,2022-08-30,Cancelled by the passenger
34126,2414,34558,2022-05-22,Success
45844,1325,12721,2022-06-24,Success
31698,47,5925,2023-03-03,Success
15779,738,25389,2022-09-11,Success
49677,1856,26185,2022-08-15,Success
33692,2326,27455,2023-01-28,Success
36373,2356,28215,2022-06-21,Success
30,672,24196,2023-02-15,Success
37277,1890,10628,2022-03-30,Cancelled by the passenger
10243,1166,21849,2022-04-11,Success
51597,1252,33623,2022-05-02,Rejected by the driver
44333,2960,27513,2022-08-31,Success
41031,2679,10112,2022-07-17,Rejected by the driver
11651,2860,38379,2023-01-09,Success
7931,1965,29638,2022-12-16,Success
8184,1913,6271,2022-10-27,Success
40450,136,4265,2022-11-15,Success
54412,1998,30291,2023-01-18,Success
11395,2049,33784,2022-10-08,Success
46115,623,34317,2022-05-09,Success
16945,666,16263,2022-10-09,Cancelled by the passenger
38638,397,6120,2022-11-26,Cancelled by the passenger
7418,2052,23996,2022-08-07,Success
7072,837,30500,2023-03-22,Success
33698,638,27659,2022-08-25,Success
38556,92,25526,2022-07-31,Success
23323,1038,28386,2022-05-20,Success
28395,473,10926,2022-05-08,Success
22161,2134,1216,2022-11-18,Cancelled by the passenger
28913,210,24809,2022-08-15,Success
42201,625,24668,2022-07-25,Success
14728,1112,14012,2022-06-20,Success
34029,2274,38150,2022-08-17,Success
28798,2507,31497,2022-04-28,Success
47938,2406,20468,2022-11-22,Rejected by the driver
13588,2405,22693,2022-08-20,Success
33458,334,9017,2022-03-14,Cancelled by the passenger
17097,2139,31102,2022-06-11,Success
49254,984,30068,2022-09-27,Rejected by the driver
17515,341,20111,2023-02-23,Success
51913,2862,30846,2022-04-21,Success
30178,2538,2203,2022-06-12,Success
21286,2672,13898,2022-07-22,Success
14752,724,10398,2022-05-10,Success
56020,1748,7039,2023-03-18,Success
13619,2880,7397,2022-03-17,Success
9664,1980,32666,2023-01-24,Success
43103,2370,38859,2022-04-21,Success
36860,213,15401,2023-03-11,Success
19864,912,33670,2022-06-30,Success
52042,2725,27890,2022-11-14,Success
26258,1786,7329,2023-04-14,Success
43450,977,4490,2022-06-29,Success
7923,647,18938,2023-03-25,Success
214,1392,22931,2022-10-05,Success
32674,101,15169,2022-09-15,Success
5268,429,27137,2023-04-14,Success
16050,1770,28380,2023-02-26,Cancelled by the passenger
14256,2923,21445,2022-12-18,Rejected by the driver
39365,147,3898,2022-03-12,Success
56880,773,22417,2023-01-30,Success
51531,2966,4753,2022-08-08,Success
23901,2502,6534,2023-04-13,Success
53131,812,13984,2022-08-06,Success
34637,1067,25404,2022-04-09,Success
32966,2093,38911,2022-10-07,Success
48709,492,28088,2022-10-19,Cancelled by the passenger
54870,1457,18961,2022-08-18,Success
3900,2571,20092,2022-07-21,Success
33082,2822,27802,2022-06-13,Success
242,1288,23976,2022-06-18,Rejected by the driver
17807,921,30945,2022-03-22,Success
35622,2109,37074,2022-09-02,Rejected by the driver
47344,518,28626,2022-12-26,Success
48775,325,33271,2023-01-01,Success
19124,89,37828,2022-05-18,Rejected by the driver
14605,507,23931,2022-09-10,Rejected by the driver
42492,1112,24070,2023-02-22,Success
21785,2281,31516,2022-12-31,Rejected by the driver
31854,760,9779,2023-04-15,Success
34045,2587,21727,2022-05-23,Success
27546,1608,1002,2022-09-04,Success
3533,636,30012,2022-09-25,Success
11487,1078,25180,2022-12-28,Success
55289,929,19330,2023-04-11,Success
57839,1618,24482,2022-06-18,Success
58688,2641,13153,2023-02-15,Cancelled by the passenger
46366,553,12414,2022-05-21,Rejected by the driver
48404,467,4224,2023-03-28,Success
41237,681,38293,2022-03-26,Success
54852,534,30407,2022-11-21,Success
6452,2371,22607,2022-04-08,Rejected by the driver
9839,1453,9918,2022-12-13,Success
18841,1149,30408,2022-04-23,Success
21188,2926,25730,2023-01-04,Success
13183,892,22337,2022-09-16,Success
22183,840,35131,2022-10-13,Success
57188,2296,23406,2023-01-25,Success
2013,2667,11980,2022-11-21,Success
47476,2101,27190,2023-03-17,Success
12759,2002,34259,2022-11-06,Success
776,2511,27412,2023-02-12,Success
13604,2351,731,2023-03-22,Rejected by the driver
56081,2363,322,2022-04-08,Success
54354,395,7950,2023-02-06,Success
36157,2573,33519,2022-05-25,Success
28636,2681,1197,2023-03-15,Success
27799,2324,37995,2023-03-16,Success
46441,2297,27070,2022-09-21,Success
45556,1889,16037,2023-03-01,Success
2977,2320,32266,2023-03-10,Rejected by the driver
37004,973,4863,2022-07-05,Success
4235,10,34648,2022-06-11,Success
40396,75,13459,2022-12-10,Success
30345,1695,35834,2022-12-14,Success
6791,840,21093,2022-07-02,Rejected by the driver
53799,2781,13094,2023-04-07,Success
41262,1143,15866,2022-10-27,Rejected by the driver
56875,2937,8590,2023-01-05,Success
50843,2849,27246,2022-05-01,Success
57825,1515,18857,2022-09-28,Cancelled by the passenger
2648,2473,14342,2022-05-30,Success
12340,2406,17980,2022-09-01,Success
57319,2288,29052,2022-08-23,Rejected by the driver
50912,1506,14763,2022-05-29,Success
8831,1271,38945,2023-01-17,Success
19680,673,22105,2022-11-27,Success
41551,1102,34130,2022-04-22,Success
16590,1300,37132,2023-03-03,Success
47295,157,10032,2022-04-01,Cancelled by the passenger
29361,1483,11181,2022-08-13,Success
17419,2136,28412,2023-01-21,Success
13174,1823,15416,2022-05-07,Success
19882,2130,6477,2022-04-05,Success
16204,1744,18538,2023-02-02,Success
48185,345,2173,2022-08-26,Cancelled by the passenger
13814,2941,30733,2023-02-06,Cancelled by the passenger
58355,1436,23762,2022-04-23,Rejected by the driver
32978,505,10706,2023-02-15,Success
44673,41,9475,2023-01-01,Success
13146,986,10834,2023-02-25,Success
22828,755,26596,2022-09-17,Rejected by the driver
34861,2559,15388,2023-03-03,Success
10263,111,22368,2022-09-18,Cancelled by the passenger
37803,917,7815,2023-04-12,Success
24033,910,32430,2022-12-18,Success
56795,2936,28578,2022-08-19,Success
15318,1441,46,2023-03-22,Cancelled by the passenger
21291,1905,32029,2022-11-24,Rejected by the driver
10394,1257,13946,2022-09-08,Success
22115,431,21017,2022-05-22,Success
20075,2796,7872,2022-12-29,Rejected by the driver
15261,2859,3216,2022-05-12,Cancelled by the passenger
45794,1363,15377,2023-01-06,Success
27904,512,32881,2023-04-14,Cancelled by the passenger
58438,2107,24861,2022-12-11,Rejected by the driver
27882,2532,31686,2022-11-06,Rejected by the driver
30203,2445,10580,2022-10-21,Rejected by the driver
36312,373,31233,2022-06-23,Success
25859,629,27202,2022-06-29,Success
34623,1768,5543,2023-01-09,Rejected by the driver
11685,524,21189,2022-11-01,Success
32608,1398,37796,2022-08-17,Success
29849,2192,20932,2022-08-30,Success
52557,2524,19458,2022-04-19,Success
19040,2900,35179,2022-04-21,Rejected by the driver
13084,391,24294,2022-03-20,Rejected by the driver
31364,221,27159,2023-02-10,Success
59551,786,12685,2022-10-21,Cancelled by the passenger
13465,1197,24270,2022-07-19,Success
7331,785,34329,2022-12-04,Rejected by the driver
20013,798,23945,2022-07-02,Success
17358,1051,405,2022-07-20,Success
4247,515,13652,2023-03-30,Success
1950,195,28735,2022-12-31,Success
11501,2100,28154,2023-02-24,Success
35908,2677,23908,2022-07-01,Success
55958,1013,25642,2022-05-07,Success
20448,1842,4630,2023-02-02,Success
57196,1576,7421,2022-07-10,Success
31718,1107,29705,2022-09-13,Cancelled by the passenger
35145,971,22766,2022-05-01,Success
16828,2128,7618,2022-12-11,Cancelled by the passenger
41463,1833,10428,2022-05-06,Rejected by the driver
10038,2177,12521,2023-03-14,Success
6681,1942,19824,2022-08-27,Success
21082,1917,16554,2022-07-24,Cancelled by the passenger
43981,63,8016,2022-09-09,Success
51640,264,7016,2023-03-19,Success
11783,1373,17957,2022-09-03,Success
13475,2385,12013,2022-12-12,Success
2803,169,8284,2022-10-13,Success
21684,730,3399,2022-06-10,Success
19417,110,2687,2022-08-19,Success
58657,2012,24688,2023-04-04,Success
5526,483,24149,2023-03-28,Success
24710,2030,12289,2022-12-11,Success
25086,360,21433,2023-01-11,Rejected by the driver
1738,18,29198,2023-02-27,Cancelled by the passenger
9493,1495,5318,2023-02-28,Success
2553,1118,9828,2022-05-03,Success
46707,974,2817,2022-07-13,Success
9183,2750,40,2023-04-10,Success
35870,450,37965,2022-06-22,Success
41931,2089,1834,2022-06-15,Success
58796,1585,36661,2023-02-14,Rejected by the driver
45909,441,6180,2022-09-19,Rejected by the driver
46774,2156,17152,2023-03-23,Success
11420,2108,39879,2022-11-25,Success
21892,66,20133,2022-05-31,Success
7862,924,31007,2023-02-27,Cancelled by the passenger
55378,1251,8022,2022-09-06,Success
11679,1976,22107,2022-08-18,Success
24001,637,35663,2022-11-24,Success
14304,1246,23814,2023-01-17,Success
14940,2154,16035,2023-03-14,Success
55510,348,6190,2023-01-09,Success
11637,2562,39788,2022-05-23,Success
19052,2247,11541,2022-10-18,Success
56367,503,32408,2023-01-16,Cancelled by the passenger
16757,360,35756,2022-09-25,Cancelled by the passenger
8007,901,15068,2022-03-23,Cancelled by the passenger
36623,2113,25314,2022-04-15,Success
19032,2607,32404,2023-02-18,Success
21570,2127,39221,2023-04-09,Success
21176,2381,7208,2022-08-24,Success
52369,93,158,2022-06-16,Success
40454,868,22990,2023-04-15,Success
56657,2909,21062,2022-12-26,Rejected by the driver
51092,742,22711,2022-09-25,Cancelled by the passenger
7858,2243,23805,2022-04-21,Success
48205,289,13577,2022-03-31,Success
13034,629,10147,2023-03-14,Success
53355,2360,30574,2023-02-10,Success
20574,1438,12634,2022-07-20,Success
43126,1724,22817,2022-05-01,Success
57120,1934,6211,2023-02-14,Success
11658,1491,20813,2022-11-10,Success
48166,783,14702,2022-12-04,Cancelled by the passenger
13606,877,15127,2023-03-06,Success
43171,2641,17541,2022-06-30,Success
55461,2581,31857,2023-04-03,Success
5642,1702,25148,2023-03-26,Rejected by the driver
947,1264,4020,2023-02-10,Success
17643,1308,5731,2022-09-07,Success
57065,315,21475,2023-01-28,Success
4412,1140,30477,2022-09-02,Cancelled by the passenger
55474,402,17476,2022-11-10,Success
22080,1956,30739,2023-02-07,Success
57328,1006,30953,2022-12-23,Rejected by the driver
7957,392,31327,2022-07-14,Success
6067,1939,20376,2022-12-16,Success
14827,2213,39910,2022-03-21,Success
46438,812,22505,2022-08-15,Success
59937,577,13449,2022-08-05,Success
49016,1916,19134,2022-07-04,Success
20844,2344,11487,2022-04-20,Success
47062,2144,7200,2023-03-27,Success
24110,969,20702,2023-03-16,Rejected by the driver
54728,1032,20907,2022-11-06,Rejected by the driver
15518,1962,3256,2023-03-27,Success
30189,741,38706,2022-06-08,Rejected by the driver
41134,294,28533,2022-05-04,Success
9217,1023,13246,2022-08-21,Rejected by the driver
42676,1164,1117,2022-09-05,Success
41476,329,10981,2022-04-15,Rejected by the driver
239,389,24560,2022-09-25,Cancelled by the passenger
47551,1903,23882,2022-03-22,Success
31649,1347,867,2022-04-01,Success
7365,2665,13892,2022-05-11,Cancelled by the passenger
28710,1096,22300,2022-08-11,Success
19074,2054,12584,2022-08-25,Success
50044,1047,22045,2022-07-29,Success
1374,1941,574,2022-12-03,Success
48418,2550,1716,2023-03-16,Success
52922,746,31421,2022-06-23,Success
40363,326,20820,2022-09-02,Cancelled by the passenger
50398,605,5258,2022-04-04,Success
5631,2514,37237,2022-03-14,Rejected by the driver
34177,2729,9552,2022-12-04,Success
19595,307,38410,2022-10-23,Cancelled by the passenger
4551,2642,26039,2022-09-10,Success
12023,2725,1537,2022-10-17,Cancelled by the passenger
29468,132,19875,2022-12-12,Success
11761,1206,9688,2023-03-18,Success
19615,511,31752,2022-10-02,Success
32056,1105,31322,2022-12-08,Rejected by the driver
23409,1895,16626,2022-10-21,Success
3228,2624,33418,2023-02-10,Success
52738,920,30956,2022-06-20,Success
52650,2537,35669,2022-12-05,Success
37855,1013,28357,2022-12-02,Success
39997,558,14659,2022-08-06,Success
24951,374,7224,2022-07-31,Success
30904,2354,37909,2023-02-02,Success
14074,2353,21486,2022-08-27,Success
5247,1315,29900,2022-08-28,Success
15903,1075,34467,2022-10-20,Success
19782,774,16252,2022-03-20,Rejected by the driver
22385,487,27681,2022-03-30,Success
17760,2098,24957,2022-04-06,Success
17148,1130,37735,2022-10-07,Success
9011,2483,38187,2023-01-16,Cancelled by the passenger
55911,1680,20645,2022-12-17,Success
32206,2755,35110,2022-03-19,Success
34958,366,717,2022-10-23,Cancelled by the passenger
39418,1470,12336,2022-11-24,Cancelled by the passenger
229,2294,10634,2022-11-25,Success
233,1903,36656,2022-10-23,Rejected by the driver
45444,1876,28600,2023-01-02,Cancelled by the passenger
49874,347,3331,2022-11-08,Success
52583,147,12703,2022-12-07,Success
59291,1174,13198,2022-08-12,Rejected by the driver
1603,1974,13305,2022-11-05,Success
38912,2792,18088,2023-01-17,Success
22474,877,33858,2022-08-06,Success
58551,1408,12721,2022-05-24,Success
2138,2026,1116,2023-03-30,Success
6393,2297,3166,2022-11-02,Success
26436,1035,29986,2022-06-28,Success
45315,254,1582,2022-10-10,Success
57886,1677,22824,2023-04-07,Success
1764,718,6451,2022-07-17,Success
44124,1595,10151,2023-04-04,Success
10797,1973,18473,2022-07-01,Cancelled by the passenger
20687,1178,19401,2023-02-13,Rejected by the driver
42177,2218,24647,2022-09-15,Success
4193,2916,1632,2023-01-11,Success
31259,2852,2094,2023-02-04,Cancelled by the passenger
51385,1701,26827,2022-09-26,Success
57313,1364,1020,2022-07-27,Rejected by the driver
49741,1492,6367,2022-06-28,Cancelled by the passenger
29593,177,14680,2022-03-22,Success
59510,384,13667,2022-06-26,Success
11133,2883,27160,2022-11-15,Success
51751,459,9689,2023-03-28,Success
24014,1592,15521,2022-08-18,Cancelled by the passenger
633,1075,7172,2022-09-03,Rejected by the driver
30467,1811,5148,2022-06-25,Success
24854,388,5760,2022-08-28,Success
1404,2304,34868,2022-05-05,Success
19038,1708,30408,2022-07-26,Success
52955,2228,17235,2022-09-24,Rejected by the driver
15024,2704,10376,2023-03-14,Success
44053,1855,2068,2022-10-10,Cancelled by the passenger
37051,2061,16820,2022-04-28,Rejected by the driver
8574,1482,29850,2022-11-03,Success
39649,1622,22045,2023-01-10,Cancelled by the passenger
30621,1668,1466,2022-05-23,Rejected by the driver
56493,2987,6924,2022-05-23,Rejected by the driver
37934,363,30519,2022-12-05,Rejected by the driver
28085,2510,17797,2022-04-26,Cancelled by the passenger
56189,1512,23033,2022-08-04,Success
36062,575,26350,2022-08-13,Success
40203,2673,31274,2022-03-15,Success
32622,1672,4503,2022-09-18,Rejected by the driver
11763,912,4643,2022-09-30,Success
54871,378,9371,2023-03-08,Success
51685,2213,26164,2022-04-03,Success
6706,2333,32556,2022-06-16,Success
34659,1560,20701,2022-03-25,Success
15327,1159,39225,2022-07-21,Success
3113,1528,95,2022-07-06,Success
51493,1273,11284,2022-10-04,Cancelled by the passenger
21537,2836,24305,2022-10-13,Success
13194,272,7563,2022-05-12,Success
48203,231,22409,2022-09-29,Success
49849,198,342,2022-08-16,Rejected by the driver
24875,1246,18617,2022-04-30,Success
2838,2753,32444,2022-04-15,Rejected by the driver
17700,679,8018,2023-03-01,Success
10962,2983,20598,2022-08-23,Success
24518,2361,36928,2023-02-24,Success
34009,1832,2325,2022-11-29,Rejected by the driver
22178,1047,35020,2022-12-31,Success
28940,1126,18185,2022-08-31,Success
26055,1646,37872,2022-12-29,Success
47117,1109,10227,2022-06-01,Rejected by the driver
10552,786,16846,2022-11-16,Success
13458,561,11361,2022-05-28,Success
57595,36,27258,2023-03-30,Cancelled by the passenger
54380,1292,37962,2022-05-09,Rejected by the driver
26530,2238,27017,2022-07-13,Success
45787,1377,19437,2022-08-04,Success
29555,2383,10598,2023-01-09,Success
25142,2998,26208,2022-09-23,Success
47744,1772,7074,2023-03-02,Rejected by the driver
54618,1044,21809,2022-05-02,Success
24750,1192,28710,2022-03-19,Rejected by the driver
33364,1273,35499,2022-12-18,Success
51519,1045,36197,2022-04-23,Success
10830,1859,22158,2022-12-24,Success
45474,930,14097,2022-03-29,Success
52678,2301,12259,2023-02-04,Success
34263,196,115,2022-12-07,Success
39837,34,19215,2022-12-12,Success
30033,1256,34184,2022-11-22,Cancelled by the passenger
10304,2634,38701,2022-09-28,Success
52789,1425,4439,2022-08-21,Rejected by the driver
57370,477,23254,2022-12-28,Success
8164,1550,26901,2022-06-22,Success
58851,947,14194,2022-05-29,Rejected by the driver
55118,2600,5361,2022-04-12,Rejected by the driver
9482,552,11193,2023-02-05,Success
59775,1505,2641,2023-03-30,Success
55176,1349,24752,2022-08-10,Cancelled by the passenger
39890,1795,31734,2022-12-19,Success
41154,853,2780,2022-08-09,Success
5290,308,10526,2022-10-24,Success
2009,707,7553,2022-12-19,Success
7652,2231,23323,2022-03-19,Success
25109,2129,33185,2023-02-25,Success
39611,1061,6694,2022-07-15,Rejected by the driver
4068,617,34462,2022-12-15,Success
32638,1930,12205,2022-09-27,Success
44913,1691,17980,2022-10-12,Success
57613,147,19525,2022-08-24,Success
6071,1278,21303,2023-04-11,Success
5352,87,1049,2022-12-09,Success
45637,1628,39282,2022-10-01,Success
37549,575,39525,2023-02-27,Success
41014,1002,14842,2022-10-04,Success
47729,593,4649,2023-03-17,Success
44517,2165,29932,2022-05-09,Success
55409,1367,14350,2023-01-11,Success
11814,1112,1704,2023-01-01,Success
5884,2755,31944,2023-01-05,Success
55611,2970,36055,2023-01-19,Rejected by the driver
9440,2665,32857,2022-07-25,Success
36857,2611,5779,2022-06-11,Success
48350,681,24031,2022-04-27,Success
24674,952,7039,2023-01-21,Success
52998,1740,17629,2022-11-01,Success
53632,2672,21218,2022-05-31,Success
40595,80,36512,2022-03-19,Success
8210,1063,36447,2022-09-04,Success
27834,1080,10167,2022-07-09,Cancelled by the passenger
31711,2882,31962,2023-02-02,Rejected by the driver
55485,2438,15811,2022-06-04,Success
29982,614,12564,2022-10-09,Success
236,2339,39995,2023-01-03,Success
39169,2861,864,2022-06-25,Success
55371,577,34694,2023-01-16,Cancelled by the passenger
5078,2498,26699,2023-03-25,Success
37997,594,18368,2022-08-07,Success
32096,578,12465,2022-11-28,Success
9903,382,7346,2022-05-26,Success
4907,2740,20151,2023-02-09,Cancelled by the passenger
13127,2861,32112,2022-11-11,Success
41062,2852,8600,2023-04-04,Rejected by the driver
25279,89,8499,2022-11-18,Success
25022,2452,10794,2022-08-01,Success
22075,1415,19963,2022-06-17,Rejected by the driver
47414,1710,12061,2022-09-16,Success
3500,2052,36316,2022-04-19,Cancelled by the passenger
4018,2428,32312,2022-03-29,Success
44933,2707,35788,2022-05-07,Success
28898,2916,22245,2022-06-03,Success
27521,231,31877,2023-04-07,Success
22353,1441,10455,2023-01-16,Cancelled by the passenger
19302,1147,6158,2022-04-13,Success
9631,331,21349,2022-12-10,Success
25007,569,30804,2022-06-06,Success
21714,672,6404,2022-08-28,Cancelled by the passenger
19179,1894,18051,2022-12-20,Success
23422,275,9708,2023-03-22,Success
52894,725,25928,2022-03-14,Success
6665,2885,18001,2023-02-12,Success
44127,1141,23155,2023-02-27,Success
12454,2414,39168,2023-01-09,Success
43194,815,36362,2023-01-10,Cancelled by the passenger
40471,2253,26965,2022-05-26,Success
8944,1899,21143,2022-04-02,Success
42472,1832,39794,2022-06-01,Rejected by the driver
26583,2051,27067,2022-05-01,Success
17157,1458,10755,2023-04-13,Cancelled by the passenger
19205,2420,6791,2023-01-08,Success
41901,2821,13723,2023-01-21,Success
20161,1371,22909,2023-02-02,Success
26101,1529,19272,2023-03-22,Success
7636,1147,3074,2022-10-02,Success
31895,804,33658,2022-05-09,Success
1251,1431,27516,2023-03-29,Success
30756,2824,36412,2022-10-03,Success
13366,1881,11128,2022-06-19,Success
45913,1245,21897,2022-10-06,Success
3552,2778,22926,2023-04-05,Rejected by the driver
46357,1948,27180,2023-03-21,Success
30202,2124,28586,2023-04-08,Success
23384,2396,20601,2023-02-02,Success
34007,1681,8025,2022-05-31,Rejected by the driver
23591,571,2916,2022-03-20,Success
52942,295,28962,2023-03-16,Success
33740,2859,19449,2022-12-24,Success
58540,1756,6715,2022-08-09,Success
6969,1333,2997,2022-12-21,Success
44209,2771,6723,2022-12-10,Success
6174,1920,28915,2022-08-27,Success
30620,2004,33756,2022-10-13,Success
23879,2056,13057,2022-06-16,Success
39254,2920,24038,2023-04-04,Success
58211,744,18041,2022-11-14,Success
54167,703,10422,2022-05-02,Success
28003,1582,793,2022-10-28,Success
38807,1256,31617,2022-09-28,Cancelled by the passenger
57177,1779,32901,2022-03-22,Success
45136,2771,5454,2022-11-19,Rejected by the driver
23158,256,32331,2022-07-26,Cancelled by the passenger
8452,1656,29893,2022-12-06,Success
25405,1774,27229,2022-03-28,Rejected by the driver
16349,1259,34405,2023-04-08,Success
51406,2316,38914,2023-02-17,Rejected by the driver
22084,2215,37751,2023-01-01,Success
15420,2323,14640,2022-05-20,Success
17520,2281,21718,2022-03-13,Rejected by the driver
35509,823,15256,2022-04-24,Success
39051,166,544,2022-09-02,Success
14667,1491,38873,2023-02-24,Success
22929,2701,21510,2022-11-23,Success
10194,2201,14408,2022-04-22,Rejected by the driver
10408,762,6041,2023-01-24,Success
30738,2908,4281,2022-11-18,Success
42897,553,13376,2022-11-04,Success
47673,1284,35096,2022-09-20,Cancelled by the passenger
28392,1640,28,2023-01-04,Success
4427,1980,29254,2022-06-03,Success
28184,1236,13395,2023-01-26,Rejected by the driver
26510,1908,22304,2023-03-22,Success
57878,500,3705,2023-04-15,Rejected by the driver
12141,353,11832,2022-09-17,Success
23434,253,8346,2022-10-08,Success
28794,1127,2359,2022-12-27,Success
25319,2179,33567,2022-06-02,Success
5141,37,151,2022-08-03,Success
32630,1477,26549,2023-02-21,Cancelled by the passenger
19200,1699,5975,2022-11-23,Success
21110,226,17943,2022-03-15,Success
12735,2414,4660,2022-12-11,Success
899,833,4377,2022-10-02,Success
12187,962,11584,2023-03-25,Success
16658,47,16567,2022-08-01,Success
42909,1583,36860,2022-09-09,Success
45533,565,20383,2022-04-14,Cancelled by the passenger
33873,867,29784,2022-04-15,Cancelled by the passenger
43333,135,14372,2023-01-05,Success
5079,1003,18730,2022-09-05,Rejected by the driver
34212,1239,22828,2022-06-30,Success
44349,1805,1375,2023-04-03,Success
56633,1084,1932,2023-03-12,Cancelled by the passenger
9909,1653,210,2022-08-30,Success
14447,1584,32032,2022-07-26,Cancelled by the passenger
55838,1741,16179,2023-03-25,Rejected by the driver
223,2352,31236,2023-03-16,Success
55539,1863,30492,2022-03-20,Rejected by the driver
1375,2245,12416,2022-05-04,Success
37134,1466,23030,2022-10-24,Success
7141,2246,12001,2023-01-19,Success
14310,2418,5641,2023-03-02,Success
22533,2069,17757,2023-02-08,Success
47001,607,36711,2022-08-20,Success
58247,1232,4884,2022-06-06,Success
24896,2572,6030,2022-04-22,Cancelled by the passenger
24912,2117,3516,2022-04-25,Success
14658,2612,31870,2022-06-26,Rejected by the driver
31114,889,14617,2022-12-04,Rejected by the driver
28647,186,35443,2022-11-12,Success
21986,1676,19016,2022-09-20,Success
14501,2344,23840,2022-12-21,Success
11852,1063,27622,2023-01-26,Success
54190,1986,36409,2022-09-03,Success
49898,2521,17345,2022-07-06,Cancelled by the passenger
25466,2456,16256,2022-04-24,Success
38375,136,25510,2022-05-30,Success
27572,2375,28070,2022-09-27,Success
46851,560,17195,2022-08-24,Success
19293,443,18284,2022-04-12,Rejected by the driver
5552,2654,14089,2023-01-19,Success
1669,2342,18148,2022-05-03,Rejected by the driver
12873,2260,5909,2022-08-02,Success
56298,169,12313,2022-12-18,Success
4851,2098,20428,2022-04-21,Success
20994,1262,15603,2022-06-24,Success
45887,2622,29912,2023-04-10,Success
42044,862,17889,2023-02-21,Success
48165,2803,34300,2022-05-30,Success
50663,2001,27070,2022-08-23,Success
19785,2088,28123,2022-12-10,Success
22521,2298,1877,2023-01-31,Rejected by the driver
27175,873,24553,2022-07-02,Success
9125,1375,33425,2022-06-04,Rejected by the driver
32760,957,26399,2022-08-30,Success
59101,2382,9138,2022-11-21,Success
53622,2363,35864,2022-11-14,Success
54885,1868,8135,2022-07-20,Success
6728,2489,8463,2022-05-21,Rejected by the driver
34641,665,14417,2023-01-06,Success
25449,2711,35622,2022-07-18,Rejected by the driver
34194,911,11779,2023-01-22,Success
59800,2465,4157,2022-03-18,Success
11948,1604,8443,2022-09-05,Success
17152,1381,5097,2023-02-05,Success
10692,2195,39550,2022-10-01,Success
57320,1820,7396,2022-11-21,Success
16754,49,35985,2022-07-04,Success
11647,2392,16030,2022-04-24,Success
9277,2836,11705,2023-04-15,Success
33780,2231,28154,2022-09-18,Success
18186,2312,33324,2023-03-28,Success
6758,2859,4901,2022-07-31,Cancelled by the passenger
54924,1724,22951,2022-05-31,Success
51946,2538,38755,2022-08-18,Success
13623,192,19134,2022-06-15,Success
26963,1180,22347,2023-01-08,Cancelled by the passenger
38001,252,3058,2023-03-21,Rejected by the driver
46822,381,17628,2022-05-16,Success
19067,1158,28416,2022-09-12,Success
20845,1481,30868,2022-09-01,Cancelled by the passenger
56529,443,1228,2022-03-24,Success
58636,772,18874,2022-07-24,Success
46852,1197,38678,2023-03-31,Success
38530,386,39720,2022-09-29,Cancelled by the passenger
41344,1362,27234,2022-12-31,Success
25170,71,12003,2022-06-11,Rejected by the driver
15254,960,39826,2022-04-01,Success
5679,371,29254,2023-01-31,Cancelled by the passenger
28997,2383,15644,2022-11-25,Success
5053,823,32331,2023-04-13,Rejected by the driver
22412,437,1601,2022-05-25,Success
58755,1189,29698,2022-05-04,Cancelled by the passenger
31421,242,15338,2022-03-15,Success
13841,2703,32891,2022-08-31,Success
12881,375,506,2022-12-05,Cancelled by the passenger
10050,2039,682,2022-05-19,Success
24088,1147,11445,2022-06-07,Rejected by the driver
54211,2474,7951,2023-01-15,Success
19739,2953,3836,2022-03-21,Rejected by the driver
1701,297,11241,2022-11-10,Success
17459,1108,29749,2022-10-16,Success
55856,1170,35640,2023-04-13,Rejected by the driver
44450,914,960,2022-04-08,Success
48892,245,12912,2023-02-22,Success
28349,2328,21651,2022-05-27,Success
50738,247,12735,2022-11-28,Success
6938,1542,19237,2023-01-28,Success
56786,1273,22334,2023-01-12,Success
18575,2510,15935,2022-08-27,Rejected by the driver
58600,2706,36970,2022-05-18,Success
44616,1708,37750,2023-03-27,Rejected by the driver
12919,866,17,2023-02-05,Success
44387,2138,5544,2022-04-15,Success
36052,133,1306,2022-04-01,Rejected by the driver
4369,2413,36200,2022-07-11,Success
6038,1372,5479,2022-10-29,Success
51747,1633,24242,2022-12-04,Success
5067,719,7998,2022-08-03,Cancelled by the passenger
18574,1612,32917,2023-03-18,Success
51430,806,17559,2022-04-18,Success
58864,2437,4038,2022-11-29,Rejected by the driver
825,382,10871,2022-07-15,Success
19096,1145,12096,2023-04-04,Success
24867,1177,34911,2022-08-08,Success
43490,2725,4906,2022-11-05,Success
53885,2093,12517,2022-06-07,Rejected by the driver
23345,211,36452,2022-10-14,Success
57578,469,4350,2022-10-08,Success
46538,2408,3175,2022-06-20,Rejected by the driver
52799,331,26855,2023-02-15,Success
33585,2998,25905,2022-03-13,Success
13907,276,21551,2022-04-08,Success
53352,1628,14282,2022-06-07,Success
37262,56,4670,2023-03-19,Success
2472,1974,38591,2022-06-17,Rejected by the driver
30164,672,25604,2023-01-18,Success
56058,2508,39549,2022-05-05,Success
35844,2784,32302,2023-01-22,Success
18390,148,23988,2022-10-01,Success
9774,2993,508,2023-02-11,Success
30209,2405,11666,2022-12-05,Success
4423,506,29840,2022-07-19,Success
56334,179,27046,2023-02-27,Success
48252,2342,15182,2023-01-22,Success
54176,106,2187,2022-09-05,Success
46995,799,17984,2023-03-19,Success
56423,1785,10747,2022-10-12,Success
42380,898,38059,2023-01-25,Success
27223,719,637,2022-11-19,Cancelled by the passenger
46531,2247,29972,2023-01-11,Cancelled by the passenger
23449,1578,31527,2023-04-07,Success
47592,2441,27663,2023-04-03,Success
42854,1577,18160,2022-06-03,Success
1532,1729,9426,2023-04-01,Success
28348,833,10139,2022-06-03,Success
54791,2783,13929,2022-08-09,Success
34595,1946,39859,2023-02-02,Success
58175,1708,821,2023-01-26,Success
3372,2550,35471,2023-02-28,Success
57114,244,39882,2023-03-17,Success
42618,2746,31097,2023-02-14,Success
12422,1844,31683,2022-11-14,Rejected by the driver
19834,1812,29497,2022-06-14,Success
1686,1689,39794,2022-11-12,Rejected by the driver
34483,1589,30598,2022-05-04,Success
27427,1029,39773,2022-11-30,Success
46429,2419,34905,2022-05-25,Rejected by the driver
58061,1087,21214,2022-11-21,Success
56496,421,15171,2022-11-12,Success
34058,771,32698,2022-10-18,Rejected by the driver
53348,191,16205,2022-11-24,Rejected by the driver
15598,2899,26669,2022-10-12,Cancelled by the passenger
54479,1483,6421,2022-11-29,Rejected by the driver
46607,1972,5357,2022-03-15,Success
46835,924,22739,2022-08-24,Rejected by the driver
57027,558,5116,2022-10-05,Success
27508,1351,79,2022-07-27,Cancelled by the passenger
49011,2345,2182,2023-01-10,Success
21566,1896,20862,2023-01-27,Success
58548,825,14168,2023-01-30,Cancelled by the passenger
42790,1390,32150,2022-12-24,Rejected by the driver
2246,308,25867,2022-08-22,Success
15893,384,14592,2023-03-15,Rejected by the driver
36915,2180,13594,2022-10-16,Success
15232,2856,38224,2022-08-10,Rejected by the driver
40677,2973,27946,2023-01-09,Success
34775,2894,24071,2023-03-04,Success
52405,316,22786,2023-02-21,Cancelled by the passenger
37834,2276,2690,2022-08-04,Success
37073,1476,28335,2023-01-27,Success
50479,2891,13109,2022-10-22,Cancelled by the passenger
8871,2313,5730,2022-03-17,Rejected by the driver
22755,2229,4233,2022-12-12,Success
11101,654,6035,2023-01-17,Cancelled by the passenger
4805,1208,5090,2022-10-18,Rejected by the driver
18638,2620,7091,2023-02-06,Success
20517,126,15511,2022-07-30,Success
11414,1327,31202,2023-01-28,Success
43772,2609,3725,2022-11-01,Rejected by the driver
27818,2533,16760,2022-06-29,Rejected by the driver
44739,597,33746,2022-04-29,Success
16653,2880,11672,2023-04-13,Success
25965,2962,18283,2022-07-11,Success
3036,2327,17254,2022-09-16,Cancelled by the passenger
24048,2201,13526,2022-11-06,Cancelled by the passenger
52748,266,4016,2022-10-11,Success
21953,184,35639,2023-03-29,Cancelled by the passenger
54545,540,18456,2022-03-14,Success
32039,1562,18791,2022-10-25,Success
27310,2127,13778,2023-03-29,Success
29581,2445,17429,2022-11-27,Success
9803,515,31203,2022-11-16,Cancelled by the passenger
29646,1668,26617,2022-09-08,Success
18546,2070,19223,2022-12-06,Success
49150,774,26296,2022-03-16,Success
26405,1712,15127,2022-04-19,Cancelled by the passenger
21445,1500,35768,2022-05-20,Rejected by the driver
49142,2354,5615,2022-05-29,Success
19941,1061,3971,2023-03-17,Success
53217,400,9643,2022-12-14,Cancelled by the passenger
11018,1412,34171,2022-07-31,Success
35618,2411,31600,2022-07-23,Rejected by the driver
55173,539,14872,2023-01-19,Success
10886,1505,11054,2022-10-30,Success
57220,823,15248,2022-05-31,Success
31069,2610,18101,2022-06-26,Success
5430,1349,4997,2023-03-16,Success
28400,1606,39858,2022-06-21,Success
37191,489,30877,2022-03-21,Success
12304,2757,21716,2022-10-24,Success
49999,633,38072,2022-04-29,Success
42402,29,21811,2022-06-26,Success
36601,925,39452,2022-04-28,Cancelled by the passenger
56694,2411,22079,2022-05-18,Success
11384,2154,25731,2023-01-23,Success
31636,2637,19394,2022-06-15,Rejected by the driver
25233,8,27609,2022-08-28,Rejected by the driver
18189,2903,21766,2022-04-07,Success
48804,1133,2243,2022-08-26,Success
30757,595,24539,2022-11-22,Success
54483,749,26601,2022-06-09,Cancelled by the passenger
22009,2428,9306,2023-03-19,Success
55208,1459,30358,2022-11-05,Success
30305,1980,5680,2022-04-03,Success
25744,1207,31764,2023-04-15,Success
55584,2260,10540,2022-03-21,Success
1506,2612,37585,2022-09-07,Success
41119,2676,34509,2022-09-21,Cancelled by the passenger
28351,1341,10853,2022-03-22,Cancelled by the passenger
6480,1444,30876,2022-05-12,Success
16305,2969,18996,2022-04-10,Success
48983,2990,1709,2022-06-29,Success
48954,973,4272,2023-02-18,Success
57503,719,3714,2022-05-26,Success
45821,2437,11163,2023-04-15,Rejected by the driver
1013,200,5511,2022-08-29,Success
10551,2494,15565,2022-08-23,Success
23816,1654,16219,2022-04-28,Success
9185,550,20468,2022-08-07,Success
22678,1176,4163,2022-07-17,Cancelled by the passenger
30428,353,24642,2022-10-29,Success
57905,2103,36961,2022-11-09,Success
29842,238,21995,2022-05-23,Success
28489,2517,12224,2023-03-23,Rejected by the driver
6373,1981,4913,2022-09-22,Success
39090,2375,33977,2022-04-20,Success
84,337,18379,2022-04-28,Success
14173,1654,11028,2023-02-26,Rejected by the driver
44445,429,35669,2023-03-01,Success
31159,694,36834,2023-02-25,Success
793,785,7699,2022-11-10,Rejected by the driver
35888,2454,5453,2022-04-28,Success
47006,1857,24415,2022-05-23,Rejected by the driver
36377,232,36024,2022-04-02,Cancelled by the passenger
24865,935,16721,2023-01-26,Success
45165,2070,34366,2022-05-20,Cancelled by the passenger
6030,1720,11965,2022-10-14,Success
6694,1010,31782,2022-12-02,Rejected by the driver
35245,1672,22582,2023-03-21,Success
8301,2234,16645,2022-06-28,Rejected by the driver
21762,1173,16537,2022-04-10,Success
57341,414,16184,2023-02-20,Success
22676,1652,6073,2022-05-01,Success
27883,2793,27602,2022-11-24,Success
41206,626,3699,2023-04-12,Rejected by the driver
7693,2646,34905,2022-04-07,Success
42464,736,19490,2022-03-25,Success
7599,2725,4231,2022-05-06,Cancelled by the passenger
22771,2380,30581,2023-02-19,Success
46952,1484,9345,2022-11-07,Success
26212,2318,10579,2023-01-18,Success
26813,2278,23313,2022-05-08,Success
50672,2407,33592,2022-09-18,Success
20009,2828,7210,2023-01-13,Rejected by the driver
30225,1309,4358,2022-08-13,Success
46597,1118,34368,2022-03-22,Rejected by the driver
23031,1211,23220,2022-06-19,Success
41580,2117,16711,2022-08-21,Rejected by the driver
41754,1740,38866,2023-03-25,Cancelled by the passenger
43063,2872,9485,2023-02-02,Success
36702,2344,1359,2022-04-09,Success
20940,1385,36023,2023-04-08,Success
32545,1908,20453,2022-10-16,Success
50602,1803,34526,2023-03-06,Rejected by the driver
15033,2738,34653,2022-08-02,Success
44806,2469,21397,2023-01-18,Rejected by the driver
52602,1261,28842,2022-08-30,Cancelled by the passenger
11613,2469,25060,2023-03-09,Cancelled by the passenger
30495,831,21244,2022-12-15,Success
31829,2349,26852,2023-03-15,Success
55417,980,34484,2022-08-27,Success
18762,1186,27263,2022-04-18,Success
5595,1767,19020,2022-04-22,Success
44069,491,859,2022-12-13,Success
10989,1560,14365,2022-11-28,Success
57970,1238,8031,2022-05-10,Success
51892,25,37380,2023-02-12,Cancelled by the passenger
28166,1355,14264,2023-02-09,Success
11046,2167,23642,2022-07-25,Success
32268,1443,25905,2022-06-22,Success
36426,2543,10895,2023-01-27,Success
17638,1366,13785,2022-10-31,Success
6927,1118,25289,2023-04-12,Success
47460,1595,38752,2022-10-01,Rejected by the driver
53437,1736,24733,2022-03-25,Rejected by the driver
30552,2229,36358,2022-12-06,Success
46625,418,32744,2022-11-06,Success
21460,2279,457,2022-12-12,Success
45635,688,19079,2023-02-24,Success
27136,2878,17528,2023-03-13,Rejected by the driver
40472,2288,28419,2022-12-04,Success
34889,2575,34268,2022-09-28,Success
36124,2681,30413,2022-07-30,Success
15012,761,35856,2022-11-06,Rejected by the driver
5073,2215,5181,2022-12-03,Rejected by the driver
53422,1933,14543,2022-11-28,Success
8836,2906,29461,2022-10-11,Success
45998,217,25168,2022-11-15,Success
14062,1178,10995,2023-02-22,Success
29886,1592,32795,2022-11-17,Success
14710,2976,33879,2023-04-14,Success
8782,1815,376,2022-03-12,Success
26114,588,35099,2022-04-12,Success
49039,1399,4057,2022-06-20,Success
44393,377,34738,2022-12-02,Success
22297,90,7077,2022-03-12,Cancelled by the passenger
31341,1035,8697,2022-10-01,Success
8177,1933,34067,2022-12-22,Rejected by the driver
32825,700,33554,2022-07-03,Success
12846,1532,23201,2022-12-04,Cancelled by the passenger
25987,1713,120,2022-10-20,Success
26478,61,26287,2022-07-10,Cancelled by the passenger
35798,2029,10623,2022-03-20,Success
24585,820,8117,2022-10-18,Success
44059,2056,10177,2022-12-09,Success
47565,1454,7257,2022-09-07,Cancelled by the passenger
5097,605,4880,2022-04-03,Success
15313,2316,18909,2023-04-11,Success
21356,1225,30208,2022-09-29,Success
28915,134,4669,2022-12-20,Success
58156,231,14208,2022-04-12,Success
12877,45,32288,2022-12-01,Success
15171,785,14793,2022-10-08,Success
73,480,22671,2022-05-27,Success
41127,2561,13526,2023-01-07,Success
44510,1006,32475,2023-02-13,Success
8992,2058,35233,2023-03-23,Success
18060,1056,1806,2023-01-01,Success
13781,1392,6309,2023-03-18,Rejected by the driver
23081,2117,28340,2023-04-10,Success
47556,2149,10632,2022-05-10,Success
58965,115,14433,2022-07-12,Cancelled by the passenger
33252,1953,31049,2022-12-07,Success
27986,1866,27595,2022-08-18,Success
57916,2592,19727,2023-03-02,Success
34025,979,33411,2022-08-29,Success
30800,2699,4123,2022-06-13,Success
41280,2822,16279,2023-03-01,Success
375,916,10308,2023-03-22,Success
56185,1601,38355,2023-02-23,Success
45298,572,30683,2022-11-06,Success
1630,2808,28466,2022-09-19,Success
27069,2742,38775,2022-06-25,Success
57948,2082,26924,2022-10-10,Success
58070,1256,27533,2022-08-20,Success
8709,2350,11521,2022-09-10,Success
53988,934,19430,2022-07-26,Rejected by the driver
23922,291,21379,2022-06-07,Success
698,2916,10995,2023-02-01,Success
50761,1292,8682,2023-02-11,Success
36416,1290,9844,2022-04-06,Success
22766,2062,4204,2022-12-23,Success
54452,2105,31742,2022-05-05,Success
17919,2403,18598,2022-07-28,Success
52176,2366,12225,2022-06-10,Success
24480,2889,9546,2023-03-17,Success
37217,221,14440,2022-11-26,Success
27549,23,8517,2022-03-27,Success
25906,62,11402,2023-03-28,Success
2506,819,16226,2022-09-26,Rejected by the driver
15484,2787,33696,2022-11-17,Success
6225,2632,5452,2022-06-28,Rejected by the driver
13451,2692,24320,2022-09-25,Rejected by the driver
4084,1638,9420,2022-11-26,Success
55183,1963,29474,2023-03-11,Cancelled by the passenger
3704,724,9816,2022-09-27,Rejected by the driver
49018,1319,35733,2022-12-18,Success
15411,572,33656,2023-01-31,Success
38053,1205,27061,2022-06-05,Success
19054,2749,31427,2023-03-10,Success
48183,301,38754,2023-03-21,Success
21975,863,26955,2022-12-16,Success
55202,819,5171,2022-12-22,Cancelled by the passenger
28026,1050,30970,2022-06-03,Success
310,2636,6527,2022-06-12,Success
44608,162,308,2022-10-22,Success
18845,1289,22357,2022-08-25,Success
35715,1664,2353,2022-07-22,Success
18432,567,9591,2022-05-13,Success
36726,2729,6169,2022-10-26,Success
50407,1380,8532,2022-05-31,Success
32390,1709,29299,2022-07-02,Success
21199,492,24990,2023-04-14,Rejected by the driver
25828,906,362,2023-03-30,Cancelled by the passenger
41977,1792,7564,2023-04-15,Success
20859,96,37096,2023-03-08,Success
46118,442,16484,2022-12-20,Success
10034,2924,36344,2023-03-04,Success
56339,1858,733,2022-08-26,Success
55947,2412,35290,2022-03-29,Success
38209,2775,21753,2022-08-01,Success
41099,875,29697,2022-06-15,Success
36461,1311,6899,2023-01-23,Success
27275,1956,13087,2022-10-17,Success
1551,761,2718,2023-03-01,Success
1073,2254,19430,2022-10-24,Success
58057,1800,2105,2023-03-20,Cancelled by the passenger
48560,2012,34630,2022-04-14,Success
33587,1143,28939,2022-10-28,Rejected by the driver
22748,612,11560,2022-08-26,Rejected by the driver
23609,634,2102,2023-03-30,Cancelled by the passenger
29305,1410,23128,2022-09-30,Rejected by the driver
49436,2718,3437,2023-02-06,Cancelled by the passenger
58853,2272,27717,2022-12-18,Cancelled by the passenger
54948,2426,20707,2022-10-20,Success
52869,1092,7337,2022-05-02,Rejected by the driver
8553,1179,20715,2022-05-09,Success
35131,2067,24633,2023-02-21,Success
24066,2929,23018,2022-08-13,Success
8096,884,29014,2022-09-01,Success
45755,1390,7874,2022-07-16,Rejected by the driver
24486,2472,18421,2023-01-16,Success
55782,65,25713,2022-05-26,Success
26073,985,33884,2022-09-03,Success
32635,2421,38335,2022-06-25,Success
44073,1728,30900,2022-08-10,Success
58806,2683,5873,2023-01-01,Success
38805,953,604,2023-04-03,Success
22791,2610,14523,2022-09-25,Success
38757,904,16199,2022-12-29,Rejected by the driver
49069,1026,10051,2022-07-11,Success
766,1472,37112,2022-09-08,Success
49657,2588,28917,2022-04-28,Success
22981,2948,35771,2022-09-08,Success
35298,682,6455,2022-11-22,Success
48819,2371,13278,2022-05-06,Success
29317,1815,3381,2022-10-18,Rejected by the driver
17704,1950,10363,2022-07-25,Success
55814,1809,3513,2022-05-23,Success
30998,502,19283,2023-01-21,Success
2099,1125,846,2022-04-24,Cancelled by the passenger
14320,2659,20622,2023-03-05,Success
38553,1940,6066,2022-11-06,Success
40224,533,26195,2022-07-04,Success
37424,1501,23318,2022-05-01,Cancelled by the passenger
38478,2513,23988,2022-04-23,Success
51308,1055,9114,2022-04-06,Cancelled by the passenger
8731,1651,21508,2022-12-03,Success
58507,2491,18461,2022-08-31,Success
28683,247,36364,2022-09-23,Rejected by the driver
54663,1973,32754,2023-02-24,Rejected by the driver
20417,199,10254,2023-03-20,Cancelled by the passenger
56872,620,15622,2023-02-09,Rejected by the driver
16788,2746,35165,2022-12-11,Cancelled by the passenger
25609,119,10169,2022-12-30,Success
14560,2023,22343,2022-08-11,Rejected by the driver
27714,1354,7794,2022-10-25,Success
42460,2136,12786,2022-05-07,Rejected by the driver
31333,2340,27450,2023-03-02,Success
53273,392,26661,2023-02-16,Cancelled by the passenger
18579,737,24814,2022-09-08,Success
22832,2424,13554,2023-03-01,Success
42986,783,17515,2022-10-31,Success
42429,575,38961,2023-02-18,Success
12762,1639,12981,2022-11-13,Rejected by the driver
6697,625,38944,2022-06-07,Rejected by the driver
28842,90,38830,2022-08-11,Success
48988,635,37404,2022-11-26,Cancelled by the passenger
2609,713,11045,2022-07-30,Success
51861,2969,3389,2022-09-17,Success
1346,1579,20815,2022-06-26,Success
38669,14,27500,2023-01-08,Rejected by the driver
11728,2843,11465,2022-09-14,Success
33505,379,4123,2022-08-02,Success
14638,1934,6357,2022-12-17,Rejected by the driver
20330,104,14654,2023-03-29,Cancelled by the passenger
39109,2301,21682,2022-10-05,Cancelled by the passenger
47446,2837,30802,2022-06-11,Success
42039,1532,38509,2023-03-31,Success
58295,649,23109,2022-09-17,Cancelled by the passenger
41390,925,26991,2022-06-03,Success
6204,222,39574,2022-10-20,Success
1992,896,34468,2022-07-04,Success
59386,2696,37170,2022-05-23,Cancelled by the passenger
27412,423,9996,2022-08-26,Success
21282,664,31211,2022-12-19,Success
46528,2447,15955,2023-04-14,Rejected by the driver
49030,972,18023,2022-05-24,Success
41866,1370,8409,2023-02-03,Success
14201,47,20062,2022-11-03,Success
53022,1232,18031,2022-05-16,Cancelled by the passenger
18824,773,25508,2022-06-10,Cancelled by the passenger
9696,1907,23214,2022-03-20,Success
49648,381,38223,2022-03-31,Success
2316,2340,36076,2022-05-01,Success
21612,1509,8753,2022-08-09,Success
46695,968,20033,2023-03-07,Rejected by the driver
26060,1750,20726,2022-03-12,Success
21403,307,3399,2022-08-19,Cancelled by the passenger
44032,2337,28802,2022-03-15,Rejected by the driver
4549,1703,2046,2023-04-13,Success
12756,148,917,2022-10-11,Rejected by the driver
57879,2352,17144,2022-03-14,Success
11198,1978,13329,2023-02-12,Success
32038,2941,17260,2022-08-25,Success
24540,2949,163,2022-07-22,Success
48362,2131,13403,2022-08-27,Success
32709,1269,32822,2022-12-05,Success
31855,1450,1115,2022-05-09,Success
40730,568,33701,2022-06-24,Success
36722,2446,5833,2022-09-21,Success
14958,2975,18429,2022-05-31,Success
8471,602,37042,2022-05-10,Cancelled by the passenger
14743,2977,29879,2022-10-06,Success
35321,2618,21847,2023-02-19,Rejected by the driver
28972,1035,9797,2022-09-19,Success
38056,2047,36515,2022-12-16,Success
53973,2958,22340,2022-06-14,Success
17630,1254,31268,2022-09-03,Rejected by the driver
5271,1193,4957,2023-03-29,Cancelled by the passenger
8034,1985,13072,2022-09-14,Rejected by the driver
33146,190,34084,2023-03-01,Success
39939,1252,389,2023-02-02,Success
37103,608,11741,2022-09-29,Success
49215,1327,30380,2022-10-05,Success
4997,324,4928,2023-01-22,Rejected by the driver
36765,486,26206,2023-03-25,Rejected by the driver
11908,1151,16758,2022-08-18,Success
56650,1672,32507,2023-03-31,Success
57579,1792,8006,2022-12-03,Rejected by the driver
34581,2790,31131,2022-07-04,Success
10013,1139,956,2022-06-24,Success
31504,540,31016,2023-04-02,Success
11628,2874,24362,2023-01-08,Success
32461,419,29159,2022-04-02,Cancelled by the passenger
56788,1144,23864,2023-01-07,Rejected by the driver
31906,1328,22140,2023-01-21,Success
28443,1524,36904,2022-10-20,Success
58516,1786,19005,2022-06-24,Cancelled by the passenger
2636,521,14997,2023-02-17,Success
13788,186,12077,2023-04-02,Rejected by the driver
3673,102,474,2023-02-13,Cancelled by the passenger
23498,752,28666,2022-08-01,Success
13587,1657,16939,2022-04-30,Rejected by the driver
2823,1412,24934,2022-07-04,Rejected by the driver
42347,2023,23932,2022-03-16,Cancelled by the passenger
40766,1876,18904,2022-09-01,Success
30146,2353,12045,2023-02-14,Success
9317,887,16598,2022-08-07,Success
13574,381,25126,2022-03-19,Success
12765,1855,20588,2022-06-19,Success
13468,1573,6801,2022-03-25,Success
9581,568,33528,2023-04-10,Success
339,830,17111,2022-09-10,Success
46496,1574,22350,2023-01-14,Success
10151,1061,30684,2022-11-01,Success
38677,1534,35730,2023-03-25,Success
24094,1647,14195,2023-02-12,Cancelled by the passenger
58063,1839,28672,2023-02-05,Success
45091,1166,20417,2023-02-15,Success
7117,1802,28891,2023-04-01,Rejected by the driver
19825,2681,14493,2022-04-02,Success
35500,1161,21958,2023-02-10,Success
49589,153,23503,2022-05-28,Success
19772,2118,20765,2023-02-17,Success
35595,882,16044,2022-09-12,Success
49482,2152,38260,2022-07-16,Success
5979,2367,34918,2023-01-07,Rejected by the driver
6427,74,13371,2022-05-08,Success
59135,645,23778,2022-03-12,Success
3935,1928,2272,2022-07-30,Success
46435,2467,37877,2022-08-10,Rejected by the driver
18866,445,25351,2022-07-14,Rejected by the driver
41056,1356,37977,2022-08-25,Cancelled by the passenger
52525,545,11921,2023-02-08,Cancelled by the passenger
50528,2281,14337,2022-11-05,Success
47664,1649,18263,2022-12-10,Success
45150,222,23447,2022-09-27,Success
14396,2914,1724,2022-06-28,Success
5445,1429,26431,2022-05-27,Success
17498,727,14585,2023-04-09,Success
9532,461,12856,2023-03-05,Success
20464,2251,5610,2022-05-21,Success
49203,1184,34117,2022-07-18,Success
51011,1584,19710,2022-10-28,Success
4778,240,39690,2022-12-30,Success
53294,1048,16973,2023-04-11,Cancelled by the passenger
35940,1945,18857,2023-01-09,Success
50976,1764,19229,2022-11-04,Success
54293,2382,17568,2023-02-03,Success
33281,930,29354,2023-01-24,Rejected by the driver
25842,355,738,2023-02-15,Success
17806,2453,39085,2022-08-15,Success
18716,1806,30126,2022-04-22,Success
13545,1297,25052,2022-09-12,Rejected by the driver
23919,614,2989,2022-07-04,Rejected by the driver
14988,2494,27986,2023-02-17,Success
30440,706,38912,2022-12-18,Success
50839,423,12125,2023-04-06,Success
4505,2419,22875,2022-10-06,Success
21988,688,10688,2022-08-17,Success
21899,391,24251,2022-11-14,Success
34246,123,11680,2022-03-27,Success
58115,1161,29907,2022-05-24,Success
55899,1166,6077,2022-08-12,Success
52069,815,17107,2023-02-19,Success
31583,1944,1768,2022-08-09,Success
12236,1318,2747,2022-10-29,Success
51734,2152,24558,2022-08-03,Success
52049,644,36389,2022-08-04,Rejected by the driver
24545,878,11107,2022-12-29,Success
31750,2046,548,2023-02-13,Success
2530,1049,21349,2022-11-18,Success
21544,569,34669,2022-07-01,Success
42742,1975,12563,2022-08-14,Success
172,1554,14536,2023-03-02,Cancelled by the passenger
14546,626,1,2023-01-13,Success
29115,2181,21606,2022-09-22,Success
12294,471,17845,2022-04-18,Rejected by the driver
4926,584,2922,2022-12-16,Success
20947,1218,39481,2023-04-05,Success
57762,2352,27357,2022-06-06,Success
178,1020,31233,2022-08-20,Cancelled by the passenger
51192,833,11879,2022-03-27,Success
22276,538,29593,2023-01-21,Success
1907,965,20238,2022-12-24,Success
46271,1002,10348,2022-12-04,Success
2217,403,4440,2022-05-24,Success
33127,840,27392,2022-05-17,Success
30256,444,2435,2022-09-12,Success
20018,543,27618,2022-11-24,Success
28189,34,5068,2023-03-02,Success
24578,2188,23829,2023-01-23,Success
247,2236,28215,2022-03-27,Success
9703,1733,5834,2023-03-30,Cancelled by the passenger
48938,1460,2300,2022-03-24,Rejected by the driver
31767,974,39248,2022-06-18,Success
11459,2571,15225,2022-06-18,Success
37249,2426,4723,2023-02-08,Success
29083,2840,6066,2022-04-26,Rejected by the driver
22296,399,7915,2022-04-02,Success
53709,9,7611,2023-03-12,Success
56678,2065,10130,2022-08-23,Success
23265,1974,26319,2022-07-07,Success
17489,1340,35714,2022-04-13,Rejected by the driver
54432,1337,27816,2022-06-25,Success
44189,2879,1475,2022-12-16,Success
55396,461,13706,2022-08-06,Cancelled by the passenger
46244,2292,19759,2022-07-21,Success
56792,1708,27251,2023-04-09,Success
49575,833,14979,2023-02-22,Success
18101,2015,16835,2022-05-07,Success
48024,1282,31797,2022-10-25,Cancelled by the passenger
59082,850,34885,2022-10-10,Success
36699,420,16789,2022-11-18,Rejected by the driver
23675,1346,10549,2022-09-24,Success
45764,815,35696,2022-12-31,Rejected by the driver
29855,1304,26294,2022-06-28,Rejected by the driver
46513,807,29737,2023-04-10,Success
13915,2163,13372,2022-10-27,Success
35912,1435,13133,2022-11-18,Rejected by the driver
44798,2858,22634,2023-02-06,Success
2080,2533,6309,2022-12-06,Success
7575,2285,36993,2023-02-26,Success
59715,2498,1484,2022-07-12,Success
31526,2157,38515,2022-07-28,Cancelled by the passenger
57303,2340,34881,2022-03-17,Success
47240,2983,24220,2022-12-25,Rejected by the driver
43297,947,34888,2022-09-06,Success
14541,2090,38582,2022-07-21,Success
35094,993,33111,2022-07-31,Success
41104,2929,20595,2023-01-12,Success
10787,2154,10116,2022-11-28,Rejected by the driver
11040,1376,14221,2022-11-21,Success
48394,1568,25113,2023-03-24,Success
35266,52,15981,2022-06-19,Success
37124,189,9485,2022-07-14,Success
11107,2148,13224,2022-05-18,Success
34904,2676,26984,2022-08-08,Cancelled by the passenger
56267,2578,6307,2022-06-02,Success
27910,2976,620,2023-03-05,Cancelled by the passenger
6765,2819,26039,2022-10-25,Success
18081,2042,16240,2023-04-08,Success
47422,485,39573,2023-04-10,Success
55141,2105,12429,2023-04-07,Success
15212,401,13500,2022-08-29,Success
8225,1587,11526,2022-06-25,Success
27604,285,23736,2022-05-17,Success
47015,2913,17453,2022-12-20,Success
34001,1566,38623,2023-01-10,Success
34065,1550,1474,2022-12-10,Success
54673,2442,20386,2022-11-20,Success
12519,2676,38563,2023-02-10,Success
57473,996,34006,2023-04-05,Success
13267,1574,15914,2023-01-07,Rejected by the driver
11687,1719,28200,2023-02-13,Success
18069,1122,11465,2023-02-06,Success
45570,2079,20936,2022-06-21,Success
21540,718,2595,2023-03-02,Success
32348,857,22223,2022-06-19,Rejected by the driver
14382,1744,23903,2022-10-25,Success
12934,1218,25234,2022-09-29,Success
42738,2659,38427,2023-03-28,Success
1773,2042,31214,2022-11-16,Success
34709,2596,39030,2022-12-03,Success
9739,2405,25023,2022-04-03,Success
22628,2769,11683,2022-09-15,Success
29701,1006,35032,2022-05-25,Success
56128,242,55,2023-02-01,Rejected by the driver
16508,72,14504,2022-09-25,Rejected by the driver
59815,937,38584,2023-04-06,Success
11930,2678,8302,2022-03-17,Success
8343,585,20374,2022-06-19,Cancelled by the passenger
59382,997,9074,2022-11-19,Success
37270,472,30106,2022-08-25,Success
18167,261,4096,2023-02-09,Success
45350,1289,4351,2023-02-01,Rejected by the driver
30229,1249,37950,2022-05-15,Success
48811,2996,27965,2022-11-02,Rejected by the driver
7119,2788,27764,2022-11-30,Success
10139,1729,34471,2023-03-11,Success
20265,1096,22968,2022-05-03,Cancelled by the passenger
48129,208,35781,2022-09-08,Success
3308,10,22414,2022-05-20,Success
19389,347,5150,2023-02-17,Success
41639,2245,29808,2022-08-04,Cancelled by the passenger
47961,1949,31910,2022-08-10,Success
50735,2099,1191,2023-03-16,Rejected by the driver
35635,567,10863,2022-05-02,Rejected by the driver
42089,2803,10308,2022-07-29,Success
1644,2897,36354,2023-04-12,Cancelled by the passenger
22092,1220,10508,2022-04-19,Success
3994,2615,28446,2022-04-25,Rejected by the driver
45968,2738,22940,2022-06-13,Success
12463,2462,5115,2022-11-16,Rejected by the driver
8311,2366,18360,2022-05-31,Success
29625,2382,30592,2022-08-06,Success
46927,2190,13517,2022-12-21,Success
46862,2228,4473,2022-07-13,Rejected by the driver
11701,1525,18380,2022-04-16,Success
50876,281,17937,2022-09-11,Success
54058,209,31691,2022-09-28,Rejected by the driver
44283,607,28019,2022-04-20,Success
24493,1256,36245,2022-07-18,Success
44439,2982,642,2022-10-25,Success
44358,1796,10106,2022-05-16,Success
38756,2074,1530,2022-11-08,Success
55559,1006,38111,2022-06-06,Cancelled by the passenger
57772,271,4341,2022-11-06,Cancelled by the passenger
11672,521,27835,2023-04-15,Success
59763,1327,19297,2023-04-05,Success
29677,232,12544,2023-01-18,Rejected by the driver
45345,943,39543,2022-07-24,Rejected by the driver
47095,1724,4200,2022-07-31,Success
39929,941,36754,2022-04-08,Rejected by the driver
22134,401,5292,2022-08-06,Success
18435,967,34902,2022-10-09,Cancelled by the passenger
50834,864,19356,2022-06-26,Cancelled by the passenger
12799,2532,18516,2023-03-24,Rejected by the driver
38171,1150,24636,2022-11-11,Success
45263,2933,33742,2022-07-17,Success
3979,386,10584,2023-02-05,Success
16891,135,39824,2022-09-10,Success
57365,1806,39524,2022-07-24,Success
13038,1673,29640,2023-03-01,Cancelled by the passenger
4535,2503,3502,2022-10-20,Success
3060,2945,33516,2022-04-27,Success
3238,2693,25210,2023-01-23,Success
19617,1635,5342,2022-06-25,Success
36848,2721,10366,2022-12-13,Success
14195,1651,1630,2023-02-02,Success
53203,1029,12622,2022-09-09,Success
13202,1563,23579,2022-09-15,Success
48688,1264,39503,2022-10-23,Success
52016,1291,8581,2023-04-04,Success
7152,914,21731,2022-04-08,Success
23911,2312,23389,2023-03-29,Success
31609,1284,1879,2022-03-15,Success
19370,2471,6341,2022-04-06,Success
30550,2084,3838,2022-07-31,Success
18135,2916,3814,2022-09-06,Success
31175,2101,4530,2023-01-14,Success
15123,2410,26618,2022-09-01,Success
22429,825,16532,2022-05-26,Rejected by the driver
21529,2232,15568,2022-06-16,Success
48907,268,21881,2022-05-14,Success
9442,2875,21161,2023-04-14,Success
48710,218,16291,2022-04-24,Success
8800,930,14775,2022-09-10,Success
47798,1565,31471,2022-08-08,Rejected by the driver
41876,1614,8537,2023-01-04,Success
55045,566,6186,2023-01-25,Rejected by the driver
22879,1342,1737,2023-01-04,Success
24461,1386,39824,2022-09-18,Rejected by the driver
26298,954,25965,2022-12-12,Success
53075,571,29569,2022-10-08,Success
37854,1916,932,2022-07-06,Success
923,2518,24219,2022-10-20,Success
47775,2919,7100,2022-05-25,Success
11119,901,27263,2022-04-10,Success
49605,1889,29023,2022-12-07,Rejected by the driver
29528,655,6441,2023-04-12,Success
26967,796,24798,2022-09-05,Rejected by the driver
57744,1741,12086,2022-07-11,Success
20027,647,26842,2023-03-01,Success
39047,280,36485,2023-01-19,Success
28598,2785,34984,2023-02-21,Success
44158,2237,20127,2022-09-25,Rejected by the driver
44908,1148,20488,2022-06-04,Success
28739,690,5000,2022-06-25,Success
29765,2894,34516,2023-01-23,Success
40830,326,27852,2022-10-03,Success
18842,1767,8797,2022-06-22,Success
46142,2418,29078,2023-03-04,Rejected by the driver
52291,390,38530,2022-12-10,Success
52846,2449,38279,2022-05-28,Success
6902,1292,31853,2022-07-22,Success
30855,1288,12566,2023-03-19,Cancelled by the passenger
16511,2560,21436,2022-05-04,Rejected by the driver
32435,1515,2615,2022-08-11,Success
41555,1002,31523,2023-03-04,Cancelled by the passenger
41732,1748,36003,2022-09-15,Success
17507,396,22788,2023-01-03,Success
33176,753,18542,2022-03-26,Cancelled by the passenger
14082,678,39056,2023-03-10,Rejected by the driver
8995,2706,27937,2023-03-16,Success
14549,2686,35720,2023-03-15,Rejected by the driver
5242,2801,27677,2022-07-06,Rejected by the driver
16990,2526,27068,2023-03-19,Success
13453,849,39668,2022-07-02,Success
45740,493,16163,2022-12-20,Success
13778,648,14009,2022-09-05,Rejected by the driver
58466,444,11580,2023-03-18,Success
40194,1434,30488,2022-09-07,Rejected by the driver
35703,411,1588,2022-04-01,Success
36227,2261,38795,2022-05-23,Rejected by the driver
24077,977,3303,2022-08-23,Success
43956,1409,13434,2022-09-21,Cancelled by the passenger
38080,1102,27084,2022-11-26,Rejected by the driver
23699,1532,21584,2022-09-09,Success
1654,824,8386,2023-03-22,Success
47155,1515,13187,2022-10-13,Success
8903,648,18902,2023-03-04,Success
20678,1852,23838,2022-09-29,Cancelled by the passenger
1185,1709,33390,2022-12-27,Success
2334,630,3115,2022-04-10,Success
842,1620,20105,2022-05-12,Success
8214,592,6322,2022-04-14,Success
50448,2457,24650,2022-03-31,Success
45633,1435,26375,2022-10-09,Success
57565,2013,12847,2022-08-01,Success
25093,2052,1556,2022-04-13,Success
12439,1578,26944,2022-10-01,Success
33407,2385,6398,2022-06-10,Success
31693,649,21881,2022-04-12,Cancelled by the passenger
45475,1703,10509,2022-06-24,Success
8236,1782,15512,2022-06-18,Success
14822,729,18880,2022-06-17,Success
5840,2439,26103,2022-10-16,Success
12283,1008,24766,2022-07-02,Success
20259,455,17765,2022-04-20,Success
53107,1786,36981,2022-12-12,Success
40883,881,27759,2023-03-28,Success
35175,1600,33185,2022-10-23,Rejected by the driver
47082,827,2579,2022-09-28,Success
19656,590,24761,2022-09-17,Success
31169,189,30055,2022-12-13,Success
35879,1720,36798,2023-01-25,Success
57611,2984,20450,2022-08-23,Success
55494,2379,39007,2022-05-10,Success
23277,1715,2997,2023-02-22,Success
18630,90,2029,2022-07-09,Success
21742,2676,19240,2022-08-01,Success
14020,1290,28542,2022-03-19,Success
18194,1419,18211,2022-11-19,Success
47600,2390,5986,2022-06-08,Success
49458,1256,5855,2022-04-03,Success
18152,1497,21459,2022-04-22,Success
31263,383,9474,2022-03-29,Cancelled by the passenger
28891,263,30257,2022-11-09,Success
54505,104,35910,2022-06-02,Rejected by the driver
40819,2613,16692,2022-05-26,Rejected by the driver
44383,174,9464,2022-10-10,Success
55652,551,1888,2022-04-06,Rejected by the driver
40804,2775,5023,2023-01-29,Success
34201,1802,14437,2023-01-07,Success
9582,1064,18642,2022-05-16,Rejected by the driver
10745,1995,15307,2022-12-04,Success
45202,771,30138,2023-02-18,Success
49162,803,264,2023-02-19,Success
33443,397,25121,2023-02-13,Rejected by the driver
50169,1289,1334,2022-08-10,Success
6963,427,36985,2022-04-05,Success
34339,1976,6826,2023-01-18,Cancelled by the passenger
29917,2070,23478,2023-03-29,Success
13683,1654,18702,2022-11-27,Success
34946,2635,20262,2023-03-20,Success
31434,337,25251,2023-04-12,Success
11318,827,19954,2023-03-29,Success
53231,178,25833,2023-01-26,Cancelled by the passenger
9872,933,22300,2022-12-28,Success
2791,1635,37547,2022-11-05,Cancelled by the passenger
18660,231,30668,2022-10-25,Rejected by the driver
44021,2125,19186,2022-11-16,Success
27519,425,29608,2022-10-31,Success
25772,444,6331,2022-12-15,Rejected by the driver
48480,2721,3323,2023-01-27,Rejected by the driver
33104,1028,20136,2022-12-09,Success
9682,1249,27458,2023-03-04,Success
43624,818,10255,2022-09-22,Rejected by the driver
15817,2906,3862,2023-03-20,Success
49128,2587,36322,2022-06-29,Success
15596,1913,17175,2022-11-06,Rejected by the driver
28576,2947,18471,2022-10-11,Cancelled by the passenger
56324,237,23808,2023-03-04,Success
7847,1662,17623,2022-10-22,Success
11262,1829,15821,2022-07-25,Success
14925,2254,23149,2022-04-23,Success
27132,1931,39977,2022-06-11,Success
10986,1637,32602,2022-08-17,Success
58818,2935,15616,2022-06-22,Success
27977,1558,23520,2023-02-21,Success
9418,2964,35121,2022-06-21,Success
40652,1557,21370,2023-01-11,Cancelled by the passenger
50699,2889,10060,2022-12-04,Success
13200,1531,39458,2022-12-24,Success
28321,1140,27382,2022-04-02,Success
17236,2947,35044,2022-07-09,Success
32663,1739,29455,2022-11-12,Success
32265,1752,27834,2022-03-28,Success
59370,2006,8326,2022-11-24,Success
51800,998,24563,2022-11-24,Success
45039,119,20880,2023-03-07,Success
41460,428,22564,2023-02-14,Success
58068,511,32345,2022-05-17,Success
10092,2608,4270,2022-12-02,Success
41710,2920,18611,2022-11-26,Success
10485,2052,35353,2022-08-15,Success
14942,986,13075,2023-03-22,Rejected by the driver
21143,2703,38474,2023-01-23,Success
38282,1658,26157,2022-10-28,Cancelled by the passenger
38727,90,11531,2022-08-09,Success
59668,2437,29547,2022-11-05,Success
37384,1811,27933,2022-10-21,Success
9184,1929,28703,2022-03-21,Success
841,2064,31524,2022-12-14,Success
31610,2129,22396,2023-03-22,Rejected by the driver
4749,1360,30154,2022-12-07,Success
51700,1951,28142,2022-05-10,Success
30908,2186,15417,2022-12-17,Rejected by the driver
37347,2268,17594,2022-04-07,Success
8618,237,38959,2023-02-19,Success
8529,1122,19097,2023-01-25,Cancelled by the passenger
50496,418,27802,2022-07-10,Success
14585,286,21190,2022-10-21,Success
15409,2703,10859,2023-01-29,Success
39936,2960,9762,2022-04-06,Cancelled by the passenger
24509,1501,18399,2023-01-08,Success
18286,1482,25625,2023-04-06,Success
34742,1956,31757,2023-03-17,Cancelled by the passenger
18613,2231,34668,2022-06-11,Success
17863,914,15903,2022-08-09,Success
41951,2243,6717,2022-11-10,Success
59684,457,4437,2023-03-09,Success
38422,2919,14973,2022-12-14,Success
14397,2689,22710,2023-03-01,Success
58423,740,1211,2023-04-13,Rejected by the driver
32851,1951,27008,2022-12-23,Success
6049,2294,2732,2023-01-16,Success
59560,377,7827,2023-02-18,Cancelled by the passenger
41243,1664,12944,2022-12-29,Success
17408,2807,13312,2022-03-23,Success
8852,1618,31799,2023-01-02,Success
15946,2725,37044,2022-11-30,Rejected by the driver
47257,395,26468,2022-05-10,Success
21333,66,31855,2022-09-11,Success
43239,2348,36882,2022-03-22,Success
1955,1307,5893,2022-12-06,Success
22507,81,544,2023-03-16,Rejected by the driver
36326,1917,22031,2022-11-10,Cancelled by the passenger
51795,2501,23316,2022-08-07,Success
57331,793,10780,2022-05-26,Success
35212,1005,11195,2023-04-14,Success
53976,2995,13248,2022-11-15,Success
42837,982,16370,2023-02-28,Success
1496,2143,33818,2023-01-18,Success
6366,2274,2115,2023-01-24,Success
59478,784,15713,2022-06-11,Success
5652,1541,16222,2022-04-23,Success
6238,99,37377,2022-10-02,Success
15134,2285,22127,2023-04-05,Success
29806,837,3182,2022-04-18,Success
19298,2490,29429,2022-03-13,Success
25206,423,37892,2023-03-08,Rejected by the driver
46526,1772,9280,2022-03-20,Success
277,247,20608,2023-02-27,Cancelled by the passenger
19399,167,2643,2022-07-17,Success
20694,2659,7956,2022-07-08,Success
53847,1362,17734,2023-01-27,Success
36589,72,34819,2022-08-23,Rejected by the driver
23616,1517,8110,2023-02-18,Success
24424,2044,25040,2023-01-12,Rejected by the driver
4470,1640,39644,2022-12-24,Success
55960,2806,5707,2022-11-24,Success
19111,285,25738,2023-01-16,Success
39757,1349,13432,2022-04-17,Cancelled by the passenger
35766,2722,1215,2022-09-05,Success
38590,2555,25257,2022-03-16,Success
24708,1649,5443,2022-10-20,Success
12794,2500,7200,2022-08-30,Success
41397,568,9290,2022-05-20,Success
47270,2929,2494,2022-04-16,Success
7495,2672,17976,2022-03-25,Success
47923,662,18788,2022-12-21,Cancelled by the passenger
59336,320,3643,2022-12-25,Success
29597,1738,11186,2022-11-10,Success
43599,1762,35367,2023-03-15,Success
35828,2345,31443,2023-04-03,Cancelled by the passenger
42289,2526,13568,2022-09-16,Success
43290,2437,18188,2022-06-12,Success
33669,2001,2066,2023-03-10,Success
25195,2390,5031,2022-06-04,Success
48765,1594,3623,2022-09-07,Success
31590,840,3221,2022-08-03,Success
15934,176,19564,2022-07-10,Success
40114,552,12468,2023-03-18,Rejected by the driver
14721,2549,11475,2022-05-14,Success
27690,607,20566,2022-07-10,Rejected by the driver
4075,2409,18044,2022-10-04,Cancelled by the passenger
56044,997,35467,2022-05-31,Success
3951,307,1628,2023-01-22,Success
7745,2605,95,2022-09-26,Success
8025,150,18968,2023-01-01,Success
58302,854,24782,2022-04-10,Rejected by the driver
16084,2715,32394,2023-01-15,Success
34368,1173,3021,2022-05-09,Rejected by the driver
42436,2894,12478,2023-03-07,Success
18951,2145,17013,2022-08-10,Cancelled by the passenger
24598,46,35184,2022-09-24,Success
40612,1621,34703,2023-01-07,Success
17353,199,10596,2022-04-26,Cancelled by the passenger
11227,897,33842,2022-10-20,Rejected by the driver
41697,2977,26189,2023-02-23,Cancelled by the passenger
17120,1641,16520,2022-10-21,Success
24922,2923,6937,2022-06-19,Success
5103,223,20142,2022-11-21,Success
11631,402,295,2022-03-29,Success
25121,2629,3851,2022-06-01,Success
2606,2488,18157,2022-05-18,Rejected by the driver
29354,1821,32338,2022-08-01,Success
35387,1539,15833,2022-08-22,Success
28866,682,29399,2022-06-03,Success
50308,125,7006,2022-10-30,Success
27798,2486,17874,2023-03-28,Success
24447,391,17698,2023-03-30,Cancelled by the passenger
9615,614,23388,2023-03-13,Success
23296,2163,3524,2023-01-08,Success
20977,2284,4685,2022-09-19,Success
32974,759,30372,2022-09-17,Rejected by the driver
7136,1191,34886,2022-06-02,Success
29437,714,19742,2022-10-18,Success
12003,2873,9008,2022-11-24,Cancelled by the passenger
59735,854,17109,2022-08-21,Success
30788,1979,5651,2022-05-16,Success
16999,2753,15536,2022-06-01,Success
38948,2920,28249,2022-10-15,Success
58675,1426,37137,2022-11-23,Cancelled by the passenger
36021,743,30725,2022-04-24,Success
8579,1542,35903,2022-05-29,Success
32514,251,21571,2022-06-19,Success
54186,1129,34183,2022-05-08,Success
4948,1070,31315,2022-10-30,Success
23304,2519,6759,2022-10-13,Success
58691,1460,12423,2023-03-16,Cancelled by the passenger
12263,487,36268,2023-04-12,Success
18912,1330,1825,2022-04-04,Cancelled by the passenger
30589,622,22864,2022-06-19,Cancelled by the passenger
16786,64,7998,2023-02-10,Success
56210,1243,29720,2022-10-02,Cancelled by the passenger
53978,3,38039,2022-05-23,Cancelled by the passenger
18588,316,15823,2023-01-03,Success
25066,2002,1911,2022-09-15,Success
41226,2754,38341,2023-02-11,Rejected by the driver
30318,1765,23330,2022-03-19,Success
8614,2817,2791,2022-11-04,Success
18537,2456,36369,2023-03-20,Rejected by the driver
50369,644,34353,2022-08-02,Success
53303,690,5328,2022-06-12,Rejected by the driver
10352,50,15555,2022-08-30,Cancelled by the passenger
24302,275,28906,2022-09-09,Success
22584,330,35375,2023-01-02,Success
12497,551,3554,2022-05-13,Cancelled by the passenger
5370,2191,34849,2022-03-13,Success
1111,2397,26905,2023-02-04,Success
11469,805,14677,2022-06-30,Success
2953,2847,28589,2022-11-01,Success
27407,1132,26960,2022-08-09,Success
6202,539,18541,2022-10-18,Success
6330,350,3720,2022-08-22,Success
58653,1654,30042,2022-07-17,Success
1667,1155,22226,2022-09-08,Success
30057,1439,8447,2022-05-15,Success
57500,1002,26089,2023-03-22,Rejected by the driver
57338,2291,10441,2022-05-20,Success
18886,1139,34117,2022-05-10,Success
16250,1487,28625,2023-01-31,Success
41519,1917,9378,2022-09-24,Rejected by the driver
31400,678,39443,2023-04-05,Success
14918,1370,13760,2023-04-02,Success
23547,818,30436,2023-02-21,Success
26410,228,34219,2022-09-13,Success
31431,2719,26357,2022-06-18,Success
32434,2757,6633,2023-04-02,Success
3775,794,18395,2022-10-21,Success
11067,2643,2407,2022-06-05,Success
50322,2178,14413,2022-05-07,Success
47139,2544,26805,2022-11-26,Success
14961,2965,39631,2022-05-27,Success
29265,787,38839,2023-01-06,Cancelled by the passenger
48101,2619,32496,2022-06-27,Success
45551,2182,22621,2022-05-29,Success
8976,2389,2486,2022-12-29,Success
4708,1218,3311,2022-08-06,Success
1656,1581,3797,2022-12-28,Rejected by the driver
3445,2951,34669,2022-09-07,Success
47316,1288,8947,2023-03-01,Cancelled by the passenger
6683,735,37139,2022-05-10,Rejected by the driver
40311,1249,6073,2022-10-06,Success
54298,2484,39021,2022-08-24,Success
3862,2669,9190,2023-04-09,Success
8436,518,14115,2022-10-20,Success
59917,2963,25039,2022-09-08,Success
55416,61,2334,2022-08-19,Rejected by the driver
24143,2189,36723,2022-12-13,Success
30479,2099,38619,2023-03-03,Success
26036,1194,39230,2023-03-28,Success
51618,1255,10691,2023-03-02,Success
14440,1352,134,2023-03-31,Success
50062,133,36592,2022-05-23,Cancelled by the passenger
2698,2044,22526,2022-12-12,Cancelled by the passenger
27809,708,23041,2022-10-15,Success
39606,2771,3473,2022-12-24,Success
14040,2085,13823,2022-10-02,Success
19419,993,29963,2022-03-17,Rejected by the driver
59863,404,23647,2023-03-05,Success
56035,160,9853,2022-03-18,Success
19817,75,677,2022-07-20,Success
9114,2001,31392,2022-05-13,Success
48353,21,12795,2022-07-30,Rejected by the driver
5597,2132,9946,2022-09-14,Success
14293,2303,15171,2022-03-30,Success
13039,2872,18619,2022-05-30,Success
29098,733,25955,2022-11-24,Rejected by the driver
54482,1276,36725,2023-02-18,Cancelled by the passenger
24181,52,1404,2023-03-16,Success
41788,77,6233,2022-10-19,Success
30534,799,38490,2022-03-21,Success
57200,2795,23043,2022-09-27,Cancelled by the passenger
10820,2190,33733,2022-06-03,Cancelled by the passenger
10814,897,9837,2022-06-10,Success
13649,2337,21420,2022-11-15,Success
4492,1817,4286,2022-04-05,Success
4623,981,16245,2022-04-13,Success
14648,531,1496,2022-09-01,Success
19013,1641,38883,2022-08-20,Cancelled by the passenger
55743,1419,2288,2022-07-21,Cancelled by the passenger
16158,2897,1871,2022-06-07,Success
38915,2205,6582,2022-10-11,Success
12018,2288,38967,2023-01-25,Success
7040,859,31290,2022-11-28,Success
11556,784,758,2023-02-22,Success
39944,818,2790,2022-08-01,Success
30192,2214,21054,2022-10-12,Success
31728,917,13957,2022-09-22,Success
37027,647,36630,2022-12-26,Success
17342,1860,35121,2022-10-11,Cancelled by the passenger
22646,1831,6687,2022-07-25,Rejected by the driver
51869,1912,6752,2023-03-30,Success
35981,2902,27058,2023-02-04,Success
3705,1858,27287,2022-11-29,Success
55387,1643,37733,2022-08-22,Success
44641,1671,2013,2022-07-11,Success
48180,1151,26630,2022-04-29,Success
34231,2724,36747,2022-03-18,Success
58452,760,17934,2022-03-15,Success
41480,1448,5126,2022-10-27,Success
56528,396,22152,2023-04-08,Success
12167,2487,23540,2023-04-02,Success
32482,2531,17073,2022-11-15,Success
27,1306,20482,2022-12-09,Success
12045,2488,27104,2022-11-10,Success
40643,2547,15856,2022-10-18,Success
29752,2512,19295,2022-06-25,Cancelled by the passenger
48137,2146,3917,2022-05-14,Rejected by the driver
16966,264,34508,2022-03-20,Cancelled by the passenger
27263,1779,7448,2022-03-13,Cancelled by the passenger
4910,2119,12198,2023-04-11,Success
45154,1808,16303,2022-05-04,Success
54092,669,14864,2022-10-07,Cancelled by the passenger
21221,2314,9037,2022-11-26,Success
28919,2816,12254,2022-05-07,Rejected by the driver
25413,2703,10020,2022-12-04,Success
42033,1565,24880,2022-06-18,Success
2940,928,37595,2022-10-12,Success
41819,1344,8583,2022-11-27,Success
26766,312,6706,2022-04-20,Success
26053,1618,27302,2022-05-13,Rejected by the driver
2571,1997,17338,2022-11-07,Success
36511,1480,7829,2023-02-22,Success
1925,900,8306,2022-09-10,Success
29986,1312,33315,2022-11-23,Success
18920,1934,3241,2022-08-18,Success
10655,456,14357,2022-08-22,Rejected by the driver
34991,1159,30549,2022-08-21,Success
21906,2397,34312,2022-11-03,Rejected by the driver
30725,230,33100,2022-07-15,Success
48444,2838,30562,2023-02-06,Rejected by the driver
46349,658,274,2023-01-05,Cancelled by the passenger
49314,2326,32893,2023-01-11,Cancelled by the passenger
2449,67,9070,2022-04-03,Cancelled by the passenger
46219,839,28504,2022-09-22,Success
21556,44,31499,2022-06-03,Success
11867,2765,14235,2022-12-24,Success
25911,2988,34694,2023-01-09,Success
42532,2782,33010,2023-01-06,Cancelled by the passenger
19199,2628,36878,2022-08-02,Success
39719,1791,21763,2023-04-10,Success
56266,1390,1039,2022-04-17,Cancelled by the passenger
31396,95,24562,2023-02-01,Success
59277,2263,35651,2022-03-14,Success
25574,94,8076,2022-05-22,Cancelled by the passenger
50585,1742,32971,2022-04-11,Rejected by the driver
22113,863,1300,2022-03-18,Cancelled by the passenger
45280,2426,27363,2022-03-13,Cancelled by the passenger
16575,1522,33290,2022-07-16,Success
29549,1274,37656,2023-03-28,Success
25219,698,39268,2022-11-10,Cancelled by the passenger
29833,1281,25146,2022-06-28,Success
15322,1361,24031,2022-06-02,Success
876,456,36015,2022-08-08,Success
54027,1454,14720,2022-03-13,Success
21341,1117,856,2023-03-11,Success
40775,113,11156,2022-04-13,Success
22085,2492,16460,2022-06-09,Success
53110,2868,2176,2022-03-13,Success
50418,572,16631,2023-03-16,Cancelled by the passenger
56104,50,15190,2022-04-14,Rejected by the driver
17104,1483,24110,2022-12-24,Success
41312,584,37201,2022-09-07,Rejected by the driver
43058,1388,25206,2022-03-24,Rejected by the driver
54820,1388,9122,2022-04-25,Success
1271,2577,5194,2022-04-14,Success
14889,2215,37900,2022-08-04,Rejected by the driver
48724,2997,19988,2022-11-07,Success
27673,847,23409,2023-03-06,Rejected by the driver
28895,589,8263,2022-08-16,Cancelled by the passenger
18933,551,23637,2022-09-23,Success
35765,2683,25054,2022-08-23,Success
27808,1316,18353,2022-09-08,Rejected by the driver
41465,882,9684,2022-04-15,Rejected by the driver
20474,2624,35430,2023-03-30,Success
40092,2716,32390,2023-02-21,Success
58065,2577,9106,2022-12-07,Cancelled by the passenger
50252,2788,13552,2022-07-10,Rejected by the driver
53190,2138,25285,2023-03-19,Rejected by the driver
2276,1138,35311,2022-08-25,Rejected by the driver
35046,1294,25568,2023-04-01,Success
21283,1907,20023,2022-09-22,Success
51586,17,4384,2022-08-05,Cancelled by the passenger
33862,248,25966,2022-06-13,Rejected by the driver
45891,1692,38946,2022-08-23,Rejected by the driver
15676,2861,22734,2022-08-19,Rejected by the driver
20481,1793,16746,2022-08-20,Success
29417,1437,9773,2022-07-12,Rejected by the driver
48232,2431,15219,2023-02-12,Success
30940,949,14492,2022-07-28,Success
10210,2387,39519,2022-07-28,Success
1916,2846,35332,2023-01-21,Success
3583,344,34289,2022-04-21,Success
19884,27,20628,2022-03-20,Rejected by the driver
40093,2662,8383,2022-10-11,Success
21418,601,890,2022-08-13,Success
46524,367,28167,2022-07-19,Success
15157,1969,23333,2023-03-27,Success
5936,1136,29345,2023-01-07,Success
58916,654,19786,2022-05-20,Success
20540,1989,30967,2023-01-18,Success
2058,93,3419,2023-02-18,Success
45054,1665,4328,2022-04-29,Success
6333,1326,34279,2022-06-22,Success
57683,2414,39307,2022-08-31,Success
49928,102,23563,2022-10-24,Cancelled by the passenger
5438,2550,34600,2022-06-21,Success
40438,2781,21910,2022-06-06,Success
35838,1049,29063,2022-03-26,Success
29577,695,28386,2022-06-22,Success
22772,1939,29121,2022-10-13,Success
43154,1125,11595,2023-01-25,Success
40142,1013,10588,2022-07-10,Success
15982,971,19889,2022-11-14,Rejected by the driver
27200,193,36330,2023-03-16,Success
51993,1640,7520,2022-09-03,Success
40323,2903,24815,2022-12-03,Rejected by the driver
59971,120,9916,2022-08-11,Success
40381,943,26105,2022-03-14,Success
21332,449,36817,2022-09-05,Success
48363,101,16540,2023-01-28,Success
53014,1347,14009,2023-04-03,Success
49526,1449,683,2022-05-23,Success
55197,153,12219,2022-07-18,Rejected by the driver
27005,918,27187,2023-02-24,Success
12380,2792,20705,2022-07-29,Success
47788,375,19975,2022-05-09,Success
51728,354,25454,2023-02-16,Success
5336,1938,19305,2022-05-10,Success
46272,2342,10044,2022-09-27,Success
52080,728,7064,2022-09-12,Success
33087,2858,27217,2022-09-10,Success
8878,904,27591,2023-03-04,Success
57934,789,17873,2022-09-06,Cancelled by the passenger
44243,1277,32623,2022-07-08,Success
12940,1845,22789,2022-11-30,Success
1599,698,4547,2023-04-12,Success
15399,2759,7384,2022-08-22,Rejected by the driver
34446,2130,26897,2022-10-02,Success
48557,2095,29288,2022-09-20,Success
45987,1498,31792,2022-08-28,Cancelled by the passenger
59839,807,8182,2023-03-02,Success
4132,434,24630,2023-02-19,Success
12396,571,38580,2022-04-15,Success
51232,1539,2369,2023-01-08,Success
1601,1340,34249,2022-05-06,Success
8292,2711,26277,2022-03-22,Success
22305,2195,30604,2023-01-27,Success
6354,801,23306,2022-11-10,Rejected by the driver
53340,1285,21415,2022-09-30,Success
55864,1779,33873,2023-01-29,Success
59159,786,5427,2022-10-20,Success
58127,1496,3028,2022-04-23,Success
18157,2891,5322,2023-01-13,Success
29883,2331,5053,2022-11-30,Success
25193,402,28968,2022-06-05,Success
57309,2023,30998,2022-10-23,Success
8897,1609,19184,2022-06-12,Success
5182,2944,27377,2022-09-27,Success
52743,2997,15822,2022-12-10,Success
455,2531,7343,2022-09-27,Success
1177,2401,23763,2022-06-12,Success
11576,2616,39438,2022-10-26,Rejected by the driver
40335,1694,569,2022-11-11,Success
7627,1037,25096,2022-06-23,Success
5754,2275,28238,2022-06-19,Success
10444,1985,11337,2022-09-11,Rejected by the driver
56385,416,4583,2022-09-06,Success
38387,2579,32836,2023-03-08,Success
58408,1016,1942,2022-03-14,Success
52099,1855,24238,2022-11-08,Success
38588,2016,5626,2022-11-03,Cancelled by the passenger
11424,584,10981,2022-10-15,Success
24234,1211,23759,2022-04-28,Rejected by the driver
4465,1054,16301,2023-03-17,Success
2390,271,26578,2023-03-06,Success
47184,1461,24730,2023-02-21,Success
23312,589,1960,2022-12-20,Success
34882,1587,25141,2022-09-19,Success
38767,598,20510,2022-10-03,Success
21359,2748,17297,2022-12-17,Cancelled by the passenger
3439,1943,39474,2022-03-12,Rejected by the driver
44853,2309,529,2022-11-02,Success
40747,931,37313,2023-04-10,Cancelled by the passenger
27038,1149,13994,2022-12-13,Success
43752,378,26149,2022-05-31,Cancelled by the passenger
41546,30,26675,2022-04-27,Cancelled by the passenger
55354,2430,27832,2022-11-23,Cancelled by the passenger
28294,307,30682,2022-11-16,Rejected by the driver
24573,1530,34413,2022-04-12,Rejected by the driver
23580,1300,38548,2022-08-13,Success
31023,2426,29673,2022-07-26,Cancelled by the passenger
28079,2023,25027,2023-03-07,Success
11285,2059,21436,2022-07-16,Success
25763,60,35091,2022-07-31,Success
212,2381,14415,2022-10-16,Success
12595,578,23363,2022-05-25,Success
29368,396,16973,2022-08-25,Rejected by the driver
10225,1345,13748,2022-08-23,Success
1756,1556,27533,2022-06-24,Rejected by the driver
57717,576,24511,2022-12-29,Success
38087,265,6356,2022-08-24,Success
11463,397,3001,2022-09-30,Success
29109,984,8696,2023-03-13,Success
38490,880,8031,2023-01-13,Success
36850,2106,5979,2022-11-15,Success
43158,386,15894,2022-11-05,Success
8121,872,5645,2022-03-16,Success
43308,1732,11754,2023-02-05,Success
35691,1892,14195,2022-09-06,Success
22919,1556,13617,2023-01-01,Success
40801,468,11748,2022-09-06,Success
3369,787,7929,2022-10-18,Rejected by the driver
37212,2535,30097,2022-04-30,Rejected by the driver
31740,2625,22545,2022-08-23,Success
55679,513,11568,2022-10-15,Success
59076,2902,4858,2023-01-23,Rejected by the driver
45393,782,25921,2022-07-28,Success
13101,822,24252,2022-04-09,Success
366,1730,34007,2023-02-21,Rejected by the driver
15815,1073,10921,2022-03-17,Success
4702,1407,3907,2022-09-29,Success
32091,2587,26580,2022-11-25,Success
8564,2277,20399,2023-04-08,Success
23102,752,24653,2022-07-04,Success
4124,2561,22485,2023-03-19,Success
30623,217,37012,2022-06-21,Cancelled by the passenger
50534,2721,2150,2022-10-21,Rejected by the driver
18329,1196,28129,2022-07-03,Success
260,886,25847,2022-11-01,Success
10066,2495,2644,2023-03-03,Success
1469,493,33583,2022-06-02,Success
29113,2113,21114,2022-06-21,Success
27339,2350,10558,2023-02-07,Success
53252,2369,24335,2022-05-31,Rejected by the driver
42646,1103,21109,2022-06-01,Success
5316,1881,23030,2022-07-21,Success
9446,883,16603,2022-07-23,Cancelled by the passenger
59310,641,7422,2022-09-11,Success
52587,583,27842,2023-02-18,Cancelled by the passenger
23480,109,20001,2022-12-30,Success
2402,990,8551,2022-06-17,Success
11192,1376,30363,2022-05-10,Rejected by the driver
20008,944,11492,2022-12-16,Success
6084,1628,39202,2022-09-19,Success
39794,754,2091,2023-03-09,Success
33322,1920,2837,2022-04-09,Success
50640,47,10013,2022-07-02,Success
46382,1472,39334,2022-10-24,Success
37524,217,36197,2022-08-06,Success
46101,758,38363,2022-05-11,Success
51310,1752,28428,2023-04-13,Success
39280,2284,24999,2022-06-15,Success
19090,2580,4634,2022-04-13,Success
13677,2104,18645,2023-03-25,Rejected by the driver
38312,2975,38326,2023-01-09,Success
6276,960,29041,2022-05-29,Rejected by the driver
41850,1282,24543,2022-08-26,Success
13269,885,8480,2022-06-14,Success
22515,954,33910,2022-11-07,Success
2581,1771,3682,2022-11-21,Cancelled by the passenger
59789,1719,36856,2023-01-07,Rejected by the driver
45250,1212,15259,2022-12-26,Success
23157,208,31643,2022-05-04,Success
1349,2947,29704,2022-06-14,Rejected by the driver
59391,934,1086,2022-09-02,Rejected by the driver
22642,832,10913,2022-07-29,Rejected by the driver
24621,2666,30246,2022-08-12,Cancelled by the passenger
36034,2279,20527,2022-11-03,Rejected by the driver
39586,1573,35073,2022-06-12,Success
44569,2192,11128,2023-02-02,Success
42311,283,20097,2022-11-22,Success
17984,1607,33236,2022-06-28,Cancelled by the passenger
7628,780,33770,2022-06-11,Rejected by the driver
39631,2879,4506,2022-05-12,Rejected by the driver
9181,1428,17182,2022-12-06,Rejected by the driver
51608,1747,5472,2022-06-04,Success
34365,1876,23403,2022-11-04,Rejected by the driver
40973,2412,17861,2023-03-17,Rejected by the driver
59141,2864,39993,2022-09-21,Success
13644,2307,30953,2023-03-07,Success
34955,1668,7483,2022-04-22,Success
54099,686,11101,2022-05-03,Success
49110,2434,14975,2022-03-18,Rejected by the driver
59635,1779,14680,2022-11-21,Success
36712,2316,689,2022-12-22,Success
31247,1201,29631,2022-07-03,Success
25432,841,2658,2022-11-28,Success
17783,2729,22687,2023-03-16,Success
24463,2416,21362,2022-04-05,Success
48267,2052,1270,2022-08-21,Success
15066,781,36027,2023-03-27,Success
28023,1883,36249,2022-08-16,Success
44319,780,10127,2022-07-24,Success
40731,2087,33585,2023-01-18,Success
11140,70,13484,2022-05-20,Rejected by the driver
3217,670,3429,2022-11-15,Success
24972,2135,14579,2022-05-25,Rejected by the driver
12540,863,33232,2022-09-25,Success
9820,1102,31714,2022-12-19,Cancelled by the passenger
33397,1716,2182,2022-11-23,Success
3830,1322,20048,2022-11-09,Success
5263,1567,30590,2022-03-19,Success
52547,2651,37414,2022-09-26,Success
48544,1467,31497,2022-12-06,Cancelled by the passenger
18300,2134,15200,2022-10-31,Success
54949,2947,21031,2023-03-30,Rejected by the driver
32721,1158,28651,2022-05-04,Success
16980,1215,942,2023-02-27,Success
22020,2129,4826,2022-07-18,Success
24926,1557,11762,2023-04-11,Success
5311,1003,30579,2022-10-01,Success
58640,2377,12544,2022-04-29,Success
29991,1096,39489,2022-10-23,Success
5074,2870,1275,2022-10-07,Cancelled by the passenger
54701,2178,15860,2022-09-20,Rejected by the driver
47620,1958,16270,2022-10-25,Success
53713,1936,27363,2022-10-21,Cancelled by the passenger
41213,2921,33733,2022-11-16,Success
24411,1763,23874,2023-01-02,Success
17585,240,11605,2022-08-12,Success
2504,902,30789,2022-07-13,Success
28687,2112,27327,2022-04-01,Cancelled by the passenger
13922,1377,3171,2023-01-11,Success
59408,1401,27197,2022-10-11,Success
16982,2142,16160,2022-04-08,Success
23365,1593,31395,2022-04-03,Success
21202,2911,26992,2023-01-10,Success
45057,2391,37538,2023-03-09,Rejected by the driver
14849,259,38129,2022-12-28,Success
36311,532,25878,2022-04-21,Success
35443,949,36801,2023-01-26,Success
8600,2321,32054,2022-07-06,Success
12588,2682,16237,2022-05-16,Success
28388,856,18352,2022-11-17,Success
47627,2849,26491,2022-08-22,Rejected by the driver
57138,1602,22986,2023-03-23,Cancelled by the passenger
23748,1737,2631,2022-08-28,Success
14372,2901,1093,2022-10-29,Success
52654,2772,24903,2022-08-10,Success
1140,1927,9231,2022-08-23,Success
17118,2811,25117,2022-06-30,Rejected by the driver
58846,1554,6109,2023-02-08,Cancelled by the passenger
34332,2530,4098,2023-02-14,Success
40786,1453,36855,2022-09-09,Success
14561,2407,36667,2022-10-03,Success
38014,1296,27839,2022-12-31,Success
14696,240,12101,2022-06-29,Cancelled by the passenger
16515,2937,39739,2022-10-26,Cancelled by the passenger
24381,1658,16460,2022-06-30,Success
57204,1322,7535,2023-02-04,Success
50741,2817,27042,2023-02-03,Cancelled by the passenger
35809,2872,32820,2022-10-12,Rejected by the driver
10961,525,5237,2023-02-27,Success
9633,1559,37114,2022-05-20,Success
57218,477,20019,2023-03-13,Success
48360,30,27434,2022-11-13,Cancelled by the passenger
56294,2183,2220,2022-04-12,Success
59802,1900,21289,2022-04-02,Cancelled by the passenger
54846,1897,865,2022-08-18,Success
38307,2140,29666,2022-06-02,Success
15326,2967,19227,2022-07-04,Rejected by the driver
18172,1778,23234,2022-11-07,Success
47321,2602,17993,2022-11-15,Success
4227,63,23545,2022-12-05,Success
22649,718,29102,2022-04-05,Success
34573,24,7318,2023-02-05,Rejected by the driver
29462,2300,17602,2022-10-20,Success
15428,2357,22476,2022-08-04,Success
57173,2919,27944,2022-03-13,Success
56503,2846,21454,2022-06-02,Success
5633,622,15077,2022-03-13,Rejected by the driver
7406,2992,36433,2023-04-06,Success
44518,2398,4476,2022-11-10,Success
28174,1428,13526,2022-10-13,Rejected by the driver
35745,883,8259,2022-11-25,Success
24071,2094,3874,2022-07-21,Rejected by the driver
40412,23,2493,2022-07-18,Cancelled by the passenger
5951,2037,26760,2023-01-27,Success
29209,2690,20532,2022-05-02,Success
46373,2696,14737,2022-08-24,Success
47363,512,29891,2023-01-26,Cancelled by the passenger
15252,603,4026,2022-07-24,Success
44665,1396,20605,2022-12-23,Success
41273,227,27719,2022-04-10,Cancelled by the passenger
40647,612,22639,2022-12-04,Success
36028,2429,36417,2023-01-14,Success
20635,1952,20661,2022-07-26,Cancelled by the passenger
3987,2277,33644,2022-05-05,Success
24254,1714,11020,2022-06-12,Success
55963,1470,13405,2022-12-25,Cancelled by the passenger
8045,365,25761,2022-08-14,Success
30802,2165,3664,2022-10-17,Success
32878,7,26233,2022-10-01,Success
50610,1053,14424,2022-12-23,Success
29823,2402,5873,2023-04-03,Success
50244,306,13388,2022-08-03,Success
14831,56,35511,2023-04-09,Cancelled by the passenger
55846,2132,35942,2022-03-13,Success
41874,34,25728,2022-05-18,Success
47908,580,30338,2023-04-14,Rejected by the driver
41498,1418,26568,2022-07-05,Success
13881,132,15291,2023-02-14,Success
53673,2970,29054,2022-11-10,Rejected by the driver
43156,2131,2238,2022-03-26,Success
17327,467,21067,2022-05-02,Success
34124,2164,8088,2022-08-20,Success
59102,2954,29045,2022-05-31,Success
25720,1327,26459,2023-03-22,Success
40627,586,25041,2022-11-11,Rejected by the driver
57797,32,28124,2022-11-01,Success
7563,411,2402,2022-12-27,Cancelled by the passenger
39123,603,6023,2022-10-27,Rejected by the driver
16491,727,5041,2022-06-08,Rejected by the driver
40800,1869,2871,2022-09-26,Success
36870,296,17156,2022-07-10,Success
52520,1523,28256,2022-07-14,Success
28888,675,13606,2022-05-11,Success
32890,2853,21969,2023-03-03,Success
40576,114,22732,2022-09-20,Success
7455,1801,31621,2022-11-07,Cancelled by the passenger
41446,510,14860,2022-08-19,Success
6112,2473,2294,2022-04-14,Success
49165,163,38675,2022-04-08,Success
4815,1023,25014,2022-04-22,Success
19730,2102,19321,2023-02-16,Success
7900,1865,34277,2022-12-25,Success
52495,1120,10754,2022-12-30,Success
33217,658,35433,2022-05-11,Success
26780,644,9755,2022-09-13,Success
47511,2275,12110,2022-09-26,Success
47161,2613,26239,2023-04-14,Success
47966,1092,5159,2022-04-03,Success
44481,2186,10502,2023-02-01,Success
58782,2425,17215,2022-09-20,Rejected by the driver
30330,630,5883,2022-08-10,Success
35088,1407,37102,2023-03-28,Success
1911,2017,24994,2023-02-16,Success
11288,664,12515,2022-03-21,Success
18877,719,6960,2023-02-09,Rejected by the driver
51204,756,25754,2022-07-01,Success
28796,1963,27323,2022-03-14,Success
40253,1479,22270,2022-05-18,Success
53147,1441,6212,2022-10-25,Cancelled by the passenger
16190,2055,34302,2022-05-09,Success
39405,2177,20773,2022-12-11,Success
51550,58,28398,2022-10-16,Success
14562,2228,35952,2022-08-24,Success
39974,2155,30883,2022-03-16,Success
30955,1584,13240,2022-09-08,Success
17269,400,13665,2023-01-15,Success
2760,2380,1191,2022-09-18,Success
22810,2593,30988,2022-11-24,Success
52559,883,29538,2022-12-14,Success
59626,744,19950,2023-03-12,Success
41055,52,2120,2022-11-28,Success
27830,1957,23567,2022-08-03,Success
39604,625,13664,2023-02-06,Success
31348,960,10949,2022-05-03,Success
48491,759,33065,2022-06-25,Success
32632,2366,30795,2023-02-05,Success
39168,2806,14735,2023-01-12,Rejected by the driver
53177,2104,22898,2022-11-07,Success
3448,817,13984,2023-01-28,Success
35609,711,26886,2022-06-03,Success
25761,2593,36997,2022-03-18,Success
9419,2569,37698,2022-09-08,Cancelled by the passenger
58415,2339,33154,2022-09-17,Success
26185,1594,38444,2022-08-27,Success
4270,207,25655,2022-11-23,Success
23213,1644,920,2022-07-02,Success
39484,2657,18940,2022-06-13,Success
47711,665,32267,2023-01-03,Success
26596,2166,1210,2022-09-19,Rejected by the driver
11466,2059,1405,2022-11-18,Success
45488,874,3042,2022-10-24,Success
58037,1332,3493,2022-04-16,Rejected by the driver
10866,2439,20873,2022-10-07,Success
24730,1615,25853,2022-09-16,Success
46863,1240,36833,2022-07-27,Success
51098,123,31491,2023-02-24,Rejected by the driver
23204,1342,1464,2022-10-09,Success
10503,2205,12438,2022-12-12,Success
23150,714,8312,2023-04-07,Success
28901,1905,17435,2022-08-02,Rejected by the driver
24120,215,38844,2022-11-20,Success
42093,1249,30134,2022-04-22,Success
54247,1893,26931,2022-12-26,Cancelled by the passenger
54231,496,31482,2023-02-12,Success
19643,1009,13208,2022-09-13,Success
2466,366,38151,2022-08-21,Success
32924,900,20855,2022-10-25,Success
13701,336,10254,2023-01-24,Success
17731,804,17494,2023-03-05,Success
41369,658,21000,2023-01-02,Success
27517,1022,1993,2022-09-24,Success
24690,203,2740,2023-01-17,Success
51245,856,35092,2023-03-09,Rejected by the driver
29777,2808,39524,2023-03-01,Success
31897,1311,18301,2022-07-13,Success
31350,2789,2806,2022-05-11,Success
26850,459,30237,2022-04-24,Success
1858,2638,33322,2022-12-22,Cancelled by the passenger
34453,1504,29357,2022-12-14,Rejected by the driver
45141,541,37800,2023-02-18,Success
59521,1821,36324,2022-08-01,Success
18503,1082,29377,2022-06-17,Success
16272,339,38096,2022-05-25,Cancelled by the passenger
5029,1502,14765,2023-03-08,Rejected by the driver
23172,2113,13142,2022-04-29,Success
30607,2785,15912,2022-08-09,Success
57868,886,35485,2022-03-18,Cancelled by the passenger
22444,1991,32088,2022-08-28,Success
9888,654,276,2022-07-27,Success
36484,666,8663,2022-03-25,Success
24802,590,951,2022-07-22,Rejected by the driver
32375,2573,5961,2022-04-05,Success
57162,499,26451,2023-01-16,Success
59010,274,15960,2023-03-12,Cancelled by the passenger
55157,222,27816,2022-12-01,Rejected by the driver
30603,1239,2443,2022-09-01,Success
24943,2189,24539,2023-03-26,Success
6626,2952,16968,2022-08-12,Cancelled by the passenger
6580,2145,37302,2022-10-12,Cancelled by the passenger
53770,1979,8731,2022-04-15,Cancelled by the passenger
50297,664,32981,2023-01-26,Success
35115,396,13816,2022-04-25,Rejected by the driver
20146,648,24714,2022-08-21,Success
54953,1303,30351,2022-11-27,Success
2550,2343,26014,2022-06-20,Success
56863,1765,35988,2023-02-26,Success
25228,2661,20287,2022-07-25,Success
55671,2452,9588,2023-03-21,Cancelled by the passenger
37034,2332,34973,2022-09-30,Cancelled by the passenger
32126,2928,32434,2022-08-18,Success
56960,2995,36161,2022-09-08,Success
7825,1922,25661,2022-09-03,Success
57429,1692,31868,2022-04-15,Success
53315,581,10507,2023-03-27,Success
20770,779,19767,2022-05-11,Success
41257,1662,13016,2023-01-28,Success
53289,1254,32607,2022-05-16,Cancelled by the passenger
24074,2610,31565,2022-03-13,Rejected by the driver
33260,2338,15107,2022-11-07,Success
40215,2073,17961,2022-11-18,Success
7878,866,14918,2023-03-14,Rejected by the driver
4578,1688,25033,2022-09-13,Success
31626,2399,12015,2022-04-25,Success
48636,1526,7016,2022-08-21,Success
9370,1015,10084,2022-12-14,Success
26772,2812,26610,2022-11-21,Rejected by the driver
39518,1147,14045,2022-10-07,Success
28565,529,35582,2022-03-17,Rejected by the driver
15952,2279,32231,2022-12-11,Success
53596,438,21709,2022-12-13,Success
32198,502,19509,2022-10-29,Cancelled by the passenger
22006,1782,26170,2022-12-17,Success
2248,2894,39460,2022-04-21,Cancelled by the passenger
41176,662,38914,2022-08-22,Success
22029,2515,1230,2022-05-02,Success
53476,1253,15423,2022-06-02,Cancelled by the passenger
13032,2221,16126,2022-09-02,Success
23856,2986,22963,2023-04-09,Success
643,847,17273,2022-03-19,Success
57404,128,37302,2022-05-12,Rejected by the driver
4315,1870,16613,2022-12-04,Success
52315,739,32623,2023-03-04,Success
44251,661,3991,2022-09-27,Cancelled by the passenger
47892,1172,36308,2022-03-30,Success
11340,1473,6572,2022-04-10,Success
46420,2631,25570,2022-07-07,Success
54472,1135,9180,2022-09-13,Rejected by the driver
50535,232,28926,2022-06-30,Success
25650,1943,16141,2023-02-21,Success
15264,2977,36125,2023-01-01,Rejected by the driver
11299,1769,25586,2023-01-15,Rejected by the driver
25838,649,4211,2023-03-12,Rejected by the driver
20786,1872,35798,2022-09-08,Success
36285,2282,10401,2022-09-22,Success
35941,1911,3695,2022-04-25,Success
20706,830,36674,2022-04-30,Success
11795,2034,25075,2022-04-17,Success
48090,319,7373,2022-03-30,Success
8619,695,17721,2022-08-06,Success
21178,2812,16534,2022-06-28,Success
53843,1628,28069,2022-05-03,Success
50562,1937,27566,2022-04-12,Rejected by the driver
17344,2997,23970,2023-02-05,Rejected by the driver
32267,2612,4335,2022-03-24,Rejected by the driver
28300,2967,15791,2022-03-29,Success
19250,1069,10040,2022-06-06,Cancelled by the passenger
57085,1169,5020,2023-01-08,Success
58324,584,4477,2023-01-25,Success
5235,1281,32936,2022-10-07,Cancelled by the passenger
2869,1244,30283,2022-10-10,Success
51702,2959,25632,2023-01-22,Cancelled by the passenger
25702,1571,22949,2022-04-30,Rejected by the driver
51100,45,27120,2022-07-10,Success
15390,2,28397,2023-01-24,Success
16798,2290,32808,2022-08-09,Rejected by the driver
22865,306,23257,2023-02-28,Success
40078,2752,14800,2022-06-21,Success
11045,480,3769,2022-03-27,Success
51088,174,6432,2022-10-23,Success
880,1020,32212,2022-07-21,Success
17833,2554,37744,2022-08-04,Success
53852,722,26251,2023-04-11,Success
22957,1290,11551,2022-08-16,Success
42683,2876,24028,2022-10-24,Success
19365,421,29203,2023-02-06,Success
15825,860,15881,2022-07-23,Rejected by the driver
39721,1608,11807,2022-10-27,Success
1602,1166,38304,2022-04-29,Success
55627,568,16986,2022-09-15,Success
30161,2238,15995,2023-03-17,Success
545,606,11963,2022-09-25,Cancelled by the passenger
37798,1353,17240,2022-06-26,Cancelled by the passenger
26836,529,14648,2023-03-25,Success
34762,740,31307,2022-09-17,Success
14258,2100,35097,2023-04-01,Success
52539,1195,6168,2022-12-11,Success
38682,167,35059,2022-11-17,Cancelled by the passenger
3605,726,13667,2023-01-05,Success
20376,471,21992,2022-05-16,Success
49288,2663,5132,2022-10-17,Success
28669,1212,3325,2023-02-21,Success
20130,2951,25799,2022-05-14,Success
3939,948,13671,2023-03-09,Success
45320,2832,21289,2023-01-09,Success
10671,1680,14144,2023-03-30,Success
29458,2290,23154,2022-11-11,Cancelled by the passenger
13460,2401,1461,2022-05-15,Success
31338,1297,7244,2022-08-31,Cancelled by the passenger
12264,770,39527,2022-12-26,Success
6953,732,38157,2022-05-20,Rejected by the driver
16279,485,31044,2023-02-02,Success
36834,1047,31129,2022-11-04,Cancelled by the passenger
41136,2199,13624,2022-11-04,Success
2028,279,8298,2022-08-29,Success
46040,1884,31867,2022-10-31,Rejected by the driver
5285,2636,14126,2022-05-27,Success
19172,786,39374,2022-09-10,Cancelled by the passenger
14300,205,39679,2022-04-09,Success
55491,928,38623,2022-12-23,Success
51499,1575,21537,2023-02-02,Success
48094,2241,814,2022-08-16,Success
41434,1652,3048,2022-06-08,Success
21763,1088,792,2022-12-07,Cancelled by the passenger
5335,2019,21359,2023-02-08,Cancelled by the passenger
6822,185,33765,2022-09-02,Rejected by the driver
51195,406,614,2022-05-15,Success
44126,2570,32161,2022-11-07,Success
25139,1659,3788,2023-02-24,Success
39192,1593,11924,2022-07-05,Success
55739,581,21823,2022-07-03,Success
46825,2977,1974,2022-07-20,Success
1261,1111,1769,2023-02-12,Rejected by the driver
13240,977,22774,2022-12-04,Success
20305,2909,29909,2022-03-21,Success
5876,2510,16953,2022-05-12,Cancelled by the passenger
31032,2371,8856,2022-10-15,Cancelled by the passenger
21627,623,39136,2022-04-11,Success
44606,2530,10322,2022-03-21,Success
38923,2480,16925,2022-04-11,Cancelled by the passenger
4836,242,6573,2022-04-12,Success
47512,889,36436,2023-03-17,Success
5014,2425,18992,2023-01-13,Success
32034,2913,429,2023-02-19,Success
15890,1392,24848,2023-02-26,Success
27470,1286,16597,2022-08-24,Cancelled by the passenger
21467,2502,10174,2023-03-23,Rejected by the driver
17847,2189,18446,2023-01-17,Success
38869,2330,19020,2022-03-22,Rejected by the driver
3072,1872,13498,2022-08-16,Rejected by the driver
8328,849,24275,2022-10-02,Success
11681,1066,6648,2023-01-08,Success
37220,2124,2057,2022-03-16,Cancelled by the passenger
56060,1982,15710,2023-03-19,Success
57016,294,35928,2023-02-14,Success
44113,1694,19468,2023-01-14,Success
7976,1657,7230,2023-03-22,Cancelled by the passenger
46694,1953,18834,2022-09-14,Rejected by the driver
24104,1561,504,2022-05-12,Cancelled by the passenger
45445,1267,31696,2022-03-16,Rejected by the driver
21693,2267,29702,2022-08-23,Success
28062,1628,26713,2022-12-09,Rejected by the driver
56721,2493,24213,2022-10-20,Success
45310,2775,2569,2023-01-28,Success
50903,225,30829,2022-11-22,Success
968,2162,16768,2022-09-15,Success
14364,2269,22264,2022-07-16,Cancelled by the passenger
59368,1463,36518,2022-04-13,Success
23326,2912,8335,2022-06-21,Success
41211,1209,23438,2022-06-08,Success
39709,381,31342,2023-01-12,Rejected by the driver
16153,1034,30366,2022-06-14,Success
10228,2240,1735,2023-01-30,Success
2521,1895,16064,2022-10-07,Success
29277,1708,22437,2022-09-17,Success
43578,777,16990,2022-11-19,Success
12770,1721,7992,2022-05-25,Success
10975,1513,25443,2023-01-09,Success
22906,1163,16649,2022-07-29,Success
48321,2056,26519,2022-10-26,Success
33627,1776,36325,2023-03-21,Success
55116,70,31905,2022-11-09,Success
733,621,3386,2022-07-07,Rejected by the driver
30324,1901,28316,2023-02-08,Cancelled by the passenger
55928,2217,27091,2022-11-13,Cancelled by the passenger
37088,1619,12169,2023-03-08,Rejected by the driver
35645,325,11566,2023-01-25,Success
33445,1260,628,2022-05-22,Success
40442,829,20115,2022-07-16,Success
35367,2619,23923,2023-01-19,Success
48848,1810,2116,2022-08-22,Success
3700,1750,18295,2022-08-17,Success
6794,2891,18284,2022-10-23,Success
16025,2200,39763,2023-02-16,Rejected by the driver
36678,2044,35461,2022-03-31,Rejected by the driver
11216,1540,17695,2022-10-28,Success
22509,2605,32964,2022-09-22,Cancelled by the passenger
55669,1073,7981,2022-12-03,Success
28072,650,35281,2023-01-16,Rejected by the driver
56064,2555,17401,2022-09-18,Rejected by the driver
15490,1418,8958,2023-03-24,Success
16324,1470,26868,2023-01-20,Success
2083,366,13456,2022-03-13,Success
27541,387,33493,2022-07-06,Success
42733,1740,6589,2022-03-31,Success
38301,913,8466,2022-08-23,Success
44645,1657,18126,2023-01-29,Cancelled by the passenger
29543,1395,7601,2022-06-06,Rejected by the driver
18602,1689,23876,2022-10-13,Success
24103,1087,2796,2022-10-03,Rejected by the driver
59004,636,9468,2022-09-17,Success
42040,952,36412,2023-02-24,Success
11100,377,23240,2023-03-28,Success
9639,279,1408,2022-06-11,Rejected by the driver
24418,549,22854,2023-02-18,Success
39363,1580,26058,2022-06-20,Success
370,2926,9259,2023-02-11,Success
44738,1996,8458,2022-09-04,Cancelled by the passenger
51441,64,8812,2023-03-04,Success
47105,2535,17867,2022-09-19,Success
38913,2667,36804,2023-03-14,Success
58214,74,6281,2022-09-11,Success
16937,1163,16002,2022-05-07,Success
25923,2182,29956,2022-08-08,Success
22763,1804,39090,2022-05-19,Success
51298,2425,12036,2022-12-25,Success
56522,2679,39767,2022-10-29,Success
45670,1116,22616,2022-07-06,Rejected by the driver
31924,2988,29250,2022-11-20,Success
45537,1010,7123,2023-02-23,Success
39723,574,3708,2022-10-26,Success
46552,1497,17051,2022-04-17,Cancelled by the passenger
12182,1167,10034,2022-04-07,Success
48225,206,39545,2023-03-21,Success
30996,2294,28744,2022-10-04,Cancelled by the passenger
35753,447,6121,2022-12-01,Success
27511,37,20780,2022-10-19,Success
43539,777,15627,2023-01-09,Success
37870,982,12334,2022-07-21,Success
18664,647,13872,2022-12-02,Success
48689,1712,37443,2023-01-29,Success
54930,2730,13507,2022-08-05,Success
12110,404,15017,2022-08-06,Success
16280,1903,11268,2022-09-08,Success
21959,2137,14760,2023-01-09,Success
2861,927,14583,2022-12-02,Success
4576,2756,17053,2022-11-20,Rejected by the driver
57428,711,4321,2022-05-19,Success
57375,355,21068,2022-07-24,Success
38276,2283,9543,2023-02-22,Success
22160,2275,9778,2022-07-25,Cancelled by the passenger
54711,1494,13221,2023-01-04,Success
31398,338,25533,2022-09-11,Success
32970,1860,4418,2022-12-04,Success
37627,458,7272,2023-02-03,Success
19443,211,3976,2023-02-08,Cancelled by the passenger
45285,360,7943,2023-02-24,Cancelled by the passenger
53466,1595,2538,2023-03-10,Success
53617,644,35117,2023-02-08,Success
51727,1688,35232,2022-05-13,Success
56304,1491,35367,2022-06-30,Success
4577,587,25575,2022-07-19,Success
28222,303,35787,2023-02-19,Success
27558,1772,32437,2022-09-28,Success
2725,63,27545,2022-08-20,Success
2000,410,31936,2022-11-17,Success
10240,1539,595,2022-06-02,Success
36364,2640,23390,2022-08-04,Cancelled by the passenger
18228,2665,31119,2022-09-01,Success
25673,2072,8169,2022-08-23,Success
33455,2294,7111,2023-04-10,Success
26170,1375,7828,2022-11-18,Success
40910,614,11349,2022-08-05,Cancelled by the passenger
51902,1635,20885,2022-08-26,Success
57475,2466,11695,2022-04-30,Success
54042,571,36204,2023-01-01,Success
44268,210,18046,2022-10-19,Cancelled by the passenger
45349,776,24733,2022-09-17,Success
39382,1206,31201,2022-09-04,Success
34134,2031,2197,2022-07-28,Success
1485,2264,37050,2022-04-02,Success
54144,2700,35136,2022-06-06,Success
11332,1825,21619,2022-11-11,Success
44480,1796,33626,2023-04-06,Success
52047,1079,22496,2022-11-12,Success
8766,2147,4613,2022-08-23,Rejected by the driver
58201,474,19428,2022-08-03,Success
8204,1423,39648,2023-03-27,Cancelled by the passenger
58730,822,16448,2023-02-06,Success
28947,2040,22673,2022-09-02,Success
10808,1486,17329,2022-11-09,Success
11290,880,28818,2023-02-15,Cancelled by the passenger
45118,1831,14476,2023-03-26,Success
31450,312,29353,2022-12-19,Success
17606,211,33326,2023-04-11,Success
41617,422,10224,2022-12-06,Success
6186,1510,5403,2022-04-14,Success
42651,1992,8699,2022-10-30,Success
51447,713,33584,2022-04-20,Rejected by the driver
32593,1743,6485,2023-01-23,Success
21326,2053,1164,2023-03-08,Success
24882,1386,36985,2022-12-05,Success
8977,2346,42,2022-07-03,Success
8535,304,22899,2022-11-24,Success
30880,1661,18242,2022-09-29,Success
23375,2756,38079,2022-07-25,Success
59366,2045,18859,2023-01-27,Success
37586,2811,29205,2023-01-25,Success
54448,913,26459,2022-03-16,Success
37571,848,14889,2022-10-01,Rejected by the driver
55187,384,11951,2022-08-17,Success
19157,2851,4033,2023-03-28,Success
51080,2010,24495,2022-06-25,Rejected by the driver
43598,151,30275,2022-05-19,Rejected by the driver
5675,448,3885,2023-04-15,Success
1331,871,18007,2022-07-09,Rejected by the driver
55729,2620,18270,2022-04-24,Success
36172,1010,27312,2022-04-19,Rejected by the driver
16675,2064,21476,2023-01-25,Success
55515,232,33674,2022-10-31,Cancelled by the passenger
57151,189,5319,2022-04-25,Success
8348,388,34848,2022-12-23,Success
4477,346,14654,2023-02-08,Rejected by the driver
19372,211,36350,2023-03-25,Success
47091,360,5886,2022-09-02,Success
21521,2645,5376,2023-03-16,Success
10336,989,11366,2022-10-20,Success
37257,1701,4163,2022-09-09,Success
11473,2011,32144,2022-10-30,Cancelled by the passenger
47,1728,37092,2023-01-19,Success
35394,14,36882,2022-10-30,Success
11688,1044,24612,2022-04-30,Success
30847,86,13512,2023-02-19,Rejected by the driver
56054,427,36863,2022-06-15,Success
39490,259,36905,2022-05-23,Success
56704,952,39988,2023-03-09,Success
50596,688,12916,2022-06-21,Rejected by the driver
55135,1960,8982,2022-10-06,Success
14145,709,17382,2022-12-13,Success
49427,2487,34372,2022-09-12,Success
24957,2696,35515,2023-01-17,Success
17141,1909,36757,2022-11-26,Success
40266,1705,4735,2022-10-02,Success
57050,1399,14261,2023-02-10,Success
1585,161,36189,2022-12-25,Success
4055,817,15042,2023-01-16,Success
16624,2187,34392,2022-12-15,Success
42068,1750,25793,2022-08-18,Success
16500,31,20586,2023-01-02,Success
1885,857,3320,2022-03-20,Success
10327,848,31937,2022-09-17,Cancelled by the passenger
25020,1446,31599,2022-10-29,Success
18461,117,32582,2022-10-15,Success
59022,1096,28289,2023-03-21,Rejected by the driver
37672,1638,32308,2022-06-30,Success
3815,901,34143,2022-05-27,Success
46131,1466,15867,2022-04-15,Success
30152,2559,16557,2023-02-13,Success
1153,933,26542,2022-12-06,Rejected by the driver
19848,935,38281,2022-07-15,Success
33295,361,7633,2022-07-20,Success
32430,1461,24213,2022-10-08,Success
50659,2074,27360,2023-01-31,Success
20071,1416,13243,2022-05-23,Success
1310,714,36139,2022-12-29,Rejected by the driver
42915,2777,14459,2022-09-09,Success
39336,2453,37712,2022-10-31,Rejected by the driver
32802,488,26438,2022-07-23,Cancelled by the passenger
7127,323,799,2022-11-24,Success
11787,2077,21754,2022-07-10,Success
56856,2830,34624,2023-03-24,Success
17540,2770,30633,2023-03-29,Success
10311,874,1981,2023-03-03,Success
35574,978,14459,2022-05-19,Rejected by the driver
30526,1062,9555,2023-02-16,Success
19405,2557,18506,2022-09-05,Success
8222,1319,22776,2022-08-21,Success
41772,2134,39562,2022-08-19,Success
11460,1418,24038,2022-05-30,Success
41749,2643,18289,2022-03-21,Success
5040,1196,38440,2022-05-31,Cancelled by the passenger
31627,520,21242,2022-05-21,Success
11049,1255,18841,2023-02-19,Success
25847,1117,16722,2022-03-20,Success
52415,2498,9693,2022-06-22,Cancelled by the passenger
7042,2115,20815,2022-10-23,Success
7540,1759,10188,2022-12-18,Success
9425,1992,15993,2022-10-11,Success
15889,604,28893,2023-03-27,Success
55101,2405,31570,2022-09-28,Success
25071,1769,9679,2022-07-31,Success
31877,2004,37602,2022-04-01,Success
6389,1447,6896,2022-11-08,Success
50147,2917,32558,2023-03-14,Rejected by the driver
46817,425,16904,2023-04-03,Success
25489,808,2883,2022-09-22,Success
49512,2045,14172,2022-07-19,Success
16709,264,31617,2022-03-30,Success
45043,1256,697,2022-06-30,Success
22918,1074,12040,2023-02-25,Success
18339,2292,10666,2022-05-21,Success
56784,1100,8120,2023-04-15,Success
46555,2828,13411,2023-02-08,Success
50842,2683,9101,2023-03-24,Success
54969,2582,33915,2023-03-20,Success
56362,1654,28901,2022-09-10,Success
27946,829,22057,2022-11-23,Success
9940,2298,31665,2022-09-26,Success
53181,2980,14270,2022-10-13,Cancelled by the passenger
41401,2545,33484,2022-03-20,Rejected by the driver
21425,1416,39279,2023-02-09,Cancelled by the passenger
31563,3,11384,2022-11-29,Success
31858,226,36282,2022-10-18,Rejected by the driver
48944,2863,18587,2022-08-19,Success
57949,1546,27111,2022-08-17,Rejected by the driver
59918,1317,36607,2022-04-04,Cancelled by the passenger
10513,822,28868,2023-01-01,Rejected by the driver
11513,1836,5170,2023-02-27,Success
30004,2544,14109,2022-07-06,Success
19344,935,37730,2023-03-07,Success
14191,1283,18386,2023-03-14,Cancelled by the passenger
35044,1095,29855,2022-08-21,Success
17587,1800,31051,2023-03-01,Success
20960,2526,24034,2023-03-26,Success
45470,2229,14468,2022-05-04,Cancelled by the passenger
24827,1008,17498,2023-03-22,Success
3352,718,13610,2023-04-03,Success
29802,418,1046,2022-11-30,Rejected by the driver
30892,340,4679,2022-03-27,Success
35260,2591,38424,2022-07-03,Cancelled by the passenger
53338,2451,29074,2022-08-02,Success
10373,1660,17957,2023-03-07,Success
48904,285,30680,2022-08-30,Success
55130,2279,5535,2022-06-14,Success
21667,2133,29159,2022-11-16,Success
51145,357,809,2022-11-09,Success
53788,2532,33098,2022-11-20,Success
31170,657,33264,2022-03-21,Success
40636,542,15881,2023-02-25,Success
57566,2983,28528,2023-01-15,Success
14025,2978,32615,2023-01-01,Rejected by the driver
54035,1226,26879,2022-03-18,Cancelled by the passenger
17618,205,10642,2023-01-25,Success
37594,1790,5077,2022-10-08,Success
15908,1277,16596,2022-05-23,Cancelled by the passenger
26064,2833,27615,2022-08-27,Success
57995,26,22461,2023-02-19,Rejected by the driver
49007,2540,38466,2022-09-12,Success
40685,2794,35389,2022-08-09,Success
1017,105,39631,2022-09-10,Success
41982,303,17229,2022-12-22,Rejected by the driver
26059,1324,7808,2022-05-13,Success
33000,1024,36539,2022-06-24,Success
46901,2905,22012,2022-07-29,Success
50921,226,21325,2022-06-27,Success
44278,287,14618,2023-01-20,Success
7375,697,10557,2022-07-09,Success
8724,2498,16757,2022-11-17,Cancelled by the passenger
50894,2810,24882,2022-11-21,Success
31999,169,1983,2022-04-09,Rejected by the driver
33293,1685,14638,2023-01-27,Success
23913,863,35422,2023-02-11,Success
39647,386,3059,2022-07-22,Success
50533,118,10267,2022-07-13,Success
37265,2943,32780,2023-02-06,Rejected by the driver
54809,1981,365,2023-01-31,Success
42312,64,13520,2022-12-04,Rejected by the driver
3911,1208,24091,2022-12-23,Success
22373,170,35562,2022-12-06,Success
13349,614,28684,2023-01-15,Success
2435,1524,29834,2022-09-07,Rejected by the driver
42475,660,4240,2022-05-05,Success
6603,2439,8209,2022-07-17,Success
45999,587,32489,2022-12-29,Success
7942,2524,23248,2022-07-21,Cancelled by the passenger
29223,1046,22291,2023-04-13,Success
16188,508,9889,2022-05-30,Rejected by the driver
55894,138,29177,2022-09-14,Success
24462,1819,16862,2022-08-26,Success
47665,1652,39935,2023-01-04,Success
6298,2983,19559,2023-03-16,Success
564,2,14310,2022-12-26,Success
9766,2873,2043,2022-10-31,Cancelled by the passenger
2741,1365,38536,2022-03-18,Success
39181,2075,18194,2022-08-06,Success
43402,2809,8969,2022-08-22,Success
51934,2184,24353,2022-05-25,Success
46055,1708,37896,2022-06-15,Success
56481,2006,32741,2022-08-26,Success
36329,1156,24594,2022-09-02,Success
56808,2634,12893,2023-01-03,Cancelled by the passenger
33580,2290,6328,2023-04-03,Success
43413,2056,12034,2023-02-02,Success
36,1178,8302,2022-08-23,Success
32685,529,15067,2023-01-07,Success
7171,500,34770,2022-10-12,Rejected by the driver
41386,2711,3559,2022-07-07,Cancelled by the passenger
19587,965,31147,2022-10-23,Success
41059,665,24631,2022-12-02,Success
22664,1654,9429,2022-09-03,Rejected by the driver
48698,195,35409,2022-09-10,Success
9698,2762,22954,2022-06-19,Cancelled by the passenger
38662,2570,3189,2022-09-23,Rejected by the driver
26820,2658,20951,2022-07-09,Rejected by the driver
35380,2907,8610,2022-04-24,Success
51835,8,21608,2022-04-21,Success
40642,1887,6334,2022-10-08,Cancelled by the passenger
52103,570,6325,2022-09-28,Success
25580,107,26261,2023-02-14,Success
32242,1348,8557,2022-08-15,Success
43122,1634,27781,2022-06-24,Success
39020,2360,39612,2022-06-29,Success
49986,433,29196,2022-06-04,Success
54160,140,38808,2023-02-17,Success
17461,1363,3166,2022-11-15,Cancelled by the passenger
13484,2289,13747,2022-10-25,Success
47050,67,31720,2023-01-23,Cancelled by the passenger
21031,435,29219,2023-03-01,Success
535,831,4593,2022-05-04,Success
39639,538,31144,2022-05-06,Success
2233,1057,39945,2022-09-28,Success
436,2738,34974,2022-08-20,Success
33442,123,1346,2023-03-01,Success
47329,1027,31068,2022-10-05,Success
22117,1807,13675,2022-05-31,Success
31754,115,5644,2022-11-09,Success
9267,1093,20550,2022-06-12,Success
48451,2712,9473,2022-12-22,Success
1978,671,30834,2022-03-15,Success
12913,758,13277,2022-09-27,Rejected by the driver
35576,2346,157,2022-07-17,Success
1028,2256,36985,2022-06-17,Success
36718,1879,18876,2022-09-06,Cancelled by the passenger
36041,68,39992,2022-05-20,Success
645,2482,18674,2023-04-05,Rejected by the driver
27198,100,23888,2023-01-14,Success
31861,641,37164,2022-11-25,Success
59975,2472,4623,2023-04-01,Success
28513,371,15508,2022-09-20,Cancelled by the passenger
19232,531,34076,2022-05-21,Success
50924,154,11704,2023-01-23,Rejected by the driver
49675,2244,10293,2023-01-04,Cancelled by the passenger
45647,2005,39831,2022-12-31,Success
29344,1858,26215,2022-04-24,Cancelled by the passenger
33503,2383,23939,2023-01-12,Cancelled by the passenger
7500,1985,24463,2022-05-08,Success
37663,321,20355,2022-11-05,Success
25097,2726,23479,2023-03-21,Cancelled by the passenger
25992,1288,14613,2022-12-03,Success
29718,1405,3700,2022-04-23,Success
50447,470,69,2022-04-09,Success
55498,1192,34243,2022-03-28,Success
6245,1585,14227,2023-02-12,Success
49501,1517,36696,2022-12-01,Success
45157,1636,6144,2022-09-07,Success
54138,1762,26890,2022-07-14,Cancelled by the passenger
25095,189,22657,2023-03-22,Cancelled by the passenger
27001,1421,14126,2022-08-24,Success
37637,420,30372,2023-01-16,Rejected by the driver
50742,2418,15263,2022-07-17,Success
10577,1530,17449,2022-10-26,Success
39339,1203,39828,2022-11-19,Rejected by the driver
2974,1172,19411,2023-01-21,Success
48876,921,11183,2023-03-16,Success
33534,1656,39297,2022-08-24,Success
23814,2356,8874,2022-11-15,Success
8275,1861,28310,2022-12-21,Success
6772,335,20710,2022-03-27,Success
20244,1832,18106,2023-02-03,Success
12099,2946,19289,2022-10-12,Success
6873,2195,37623,2022-12-17,Success
9111,1390,858,2022-05-29,Success
49541,658,33294,2022-09-05,Success
6869,1350,15493,2022-11-07,Success
10290,100,1966,2022-06-23,Cancelled by the passenger
38143,2823,8484,2022-09-22,Success
2604,1306,18498,2022-11-17,Rejected by the driver
25313,1930,16628,2022-03-15,Success
24746,2717,27402,2022-08-08,Success
33253,1183,37796,2022-06-10,Rejected by the driver
4089,1159,8517,2022-12-15,Success
31430,2974,35834,2022-09-21,Success
12903,2018,23174,2022-05-04,Success
23351,1748,27141,2022-10-15,Success
37949,2309,18834,2022-06-18,Rejected by the driver
52226,2854,26821,2022-10-19,Success
42635,1330,37197,2023-03-08,Success
57632,1099,21138,2022-09-15,Success
33923,797,37911,2022-09-11,Success
34138,399,18451,2022-09-25,Cancelled by the passenger
57418,1908,30674,2022-10-29,Rejected by the driver
23813,1599,23171,2022-07-26,Rejected by the driver
34224,1878,34887,2022-09-30,Success
3609,2792,12320,2022-07-07,Cancelled by the passenger
48696,1214,26343,2022-03-12,Cancelled by the passenger
36772,311,2959,2022-07-07,Success
921,1738,20957,2022-10-31,Cancelled by the passenger
15161,2972,9569,2022-11-27,Cancelled by the passenger
19812,2575,18804,2022-07-27,Success
19703,2585,30776,2022-05-26,Success
14950,757,34788,2023-03-27,Success
4523,1245,9881,2022-09-05,Success
54362,2214,20324,2022-10-04,Success
49955,1497,4739,2022-08-10,Success
5914,816,4746,2023-01-17,Success
51735,1041,28511,2022-11-28,Success
57257,154,7289,2023-02-17,Success
27756,1968,30503,2022-04-27,Success
28161,1081,408,2022-12-11,Rejected by the driver
18581,391,13280,2023-02-22,Success
31352,2805,36857,2022-04-26,Success
43140,2374,22766,2022-08-18,Success
17264,1373,25403,2022-08-16,Success
17011,1712,16235,2022-04-24,Success
54779,635,14958,2022-12-21,Success
52609,2035,35146,2022-04-21,Success
54842,94,5813,2023-01-04,Success
46020,1879,19604,2023-03-01,Cancelled by the passenger
22876,657,29494,2022-07-06,Success
37675,1490,18013,2022-11-23,Success
50179,1223,10902,2022-12-21,Rejected by the driver
53031,1617,18854,2023-01-12,Success
33180,346,9976,2023-01-12,Success
33554,976,11744,2022-12-03,Success
17215,367,17110,2022-09-21,Success
24656,2791,39559,2022-10-17,Rejected by the driver
27074,2035,14907,2022-11-05,Success
6996,1309,32425,2022-09-11,Success
25632,82,19849,2022-11-03,Rejected by the driver
32759,870,35664,2022-05-07,Success
47547,2419,12199,2023-03-11,Cancelled by the passenger
47004,2961,24750,2022-07-24,Success
29028,1265,4853,2023-02-22,Success
25402,531,23415,2022-10-14,Success
19271,2623,4400,2022-05-04,Success
50299,2426,17893,2023-02-03,Cancelled by the passenger
55279,2086,12042,2023-01-03,Success
18478,288,36685,2022-10-09,Success
24483,2507,6070,2022-03-15,Success
2876,2071,11117,2023-02-28,Success
57493,1113,951,2023-01-13,Success
55441,360,8577,2022-05-20,Success
31650,2269,14413,2023-02-18,Success
42958,109,3776,2022-04-18,Success
59630,330,896,2022-11-05,Cancelled by the passenger
29650,676,11236,2022-03-30,Success
52929,2883,36334,2022-09-13,Cancelled by the passenger
43804,484,39032,2022-05-01,Success
39708,1901,32310,2022-10-09,Success
27445,2622,29914,2023-03-05,Success
56306,543,10793,2023-03-03,Success
29817,2402,33497,2022-11-16,Rejected by the driver
48812,1891,39337,2022-11-26,Success
53287,2437,31294,2022-03-21,Success
33324,2710,26189,2022-03-31,Success
12680,552,20111,2022-12-20,Success
51814,1213,26038,2023-04-08,Rejected by the driver
29750,2358,12097,2022-08-21,Success
52166,883,19515,2022-05-18,Success
12317,884,8970,2023-03-16,Success
16808,498,30129,2023-01-26,Rejected by the driver
7659,197,36018,2022-09-15,Success
56604,1861,37487,2022-04-25,Success
6641,2607,12859,2022-10-06,Success
19895,1462,21141,2023-01-06,Success
30025,1677,33824,2022-04-28,Rejected by the driver
10685,1362,3298,2022-11-18,Success
29785,1235,22367,2022-09-02,Success
28044,2351,11222,2023-02-06,Success
56877,709,30540,2022-03-18,Rejected by the driver
33208,458,33032,2022-10-09,Success
27012,2960,24863,2022-07-20,Success
35943,1812,25979,2022-09-04,Success
42184,1034,19837,2022-12-19,Success
31955,536,29093,2022-11-04,Success
1092,45,29152,2022-05-17,Success
45059,1714,32289,2022-04-24,Cancelled by the passenger
34556,2489,12632,2023-03-06,Success
45695,2934,37778,2022-06-13,Rejected by the driver
3582,900,31968,2023-01-27,Success
2289,932,10999,2023-01-08,Success
28126,1467,31496,2022-06-17,Rejected by the driver
38858,1789,29847,2023-02-23,Success
49801,2270,26194,2022-04-29,Success
33877,412,28284,2022-11-06,Success
24079,48,2591,2023-03-02,Success
38925,2726,9322,2022-03-21,Rejected by the driver
41232,2040,10881,2023-02-26,Rejected by the driver
27600,789,9867,2023-03-22,Success
29624,2689,28922,2022-03-20,Success
32729,2429,3428,2022-10-09,Success
34497,1141,28132,2022-07-26,Success
28439,2268,29163,2022-09-13,Success
26193,296,35343,2023-01-15,Success
47415,419,29400,2022-10-23,Cancelled by the passenger
10593,1079,28419,2022-03-13,Success
43504,841,16806,2023-02-24,Success
47848,1418,12828,2023-02-04,Success
18240,2693,34919,2022-09-16,Success
17822,2193,31879,2022-11-24,Success
3511,1573,33163,2022-09-09,Success
10809,776,1753,2022-11-13,Success
13888,1225,7824,2022-04-10,Success
8063,936,5446,2022-04-30,Success
56080,190,25804,2022-09-26,Success
8857,2463,10808,2022-11-14,Success
55547,1343,8929,2023-02-20,Success
32715,109,7267,2023-04-06,Success
33153,2910,10338,2023-01-30,Success
32344,1516,8120,2023-03-12,Success
30943,2042,12296,2023-02-22,Success
3889,1649,20309,2022-04-24,Success
18651,1700,23171,2022-03-27,Cancelled by the passenger
44613,136,5597,2022-06-03,Success
58732,1576,12389,2022-10-12,Success
17880,2639,11238,2022-11-04,Success
36358,704,36526,2022-08-01,Rejected by the driver
46894,1247,32966,2022-11-11,Success
18944,666,32643,2022-09-08,Success
42473,937,29338,2022-03-26,Success
36000,977,29406,2022-07-18,Success
1971,657,26560,2022-05-12,Rejected by the driver
40060,2567,18785,2022-09-11,Cancelled by the passenger
11486,1047,28297,2022-04-26,Rejected by the driver
2317,920,38861,2022-09-06,Success
10884,2207,14594,2022-05-27,Success
51368,1578,20640,2022-08-27,Success
25861,1630,35399,2023-04-12,Success
18679,1663,12835,2022-10-03,Success
35508,1847,29205,2022-09-06,Success
59652,715,37870,2023-03-24,Success
58153,1151,5859,2022-03-17,Success
3118,780,20570,2022-08-09,Success
32216,602,14806,2022-09-05,Success
5484,2564,39582,2022-09-25,Success
818,812,35704,2022-12-26,Success
9991,2947,9152,2022-03-30,Success
53401,1188,16093,2023-01-03,Success
36578,1243,29804,2023-02-28,Success
31617,2841,15429,2022-06-15,Success
50615,719,38554,2022-06-14,Success
58747,2936,24207,2022-04-04,Success
9380,2989,2395,2022-07-30,Success
7748,2705,33153,2022-09-20,Success
19011,2978,36300,2022-08-03,Success
22581,835,32258,2022-03-24,Cancelled by the passenger
26518,1446,2860,2022-10-04,Success
14327,1125,34020,2022-07-08,Success
9707,1246,33639,2022-11-21,Rejected by the driver
37894,997,21203,2022-09-05,Success
56800,1234,19873,2022-06-28,Success
36500,1370,39909,2023-04-08,Success
15476,1527,28371,2022-08-17,Success
30474,1949,649,2023-04-12,Rejected by the driver
27543,1275,16389,2022-05-07,Rejected by the driver
28562,2111,11706,2023-01-29,Success
22142,2340,4581,2022-09-11,Rejected by the driver
14862,821,9043,2022-05-19,Success
13675,1313,18057,2022-04-21,Success
6934,637,8474,2023-02-20,Success
36217,633,13170,2022-12-25,Success
47747,2802,4630,2022-03-29,Success
33156,513,28640,2023-02-04,Success
15621,2436,12346,2022-06-25,Success
37863,2837,38795,2022-06-24,Rejected by the driver
59014,36,15881,2022-11-21,Rejected by the driver
57557,1471,8452,2022-12-13,Success
54252,2176,17110,2023-04-12,Success
56291,1003,37786,2023-03-15,Success
30393,2669,23576,2022-06-21,Success
32860,1730,3754,2022-04-12,Success
14923,938,8524,2023-03-06,Success
32173,968,35975,2022-06-18,Success
12976,2030,9083,2023-03-03,Rejected by the driver
9741,2687,38112,2022-03-14,Success
24582,2401,7266,2022-10-18,Success
54332,166,15491,2022-11-05,Success
58578,2095,20320,2022-12-29,Cancelled by the passenger
49933,2726,34172,2022-09-03,Success
29790,1504,1982,2022-12-14,Rejected by the driver
4711,1604,32666,2023-02-12,Rejected by the driver
43001,243,6774,2022-11-03,Success
47433,2247,26876,2022-07-24,Rejected by the driver
4629,2031,29537,2022-12-04,Success
52471,1680,2529,2022-07-07,Success
40689,2095,8331,2022-05-22,Success
1035,32,4418,2022-10-05,Success
47769,1554,12200,2022-09-06,Success
55414,1098,4379,2023-01-20,Success
54046,1385,27904,2022-09-29,Success
40895,1068,18256,2022-04-07,Success
56349,2440,3836,2022-05-23,Success
35294,56,35790,2022-11-15,Success
32480,2128,32799,2022-05-14,Success
48670,2339,2928,2022-05-05,Success
15931,168,2593,2023-02-20,Success
53108,2860,5889,2022-08-26,Rejected by the driver
36420,2255,22991,2023-03-26,Success
18966,511,13767,2022-06-02,Rejected by the driver
40490,1803,31400,2023-02-11,Success
50798,952,22431,2023-01-31,Success
14680,1878,2102,2022-09-14,Success
12333,2974,29118,2023-02-04,Rejected by the driver
43097,829,31468,2022-12-25,Cancelled by the passenger
30624,2675,36588,2023-01-21,Success
9224,118,5286,2023-02-06,Rejected by the driver
32516,2138,1881,2022-07-14,Success
42247,1742,19112,2023-02-13,Cancelled by the passenger
5292,2932,20876,2023-02-28,Rejected by the driver
14061,1670,19145,2022-06-05,Success
19854,613,6173,2022-10-06,Rejected by the driver
53140,1927,22482,2023-04-08,Success
22895,1331,8798,2022-10-15,Success
53444,2440,34411,2022-03-19,Success
34016,727,7010,2022-03-28,Success
45762,272,9088,2023-01-06,Success
58062,1675,14541,2022-06-15,Rejected by the driver
44670,674,24069,2022-05-18,Success
9783,1092,38922,2022-09-20,Success
46914,953,12495,2022-08-23,Cancelled by the passenger
44964,1102,537,2022-07-09,Success
33860,918,31270,2022-04-21,Rejected by the driver
45802,603,23730,2022-03-12,Success
32765,140,3232,2022-05-10,Success
51202,1186,11678,2022-07-13,Success
25322,1173,26754,2022-07-27,Success
54237,2615,3078,2022-11-12,Success
55340,2193,17220,2022-05-17,Success
3456,101,1337,2023-04-06,Success
20433,2307,2325,2022-04-11,Success
9535,258,37688,2023-03-06,Success
21045,555,28574,2022-12-18,Success
7836,2930,13809,2022-05-07,Success
47272,1985,778,2022-05-23,Rejected by the driver
46869,942,39906,2022-09-16,Success
25400,2238,27185,2023-03-26,Rejected by the driver
58659,668,1623,2023-02-19,Rejected by the driver
6040,82,16669,2023-03-16,Success
32522,2670,37739,2022-04-10,Success
40639,1613,20178,2022-03-22,Rejected by the driver
9366,1396,35174,2023-03-04,Cancelled by the passenger
10590,1233,11881,2023-03-01,Success
13917,1267,9687,2022-06-27,Success
52114,686,19847,2022-09-24,Cancelled by the passenger
12131,131,16493,2023-01-26,Success
8884,1087,3736,2022-12-03,Rejected by the driver
5310,1984,20206,2023-01-15,Success
44649,1936,26745,2022-08-22,Success
44313,1022,21504,2022-12-21,Success
22535,1559,38047,2022-08-15,Rejected by the driver
38109,2801,25683,2022-04-06,Rejected by the driver
40455,299,17261,2022-06-03,Success
19765,456,11633,2022-10-22,Cancelled by the passenger
19002,342,8726,2022-10-19,Success
16940,2668,12703,2023-03-16,Cancelled by the passenger
31624,1831,4667,2022-07-15,Success
28522,384,23873,2023-01-19,Rejected by the driver
49530,2267,21599,2023-01-26,Success
38137,573,36151,2023-02-03,Success
20606,1354,4901,2022-04-07,Success
37880,2286,38371,2022-08-12,Success
55727,401,19613,2022-07-25,Success
54513,521,1295,2022-09-18,Rejected by the driver
16222,2934,33327,2022-06-28,Rejected by the driver
9974,2507,12528,2022-09-11,Rejected by the driver
6494,2443,33573,2022-08-04,Success
57665,2917,36094,2022-09-02,Success
54451,2775,24886,2022-03-16,Success
38164,551,18307,2022-06-25,Success
38814,114,28819,2022-09-12,Success
1481,2014,35131,2022-08-16,Success
40613,32,19028,2022-05-01,Success
11269,1879,25806,2023-03-31,Cancelled by the passenger
53425,1670,24828,2023-03-09,Success
10176,1585,38200,2022-05-12,Rejected by the driver
58319,2229,1228,2023-04-10,Success
8360,2633,4207,2022-06-17,Success
881,2008,27501,2022-04-26,Success
12677,1541,9901,2022-04-11,Cancelled by the passenger
18593,1911,1741,2023-04-11,Cancelled by the passenger
17035,1686,37599,2023-01-23,Success
42190,2411,26363,2022-06-05,Success
37829,1401,32565,2022-04-12,Success
17113,1734,2868,2022-03-30,Success
53205,1745,20253,2022-11-07,Success
18406,1227,32056,2022-09-09,Success
40386,1209,26907,2022-11-01,Success
47500,561,39145,2022-04-17,Success
54165,1635,16898,2023-03-30,Success
5632,1773,28866,2022-08-09,Success
57260,2086,5624,2023-03-31,Success
17771,2766,33035,2022-09-05,Success
49412,1669,1033,2022-04-11,Success
55879,2617,36286,2022-09-29,Success
4347,666,11095,2022-11-26,Success
4794,1734,35828,2022-04-02,Success
25278,1844,32119,2022-12-19,Cancelled by the passenger
10893,508,393,2022-05-22,Cancelled by the passenger
3033,1981,29185,2022-08-20,Success
52453,1060,25658,2023-02-20,Success
31284,1818,6016,2023-01-24,Cancelled by the passenger
433,2976,9100,2022-12-23,Success
32576,1924,16493,2023-01-15,Rejected by the driver
22290,1632,18651,2022-09-04,Success
5773,2760,35030,2022-04-19,Success
55841,2481,38701,2022-06-09,Success
10264,2064,21144,2022-11-14,Cancelled by the passenger
31201,922,26123,2023-01-31,Success
27453,1378,39749,2023-02-04,Rejected by the driver
26020,1223,17340,2022-06-12,Success
51989,635,18038,2022-04-20,Rejected by the driver
40508,795,18568,2022-11-25,Success
33821,1716,12802,2022-11-23,Success
1151,1746,17352,2022-07-30,Rejected by the driver
45052,2526,8092,2023-02-18,Success
34175,2757,17702,2022-05-15,Success
20485,2046,24620,2023-02-02,Success
23826,1369,29339,2022-07-25,Success
18954,1822,15245,2022-03-14,Success
31723,2749,26720,2022-05-14,Success
2268,594,18278,2023-02-21,Success
52456,2219,26451,2022-08-10,Success
16719,550,16059,2022-08-25,Success
58251,232,1223,2022-09-10,Rejected by the driver
48737,371,34814,2022-05-31,Rejected by the driver
25521,2578,13765,2023-04-06,Rejected by the driver
6838,1566,1394,2022-09-10,Success
18967,133,30603,2022-06-16,Success
47253,2996,6621,2022-09-30,Success
1870,2010,30020,2022-08-09,Success
50861,2884,26709,2022-09-14,Cancelled by the passenger
57324,2428,18958,2023-01-18,Success
34535,24,18558,2022-12-23,Rejected by the driver
28312,2968,32569,2022-05-15,Success
58441,68,5451,2022-11-29,Rejected by the driver
11267,1220,37252,2022-08-27,Cancelled by the passenger
2115,879,21218,2023-01-09,Success
42768,553,39116,2022-05-11,Success
30938,2497,16574,2022-07-23,Success
13019,222,154,2022-11-11,Success
54340,380,1315,2022-10-03,Success
46282,2482,7272,2023-03-19,Success
43603,296,26855,2022-08-09,Success
13432,758,25275,2022-09-19,Success
17506,2195,22174,2022-09-04,Success
57925,2980,10075,2022-10-28,Success
40100,1565,28115,2022-12-28,Success
25968,1701,32641,2023-02-10,Rejected by the driver
1674,633,12180,2022-09-18,Success
46403,2194,34552,2022-06-25,Success
55597,401,4905,2022-11-05,Success
44708,596,34969,2023-01-16,Success
10218,2803,24017,2023-02-08,Cancelled by the passenger
27131,814,22652,2023-01-08,Success
41518,853,17051,2022-09-30,Success
58356,2324,150,2022-08-14,Success
29086,1909,17740,2022-04-26,Success
16874,1023,39662,2022-05-24,Success
19445,2259,12092,2022-09-17,Success
26355,1825,35403,2023-01-01,Success
27838,1081,16941,2022-12-15,Success
36550,450,35963,2023-01-03,Success
21260,655,22104,2022-03-27,Success
32549,2981,9103,2022-06-25,Success
22726,2118,28214,2022-10-05,Success
3237,827,19123,2023-02-18,Success
41367,34,38188,2022-12-06,Rejected by the driver
30715,2291,3072,2023-01-01,Success
39913,2684,39633,2023-04-05,Cancelled by the passenger
43114,2216,2794,2023-03-19,Success
31749,1035,30978,2022-04-22,Success
22988,2660,9136,2022-07-04,Success
5836,918,30124,2023-03-22,Success
38299,1253,568,2022-12-04,Success
47850,149,13902,2022-06-25,Success
34724,1785,10891,2022-05-10,Success
42535,2137,17705,2022-11-21,Success
32432,228,3471,2022-10-27,Success
22831,1418,4225,2023-03-07,Success
43133,1114,31989,2022-11-02,Rejected by the driver
38494,12,11081,2022-04-11,Cancelled by the passenger
29512,2220,9899,2022-12-07,Success
3215,782,39545,2022-07-29,Rejected by the driver
42695,1777,17322,2023-01-21,Cancelled by the passenger
15169,361,7030,2023-03-03,Rejected by the driver
38029,2762,37979,2023-03-05,Success
12736,1465,10250,2022-03-17,Success
40856,1100,9559,2022-08-13,Success
3009,2849,16238,2022-05-15,Rejected by the driver
15999,2248,16952,2023-02-17,Success
38854,2819,23761,2022-08-12,Success
23453,2019,13671,2023-03-14,Success
19736,2519,2924,2022-05-20,Success
44426,474,29622,2022-12-15,Success
52203,1105,34126,2022-07-26,Success
18764,2058,1479,2023-02-01,Rejected by the driver
33686,119,15844,2022-07-30,Success
26625,716,9629,2022-08-21,Cancelled by the passenger
51025,2151,24476,2023-01-14,Success
43358,2410,2626,2022-05-10,Success
1724,1529,16278,2022-06-22,Success
39613,736,3188,2022-03-21,Success
31768,2766,38970,2022-06-11,Success
37809,965,4284,2022-06-27,Success
21109,2627,5941,2023-03-08,Success
549,492,11241,2023-01-27,Success
28394,2541,38632,2023-01-06,Success
7720,650,15380,2023-04-12,Success
51362,2166,15209,2022-12-22,Success
25237,8,30248,2023-01-06,Success
6283,613,134,2022-04-04,Success
43649,2459,4023,2022-09-02,Success
38787,2438,1476,2023-01-03,Success
23993,2755,31670,2022-08-08,Cancelled by the passenger
23494,1264,5967,2022-04-18,Success
1883,2033,29787,2022-11-04,Success
17167,71,10346,2023-03-18,Success
49114,2918,12100,2023-03-29,Success
44620,85,982,2023-02-17,Success
54599,100,36622,2023-01-09,Success
8524,2129,18991,2022-04-28,Success
1387,1694,30036,2022-05-02,Success
50865,1768,29808,2022-07-05,Success
17865,931,21934,2022-09-18,Cancelled by the passenger
3062,818,9451,2022-06-15,Success
21950,1418,14430,2022-11-15,Success
38967,2661,28287,2023-01-19,Success
39736,154,38755,2023-03-14,Rejected by the driver
42353,1903,6159,2022-06-14,Success
49347,2147,39165,2022-12-21,Success
14551,1339,19575,2022-08-16,Success
28539,1848,22814,2022-08-13,Success
35369,2019,15647,2023-01-10,Success
35931,2083,32132,2023-02-24,Success
52763,2773,12527,2023-02-21,Rejected by the driver
24704,479,5989,2022-08-27,Success
49737,236,20385,2022-05-20,Cancelled by the passenger
30901,1031,758,2023-02-14,Success
31494,1569,29539,2022-11-18,Success
328,2530,29177,2022-10-23,Rejected by the driver
11321,2873,31457,2022-08-09,Success
18851,176,25308,2022-04-25,Success
40025,1414,20852,2023-01-11,Success
25344,960,8939,2023-03-05,Cancelled by the passenger
57461,1618,3216,2023-01-21,Success
431,1390,27600,2022-03-23,Success
36398,1920,20431,2022-10-15,Success
30922,2625,22563,2023-01-02,Success
27658,1513,20114,2022-09-13,Success
33663,2006,31909,2022-12-26,Success
35543,1335,5394,2022-11-17,Success
7491,2266,38289,2022-07-20,Rejected by the driver
20588,583,29089,2022-12-07,Rejected by the driver
43980,2674,36526,2022-07-11,Success
26204,2149,5091,2023-03-20,Rejected by the driver
30371,151,37370,2022-05-28,Success
18350,2095,26169,2023-04-14,Success
27944,1978,16633,2022-06-30,Rejected by the driver
38031,2242,7522,2023-04-12,Success
25497,2213,8669,2022-12-14,Success
16722,1605,38928,2023-03-15,Success
28867,1367,6374,2022-11-18,Success
45171,1597,20729,2022-11-09,Success
51528,2673,8913,2022-12-14,Success
8441,2056,30621,2022-12-24,Success
26011,2856,11595,2023-01-20,Success
52082,972,10144,2022-09-25,Success
53312,2160,31080,2022-04-25,Success
14359,332,36921,2022-11-30,Success
23631,1172,33657,2022-05-10,Success
26063,1004,9088,2022-11-27,Success
39925,2958,38023,2023-03-12,Success
59596,2396,18247,2022-07-29,Success
47766,223,29910,2022-10-20,Rejected by the driver
40470,603,12778,2022-04-21,Cancelled by the passenger
51918,1237,15779,2022-03-31,Success
46327,319,3096,2022-12-15,Success
56691,2885,14379,2023-01-30,Success
32207,720,21904,2022-03-19,Success
27526,1003,19704,2023-03-07,Success
23799,1587,22735,2022-07-29,Cancelled by the passenger
30646,856,19449,2023-01-27,Success
49213,2433,35776,2022-06-29,Cancelled by the passenger
33151,2682,8179,2022-04-12,Success
8138,1825,12542,2023-04-06,Success
1664,2775,5825,2023-01-16,Success
31373,1186,15747,2023-02-24,Success
421,1556,26345,2023-04-13,Success
53276,1626,15791,2022-09-16,Success
1248,2081,39322,2022-09-30,Success
5852,1689,1372,2022-08-21,Cancelled by the passenger
22081,963,16974,2022-06-07,Success
28632,1584,36342,2022-05-07,Success
54456,1085,10108,2022-06-29,Rejected by the driver
26141,145,24484,2023-03-05,Success
44361,442,296,2022-08-07,Success
21300,2617,11963,2022-12-19,Success
36019,800,33034,2022-12-12,Cancelled by the passenger
22162,2593,22146,2023-01-28,Success
42808,1418,31459,2022-07-20,Success
34854,2891,17035,2022-10-23,Success
22208,2746,4441,2022-11-26,Success
46787,393,30654,2023-01-03,Rejected by the driver
4474,1989,16315,2022-10-24,Success
50860,2477,20690,2022-12-30,Success
835,326,3315,2023-04-01,Success
34019,2513,4291,2022-10-28,Cancelled by the passenger
53059,2849,19952,2022-06-12,Cancelled by the passenger
1798,2012,13103,2023-03-05,Success
7220,1585,21194,2022-10-26,Cancelled by the passenger
12020,2374,15750,2022-10-26,Success
8402,2265,13268,2022-03-22,Success
48035,1572,24235,2022-03-24,Success
42233,952,11939,2023-02-07,Success
14903,330,30779,2022-10-24,Success
27695,2404,28404,2022-05-10,Success
31792,2334,31470,2022-03-31,Success
17089,1212,39815,2022-06-04,Success
25754,1727,36539,2022-06-01,Rejected by the driver
35921,478,21524,2022-04-28,Success
41499,315,30598,2022-10-01,Success
13299,72,32052,2022-03-16,Rejected by the driver
33358,786,3889,2022-09-08,Success
48646,754,36848,2023-03-29,Rejected by the driver
23272,619,18879,2022-09-30,Success
59723,2469,16617,2023-03-11,Success
32895,1265,31229,2022-04-16,Success
40375,1941,33276,2022-09-07,Cancelled by the passenger
636,2273,10092,2022-05-14,Success
32620,1522,121,2022-11-12,Success
16935,2079,24367,2022-07-30,Success
11818,2963,30429,2022-10-28,Cancelled by the passenger
2197,295,22229,2022-06-24,Success
24378,391,4771,2022-11-24,Cancelled by the passenger
2800,624,33092,2023-04-02,Cancelled by the passenger
31147,2175,27682,2022-08-09,Success
36043,2135,2080,2022-04-27,Rejected by the driver
58572,310,32412,2023-04-03,Rejected by the driver
642,1855,32633,2022-07-04,Success
21650,1068,15827,2023-03-16,Success
29413,785,12926,2023-03-22,Cancelled by the passenger
41798,1238,39627,2023-01-31,Cancelled by the passenger
44311,2428,33571,2022-12-22,Success
3310,1425,36438,2023-03-03,Success
10164,569,32907,2022-05-02,Success
54898,1915,32436,2022-05-07,Success
53127,2202,15212,2022-11-25,Rejected by the driver
41049,349,4497,2022-11-03,Success
53125,2057,16115,2022-06-25,Success
47533,811,446,2022-10-18,Success
37810,1981,15234,2022-03-13,Success
29856,343,31091,2022-12-01,Success
34382,2402,544,2022-11-20,Rejected by the driver
36478,2145,25408,2022-06-03,Cancelled by the passenger
40956,1330,38612,2022-11-01,Success
42234,36,22976,2022-06-26,Success
24804,648,31504,2022-06-26,Success
58293,2024,18004,2023-03-11,Success
58716,1045,3973,2022-07-31,Success
58334,2751,32429,2022-06-22,Success
50104,2060,619,2022-05-06,Success
53580,439,27067,2023-02-25,Success
30710,853,24064,2023-02-04,Rejected by the driver
24673,2081,25468,2022-12-12,Rejected by the driver
49639,812,6893,2022-05-25,Success
16255,1791,27682,2022-04-13,Success
50442,1903,12273,2022-08-16,Success
54082,700,22641,2023-03-04,Success
391,2734,13387,2022-10-11,Cancelled by the passenger
1029,2733,7482,2022-03-12,Cancelled by the passenger
31480,2152,24521,2022-04-07,Success
25488,1140,4903,2023-01-20,Rejected by the driver
5865,906,5314,2022-07-18,Success
32866,1810,35703,2022-05-20,Success
46866,944,9663,2022-07-13,Success
29278,2860,16774,2022-09-09,Success
7509,378,25421,2022-05-27,Success
53410,1710,18220,2022-09-05,Rejected by the driver
16495,2020,39470,2022-09-11,Success
29323,1824,30386,2023-01-07,Success
22511,1132,27029,2022-06-25,Success
3788,2397,34840,2023-01-03,Success
30244,1733,30950,2022-05-30,Success
49773,2673,16733,2022-03-15,Success
27126,1347,34559,2023-03-14,Success
25618,2036,24390,2022-10-29,Success
20237,1174,20071,2022-09-10,Success
35947,1088,35025,2022-11-27,Success
19851,1204,28151,2022-10-17,Cancelled by the passenger
17764,825,39026,2022-08-15,Success
42927,1470,22426,2023-01-08,Success
37137,2036,2550,2022-08-10,Success
32117,370,16830,2023-03-15,Success
6529,1760,34431,2022-12-25,Rejected by the driver
31805,2112,12010,2022-05-15,Success
1075,2596,11553,2022-05-23,Success
4502,960,32582,2022-11-21,Success
29748,2534,15871,2022-12-08,Cancelled by the passenger
13229,2936,15689,2023-02-15,Success
44664,470,39526,2022-11-30,Success
7411,1782,39460,2022-06-15,Cancelled by the passenger
23557,211,19817,2023-03-03,Success
29019,1475,4635,2023-02-27,Success
44869,2142,12999,2022-08-16,Success
23137,2373,22979,2022-11-21,Success
42977,2447,29796,2022-07-08,Success
3698,988,11194,2022-03-21,Success
32524,2014,23884,2022-03-15,Success
2256,666,8947,2022-12-27,Success
5891,582,9857,2022-09-14,Success
7973,1888,38624,2022-10-12,Success
47473,2537,10373,2023-01-22,Success
13278,417,7846,2022-11-24,Cancelled by the passenger
37093,734,34853,2022-06-24,Success
6172,482,39990,2022-09-30,Success
14990,1557,15846,2022-10-27,Success
13046,1640,21824,2023-03-02,Success
42065,2723,3230,2022-11-13,Success
4616,153,18510,2022-11-07,Success
1683,889,39394,2022-06-28,Success
57977,2747,39997,2022-07-24,Success
33508,2474,15239,2022-12-03,Success
11258,799,24174,2022-12-03,Success
15118,645,6430,2023-03-18,Success
1327,1027,16359,2023-03-15,Rejected by the driver
59570,348,37592,2022-08-18,Success
20729,502,191,2023-01-16,Success
27710,351,12277,2022-12-27,Cancelled by the passenger
19707,1597,18088,2022-04-01,Success
42214,1061,16632,2023-03-16,Success
7948,1022,34730,2022-08-04,Success
2883,1113,31705,2022-08-19,Rejected by the driver
30461,559,14709,2022-11-26,Success
28275,1860,4739,2022-05-10,Success
46449,707,20312,2023-03-12,Cancelled by the passenger
41962,2547,12769,2022-07-26,Cancelled by the passenger
28246,1909,9279,2022-10-24,Rejected by the driver
19778,1956,7290,2022-04-12,Success
8905,2875,1238,2022-07-16,Success
9420,2640,8497,2022-08-31,Success
3373,807,13845,2022-09-14,Success
50047,2648,6632,2022-04-09,Rejected by the driver
19598,1455,8894,2023-03-16,Success
19460,2596,20855,2022-03-31,Success
13829,2735,22108,2022-07-02,Rejected by the driver
12945,2334,11556,2023-03-17,Rejected by the driver
48297,310,23350,2022-10-08,Rejected by the driver
20492,2914,24923,2022-04-28,Success
19286,2581,9781,2022-08-06,Success
31158,1599,13825,2022-10-28,Success
21268,477,15710,2022-06-08,Success
27364,1130,23421,2022-12-05,Success
2345,2535,2537,2022-12-11,Success
15907,2375,39196,2022-10-25,Success
22703,2447,19000,2022-05-08,Success
22890,2836,13990,2022-04-26,Success
5998,1102,20179,2022-12-28,Rejected by the driver
52247,331,3553,2023-02-18,Success
21867,2192,33706,2022-11-24,Success
27480,1236,15912,2022-12-09,Success
14642,144,38129,2023-04-08,Success
54611,400,39074,2022-09-07,Success
31294,281,25803,2023-03-23,Cancelled by the passenger
32090,2703,34628,2023-04-05,Success
41400,105,2761,2022-12-11,Success
34898,505,20663,2022-11-15,Success
31280,1849,29409,2023-01-08,Rejected by the driver
59431,2324,5405,2022-03-25,Success
11809,2578,9292,2022-07-06,Success
43798,1758,30492,2023-02-01,Success
39751,255,379,2022-10-15,Success
37513,1323,1720,2022-03-18,Success
49638,439,4778,2023-03-26,Success
1052,142,8863,2022-12-25,Rejected by the driver
9578,528,32007,2022-08-28,Rejected by the driver
5688,2641,8212,2023-03-25,Success
59567,473,1815,2022-07-26,Success
39468,1063,35004,2022-06-13,Success
43272,1951,11844,2023-01-01,Success
48427,626,5588,2023-02-12,Success
32365,1353,5430,2022-06-27,Success
30355,2195,38231,2022-07-10,Cancelled by the passenger
17776,2398,6448,2022-08-06,Success
27749,2161,600,2022-12-24,Success
54090,1646,30127,2022-11-12,Success
17337,1860,32417,2022-08-11,Success
52309,1182,978,2022-09-23,Cancelled by the passenger
46735,1931,14530,2022-06-03,Success
19995,1966,39,2022-07-16,Success
56801,2592,28059,2023-01-03,Success
11602,2592,9308,2022-08-03,Success
57361,2832,4632,2023-03-09,Success
14012,2469,218,2022-08-20,Success
1091,924,5610,2022-06-26,Success
14521,592,35136,2022-03-24,Success
19905,328,27509,2023-03-31,Success
35295,1289,16954,2022-05-02,Success
24935,1960,9860,2022-07-17,Success
17372,2017,36164,2022-04-23,Success
39102,2501,33500,2023-01-22,Success
18757,2039,31839,2022-04-28,Rejected by the driver
51928,2146,2303,2022-10-28,Success
3828,1895,33011,2023-03-30,Success
41985,432,2557,2023-03-10,Cancelled by the passenger
25723,986,25640,2022-11-21,Success
15991,1108,30254,2022-04-09,Cancelled by the passenger
10918,124,9243,2022-06-17,Success
18310,2747,39697,2022-11-09,Success
2205,2943,9011,2023-03-27,Rejected by the driver
57201,2350,8408,2022-03-31,Success
20414,2265,20499,2022-09-28,Success
23228,841,27040,2022-03-27,Cancelled by the passenger
54761,129,28020,2022-07-09,Success
21345,2023,28253,2022-06-10,Success
13967,656,30436,2022-09-25,Success
30741,2975,29265,2022-03-27,Success
15407,2549,30773,2022-04-22,Success
48190,1746,9290,2022-03-15,Success
45068,1787,28645,2022-08-01,Success
8830,1419,31118,2022-12-29,Success
59903,631,1886,2022-10-30,Success
28236,844,6151,2022-09-25,Success
39415,2191,18445,2022-05-23,Rejected by the driver
51915,2532,18728,2022-10-31,Success
57488,1754,7008,2022-04-14,Success
7020,1516,6293,2022-07-05,Success
22881,1156,31296,2022-06-13,Success
54338,1822,996,2022-09-14,Success
37748,2660,10098,2022-12-05,Success
27983,2737,17037,2023-01-08,Success
56656,1169,29195,2023-03-15,Success
53600,620,39005,2023-03-09,Success
985,510,23778,2023-01-19,Success
4069,1320,1010,2023-03-07,Success
16205,539,14811,2022-09-06,Success
39539,1559,20234,2023-01-12,Rejected by the driver
18241,21,4536,2023-03-21,Success
38829,2647,35069,2022-03-23,Success
17355,938,35332,2022-10-30,Success
2610,2669,27056,2022-05-01,Success
32637,187,18682,2022-07-23,Success
53428,959,30084,2022-07-16,Rejected by the driver
46317,1131,2974,2022-04-08,Success
50781,897,11263,2022-04-19,Cancelled by the passenger
32032,514,2416,2023-01-22,Success
39818,860,2152,2022-09-27,Success
28597,149,33556,2022-05-30,Success
50507,236,31344,2023-01-28,Success
24562,2583,7783,2022-12-20,Cancelled by the passenger
41803,304,36831,2022-04-03,Rejected by the driver
47702,541,14420,2022-07-09,Cancelled by the passenger
35657,649,2776,2022-11-22,Success
53884,1767,16777,2022-07-25,Success
13407,2681,7460,2022-08-09,Success
39214,303,17768,2022-11-26,Success
4642,1951,22818,2022-10-23,Success
33495,966,7269,2023-01-21,Cancelled by the passenger
55855,422,28787,2022-07-22,Success
19803,1505,8995,2022-05-12,Success
47160,1720,8395,2022-03-30,Success
54956,781,20020,2023-04-13,Success
56943,1916,1197,2022-03-20,Success
20241,2752,32805,2022-10-19,Success
59840,1798,35216,2022-05-16,Success
24654,445,34950,2022-12-29,Cancelled by the passenger
23276,1994,25252,2022-11-20,Success
53228,1304,9904,2023-04-11,Success
46845,696,6049,2022-06-11,Success
30737,2379,30022,2023-03-04,Rejected by the driver
54467,2015,33237,2022-11-15,Rejected by the driver
43765,2580,36536,2022-04-04,Success
45507,1317,5966,2022-12-15,Rejected by the driver
23451,1309,35273,2022-11-05,Success
40138,2921,30117,2022-06-22,Rejected by the driver
35856,1627,31623,2022-08-26,Success
37139,969,18892,2022-06-03,Rejected by the driver
20518,1138,10988,2022-12-15,Cancelled by the passenger
39640,1447,2041,2022-04-30,Success
1308,1288,38067,2022-09-16,Cancelled by the passenger
38098,2487,39529,2022-04-22,Success
29514,1645,10787,2023-03-12,Success
8660,2011,13507,2022-10-14,Success
6485,459,23395,2022-05-31,Success
36143,2881,36083,2023-04-14,Success
12145,1845,8669,2022-03-16,Cancelled by the passenger
28619,2810,883,2022-11-26,Success
44769,597,31861,2023-01-28,Success
43419,123,26338,2022-12-30,Success
22934,1126,36506,2022-04-30,Rejected by the driver
5338,400,39737,2023-02-22,Success
26316,2476,7070,2022-05-02,Rejected by the driver
3212,1306,10431,2022-06-22,Success
10342,188,20158,2023-02-23,Success
52477,297,15005,2022-12-17,Success
47520,1009,18900,2022-09-17,Rejected by the driver
44690,236,5310,2022-06-22,Success
23865,1441,7687,2022-04-26,Success
45774,2347,38501,2022-08-28,Success
45617,1385,8226,2023-04-03,Cancelled by the passenger
8865,1390,18180,2022-11-29,Success
56560,860,35813,2022-03-20,Success
13570,2501,7287,2022-09-28,Success
33903,307,3758,2022-10-08,Success
8298,1082,39647,2023-03-26,Rejected by the driver
23016,2640,11854,2022-03-19,Success
20347,2497,27121,2022-06-09,Success
46908,698,38444,2022-06-26,Success
3735,2937,21022,2022-10-08,Cancelled by the passenger
17243,1604,15472,2023-01-28,Success
13261,262,10949,2022-04-05,Success
53012,1967,18970,2023-03-10,Success
718,668,24770,2022-11-21,Rejected by the driver
24798,733,29767,2022-09-16,Success
10224,2674,38389,2022-04-12,Success
20894,1160,24018,2023-03-06,Success
3938,349,26674,2022-12-06,Rejected by the driver
51222,2913,36638,2022-09-04,Rejected by the driver
51350,292,15007,2022-09-14,Rejected by the driver
44010,988,28094,2023-02-15,Success
34893,114,35337,2022-07-25,Rejected by the driver
59597,632,37171,2022-10-31,Success
2969,342,1693,2023-01-19,Success
33089,919,21744,2022-04-06,Rejected by the driver
9234,892,8485,2022-11-20,Cancelled by the passenger
22187,1873,34476,2023-01-22,Success
18149,284,38892,2022-10-10,Rejected by the driver
15092,962,23162,2022-04-26,Rejected by the driver
50707,2966,12736,2022-06-22,Success
59640,2714,29986,2022-03-20,Success
40257,44,34060,2022-11-23,Success
46504,468,4486,2023-02-14,Success
6352,634,2790,2023-02-27,Success
5353,1584,19682,2022-07-13,Success
6249,1937,31469,2023-03-05,Rejected by the driver
10719,2947,13372,2023-02-28,Success
5136,2767,37391,2023-01-11,Cancelled by the passenger
38272,1782,22470,2022-06-10,Rejected by the driver
10902,2606,17346,2022-08-06,Rejected by the driver
26998,44,24846,2023-01-03,Success
7591,1378,4367,2023-04-04,Success
31825,90,6008,2023-03-17,Success
47534,2123,21366,2022-03-12,Success
46386,484,8014,2022-10-16,Cancelled by the passenger
13643,627,9469,2023-02-22,Success
21053,1119,28544,2022-07-20,Rejected by the driver
15055,2140,20113,2023-03-21,Success
22855,1502,2635,2022-05-09,Success
48061,752,37412,2022-04-22,Success
52041,806,21055,2022-10-03,Success
59385,1846,16143,2022-04-25,Success
31217,502,30822,2022-10-13,Success
18155,1987,8420,2022-12-08,Success
25806,334,22174,2022-04-06,Success
58836,1350,29608,2022-11-11,Success
22982,2288,22888,2022-08-26,Cancelled by the passenger
30137,2468,6974,2022-12-06,Rejected by the driver
9405,2511,39158,2022-09-21,Success
57688,1606,20610,2022-04-17,Rejected by the driver
18395,641,25444,2023-02-04,Success
25236,1762,4710,2022-05-30,Success
47805,927,9700,2022-04-08,Success
8531,1085,26160,2022-04-11,Success
1537,2555,1671,2022-05-27,Success
16390,2780,15629,2023-03-08,Rejected by the driver
51501,2719,2102,2022-12-30,Success
20952,931,11961,2023-03-14,Success
36841,2902,15168,2022-08-31,Success
36785,1331,25457,2022-04-10,Success
29229,1098,30899,2022-03-27,Rejected by the driver
1673,2743,1357,2023-01-31,Success
45612,2994,13046,2022-11-16,Rejected by the driver
323,2960,31677,2023-03-08,Success
45392,44,33133,2023-04-15,Cancelled by the passenger
43110,1118,18416,2022-10-28,Cancelled by the passenger
9468,462,29027,2022-07-15,Success
25385,870,4130,2023-04-05,Rejected by the driver
28239,1675,22414,2022-05-18,Success
12338,1899,17596,2022-05-03,Success
2171,1579,5259,2023-01-03,Cancelled by the passenger
45536,2053,12527,2022-03-27,Success
18479,2522,36314,2022-08-27,Success
27516,1032,35345,2022-10-28,Success
13348,2197,1013,2022-10-21,Success
45366,1400,8664,2023-04-04,Success
35904,831,7359,2023-02-04,Success
26586,395,34096,2023-02-27,Success
7997,548,8753,2023-01-26,Success
45952,1668,30390,2022-11-15,Success
20438,918,9499,2023-03-20,Success
4999,2862,10383,2022-07-06,Success
24675,1824,22598,2022-08-30,Success
44941,863,36166,2022-05-22,Rejected by the driver
23229,2986,35415,2023-03-17,Rejected by the driver
32298,1957,28749,2022-06-09,Success
19310,992,11018,2022-05-08,Cancelled by the passenger
18416,302,6415,2022-06-05,Rejected by the driver
38889,2396,7124,2022-04-13,Success
24393,1165,3165,2022-10-12,Cancelled by the passenger
624,864,5955,2023-01-02,Success
15227,839,5858,2022-09-29,Success
3942,1308,25253,2022-07-30,Success
27043,1096,12317,2022-03-29,Success
36719,274,6605,2023-03-09,Success
14910,284,39798,2022-04-07,Success
58912,13,17126,2023-02-13,Success
37174,2059,3992,2022-12-20,Success
29835,476,9223,2023-02-07,Cancelled by the passenger
57372,2443,8564,2022-04-18,Success
5873,1129,14761,2023-02-04,Success
23973,2402,31751,2022-12-29,Rejected by the driver
6820,2066,14101,2022-12-05,Success
50162,167,37190,2022-10-17,Success
45592,2108,7101,2022-04-25,Success
23401,2838,12048,2022-08-31,Success
50242,748,19291,2023-01-04,Success
42330,1371,37946,2022-04-11,Success
29460,1011,25238,2022-08-19,Success
49460,587,18254,2022-10-06,Success
59472,1706,25616,2022-07-08,Rejected by the driver
3955,11,31174,2022-12-01,Success
26327,1887,28694,2022-05-09,Success
20374,2013,25568,2022-11-26,Success
18293,862,31777,2022-09-17,Success
13918,1151,16933,2022-10-22,Success
25136,1296,22832,2022-06-15,Cancelled by the passenger
8638,73,34511,2022-04-15,Success
16122,2424,6290,2023-02-25,Rejected by the driver
38092,2003,6475,2023-03-12,Success
18895,985,27935,2023-01-25,Cancelled by the passenger
45819,1757,34260,2023-02-19,Cancelled by the passenger
4188,411,6617,2022-08-27,Success
4659,2867,290,2022-08-06,Rejected by the driver
56097,2965,18961,2023-04-15,Success
44297,1017,14333,2022-10-02,Cancelled by the passenger
30095,2807,29084,2022-10-08,Success
40334,2291,38786,2022-12-30,Rejected by the driver
56554,1252,12364,2023-03-14,Success
50096,2559,33559,2023-01-29,Success
29299,46,23662,2022-05-19,Success
51070,2287,9953,2022-07-22,Success
24852,1663,32839,2022-09-28,Success
30982,972,3304,2022-10-14,Success
30878,2591,21204,2023-01-19,Rejected by the driver
11633,360,8861,2022-06-14,Cancelled by the passenger
35754,1367,24194,2022-12-09,Success
13653,238,4699,2023-01-02,Success
57523,2414,16683,2022-08-01,Success
40729,2515,37560,2022-08-30,Success
44749,1434,10354,2022-04-22,Success
31816,2740,21154,2022-11-01,Success
57013,1806,31376,2023-03-23,Cancelled by the passenger
17312,2294,2782,2023-02-26,Success
29572,2754,19029,2023-02-25,Success
57918,2403,19640,2022-04-06,Success
8062,356,8020,2022-04-06,Cancelled by the passenger
963,33,29954,2023-02-09,Success
52449,2607,24339,2023-02-24,Success
17979,1473,26550,2022-03-29,Rejected by the driver
26952,388,29434,2022-06-15,Success
20765,2813,13150,2022-05-12,Rejected by the driver
45986,2859,23085,2022-05-09,Success
10613,391,30172,2022-11-23,Success
51060,1212,22712,2022-03-25,Success
54446,2139,2676,2022-11-13,Success
29641,762,11579,2022-08-26,Success
2008,2718,1395,2022-04-13,Success
30009,2291,28357,2023-04-12,Success
26122,1692,20724,2022-04-29,Success
22504,1114,17329,2022-03-12,Success
53982,262,28608,2022-04-07,Success
4153,2285,28432,2022-06-26,Success
990,2089,35758,2023-02-20,Success
53747,2194,9412,2022-04-30,Success
22197,1856,17405,2023-04-08,Success
45271,945,6795,2022-05-27,Success
395,1299,19071,2023-04-02,Cancelled by the passenger
3076,2095,12071,2022-12-11,Success
26633,1616,12560,2022-09-23,Success
59162,296,7154,2022-08-28,Cancelled by the passenger
57810,1412,19731,2022-08-06,Success
35085,1718,22783,2022-08-03,Cancelled by the passenger
37140,1005,6045,2023-01-16,Rejected by the driver
10983,1210,18278,2022-06-21,Cancelled by the passenger
28662,2601,18503,2022-06-17,Success
55948,1075,4818,2022-05-17,Cancelled by the passenger
34971,2208,8248,2022-04-14,Rejected by the driver
12810,1622,3078,2022-10-23,Rejected by the driver
10867,2674,38580,2023-03-27,Success
10569,2727,15851,2023-03-24,Rejected by the driver
35142,2394,14704,2023-02-24,Cancelled by the passenger
35189,2012,7483,2022-08-21,Success
29234,137,396,2022-05-09,Cancelled by the passenger
11530,2824,29824,2022-10-10,Rejected by the driver
14019,2542,3230,2022-07-31,Success
13689,69,23205,2022-08-02,Success
58894,2944,35467,2022-10-08,Rejected by the driver
7892,845,32108,2022-09-28,Success
58668,2667,15155,2022-09-07,Rejected by the driver
34114,1870,18995,2022-08-30,Success
54968,2215,26016,2022-12-18,Success
42405,1022,27950,2022-03-16,Cancelled by the passenger
29710,2443,24465,2023-03-28,Success
5042,417,19661,2022-12-12,Success
32855,244,5885,2022-08-18,Success
6454,2434,32287,2022-06-05,Success
805,1357,2909,2022-10-19,Success
57941,1309,19802,2023-02-08,Success
47043,111,12475,2022-12-01,Success
26374,1964,31534,2022-11-19,Rejected by the driver
51664,1318,1184,2023-02-01,Success
22230,2271,10619,2023-02-11,Success
26609,2636,38726,2023-04-15,Rejected by the driver
2237,320,5639,2022-12-05,Success
13355,1325,22281,2022-08-08,Rejected by the driver
23664,1182,32491,2022-08-14,Success
19145,1967,28952,2023-03-04,Success
27854,34,38533,2022-07-12,Success
14532,2422,4800,2022-06-27,Success
38820,567,10208,2023-02-10,Success
59193,388,8900,2023-01-27,Success
10762,1326,29566,2022-09-16,Cancelled by the passenger
56124,284,29558,2023-02-02,Rejected by the driver
2483,1725,18678,2022-07-07,Success
53500,914,952,2023-01-25,Success
2160,2393,34657,2022-04-25,Success
39998,479,16494,2023-02-25,Success
55586,2823,26928,2022-11-08,Rejected by the driver
31671,1056,5289,2023-03-14,Success
11920,1253,26827,2022-04-09,Success
30447,1159,36555,2022-03-13,Success
42370,1269,6700,2022-06-22,Success
35674,2869,22195,2022-03-21,Success
111,373,37769,2023-03-22,Success
10193,1675,876,2022-05-26,Success
35058,1884,30622,2023-02-21,Success
45596,2756,20762,2022-08-01,Cancelled by the passenger
11149,155,21403,2022-06-28,Success
38006,585,23302,2022-07-30,Success
50840,769,6115,2022-04-19,Success
46046,35,4025,2022-06-05,Success
59426,433,20653,2022-12-27,Cancelled by the passenger
54203,347,23137,2022-07-17,Success
6029,1494,32159,2023-01-30,Rejected by the driver
12972,1981,22941,2022-09-02,Cancelled by the passenger
13252,1077,21959,2022-07-02,Success
55471,714,10480,2023-03-23,Success
6118,925,22880,2023-01-31,Success
43319,2161,11166,2022-09-16,Success
48956,1291,12027,2022-06-17,Success
38603,144,24058,2022-09-13,Success
14448,1045,14252,2023-04-03,Success
20908,2487,4482,2022-03-30,Success
16157,538,24609,2023-02-01,Success
22307,2271,27280,2022-09-29,Success
36951,1816,34009,2022-11-23,Success
41531,1939,3801,2023-01-30,Success
33979,272,24063,2022-04-05,Success
54175,1573,37169,2022-06-22,Rejected by the driver
13044,315,1900,2022-06-16,Rejected by the driver
6365,1482,38713,2022-09-19,Cancelled by the passenger
49421,2989,13686,2022-08-25,Rejected by the driver
26870,2260,28363,2022-10-27,Success
36230,730,21848,2022-08-09,Success
28841,2980,27819,2023-03-12,Success
22687,1457,26613,2022-12-19,Rejected by the driver
35991,857,28214,2023-01-24,Success
8959,244,26395,2023-02-23,Success
53667,2558,11086,2022-05-30,Rejected by the driver
516,2839,18672,2023-03-26,Success
15136,674,2536,2023-04-11,Cancelled by the passenger
24928,1795,23452,2022-05-04,Success
3650,905,32917,2023-02-12,Success
45557,552,26803,2022-08-19,Success
21213,1747,16746,2022-07-05,Rejected by the driver
59548,2516,2530,2022-06-03,Rejected by the driver
27027,340,866,2022-04-11,Success
13665,1528,34314,2023-02-02,Success
48319,690,24019,2022-08-12,Success
47334,51,9177,2022-09-21,Success
36488,1034,23250,2022-08-27,Success
6618,1307,27832,2022-12-20,Success
18038,1289,28601,2022-04-06,Success
33730,2875,5565,2022-10-14,Success
31246,2780,28048,2022-12-17,Success
36441,2865,10553,2023-02-16,Success
43662,152,2570,2022-06-16,Success
38991,1910,35485,2022-09-03,Cancelled by the passenger
24022,1802,22563,2023-02-07,Rejected by the driver
4410,2053,2446,2023-03-06,Success
51463,2130,10270,2022-05-04,Success
59554,2547,37902,2022-05-06,Success
9242,1197,24042,2022-10-17,Success
17458,145,652,2022-10-10,Success
15149,2712,9489,2022-11-23,Success
50939,498,3861,2022-07-19,Rejected by the driver
33899,379,1558,2022-10-10,Success
44027,2944,16567,2022-04-02,Cancelled by the passenger
4182,525,3640,2022-08-04,Success
29847,1703,26699,2023-02-24,Rejected by the driver
6089,873,32530,2023-02-11,Rejected by the driver
33616,2886,31136,2022-08-30,Success
26560,832,9654,2022-04-05,Success
51927,898,12550,2022-08-03,Cancelled by the passenger
43208,806,33690,2023-04-08,Success
57719,1352,22820,2022-09-23,Success
10626,294,36473,2022-09-05,Success
29250,826,20741,2022-03-12,Cancelled by the passenger
3482,1866,13570,2022-05-21,Success
44927,1001,16170,2022-05-18,Success
56900,427,17567,2023-02-04,Success
53247,2532,3733,2023-02-25,Success
40659,987,31084,2022-09-10,Success
34189,873,18280,2022-05-01,Success
14408,1961,11954,2022-08-18,Success
47598,2534,25589,2022-10-03,Rejected by the driver
3680,2744,24975,2022-05-09,Rejected by the driver
49401,1331,28521,2022-04-21,Cancelled by the passenger
16969,1114,14994,2022-12-16,Success
32321,1487,11140,2022-11-05,Cancelled by the passenger
4194,2407,24723,2023-03-04,Success
17839,1912,13921,2022-06-20,Success
52132,733,1460,2022-07-12,Success
12831,423,2350,2022-05-23,Success
25387,1443,36472,2023-01-22,Success
49893,2668,19807,2022-05-07,Success
18279,2991,20853,2022-11-07,Rejected by the driver
22946,1739,5633,2022-12-07,Success
12012,1777,33326,2022-04-27,Success
24384,1469,33719,2022-09-01,Success
27705,2474,8064,2022-08-31,Cancelled by the passenger
50079,184,9100,2022-06-12,Cancelled by the passenger
41408,1415,7360,2022-04-20,Success
30642,2179,11205,2022-09-23,Success
48113,168,25973,2022-08-06,Success
56746,2458,24032,2023-02-01,Success
10350,125,31862,2022-03-17,Success
43417,362,17674,2022-10-06,Success
39119,838,14396,2023-02-10,Success
14246,1328,11825,2023-03-06,Success
19393,2589,37270,2022-05-10,Success
27258,1727,5975,2022-10-14,Success
18782,1024,31770,2022-12-09,Success
37333,939,445,2022-07-19,Success
12364,1116,39573,2022-06-09,Rejected by the driver
24918,829,33287,2023-04-11,Success
21817,782,24309,2022-09-14,Success
35154,1123,19632,2022-05-08,Rejected by the driver
14828,2506,33060,2022-07-01,Success
27922,528,14039,2022-10-06,Success
23348,2691,9443,2022-03-28,Success
27609,451,26732,2022-04-18,Cancelled by the passenger
24915,2804,12852,2022-08-31,Success
56051,1217,8153,2022-10-01,Success
373,2102,827,2022-03-14,Success
25941,2084,32042,2022-11-05,Success
37474,1114,37584,2023-02-05,Success
49824,2269,3353,2022-10-20,Success
41282,2212,27694,2022-12-06,Success
33897,966,16689,2023-01-26,Success
3514,902,13859,2022-07-15,Rejected by the driver
48857,208,34296,2022-09-19,Cancelled by the passenger
12053,1069,16754,2022-04-24,Rejected by the driver
31003,211,25197,2022-12-02,Success
52137,239,32455,2022-06-06,Success
26719,2139,28896,2022-08-05,Cancelled by the passenger
27154,1726,23599,2023-03-09,Success
5179,1677,39250,2022-04-29,Success
53881,575,6950,2022-06-02,Rejected by the driver
4277,1175,20672,2022-05-05,Success
43519,2015,6463,2022-05-27,Cancelled by the passenger
40590,2777,29581,2022-09-20,Rejected by the driver
41612,2203,10575,2022-09-12,Success
33739,1421,10814,2022-03-25,Success
23638,2263,22567,2022-08-04,Success
30366,303,35397,2022-07-07,Success
26928,2900,19499,2023-02-28,Success
35767,1268,12308,2023-03-15,Success
17694,2634,22859,2022-04-28,Success
25849,1950,11063,2023-03-04,Success
47027,998,27585,2022-07-11,Success
52147,1649,13490,2022-10-19,Rejected by the driver
1660,2766,1067,2023-02-11,Success
26891,101,13137,2022-06-15,Success
17594,929,3637,2022-09-04,Cancelled by the passenger
228,1105,39658,2023-04-03,Success
34849,1813,27015,2022-10-29,Rejected by the driver
43353,432,18036,2022-10-20,Success
40537,1869,25101,2023-02-24,Success
20578,2685,21373,2022-03-18,Success
19137,2367,38398,2022-07-30,Cancelled by the passenger
23712,644,2463,2022-08-26,Success
787,1679,30735,2022-10-27,Rejected by the driver
51049,2047,27709,2022-04-12,Success
39429,2216,6637,2023-02-17,Success
39381,1961,26095,2022-09-20,Success
14197,1025,1617,2022-08-07,Success
30734,704,13661,2022-04-24,Success
49907,1193,19381,2023-02-24,Cancelled by the passenger
6811,1736,15163,2022-09-15,Success
45452,2221,36476,2023-03-11,Rejected by the driver
33037,1732,15275,2023-02-10,Success
51101,739,23713,2023-01-04,Success
44965,879,8564,2023-02-01,Success
46424,1666,29759,2022-08-06,Rejected by the driver
54373,1939,27126,2022-07-01,Cancelled by the passenger
11704,2171,11800,2022-06-09,Success
46535,286,11293,2022-09-08,Success
11549,1455,32152,2022-07-16,Success
17294,452,11708,2023-02-02,Success
3142,846,27663,2023-03-03,Rejected by the driver
50458,2028,13303,2023-02-05,Success
17255,2302,14016,2022-05-02,Success
41883,1391,17902,2022-11-08,Rejected by the driver
24320,979,13583,2023-03-11,Success
53393,1714,25510,2022-06-10,Success
58903,613,6931,2023-01-09,Cancelled by the passenger
49188,1763,32154,2022-09-05,Success
31801,600,12142,2022-08-11,Success
30087,845,35000,2022-08-28,Success
18428,718,38784,2022-03-12,Success
29243,1951,31905,2022-11-27,Success
2172,1341,13697,2022-04-25,Success
49784,2766,22421,2022-06-23,Success
9756,1846,19740,2023-01-09,Success
51125,1247,35192,2023-04-05,Success
3457,1177,30689,2023-02-11,Success
45659,1652,8137,2022-05-16,Success
45982,2226,15745,2023-03-24,Success
36878,863,15892,2022-08-12,Cancelled by the passenger
20088,642,34189,2022-11-21,Rejected by the driver
20547,1717,31621,2022-11-13,Cancelled by the passenger
34183,1845,17290,2022-11-22,Success
28237,2396,12370,2023-02-13,Cancelled by the passenger
42709,833,16009,2023-03-05,Success
22050,1385,27573,2022-12-21,Success
53314,60,9239,2022-03-29,Success
56749,1517,33177,2023-01-09,Success
54419,1284,27250,2022-10-17,Success
10045,988,14881,2023-04-09,Cancelled by the passenger
12491,678,12095,2023-03-25,Success
2810,1727,1074,2022-07-03,Rejected by the driver
36755,82,18634,2023-01-16,Rejected by the driver
46354,1770,22107,2023-03-09,Success
12467,534,16762,2022-05-18,Cancelled by the passenger
55550,1399,2902,2022-06-18,Success
15349,2479,20576,2022-10-24,Cancelled by the passenger
34611,1799,865,2022-07-03,Success
34430,1146,25218,2022-06-28,Success
18309,2103,12864,2022-04-26,Rejected by the driver
58474,2330,16418,2022-11-13,Success
32369,1274,9770,2022-12-19,Success
38690,2343,4168,2022-04-05,Success
50665,2741,9613,2022-11-22,Success
46405,1457,8600,2023-04-01,Cancelled by the passenger
17611,2434,18129,2022-06-14,Success
1531,802,29568,2022-11-24,Success
56263,1706,26692,2022-07-10,Rejected by the driver
34566,569,39351,2022-06-06,Success
39968,191,36213,2022-06-16,Success
57814,1521,38737,2022-04-26,Success
52222,1668,2152,2023-03-02,Success
29522,2646,37183,2022-05-05,Success
49475,2809,18362,2022-11-17,Success
35018,719,9289,2022-03-18,Success
48502,1041,38348,2022-08-12,Rejected by the driver
20970,91,34696,2022-03-20,Success
13774,2913,20106,2023-01-10,Success
46034,1503,36447,2022-09-20,Success
43587,459,26191,2022-07-07,Success
23859,2880,38200,2022-09-19,Success
9859,251,38362,2022-05-25,Success
38320,1670,19209,2022-12-16,Success
24097,1866,28672,2022-05-08,Success
26658,1226,24611,2022-11-05,Success
28695,1770,1408,2022-05-11,Success
12237,2779,34105,2022-07-24,Cancelled by the passenger
5249,10,20810,2022-10-11,Rejected by the driver
47776,913,15426,2022-07-19,Success
24500,1164,15549,2023-01-03,Success
38256,363,20054,2022-07-08,Success
31406,381,5249,2022-10-24,Success
38867,1175,1671,2023-01-06,Success
17575,520,26841,2022-12-11,Success
57593,645,16644,2022-09-26,Success
40437,1527,11981,2022-05-03,Success
21013,887,24811,2022-04-30,Cancelled by the passenger
48076,748,18827,2022-08-27,Cancelled by the passenger
55454,1608,19639,2022-05-08,Success
35727,1733,29034,2023-01-29,Success
38064,1085,15184,2022-12-17,Success
33993,2047,9015,2022-04-26,Success
33708,930,27114,2022-06-17,Success
8764,2580,38822,2022-10-08,Success
39067,1369,30748,2023-01-08,Success
19288,2135,29856,2022-07-06,Success
51515,625,35471,2023-03-31,Rejected by the driver
31128,2852,18898,2022-07-17,Success
43627,2231,14778,2022-12-04,Success
53385,28,17609,2022-07-28,Success
47347,919,25398,2022-10-10,Success
351,2056,37871,2023-02-03,Success
45510,2103,7152,2022-09-04,Success
39419,2021,4461,2022-09-29,Success
7226,244,38733,2022-06-09,Success
13702,2533,32093,2022-04-04,Rejected by the driver
48138,1550,22395,2022-04-19,Success
53826,2841,27558,2022-09-13,Success
45103,1108,1910,2022-04-28,Success
22180,2073,25929,2022-10-28,Success
58376,1433,26516,2022-04-03,Success
34588,592,24073,2022-04-07,Success
46368,846,7651,2022-10-03,Success
59349,2679,8883,2022-09-29,Success
19327,1089,38936,2022-09-13,Success
21324,511,35750,2022-10-29,Rejected by the driver
34204,233,9385,2023-03-07,Success
43924,1476,39002,2022-12-04,Success
15610,1222,8861,2022-07-31,Rejected by the driver
46251,1657,8188,2022-03-27,Success
609,503,1766,2022-06-11,Success
54278,132,22454,2022-11-17,Rejected by the driver
14202,2437,10646,2022-07-09,Success
3688,1673,19107,2023-02-17,Rejected by the driver
33806,2530,13280,2022-05-24,Success
31030,2783,20391,2022-06-24,Success
19342,1711,9147,2022-03-13,Success
34527,1377,28995,2022-08-21,Success
44030,1158,16199,2022-04-03,Rejected by the driver
3721,2674,10116,2022-07-06,Success
28706,326,19614,2022-11-26,Success
36457,221,22600,2022-12-24,Success
874,2104,35918,2022-09-09,Success
29682,1784,33085,2022-09-16,Success
37956,1074,37076,2022-12-15,Success
14678,1444,8756,2023-01-14,Success
39961,1101,11679,2022-12-17,Rejected by the driver
49357,546,14174,2022-08-21,Success
30285,1574,33097,2023-03-05,Rejected by the driver
4687,1746,26888,2022-03-31,Success
2445,940,39954,2022-03-28,Success
41452,1475,138,2022-06-01,Success
32598,1808,5536,2022-04-27,Success
22264,369,9952,2022-05-28,Cancelled by the passenger
4345,1311,5474,2022-06-06,Success
29358,737,24388,2022-07-31,Success
35428,1146,22381,2022-07-24,Success
18488,1184,32866,2022-11-24,Success
34085,1752,37286,2022-07-06,Success
5474,2937,20514,2022-08-13,Rejected by the driver
43591,1327,23251,2022-11-15,Success
26616,1835,4452,2022-11-24,Success
11009,970,22719,2022-05-11,Success
44,588,20248,2022-09-04,Success
39976,2934,1100,2022-09-05,Success
19204,1016,33685,2023-02-25,Cancelled by the passenger
16854,1744,12195,2022-10-29,Success
56837,2069,19764,2022-12-06,Success
35900,1733,26379,2023-01-21,Rejected by the driver
9642,2172,15718,2022-08-17,Rejected by the driver
21226,494,16764,2022-06-25,Rejected by the driver
7933,1078,18091,2023-03-01,Success
43790,1778,24372,2022-06-20,Rejected by the driver
42655,1813,11211,2022-11-01,Success
17819,2633,18468,2022-05-31,Success
6555,2886,760,2022-04-10,Success
1823,2365,39887,2023-02-17,Success
18193,2481,10233,2023-03-05,Success
6037,48,9059,2022-06-27,Success
59582,406,31134,2022-07-13,Rejected by the driver
4559,1545,14524,2022-09-26,Rejected by the driver
27619,1257,2073,2022-12-03,Rejected by the driver
51595,263,11926,2022-05-06,Success
638,1209,37780,2022-10-21,Success
42769,637,12038,2022-10-18,Success
45791,799,14517,2022-06-22,Rejected by the driver
39338,2496,9287,2022-04-19,Success
52623,1769,21802,2023-01-24,Success
6392,1283,12376,2022-09-02,Success
31336,252,35345,2022-05-23,Success
9130,2351,14607,2022-12-21,Success
39799,2703,22402,2022-11-02,Success
11219,2061,7315,2022-08-14,Cancelled by the passenger
37655,396,15962,2022-06-20,Success
2275,2401,15266,2022-08-30,Cancelled by the passenger
26330,1307,22834,2023-03-29,Rejected by the driver
22447,2157,4548,2022-11-04,Success
38926,305,21697,2022-11-19,Cancelled by the passenger
56502,1600,24997,2022-08-07,Success
49045,1573,20505,2023-04-06,Success
23465,202,35561,2022-10-14,Success
45011,1889,10445,2022-12-06,Rejected by the driver
38674,1579,24459,2022-08-23,Success
16000,747,28228,2022-08-22,Rejected by the driver
38043,171,14400,2022-03-18,Success
11764,661,33109,2022-10-14,Rejected by the driver
54685,1432,26178,2023-03-12,Success
27684,2539,24670,2022-04-22,Success
55862,1745,22747,2022-08-30,Success
52675,1085,15106,2023-01-02,Rejected by the driver
42337,2552,12231,2023-03-26,Success
36309,2825,4054,2022-09-09,Success
31554,2763,29771,2023-02-27,Success
46747,1540,7504,2023-02-04,Rejected by the driver
27469,2894,2977,2022-11-21,Success
26098,2896,33005,2022-11-19,Success
44840,2794,21009,2022-06-28,Rejected by the driver
44861,2092,16334,2022-12-23,Success
19653,2438,26381,2022-11-07,Success
15152,1280,9298,2022-05-12,Success
6250,2581,39703,2022-03-21,Cancelled by the passenger
33764,1678,3917,2023-02-13,Success
17051,2437,22393,2023-01-04,Success
23327,518,24129,2022-06-20,Rejected by the driver
25951,202,23040,2023-02-07,Success
44628,2025,33143,2023-02-19,Success
20668,750,17911,2022-09-07,Success
11665,2897,28644,2022-09-28,Success
34127,357,17951,2023-03-14,Success
51535,1385,19661,2023-01-22,Success
50801,2560,28230,2022-11-20,Success
23223,1816,6563,2022-04-08,Success
29348,181,25510,2022-03-18,Success
44719,2582,13683,2022-11-16,Success
12382,576,23468,2022-07-22,Success
27174,1511,7862,2022-05-28,Success
59868,273,36327,2022-05-06,Success
40871,2633,21012,2022-10-23,Rejected by the driver
1626,1596,31518,2022-10-30,Success
21495,2169,16701,2022-11-08,Success
485,2165,27319,2022-07-05,Rejected by the driver
46351,311,14709,2023-01-03,Success
30298,2986,5412,2023-01-10,Cancelled by the passenger
6537,1144,39114,2022-07-07,Success
43617,2843,26348,2022-06-30,Success
34150,2878,1074,2022-10-31,Success
42194,1689,32237,2022-05-13,Success
21682,1253,23029,2022-10-04,Success
42764,1010,3290,2022-12-13,Rejected by the driver
28314,982,1995,2022-07-13,Success
31716,2885,20590,2023-01-22,Success
33504,1747,4308,2022-11-24,Success
42200,2277,15827,2023-02-26,Rejected by the driver
35723,1383,27431,2023-03-24,Rejected by the driver
55215,53,4194,2022-07-08,Success
47405,1811,28669,2022-06-21,Success
43219,2474,3691,2022-10-23,Success
40318,997,19419,2023-03-20,Rejected by the driver
51819,2137,23368,2022-08-08,Success
26119,117,20736,2023-03-15,Success
53808,1651,20545,2022-05-18,Rejected by the driver
54578,661,2391,2022-05-11,Success
18324,1265,22902,2022-09-05,Rejected by the driver
6399,2643,16319,2022-10-04,Success
27368,2337,24669,2022-05-01,Rejected by the driver
55464,372,31572,2022-12-01,Success
52253,1607,29419,2023-01-22,Rejected by the driver
47807,121,39897,2022-10-30,Success
44141,663,37967,2022-06-23,Success
53554,1021,31624,2022-11-28,Rejected by the driver
31351,908,8024,2022-04-14,Success
42987,690,19584,2023-01-06,Success
43373,1919,9620,2022-10-05,Success
35017,2456,145,2022-12-28,Success
5880,315,27402,2022-12-02,Success
20979,963,30451,2022-08-14,Success
24065,2161,18724,2023-04-06,Success
42893,1700,22670,2022-11-12,Success
11481,984,19804,2022-11-02,Success
30384,2089,11141,2022-09-18,Success
3345,1330,22056,2022-05-26,Success
32906,1929,38119,2022-11-24,Success
59877,898,1809,2023-01-02,Success
59195,2831,1366,2023-02-22,Success
58269,2784,20563,2023-02-04,Success
36141,1540,11868,2022-07-22,Success
55777,2479,17223,2022-12-30,Cancelled by the passenger
495,296,5921,2022-08-22,Success
25214,68,35061,2022-07-15,Success
3325,2217,25901,2022-07-21,Success
24897,1476,8061,2022-07-05,Success
43170,486,34771,2022-06-18,Cancelled by the passenger
27696,1457,3745,2022-07-20,Cancelled by the passenger
54216,1535,37690,2022-06-22,Success
54808,2800,17794,2023-03-18,Success
9075,1279,2443,2022-05-26,Success
7462,1620,29412,2022-12-04,Success
59041,1975,32208,2023-04-01,Success
47825,177,17527,2022-11-09,Success
58349,1781,8121,2022-05-07,Cancelled by the passenger
46982,2344,30649,2022-12-20,Rejected by the driver
38436,1257,2260,2022-10-21,Rejected by the driver
21355,2489,32937,2022-05-17,Cancelled by the passenger
38250,2593,30673,2022-11-21,Success
55818,574,17286,2022-05-02,Success
9533,1245,37073,2023-03-14,Success
41895,1122,9189,2023-02-09,Success
38401,214,1941,2022-04-03,Success
43160,2566,10021,2022-09-11,Success
11108,163,5300,2022-11-10,Success
49140,2755,28943,2022-07-09,Success
26874,878,18625,2023-01-06,Success
44954,123,27102,2022-09-19,Success
52596,588,22066,2023-03-23,Success
22877,2606,2406,2022-07-13,Success
18014,2808,5174,2022-05-13,Cancelled by the passenger
47947,916,14160,2022-05-05,Success
53763,2260,8841,2023-02-01,Success
4364,902,30828,2022-07-19,Success
59687,2575,20645,2023-03-18,Success
34864,1505,5714,2022-07-30,Success
10136,78,13896,2022-10-16,Success
47609,1022,8832,2022-12-20,Success
8144,622,26708,2022-03-16,Success
58950,169,21034,2022-10-03,Success
56975,1387,32434,2022-10-03,Success
30159,2584,19010,2022-07-20,Success
27197,1340,27269,2022-03-14,Success
20584,1890,25121,2023-02-23,Success
40385,2153,22632,2022-11-07,Success
8734,326,13880,2022-10-15,Success
40600,2208,10195,2022-12-13,Success
50941,814,28409,2022-04-29,Rejected by the driver
51720,1199,24048,2023-01-04,Success
34413,2654,9586,2022-07-29,Rejected by the driver
49952,660,18774,2022-08-05,Success
38810,860,27814,2022-11-14,Rejected by the driver
40619,910,28938,2022-05-07,Rejected by the driver
44701,645,30492,2023-01-12,Cancelled by the passenger
13056,2153,2523,2022-08-05,Success
22263,2242,22138,2022-06-01,Success
59638,314,9655,2022-06-16,Rejected by the driver
23876,2985,38859,2023-04-08,Success
7523,249,3406,2022-07-25,Success
25886,2929,25308,2022-05-13,Success
35071,1118,25286,2022-04-15,Success
36073,1892,31619,2022-06-11,Success
15762,2093,2202,2022-07-06,Success
4841,1205,7996,2022-10-13,Success
27652,2687,2325,2022-09-08,Success
56741,2701,29071,2022-03-22,Success
41172,712,558,2022-08-17,Success
25784,2388,22676,2023-01-22,Rejected by the driver
27333,103,32888,2023-03-19,Success
31785,2713,2461,2022-06-08,Success
3665,759,23787,2022-11-27,Success
46831,2649,16476,2023-01-15,Success
2474,1306,15946,2022-05-27,Success
20147,514,17889,2023-01-31,Rejected by the driver
27963,1552,5013,2022-05-15,Success
9387,1112,23459,2022-11-16,Success
49584,123,5538,2022-08-31,Rejected by the driver
110,688,10965,2022-06-01,Success
21296,603,9752,2022-10-28,Success
58595,2411,1613,2022-03-20,Success
2051,2702,33527,2023-04-02,Success
46706,2579,34980,2022-08-14,Success
46954,2171,2517,2022-11-08,Rejected by the driver
4224,1084,28968,2022-11-23,Success
9375,1559,26860,2022-12-11,Rejected by the driver
36220,1382,36039,2022-12-13,Rejected by the driver
25408,258,30947,2022-06-27,Cancelled by the passenger
39795,452,16783,2022-06-18,Success
6954,2586,2536,2022-09-12,Success
2654,1913,37784,2022-05-04,Cancelled by the passenger
398,2194,6326,2022-04-22,Success
50477,500,36989,2023-01-09,Success
28130,671,15036,2022-06-12,Success
36782,231,26667,2023-03-01,Success
44497,599,4158,2022-07-02,Cancelled by the passenger
4552,2787,5519,2022-09-22,Cancelled by the passenger
24753,2676,18009,2022-03-20,Success
40236,125,7891,2022-10-03,Success
40275,2432,7177,2023-04-04,Cancelled by the passenger
44776,967,33065,2022-11-02,Cancelled by the passenger
4123,101,18244,2022-08-08,Rejected by the driver
18176,2560,27253,2022-10-06,Success
57546,785,11797,2022-06-07,Success
48290,1558,30921,2023-02-08,Cancelled by the passenger
58332,1968,31308,2022-08-02,Success
57813,2137,31644,2023-02-10,Success
28512,97,2667,2022-09-28,Cancelled by the passenger
49937,2332,762,2022-11-15,Success
58318,22,22429,2023-01-27,Success
59865,2956,15426,2022-05-21,Success
54656,207,9554,2023-04-08,Success
2369,1994,1731,2022-09-21,Success
7698,130,17429,2022-04-09,Success
34119,2208,28229,2022-04-19,Success
23735,444,20657,2022-04-20,Success
37074,2478,3075,2022-07-10,Success
50240,1198,7361,2022-12-05,Success
57817,1727,28974,2023-02-24,Success
23225,231,2619,2022-06-03,Cancelled by the passenger
35104,637,29142,2022-05-06,Cancelled by the passenger
33303,1872,4434,2022-12-23,Success
16694,2393,38246,2023-01-07,Rejected by the driver
48850,824,6424,2022-11-17,Cancelled by the passenger
47549,302,34027,2022-12-24,Rejected by the driver
8300,1550,35987,2022-10-03,Success
4777,404,31481,2023-01-23,Success
45623,1925,22960,2023-02-11,Success
45590,2840,14146,2023-01-11,Success
40512,1241,38924,2022-05-20,Success
19369,373,3125,2022-04-22,Success
16861,2890,34015,2022-04-09,Success
44959,2317,15785,2022-11-12,Success
52150,2895,35059,2023-03-18,Success
4021,884,15447,2022-11-22,Success
44332,1525,31713,2022-05-08,Success
20181,2192,6445,2023-02-22,Success
58945,2204,13769,2022-05-15,Success
44036,1536,1340,2022-09-07,Success
41110,2309,20940,2022-10-30,Success
54945,1961,28694,2023-01-15,Success
8457,109,15768,2023-04-05,Success
25394,410,23081,2023-01-26,Success
51857,2264,27372,2022-10-28,Rejected by the driver
30520,2688,28684,2022-12-02,Success
20804,1451,4188,2022-08-19,Success
39213,2250,29557,2023-01-26,Success
50940,1348,31865,2023-02-15,Rejected by the driver
13981,1673,5602,2022-11-27,Success
41877,2010,6470,2023-03-16,Success
33666,2180,16940,2022-12-19,Success
50425,1564,35798,2022-09-03,Success
36581,1143,28233,2022-04-19,Success
35835,679,6418,2022-07-23,Success
55210,1948,6995,2022-12-01,Success
49635,2995,11951,2022-05-06,Success
7022,1060,16484,2022-07-04,Cancelled by the passenger
18990,316,9538,2022-04-24,Success
22695,1463,38779,2023-03-14,Success
53825,1403,1402,2023-01-05,Success
7311,2631,25428,2022-12-08,Success
49942,912,15557,2023-03-10,Success
54406,2970,12322,2023-03-31,Cancelled by the passenger
30805,1690,8237,2022-05-16,Success
42058,76,26989,2023-01-15,Cancelled by the passenger
17724,864,8866,2022-12-21,Success
48410,2527,35429,2022-04-06,Success
52102,1811,14478,2022-07-03,Success
44951,1818,4366,2022-06-29,Rejected by the driver
56728,1615,13493,2023-03-19,Success
16939,2787,147,2022-09-20,Success
38442,1342,28820,2022-11-23,Rejected by the driver
55779,2493,28981,2022-12-13,Success
40589,979,32010,2022-08-02,Success
40591,520,37210,2023-02-16,Success
49735,1898,32279,2023-03-29,Success
16111,2022,32392,2022-12-14,Success
19878,669,12025,2023-02-19,Success
36406,2785,12453,2022-11-08,Success
54075,1111,31749,2022-12-17,Success
2798,2156,2504,2022-06-23,Success
35234,545,8412,2022-11-24,Success
54906,642,6388,2022-04-22,Success
57222,525,5435,2023-01-18,Success
54798,2235,27726,2022-10-16,Success
38626,1700,19582,2022-10-19,Rejected by the driver
44809,1813,31675,2023-04-02,Success
29756,1057,10099,2023-02-06,Success
6559,978,28422,2022-12-03,Success
40284,1797,39378,2022-04-18,Success
11289,1332,29175,2022-08-19,Success
43738,662,33222,2022-07-06,Success
21605,812,7664,2022-08-20,Success
42862,1046,20703,2022-05-24,Success
48270,1592,2473,2022-09-26,Success
30230,2488,33134,2023-01-30,Rejected by the driver
11313,2775,19533,2022-07-22,Success
58805,1851,20437,2022-09-14,Success
32986,2502,5625,2023-03-10,Success
34695,295,19063,2023-03-17,Cancelled by the passenger
12420,400,24723,2022-05-13,Cancelled by the passenger
18565,1121,30181,2022-08-22,Rejected by the driver
39543,2227,17938,2022-09-06,Success
31942,448,6734,2022-07-29,Success
25814,1560,24029,2022-11-25,Success
45874,286,608,2022-05-11,Success
10468,2954,22361,2022-10-12,Success
649,1597,29443,2023-04-01,Rejected by the driver
38848,1708,24488,2022-11-02,Success
18712,654,12588,2022-09-22,Success
6654,2872,35709,2022-04-19,Cancelled by the passenger
7676,147,5953,2022-08-21,Success
46591,560,6817,2022-12-22,Success
3017,1828,25973,2023-02-13,Success
10480,1461,14695,2023-02-05,Cancelled by the passenger
23636,516,27964,2022-12-20,Success
2661,1243,23157,2022-06-03,Success
21897,1826,519,2022-10-03,Success
24990,1804,25334,2022-06-28,Success
10123,440,38276,2022-05-26,Rejected by the driver
57130,1777,19092,2023-01-22,Success
32270,1565,5708,2022-03-28,Success
26765,2341,5008,2022-08-14,Success
35825,2482,39620,2022-11-06,Success
29356,2399,17199,2023-01-01,Success
20868,464,8368,2022-12-20,Rejected by the driver
28491,1921,13730,2022-08-29,Success
942,2162,37439,2022-04-17,Success
15636,1952,38236,2023-03-20,Success
28473,2304,27328,2022-12-27,Success
48902,1839,9906,2022-11-03,Success
45351,2825,30581,2023-02-10,Rejected by the driver
28606,371,15224,2022-05-10,Rejected by the driver
33401,518,16783,2022-04-17,Rejected by the driver
4780,1035,7938,2022-09-12,Success
50402,1150,16354,2023-01-09,Success
25134,708,7504,2023-01-18,Success
24776,311,26727,2022-05-09,Success
51045,1550,32720,2022-07-19,Success
57921,843,10174,2022-09-11,Success
20666,2871,33764,2022-08-20,Success
51480,2104,34394,2022-03-29,Success
8924,2264,25205,2023-01-09,Success
56874,358,13188,2022-08-31,Success
39486,2474,33505,2022-09-01,Success
52474,942,12136,2022-04-09,Success
50545,1021,7342,2023-03-17,Success
27767,339,32258,2022-04-29,Success
29475,2771,20834,2022-05-14,Success
39145,1836,37955,2023-02-19,Cancelled by the passenger
7887,2927,26048,2022-07-28,Success
26177,914,28934,2022-06-22,Cancelled by the passenger
33408,2747,839,2022-08-04,Cancelled by the passenger
2597,72,39115,2022-06-16,Success
4522,325,35859,2022-09-28,Success
48253,1148,24014,2022-03-29,Success
45932,58,5685,2022-11-21,Success
47209,462,26442,2023-02-11,Success
30148,1020,19186,2022-11-23,Success
18385,1948,18610,2023-02-02,Success
7813,458,33711,2022-05-21,Success
17047,2787,31293,2022-04-12,Success
57019,1540,18459,2022-10-17,Cancelled by the passenger
42315,232,39118,2023-01-19,Success
52179,1069,624,2022-11-29,Success
52526,675,1127,2022-12-22,Success
47821,304,1626,2022-07-13,Success
15194,1136,16224,2023-01-16,Success
15150,2752,436,2023-01-09,Success
34833,2428,37905,2022-07-30,Rejected by the driver
43614,2623,30977,2022-11-01,Success
52599,2664,8009,2023-01-06,Cancelled by the passenger
2349,2223,33707,2022-07-23,Cancelled by the passenger
57966,2985,22448,2022-05-31,Success
47550,1567,4714,2022-05-09,Success
36993,2161,1318,2022-03-31,Cancelled by the passenger
24006,2099,1725,2023-03-07,Success
58526,427,3868,2023-01-26,Success
27350,2093,32761,2022-09-04,Success
15515,860,36787,2023-03-31,Rejected by the driver
13045,2792,28913,2022-09-26,Success
10790,18,38241,2022-06-19,Success
9760,1651,30440,2022-06-01,Rejected by the driver
46647,2014,1288,2023-03-02,Rejected by the driver
43521,2485,28240,2022-06-11,Success
41995,2217,23230,2022-05-02,Success
31370,2011,11745,2022-09-30,Rejected by the driver
55238,2135,32534,2022-04-08,Rejected by the driver
43994,1531,17356,2022-08-08,Success
35364,1644,10121,2022-07-14,Success
34003,1973,15532,2022-12-14,Cancelled by the passenger
46335,750,9330,2022-11-09,Success
41651,2381,25942,2023-03-12,Cancelled by the passenger
56653,2170,11009,2023-03-29,Success
9068,2895,33211,2022-08-16,Success
35435,672,8533,2022-05-22,Success
59959,2192,18993,2022-07-18,Cancelled by the passenger
354,2411,8813,2022-06-24,Rejected by the driver
41981,402,26221,2022-04-18,Rejected by the driver
830,2627,14268,2022-03-21,Rejected by the driver
1741,1643,12143,2022-07-17,Success
14251,99,28028,2023-03-01,Success
14337,2541,4465,2022-03-16,Success
21126,2503,15218,2022-04-11,Success
17989,2765,25391,2023-01-28,Rejected by the driver
18880,904,19718,2022-05-24,Success
30439,2423,37416,2022-06-25,Success
58180,2370,29743,2022-12-18,Success
22732,2304,8883,2022-09-10,Success
48058,488,24389,2022-08-25,Success
44108,1129,24512,2022-12-27,Success
56169,1990,6586,2023-03-07,Success
18408,1577,6624,2022-05-02,Success
43638,2911,6773,2023-01-22,Success
36065,2525,10041,2022-11-19,Success
4762,928,30238,2022-05-31,Success
11342,400,22598,2022-11-16,Success
53774,1619,9108,2022-09-23,Success
46096,693,14257,2023-01-08,Rejected by the driver
11967,1615,26911,2022-06-29,Success
54405,2173,33200,2022-11-18,Success
4885,257,15980,2023-01-29,Success
23535,1468,20541,2022-07-10,Success
44751,109,14893,2023-03-14,Success
26133,2009,18311,2022-11-21,Success
31985,450,1801,2022-05-08,Success
56221,964,27774,2022-06-22,Success
35713,1887,5142,2022-05-28,Success
13118,1729,7072,2022-07-03,Success
22289,1709,11712,2022-10-27,Success
54246,1514,39274,2022-11-10,Success
9356,1561,11492,2022-11-21,Rejected by the driver
23179,557,38484,2022-09-05,Success
58773,1331,9140,2022-04-17,Success
17909,2913,1554,2022-11-18,Rejected by the driver
7122,776,28255,2023-03-06,Success
37603,205,688,2023-02-15,Success
52287,2691,34297,2022-05-16,Success
15572,1549,27939,2022-11-21,Success
20710,198,22868,2022-03-14,Cancelled by the passenger
24169,2932,3992,2023-04-03,Success
39355,780,38544,2022-10-07,Success
12204,2788,9437,2022-06-22,Cancelled by the passenger
30669,440,31274,2022-03-30,Rejected by the driver
12446,2489,23374,2023-01-21,Success
53508,2442,2511,2023-04-01,Rejected by the driver
14274,1973,8532,2022-05-20,Success
21083,187,25444,2022-05-23,Success
24138,1074,10305,2022-12-04,Cancelled by the passenger
23290,2138,29779,2022-04-02,Rejected by the driver
3843,2144,25206,2023-02-03,Success
40842,63,13533,2022-06-01,Cancelled by the passenger
3692,798,25656,2022-06-21,Success
23328,242,24026,2022-04-15,Success
48226,2244,35364,2022-11-12,Success
38378,2539,6192,2022-07-24,Success
59075,1939,1710,2022-05-21,Success
12564,2637,27872,2022-09-27,Success
5527,1509,25552,2022-10-15,Rejected by the driver
43650,1646,29992,2022-12-11,Cancelled by the passenger
33356,2847,18825,2022-04-22,Success
48875,1501,15581,2022-10-30,Success
14793,2141,22603,2023-03-25,Success
33955,2752,7036,2023-03-11,Cancelled by the passenger
42323,1002,24553,2023-02-16,Success
54189,2239,5439,2022-10-30,Success
34639,918,34431,2022-11-17,Success
46799,1078,33611,2022-07-20,Rejected by the driver
47613,215,6949,2022-04-24,Success
5774,256,15431,2022-04-14,Rejected by the driver
3466,1205,38182,2023-01-09,Cancelled by the passenger
31655,43,6849,2022-10-19,Success
29107,539,27231,2022-12-23,Success
25368,2223,4078,2023-03-23,Success
13791,2939,20593,2022-04-01,Success
50174,2319,18799,2022-11-17,Success
22524,945,6060,2022-09-29,Rejected by the driver
22913,1237,26460,2022-08-31,Success
36408,349,24814,2022-09-23,Success
52662,1821,35343,2023-01-15,Success
21037,2059,8702,2023-04-03,Success
47515,2525,3500,2022-10-20,Success
13069,2365,25847,2022-06-08,Success
38333,1017,14200,2022-07-08,Cancelled by the passenger
17778,2322,709,2023-01-09,Success
24970,94,26069,2022-11-27,Success
695,607,1899,2022-10-17,Success
46655,1388,35310,2022-07-18,Cancelled by the passenger
25750,1623,32902,2022-05-25,Success
17048,2925,27889,2022-06-19,Success
16790,2385,20792,2022-12-02,Cancelled by the passenger
19388,206,29092,2022-09-13,Success
40207,1749,24572,2023-02-05,Success
40574,2471,38917,2022-12-26,Rejected by the driver
15006,1799,26468,2022-10-04,Success
53664,772,32490,2022-08-19,Success
6428,294,25870,2022-07-21,Rejected by the driver
1345,1255,24388,2022-11-30,Success
858,2705,24387,2022-10-23,Success
14441,2762,10590,2023-04-03,Rejected by the driver
9863,2415,31393,2023-01-06,Rejected by the driver
32313,1218,13920,2023-03-29,Success
55848,1740,39055,2023-03-12,Success
45133,2273,32681,2022-07-01,Success
31166,2683,19398,2023-01-30,Success
43548,2981,28407,2022-08-24,Success
58159,2011,17138,2022-03-17,Success
25247,311,8616,2023-03-14,Rejected by the driver
22201,407,23429,2022-06-22,Rejected by the driver
38007,2030,28829,2022-11-13,Success
23982,341,33936,2022-11-17,Cancelled by the passenger
2303,631,8800,2022-08-08,Success
20352,2012,39945,2022-08-04,Success
24529,293,39681,2022-04-18,Success
13598,445,123,2023-01-28,Success
48883,237,34796,2022-12-25,Success
43069,2279,29224,2022-10-28,Success
35783,2064,11850,2022-03-26,Success
39269,2160,16587,2022-12-14,Success
8428,1593,23982,2022-03-16,Success
32410,2689,23742,2023-03-02,Success
17701,1121,26713,2022-10-28,Rejected by the driver
59293,2297,38435,2022-08-14,Success
58252,1335,24701,2022-07-29,Cancelled by the passenger
37532,946,7608,2022-09-03,Success
14443,654,16614,2022-11-02,Rejected by the driver
25603,856,36618,2022-12-04,Success
15303,2892,34950,2023-02-20,Success
23306,2429,34304,2022-10-14,Success
50348,2239,21412,2022-12-05,Rejected by the driver
1447,1913,34419,2022-10-19,Success
58590,387,559,2023-02-01,Success
34468,129,26062,2023-04-06,Success
904,2069,22869,2022-12-10,Success
59292,1906,26812,2023-01-08,Rejected by the driver
24420,969,11829,2022-04-29,Success
26801,1628,31298,2022-11-29,Success
20084,2962,26517,2022-12-12,Cancelled by the passenger
59160,1488,11778,2022-07-02,Success
8904,1743,31847,2023-02-13,Success
24107,309,22155,2022-11-22,Success
27704,823,17018,2022-09-10,Success
7450,1459,14060,2023-04-12,Success
11401,1177,18958,2022-08-01,Success
5708,1133,13957,2023-01-05,Success
52750,651,14631,2022-10-12,Success
31386,63,25274,2023-03-10,Success
20080,223,264,2023-03-22,Success
28406,2488,1263,2022-12-05,Success
3224,2940,23426,2022-05-01,Success
4093,2498,34408,2022-12-18,Success
3510,2113,1270,2022-06-06,Rejected by the driver
16925,2583,6001,2023-03-05,Rejected by the driver
41149,2985,9865,2023-03-05,Success
23573,391,10540,2023-02-06,Success
40748,1334,35644,2022-04-11,Success
563,596,13483,2022-08-11,Success
51273,1692,9299,2022-08-04,Success
4253,2690,36466,2022-05-29,Success
18413,2896,23121,2022-06-15,Success
39686,2833,26801,2022-04-07,Success
54124,2512,33838,2022-06-13,Success
27556,1699,8776,2022-07-06,Success
52297,2507,13627,2022-09-15,Success
32223,2475,6162,2023-02-07,Rejected by the driver
46174,178,7915,2022-06-03,Success
39360,1877,20511,2022-07-10,Success
38294,1593,38167,2023-01-08,Rejected by the driver
52188,149,33249,2022-07-24,Success
21613,555,37945,2023-03-19,Success
10531,2213,29525,2022-07-20,Success
55866,1099,23103,2022-03-28,Success
28883,2598,21837,2023-01-09,Success
56079,2522,7898,2023-04-14,Success
626,831,21941,2022-04-21,Success
49903,1548,4857,2022-10-24,Success
35602,2597,39032,2023-03-21,Success
56281,2374,13040,2022-10-25,Rejected by the driver
30881,2999,4325,2022-06-08,Success
43426,1892,7138,2022-09-28,Success
29853,1140,30842,2022-12-08,Cancelled by the passenger
39144,1697,30994,2022-05-12,Success
3397,2763,35450,2023-04-04,Success
8055,666,26181,2022-10-30,Success
30712,2576,15875,2022-07-14,Success
13820,2920,35528,2022-07-08,Rejected by the driver
30423,2145,38588,2022-05-19,Rejected by the driver
2017,721,29450,2022-06-13,Success
28469,2648,23566,2023-03-30,Rejected by the driver
3355,1683,32570,2022-12-09,Rejected by the driver
22038,2529,4757,2022-12-07,Success
33660,2886,19425,2023-01-12,Success
2835,1680,2016,2022-10-27,Success
48647,2879,25819,2022-12-29,Success
10244,1357,34290,2023-01-30,Success
26453,1601,31885,2022-03-19,Success
22424,1351,32087,2022-07-16,Success
12132,1527,1734,2022-09-13,Success
18696,1077,1927,2022-12-19,Success
34872,2335,5637,2022-07-08,Cancelled by the passenger
10341,2222,34955,2022-12-21,Success
6517,1559,29228,2023-01-26,Success
10586,299,24158,2022-06-29,Success
23372,1991,19812,2022-09-19,Success
50294,2595,22880,2022-08-20,Success
38974,2882,37585,2022-12-27,Success
3499,2064,8434,2022-07-30,Success
29890,2266,13871,2022-03-28,Success
39305,2645,34861,2022-11-30,Success
30670,49,32873,2022-08-26,Success
12661,665,34928,2022-04-11,Success
17019,1169,29301,2022-05-14,Success
44895,1082,1991,2022-06-05,Success
12543,170,4082,2022-08-25,Success
24142,2553,16916,2022-06-26,Success
54768,230,3333,2023-02-11,Success
5419,222,37731,2023-01-01,Success
10939,1093,28983,2022-03-30,Cancelled by the passenger
42419,1482,26491,2022-03-15,Cancelled by the passenger
42236,380,33881,2023-02-03,Success
42714,363,35852,2022-06-18,Rejected by the driver
40117,1512,27835,2022-12-24,Success
3999,702,20844,2022-11-17,Success
25529,2552,22093,2023-04-08,Success
38856,8,7832,2022-04-05,Success
41686,2208,12198,2022-11-09,Success
10108,1193,12894,2022-10-08,Success
38065,545,35930,2022-09-19,Success
7505,1072,14169,2022-07-16,Success
18137,2945,38659,2022-04-30,Success
55837,706,14398,2022-11-28,Success
35184,2510,8887,2022-06-14,Success
37327,2608,39309,2022-11-30,Success
35829,2812,22681,2022-10-23,Success
39094,1345,16546,2022-05-29,Success
13472,1278,26683,2022-05-27,Success
24329,617,13625,2022-11-04,Rejected by the driver
46306,2940,27945,2022-08-14,Success
41459,336,7965,2022-07-02,Success
46455,1100,9998,2022-04-26,Success
27919,2931,22435,2022-08-17,Success
40198,2892,37642,2022-10-29,Success
28117,900,2508,2022-09-24,Success
17176,1556,32588,2022-07-09,Success
41630,365,34791,2022-11-13,Success
29160,1081,7944,2023-03-29,Rejected by the driver
46515,1835,6044,2022-04-27,Success
38160,2353,3672,2022-11-14,Success
27025,2442,5148,2023-01-02,Rejected by the driver
50592,675,16997,2022-10-17,Success
14664,2437,31118,2022-12-31,Success
51837,213,20291,2022-08-08,Success
5342,2171,2533,2022-06-11,Success
8694,1551,33919,2022-08-06,Success
7383,1037,21364,2022-04-05,Success
521,1431,9840,2022-04-05,Cancelled by the passenger
36506,1601,18457,2022-04-16,Cancelled by the passenger
52912,210,23264,2022-06-20,Success
57133,2726,7496,2022-06-28,Success
56276,1241,6011,2023-01-30,Success
49221,2446,36574,2023-03-26,Success
7971,1618,28013,2022-04-05,Cancelled by the passenger
44348,1587,9166,2022-11-24,Success
28352,627,30204,2022-10-06,Success
4137,976,28974,2023-03-11,Rejected by the driver
20504,1878,37720,2023-01-22,Success
53373,235,19405,2022-05-27,Rejected by the driver
50052,370,33037,2022-05-05,Success
49423,1813,3238,2022-07-27,Success
5072,2422,11568,2023-03-11,Success
52187,2159,7785,2022-07-24,Success
7322,2556,37586,2022-05-03,Success
26009,472,27598,2022-05-29,Success
35630,1782,13532,2022-06-03,Success
53897,1702,17147,2023-01-22,Success
49733,425,17604,2022-12-11,Rejected by the driver
21351,580,31252,2022-06-26,Success
512,2975,2814,2022-04-03,Success
19500,135,16663,2022-11-30,Success
18785,2360,20070,2022-05-25,Success
13718,2730,3616,2022-09-27,Success
45840,2056,21719,2022-08-13,Cancelled by the passenger
54498,2284,3563,2022-05-02,Success
48783,1223,23427,2022-06-08,Success
16434,2151,37041,2023-01-25,Success
36895,177,30079,2022-07-20,Success
8196,2291,32247,2023-01-28,Success
17456,2785,11725,2023-02-14,Success
32822,952,15688,2022-12-23,Success
30283,745,10690,2022-09-27,Success
11786,1711,39381,2022-10-16,Rejected by the driver
4430,471,12241,2023-03-26,Rejected by the driver
46797,2638,19261,2023-01-18,Success
40325,695,14559,2022-08-27,Rejected by the driver
20381,1092,24732,2022-09-30,Success
5488,2637,18864,2023-04-02,Success
12683,2035,10613,2022-07-06,Success
49918,2866,28827,2023-01-19,Success
43895,653,1285,2023-02-07,Success
17762,31,3797,2022-10-22,Success
45102,1778,37794,2022-03-28,Success
50648,685,36093,2023-04-09,Success
9752,270,5663,2022-11-05,Success
11282,2084,29841,2022-08-30,Cancelled by the passenger
27139,1441,9714,2022-09-15,Success
21629,143,38164,2022-09-07,Rejected by the driver
18776,268,21336,2023-01-17,Success
50966,2921,25357,2022-06-30,Success
56745,1736,39466,2022-11-28,Success
53781,2966,6950,2022-05-22,Rejected by the driver
53944,519,10601,2022-04-23,Success
58679,424,30821,2023-03-22,Success
31984,682,13214,2022-11-26,Success
57656,2844,24814,2022-09-29,Success
24605,812,20424,2023-01-08,Success
37339,2032,4244,2023-04-07,Success
16265,382,30531,2022-08-07,Success
38042,2406,19284,2022-12-30,Success
20109,2195,28131,2023-01-28,Success
54134,1919,37163,2022-10-31,Rejected by the driver
30806,1527,14557,2022-05-19,Success
24262,1477,9751,2023-03-07,Success
58028,750,17289,2022-05-26,Rejected by the driver
17716,632,7248,2022-05-21,Success
44550,2201,32676,2022-11-07,Rejected by the driver
58554,243,7547,2022-07-02,Success
54323,585,33688,2022-11-18,Cancelled by the passenger
6776,1919,1771,2023-01-06,Success
16459,1008,11907,2022-04-10,Success
2476,674,31018,2022-08-29,Success
7363,2958,6475,2022-06-27,Cancelled by the passenger
42395,2815,18610,2022-03-24,Success
314,657,9983,2022-04-29,Success
19152,2039,19915,2022-04-16,Rejected by the driver
45236,333,32129,2022-08-18,Success
39679,2174,37783,2022-08-27,Success
20159,2412,26277,2022-10-12,Success
15794,2290,31439,2022-10-23,Cancelled by the passenger
14954,558,26776,2022-03-24,Success
218,183,36957,2023-03-31,Rejected by the driver
56297,452,14657,2022-11-26,Success
45661,438,30348,2022-12-31,Success
5052,2151,12027,2022-03-27,Cancelled by the passenger
23676,1845,38391,2022-09-13,Success
11378,2173,35383,2022-09-30,Success
34548,1104,26197,2022-04-07,Rejected by the driver
23141,712,32206,2022-09-25,Cancelled by the passenger
22815,2653,39932,2022-08-21,Success
36615,1971,20223,2023-01-08,Success
49689,2861,2534,2023-02-01,Success
25347,1730,36010,2022-12-13,Rejected by the driver
15250,189,1397,2022-08-06,Success
4887,1099,5692,2022-07-10,Success
16576,2398,2817,2023-03-22,Success
50273,2803,18979,2022-08-15,Success
5801,1839,30890,2022-07-19,Success
5819,558,17179,2023-02-20,Success
37742,2778,24658,2022-05-11,Success
26371,300,37963,2023-01-26,Success
17275,1064,27253,2022-07-12,Success
50526,1407,28069,2022-08-12,Success
23652,2336,9875,2022-07-08,Rejected by the driver
37398,2599,21209,2022-06-30,Success
41640,1182,32791,2023-04-08,Success
3280,426,1210,2023-01-31,Success
20585,1446,37480,2022-11-02,Success
55425,119,37637,2023-03-31,Rejected by the driver
11076,2264,3228,2022-09-08,Success
37058,989,16151,2022-07-29,Success
49445,706,39456,2022-06-13,Success
32896,1884,590,2022-04-24,Success
53624,590,21502,2022-06-14,Success
19711,825,12105,2022-11-29,Cancelled by the passenger
32678,1125,18288,2023-01-12,Cancelled by the passenger
11184,1775,23714,2022-03-25,Success
45546,1420,3908,2022-08-12,Success
15764,1437,32155,2022-05-21,Success
26413,351,22242,2022-05-11,Success
23645,1980,12824,2022-11-23,Success
16818,2589,14531,2022-05-16,Success
19512,2307,3347,2022-12-06,Rejected by the driver
51570,2784,23227,2022-10-28,Success
24164,541,151,2022-05-01,Success
37433,349,7367,2022-09-18,Rejected by the driver
36291,1621,34491,2023-03-17,Rejected by the driver
48577,2034,13105,2023-03-12,Cancelled by the passenger
44318,2623,11598,2023-01-20,Success
56892,1861,23364,2023-03-07,Success
3693,33,5809,2022-11-07,Rejected by the driver
33611,1317,20434,2022-04-27,Success
59831,1485,3404,2022-06-03,Success
18838,2489,19576,2022-04-20,Cancelled by the passenger
48268,311,9055,2022-04-06,Success
41305,1186,13847,2022-03-30,Success
5041,2047,35886,2023-03-07,Success
17476,1717,28409,2022-10-09,Success
46280,1231,9820,2023-01-16,Cancelled by the passenger
4955,658,39554,2022-03-24,Success
44455,80,33575,2022-11-25,Rejected by the driver
20445,2720,29357,2023-02-15,Success
45780,729,23056,2022-09-12,Success
39738,585,25611,2022-05-05,Success
26230,2954,5681,2022-03-24,Success
26071,1175,12493,2023-03-04,Success
5939,2837,22217,2023-03-24,Success
17191,590,2082,2022-06-23,Success
4880,1815,10842,2022-06-20,Rejected by the driver
2901,670,10089,2022-10-25,Success
33307,709,14792,2023-04-02,Rejected by the driver
2039,2481,22217,2023-03-08,Success
43304,901,17008,2022-11-02,Cancelled by the passenger
25411,1437,31212,2022-04-29,Success
41108,1627,39142,2022-03-23,Success
57381,811,9558,2022-10-22,Success
47990,1242,27506,2022-12-31,Success
16661,1118,12532,2023-01-31,Success
12957,1783,11617,2023-04-13,Success
40606,858,24350,2022-04-22,Cancelled by the passenger
17676,604,39556,2022-07-09,Rejected by the driver
16887,273,8225,2022-06-15,Success
10383,1913,27149,2022-10-31,Success
9012,2199,38467,2022-06-17,Success
33425,2829,5058,2022-03-12,Success
10492,2516,9048,2022-09-26,Success
13982,1411,24838,2022-05-27,Success
24150,695,4098,2022-10-14,Success
16472,1599,10433,2022-08-19,Success
27778,1502,25270,2022-04-15,Success
53158,1864,21398,2023-04-06,Cancelled by the passenger
967,1791,17880,2022-10-01,Success
20058,2182,11871,2022-06-27,Success
1874,1675,33278,2022-06-23,Success
56419,993,23514,2022-09-16,Success
24297,1147,4375,2023-01-28,Success
44595,1076,31481,2023-01-18,Rejected by the driver
5748,1046,8415,2023-02-04,Rejected by the driver
10648,1409,35656,2022-05-21,Success
6952,2045,11850,2023-01-13,Success
26987,1789,19382,2022-11-01,Success
23661,1596,21597,2022-07-05,Success
34379,1378,6624,2023-02-26,Success
16929,2634,1528,2023-02-14,Rejected by the driver
35975,2205,22820,2023-01-18,Success
38370,1420,35922,2023-03-04,Success
838,964,13312,2022-07-20,Success
32254,2366,17661,2022-12-22,Cancelled by the passenger
24919,439,36809,2022-08-17,Success
46718,2872,27607,2022-08-24,Cancelled by the passenger
35788,1170,24473,2022-09-30,Success
45389,2654,36735,2023-03-22,Cancelled by the passenger
496,435,17303,2022-06-02,Success
51789,1626,37574,2022-11-23,Success
3640,2396,33118,2022-12-09,Success
44721,1268,31461,2022-11-10,Rejected by the driver
35231,1428,18138,2022-06-08,Success
26600,1571,11066,2023-01-15,Success
15928,1646,39131,2022-08-26,Success
45482,2218,36092,2022-03-30,Success
37460,823,18135,2022-12-20,Success
35706,1157,1774,2022-05-02,Success
23421,550,679,2023-03-28,Success
7216,214,37155,2023-03-12,Success
50808,32,5307,2023-03-27,Success
5870,208,8458,2022-10-23,Success
15576,2516,34915,2022-08-12,Cancelled by the passenger
29129,1977,30139,2022-04-03,Success
35905,2741,34329,2022-03-25,Cancelled by the passenger
34023,1758,14531,2022-05-05,Success
11654,2242,37707,2022-07-08,Success
11365,806,17095,2022-05-22,Success
35640,2433,39787,2023-04-03,Success
24403,2257,20960,2022-04-19,Success
53322,778,5521,2023-02-09,Success
46471,2250,38526,2022-04-30,Success
48236,1524,25618,2023-04-02,Success
28387,1838,30613,2022-10-13,Success
5737,2701,23659,2022-03-31,Success
37400,1967,17906,2023-01-25,Success
32413,2546,8492,2023-04-05,Success
59127,2371,28459,2022-04-30,Rejected by the driver
7680,1846,18584,2022-11-06,Rejected by the driver
22850,2741,32114,2022-07-05,Success
55918,262,19933,2022-05-10,Success
59973,2588,39041,2022-08-21,Success
2018,664,33231,2023-02-17,Success
47000,375,32245,2022-06-26,Success
37518,2096,30998,2023-01-02,Success
22108,1257,35702,2023-03-13,Success
12358,1854,31330,2022-10-11,Success
2671,760,7677,2022-06-21,Success
51167,2316,31423,2022-07-16,Success
765,185,6410,2022-10-09,Success
54896,2057,35780,2022-06-16,Success
49987,568,17554,2022-11-25,Success
31532,1217,29606,2023-02-27,Success
39509,34,15945,2022-05-10,Cancelled by the passenger
3556,1244,19240,2022-12-16,Success
15273,1385,5066,2022-09-27,Cancelled by the passenger
23822,1592,36241,2022-11-14,Cancelled by the passenger
28324,617,19086,2022-03-24,Rejected by the driver
41231,576,4943,2022-04-20,Rejected by the driver
37921,2616,38863,2022-12-16,Success
12388,1327,7145,2023-03-02,Success
4884,2920,23533,2023-01-26,Success
55763,818,39818,2022-04-25,Success
36243,2072,4051,2022-04-17,Success
2839,1224,29288,2022-11-24,Success
25190,1420,14671,2022-04-22,Rejected by the driver
9430,777,1437,2023-04-01,Success
9143,1130,16411,2022-10-16,Success
18547,167,17084,2022-12-29,Success
43454,1815,9712,2022-06-19,Success
31851,2333,36647,2022-07-19,Success
3856,2286,5070,2023-01-12,Success
4016,332,8927,2022-12-14,Success
1926,2442,13174,2022-06-10,Success
52232,1672,3108,2022-05-24,Success
31840,1546,21208,2023-04-02,Success
22543,1997,8777,2022-08-07,Cancelled by the passenger
8781,675,3945,2022-10-30,Success
35199,1055,38741,2023-03-20,Success
59034,1655,38336,2022-09-28,Rejected by the driver
18793,1358,19511,2022-04-09,Success
24568,616,39915,2022-12-29,Success
19796,661,20483,2022-07-15,Success
5214,2577,944,2023-03-28,Success
43764,1799,12301,2022-12-05,Success
51568,148,39090,2023-03-23,Success
57441,1851,21258,2022-06-28,Success
57353,881,29641,2022-11-22,Success
52141,2305,32134,2022-04-20,Success
53714,881,288,2022-04-20,Success
52934,2025,23862,2023-02-26,Success
48581,1388,24849,2022-07-07,Success
36409,507,14619,2022-08-02,Success
399,301,22536,2022-03-28,Rejected by the driver
56006,2028,26896,2022-10-22,Success
13113,2346,30146,2022-05-19,Success
50125,2090,18858,2023-02-24,Success
53695,891,19200,2023-02-15,Success
54385,1562,11938,2023-03-01,Success
31137,2060,21089,2022-08-27,Success
17869,1462,19185,2022-11-08,Success
4411,2484,17112,2022-08-03,Success
5762,2475,6378,2022-06-20,Cancelled by the passenger
32132,1094,33015,2022-05-11,Success
58917,1774,2675,2022-09-12,Rejected by the driver
9141,1820,15170,2022-06-14,Success
37185,2624,28103,2022-05-15,Success
49287,2378,24768,2023-03-23,Success
19856,2485,1859,2023-03-23,Cancelled by the passenger
6263,1498,27591,2022-04-14,Success
25294,2986,36779,2022-05-12,Success
50026,1041,16791,2023-02-04,Success
27021,807,21167,2023-03-16,Success
46114,247,6146,2022-04-16,Success
27936,1676,10583,2022-09-02,Success
46978,1692,22248,2023-04-08,Success
38470,2297,15774,2022-03-24,Success
59747,2289,30222,2022-07-13,Success
4686,1645,8872,2022-08-17,Success
49645,164,26366,2022-04-26,Success
25356,1532,25229,2023-04-03,Success
58856,772,30170,2023-03-29,Success
36289,2859,7505,2022-10-30,Success
52322,2079,9221,2022-08-07,Cancelled by the passenger
40535,2355,38437,2022-10-25,Cancelled by the passenger
162,59,27330,2022-09-22,Success
40408,2220,35163,2022-03-12,Rejected by the driver
38269,1321,11393,2023-03-05,Success
20587,606,38047,2023-02-27,Rejected by the driver
43036,797,4878,2022-09-10,Success
35140,2343,27595,2022-05-16,Success
6659,1161,9273,2022-06-08,Success
36270,811,24821,2022-11-30,Success
57447,1663,260,2022-07-06,Success
56061,2327,34751,2022-05-15,Success
55594,1141,31872,2022-04-11,Success
35773,544,9320,2022-03-23,Rejected by the driver
54370,52,4464,2022-03-22,Cancelled by the passenger
27629,2925,28945,2022-08-24,Success
50693,1939,10572,2023-02-04,Rejected by the driver
35032,1826,23326,2022-08-25,Success
171,2179,13623,2022-04-22,Success
17931,394,20978,2022-07-05,Success
39142,807,30072,2023-01-22,Success
15840,688,33094,2022-12-07,Success
51063,965,11652,2022-11-16,Success
27485,2883,26857,2022-06-16,Success
54200,805,6439,2022-06-11,Success
3255,1266,21257,2022-10-25,Success
44650,1475,21223,2022-12-17,Rejected by the driver
21793,2823,17577,2022-09-01,Success
36724,309,31806,2023-04-04,Cancelled by the passenger
59817,795,4267,2022-09-05,Cancelled by the passenger
3259,2094,11158,2022-04-15,Success
41979,1205,29836,2022-09-19,Success
34084,1455,33947,2022-11-15,Cancelled by the passenger
12642,2499,483,2022-11-06,Success
13431,2362,28770,2022-11-03,Success
53949,653,11018,2022-09-20,Success
8118,759,39213,2023-03-10,Success
22286,394,28145,2023-03-16,Rejected by the driver
50420,2976,39471,2022-09-01,Success
52457,775,12345,2022-07-02,Success
19345,2060,37986,2023-01-17,Success
48889,2522,10516,2022-07-07,Success
30679,2739,22477,2022-07-07,Success
42504,262,10586,2022-11-08,Rejected by the driver
3135,523,4418,2023-01-31,Rejected by the driver
46000,2578,26886,2022-07-05,Cancelled by the passenger
47617,2142,7568,2023-03-29,Success
24988,2290,25421,2022-04-06,Success
20183,1401,2366,2023-01-06,Success
43934,1860,31009,2022-03-27,Success
47903,1641,9522,2023-03-28,Success
24415,2431,22752,2023-01-31,Rejected by the driver
13627,1062,12860,2022-04-25,Success
9392,1511,12626,2022-06-14,Success
32282,2916,9283,2022-12-03,Success
2984,1075,1198,2022-08-15,Cancelled by the passenger
16844,1423,26189,2022-12-25,Success
1500,2426,18252,2023-03-11,Success
9640,830,37657,2022-12-31,Rejected by the driver
256,1182,35469,2023-01-25,Success
22898,1427,20785,2022-05-10,Success
48324,2596,23791,2023-01-28,Success
33720,142,1538,2022-04-20,Success
46659,1322,4491,2022-08-04,Success
26753,2938,32520,2023-03-30,Success
38646,2042,22722,2022-07-07,Success
28530,2195,11312,2022-11-26,Success
32688,269,9038,2022-07-14,Success
3107,2743,9822,2023-03-09,Rejected by the driver
18598,1976,23208,2022-07-26,Success
56702,2338,15444,2023-02-07,Success
44760,2354,8002,2023-03-18,Success
27464,1864,37897,2023-01-20,Cancelled by the passenger
47605,2429,21661,2023-01-26,Success
20634,479,39648,2022-11-26,Success
2065,1525,9370,2022-09-13,Success
20017,2413,14430,2022-11-01,Success
15384,1003,18139,2022-04-09,Success
2155,2994,8952,2022-09-05,Success
38945,440,12576,2023-01-15,Success
53242,2576,19656,2023-01-01,Rejected by the driver
10782,1395,33027,2023-03-27,Success
31127,1619,14515,2022-12-31,Cancelled by the passenger
48465,1406,7720,2022-10-13,Rejected by the driver
17159,2669,2164,2022-04-06,Success
83,541,17845,2023-02-07,Rejected by the driver
1018,1265,395,2022-04-20,Success
21910,85,8284,2023-01-26,Success
13757,2672,2951,2022-08-04,Success
36371,1753,17238,2022-06-15,Success
15901,1202,19268,2023-03-18,Cancelled by the passenger
8545,922,21385,2022-12-06,Success
58833,772,4629,2022-10-15,Success
13850,354,246,2023-01-17,Cancelled by the passenger
11426,2467,5104,2022-09-14,Success
17103,965,6834,2023-02-03,Success
21108,2061,34052,2022-07-09,Success
51633,1700,39062,2022-12-03,Success
1333,579,36198,2022-12-14,Success
24309,1596,30157,2022-11-29,Rejected by the driver
51055,1959,20476,2022-05-28,Rejected by the driver
16497,2802,13155,2022-10-26,Success
13857,2512,6617,2023-01-22,Success
1148,366,11930,2023-01-30,Success
36336,1537,5250,2022-12-27,Cancelled by the passenger
55858,357,11801,2022-08-20,Success
24467,657,3925,2022-11-16,Success
28514,98,12054,2022-09-18,Cancelled by the passenger
5515,2970,4652,2022-12-13,Rejected by the driver
4432,664,38945,2023-02-12,Success
42585,2202,24204,2023-02-24,Success
57446,121,13191,2023-01-01,Cancelled by the passenger
10216,1242,12139,2022-03-18,Cancelled by the passenger
7006,2191,30243,2022-09-14,Success
46730,1323,37756,2022-10-05,Success
14720,194,35531,2022-07-28,Success
55634,2438,930,2022-11-26,Success
57621,243,18805,2023-02-02,Rejected by the driver
32106,262,32274,2023-01-21,Success
58131,1273,18016,2023-02-20,Success
44320,1769,13833,2022-04-12,Rejected by the driver
12139,2018,28835,2023-04-10,Success
5918,2036,13536,2023-03-18,Success
47685,1706,38380,2022-04-02,Rejected by the driver
2657,2650,38098,2023-01-21,Rejected by the driver
26024,2059,35950,2022-08-11,Rejected by the driver
24405,2947,33437,2022-12-01,Success
12577,124,25446,2022-04-05,Rejected by the driver
36337,316,18920,2022-10-15,Cancelled by the passenger
7893,1094,21804,2022-07-17,Cancelled by the passenger
37751,827,39194,2022-12-03,Success
12397,584,14573,2022-05-05,Success
14622,2528,21552,2022-05-03,Cancelled by the passenger
36509,1169,37914,2022-05-24,Success
47579,803,9281,2022-10-12,Success
33064,1635,2746,2022-06-19,Success
6092,1866,22090,2023-03-13,Rejected by the driver
42153,1191,30980,2023-03-22,Cancelled by the passenger
53803,1933,27828,2022-04-18,Rejected by the driver
18306,857,17501,2022-06-01,Success
23965,1854,1304,2022-07-27,Success
22052,1921,14613,2022-08-22,Cancelled by the passenger
48742,1598,28208,2023-03-25,Cancelled by the passenger
51549,253,3182,2022-07-25,Success
54110,1919,8529,2023-01-27,Success
38773,1829,37529,2023-02-05,Success
59242,1320,31825,2022-11-22,Success
9550,2965,39145,2022-04-14,Success
23302,1527,17169,2022-06-26,Success
27389,2384,4842,2022-04-27,Success
55088,2802,12600,2022-07-22,Rejected by the driver
3210,71,19565,2023-01-25,Rejected by the driver
36444,1707,27770,2022-05-03,Success
58372,2157,29571,2022-07-18,Success
18035,809,10913,2022-10-19,Success
37696,2765,38424,2022-07-23,Success
52841,2839,978,2023-01-28,Rejected by the driver
6010,269,14393,2022-03-18,Rejected by the driver
25406,2947,16101,2023-04-07,Success
54392,984,24498,2023-01-18,Success
54279,2834,26253,2022-11-18,Success
41896,83,25739,2023-02-11,Cancelled by the passenger
54209,1313,30105,2022-06-11,Cancelled by the passenger
4052,2241,11820,2022-04-14,Success
12289,2124,12182,2022-08-03,Success
38981,1233,4830,2022-05-16,Success
11910,2641,34159,2023-03-15,Success
31838,2555,13814,2022-07-15,Rejected by the driver
18473,373,7013,2022-06-14,Cancelled by the passenger
25461,1598,39672,2022-08-23,Success
27482,1794,35086,2022-04-18,Cancelled by the passenger
4945,866,8910,2023-02-23,Success
17102,1231,17402,2022-06-19,Success
51498,348,25436,2022-09-14,Success
2020,2361,24085,2022-10-17,Rejected by the driver
55139,358,653,2022-05-03,Success
2744,522,21284,2023-01-15,Success
22725,1058,38430,2022-07-19,Success
45256,2700,16143,2022-07-17,Success
34105,94,32242,2022-04-18,Success
4333,2913,28207,2022-05-05,Success
41335,2912,9865,2023-04-05,Success
10553,2415,24936,2022-08-17,Rejected by the driver
53575,1534,19238,2023-01-21,Success
13695,322,27349,2022-03-30,Success
37688,360,19377,2022-05-08,Success
9413,174,9917,2022-12-19,Rejected by the driver
41477,2011,14771,2022-12-18,Success
8853,1344,2721,2022-04-12,Cancelled by the passenger
6631,2058,8220,2022-10-25,Success
54065,1354,1294,2022-07-20,Success
12170,885,21736,2023-02-26,Success
27568,229,17425,2022-03-27,Success
82,559,16509,2022-06-11,Success
39808,960,10460,2022-03-17,Success
22784,1040,38964,2022-05-07,Success
23501,1038,21403,2022-10-01,Rejected by the driver
639,86,21522,2022-07-15,Success
27886,480,39121,2023-02-07,Success
30924,2882,39777,2022-10-22,Success
32733,1200,346,2022-07-02,Success
26288,2263,15497,2022-08-05,Rejected by the driver
18128,647,22686,2022-05-12,Success
35643,1754,39247,2023-01-08,Success
53413,1856,30078,2022-08-16,Success
26775,1397,1171,2023-03-22,Success
5586,122,38713,2022-09-11,Rejected by the driver
12808,1634,10521,2022-12-09,Success
52005,2956,21992,2023-02-23,Success
42869,1474,11017,2022-11-11,Cancelled by the passenger
12451,2309,35748,2022-05-09,Success
33570,89,12934,2022-09-04,Cancelled by the passenger
38200,2472,3060,2022-11-16,Success
9254,712,9260,2022-04-07,Success
3277,1555,12294,2023-02-14,Success
52705,435,5746,2022-12-10,Success
6015,570,3079,2023-03-22,Success
47207,2117,16901,2022-05-07,Success
58873,1862,9878,2023-02-20,Success
7474,1186,35110,2023-01-10,Success
20350,1562,3494,2023-04-12,Success
44955,2815,24346,2023-01-07,Rejected by the driver
54687,1054,29643,2022-07-23,Success
362,1207,8488,2022-12-15,Success
12814,1026,39853,2022-10-01,Success
35885,2136,19140,2022-11-15,Success
24664,2392,29097,2022-06-04,Success
46440,1820,3310,2023-03-10,Success
49950,474,31511,2022-04-19,Cancelled by the passenger
14517,2413,6265,2022-12-24,Success
4996,1911,33079,2022-12-05,Success
5122,1677,28301,2023-02-06,Success
7695,489,12204,2022-05-08,Success
4456,2257,9426,2022-10-09,Rejected by the driver
24660,1405,13253,2022-11-07,Rejected by the driver
20852,2449,8,2022-05-30,Success
46539,2187,17946,2022-03-28,Success
49205,832,776,2023-01-12,Cancelled by the passenger
1779,2429,12461,2022-07-17,Success
8331,2050,2161,2022-08-30,Success
17346,531,12737,2023-03-03,Cancelled by the passenger
33023,2969,14607,2022-04-19,Success
9244,2234,14530,2022-03-29,Success
23654,1186,21332,2023-02-21,Success
2781,1637,35168,2022-06-03,Success
32460,902,32101,2023-02-15,Success
53503,2837,17797,2022-09-07,Rejected by the driver
14933,1821,8707,2022-10-19,Success
16311,365,8957,2022-06-03,Success
933,2038,29723,2022-06-07,Success
47924,783,1319,2022-06-05,Cancelled by the passenger
28360,1532,3965,2022-07-20,Success
48931,2006,35448,2023-03-31,Cancelled by the passenger
41068,757,12781,2022-03-24,Success
16713,2236,22956,2022-08-30,Success
37583,515,2509,2022-06-22,Success
7281,766,34363,2022-10-23,Success
11883,1622,12929,2023-04-13,Success
39140,1509,28048,2023-01-14,Cancelled by the passenger
11179,1853,11154,2023-02-20,Success
26465,1763,32753,2022-10-10,Success
49062,1432,9041,2022-12-13,Success
50183,994,33445,2022-12-06,Success
37173,1056,18920,2022-05-15,Success
13826,1827,38242,2022-09-19,Success
25009,1669,13135,2023-01-16,Cancelled by the passenger
20718,2067,23093,2023-01-03,Success
35379,1392,15846,2022-12-01,Cancelled by the passenger
24823,2277,457,2022-08-23,Success
14131,1172,10279,2022-08-06,Success
1210,1408,25829,2022-03-13,Success
58808,2940,1692,2022-11-20,Success
44580,2052,29022,2023-01-13,Success
40548,1049,39048,2022-11-08,Success
19423,1775,38852,2022-10-14,Success
48172,170,15550,2022-08-18,Success
46939,103,10773,2023-03-07,Success
50513,269,5214,2023-02-08,Cancelled by the passenger
39263,2293,36047,2022-12-04,Cancelled by the passenger
2096,1569,32267,2023-03-09,Rejected by the driver
20711,854,30196,2022-09-11,Cancelled by the passenger
3059,701,16058,2023-04-09,Success
19415,1791,37102,2022-08-18,Success
38242,1057,19940,2022-11-13,Success
14935,1928,26382,2023-01-03,Rejected by the driver
47165,41,36858,2022-10-06,Success
25664,2483,14541,2023-01-25,Success
33017,2951,37988,2023-04-07,Success
34229,2897,38816,2022-09-01,Rejected by the driver
4205,168,38502,2022-10-12,Cancelled by the passenger
40371,22,32244,2023-01-05,Success
47193,2780,34495,2022-09-10,Rejected by the driver
54064,1590,19697,2022-08-22,Success
10010,601,27068,2022-05-21,Success
24390,326,15018,2022-04-21,Success
29011,135,34208,2022-08-19,Success
54469,446,23244,2022-06-04,Success
1625,1680,8139,2022-08-19,Success
32808,246,27126,2022-10-11,Success
49633,6,30513,2022-05-29,Success
26275,65,9209,2022-10-31,Rejected by the driver
29735,2237,6667,2022-04-01,Rejected by the driver
40654,503,2556,2022-04-19,Success
10760,753,21398,2022-04-24,Success
10564,758,15818,2023-02-07,Rejected by the driver
40868,1320,27832,2022-07-02,Success
47269,2434,27628,2022-10-14,Success
11624,2405,9439,2023-03-20,Success
35276,2450,5238,2023-01-08,Success
26000,1320,23440,2022-10-16,Success
24683,2965,28830,2022-09-20,Cancelled by the passenger
51948,1376,23110,2023-01-27,Cancelled by the passenger
51976,859,838,2022-05-26,Success
8989,2005,28812,2022-05-07,Success
20275,558,17989,2023-02-14,Rejected by the driver
16809,566,19476,2022-10-08,Success
21886,2689,16856,2022-04-15,Success
621,1015,35721,2022-04-09,Success
4398,49,28324,2022-08-24,Success
31828,1583,37894,2022-04-05,Cancelled by the passenger
8231,2863,4199,2023-03-02,Success
24398,1774,4982,2022-10-20,Success
38769,2182,35101,2023-03-14,Success
51785,2359,10221,2022-10-08,Success
4539,2444,11678,2022-08-11,Success
42526,256,8223,2022-10-23,Success
18422,803,36684,2022-06-05,Success
41107,605,889,2022-10-22,Success
56414,913,7090,2023-02-17,Success
606,1991,14872,2022-11-12,Success
30876,1245,26784,2022-09-26,Success
57819,492,38233,2022-11-12,Success
40469,257,15388,2022-07-28,Rejected by the driver
18169,818,26513,2022-11-23,Success
42180,2896,26210,2023-02-08,Rejected by the driver
5132,2420,28374,2022-06-15,Success
16636,2734,15229,2022-12-22,Success
39031,749,18216,2022-07-09,Success
26911,1722,9288,2022-03-25,Cancelled by the passenger
39526,746,15625,2022-03-27,Success
56861,2773,25468,2022-05-27,Success
1533,1872,16334,2023-03-06,Success
49515,1561,8938,2022-06-16,Success
52257,1927,35508,2022-07-07,Success
20025,1751,18514,2022-11-20,Success
37297,826,12879,2022-10-24,Success
21780,1038,27111,2022-11-06,Success
13776,1067,32234,2023-02-22,Success
39052,290,22981,2023-01-26,Success
798,2802,21873,2023-02-28,Success
11132,335,14452,2022-06-08,Success
17185,963,25446,2022-08-22,Success
28554,1852,2321,2023-04-13,Success
12914,541,34562,2023-01-29,Success
15997,2074,28386,2022-10-16,Rejected by the driver
15765,2925,17855,2022-12-24,Rejected by the driver
16733,2191,22493,2022-03-15,Success
10977,1991,35677,2022-05-06,Rejected by the driver
30472,2818,28899,2022-06-11,Success
14445,2202,39681,2022-10-06,Success
8212,1410,34631,2022-06-25,Success
31699,1959,7788,2022-11-07,Success
49099,1260,9078,2022-08-19,Cancelled by the passenger
7506,1430,30153,2022-12-19,Rejected by the driver
51398,2720,16641,2022-04-11,Success
22224,2544,33616,2022-12-10,Rejected by the driver
34338,356,7587,2022-12-17,Success
19620,2904,12577,2022-08-10,Success
49571,395,39911,2022-06-21,Success
16131,706,12431,2022-11-17,Success
50286,2399,36728,2022-09-03,Success
33977,1297,6185,2022-12-05,Success
12738,99,20724,2022-08-09,Success
38368,2137,29106,2023-02-20,Success
46377,717,31497,2023-03-19,Success
35925,2378,33697,2022-11-16,Rejected by the driver
29834,1234,25112,2022-08-27,Success
32769,1603,34301,2023-03-11,Success
7815,1127,6388,2022-10-21,Success
32579,2422,16004,2022-07-01,Rejected by the driver
43544,2044,13490,2022-08-13,Success
10072,886,21094,2022-08-26,Success
56632,1845,27605,2022-11-03,Rejected by the driver
22049,2748,6578,2023-02-03,Success
54325,741,4983,2023-01-18,Cancelled by the passenger
46483,2007,37368,2022-06-08,Success
22634,173,5597,2022-04-15,Success
37240,2653,39778,2022-11-11,Success
14130,72,3582,2022-03-13,Success
10944,2504,2655,2022-04-30,Success
19888,283,4259,2022-07-08,Success
15371,2964,27804,2022-11-12,Success
24396,548,20776,2022-07-29,Cancelled by the passenger
12871,1712,15502,2022-08-10,Success
40409,771,10662,2022-07-13,Success
17160,2652,27699,2023-02-18,Cancelled by the passenger
8882,2614,29465,2023-03-16,Success
24547,753,7693,2022-07-30,Success
15640,1108,21465,2022-03-30,Success
41170,102,13383,2023-02-26,Success
15131,1570,10368,2022-07-15,Success
37486,145,26068,2023-01-17,Cancelled by the passenger
28587,2267,34827,2022-04-12,Cancelled by the passenger
35315,867,6258,2023-03-28,Success
45000,2520,17240,2023-03-26,Success
43300,1628,24509,2023-04-01,Success
19319,2347,23480,2022-07-31,Cancelled by the passenger
54985,1582,23287,2022-09-21,Success
3065,2316,27047,2022-06-16,Success
40930,1642,8585,2022-04-11,Success
26878,793,13186,2023-01-12,Success
16855,1095,21179,2022-10-07,Success
48934,377,9768,2023-03-09,Success
6841,993,3706,2022-07-18,Success
6115,1051,16231,2022-10-22,Success
58593,2369,26728,2023-02-02,Rejected by the driver
52663,566,28565,2022-06-21,Cancelled by the passenger
4703,1494,38506,2022-04-28,Cancelled by the passenger
58612,2561,32579,2022-11-28,Success
51414,2253,34307,2022-08-16,Success
14929,31,4723,2022-12-23,Success
21185,1359,34090,2022-08-28,Success
56070,360,32425,2023-02-27,Success
33108,209,37838,2022-04-01,Success
32466,2450,9554,2022-10-06,Success
42611,538,19135,2022-07-27,Success
51673,1231,9899,2022-04-04,Success
45726,2267,26467,2022-12-22,Success
3468,763,23809,2022-08-25,Success
12512,694,10100,2022-11-30,Success
20246,831,930,2023-02-02,Success
605,524,26378,2023-04-12,Success
47360,1374,8302,2022-09-05,Success
29546,2834,28766,2022-06-18,Success
59469,551,609,2022-05-05,Success
761,2017,32566,2022-06-17,Success
15199,1714,26008,2022-05-12,Success
36849,1150,34267,2022-04-04,Success
3074,1810,21683,2022-08-24,Success
43919,1148,26361,2022-08-21,Success
59587,769,33902,2023-04-05,Success
36649,1519,32499,2023-04-09,Success
51740,1796,400,2022-08-15,Cancelled by the passenger
14930,1699,4623,2022-12-29,Success
41037,324,32705,2022-05-28,Success
4434,616,20753,2022-08-31,Success
57366,2123,16592,2022-08-07,Success
25878,1129,14945,2022-04-12,Success
16872,1197,15687,2022-07-06,Success
53572,236,4870,2022-06-22,Rejected by the driver
5845,1041,12721,2022-12-13,Success
32182,2875,18401,2023-01-21,Success
13568,1128,25012,2022-03-31,Success
41028,399,14749,2022-07-19,Success
30821,531,4197,2022-10-18,Success
50219,1902,25260,2023-01-16,Success
29092,165,32666,2022-08-04,Cancelled by the passenger
18585,114,27310,2022-06-04,Success
35918,760,17307,2023-02-05,Success
57802,2855,551,2022-06-24,Success
52349,692,2180,2023-02-10,Success
9094,2321,9343,2022-04-10,Cancelled by the passenger
45083,2247,9518,2022-05-06,Success
33986,848,1676,2022-05-04,Success
44212,217,25180,2022-06-22,Success
52886,1527,11480,2022-12-03,Success
45051,835,25097,2023-04-10,Success
32370,2547,9240,2022-03-25,Success
1936,1382,36120,2022-07-18,Rejected by the driver
57004,1492,8422,2022-06-13,Success
37697,132,36790,2022-12-09,Success
55988,2939,17986,2022-10-03,Success
43991,1854,696,2022-10-24,Cancelled by the passenger
59955,2686,25764,2022-06-18,Success
31057,1303,9484,2022-10-28,Success
4893,1761,216,2022-12-01,Success
44345,2063,10839,2023-01-23,Success
42203,2054,3124,2023-03-21,Success
39325,2554,20834,2022-04-16,Success
52992,2482,14002,2022-03-19,Success
35400,2083,21954,2023-01-11,Success
27827,1847,23294,2022-10-20,Cancelled by the passenger
28074,1661,36654,2022-05-16,Success
28538,2728,20020,2022-10-28,Success
45715,2490,1818,2023-04-12,Success
16112,642,16543,2022-07-12,Rejected by the driver
31322,1953,22379,2022-09-21,Cancelled by the passenger
22781,894,17212,2022-04-22,Success
20548,1695,27500,2022-12-04,Success
23791,918,23459,2022-10-31,Rejected by the driver
55105,710,21769,2022-07-13,Success
57186,288,38240,2022-12-02,Cancelled by the passenger
42037,2416,29139,2022-09-11,Success
1553,324,10863,2022-07-03,Success
27637,1086,34847,2022-10-05,Success
17802,1429,5573,2022-07-28,Cancelled by the passenger
5805,2407,36769,2022-04-18,Rejected by the driver
21242,673,12643,2022-09-01,Success
17622,2192,26427,2022-08-01,Success
36579,778,39986,2022-04-09,Success
39781,2560,25613,2022-05-01,Success
41722,2839,13183,2022-11-03,Success
27914,1196,29629,2022-05-04,Success
17241,148,28027,2022-11-20,Success
42299,2185,11453,2023-02-04,Success
32234,2674,32084,2022-08-25,Success
55632,2973,24298,2022-10-26,Success
4757,1563,32390,2022-08-24,Cancelled by the passenger
48402,2139,11499,2022-07-08,Rejected by the driver
15995,697,31103,2022-12-18,Success
18702,887,19554,2023-02-17,Success
15754,1251,7920,2023-03-06,Rejected by the driver
7914,1784,27576,2023-01-31,Success
6372,931,31860,2022-06-11,Success
40785,1393,36672,2023-02-20,Success
52615,1928,24142,2023-04-10,Success
14400,2603,24444,2023-03-06,Success
18066,113,36295,2022-03-14,Rejected by the driver
46677,1921,7740,2023-03-14,Success
7669,195,11360,2022-08-18,Success
43344,271,19000,2022-06-14,Success
17272,2408,25650,2023-01-08,Success
40309,1881,30409,2023-04-08,Success
45217,2765,29764,2022-08-07,Success
47887,2077,6480,2022-10-13,Rejected by the driver
34343,1974,35281,2022-12-22,Success
30595,88,15088,2023-03-22,Success
40319,2088,7815,2022-04-06,Success
25798,1919,22039,2022-07-12,Rejected by the driver
24740,386,19626,2023-02-12,Success
18112,1174,7971,2022-08-28,Success
20513,1175,39255,2022-04-04,Success
50737,347,14570,2022-08-09,Success
19308,203,23649,2022-04-18,Success
15437,1759,20358,2022-09-05,Rejected by the driver
50888,190,16079,2022-10-31,Rejected by the driver
4022,1259,31549,2022-09-06,Success
5878,1484,28958,2023-01-15,Success
53688,2828,39198,2022-05-06,Success
30873,1190,30199,2022-05-30,Success
54865,1232,19142,2022-11-03,Cancelled by the passenger
32844,2970,13208,2023-03-24,Success
44852,2196,23064,2022-03-14,Success
12958,1252,22753,2022-09-13,Rejected by the driver
41380,804,17711,2023-04-10,Success
43071,2524,1085,2022-08-10,Success
50209,1077,15338,2023-01-07,Cancelled by the passenger
7494,2300,16196,2023-02-17,Success
43301,816,11940,2022-04-17,Cancelled by the passenger
37200,432,18255,2022-12-28,Success
1833,2489,29498,2022-08-04,Success
4863,2248,11248,2022-09-24,Success
15839,1897,31220,2022-08-16,Rejected by the driver
37849,134,19507,2022-09-16,Success
39048,2548,20073,2023-01-27,Success
53676,1222,12462,2022-10-03,Success
57437,319,29395,2022-04-01,Success
47149,1189,21223,2022-08-04,Success
27779,1146,14028,2022-11-05,Rejected by the driver
39609,566,21894,2022-09-06,Cancelled by the passenger
52023,1260,28615,2023-01-03,Success
46004,502,20467,2022-07-17,Success
13396,233,32291,2022-09-17,Success
57460,2567,17115,2022-07-09,Success
56624,659,37501,2022-04-18,Rejected by the driver
23413,79,8893,2022-03-30,Success
25572,2591,2206,2022-09-30,Success
42435,736,5859,2022-11-28,Rejected by the driver
21021,1291,2992,2023-03-16,Success
47717,194,27810,2022-08-03,Rejected by the driver
38860,961,15320,2022-05-21,Success
11379,71,39590,2023-02-07,Success
26354,2452,14457,2022-12-04,Success
14017,2981,28311,2022-07-12,Cancelled by the passenger
55592,1882,29255,2022-07-24,Success
48481,2164,281,2022-04-26,Rejected by the driver
43393,1135,35196,2022-08-04,Cancelled by the passenger
55344,2443,4016,2022-03-18,Success
7859,655,38185,2022-07-04,Success
34268,2408,19613,2022-07-17,Success
48382,116,12459,2022-06-04,Success
3268,415,33514,2022-09-16,Rejected by the driver
45364,1321,28360,2023-01-29,Success
35054,2,13157,2022-05-26,Success
1,1820,7378,2022-10-09,Success
46010,628,15989,2022-11-10,Success
56867,2153,31358,2022-05-03,Success
52575,2188,15099,2022-06-01,Success
2439,2003,39113,2022-06-25,Rejected by the driver
8365,714,37829,2022-06-06,Rejected by the driver
52541,764,10802,2022-08-09,Rejected by the driver
49474,251,20299,2022-11-10,Cancelled by the passenger
6744,1295,4998,2022-03-24,Rejected by the driver
26058,470,26827,2022-12-17,Rejected by the driver
56669,1831,27655,2022-08-11,Success
42052,314,21399,2022-05-22,Success
25366,1405,20741,2022-12-02,Rejected by the driver
16959,2034,944,2022-03-19,Rejected by the driver
38689,2769,7538,2023-01-26,Success
21279,474,33465,2023-03-03,Success
41096,11,15541,2022-05-30,Rejected by the driver
28553,2461,13542,2023-03-08,Success
59980,900,32014,2022-09-19,Success
57090,822,652,2022-11-19,Success
51585,2233,160,2023-01-21,Success
5387,1624,7904,2022-08-05,Success
27862,649,14366,2022-06-04,Success
37043,601,5321,2022-08-02,Success
31451,1337,29531,2022-08-21,Success
30291,2202,11095,2022-06-23,Success
59197,1748,2928,2023-02-22,Success
4261,1239,23051,2022-08-17,Rejected by the driver
17225,2408,24100,2023-03-18,Success
29450,2750,9429,2023-04-01,Success
4674,699,17175,2022-05-07,Success
8197,2083,14052,2023-01-04,Success
445,1702,19430,2022-07-08,Success
56438,1805,5177,2023-02-13,Success
41845,2313,27144,2023-03-03,Success
23613,408,3995,2022-12-12,Success
49756,2803,30583,2023-03-08,Success
25436,2176,1278,2022-04-13,Success
7974,1435,17574,2022-06-21,Success
268,1003,33428,2022-10-29,Success
10682,2983,12470,2023-02-20,Success
7413,1838,5660,2023-01-21,Success
20918,1067,35233,2023-03-24,Success
32155,1934,33578,2023-01-23,Success
47599,954,5424,2022-11-08,Success
28769,552,25476,2022-03-12,Success
4575,1457,9368,2022-10-16,Success
32150,1493,8070,2022-04-12,Success
45459,1695,7908,2022-03-31,Success
24156,1715,20124,2022-09-01,Success
3398,667,12506,2022-09-21,Rejected by the driver
1530,1297,10598,2022-04-25,Success
24160,1812,36507,2022-08-12,Success
4646,1329,7846,2023-03-22,Rejected by the driver
47991,191,23926,2023-01-22,Success
52910,850,26966,2022-05-12,Cancelled by the passenger
33291,655,16029,2023-02-08,Success
31302,2822,30262,2022-11-07,Success
59325,2456,13836,2023-01-22,Cancelled by the passenger
42073,1350,20205,2022-05-04,Success
16261,370,13356,2022-08-16,Success
39222,384,14559,2022-12-26,Cancelled by the passenger
23894,1431,28140,2022-11-01,Success
18184,2132,6768,2022-04-15,Success
2761,1205,10296,2022-12-26,Success
28486,379,34079,2022-10-03,Success
45756,243,20777,2023-02-14,Success
34473,1525,2975,2022-06-21,Success
34066,1611,30936,2022-06-07,Success
10422,1000,12728,2023-02-28,Success
16882,939,29278,2022-09-03,Success
21280,1054,17710,2023-03-20,Success
22648,229,23727,2022-10-07,Rejected by the driver
23787,1464,2689,2022-04-05,Success
32167,1111,366,2022-12-08,Success
46208,1041,22584,2023-02-04,Rejected by the driver
45526,1522,23265,2023-01-28,Success
53867,2934,17840,2022-05-23,Rejected by the driver
16344,914,19543,2022-04-14,Success
33716,574,29552,2023-03-08,Success
51354,1643,35358,2022-04-21,Success
35743,2423,14804,2022-05-18,Success
46902,2746,6284,2022-05-02,Rejected by the driver
52303,53,4038,2022-12-31,Cancelled by the passenger
56087,803,21621,2023-03-06,Success
15619,894,21711,2022-12-15,Success
46195,1597,39088,2022-06-25,Success
5087,324,34680,2022-11-08,Success
13753,19,33985,2022-10-02,Success
38792,2342,33057,2023-01-22,Success
56227,1162,37880,2023-04-12,Success
56277,2682,35842,2023-01-27,Success
18477,602,26760,2022-06-18,Rejected by the driver
12231,2360,22655,2022-07-08,Success
20263,483,19445,2022-09-05,Success
57560,2397,37317,2022-10-16,Rejected by the driver
33705,1227,31972,2022-09-17,Success
51932,2384,2888,2022-06-21,Success
40592,2688,28116,2022-12-02,Success
26768,2480,3723,2022-10-23,Success
31576,2332,33068,2022-09-15,Success
54899,1844,2383,2022-04-02,Success
32192,133,2081,2023-02-17,Success
5512,1510,16279,2022-12-07,Rejected by the driver
43163,305,18718,2022-11-09,Success
12265,2555,6051,2022-10-29,Rejected by the driver
39244,2400,23946,2022-12-01,Success
24721,1672,27618,2022-04-19,Success
17641,128,7089,2022-06-07,Success
30297,2352,3177,2022-05-26,Success
26827,1746,20529,2022-11-22,Success
46112,916,23402,2022-07-09,Cancelled by the passenger
29411,2225,39592,2022-05-25,Success
20826,2857,14826,2022-06-18,Success
4198,996,2117,2023-03-21,Success
31935,1578,32473,2022-04-09,Success
154,231,20075,2022-10-04,Rejected by the driver
55008,1581,3505,2022-12-05,Success
22754,592,31847,2023-01-25,Success
28955,411,38491,2023-03-26,Cancelled by the passenger
24769,1180,2095,2022-06-24,Cancelled by the passenger
33635,876,17067,2022-05-06,Success
24963,23,26196,2023-02-26,Success
49772,2749,24144,2022-06-03,Rejected by the driver
1650,2,11817,2022-08-16,Rejected by the driver
45402,77,17438,2022-10-18,Success
56106,1132,9041,2022-12-11,Cancelled by the passenger
1822,2889,28594,2022-09-29,Success
34536,824,27191,2022-12-08,Success
47564,399,15287,2023-03-04,Success
17306,1168,9896,2022-06-02,Success
13719,368,17341,2022-09-29,Success
3145,1681,4048,2022-08-07,Cancelled by the passenger
26680,2025,1478,2022-03-22,Success
1894,1013,18045,2022-12-08,Success
21882,323,2588,2022-07-02,Success
11641,2296,69,2022-07-16,Success
41054,2646,26453,2022-12-09,Success
57126,836,26427,2022-04-30,Success
56467,1577,7573,2023-02-12,Success
9243,1829,35575,2022-09-05,Success
32128,1647,26419,2022-09-07,Cancelled by the passenger
50892,1537,31920,2022-06-30,Success
47079,1175,1636,2022-04-14,Success
55554,2243,11525,2022-08-15,Success
58742,495,38585,2022-03-28,Success
58877,773,31166,2023-03-02,Success
54426,169,24218,2022-04-12,Success
9951,442,11115,2022-03-16,Success
46084,1527,2442,2023-01-11,Success
55962,1333,13480,2022-11-03,Success
34900,2575,34748,2022-06-15,Success
40282,2217,33343,2022-03-22,Success
1207,427,4340,2022-08-31,Cancelled by the passenger
54788,606,32600,2022-07-12,Success
42054,1232,823,2023-01-27,Success
30944,1359,32375,2022-03-24,Success
38411,1719,12691,2022-12-19,Success
51809,1970,36027,2022-04-08,Success
1799,2196,35910,2022-08-02,Success
29117,1673,34126,2022-09-14,Success
58999,2655,29699,2022-04-21,Success
7438,2589,7368,2022-07-18,Success
49096,313,22708,2022-08-14,Success
40811,1034,6147,2022-07-27,Success
16767,2603,30261,2023-01-16,Success
36013,1003,32087,2022-07-29,Success
2216,2343,3174,2022-10-02,Rejected by the driver
9014,138,5473,2022-08-08,Success
36650,2871,20006,2022-06-16,Success
30981,461,27137,2022-05-09,Success
24801,1289,39636,2023-03-30,Success
19427,2958,32393,2022-12-12,Rejected by the driver
24608,2675,4315,2022-08-17,Success
38404,2130,6711,2022-10-06,Success
19678,756,8425,2022-12-31,Success
48175,1614,4238,2022-04-14,Success
9985,820,7510,2022-07-22,Success
19943,2717,26177,2022-06-07,Success
41690,1181,24693,2022-09-23,Cancelled by the passenger
53704,1640,22572,2022-09-30,Success
9618,107,18427,2022-07-30,Success
41959,1058,30800,2023-02-16,Success
56486,2082,35150,2022-09-09,Rejected by the driver
8137,1261,13947,2022-05-21,Success
38760,107,10844,2022-09-02,Success
45683,2463,33932,2022-09-24,Success
10131,606,10253,2022-06-16,Rejected by the driver
7027,2038,30657,2023-03-08,Cancelled by the passenger
9057,2019,19108,2022-07-06,Success
38584,680,30454,2022-04-27,Rejected by the driver
14956,1747,7400,2022-06-24,Cancelled by the passenger
41291,2129,35486,2023-04-06,Success
39438,1046,5693,2023-01-20,Success
5847,2179,38369,2022-12-23,Rejected by the driver
28572,1356,4161,2023-01-09,Rejected by the driver
33626,2254,6021,2022-08-05,Rejected by the driver
48448,960,17469,2022-09-13,Success
22416,969,35720,2022-09-30,Success
47040,2507,36731,2023-01-21,Success
41392,799,7374,2023-01-22,Success
31837,683,9205,2022-07-15,Rejected by the driver
30220,600,15149,2022-11-06,Success
56853,2470,1563,2022-07-14,Success
59790,705,32384,2022-09-13,Rejected by the driver
8893,933,19270,2023-01-31,Success
4894,354,38353,2022-10-16,Success
16777,2397,6869,2022-03-16,Success
18858,1688,32698,2022-10-05,Success
35135,1720,32367,2023-01-24,Success
15860,2534,34532,2022-07-22,Success
28372,1369,6207,2023-01-19,Success
44920,556,13401,2023-02-10,Success
34111,1743,37252,2022-07-17,Success
42130,1009,34756,2022-09-08,Success
49574,742,11750,2023-04-03,Rejected by the driver
1728,2035,29494,2022-08-23,Cancelled by the passenger
55577,1038,2186,2022-05-11,Success
18292,670,26978,2022-09-26,Success
12080,2474,14501,2023-01-04,Rejected by the driver
55843,2819,7696,2023-02-09,Success
21223,2642,30471,2022-10-18,Success
43226,802,17246,2022-10-14,Cancelled by the passenger
48240,503,7298,2023-03-24,Success
11754,1544,27655,2023-02-20,Success
32848,2319,11938,2022-10-18,Rejected by the driver
6069,2399,12269,2022-10-25,Success
23517,1772,204,2022-12-06,Success
15381,564,1684,2022-10-03,Cancelled by the passenger
4323,2513,36607,2023-03-04,Success
13603,335,30926,2022-07-31,Success
7480,879,36790,2023-03-25,Success
38989,2968,22405,2022-09-09,Success
38336,1835,33454,2022-04-22,Rejected by the driver
55821,2539,4429,2022-07-09,Success
56851,144,39772,2022-12-15,Success
41727,2542,20913,2022-09-13,Success
1403,369,33108,2023-01-29,Success
56548,446,31985,2022-12-05,Cancelled by the passenger
53337,1496,7712,2022-05-15,Success
14632,2522,5489,2023-04-10,Success
13768,1553,4499,2022-10-25,Success
18364,2555,7142,2023-03-21,Success
19304,1991,37699,2022-07-08,Success
49884,1489,13689,2022-11-22,Success
39981,2724,1688,2022-08-22,Success
44938,2831,11426,2022-05-29,Cancelled by the passenger
10126,2033,10904,2023-01-04,Success
3615,820,7523,2023-02-06,Success
11741,1886,2401,2023-03-30,Success
10461,2788,1014,2022-10-25,Success
53878,2722,10609,2022-08-19,Success
18739,739,28447,2022-07-07,Success
48104,1966,37637,2022-05-21,Success
5728,537,34665,2023-02-13,Success
43064,2008,30482,2023-03-12,Rejected by the driver
29751,1112,12817,2022-05-31,Success
37428,1846,24499,2022-12-24,Success
6878,266,17888,2023-01-02,Success
45436,2801,19026,2022-05-29,Success
49518,1506,7345,2023-01-14,Success
41624,1294,6426,2023-04-11,Success
20077,441,28596,2023-04-08,Rejected by the driver
50762,1020,21448,2022-07-03,Success
36334,485,11179,2022-09-07,Success
975,489,730,2022-05-01,Success
9142,847,35772,2023-01-05,Success
11111,2370,37735,2023-03-30,Rejected by the driver
30237,571,8443,2022-08-22,Success
25030,1668,14271,2023-03-12,Success
32361,721,32157,2022-08-13,Success
22210,2028,20929,2022-05-26,Success
44430,2221,17814,2022-04-24,Success
15978,2200,39179,2022-11-26,Success
6158,2197,28455,2022-11-01,Success
56357,2241,3908,2022-09-06,Success
37705,536,25051,2022-06-24,Success
13945,1323,15307,2023-02-18,Rejected by the driver
806,685,10884,2022-05-13,Success
2113,2172,2329,2023-01-23,Cancelled by the passenger
9722,844,29320,2022-11-06,Success
24520,13,10060,2022-07-11,Rejected by the driver
33589,2906,6204,2022-12-16,Rejected by the driver
3012,647,39914,2023-03-13,Success
28932,1807,3664,2022-10-13,Success
18750,916,37619,2023-03-21,Success
22522,2664,35212,2023-04-06,Success
33655,489,37760,2023-04-09,Success
4090,1707,4830,2023-02-05,Success
30645,2838,18000,2022-03-31,Success
52810,2117,28476,2022-12-25,Success
58197,323,8781,2022-04-19,Success
9003,2285,13751,2022-11-02,Success
25264,1051,26019,2022-12-02,Success
32972,2575,26391,2022-06-25,Rejected by the driver
21723,1491,21037,2022-07-09,Success
55608,367,8629,2022-06-03,Success
7619,2744,21517,2022-09-15,Success
48326,1291,8623,2022-03-24,Rejected by the driver
22243,2893,12660,2022-04-19,Rejected by the driver
8104,2143,16892,2022-11-08,Success
24911,2541,37632,2022-05-30,Success
25563,240,23120,2022-08-28,Success
33859,2995,19793,2022-05-26,Success
15249,473,14495,2022-05-13,Success
57440,872,27579,2022-06-02,Cancelled by the passenger
11875,2461,15390,2022-07-04,Success
28734,417,30764,2022-06-02,Success
19113,697,21410,2022-07-02,Success
50364,2712,35394,2022-11-06,Success
57284,794,13689,2023-03-18,Success
59600,1862,33051,2023-01-07,Cancelled by the passenger
51683,173,2476,2022-05-10,Success
16041,18,30525,2022-05-11,Success
51007,1363,23297,2022-06-21,Rejected by the driver
47525,1171,880,2022-12-26,Success
31894,546,39568,2022-10-10,Success
46567,1043,36333,2022-04-02,Success
13974,2009,37055,2022-09-18,Success
54044,117,17380,2022-06-12,Cancelled by the passenger
40020,1511,2512,2023-01-08,Cancelled by the passenger
57026,1642,31285,2022-09-10,Success
34292,203,4929,2022-07-07,Success
56322,1060,25469,2022-11-22,Success
2832,463,37126,2022-06-20,Success
23908,573,18971,2023-03-20,Success
36196,867,10723,2022-12-31,Success
14126,2040,25314,2022-09-21,Success
30867,1870,26323,2023-01-01,Success
24793,1708,14835,2022-07-07,Success
26490,105,34336,2022-07-09,Success
18941,114,18929,2022-05-10,Cancelled by the passenger
16483,1730,27624,2022-09-16,Success
32782,48,24219,2023-01-26,Cancelled by the passenger
2121,1255,14175,2022-10-07,Success
51246,1674,15575,2022-11-02,Success
51655,2736,1436,2022-09-28,Success
16742,149,3844,2023-03-09,Success
47548,2143,17509,2022-12-20,Success
43256,2202,32609,2022-11-15,Success
35099,2301,16392,2023-01-13,Success
1182,2200,9642,2022-10-21,Success
50554,375,19109,2022-09-01,Success
43678,796,6110,2023-03-10,Success
21281,2908,23347,2022-12-03,Success
25364,850,5245,2022-07-19,Success
59645,1788,26603,2022-09-14,Success
828,2600,28119,2022-11-28,Success
30338,2792,2518,2022-05-08,Success
12086,2287,27665,2022-10-13,Rejected by the driver
41990,2998,4390,2023-03-03,Success
146,477,27441,2022-06-21,Success
6917,2839,78,2022-11-27,Cancelled by the passenger
55545,1979,22348,2022-10-28,Cancelled by the passenger
8930,1953,20520,2022-08-08,Success
10776,1366,14746,2023-04-04,Success
18652,1841,23270,2023-01-17,Success
35597,51,8995,2023-02-26,Success
57752,2776,16923,2023-03-17,Success
3470,2934,24223,2022-03-24,Rejected by the driver
29723,281,18807,2022-12-31,Success
11843,2804,17101,2022-07-26,Success
41245,2118,28280,2023-01-28,Success
22366,872,7848,2022-07-10,Success
14726,1078,25194,2022-10-15,Success
14213,2038,7085,2022-06-07,Success
46922,568,17599,2022-11-16,Success
24020,1803,18047,2022-10-10,Rejected by the driver
52691,2632,29351,2022-10-28,Rejected by the driver
36799,553,1191,2022-04-11,Cancelled by the passenger
51223,899,33424,2023-03-18,Success
46614,163,11745,2023-03-04,Success
19251,1817,25097,2022-10-12,Success
59947,381,21687,2023-02-20,Success
25667,1831,37869,2023-01-18,Success
26764,2977,4840,2022-09-13,Success
57888,2684,12357,2022-11-21,Success
611,200,1422,2023-03-28,Success
20825,937,28479,2023-03-27,Success
27951,1330,4971,2023-03-12,Success
12006,2292,20035,2022-12-19,Success
50289,521,8816,2022-11-23,Rejected by the driver
45358,2313,25819,2022-12-16,Success
1042,2060,7539,2022-06-10,Success
38966,2736,12121,2022-12-26,Success
4640,1519,25795,2022-05-28,Success
37187,1924,9744,2022-04-06,Rejected by the driver
7094,2952,27521,2022-08-05,Success
21347,1599,26679,2022-05-31,Success
11778,1880,10860,2022-06-26,Success
56850,2561,36150,2022-11-19,Success
50389,2526,14274,2022-08-08,Success
12545,1668,21440,2023-04-05,Success
27187,755,37164,2022-09-28,Success
48992,1745,16491,2022-11-14,Success
11994,889,33039,2023-03-04,Success
9552,901,20054,2022-07-25,Success
15281,1324,3607,2022-05-23,Success
42841,835,22240,2023-04-10,Cancelled by the passenger
18481,1525,16417,2023-03-04,Success
8988,1409,31540,2022-12-18,Success
53943,100,35770,2022-06-09,Success
56840,1210,31991,2023-03-06,Success
55636,2420,18202,2022-06-02,Success
35178,1150,16438,2022-11-18,Rejected by the driver
7817,968,29812,2022-03-28,Rejected by the driver
38384,1363,12424,2022-10-17,Success
54762,1811,8642,2022-10-16,Success
4279,252,37027,2022-09-02,Success
5615,2136,12251,2022-03-19,Success
28363,694,5775,2022-05-31,Rejected by the driver
38743,2947,13947,2022-09-22,Success
11121,1065,6551,2022-03-27,Rejected by the driver
37417,162,1717,2022-09-03,Success
52218,148,171,2022-10-07,Success
53742,1860,33577,2022-10-13,Success
8710,1508,25860,2022-12-28,Success
14034,222,8199,2022-11-07,Success
4634,2122,25396,2022-10-08,Success
30745,1317,25499,2023-02-21,Success
32950,509,25063,2023-02-18,Cancelled by the passenger
12607,1859,30375,2023-02-12,Cancelled by the passenger
51888,1070,34895,2022-10-29,Success
46682,1222,5617,2023-03-19,Success
21743,1905,8778,2022-06-16,Success
700,2279,14418,2022-12-06,Success
39146,2171,31915,2022-12-11,Success
1202,2380,37368,2022-09-21,Success
29481,18,16281,2022-06-08,Success
5098,140,5274,2023-03-03,Success
42833,2198,35347,2022-08-19,Success
56729,2878,15044,2022-09-11,Success
24210,391,34783,2022-09-15,Success
12374,2786,16085,2022-08-25,Success
45289,1618,7871,2022-05-11,Rejected by the driver
48546,1884,13892,2022-07-14,Success
44276,911,27402,2022-09-11,Success
50192,1959,36003,2022-12-16,Success
827,628,24179,2022-03-15,Success
13080,515,30185,2022-08-01,Success
46595,2158,38550,2022-03-21,Success
37950,1385,5944,2022-07-11,Success
22439,1736,16929,2022-09-19,Success
8157,1286,3064,2022-10-19,Success
8041,1508,30548,2023-03-11,Success
50767,1590,2757,2023-04-15,Success
56558,1056,25988,2022-08-13,Success
48500,175,4543,2023-01-25,Cancelled by the passenger
25213,1361,22173,2022-03-17,Cancelled by the passenger
52717,769,39715,2022-09-22,Success
34190,681,4145,2022-06-08,Success
14641,245,15934,2022-03-20,Rejected by the driver
29950,419,30657,2022-06-27,Success
31070,1727,19394,2023-02-28,Success
16166,2209,33847,2022-03-28,Success
38170,171,22140,2022-09-21,Success
8732,2271,25207,2022-06-04,Rejected by the driver
13621,2892,10868,2023-02-16,Success
33947,1030,24103,2022-09-30,Success
1081,461,16325,2022-10-28,Success
50227,1593,13574,2022-12-01,Cancelled by the passenger
9645,696,5391,2022-12-05,Rejected by the driver
15751,1295,20251,2022-08-14,Rejected by the driver
51106,2406,23285,2022-06-05,Success
1717,2602,9074,2022-07-14,Success
10949,109,29511,2022-05-28,Success
40852,403,37752,2022-10-28,Rejected by the driver
11951,64,16127,2022-09-30,Success
29933,30,2913,2022-03-17,Success
36545,1959,13220,2022-08-19,Success
22819,2883,10194,2022-08-27,Success
27053,1046,16048,2022-07-16,Cancelled by the passenger
3257,108,342,2022-10-27,Success
42936,375,16779,2022-03-30,Success
7496,431,15071,2022-03-27,Success
26399,1035,12857,2022-09-15,Success
4155,1163,30050,2022-08-26,Success
51503,2001,16938,2022-12-18,Success
31305,86,35721,2022-12-24,Success
27256,2325,22245,2022-05-21,Success
23659,2784,25553,2022-09-26,Success
45873,1411,24719,2022-08-20,Rejected by the driver
39023,2283,36101,2022-05-20,Success
12032,1117,9549,2023-03-23,Rejected by the driver
55318,2341,30724,2022-04-06,Cancelled by the passenger
18647,2630,165,2022-09-25,Success
1698,2716,8759,2022-10-30,Success
6200,2620,26928,2023-03-13,Success
58919,1057,3185,2022-07-29,Rejected by the driver
30790,2292,39849,2023-02-28,Success
27601,2235,25854,2022-10-14,Success
31073,2249,36362,2022-07-05,Rejected by the driver
48930,995,31713,2023-03-03,Success
41679,2013,14012,2023-01-03,Success
43773,2347,7545,2023-03-05,Rejected by the driver
8080,2317,2031,2022-07-08,Success
43292,1249,38714,2023-03-25,Rejected by the driver
25833,2731,20668,2022-04-21,Success
37117,1193,9467,2022-08-09,Success
6913,703,25254,2022-06-09,Success
12123,2111,18767,2022-06-22,Success
13611,1310,2019,2022-12-24,Success
18787,1779,16912,2023-01-02,Success
49182,72,4398,2022-10-19,Success
53433,1519,26930,2022-12-18,Success
32540,841,17370,2022-12-11,Rejected by the driver
44515,2780,17303,2022-12-05,Success
13401,971,15038,2023-04-02,Success
25586,1436,10017,2023-01-07,Rejected by the driver
16524,1223,19684,2022-12-13,Success
18007,119,9381,2022-12-30,Cancelled by the passenger
23183,1056,26566,2023-03-25,Success
57094,2676,17945,2023-01-01,Success
55703,2232,7996,2023-03-20,Success
2507,186,29144,2022-09-08,Success
412,2481,32419,2023-01-28,Rejected by the driver
44400,28,33713,2023-02-24,Success
34116,2298,18178,2023-01-09,Success
30265,2959,11884,2022-11-18,Success
48171,1962,30810,2023-01-14,Success
6216,2789,15432,2022-12-26,Success
54309,1297,36884,2022-03-30,Success
20709,2729,10704,2023-03-31,Rejected by the driver
54264,1099,33089,2022-09-04,Success
3047,189,37253,2022-04-12,Success
10509,1040,12155,2023-03-23,Success
941,1407,3443,2022-10-18,Rejected by the driver
52468,2117,15867,2022-11-29,Cancelled by the passenger
5720,165,39813,2022-09-10,Success
28018,354,12807,2022-03-13,Cancelled by the passenger
52638,1814,31594,2022-09-27,Success
33839,1076,17043,2022-06-29,Cancelled by the passenger
18424,1847,28874,2022-05-08,Success
7732,2617,29744,2022-10-10,Rejected by the driver
37168,1929,3308,2023-01-03,Success
7560,1164,15974,2023-01-03,Success
57325,1848,1393,2022-03-19,Success
21497,2514,2131,2023-02-03,Rejected by the driver
10307,373,21789,2022-08-05,Success
21371,690,23517,2022-12-13,Cancelled by the passenger
37253,1420,17705,2022-07-27,Success
10831,1480,22166,2023-01-08,Success
33197,923,13260,2022-08-16,Success
9828,2426,14916,2022-08-08,Rejected by the driver
37491,1410,24693,2022-10-10,Rejected by the driver
19805,1876,35561,2022-09-17,Success
31178,1829,10172,2022-05-09,Success
7941,2755,23177,2022-07-22,Success
27916,2806,22351,2022-08-12,Success
39050,2438,24243,2022-08-02,Success
13590,1240,1957,2023-01-08,Success
32264,535,13381,2022-07-09,Rejected by the driver
42496,2324,2111,2023-02-19,Success
15459,756,19190,2022-09-09,Success
42256,1633,38443,2022-08-03,Success
57242,179,242,2022-05-09,Rejected by the driver
30190,1599,26818,2022-06-15,Success
26618,1863,17178,2022-04-04,Success
3415,761,8499,2022-09-28,Success
42156,534,10651,2023-01-03,Success
38131,765,38677,2022-09-21,Success
34579,1592,13984,2022-10-19,Success
1031,649,10613,2022-03-20,Success
10070,1807,18884,2022-04-20,Cancelled by the passenger
35237,952,4799,2022-05-22,Success
58035,510,12929,2022-07-29,Success
30388,780,25444,2022-05-29,Success
50451,1056,28159,2022-06-01,Success
36750,2098,20010,2022-11-21,Cancelled by the passenger
43745,334,512,2023-04-10,Cancelled by the passenger
37733,276,30340,2023-01-22,Success
57736,1146,13106,2022-11-15,Rejected by the driver
19249,2063,14707,2022-07-03,Success
54271,956,18500,2022-12-08,Cancelled by the passenger
42713,1259,36655,2022-11-25,Success
42293,240,1516,2022-11-07,Success
21406,738,29056,2022-04-29,Success
32789,1697,30555,2022-08-22,Cancelled by the passenger
4603,1397,23147,2022-07-14,Cancelled by the passenger
44594,2384,30464,2022-03-14,Success
51863,379,36099,2023-02-22,Success
53264,1083,9804,2022-05-23,Success
24168,2100,16597,2022-04-21,Success
304,2240,39479,2022-06-23,Rejected by the driver
48658,626,12590,2022-12-24,Success
37781,2514,26143,2022-10-05,Cancelled by the passenger
36960,337,5684,2022-11-10,Success
17805,2695,32260,2023-03-14,Success
15998,1686,939,2022-08-26,Success
13487,1670,36047,2022-10-07,Success
50109,189,8412,2022-05-01,Success
22441,2053,5705,2022-11-05,Success
26556,1921,33522,2022-07-21,Success
38356,2339,15828,2023-02-08,Success
25320,65,26705,2022-03-13,Success
5919,2388,38210,2022-09-21,Success
4396,1027,13743,2022-07-08,Success
36489,1655,34052,2022-05-05,Success
36468,1584,24972,2022-07-26,Cancelled by the passenger
12615,340,30547,2023-03-20,Success
15775,1414,13297,2023-02-04,Cancelled by the passenger
42424,793,8505,2023-01-29,Success
11680,331,30655,2022-07-14,Success
42668,2553,6875,2022-04-10,Success
2405,1447,31577,2022-07-20,Success
28931,980,6041,2022-11-27,Cancelled by the passenger
50817,231,19631,2022-06-18,Success
39661,1376,4338,2023-03-31,Success
52840,410,734,2023-01-13,Success
30101,1999,5713,2022-12-10,Success
6581,1733,27095,2022-07-09,Rejected by the driver
25379,2918,18482,2023-02-28,Rejected by the driver
42673,463,30884,2022-08-20,Success
42629,886,28261,2023-01-01,Rejected by the driver
31330,2173,34942,2023-04-06,Success
55053,2305,22147,2022-10-06,Success
47972,2540,30795,2023-02-07,Rejected by the driver
15878,806,1585,2023-01-09,Success
43090,2221,27078,2022-09-02,Success
20820,1781,17286,2023-01-05,Cancelled by the passenger
19728,620,34175,2022-12-27,Cancelled by the passenger
22315,2567,29406,2022-07-04,Success
10415,962,14520,2022-07-27,Success
30149,2140,30694,2022-06-02,Cancelled by the passenger
26038,2356,18665,2023-04-02,Success
43132,2234,37494,2022-07-14,Success
43916,961,5601,2022-12-16,Success
25418,1651,36455,2022-10-20,Success
16596,1732,12183,2022-10-11,Success
58464,2311,10966,2023-03-11,Success
2639,2957,38806,2022-07-18,Cancelled by the passenger
38465,1345,35936,2022-07-17,Success
11451,1084,9289,2022-09-08,Success
13130,326,22334,2022-08-29,Cancelled by the passenger
35183,1571,17236,2022-06-07,Success
5394,484,33093,2022-08-28,Success
8011,1894,26829,2022-03-25,Success
28608,1827,35395,2022-11-01,Success
42482,2371,12555,2022-03-29,Success
51563,276,5259,2022-12-20,Success
1361,842,30833,2023-02-28,Success
32408,2699,29336,2022-07-27,Cancelled by the passenger
17698,2314,5356,2022-06-22,Success
29405,2545,27448,2023-02-14,Rejected by the driver
4720,446,577,2023-02-03,Rejected by the driver
57877,1864,14653,2023-02-09,Success
6909,1372,33040,2023-04-01,Success
11922,1477,4845,2023-03-30,Success
45418,426,36355,2022-05-01,Success
44185,1857,36501,2022-05-17,Cancelled by the passenger
21569,601,4589,2022-04-03,Success
24153,2887,20045,2022-07-22,Success
53860,2491,35985,2022-06-20,Success
46955,2824,7709,2022-08-09,Success
16753,187,5934,2022-11-29,Success
11215,2773,25141,2023-01-09,Success
5251,365,28734,2022-09-12,Success
20413,132,23485,2022-08-05,Success
47442,564,450,2023-02-24,Success
26566,2537,23472,2023-03-27,Success
16641,2580,25247,2022-12-24,Rejected by the driver
19660,771,5568,2023-03-23,Success
57675,670,5326,2022-08-20,Success
39785,577,7574,2022-10-04,Rejected by the driver
44987,1864,15160,2022-12-20,Success
17066,2943,14218,2022-05-07,Success
45062,1745,4872,2022-03-13,Rejected by the driver
11356,2198,14393,2023-03-23,Cancelled by the passenger
59875,2598,22264,2022-08-21,Success
19446,1790,22825,2023-03-14,Cancelled by the passenger
31803,2505,39389,2022-07-10,Success
57464,295,34939,2022-03-21,Cancelled by the passenger
2575,1772,37694,2023-03-25,Success
50345,2818,25177,2023-04-01,Success
34940,1533,12438,2022-08-27,Success
53483,2970,1629,2022-05-12,Rejected by the driver
26800,626,12730,2023-03-21,Success
49060,111,17408,2023-01-08,Cancelled by the passenger
56916,1004,25771,2022-06-30,Success
38337,703,9836,2022-04-02,Success
19632,12,6471,2022-08-20,Cancelled by the passenger
37271,1864,15588,2022-07-06,Rejected by the driver
32067,653,29698,2022-11-14,Success
14887,1505,34689,2022-08-01,Success
6602,957,18252,2022-12-19,Success
22967,4,31368,2022-05-16,Success
51258,2616,30808,2022-05-03,Success
24080,2718,25445,2022-05-02,Success
52937,495,39027,2022-06-08,Success
13731,402,9407,2022-10-18,Success
4897,424,5379,2022-05-28,Success
16629,1246,34412,2023-01-23,Success
39185,510,10988,2023-01-07,Success
51036,2009,1973,2023-01-18,Success
59280,1423,37654,2022-09-22,Rejected by the driver
10650,89,13919,2022-06-10,Success
5475,2180,23540,2023-01-06,Rejected by the driver
42018,1185,14952,2022-05-02,Success
47621,1776,19522,2022-11-13,Success
31123,2201,13839,2022-05-18,Success
3940,398,6293,2023-03-07,Success
23285,713,22508,2023-01-26,Success
854,1316,20571,2022-08-19,Success
36158,981,35063,2022-08-12,Success
2117,915,14105,2023-02-02,Success
28633,225,38413,2023-04-14,Success
56567,633,14037,2022-09-23,Success
7561,299,27367,2022-08-20,Success
31362,2694,24964,2023-03-20,Rejected by the driver
30448,1981,35626,2022-12-02,Success
45189,416,1418,2022-05-19,Success
52090,1076,29653,2022-07-07,Success
42462,183,23882,2022-05-12,Success
31131,2094,14662,2022-04-24,Success
34662,1022,35314,2022-03-24,Rejected by the driver
17991,1867,3746,2023-03-15,Success
51276,1030,13030,2022-08-19,Success
22032,1540,1112,2022-08-21,Success
39992,396,18435,2022-12-12,Cancelled by the passenger
47604,2266,5347,2023-03-25,Rejected by the driver
48219,2158,12151,2022-10-02,Success
14473,2492,4290,2023-03-01,Success
30475,562,15485,2022-08-12,Success
5389,2765,33190,2022-04-26,Success
28402,2181,17382,2022-06-23,Success
31625,1831,8318,2022-07-08,Success
54321,2676,8305,2022-05-22,Success
20458,1555,7689,2022-07-26,Rejected by the driver
14776,76,9337,2022-04-11,Rejected by the driver
44831,2937,10427,2022-12-09,Success
16835,1631,30470,2022-05-22,Success
2865,2029,27836,2023-03-11,Rejected by the driver
11497,2559,13022,2022-11-20,Success
40103,1952,17971,2022-04-04,Rejected by the driver
6459,1823,24177,2022-10-03,Success
34969,2696,38434,2022-09-05,Success
43986,1185,11108,2023-04-04,Success
49269,1637,2165,2023-02-19,Success
34499,762,21603,2022-10-14,Success
21698,1178,22227,2022-11-06,Success
16125,2776,12751,2022-08-16,Success
23786,659,19780,2022-03-29,Cancelled by the passenger
58414,1157,27595,2022-07-22,Success
4094,804,5084,2022-04-17,Success
42181,408,36185,2022-05-26,Success
58745,1254,26384,2022-08-14,Success
31081,743,25560,2022-04-06,Success
14901,1245,16728,2023-03-06,Cancelled by the passenger
44538,84,35775,2022-08-23,Success
28032,1253,7317,2023-01-02,Success
45330,1921,38125,2023-04-05,Success
51386,2068,1710,2022-11-16,Success
28076,841,5787,2022-05-22,Success
22154,1451,34502,2022-09-24,Success
18067,547,34373,2023-03-03,Success
26845,869,31935,2022-12-22,Success
58736,1545,26794,2023-03-28,Success
10920,1689,13047,2022-09-26,Success
58792,1180,3341,2023-03-03,Success
43191,439,4182,2022-11-20,Cancelled by the passenger
2287,1848,9528,2022-07-26,Success
15172,438,3336,2022-12-30,Rejected by the driver
35986,727,32591,2022-06-08,Success
44107,964,19158,2022-12-22,Rejected by the driver
46109,1658,37993,2022-10-07,Cancelled by the passenger
2946,133,28550,2023-01-16,Success
55816,515,10450,2022-06-28,Success
5356,1494,11984,2022-12-12,Success
12061,206,23989,2023-02-28,Success
20831,16,28021,2023-01-14,Success
44112,346,33986,2023-03-07,Success
17140,815,32006,2022-10-02,Success
23029,1649,23950,2022-09-14,Success
23411,1355,17717,2022-09-04,Cancelled by the passenger
6519,1924,16664,2022-10-08,Cancelled by the passenger
30346,1170,4460,2022-03-18,Rejected by the driver
54893,473,27370,2023-01-27,Cancelled by the passenger
24009,2533,38886,2022-07-21,Success
38421,1471,17810,2023-04-13,Success
8066,805,7435,2022-07-14,Success
36891,1494,24979,2022-10-19,Success
12906,1717,1883,2022-05-12,Success
21954,2984,23154,2022-12-25,Success
71,462,23488,2022-11-02,Success
33449,42,8795,2023-03-01,Cancelled by the passenger
47353,224,38036,2023-01-31,Rejected by the driver
14614,2694,4628,2022-05-01,Rejected by the driver
41345,2536,36699,2023-03-27,Success
30510,2465,11868,2022-09-02,Success
43150,306,35003,2022-03-12,Success
21381,1439,7935,2022-04-14,Success
49291,2140,18299,2022-06-06,Success
41481,2656,6216,2023-02-16,Cancelled by the passenger
19528,117,10408,2022-05-08,Rejected by the driver
6448,2261,23643,2022-06-06,Success
45658,1770,38703,2022-08-07,Success
10710,64,21883,2023-01-27,Success
8656,1435,20765,2023-03-10,Success
13328,1697,11647,2022-04-25,Cancelled by the passenger
46970,546,11677,2023-04-10,Cancelled by the passenger
31907,540,6574,2022-10-12,Cancelled by the passenger
56794,2608,39765,2022-08-28,Success
43817,2785,39359,2022-07-07,Success
10795,939,26440,2022-12-06,Success
16293,857,15570,2022-10-03,Success
22021,33,32919,2022-12-06,Success
24666,292,15684,2023-03-17,Success
4291,1605,14240,2022-07-01,Success
9621,874,9358,2022-10-19,Success
16224,342,11128,2022-08-10,Success
33770,2872,9218,2022-11-01,Success
6857,2009,39787,2022-08-31,Success
6139,2373,9752,2022-10-19,Rejected by the driver
23165,1400,34833,2023-01-06,Success
18698,1119,28109,2022-09-20,Rejected by the driver
2547,890,23285,2022-08-11,Cancelled by the passenger
23857,1230,37706,2022-03-23,Success
53895,1890,19513,2022-12-12,Success
28624,1205,20558,2022-11-07,Success
1693,2089,21706,2023-01-05,Success
18625,1547,34677,2022-10-17,Success
20326,775,35136,2022-08-24,Success
6078,2491,4259,2022-05-08,Success
58513,39,5210,2023-03-22,Rejected by the driver
14324,2503,25655,2022-12-19,Success
3219,1622,29566,2022-11-07,Success
58266,1226,6358,2023-01-30,Rejected by the driver
55766,2554,20845,2022-11-07,Success
47418,1971,30896,2022-05-06,Rejected by the driver
58484,1339,7084,2023-04-12,Success
39195,2680,6289,2023-01-08,Success
2377,850,6038,2022-11-28,Success
7840,866,22190,2023-03-20,Success
32303,436,20647,2022-08-28,Success
14283,2904,36331,2022-08-10,Success
6715,1963,5047,2023-02-19,Rejected by the driver
6550,1939,37792,2022-04-09,Success
27199,1626,6326,2022-05-12,Success
50064,107,24653,2023-03-02,Success
33524,2335,14682,2022-12-20,Success
58655,2140,36884,2023-02-17,Cancelled by the passenger
41061,54,11461,2022-10-13,Cancelled by the passenger
16993,1263,19394,2022-06-11,Success
33520,2574,21286,2022-12-12,Cancelled by the passenger
11682,419,17160,2022-12-25,Success
27692,1542,820,2022-03-29,Success
30293,12,10481,2022-12-22,Success
32236,2962,17265,2022-11-21,Success
19130,2214,24947,2023-03-05,Success
1466,2980,20609,2023-01-13,Success
6002,1805,1856,2022-04-08,Success
21735,49,2605,2023-03-13,Rejected by the driver
8278,1332,4335,2022-06-06,Success
44293,199,14616,2022-06-06,Success
21100,1106,39607,2023-04-09,Success
43897,2095,31613,2023-02-02,Success
57427,1602,21132,2022-12-03,Success
12939,641,6753,2022-05-15,Success
1560,1989,5643,2022-08-09,Cancelled by the passenger
13823,694,11321,2023-02-25,Rejected by the driver
21440,801,35554,2022-07-21,Success
45792,2045,37471,2022-04-06,Success
3096,965,19537,2022-06-13,Success
49487,809,1338,2022-05-08,Success
32002,2318,30572,2022-10-28,Rejected by the driver
28142,1748,25957,2023-02-22,Rejected by the driver
23175,2707,21187,2022-06-01,Success
7774,1112,11604,2022-12-26,Success
38432,1194,18388,2022-05-14,Success
11353,2716,11316,2023-04-03,Success
9353,2159,19925,2022-06-11,Success
40016,2604,18992,2022-06-25,Rejected by the driver
6041,2000,5482,2022-06-17,Success
13296,1462,22207,2022-06-29,Success
49820,608,32558,2022-04-03,Success
48170,2414,22300,2023-03-25,Success
41851,1432,17509,2023-01-05,Success
41881,1321,18793,2022-10-23,Rejected by the driver
43996,1589,31511,2022-05-20,Cancelled by the passenger
31140,1292,11542,2022-10-06,Success
28248,550,20088,2022-07-11,Rejected by the driver
10679,2182,6478,2022-09-22,Rejected by the driver
29230,646,26800,2023-01-27,Success
46551,1149,8837,2023-04-07,Success
44227,534,23300,2022-03-13,Cancelled by the passenger
46116,75,21243,2022-10-20,Success
53390,1127,36304,2022-04-14,Success
50111,1173,13735,2022-04-03,Success
35449,2311,18343,2022-10-01,Rejected by the driver
27291,1055,7956,2022-06-05,Cancelled by the passenger
41755,910,31760,2022-04-14,Success
35416,2148,30239,2022-11-08,Cancelled by the passenger
28466,1337,28561,2023-03-27,Rejected by the driver
28547,795,2411,2022-03-17,Success
8986,2336,32889,2022-05-03,Success
46820,1435,30152,2022-11-01,Rejected by the driver
1050,398,16025,2022-10-17,Success
3523,93,19921,2023-03-08,Rejected by the driver
31612,2015,6814,2023-04-07,Success
56139,1058,8399,2022-03-21,Success
2330,2873,21829,2023-02-22,Success
4006,2979,10851,2022-09-17,Success
22368,1062,35013,2022-10-14,Rejected by the driver
41252,1986,34266,2022-05-28,Success
40172,2103,29700,2022-12-13,Success
12069,442,24577,2022-07-15,Success
1135,2913,13985,2022-12-22,Success
44488,2843,11008,2022-06-25,Cancelled by the passenger
2006,199,9066,2022-06-22,Success
16348,507,3310,2022-05-11,Success
4554,399,5308,2022-04-08,Success
5625,2805,39167,2022-11-24,Success
49548,1699,11928,2023-02-24,Success
43055,1885,37117,2022-10-27,Success
48534,1920,18307,2023-01-07,Success
43914,2970,29739,2022-09-28,Success
37933,157,11201,2022-03-28,Success
33759,2548,15245,2022-11-03,Success
5432,1836,5408,2022-06-11,Rejected by the driver
24903,1541,27733,2022-05-18,Success
44373,218,3574,2022-03-31,Success
3706,2486,24209,2022-08-08,Cancelled by the passenger
52500,2116,7841,2023-02-19,Success
9052,2711,2722,2023-03-26,Rejected by the driver
56211,579,8994,2023-04-02,Success
52569,2405,14375,2022-05-29,Success
27177,684,16284,2022-05-19,Success
40684,20,14727,2022-06-14,Success
59693,2936,23916,2022-12-04,Success
22625,59,869,2022-06-04,Success
37345,2210,26826,2022-06-06,Success
8261,2948,9684,2022-10-21,Success
34764,1635,21399,2023-02-19,Success
52973,2851,12162,2023-01-30,Cancelled by the passenger
45767,492,15896,2022-11-22,Success
13158,1052,18091,2022-10-23,Success
19741,1926,31924,2022-12-22,Cancelled by the passenger
20689,2673,26636,2023-01-27,Success
17951,239,13399,2022-07-20,Success
57630,71,15005,2022-08-16,Rejected by the driver
40162,541,30683,2022-09-05,Cancelled by the passenger
9840,94,7082,2022-09-30,Success
31517,2465,17588,2022-09-28,Success
19725,2535,24870,2022-08-21,Success
7093,371,2951,2022-12-15,Success
49183,1125,11425,2022-11-28,Success
32093,833,20973,2022-08-12,Success
23823,1946,31203,2022-10-04,Success
56089,504,7159,2022-07-31,Success
35471,2181,1761,2022-08-22,Success
15155,739,31933,2022-10-15,Success
22332,1586,34997,2022-08-04,Success
39760,1743,8142,2023-03-07,Success
34005,2152,16198,2022-06-11,Success
23100,198,33602,2022-10-23,Success
36139,1273,31803,2023-04-10,Cancelled by the passenger
55229,1657,24846,2023-03-25,Success
58720,1492,36118,2023-04-09,Success
510,2817,26839,2022-03-13,Success
57422,112,32149,2022-03-15,Rejected by the driver
30325,1934,19218,2023-03-26,Success
34952,651,7739,2022-07-12,Success
6097,1698,28185,2022-11-11,Success
33430,2738,26655,2022-05-24,Success
33459,347,38187,2023-02-24,Success
44206,2430,7316,2022-05-27,Success
50408,895,13564,2023-01-02,Success
55506,1760,11965,2022-09-02,Success
1956,1739,23555,2022-05-13,Success
20566,58,36148,2022-09-17,Success
54,1667,28148,2022-10-01,Cancelled by the passenger
26145,1703,33072,2022-09-05,Success
24724,936,28570,2023-03-12,Success
129,2388,11191,2022-08-26,Success
6613,112,8413,2023-03-09,Success
40655,2359,7983,2022-12-05,Success
51157,2105,15994,2023-01-24,Success
15543,1086,7835,2022-03-15,Success
38013,2277,17274,2023-02-09,Success
18071,2799,15400,2022-09-17,Success
25326,1903,15317,2022-08-11,Rejected by the driver
19581,108,7097,2023-01-13,Success
54094,321,23631,2023-02-04,Cancelled by the passenger
26511,1504,17782,2023-03-29,Success
13553,421,5320,2022-04-10,Success
49724,1481,11043,2022-11-20,Success
17626,1445,5199,2022-03-29,Rejected by the driver
53490,2366,28366,2022-12-19,Rejected by the driver
30031,1559,20175,2023-02-17,Rejected by the driver
56190,553,11271,2022-08-18,Success
19398,2186,23201,2023-01-14,Success
57396,2192,31732,2023-02-26,Success
2780,760,36751,2022-08-30,Success
55439,762,29666,2022-04-02,Success
25788,2349,22222,2023-01-02,Success
9768,595,29710,2022-09-30,Rejected by the driver
21075,2605,32455,2022-04-19,Success
20298,442,32405,2022-11-01,Rejected by the driver
39152,1173,4379,2022-03-30,Success
37678,2190,8588,2023-02-20,Success
45806,2597,20291,2022-05-31,Success
47168,2171,15288,2023-04-01,Success
28158,768,35295,2022-08-16,Success
16452,1426,20129,2022-08-20,Cancelled by the passenger
13510,1676,7450,2023-02-04,Success
34990,242,35934,2023-04-11,Rejected by the driver
20608,2336,21501,2023-03-07,Success
19366,2574,27349,2023-02-25,Cancelled by the passenger
2894,1126,1850,2022-03-22,Rejected by the driver
32427,2604,18993,2023-03-07,Success
53589,1147,5254,2023-04-11,Success
5281,2970,24808,2022-09-17,Success
59054,2696,25488,2023-03-15,Success
16647,2021,35613,2022-05-17,Success
32946,352,30685,2022-08-07,Success
24413,116,38989,2022-07-28,Success
42541,317,8552,2022-11-10,Success
39874,2403,28576,2022-06-04,Rejected by the driver
54881,2,25011,2022-11-15,Success
48456,2511,27589,2022-07-19,Cancelled by the passenger
35293,1300,29635,2022-06-21,Success
33994,1360,39731,2023-02-12,Success
33820,2482,15927,2022-08-01,Cancelled by the passenger
58646,770,8682,2022-06-08,Rejected by the driver
50749,1436,6777,2022-05-27,Success
50285,1533,21252,2022-06-18,Success
1627,1510,39205,2022-06-06,Success
1736,563,38826,2022-10-27,Success
44477,1095,4526,2022-07-27,Rejected by the driver
34480,1223,14762,2022-10-29,Success
24495,840,30372,2022-04-04,Success
49938,1235,8407,2022-09-22,Cancelled by the passenger
5329,2057,26476,2022-04-17,Success
37175,2771,15986,2022-11-28,Success
31053,947,6278,2022-10-11,Success
41607,1414,24302,2022-04-03,Rejected by the driver
44800,1593,23333,2022-05-25,Success
58803,1369,22967,2022-10-12,Success
2128,653,16726,2022-11-28,Success
30690,701,7815,2022-10-25,Success
5340,2125,33906,2022-05-10,Rejected by the driver
16313,2025,12917,2022-04-01,Success
39093,795,7066,2022-07-07,Rejected by the driver
48864,2743,10036,2023-01-14,Success
21070,161,12845,2022-11-17,Success
23399,830,19874,2023-04-09,Cancelled by the passenger
36620,2540,22672,2022-03-15,Success
38685,783,1329,2022-06-05,Success
32017,1602,10812,2023-01-06,Success
17627,2206,26905,2022-10-19,Success
37938,1066,39187,2022-07-23,Success
55832,1688,34674,2023-03-29,Cancelled by the passenger
20411,2761,18322,2022-12-31,Rejected by the driver
30808,2210,6158,2023-01-15,Success
40156,79,23636,2023-03-15,Success
30294,2407,26319,2022-06-24,Success
20965,1674,5163,2022-05-26,Cancelled by the passenger
37040,512,34171,2022-07-17,Success
52393,2055,17228,2022-04-27,Success
57166,2113,11139,2022-04-26,Rejected by the driver
36762,1942,26969,2022-08-19,Cancelled by the passenger
26858,506,17471,2022-06-27,Success
52439,294,9214,2022-11-15,Success
42886,1021,18204,2022-06-10,Success
43378,90,11920,2023-04-05,Success
44815,1593,843,2022-09-08,Success
5905,756,5540,2022-12-13,Rejected by the driver
30823,1401,7604,2023-03-17,Success
43488,53,23907,2022-05-23,Success
11493,96,32457,2022-06-09,Success
52685,1097,18627,2022-09-24,Success
25422,1417,25217,2022-07-03,Success
49170,2565,39127,2023-02-15,Rejected by the driver
47123,2034,24453,2022-08-04,Success
16336,870,9922,2023-01-27,Success
16536,890,1421,2023-04-10,Success
28424,2574,25453,2023-01-29,Success
50571,1423,24430,2022-04-08,Success
55956,602,9264,2022-07-02,Success
8584,2417,2780,2023-01-30,Success
50752,2524,21402,2022-10-12,Rejected by the driver
58404,2586,35169,2022-09-03,Success
45034,312,27791,2022-03-18,Success
51614,2029,30261,2022-10-19,Success
4148,2441,4921,2022-10-29,Success
7764,2729,23842,2022-06-26,Success
28077,1173,19552,2022-03-21,Rejected by the driver
42121,1069,15923,2022-11-16,Success
37369,1074,4296,2022-12-25,Success
45599,2504,13988,2022-08-28,Success
25239,1259,39490,2022-06-05,Success
58351,2016,33559,2022-05-17,Success
11539,340,14973,2022-06-16,Success
855,1832,35460,2022-03-25,Success
13379,396,2027,2022-07-24,Success
26221,1269,24925,2022-06-28,Success
27203,2393,29227,2022-04-30,Cancelled by the passenger
20304,1356,14850,2022-08-22,Success
32283,390,13534,2022-07-31,Success
14407,2927,31449,2023-02-18,Success
39223,2729,33815,2023-01-25,Success
19723,833,30615,2022-10-03,Success
12274,2807,32836,2023-03-01,Success
1981,1446,38909,2023-02-13,Success
40982,877,2311,2022-06-03,Success
39200,2519,2562,2022-06-13,Success
17284,2544,28818,2023-03-20,Success
2541,1380,19182,2022-12-31,Success
43322,1031,18194,2023-02-14,Cancelled by the passenger
57300,2011,35971,2023-02-07,Success
20772,1668,35143,2023-03-06,Success
28249,1017,31109,2022-08-21,Success
7089,2663,21603,2022-11-12,Success
33059,279,14468,2023-04-08,Cancelled by the passenger
44742,2606,20323,2022-09-01,Success
10664,897,37040,2023-03-28,Success
43689,2480,39445,2022-03-18,Success
17289,202,28045,2022-06-02,Success
20594,1432,1142,2023-04-02,Success
54018,1397,31364,2022-12-21,Success
25345,1409,13092,2023-02-24,Cancelled by the passenger
28604,2204,15700,2022-11-20,Success
15198,1451,33493,2022-05-04,Success
19390,606,8024,2022-09-08,Success
34330,2177,4567,2022-05-30,Success
34666,1412,4742,2023-03-16,Success
12085,979,5050,2022-07-23,Success
38237,340,13242,2022-06-18,Rejected by the driver
15424,1043,6682,2022-04-02,Success
10968,2582,37116,2022-12-20,Success
18444,1594,19003,2022-04-17,Rejected by the driver
30323,482,36913,2022-03-14,Rejected by the driver
46806,2527,28086,2022-12-19,Success
43878,13,8233,2022-06-14,Success
58631,1539,12808,2022-06-10,Cancelled by the passenger
26181,2452,17512,2022-05-14,Cancelled by the passenger
58442,1806,6680,2023-03-15,Success
28204,1018,37662,2022-05-01,Success
36288,1788,7730,2022-11-17,Success
14959,1980,4517,2023-03-31,Cancelled by the passenger
38291,1239,32475,2023-03-21,Success
18295,841,22968,2022-12-07,Cancelled by the passenger
42507,878,20100,2022-07-13,Success
11027,211,36627,2023-01-23,Success
44586,2168,38676,2022-03-29,Cancelled by the passenger
26206,1918,15695,2022-05-03,Success
41042,1794,19772,2022-06-27,Success
12951,1412,18772,2022-05-05,Rejected by the driver
15525,1511,18027,2022-08-05,Success
24872,291,7880,2022-07-30,Rejected by the driver
18199,1822,12490,2022-05-06,Cancelled by the passenger
14934,1056,4325,2023-03-11,Success
43078,2983,35238,2022-07-05,Rejected by the driver
23092,78,34035,2022-10-09,Success
23186,1022,1255,2022-12-11,Success
52796,2764,31043,2023-04-09,Success
25077,1577,15235,2022-12-27,Success
19279,722,37446,2022-07-06,Success
50276,122,5274,2022-07-14,Success
37250,1664,9759,2022-12-01,Rejected by the driver
49004,2106,38570,2023-02-03,Success
34424,2604,29026,2023-01-24,Success
36439,332,4836,2022-08-09,Success
13033,2109,20091,2022-12-01,Cancelled by the passenger
5493,2949,11012,2023-02-26,Cancelled by the passenger
48306,852,11146,2022-04-17,Rejected by the driver
49641,2381,19094,2022-11-05,Success
10733,1422,5453,2023-01-13,Rejected by the driver
46751,542,6779,2022-03-13,Cancelled by the passenger
3577,1979,12511,2022-12-29,Success
36022,1918,412,2023-01-09,Rejected by the driver
58784,1641,37464,2022-10-06,Cancelled by the passenger
35620,600,6342,2022-10-30,Success
7360,1345,21296,2022-08-29,Success
32036,2395,19301,2023-03-29,Success
10972,1730,15197,2022-06-10,Success
57570,2789,2845,2022-05-26,Rejected by the driver
41648,194,9123,2022-04-08,Success
34867,2630,15876,2022-09-09,Success
2948,2041,28550,2022-04-10,Success
56165,1666,31264,2023-02-07,Success
30962,2036,15391,2022-06-03,Success
31393,496,26139,2023-02-28,Success
52859,2458,37223,2022-09-18,Success
25234,1223,738,2022-10-19,Success
18819,2378,28331,2023-02-18,Success
30771,843,22491,2022-07-06,Success
44880,2748,13088,2023-02-08,Success
41142,44,9474,2023-03-16,Cancelled by the passenger
161,1177,25807,2022-04-03,Success
4008,829,22858,2022-12-22,Success
28720,2833,14348,2022-08-19,Cancelled by the passenger
33371,1488,28987,2022-09-02,Rejected by the driver
39886,1369,6731,2022-09-03,Rejected by the driver
51980,1676,39838,2022-07-07,Success
11265,75,22781,2022-05-30,Success
42133,2393,23273,2022-11-04,Rejected by the driver
9945,1847,29651,2022-08-04,Success
26023,2427,838,2022-07-25,Rejected by the driver
7489,1671,14085,2023-03-27,Success
59515,641,10850,2022-12-17,Success
59639,1281,38792,2023-02-20,Success
50158,2722,14972,2022-08-01,Success
28068,13,18087,2023-03-30,Success
23715,799,12337,2022-05-17,Success
15449,1783,163,2022-05-07,Success
42710,2143,21025,2022-07-05,Success
25075,684,29197,2022-11-15,Success
57161,2707,16177,2022-11-27,Success
56939,1820,17825,2023-04-05,Success
12816,2029,36266,2022-07-26,Cancelled by the passenger
41060,2123,31975,2023-01-31,Success
17042,1411,20408,2022-03-31,Success
12342,1664,32900,2022-07-06,Success
54909,1452,30175,2023-02-12,Success
36666,2231,23255,2022-08-16,Success
35865,1393,8629,2022-11-26,Rejected by the driver
47030,732,2039,2023-03-02,Success
59311,2250,12724,2022-05-16,Rejected by the driver
22598,1824,19442,2022-09-25,Success
56705,2058,25573,2022-07-22,Cancelled by the passenger
34125,334,19270,2023-02-20,Success
58769,2512,3622,2022-10-07,Cancelled by the passenger
20696,1532,13102,2022-11-22,Success
21585,1822,39350,2022-04-04,Success
54616,2921,26852,2023-03-06,Success
24771,1629,13240,2022-11-13,Success
9423,214,10633,2022-07-18,Success
41787,94,29715,2023-02-16,Cancelled by the passenger
20450,1679,32026,2022-09-18,Cancelled by the passenger
25273,858,36931,2022-04-13,Success
22340,2498,10713,2022-04-22,Success
6361,119,5339,2022-08-29,Cancelled by the passenger
38461,2401,36864,2023-04-10,Success
42129,1992,32598,2022-07-24,Success
52180,1098,17592,2022-10-25,Success
17752,2713,27588,2022-03-12,Success
16479,249,7110,2023-02-07,Rejected by the driver
50439,1871,7502,2022-04-22,Cancelled by the passenger
41437,142,12338,2022-09-05,Success
45241,1241,10148,2022-12-12,Success
15930,2047,23418,2022-07-24,Success
58944,1581,30419,2022-09-23,Rejected by the driver
33057,1767,18365,2023-03-05,Cancelled by the passenger
36205,1922,8716,2023-01-13,Success
47060,1592,39899,2023-04-12,Success
54344,561,3971,2022-09-28,Success
52613,2261,20633,2022-06-13,Rejected by the driver
8314,2464,34732,2022-04-19,Rejected by the driver
48586,441,18067,2023-04-05,Cancelled by the passenger
8069,2661,23061,2023-02-12,Success
28224,1124,27750,2023-01-20,Success
41815,2418,18901,2023-02-25,Cancelled by the passenger
21267,39,30522,2022-10-24,Success
22947,489,3961,2022-06-08,Success
54702,892,31017,2022-04-11,Success
39056,488,17456,2023-03-24,Cancelled by the passenger
54602,39,7698,2023-03-08,Success
19414,2149,18426,2022-11-28,Success
15874,751,1767,2022-09-02,Success
802,2366,2374,2022-08-30,Success
38413,1821,6579,2023-03-03,Success
45872,2436,24858,2022-12-11,Cancelled by the passenger
28984,1491,8561,2022-11-17,Success
17687,28,28843,2022-08-12,Success
55971,1978,36927,2023-03-30,Rejected by the driver
46642,338,38036,2022-10-05,Cancelled by the passenger
5963,2934,303,2023-02-07,Rejected by the driver
19891,2519,328,2023-01-29,Success
18367,621,32151,2022-12-10,Success
16692,1653,28942,2022-05-14,Rejected by the driver
29447,2279,31210,2022-08-22,Success
24358,2065,18463,2022-06-27,Success
35404,2245,33009,2022-10-24,Success
34076,1652,39824,2022-05-17,Cancelled by the passenger
42911,1107,21148,2023-03-16,Success
28309,1068,8069,2023-01-02,Success
43431,742,37070,2023-03-06,Cancelled by the passenger
58183,1897,26457,2022-04-29,Success
19887,18,22871,2023-02-13,Rejected by the driver
36328,164,34074,2023-03-18,Success
53455,2001,7921,2022-11-24,Success
19211,359,38544,2022-05-21,Success
30773,151,37536,2022-09-30,Success
59603,1963,17196,2022-11-22,Success
32121,2379,6073,2023-03-26,Cancelled by the passenger
16128,750,3751,2023-04-05,Success
21477,2649,30555,2022-12-19,Success
40919,348,32589,2022-09-30,Success
43005,1023,20001,2022-09-29,Rejected by the driver
16917,2860,30198,2022-08-01,Cancelled by the passenger
26867,442,31977,2022-09-10,Success
12360,1112,8612,2022-09-09,Success
6179,1246,24549,2022-08-29,Success
56110,2672,24098,2022-10-03,Cancelled by the passenger
39884,2095,36616,2022-12-16,Success
7460,394,37177,2023-03-13,Cancelled by the passenger
53223,682,12310,2022-08-05,Success
12054,1108,11884,2022-12-12,Success
31395,48,3618,2023-01-08,Success
55152,2428,4330,2023-02-24,Success
12462,101,24986,2022-11-18,Success
51903,2614,31816,2022-04-27,Success
38578,893,2855,2022-11-27,Success
28084,1261,34150,2022-09-22,Cancelled by the passenger
2002,2742,30472,2023-04-02,Success
4295,916,33005,2022-07-31,Success
12866,700,21371,2022-08-10,Success
14339,159,34302,2023-03-01,Success
29051,2288,4084,2023-04-03,Cancelled by the passenger
55177,761,32075,2022-08-23,Success
8135,2762,37572,2022-07-25,Success
38212,1827,10867,2022-12-20,Success
54492,27,14069,2022-11-07,Success
33510,2793,11489,2022-10-17,Success
11791,1966,5336,2022-03-30,Success
20097,1475,6910,2022-07-05,Success
49528,2336,15928,2023-04-08,Cancelled by the passenger
17508,623,39911,2022-09-13,Cancelled by the passenger
26178,437,11992,2023-02-13,Success
26033,2259,27935,2023-01-21,Rejected by the driver
4582,196,12628,2022-11-11,Success
55415,146,38094,2022-03-22,Rejected by the driver
41144,2173,24337,2022-06-06,Success
16930,2707,23932,2022-08-25,Success
25703,540,30097,2022-05-18,Success
15798,861,32693,2023-02-01,Success
30426,2738,39351,2023-03-31,Cancelled by the passenger
6714,1848,3557,2022-08-01,Success
11977,1576,39014,2022-04-13,Success
45681,1683,25806,2022-03-14,Success
14811,2065,39344,2023-02-27,Success
44193,1472,37663,2022-04-18,Success
49033,533,35639,2022-11-03,Success
34255,1553,24339,2023-03-26,Cancelled by the passenger
39141,79,10100,2023-03-23,Success
11753,2683,34689,2022-04-17,Rejected by the driver
33285,2002,34890,2022-07-02,Success
15083,2238,27513,2022-11-24,Success
3321,2598,8168,2022-12-12,Success
9268,918,17458,2022-11-22,Success
49521,1201,16708,2022-11-05,Success
19962,1130,648,2023-03-23,Rejected by the driver
18545,836,3199,2023-04-05,Success
47111,2110,12941,2022-08-28,Success
41879,2547,38350,2022-09-01,Cancelled by the passenger
15416,657,36763,2022-10-27,Success
35133,271,30927,2023-03-27,Success
35343,428,12698,2022-12-05,Success
22376,653,7724,2022-11-03,Success
25959,766,36882,2023-01-27,Success
50271,1642,8205,2022-10-14,Rejected by the driver
30742,2849,17278,2022-03-23,Success
5259,345,34082,2023-02-10,Cancelled by the passenger
32832,60,14451,2022-05-19,Success
46128,288,8894,2022-10-21,Success
37704,1807,21997,2022-10-13,Success
31928,535,31066,2022-10-19,Success
12027,1872,38461,2023-01-14,Success
18139,2754,3590,2022-11-10,Success
50740,2351,8966,2022-06-17,Rejected by the driver
24890,2859,602,2023-04-07,Success
6052,2205,25763,2023-02-23,Rejected by the driver
33393,1234,10476,2022-09-05,Success
39042,1165,10858,2023-02-11,Rejected by the driver
48569,24,31347,2022-07-15,Success
7918,373,32680,2022-06-07,Rejected by the driver
24888,451,2767,2023-01-09,Success
42090,1376,2854,2022-12-07,Success
18563,2649,29411,2022-12-31,Success
6286,2824,9784,2022-09-09,Cancelled by the passenger
20993,610,28645,2022-06-08,Cancelled by the passenger
17528,2479,20596,2023-03-21,Success
57348,2284,15606,2023-03-18,Success
10086,1977,2318,2022-08-09,Success
41669,2048,5475,2023-02-22,Success
20488,254,21595,2022-04-15,Success
7073,1051,32703,2022-09-08,Success
11472,2871,6915,2022-04-17,Success
48041,2460,17435,2022-04-10,Success
47247,1582,5063,2022-03-28,Success
43899,2073,3463,2022-07-31,Success
5860,1599,26694,2022-12-18,Success
20402,832,23245,2022-10-29,Success
10606,964,9690,2022-09-13,Success
7468,1982,29256,2022-05-02,Success
9542,1313,22578,2022-04-11,Rejected by the driver
13916,2501,369,2022-05-29,Cancelled by the passenger
26824,371,33064,2022-10-07,Success
14317,2428,16795,2022-03-16,Success
15882,2577,39352,2023-02-01,Success
26108,2779,31852,2022-08-26,Success
51492,2114,25022,2023-02-21,Success
31213,213,459,2022-07-31,Cancelled by the passenger
56068,2124,11223,2022-10-10,Success
52792,2018,11002,2022-09-06,Success
14994,1921,15550,2023-03-07,Success
53343,1216,12702,2022-06-02,Success
12568,764,1312,2022-09-05,Rejected by the driver
18818,2374,10555,2022-04-30,Success
3681,1724,1699,2022-04-01,Success
11442,2939,10225,2022-06-17,Cancelled by the passenger
525,1116,6508,2022-08-29,Success
53854,790,5263,2022-04-09,Success
12487,519,22739,2022-07-07,Cancelled by the passenger
24914,2369,22343,2022-09-06,Success
30575,1377,20418,2023-02-03,Rejected by the driver
50136,2828,22593,2023-01-19,Success
22493,2335,4396,2022-07-24,Success
24958,51,13468,2022-10-15,Success
32368,943,29433,2023-02-17,Cancelled by the passenger
20876,2512,4245,2023-03-17,Success
21367,1111,18856,2022-08-18,Success
34562,265,9192,2022-12-06,Success
17182,757,23810,2023-01-08,Rejected by the driver
59178,1747,9270,2022-12-23,Success
6235,1800,17768,2022-06-09,Success
18219,2679,19184,2022-08-13,Success
14719,1662,39865,2022-10-30,Rejected by the driver
56383,2544,26456,2022-11-15,Rejected by the driver
31462,258,17426,2022-06-20,Success
35949,2031,15807,2022-04-28,Rejected by the driver
20460,200,8587,2022-05-19,Success
22675,219,10658,2022-12-23,Success
51014,1141,31030,2023-04-04,Success
10791,2875,21770,2023-03-07,Success
40044,895,16802,2022-09-05,Success
40905,57,27993,2022-08-30,Success
37368,1783,24351,2022-09-25,Success
24659,1008,21615,2023-02-17,Success
55728,2674,9737,2022-07-09,Success
37572,2510,36279,2022-04-30,Cancelled by the passenger
40594,1953,35380,2023-01-02,Success
40018,2284,7343,2022-10-19,Success
27161,2417,23255,2022-06-21,Rejected by the driver
37089,1514,32362,2022-11-21,Success
42250,2084,36324,2022-08-27,Success
57121,1432,1010,2022-09-19,Success
51251,2024,30288,2022-06-11,Success
4722,1271,15342,2023-03-05,Success
20176,453,1880,2022-06-03,Rejected by the driver
8715,800,19381,2022-09-04,Rejected by the driver
30122,2604,35423,2023-02-19,Success
48770,2253,19923,2022-07-27,Success
33357,2600,21837,2022-11-15,Success
7573,1868,16659,2022-09-27,Success
51651,2283,38895,2022-08-14,Success
25932,1235,28755,2022-11-03,Cancelled by the passenger
56118,233,1431,2022-07-17,Cancelled by the passenger
30760,1731,29942,2022-12-04,Success
20612,2005,28658,2023-04-11,Success
40101,556,6647,2022-05-12,Success
45066,2641,1017,2022-06-10,Rejected by the driver
20645,993,28708,2022-07-18,Success
5350,176,32060,2023-02-11,Success
16244,234,39539,2023-01-16,Success
51494,1705,7617,2022-11-11,Success
40164,1949,25758,2022-10-22,Success
30676,314,2103,2022-07-30,Success
47721,371,16430,2023-02-23,Success
46629,74,7835,2023-03-19,Success
40294,333,12728,2022-04-02,Success
19549,2734,17568,2023-04-07,Success
31355,339,7117,2022-10-18,Success
25221,2461,5657,2022-06-30,Rejected by the driver
54563,2918,36262,2022-04-21,Success
35612,574,7864,2022-08-27,Rejected by the driver
36840,2623,12341,2023-03-25,Success
2433,2501,32035,2022-08-30,Success
25208,2896,6945,2022-12-26,Success
2392,244,11484,2022-09-03,Success
56842,249,21883,2022-05-04,Success
38261,2396,10437,2023-02-15,Success
36355,901,4953,2022-11-06,Success
4756,1641,4277,2022-10-12,Rejected by the driver
35906,2724,3537,2022-09-05,Success
11069,2615,32251,2023-04-14,Success
47081,2871,21001,2023-03-15,Success
35251,2837,8137,2022-09-07,Success
38558,926,10650,2022-08-23,Cancelled by the passenger
29909,947,27256,2023-03-05,Success
19246,785,24732,2022-04-24,Success
50311,1530,19971,2022-06-19,Success
47984,1981,3297,2022-10-16,Success
519,142,19166,2022-04-19,Rejected by the driver
32447,1342,21365,2022-12-17,Cancelled by the passenger
40947,2708,8828,2022-12-12,Cancelled by the passenger
5221,1243,26816,2023-03-15,Success
41267,2554,24993,2022-05-30,Success
21651,1406,31690,2022-04-23,Success
34090,2570,10582,2023-04-08,Success
49214,2495,25986,2022-07-10,Success
7670,2775,12204,2022-09-13,Success
52058,541,30933,2022-12-25,Success
48013,2404,18587,2022-03-29,Success
52888,53,28141,2023-01-31,Success
13770,938,12295,2023-01-24,Success
12124,2117,31527,2022-08-01,Success
15216,1612,26477,2022-08-18,Cancelled by the passenger
30281,2367,3438,2022-08-24,Success
10728,557,27483,2023-02-02,Success
48345,2527,22440,2022-11-23,Success
56140,1589,9326,2022-04-26,Success
46289,877,8466,2022-10-14,Success
51723,1023,29968,2023-03-10,Rejected by the driver
746,1297,28169,2022-05-24,Success
5863,2425,17298,2023-02-07,Cancelled by the passenger
10758,1247,17696,2023-01-06,Success
46938,2042,35219,2022-07-27,Rejected by the driver
15319,2584,28493,2022-09-15,Success
54755,1516,33787,2022-09-27,Cancelled by the passenger
45172,434,28405,2022-06-22,Success
34341,1340,11358,2022-03-12,Success
51407,2789,22112,2022-10-29,Success
9241,1809,7029,2022-06-25,Rejected by the driver
57555,1948,38817,2022-03-16,Success
53170,349,22244,2022-10-15,Success
21370,1605,33391,2023-01-20,Rejected by the driver
2596,1226,1557,2022-06-28,Success
49350,431,7901,2023-04-13,Success
28855,948,11331,2022-10-17,Success
2110,1472,33559,2022-10-25,Success
43811,1589,36494,2022-07-17,Success
19076,1919,37966,2022-12-03,Success
39995,2222,33827,2022-03-16,Rejected by the driver
40137,1983,8934,2022-05-25,Success
56377,1662,5213,2022-06-14,Success
7465,1816,28802,2023-03-15,Cancelled by the passenger
25258,1513,37983,2022-08-03,Success
23337,2929,5542,2023-01-22,Success
17121,1724,9801,2022-11-29,Success
562,223,9156,2023-02-19,Success
17501,1935,2088,2022-05-15,Success
31479,328,14546,2023-02-02,Success
20872,2533,19129,2022-06-02,Success
11230,2587,328,2022-11-27,Success
19083,1545,8188,2022-05-18,Success
46596,2553,14554,2022-03-30,Rejected by the driver
56980,1653,19855,2023-02-23,Success
32938,1753,37774,2023-02-08,Rejected by the driver
30667,232,3956,2023-04-13,Success
13964,2102,34795,2023-02-10,Success
5482,1408,1399,2023-03-15,Success
59961,523,35699,2022-12-03,Success
14403,1936,33505,2022-11-07,Success
5929,796,2650,2023-01-11,Cancelled by the passenger
59670,169,37758,2022-09-13,Success
37540,2889,32122,2023-04-10,Success
46107,2697,2059,2022-10-26,Success
7549,1911,13837,2023-03-19,Success
25309,1365,12061,2023-03-03,Success
3841,1071,37227,2022-12-26,Success
30356,182,14574,2022-05-17,Success
10853,2464,11975,2022-12-21,Success
46569,2649,11031,2023-04-04,Success
19110,2850,7998,2022-09-30,Success
58003,899,5960,2022-09-16,Success
11243,1469,6769,2023-01-11,Rejected by the driver
53324,2713,13056,2023-01-25,Success
22958,1656,27862,2022-03-31,Success
48383,2486,11548,2022-11-29,Success
8256,494,37708,2022-06-24,Success
3381,1681,1226,2022-06-28,Success
16628,1291,35260,2023-01-27,Cancelled by the passenger
29926,1274,39212,2022-07-30,Success
53283,2797,11934,2022-08-29,Success
32572,2308,20650,2022-12-14,Cancelled by the passenger
42032,226,4043,2022-11-21,Success
23777,831,19656,2022-11-13,Success
38893,1210,30144,2023-01-20,Cancelled by the passenger
21992,824,4165,2023-04-11,Cancelled by the passenger
36211,2053,7815,2022-07-20,Success
2048,1028,36837,2022-04-09,Success
13207,1489,3976,2022-06-30,Success
37763,405,28123,2022-07-20,Success
72,1124,9811,2022-08-21,Success
11385,1786,32884,2022-12-08,Cancelled by the passenger
53286,2314,5401,2023-02-28,Rejected by the driver
18113,3000,20890,2022-03-26,Success
44865,1321,9478,2022-07-10,Rejected by the driver
34574,1344,15292,2022-04-23,Success
31455,674,12528,2023-02-16,Success
32094,535,16994,2022-04-20,Rejected by the driver
50786,802,30205,2022-09-20,Rejected by the driver
26722,183,16374,2023-03-06,Success
27583,1424,35873,2023-04-05,Cancelled by the passenger
28147,2591,6310,2022-07-21,Success
39250,1567,24878,2023-01-06,Success
6590,2443,9918,2022-06-23,Success
36078,2926,6265,2022-07-16,Success
32754,2638,21724,2022-07-14,Success
51422,2326,25443,2022-06-06,Success
30238,2964,15946,2023-04-02,Success
34580,1101,17723,2023-03-25,Success
31595,1459,3911,2022-09-12,Success
24669,984,5501,2022-09-05,Success
34561,243,13207,2022-06-12,Success
27551,2832,28939,2022-11-09,Rejected by the driver
43589,2415,23036,2022-07-03,Success
51620,1800,39750,2022-05-27,Success
15071,196,21516,2023-02-23,Success
5407,1335,38168,2023-03-21,Rejected by the driver
44008,1187,34899,2023-01-21,Success
12409,2108,12335,2022-06-18,Success
24953,2708,25718,2023-01-18,Cancelled by the passenger
24366,186,32240,2022-10-17,Cancelled by the passenger
49812,2031,17719,2022-07-12,Cancelled by the passenger
40674,1630,15140,2022-12-13,Success
41043,256,36690,2023-02-01,Success
53611,2513,9492,2022-04-03,Success
17,110,25522,2022-12-09,Rejected by the driver
14727,1918,11067,2022-05-24,Success
15317,1628,8702,2022-07-26,Success
32530,645,3971,2022-06-06,Success
24560,1356,21395,2023-03-21,Success
3619,492,7626,2022-05-20,Success
13052,2918,33874,2022-05-29,Cancelled by the passenger
23836,2891,981,2022-12-13,Success
25359,934,30670,2022-10-08,Rejected by the driver
52185,1756,4839,2022-03-13,Success
7082,655,28280,2022-12-27,Success
45149,1745,21994,2022-10-28,Success
45544,879,5437,2023-01-14,Success
31314,651,27304,2022-10-13,Rejected by the driver
8917,913,24337,2022-06-02,Success
2885,1188,11565,2022-10-17,Success
47016,2643,16298,2023-01-16,Success
46983,2019,9705,2022-11-02,Success
50263,1751,17122,2022-07-28,Rejected by the driver
22827,1900,17612,2022-05-18,Success
28467,712,16141,2022-11-30,Rejected by the driver
37772,2075,24264,2022-03-16,Success
9364,1434,17339,2022-12-21,Success
18742,951,22023,2022-10-11,Success
54889,170,22751,2023-01-27,Success
8140,2643,33129,2022-07-27,Success
11527,2199,7459,2022-09-22,Success
9848,1099,29508,2022-10-04,Success
43167,32,13193,2022-11-19,Success
40543,2864,30814,2022-06-25,Success
43802,1677,30599,2023-03-15,Success
15042,947,23233,2022-03-19,Success
37437,267,26591,2022-05-26,Success
13810,2040,24126,2022-07-03,Success
53374,1078,27643,2022-03-24,Success
21463,202,16180,2023-04-10,Success
57551,875,33471,2022-04-20,Success
29744,2523,11852,2022-11-02,Success
22471,2529,25242,2023-04-15,Success
9326,2434,17464,2022-03-21,Cancelled by the passenger
48675,1606,33443,2022-11-30,Success
28568,2837,14571,2022-06-26,Success
13262,2840,30774,2022-09-11,Rejected by the driver
33403,1482,1116,2022-07-23,Success
18178,2005,3061,2022-07-28,Success
58463,1513,26799,2022-08-06,Success
44507,2706,15582,2022-06-16,Rejected by the driver
28151,617,8157,2022-05-01,Rejected by the driver
15010,2513,6508,2023-03-21,Success
46467,2201,7908,2022-10-05,Success
21758,52,13554,2023-01-14,Success
24603,399,27553,2023-02-21,Cancelled by the passenger
19116,337,39291,2022-10-26,Rejected by the driver
12697,21,39469,2022-03-14,Success
17737,205,15479,2022-04-20,Success
30245,1981,26671,2022-07-22,Success
46473,2691,31390,2023-02-20,Success
4350,2304,9500,2023-02-07,Success
6326,1824,2335,2023-01-23,Cancelled by the passenger
51217,1361,14810,2022-08-07,Rejected by the driver
3561,2532,3529,2022-12-23,Success
46105,580,3154,2022-12-21,Success
14920,1660,30551,2022-07-08,Cancelled by the passenger
9629,1748,35929,2023-01-03,Success
40348,1863,38432,2022-12-16,Rejected by the driver
20266,1658,28367,2022-04-19,Success
1430,1430,27423,2022-04-16,Success
15440,1983,3836,2022-10-29,Success
33757,962,25516,2022-12-02,Rejected by the driver
19435,929,18229,2023-02-28,Success
10153,22,8681,2023-01-08,Rejected by the driver
48189,2537,33081,2022-12-27,Cancelled by the passenger
5723,844,35029,2022-07-05,Rejected by the driver
30015,1845,31577,2023-03-01,Success
5510,1387,37779,2023-03-16,Success
22089,2766,6717,2022-08-25,Success
45795,240,11214,2022-07-28,Success
2251,1806,24918,2022-09-06,Success
54431,2412,12217,2023-02-15,Success
13761,2665,15986,2022-05-15,Rejected by the driver
14931,1933,7812,2023-01-23,Success
57999,1436,6099,2023-01-14,Success
26026,255,30375,2022-12-23,Success
7769,1449,38805,2022-08-06,Success
16230,1888,32473,2022-07-27,Success
27782,249,25724,2022-03-14,Rejected by the driver
4800,1231,9859,2023-01-18,Success
18460,511,13233,2022-04-12,Cancelled by the passenger
30835,215,17399,2022-05-06,Cancelled by the passenger
6803,575,38436,2022-12-07,Success
30399,208,5878,2022-10-16,Success
40503,1915,32941,2022-08-17,Success
48748,351,7733,2022-10-14,Success
43117,1897,10537,2022-07-28,Success
43223,1174,335,2022-07-30,Rejected by the driver
48554,121,31523,2022-09-30,Success
8114,2869,17664,2022-09-27,Success
4783,565,30884,2022-12-01,Success
22663,658,6103,2022-06-03,Rejected by the driver
12238,450,9297,2022-06-01,Success
8186,586,14068,2022-07-06,Success
37527,2010,18971,2022-12-13,Success
11336,2978,32051,2022-11-04,Cancelled by the passenger
10417,382,24183,2022-08-25,Success
46279,2651,19694,2022-05-28,Success
22602,1224,8165,2022-04-09,Success
56456,1039,7655,2022-05-04,Rejected by the driver
26611,267,22577,2023-03-26,Success
43957,2142,8300,2022-10-05,Rejected by the driver
26200,305,16710,2022-07-24,Success
49115,300,15593,2022-11-15,Success
22723,2667,18656,2022-04-15,Success
43900,2014,9086,2023-03-20,Success
27080,1148,25387,2022-10-20,Success
46145,52,18737,2022-10-13,Success
19577,2193,21546,2022-08-27,Success
55789,383,24454,2023-01-27,Success
57869,792,11684,2022-09-30,Success
15717,2801,27011,2022-09-24,Success
20805,2144,20744,2022-06-03,Success
2005,1227,8746,2022-05-28,Success
24288,1244,30839,2023-02-27,Rejected by the driver
24214,1206,10817,2022-06-25,Rejected by the driver
56358,966,2164,2022-11-25,Success
22060,709,28687,2022-03-30,Success
49729,2379,10189,2023-03-28,Success
20811,728,24361,2022-11-02,Success
3732,590,12316,2022-11-26,Success
51469,263,12957,2022-11-25,Success
15606,1219,27151,2023-02-10,Cancelled by the passenger
43346,1074,14268,2022-05-25,Success
24671,892,19548,2022-10-03,Success
59343,727,9824,2022-12-16,Success
23444,2729,150,2022-03-21,Success
29894,2258,22569,2022-07-19,Success
41421,1387,16304,2022-08-19,Success
5461,2504,6251,2023-03-23,Success
57291,2610,32046,2022-08-29,Success
17045,2071,39388,2023-03-17,Success
30834,774,36897,2022-09-09,Success
6482,866,30694,2022-10-05,Success
38133,2445,3882,2022-06-04,Cancelled by the passenger
43329,2207,36939,2022-07-29,Success
49876,145,1523,2022-08-04,Success
2568,937,18512,2022-10-19,Success
29220,2409,26522,2022-12-01,Success
24023,846,35852,2022-12-08,Success
11370,2685,28202,2022-12-22,Rejected by the driver
56235,2826,10595,2022-11-16,Cancelled by the passenger
15656,1958,22187,2023-03-01,Cancelled by the passenger
19858,262,28255,2022-03-27,Success
44111,1235,8479,2022-11-05,Success
5644,917,2288,2022-12-07,Rejected by the driver
24609,1959,5722,2022-04-08,Rejected by the driver
29768,2071,28736,2022-10-17,Success
29937,2317,178,2022-05-24,Success
11532,973,31825,2022-09-15,Success
58772,1570,3195,2022-05-04,Cancelled by the passenger
20973,2575,33691,2022-04-09,Success
30807,2172,34361,2022-06-26,Success
20735,2671,35842,2023-02-16,Success
40446,1136,30294,2023-03-06,Success
37386,1355,17187,2023-03-09,Success
47985,1000,23651,2022-04-18,Success
35187,1348,30233,2022-05-14,Success
36115,1123,33002,2022-05-04,Rejected by the driver
38504,247,212,2022-05-15,Success
27699,540,21623,2022-07-17,Rejected by the driver
9010,502,27785,2022-11-08,Rejected by the driver
42776,9,36022,2022-05-05,Success
14249,2184,7517,2022-12-05,Rejected by the driver
58219,2046,23991,2023-02-15,Success
48162,1204,5158,2022-03-30,Success
25986,2328,1778,2023-02-10,Success
31548,1044,10865,2023-01-16,Success
36240,1960,22531,2022-03-21,Success
48555,2075,24372,2022-09-09,Success
9263,1306,25740,2023-02-02,Cancelled by the passenger
43317,351,21206,2022-04-14,Rejected by the driver
53053,1346,1764,2022-03-14,Cancelled by the passenger
42101,71,33410,2022-08-03,Success
25972,1167,27442,2022-10-15,Success
57912,2025,31058,2022-06-21,Success
46017,811,22743,2022-04-27,Success
7877,977,39526,2023-02-21,Rejected by the driver
37052,777,14008,2022-08-23,Success
24269,1673,39458,2023-03-18,Success
42188,166,22015,2023-01-12,Success
16220,539,7071,2022-06-04,Success
42291,552,22643,2022-12-13,Success
9816,707,38818,2022-08-08,Rejected by the driver
39979,2516,10609,2023-01-02,Rejected by the driver
55991,2642,11895,2023-02-09,Rejected by the driver
18874,252,35629,2022-08-07,Success
7490,1283,4345,2023-02-14,Success
13646,775,20268,2022-08-25,Success
41244,243,12557,2022-03-30,Rejected by the driver
55393,2280,35162,2023-04-14,Success
38485,434,36748,2022-12-27,Success
37122,81,28165,2022-06-20,Success
26503,713,39106,2022-11-30,Success
43869,941,13662,2022-07-17,Success
5956,536,22334,2022-03-25,Cancelled by the passenger
59335,1172,31865,2023-03-16,Cancelled by the passenger
56010,1167,28887,2022-03-31,Cancelled by the passenger
26582,2306,4396,2023-04-08,Success
15682,2515,13638,2022-11-07,Success
51010,2371,6770,2022-05-13,Cancelled by the passenger
42980,2491,37508,2022-10-11,Cancelled by the passenger
38883,1771,35533,2022-08-02,Success
7510,2130,20393,2022-03-28,Rejected by the driver
51713,2741,21120,2022-10-17,Success
51122,1110,4498,2022-08-22,Success
31190,1050,11784,2022-11-10,Success
53045,2076,39832,2022-11-09,Success
50838,2599,14967,2022-12-20,Success
16727,2768,6797,2023-02-06,Success
35137,1462,5436,2022-05-24,Success
52126,2015,1284,2022-09-22,Success
41299,608,38,2022-03-13,Rejected by the driver
6647,1941,38943,2022-11-17,Success
52165,1433,9113,2023-04-03,Success
18273,1436,10775,2022-07-03,Success
38079,1062,17216,2022-07-01,Success
58300,195,36187,2022-07-19,Success
32547,2777,21946,2022-04-07,Success
49537,1447,15013,2022-06-22,Success
38187,2800,37553,2022-12-03,Success
35372,1539,36893,2023-01-31,Success
8170,190,19965,2022-06-11,Cancelled by the passenger
25957,2961,27136,2022-07-25,Rejected by the driver
42168,1547,15810,2022-07-16,Cancelled by the passenger
35074,2374,6093,2022-06-19,Rejected by the driver
48935,2069,3956,2023-04-13,Success
1250,817,28207,2022-10-19,Success
10930,1760,7158,2023-02-08,Success
14161,1929,24584,2022-07-15,Success
24592,1232,23559,2023-02-15,Cancelled by the passenger
56460,1626,15125,2022-08-14,Cancelled by the passenger
46410,14,28227,2022-06-05,Success
42265,689,20203,2022-05-25,Success
49663,1854,21884,2022-04-27,Success
28054,2443,27496,2022-10-16,Success
46560,1204,29327,2022-10-30,Success
10798,46,13272,2022-06-24,Success
42896,2405,32118,2023-02-17,Rejected by the driver
30890,1790,19053,2023-01-06,Success
55624,2972,10152,2022-08-30,Rejected by the driver
33464,124,34020,2022-07-27,Success
44663,2272,24323,2022-04-14,Cancelled by the passenger
3389,642,12947,2022-04-03,Success
25232,2601,38212,2022-10-16,Success
22479,2308,34068,2022-10-14,Success
3517,2277,11488,2022-11-07,Success
43135,249,34448,2023-03-25,Success
46150,1691,32197,2023-02-18,Success
4639,1718,14025,2022-06-14,Success
54868,2231,25779,2022-12-02,Success
47975,2738,36245,2022-08-22,Success
35963,2023,3807,2023-03-11,Success
43997,1136,37263,2023-03-23,Success
3690,185,15061,2022-07-07,Success
25369,1592,9334,2022-10-17,Success
17256,1948,5019,2022-07-31,Success
55649,2553,11316,2022-09-27,Cancelled by the passenger
13902,2762,23530,2022-11-30,Success
59484,557,38842,2022-04-04,Success
54474,2296,27327,2022-11-12,Success
41263,1652,22674,2023-02-17,Success
23759,2893,36918,2022-03-26,Rejected by the driver
33179,1396,5844,2022-08-26,Success
47406,156,27424,2022-11-17,Success
51321,581,19720,2022-07-18,Success
4811,2912,16766,2022-05-07,Success
23313,124,2611,2023-04-01,Success
34848,1828,13185,2022-08-04,Rejected by the driver
4652,2016,9167,2022-12-31,Success
11888,1610,37439,2023-01-15,Success
15920,1519,31960,2022-10-28,Success
23425,1141,20363,2022-08-06,Cancelled by the passenger
48610,1652,28440,2023-04-06,Success
25663,709,1666,2022-12-07,Success
47024,2,25538,2023-01-26,Success
22415,367,8722,2022-05-07,Success
2465,735,16300,2022-12-21,Success
45614,215,30477,2022-03-25,Rejected by the driver
57474,2392,7448,2022-10-28,Success
3455,2802,26902,2022-06-07,Cancelled by the passenger
28705,1192,25365,2023-01-11,Success
55593,224,8843,2022-09-29,Success
55641,1821,30599,2022-10-05,Success
29101,195,32936,2022-07-03,Success
51722,379,16328,2023-02-10,Success
42590,625,15335,2022-11-14,Success
17896,107,4340,2022-06-30,Success
31547,2925,15508,2022-10-11,Success
30050,2832,8191,2023-04-05,Success
58935,2945,39362,2022-07-30,Rejected by the driver
39029,844,10368,2022-10-13,Success
52515,1768,36302,2023-01-02,Success
3813,2391,7697,2022-08-17,Success
2659,1102,11541,2022-07-11,Success
3620,905,34950,2022-07-24,Rejected by the driver
56395,1092,11743,2022-08-01,Success
57703,397,39708,2022-06-12,Success
56671,2308,6189,2022-09-26,Success
20698,2400,19261,2022-06-08,Success
21794,2221,35919,2022-09-21,Success
15983,597,18559,2022-06-06,Rejected by the driver
9036,1880,27751,2022-05-11,Success
22129,447,27362,2022-10-19,Rejected by the driver
37465,1026,2827,2022-07-12,Cancelled by the passenger
50041,138,39689,2022-07-22,Success
36020,2773,33786,2022-06-24,Success
33964,1345,25693,2022-08-25,Success
21101,393,26533,2022-07-05,Success
3121,248,39352,2023-01-19,Success
26634,1727,16051,2022-11-23,Rejected by the driver
53227,1819,37349,2022-04-11,Rejected by the driver
17426,1636,12331,2022-12-05,Success
18882,2178,1710,2022-07-29,Success
547,1149,5754,2022-03-18,Success
4486,389,19441,2022-12-11,Success
51280,2954,39537,2022-11-24,Success
46025,2204,29032,2022-09-24,Success
27491,2318,39202,2022-04-19,Success
9265,209,16302,2022-10-02,Rejected by the driver
58804,2933,34670,2022-10-07,Cancelled by the passenger
13615,851,3779,2023-03-23,Success
46680,1281,23414,2022-06-28,Success
58064,337,7183,2022-12-09,Success
20745,1067,22553,2023-03-06,Success
38245,1228,8383,2022-11-26,Rejected by the driver
28560,942,35244,2023-03-14,Success
28230,1599,6823,2023-01-24,Rejected by the driver
30661,383,31252,2022-08-31,Success
44734,1644,24834,2022-04-04,Cancelled by the passenger
29089,1090,38589,2022-03-20,Cancelled by the passenger
3608,513,23019,2022-11-27,Success
44943,531,22534,2022-08-15,Cancelled by the passenger
29885,2461,27488,2023-03-29,Success
1237,342,27573,2023-01-31,Success
52010,2593,26772,2023-04-15,Success
27634,2179,4349,2022-05-27,Success
22220,1184,6656,2022-11-30,Cancelled by the passenger
41212,235,10547,2022-09-13,Rejected by the driver
33486,830,14112,2022-07-02,Success
16022,2783,1768,2022-09-30,Rejected by the driver
9401,1657,33536,2022-07-19,Success
55890,1939,21154,2022-03-24,Rejected by the driver
14187,2572,24604,2022-12-26,Success
58793,1740,24670,2023-01-18,Rejected by the driver
45135,1413,17438,2022-12-24,Success
27076,2193,27671,2022-06-05,Success
13659,2867,24475,2022-12-19,Cancelled by the passenger
58887,2659,27684,2022-04-06,Success
6601,2563,25810,2022-10-05,Success
25829,1298,17644,2023-03-10,Success
50330,1511,22751,2023-01-30,Success
30036,2662,1769,2022-08-25,Success
37787,1626,38383,2022-03-26,Success
54757,702,6284,2022-11-02,Success
19894,2830,29289,2022-05-23,Success
6105,1720,29991,2022-05-14,Success
56982,2055,4128,2022-05-11,Rejected by the driver
43523,1769,26740,2022-04-27,Success
45309,920,18812,2022-06-05,Success
14525,282,5068,2023-02-05,Success
34334,588,23704,2022-11-27,Success
14257,2229,36122,2022-08-06,Success
49441,1987,20588,2022-11-20,Cancelled by the passenger
12643,2552,10885,2022-11-05,Success
7170,2926,5526,2022-06-04,Success
22786,1810,24708,2022-10-16,Rejected by the driver
14724,746,15654,2022-08-15,Success
8862,1926,18682,2022-07-22,Success
45036,898,14484,2022-03-31,Success
37199,586,27854,2023-01-11,Success
41653,2771,36323,2023-02-12,Rejected by the driver
20667,2657,37740,2022-04-10,Success
14600,936,2562,2022-06-09,Success
18727,2002,34954,2022-12-31,Success
38113,1740,19937,2022-05-03,Success
38410,2397,11840,2023-01-17,Success
1115,2041,21633,2022-11-22,Success
47965,743,32106,2023-01-06,Cancelled by the passenger
42748,502,36223,2022-03-16,Rejected by the driver
45076,2717,27441,2022-10-28,Success
54812,1215,8931,2022-11-03,Success
44264,2840,9479,2022-10-08,Success
26100,2570,632,2022-09-27,Success
44516,2100,14583,2022-10-09,Success
15017,329,11636,2023-02-12,Success
58734,2384,21248,2022-04-01,Success
55128,2245,10023,2022-10-27,Success
54801,347,18696,2022-04-24,Success
1257,573,5110,2022-07-05,Success
16600,1857,3237,2023-03-26,Success
59593,2347,10127,2022-09-23,Success
32362,693,3327,2022-04-28,Rejected by the driver
33398,1832,10918,2023-01-22,Rejected by the driver
14869,932,25127,2023-02-09,Success
29292,444,36373,2023-03-13,Success
30688,1971,14534,2022-11-29,Success
24100,1239,9912,2022-10-29,Success
10523,1476,5446,2022-06-03,Success
49930,1854,10449,2023-01-10,Cancelled by the passenger
8215,2446,32472,2023-02-23,Success
25341,1210,8421,2022-12-09,Rejected by the driver
8960,2818,26191,2022-08-08,Rejected by the driver
23684,2307,4145,2023-01-22,Success
26416,1216,28991,2022-04-03,Cancelled by the passenger
51068,566,29523,2022-10-04,Rejected by the driver
58406,545,14868,2022-11-21,Success
24779,506,10456,2022-05-13,Cancelled by the passenger
17163,2681,8454,2022-07-28,Success
14955,82,30465,2022-05-01,Rejected by the driver
40023,2554,37169,2022-04-25,Success
38728,1653,15580,2022-04-22,Success
49320,2149,22459,2022-12-08,Success
58727,2066,13409,2023-04-14,Success
39147,2712,30104,2023-03-10,Success
12057,1402,7991,2022-08-11,Success
7744,2202,31157,2022-10-14,Success
22907,1313,3626,2022-07-31,Success
49105,762,8078,2022-06-28,Success
59357,1344,25117,2022-09-08,Success
53957,1136,19686,2023-02-02,Success
23456,1197,17908,2023-01-09,Success
21550,2537,7961,2022-05-23,Success
26049,2045,28451,2023-01-21,Success
35875,2143,1645,2022-09-14,Success
54638,109,25880,2022-07-09,Success
9874,1028,9622,2022-09-07,Cancelled by the passenger
8691,2695,14266,2022-08-03,Success
12095,1586,17823,2022-03-13,Success
30691,2458,15800,2022-10-10,Success
3158,907,17755,2022-12-05,Cancelled by the passenger
29081,2307,24194,2022-10-14,Success
21810,226,28325,2022-09-15,Success
49632,1275,18890,2022-10-21,Rejected by the driver
24693,1131,13362,2023-02-24,Rejected by the driver
26301,355,31941,2022-12-30,Success
43780,2972,13014,2022-06-12,Success
1813,96,27040,2023-04-03,Success
15111,998,32219,2022-08-31,Rejected by the driver
16827,2219,10479,2023-01-03,Success
19816,1639,15997,2022-08-31,Rejected by the driver
19297,2835,31974,2022-05-06,Success
30206,2841,14229,2022-05-10,Success
54841,1925,31820,2022-12-12,Success
5260,1324,8290,2023-01-01,Success
45403,89,23512,2022-10-26,Success
47487,2229,11480,2022-06-16,Success
59312,1239,8002,2023-03-25,Success
12674,182,31818,2022-05-06,Success
59071,626,36154,2022-10-02,Success
22922,1295,21777,2022-09-17,Success
57481,796,12823,2022-12-30,Success
58627,2897,21839,2022-03-16,Success
288,2856,11474,2022-10-03,Success
28105,824,11456,2022-08-09,Success
46812,1362,18965,2022-06-01,Success
32278,1133,24303,2023-01-09,Success
21059,2259,23283,2023-01-13,Success
59449,1077,36597,2022-03-17,Success
4939,2931,13268,2022-12-31,Success
8513,860,32968,2022-05-22,Success
43098,1189,39681,2023-03-16,Success
2166,1181,25305,2022-06-16,Success
33701,274,5206,2023-01-16,Cancelled by the passenger
45484,596,31741,2023-02-19,Success
23732,2358,28402,2022-10-09,Success
15335,1239,10679,2022-11-14,Rejected by the driver
18243,7,25342,2022-05-09,Success
40983,1539,11613,2023-04-11,Success
54255,219,37579,2022-06-04,Rejected by the driver
53482,1432,38014,2022-08-29,Success
145,768,4242,2022-06-07,Cancelled by the passenger
36639,2429,33823,2022-07-03,Success
13973,2244,28085,2023-02-20,Success
53820,2643,1906,2022-03-30,Success
16024,2424,39030,2023-03-31,Success
6604,360,24602,2022-06-07,Cancelled by the passenger
21170,344,27926,2022-10-20,Success
31279,244,23831,2022-05-23,Success
36731,561,33517,2022-08-02,Success
3371,564,24648,2023-03-19,Success
2945,2279,7523,2022-08-04,Success
39442,1100,6140,2022-12-18,Success
16938,2583,21802,2022-11-21,Success
24217,170,30210,2022-07-22,Success
50637,764,2556,2022-04-17,Success
23216,819,14925,2022-07-17,Rejected by the driver
37826,2340,15719,2022-05-23,Success
59552,1001,32969,2022-12-17,Success
25532,30,18509,2023-04-07,Success
38146,2611,10724,2022-07-23,Rejected by the driver
50577,1193,36085,2022-05-27,Cancelled by the passenger
26123,1451,36822,2022-03-12,Success
8620,1328,29371,2022-05-05,Rejected by the driver
51766,2829,13195,2022-10-11,Cancelled by the passenger
20838,1670,23514,2022-06-15,Success
26552,961,38831,2022-10-04,Success
45824,1449,18394,2023-01-12,Success
25891,871,31575,2023-01-18,Success
6232,853,32176,2022-12-08,Success
10742,592,34463,2022-05-30,Success
27151,845,17103,2022-12-08,Success
12254,2139,19859,2022-03-20,Success
24127,1415,33787,2022-05-03,Success
32111,1891,13170,2023-01-07,Success
9098,1509,14195,2022-10-24,Success
51123,223,24197,2023-03-21,Success
3545,2123,21861,2022-06-16,Success
21299,1234,36409,2022-08-06,Success
29404,2954,39983,2023-01-22,Success
37376,2179,14707,2022-08-08,Success
20015,807,5778,2022-05-23,Success
41490,205,33043,2023-03-30,Success
778,269,953,2022-08-15,Success
34211,2610,30846,2022-04-18,Success
57368,402,39056,2022-07-07,Cancelled by the passenger
17891,1971,17652,2022-11-19,Rejected by the driver
12942,2179,6272,2022-11-06,Success
54570,2306,18874,2023-03-05,Rejected by the driver
11577,2746,11256,2022-09-23,Success
966,472,16335,2023-02-24,Success
37285,257,32231,2022-07-28,Success
45395,661,29064,2023-03-26,Success
21574,897,18488,2022-05-18,Success
39627,916,5996,2022-06-23,Success
27377,1832,8255,2022-12-04,Success
17974,864,31328,2023-04-12,Rejected by the driver
5385,1698,14131,2022-10-16,Rejected by the driver
52843,1996,29557,2022-04-13,Cancelled by the passenger
25161,1572,38162,2022-07-09,Success
11034,2122,4336,2022-12-04,Success
39172,1926,7160,2023-01-31,Success
11387,1757,1200,2023-04-10,Success
54861,714,27782,2022-07-16,Success
14208,1969,8435,2023-02-18,Success
7492,924,35276,2023-03-12,Cancelled by the passenger
40933,400,16851,2022-08-22,Rejected by the driver
54078,489,6884,2022-05-18,Success
7597,1349,6648,2022-07-20,Success
5739,1936,37890,2022-10-01,Success
44849,1849,3397,2022-11-03,Rejected by the driver
37635,797,15723,2022-12-19,Success
34484,486,19107,2022-12-23,Success
15838,2823,16981,2022-08-13,Success
50005,1024,26585,2022-11-16,Success
31101,2769,20084,2022-06-19,Success
7449,1202,20184,2022-04-03,Success
52949,2249,2448,2022-12-27,Success
13579,1936,35733,2022-07-23,Rejected by the driver
56055,1172,21476,2022-10-15,Success
38975,5,23666,2022-10-02,Success
57734,1145,38291,2023-03-17,Success
9383,2858,14444,2022-11-28,Cancelled by the passenger
43406,1013,17697,2022-08-10,Success
56214,994,28880,2022-08-12,Success
21010,2340,27628,2023-02-03,Success
15571,867,14931,2022-09-17,Success
15789,1567,134,2023-01-07,Success
33432,550,29738,2022-05-01,Success
28914,1725,19907,2022-06-09,Success
45564,1886,8380,2022-06-27,Success
6986,1157,25737,2022-11-23,Success
42326,2742,18125,2023-03-26,Success
18434,1706,15445,2022-06-13,Success
36871,2745,8831,2023-02-28,Rejected by the driver
44777,2136,3006,2022-09-14,Success
40952,1460,34049,2022-06-17,Rejected by the driver
2152,1188,3494,2022-09-25,Success
40544,1816,38232,2022-10-18,Success
51384,1199,33499,2023-02-02,Success
42269,608,23731,2022-08-06,Rejected by the driver
49945,2241,35838,2022-07-21,Cancelled by the passenger
6693,87,23671,2022-09-21,Rejected by the driver
56424,679,25618,2022-04-25,Success
32626,1689,29845,2022-04-28,Success
34607,2647,34437,2022-03-22,Success
29602,2544,16245,2022-05-12,Success
52089,56,9578,2022-05-14,Success
41689,1059,16590,2022-09-13,Success
28949,596,6791,2022-09-02,Success
25793,144,2530,2022-09-08,Success
22253,1836,26066,2022-04-14,Rejected by the driver
42685,905,30277,2022-06-25,Success
57722,1706,27382,2022-10-06,Success
52957,816,30507,2023-02-06,Success
38205,2707,28494,2022-09-24,Success
44858,17,35469,2022-04-03,Success
5934,661,30626,2023-04-13,Success
29329,1585,6699,2022-11-14,Success
5814,2977,7183,2022-11-27,Success
17893,1325,5547,2022-03-15,Success
24738,929,11724,2022-03-19,Rejected by the driver
19336,1,18714,2022-06-27,Rejected by the driver
45100,1985,34335,2023-01-17,Cancelled by the passenger
12253,2748,32605,2022-12-29,Success
55939,2813,32444,2023-02-27,Cancelled by the passenger
43844,2913,27899,2022-04-25,Success
9115,1801,24859,2022-04-03,Success
3817,1780,16326,2023-03-13,Success
25224,2312,36723,2022-07-16,Success
25261,610,31878,2022-04-29,Success
25958,1962,31125,2022-03-22,Success
48642,2697,5984,2022-04-16,Success
59282,768,35276,2022-08-26,Success
27702,484,37657,2022-03-25,Success
15831,531,25898,2022-09-01,Success
49717,1683,7195,2022-07-12,Success
35774,567,29000,2023-04-05,Rejected by the driver
34855,1015,15273,2022-04-27,Success
53375,441,20001,2022-04-10,Success
28653,333,9993,2022-05-24,Success
4806,2762,22885,2023-02-02,Success
46370,472,1290,2023-01-05,Success
2564,969,25630,2022-12-11,Success
50067,2618,12705,2022-11-07,Cancelled by the passenger
41520,2702,5810,2022-06-13,Success
34202,100,16344,2023-02-02,Success
15046,2987,1739,2022-09-18,Success
58567,2374,19663,2022-03-21,Success
25821,2628,24107,2022-06-14,Success
6272,2630,12643,2022-06-21,Success
39689,2311,36762,2023-02-17,Success
55981,2630,27901,2023-03-05,Success
44530,2362,24034,2023-04-12,Success
41663,655,18841,2022-12-01,Success
53861,1460,7730,2022-11-08,Success
46388,1353,29941,2023-01-19,Success
42846,800,38925,2023-03-24,Success
1441,2855,25387,2022-12-11,Success
51665,1980,19443,2022-08-05,Success
6486,406,6631,2022-08-01,Cancelled by the passenger
29372,1066,2160,2022-12-02,Success
16864,2440,11731,2022-04-09,Success
29851,88,36524,2022-12-16,Rejected by the driver
33460,1228,25761,2022-05-15,Success
15433,2318,39308,2022-07-09,Success
48164,2186,39258,2022-12-06,Cancelled by the passenger
47996,435,26624,2022-11-03,Success
14127,652,34525,2022-08-22,Success
27270,2432,16700,2023-03-07,Success
20920,956,4671,2022-11-30,Success
49315,2155,25896,2022-06-25,Success
49671,2208,23742,2022-07-20,Success
54277,2479,2531,2022-05-11,Success
21025,1183,19738,2022-04-02,Success
591,2407,2172,2022-06-13,Cancelled by the passenger
54239,1805,7380,2023-02-13,Success
23810,1610,4282,2022-09-30,Success
5592,1566,17456,2022-11-24,Success
29971,112,36937,2023-03-21,Success
11535,1121,25177,2022-07-25,Success
41306,1764,2889,2022-06-07,Success
43917,2698,27603,2022-04-03,Success
45188,434,38216,2023-03-03,Success
27435,2313,3956,2023-04-01,Success
51254,484,28345,2023-03-14,Success
53696,1283,37229,2022-10-27,Rejected by the driver
9259,612,17755,2022-07-08,Rejected by the driver
15053,1255,15926,2023-04-02,Success
9865,2096,20000,2022-12-09,Success
11657,1947,38843,2022-12-12,Success
13899,1213,21635,2022-07-24,Cancelled by the passenger
37865,2581,36630,2023-01-23,Success
6903,2302,15111,2022-10-11,Success
24517,95,320,2022-07-23,Success
44560,255,13975,2022-04-20,Success
55084,1021,19600,2022-10-04,Success
51224,895,4028,2022-03-20,Success
54580,1989,25782,2022-11-22,Rejected by the driver
27478,104,21140,2023-01-16,Success
40955,1761,37133,2022-09-06,Success
15678,202,28498,2023-03-12,Rejected by the driver
49373,2951,35924,2022-12-12,Success
19471,928,37256,2023-02-18,Success
19898,1519,26609,2022-11-06,Success
9519,1996,1495,2023-03-23,Success
5274,2724,39344,2022-11-11,Success
58206,405,26726,2023-03-29,Success
53783,822,34831,2023-04-06,Rejected by the driver
36234,2237,20755,2022-10-11,Success
19571,1758,1788,2022-11-23,Success
12270,116,31573,2022-10-04,Success
14730,698,21007,2022-03-22,Success
36890,537,33098,2022-12-24,Success
36899,548,10607,2022-09-15,Cancelled by the passenger
25661,1043,38274,2022-04-17,Success
35157,2386,19788,2022-10-09,Cancelled by the passenger
14640,2048,8551,2022-11-03,Success
55015,2061,2137,2022-11-05,Success
17278,1676,25262,2022-10-20,Success
42259,2642,27696,2022-11-06,Rejected by the driver
27653,243,25286,2022-11-17,Success
46610,1254,24485,2022-04-08,Cancelled by the passenger
56170,2957,35420,2023-02-23,Success
16138,1040,6518,2023-03-09,Success
9868,586,26286,2022-12-26,Success
35389,425,21671,2022-04-24,Success
51657,2703,2134,2022-07-27,Success
271,903,36056,2022-09-24,Success
41837,898,28933,2022-09-13,Success
49703,990,23600,2022-04-22,Success
5619,485,31008,2022-08-21,Success
9793,2372,28637,2022-12-27,Success
9626,1080,27834,2022-04-01,Success
32651,2875,13935,2022-05-07,Success
17710,2801,9842,2022-12-13,Success
51901,817,27335,2023-04-02,Rejected by the driver
24468,2235,22941,2022-08-27,Success
21401,304,12566,2023-03-22,Success
18233,1809,15330,2022-09-06,Success
37276,2225,18464,2023-01-03,Success
55976,1890,472,2023-03-25,Success
58345,1228,33955,2022-04-29,Cancelled by the passenger
3894,2974,13093,2022-10-09,Success
20754,2704,9407,2022-05-22,Rejected by the driver
40270,1856,4948,2023-02-02,Success
58514,2932,36946,2022-08-11,Success
52197,1362,31567,2022-05-11,Success
27577,1666,35307,2022-03-24,Success
10063,1651,13068,2022-04-09,Success
27451,1205,14388,2023-04-07,Success
50624,52,38517,2022-09-04,Success
45938,2071,19616,2022-10-17,Success
5608,2458,5522,2022-11-23,Rejected by the driver
7254,2596,6305,2022-09-03,Success
7678,720,5170,2022-04-11,Success
15426,22,33340,2022-09-30,Success
6344,1951,35922,2022-12-26,Rejected by the driver
42965,149,35285,2023-02-06,Success
52555,1952,7167,2022-06-01,Success
23149,1135,16127,2022-07-24,Success
7196,2565,32521,2023-04-06,Success
22915,2248,28803,2022-12-31,Cancelled by the passenger
27788,477,4324,2022-09-22,Success
58599,1924,17988,2022-12-13,Success
27018,1101,12279,2023-02-14,Success
23714,337,8796,2023-04-12,Success
29664,1236,32680,2022-07-23,Cancelled by the passenger
53582,1267,7482,2023-02-20,Cancelled by the passenger
37193,473,2953,2022-05-08,Success
19530,2139,28707,2022-08-16,Success
38140,2818,20581,2022-08-29,Success
20501,1629,10892,2022-10-24,Success
19969,8,5036,2023-02-01,Rejected by the driver
29541,342,9258,2022-06-09,Success
8159,2894,38981,2022-04-16,Success
47569,1474,6146,2023-03-09,Success
48070,1884,19959,2022-09-18,Success
51468,2876,18878,2022-10-23,Success
20278,527,13943,2023-01-20,Cancelled by the passenger
19963,469,2008,2022-05-30,Success
29614,370,19766,2022-11-12,Rejected by the driver
15887,1950,27956,2023-02-06,Success
696,1538,698,2022-11-21,Success
34726,1239,10451,2023-04-05,Cancelled by the passenger
49366,737,13951,2023-01-11,Success
37279,1003,33722,2022-12-24,Rejected by the driver
45465,524,6967,2022-06-23,Success
5732,1835,39251,2022-04-30,Success
38857,2684,24934,2022-06-23,Success
26246,679,26176,2022-06-06,Cancelled by the passenger
303,2872,23273,2022-12-20,Success
22757,422,31890,2023-01-04,Success
24202,80,19316,2022-11-28,Success
42740,1566,6775,2022-05-06,Success
5682,2118,13991,2022-12-13,Cancelled by the passenger
38178,1023,12917,2022-04-12,Success
8632,159,20655,2023-03-04,Success
51419,2787,555,2022-11-25,Success
1503,2163,9796,2023-03-08,Cancelled by the passenger
53261,1593,4121,2022-06-23,Success
53951,1334,29940,2022-05-11,Success
30247,2911,31121,2022-04-02,Success
16998,989,18694,2023-04-09,Success
19086,2724,29743,2022-08-07,Rejected by the driver
23461,2939,24922,2022-08-06,Rejected by the driver
18988,1456,16083,2022-05-06,Success
20674,2311,9428,2022-04-20,Success
10824,2993,31515,2022-06-29,Success
37851,2381,11920,2023-03-13,Rejected by the driver
50115,2601,21174,2022-09-27,Success
33370,1851,13967,2022-11-13,Success
32689,1197,37913,2022-09-28,Success
18970,445,2697,2022-04-29,Success
41063,2827,32848,2023-01-16,Success
6059,2312,14797,2022-12-20,Success
56453,2315,16893,2022-07-03,Success
16341,1517,35895,2023-02-17,Success
30180,2688,27050,2022-12-14,Success
24543,238,13227,2022-12-18,Rejected by the driver
44364,40,2724,2022-11-22,Rejected by the driver
50050,35,31728,2022-12-17,Success
13225,247,33808,2022-12-14,Success
22420,486,23680,2022-04-29,Success
1661,927,34984,2023-03-05,Success
11425,1175,11867,2023-01-02,Cancelled by the passenger
22203,508,20523,2022-06-03,Success
53138,1947,489,2022-05-22,Success
55291,1632,37961,2022-12-02,Success
58951,1082,6572,2023-03-03,Success
40111,25,22228,2022-05-29,Success
23960,2265,1321,2022-06-03,Success
40376,2266,32114,2022-10-23,Cancelled by the passenger
23581,972,33229,2022-10-14,Success
24298,431,14075,2022-05-07,Success
47136,1851,12416,2022-04-05,Success
29981,2863,3925,2023-03-19,Success
7002,2288,17030,2022-07-02,Success
56161,535,13873,2022-04-17,Success
14250,537,29342,2022-09-27,Cancelled by the passenger
36382,579,12495,2022-08-16,Success
4187,1843,2081,2022-09-25,Rejected by the driver
42328,131,19645,2022-11-11,Success
2985,1693,12055,2023-04-12,Success
38358,1789,19698,2022-05-08,Success
8287,1428,25738,2022-06-13,Success
14979,1646,17640,2022-10-01,Rejected by the driver
22862,2122,10068,2023-02-10,Success
49627,1231,5176,2022-11-07,Cancelled by the passenger
34347,739,36248,2023-02-28,Success
25749,965,5789,2022-11-17,Rejected by the driver
46758,1330,39471,2022-04-13,Success
36369,2830,15429,2022-04-21,Success
31994,136,30759,2022-10-18,Success
27621,1992,24869,2022-05-25,Success
7899,1082,35586,2022-03-30,Cancelled by the passenger
12532,482,5804,2022-12-08,Cancelled by the passenger
24188,97,442,2022-12-25,Success
19641,575,20403,2022-09-09,Success
14083,1276,4636,2023-04-08,Success
47053,818,4294,2022-11-02,Success
11988,2675,12405,2022-09-18,Success
6951,520,12377,2022-09-04,Success
42003,980,11213,2022-09-04,Success
45785,2385,29620,2022-03-27,Success
42170,2582,31366,2022-10-10,Success
35122,1102,4768,2022-07-27,Success
5,2090,12257,2022-08-30,Cancelled by the passenger
1958,314,27995,2022-08-13,Success
36757,1139,2285,2022-10-17,Success
6132,1879,7891,2022-05-30,Rejected by the driver
33199,1191,12403,2022-07-01,Cancelled by the passenger
1809,2850,24743,2023-02-28,Success
57538,1299,6930,2022-07-09,Success
29006,1835,4178,2022-06-20,Success
6205,179,7099,2022-07-16,Success
39962,318,9586,2022-11-12,Rejected by the driver
14281,2843,9023,2022-12-23,Success
57542,1523,15186,2022-12-28,Success
32989,665,2904,2022-04-28,Rejected by the driver
36150,605,5120,2023-04-12,Rejected by the driver
53791,2417,27408,2022-10-20,Success
14871,1406,32940,2022-12-16,Success
31607,1020,24553,2022-05-29,Cancelled by the passenger
46772,285,26275,2022-06-10,Success
17288,38,10776,2022-10-16,Success
25143,320,509,2023-02-23,Success
21589,1675,20649,2022-08-21,Cancelled by the passenger
42923,886,10429,2022-05-04,Rejected by the driver
14786,2904,37111,2022-09-09,Success
41600,1308,37689,2022-12-12,Cancelled by the passenger
22731,2394,25838,2023-01-11,Rejected by the driver
34539,2264,2151,2023-03-30,Success
55516,2947,27802,2023-03-18,Success
46169,162,13546,2023-03-03,Success
53719,2991,17041,2023-01-16,Success
36667,757,14950,2023-02-11,Success
15439,2973,31101,2022-08-27,Success
50848,1181,13965,2023-01-23,Success
56793,157,9064,2022-08-23,Rejected by the driver
47152,2185,32097,2023-02-25,Success
59009,1216,26973,2022-11-17,Success
15021,2691,3285,2022-09-22,Success
47591,360,12644,2022-07-03,Success
5664,634,13723,2023-02-08,Success
52887,1902,14131,2022-10-18,Rejected by the driver
56585,2583,33320,2022-07-30,Cancelled by the passenger
53092,788,24611,2022-08-21,Cancelled by the passenger
12359,942,29148,2023-03-12,Cancelled by the passenger
15744,2347,8482,2022-09-10,Success
56826,2035,13898,2023-02-18,Success
42494,309,34899,2022-07-17,Success
1199,8,6878,2022-03-25,Cancelled by the passenger
26747,550,27542,2022-12-22,Cancelled by the passenger
27488,502,14363,2022-07-10,Success
47231,1769,24081,2022-09-29,Success
34696,1989,18715,2022-08-25,Success
9483,1835,29933,2023-01-21,Success
36247,2163,34843,2023-03-10,Success
24368,751,21020,2022-12-10,Success
57074,2071,24099,2023-01-19,Success
532,530,30839,2022-11-09,Cancelled by the passenger
30413,1202,18922,2023-03-19,Cancelled by the passenger
36697,2257,26401,2022-11-16,Rejected by the driver
9915,1049,37168,2022-06-15,Success
48751,1925,10573,2022-05-06,Success
48683,678,24399,2023-02-28,Success
22603,1457,4270,2023-02-25,Success
10628,569,6675,2023-03-07,Success
24489,1491,10356,2022-08-06,Rejected by the driver
11031,357,34542,2022-10-21,Success
11024,891,6607,2022-03-21,Success
37429,722,21717,2022-12-08,Success
17837,2161,22058,2022-07-06,Success
1157,2384,3824,2022-08-11,Success
42378,193,16054,2022-06-23,Success
14210,2746,39899,2022-06-02,Rejected by the driver
36751,94,18629,2022-07-11,Success
47535,2858,17077,2022-04-25,Success
26876,1607,5683,2022-10-02,Success
12933,294,31906,2023-02-17,Rejected by the driver
3557,1337,10790,2023-02-02,Cancelled by the passenger
22427,1327,32245,2022-04-16,Success
53573,1923,30521,2022-12-05,Success
37210,2125,34169,2022-03-26,Success
30431,72,13686,2022-09-20,Cancelled by the passenger
20791,1544,35375,2023-01-17,Success
1311,2917,8800,2022-03-21,Success
42545,653,2672,2023-01-02,Rejected by the driver
8929,242,11361,2022-07-14,Success
4784,271,19059,2022-05-18,Success
12245,1198,10043,2023-02-11,Success
35392,1049,21575,2023-03-02,Success
20787,1241,35458,2022-06-30,Success
58301,2578,34968,2023-02-09,Rejected by the driver
41614,628,2755,2022-12-30,Success
51654,2145,33631,2022-09-30,Success
22789,2941,9920,2022-11-19,Success
27249,2096,33257,2022-11-09,Success
25576,2943,36681,2022-07-10,Success
41665,1447,36924,2023-01-20,Cancelled by the passenger
17091,1279,8790,2022-11-13,Success
14884,763,32217,2022-09-28,Cancelled by the passenger
16312,454,1883,2022-08-12,Cancelled by the passenger
53117,666,5316,2022-11-23,Success
11606,2116,3732,2022-05-29,Success
14758,223,2822,2022-06-10,Success
10713,2938,18682,2022-12-05,Success
18611,2562,34172,2023-02-08,Success
9490,2946,31160,2022-05-23,Rejected by the driver
35439,1150,18392,2022-12-09,Cancelled by the passenger
55808,132,9447,2022-06-16,Success
54443,2036,6511,2023-03-25,Success
1643,1445,112,2022-04-13,Success
56966,1174,17889,2022-07-12,Success
34994,1961,35139,2022-11-29,Rejected by the driver
46969,2659,26939,2022-05-25,Success
28641,840,15568,2022-08-25,Success
59317,2025,31235,2022-12-22,Rejected by the driver
53555,2375,17187,2022-09-07,Success
21813,2777,20618,2022-04-03,Rejected by the driver
24806,141,34691,2023-01-19,Rejected by the driver
10296,2381,33055,2023-03-22,Success
26546,2351,5428,2022-09-10,Success
28198,1412,28246,2022-11-11,Success
42001,1234,28887,2022-09-11,Success
31422,1311,33367,2023-01-17,Cancelled by the passenger
10197,522,15631,2022-08-15,Success
36480,1096,6492,2023-04-10,Success
42907,2181,11392,2022-12-19,Success
6306,1589,6938,2022-06-29,Success
10332,2235,16604,2023-02-27,Cancelled by the passenger
44562,956,31731,2022-04-19,Success
15921,2714,17535,2022-08-28,Success
40405,636,21100,2022-06-29,Success
43547,1583,12020,2023-01-04,Cancelled by the passenger
59909,1639,34593,2022-09-11,Cancelled by the passenger
55436,1965,22867,2022-10-20,Success
12878,1310,23627,2023-02-13,Success
14332,726,26378,2022-06-22,Success
52752,2959,23662,2022-03-28,Success
25217,2594,32505,2022-03-15,Rejected by the driver
28413,2151,10178,2022-11-20,Success
14043,551,28165,2023-01-26,Rejected by the driver
27606,278,37522,2022-04-28,Success
1757,2786,21134,2022-10-29,Success
31321,2355,34590,2022-03-13,Rejected by the driver
42755,2847,31148,2023-04-13,Cancelled by the passenger
37833,1194,36722,2022-07-01,Success
52856,2279,2806,2022-10-16,Cancelled by the passenger
13516,373,14334,2022-12-22,Success
27217,783,21324,2022-09-26,Success
52627,1122,10705,2023-03-20,Success
25614,448,10097,2023-01-04,Success
58078,1454,7652,2022-03-20,Success
56375,257,31582,2022-10-25,Cancelled by the passenger
57390,402,811,2023-01-26,Success
52311,2542,17641,2022-07-03,Success
147,2722,14224,2022-08-16,Success
22640,2947,17834,2023-02-16,Rejected by the driver
18923,2955,21666,2023-03-31,Success
25129,2294,11486,2022-08-07,Success
40000,1009,7743,2022-07-07,Success
28291,1392,32194,2022-04-19,Success
5282,444,31526,2022-09-21,Rejected by the driver
51622,1556,36945,2023-01-15,Cancelled by the passenger
40721,539,22024,2022-10-24,Cancelled by the passenger
31976,437,31120,2023-01-31,Success
56838,2360,28881,2023-04-06,Cancelled by the passenger
46413,1242,675,2023-04-15,Success
52129,2148,2315,2022-08-26,Success
55122,2616,7543,2023-01-08,Success
17166,1381,18462,2023-02-14,Success
36794,2253,32785,2022-08-31,Success
27560,858,21083,2023-02-08,Success
52889,731,15309,2022-12-31,Success
20276,2867,2677,2022-06-27,Success
27752,1361,6753,2022-12-07,Rejected by the driver
4361,1806,24171,2022-06-04,Success
20386,1741,39974,2023-03-21,Success
57610,2809,14835,2022-10-31,Success
37026,2030,34917,2022-09-02,Success
27507,368,27421,2022-12-24,Rejected by the driver
27120,176,29063,2022-09-06,Cancelled by the passenger
46770,229,6212,2022-10-18,Success
43691,309,5098,2022-03-31,Success
43725,1974,29277,2023-03-07,Success
40598,1011,35964,2023-04-03,Cancelled by the passenger
46507,2565,24226,2022-05-02,Success
721,899,29165,2022-03-18,Success
8329,20,15755,2023-03-26,Success
9650,2453,25958,2022-04-14,Success
326,1411,12831,2022-03-14,Success
58811,2590,14714,2022-09-03,Success
12147,1943,1176,2022-05-02,Rejected by the driver
38627,2112,3413,2022-12-14,Success
30819,80,33305,2022-07-18,Success
42817,290,19789,2022-05-23,Cancelled by the passenger
44046,1167,14374,2023-03-03,Cancelled by the passenger
1716,880,18098,2022-12-06,Success
14538,2229,39042,2022-10-11,Success
13959,276,15066,2023-02-27,Success
39782,1118,37672,2022-11-13,Cancelled by the passenger
30454,69,28917,2023-03-28,Success
2379,1479,23241,2023-04-03,Success
41183,2140,34597,2022-07-10,Success
39741,290,28008,2022-05-20,Success
748,2253,3644,2023-02-21,Rejected by the driver
57873,1075,4421,2022-06-20,Success
36816,408,36619,2023-04-06,Rejected by the driver
38096,587,34618,2022-04-14,Rejected by the driver
47170,2016,17270,2022-10-20,Success
40965,935,34979,2022-08-08,Rejected by the driver
32551,2845,6130,2022-07-09,Success
21871,2449,11804,2022-06-22,Cancelled by the passenger
32078,1641,29616,2022-09-03,Cancelled by the passenger
36674,217,31287,2023-02-16,Success
30546,2071,20919,2023-01-19,Success
23968,97,6689,2022-05-19,Success
57081,714,31976,2023-01-04,Success
51453,2921,28399,2022-09-14,Rejected by the driver
30086,1886,19016,2022-09-29,Success
21747,2733,23584,2022-12-15,Success
10375,2055,34144,2022-08-13,Success
16836,952,28948,2022-09-24,Cancelled by the passenger
31510,1322,31154,2022-05-15,Success
1365,1991,13098,2022-03-25,Success
37915,2081,30919,2022-09-16,Success
52055,1012,8880,2022-03-27,Success
45602,2339,32395,2022-06-30,Success
58361,1998,10097,2023-01-08,Success
30744,2030,20375,2022-03-14,Rejected by the driver
36605,2570,27317,2023-03-12,Rejected by the driver
18632,317,29738,2022-09-01,Success
31496,6,39949,2022-04-15,Success
589,667,27133,2022-08-05,Rejected by the driver
13873,2977,2811,2022-12-20,Success
3199,2135,36945,2022-09-23,Success
15987,405,586,2022-03-27,Success
44164,1851,8610,2023-01-15,Success
14529,200,24911,2022-05-10,Success
57841,1084,12982,2022-05-20,Success
54608,1612,8598,2023-04-14,Success
23007,2390,32696,2022-09-03,Success
25713,2769,9345,2022-03-31,Success
51402,771,34076,2023-03-03,Success
34071,96,11978,2022-12-16,Success
6933,427,28320,2022-04-20,Cancelled by the passenger
18777,576,1023,2022-06-12,Success
26160,107,3760,2023-02-04,Success
5043,2209,910,2022-10-15,Cancelled by the passenger
59396,2613,39761,2023-02-23,Success
3394,2292,17125,2022-08-03,Success
7313,1198,33618,2023-01-21,Success
24356,2177,29774,2022-09-25,Rejected by the driver
36507,2782,6209,2023-03-30,Success
24755,2580,26194,2022-06-21,Cancelled by the passenger
34754,2553,3655,2022-10-29,Rejected by the driver
31926,668,22508,2022-05-05,Success
15719,719,30969,2022-09-03,Cancelled by the passenger
32233,2508,339,2022-04-02,Success
14630,1083,30222,2022-09-18,Success
25717,1682,20360,2022-12-31,Success
46380,1017,19369,2023-03-07,Success
49407,2245,9256,2022-10-10,Success
1117,328,15880,2022-08-10,Cancelled by the passenger
55110,1072,12568,2023-02-07,Cancelled by the passenger
38683,2694,15803,2022-07-08,Success
48528,1619,17029,2022-10-16,Rejected by the driver
914,2664,26105,2023-04-08,Success
7213,604,39573,2023-03-21,Success
59028,975,39237,2023-02-28,Rejected by the driver
16849,2054,14798,2022-04-28,Success
10378,388,32169,2022-08-01,Success
46110,2131,14886,2022-11-21,Success
59219,2815,22642,2022-04-19,Success
1298,1455,1728,2022-08-16,Success
48989,1293,799,2023-03-28,Success
39909,2616,3418,2022-07-27,Success
19763,1059,6409,2022-05-04,Rejected by the driver
15480,2913,11101,2023-02-27,Success
32008,2850,37896,2022-05-28,Success
45931,2189,22290,2022-08-02,Rejected by the driver
12716,1917,6908,2022-03-13,Success
2735,305,3980,2022-06-22,Rejected by the driver
20059,362,22717,2023-04-11,Success
7807,85,23872,2023-04-04,Success
1848,2713,6619,2023-01-07,Success
6916,2373,31300,2022-06-06,Success
11710,1757,37658,2022-07-30,Success
36236,476,9779,2023-03-08,Success
1527,2370,26399,2022-04-20,Rejected by the driver
46521,520,11607,2023-03-08,Cancelled by the passenger
49176,2073,5008,2022-05-03,Success
41682,2555,9802,2022-10-27,Success
8004,788,20127,2023-02-08,Success
32299,925,29883,2022-08-31,Success
9597,368,31873,2022-06-26,Success
45951,161,2879,2022-08-27,Success
42616,704,1893,2022-03-12,Success
34846,21,24130,2022-09-04,Success
13182,2245,15463,2022-06-09,Cancelled by the passenger
33259,2894,15645,2023-01-10,Rejected by the driver
59152,97,23257,2022-10-22,Success
33283,739,9797,2023-04-06,Success
34745,2639,10039,2022-06-18,Rejected by the driver
4354,430,4398,2022-10-09,Success
34635,2825,23545,2023-02-27,Rejected by the driver
8,1488,8598,2022-11-22,Success
57135,2728,29765,2022-08-03,Success
52504,2431,18498,2023-01-18,Success
41427,941,9746,2022-09-09,Rejected by the driver
13880,31,38312,2022-09-24,Success
30319,1132,22559,2023-02-15,Success
25437,2580,7314,2022-10-17,Success
38978,193,2552,2022-07-16,Success
20056,972,28972,2022-12-10,Rejected by the driver
37625,454,15810,2023-03-08,Success
47437,667,4322,2022-11-11,Rejected by the driver
10964,911,12791,2022-11-10,Cancelled by the passenger
24092,1719,21887,2022-03-27,Success
16723,603,30266,2022-12-05,Success
29492,1291,13416,2022-12-03,Rejected by the driver
13999,1658,9749,2022-06-21,Success
33597,1965,31077,2022-06-20,Success
38203,702,3880,2022-04-02,Success
49229,2087,39328,2022-09-02,Success
48487,1011,26102,2023-01-18,Success
14005,2540,23265,2022-09-01,Rejected by the driver
26022,1055,28040,2022-05-04,Success
50625,942,2390,2022-06-08,Success
26105,347,3132,2022-10-14,Success
8309,811,18169,2022-08-21,Success
27340,1430,26878,2023-02-01,Success
12554,2383,28365,2022-11-02,Success
14896,1995,9926,2022-08-07,Cancelled by the passenger
36633,1456,12995,2022-04-17,Cancelled by the passenger
38510,1834,4798,2023-02-16,Success
43065,2714,29943,2022-06-20,Success
43478,1605,2141,2022-10-11,Success
497,992,4040,2022-09-28,Success
20311,949,26433,2023-01-06,Rejected by the driver
18421,2671,14345,2022-07-10,Success
9952,1401,33389,2023-02-13,Success
20220,2835,4549,2022-04-12,Success
33969,2563,3115,2022-08-21,Success
20477,2718,17892,2022-12-01,Success
40832,2023,36310,2022-06-29,Success
50884,509,39123,2022-07-08,Success
35451,752,33538,2023-01-29,Rejected by the driver
44487,433,17801,2022-12-06,Success
54201,2308,704,2023-01-07,Cancelled by the passenger
35658,599,38682,2022-03-24,Rejected by the driver
36735,2020,22340,2022-03-15,Success
51612,1991,11374,2022-05-02,Success
58491,1270,9535,2022-10-03,Success
26223,924,39584,2022-07-24,Success
59232,1206,11190,2022-11-26,Success
10254,1886,18656,2022-10-23,Success
23349,1915,34471,2022-09-10,Success
14564,2589,23509,2022-08-19,Success
16259,942,31357,2022-10-18,Success
54577,18,36667,2022-12-05,Success
23925,2130,27891,2022-07-27,Success
6184,1643,25149,2022-10-24,Success
50358,2432,11622,2022-11-03,Cancelled by the passenger
58725,41,874,2022-12-30,Cancelled by the passenger
28057,1917,18453,2023-01-16,Success
14847,2414,28549,2022-08-25,Success
36680,2527,28808,2022-05-19,Success
57917,2088,27431,2023-03-19,Success
25819,2247,10975,2023-04-06,Success
33041,2699,7231,2022-12-06,Success
44896,1920,12047,2022-05-08,Success
51557,1748,10793,2022-11-24,Rejected by the driver
42010,675,6141,2022-08-12,Cancelled by the passenger
21270,2944,520,2022-09-17,Success
15556,35,37052,2022-10-03,Success
23832,1952,34998,2022-04-23,Cancelled by the passenger
3245,2121,16964,2022-03-26,Success
43740,2768,29683,2023-03-14,Rejected by the driver
30403,454,25008,2022-08-14,Success
13817,612,31343,2022-08-02,Success
27486,2685,23257,2022-09-05,Rejected by the driver
44225,2961,8910,2022-09-02,Rejected by the driver
3601,628,6750,2023-01-01,Rejected by the driver
3430,241,7221,2022-09-21,Rejected by the driver
59397,2755,31071,2022-05-03,Success
2772,1413,30439,2022-07-25,Success
25881,2549,28069,2023-03-30,Success
3610,2693,10096,2022-12-21,Success
28938,173,22750,2022-03-14,Success
5756,2362,25742,2023-03-11,Success
56578,2427,18597,2023-03-09,Success
2218,1421,29603,2022-08-25,Success
25448,575,38901,2022-07-21,Rejected by the driver
32735,911,21640,2022-07-08,Success
40601,1452,12300,2022-03-29,Success
27429,2842,26797,2023-02-22,Rejected by the driver
46284,2442,22738,2022-09-10,Cancelled by the passenger
38997,2264,19385,2023-01-11,Success
10653,1547,3834,2023-02-19,Success
337,954,28436,2022-05-16,Success
16527,1153,25387,2022-04-13,Success
12631,2556,9666,2022-08-13,Success
1460,1344,35414,2022-03-22,Success
24005,1153,38759,2023-02-24,Rejected by the driver
55032,1944,20024,2022-06-03,Rejected by the driver
46237,165,29741,2023-01-12,Success
22706,1510,287,2022-03-16,Success
17204,1809,37302,2023-01-30,Rejected by the driver
35755,425,1346,2022-07-01,Success
40669,1950,30919,2023-02-10,Success
50751,913,28784,2022-07-07,Rejected by the driver
55092,448,27187,2022-04-09,Cancelled by the passenger
57321,1513,13495,2023-04-08,Success
24866,1842,21750,2022-08-25,Success
58815,2032,14286,2023-01-25,Success
37370,2838,36079,2022-08-15,Success
9503,2634,20794,2022-11-06,Success
37795,1670,23728,2022-04-11,Success
35360,1083,38011,2022-12-28,Success
29568,1363,16721,2022-04-16,Cancelled by the passenger
5088,2470,33579,2022-07-27,Success
8202,2887,33789,2023-01-16,Success
5347,538,31108,2023-04-15,Success
39118,1437,34790,2022-05-29,Success
5885,2871,6955,2022-10-02,Success
9835,1943,7133,2022-08-14,Success
2632,2758,3940,2022-09-05,Success
19783,339,12638,2022-11-11,Success
20005,1668,28601,2022-10-05,Success
38563,2182,17682,2022-06-30,Success
50856,519,25724,2022-10-12,Success
18256,1361,29085,2022-04-03,Cancelled by the passenger
47071,1278,32962,2022-09-14,Success
14816,2566,17944,2022-11-12,Success
27685,1046,2091,2023-01-12,Success
19436,2192,8312,2022-10-31,Success
39264,131,6977,2023-02-21,Success
37310,2867,24241,2022-10-17,Cancelled by the passenger
51799,104,35712,2023-03-31,Cancelled by the passenger
23048,2858,2945,2022-07-13,Success
17187,1056,3032,2022-09-30,Success
23637,2816,10326,2023-01-16,Cancelled by the passenger
55635,2438,9872,2023-03-06,Success
27322,827,31130,2022-04-06,Success
16793,320,2263,2022-12-15,Success
25480,376,8655,2023-02-09,Success
2557,2266,26337,2022-06-09,Success
25899,377,22385,2022-05-07,Success
48057,1175,1380,2023-02-03,Success
11465,1538,33752,2022-03-20,Success
15029,1066,13242,2023-02-22,Success
18535,477,24779,2022-04-27,Success
8161,884,18145,2022-11-19,Success
5968,81,27260,2022-03-17,Success
36345,1502,24475,2022-11-09,Success
49588,2288,36988,2022-05-11,Success
33767,1461,20940,2022-05-14,Success
51490,1184,30417,2022-06-19,Cancelled by the passenger
44055,841,36617,2022-03-14,Success
25476,2813,269,2022-11-03,Success
47022,1108,31340,2023-03-20,Success
57812,2429,16140,2023-01-06,Success
56073,1235,9404,2022-12-03,Success
47871,1434,11835,2023-04-12,Rejected by the driver
13358,1911,5619,2022-04-20,Success
37287,1665,8585,2022-03-17,Success
18082,2612,10386,2023-02-10,Success
38770,2770,11803,2022-12-02,Rejected by the driver
26945,1489,21890,2022-10-03,Success
39565,1270,11535,2022-09-30,Success
16369,337,934,2022-07-03,Cancelled by the passenger
15701,432,16261,2022-09-29,Rejected by the driver
59532,2601,10425,2022-06-21,Success
43187,44,22788,2023-04-09,Success
21691,973,23448,2022-12-08,Success
31967,2912,1045,2022-08-24,Success
36400,1331,3296,2022-09-23,Cancelled by the passenger
41010,2564,26639,2022-06-27,Success
47976,1094,19094,2023-03-09,Cancelled by the passenger
7133,1011,21346,2022-05-30,Success
21998,1714,36713,2023-04-13,Rejected by the driver
51596,1730,31502,2022-10-28,Success
47657,960,12610,2022-08-30,Rejected by the driver
7157,758,26704,2022-06-28,Cancelled by the passenger
47787,105,11790,2023-02-12,Success
25110,2849,28689,2022-11-03,Success
26983,1920,36500,2022-12-11,Success
41065,2340,147,2023-04-13,Success
47065,2180,6223,2023-03-27,Success
57371,574,6014,2022-08-12,Success
57288,2198,18661,2022-03-31,Rejected by the driver
45477,1842,19711,2022-05-28,Cancelled by the passenger
43312,2593,30493,2023-03-12,Success
31772,2098,741,2022-10-02,Success
46485,2695,19414,2023-02-04,Success
19101,589,28437,2022-07-18,Success
33778,1469,27250,2022-03-31,Success
12583,210,33396,2022-12-25,Success
35227,1547,37672,2022-07-21,Success
52225,1545,22573,2022-05-13,Cancelled by the passenger
27022,115,21949,2023-02-28,Success
41487,1150,11617,2022-11-20,Success
58396,1549,12046,2022-05-11,Success
13070,831,35060,2022-12-06,Success
14291,2971,25108,2022-10-07,Cancelled by the passenger
14285,972,21392,2023-01-01,Success
10915,1123,25298,2022-10-29,Rejected by the driver
16228,2160,11305,2022-11-15,Success
29062,2215,3520,2022-10-08,Success
5662,1632,16019,2022-11-17,Success
16450,1260,5945,2022-05-07,Success
55793,1592,7475,2022-08-31,Cancelled by the passenger
46133,673,3744,2022-08-12,Success
33586,305,34227,2023-03-16,Success
7054,1840,28384,2023-03-31,Success
46350,2304,39370,2022-03-24,Cancelled by the passenger
33065,2433,18500,2023-03-31,Success
2516,1017,2016,2022-10-10,Success
27870,975,18165,2022-08-30,Success
38917,1942,21399,2022-04-15,Success
45281,2370,28227,2023-02-26,Rejected by the driver
5283,2956,4514,2022-08-24,Rejected by the driver
50656,2013,22270,2023-02-08,Cancelled by the passenger
43159,545,34275,2022-07-04,Success
22565,2240,14500,2022-05-14,Success
22618,2823,3086,2022-04-18,Success
52338,1839,33087,2022-09-13,Rejected by the driver
14462,913,365,2022-03-15,Success
49712,2427,6366,2022-08-18,Rejected by the driver
55569,2102,7738,2022-08-04,Success
20625,1713,36719,2022-05-09,Success
23155,1303,28907,2022-11-24,Success
12982,1234,22614,2022-09-17,Rejected by the driver
42508,458,29269,2022-09-17,Success
53711,2542,23808,2022-07-20,Success
52036,2202,37695,2022-12-21,Success
4259,1028,5161,2022-09-30,Success
57866,1171,36974,2022-11-22,Success
1563,593,31375,2023-03-21,Rejected by the driver
38104,1438,16686,2022-07-25,Success
35141,295,6545,2022-10-28,Success
59180,854,13567,2022-11-07,Success
25983,1448,19519,2023-01-15,Rejected by the driver
3869,2785,36134,2023-03-30,Cancelled by the passenger
1474,478,8844,2023-01-20,Success
27763,1368,39368,2022-04-10,Rejected by the driver
37989,214,12492,2022-06-28,Rejected by the driver
19637,968,1752,2023-03-03,Cancelled by the passenger
20827,1343,32599,2022-05-11,Success
57119,2719,24405,2023-01-03,Rejected by the driver
7834,2072,28774,2023-04-14,Success
28279,151,3095,2022-05-04,Success
28634,573,26533,2022-08-16,Success
5622,1440,17339,2022-12-16,Success
51922,2732,18784,2023-02-21,Success
51357,659,25377,2022-12-14,Success
33951,490,23869,2022-10-09,Success
42141,771,35750,2022-08-18,Success
3912,826,17772,2023-03-16,Cancelled by the passenger
32086,1403,36488,2022-06-19,Success
31756,1291,18917,2022-09-03,Rejected by the driver
6718,900,30083,2022-12-01,Cancelled by the passenger
404,2020,5941,2022-10-24,Success
32020,2148,20488,2022-09-22,Success
21826,2224,21656,2023-04-04,Success
25894,114,34126,2022-08-16,Success
19614,2071,2228,2022-07-18,Success
42815,1730,23629,2023-03-23,Success
12768,477,18411,2022-08-21,Success
3085,594,6948,2023-03-01,Rejected by the driver
6516,355,29976,2022-06-17,Cancelled by the passenger
26323,19,7135,2022-08-03,Success
48753,272,24996,2022-04-17,Rejected by the driver
38477,2111,18909,2023-03-15,Success
28994,1919,8451,2023-04-03,Rejected by the driver
51931,444,35744,2022-11-17,Rejected by the driver
31459,1981,17419,2023-03-02,Success
26964,2779,550,2022-05-26,Success
30641,1967,5365,2023-03-15,Success
52951,1870,22964,2023-02-09,Success
21858,2219,2057,2022-09-14,Success
3738,96,6378,2022-08-30,Success
15044,1516,18109,2022-04-21,Success
13503,2604,1623,2022-06-14,Success
4081,522,10569,2022-08-31,Success
2054,135,34923,2022-04-03,Success
30883,2938,9515,2023-01-20,Success
8719,2949,20739,2022-06-30,Success
41196,758,7913,2022-12-06,Success
34014,1385,26899,2023-04-04,Cancelled by the passenger
19910,2155,3631,2023-01-30,Success
48506,1588,37251,2022-07-17,Success
27235,1340,29658,2022-10-07,Rejected by the driver
18667,1513,18591,2023-04-08,Success
36670,2481,25532,2022-03-27,Success
56429,1534,26647,2022-11-26,Success
33618,509,18387,2022-06-25,Success
22735,2942,14481,2022-12-28,Success
58614,1265,18481,2022-12-25,Success
206,1530,27301,2022-09-16,Success
56086,1224,2846,2022-06-25,Rejected by the driver
20541,853,18843,2022-04-13,Success
39513,2020,27558,2023-02-27,Success
16654,998,19954,2022-04-28,Rejected by the driver
38188,1576,11182,2022-08-19,Success
57569,2483,8046,2022-12-22,Success
40668,575,15596,2022-10-23,Success
41591,409,25771,2022-10-24,Success
31891,1752,5583,2022-05-14,Rejected by the driver
36046,741,27866,2022-08-26,Success
56003,1757,34079,2022-10-22,Rejected by the driver
21162,401,28684,2022-05-19,Success
6775,1333,7829,2022-06-12,Success
10932,2645,19024,2022-04-07,Success
50395,1997,34616,2023-04-10,Rejected by the driver
1389,2027,28393,2022-10-12,Success
41783,361,20451,2023-01-04,Success
39707,2095,12381,2022-04-09,Success
52411,728,16816,2023-01-24,Rejected by the driver
2123,825,26,2023-03-23,Success
50765,1893,19853,2022-08-29,Success
18242,2909,35225,2022-09-16,Success
34965,2152,14989,2022-11-16,Success
54460,1993,26002,2022-03-12,Rejected by the driver
58923,496,839,2022-06-01,Success
39958,307,30969,2022-06-26,Success
31615,1941,2884,2022-09-01,Success
38741,2559,30572,2022-08-25,Success
43572,2012,23157,2022-12-07,Success
23408,475,33378,2022-05-18,Rejected by the driver
13733,1162,20445,2022-07-21,Success
14288,2678,36285,2023-04-13,Success
26785,369,11247,2022-06-09,Success
7934,2365,14609,2022-10-03,Cancelled by the passenger
32914,1043,5208,2023-01-12,Success
23890,986,18412,2022-12-05,Rejected by the driver
11738,2224,32545,2022-05-13,Rejected by the driver
2942,20,4447,2022-07-14,Success
20976,978,5215,2022-11-09,Success
35807,55,33906,2022-05-18,Success
53660,2493,20121,2022-10-20,Success
23550,2209,605,2022-10-15,Success
8958,2530,24600,2022-11-04,Rejected by the driver
42437,193,18741,2022-11-05,Success
56394,2656,17866,2022-07-16,Success
9583,2783,3437,2022-04-15,Success
25144,829,3437,2022-03-29,Success
17782,1436,28177,2022-10-01,Rejected by the driver
40737,1869,5356,2023-02-11,Rejected by the driver
13642,1121,31667,2022-10-23,Rejected by the driver
19830,132,34496,2022-05-11,Rejected by the driver
31516,45,7956,2023-03-07,Success
17106,1846,37624,2022-06-19,Success
57586,1253,1142,2022-07-14,Success
12832,2894,8603,2023-03-04,Cancelled by the passenger
33651,613,10073,2022-09-04,Success
31416,2794,35808,2023-02-27,Success
18836,1241,18124,2022-07-29,Success
11538,383,29274,2022-10-14,Success
2611,884,8027,2022-12-16,Success
25905,512,25941,2022-04-15,Success
6159,2948,22956,2022-03-15,Rejected by the driver
42648,2875,28930,2022-06-08,Rejected by the driver
35874,757,25666,2022-05-15,Rejected by the driver
1684,677,20093,2022-09-30,Success
32246,2114,36885,2023-01-31,Success
9978,1482,30068,2022-12-07,Success
13483,1679,38315,2022-11-22,Success
11403,2905,6816,2022-10-31,Success
7484,2035,8228,2023-02-21,Success
22956,902,1404,2022-04-11,Success
28461,2473,26269,2022-08-12,Success
2817,2981,25406,2022-04-06,Rejected by the driver
58749,1991,39938,2023-03-09,Success
25645,1842,35646,2022-03-17,Success
36689,1663,3261,2022-05-22,Rejected by the driver
53890,2207,10746,2023-04-03,Success
32747,2337,35256,2022-06-16,Cancelled by the passenger
36186,1966,16113,2022-10-29,Success
19552,2145,2394,2022-07-08,Success
56608,2338,10655,2022-06-16,Rejected by the driver
33871,2814,421,2022-11-23,Cancelled by the passenger
30154,2669,33175,2022-06-14,Cancelled by the passenger
12028,381,2068,2023-02-07,Success
54891,1917,13853,2023-01-02,Cancelled by the passenger
19133,2012,24621,2022-05-31,Success
27728,2666,6764,2023-01-21,Success
41163,1556,24265,2022-08-23,Success
16850,2373,30097,2022-04-23,Cancelled by the passenger
52597,1649,17138,2022-11-05,Success
14392,2,28358,2022-08-12,Success
55961,1671,27146,2022-06-10,Success
35279,2011,20457,2023-03-06,Success
29384,2147,7008,2022-03-24,Success
10544,464,34111,2022-12-06,Rejected by the driver
16522,1009,3525,2022-10-26,Rejected by the driver
48897,613,38197,2022-04-21,Rejected by the driver
36459,1163,38799,2022-07-18,Success
18600,2462,31584,2023-02-27,Success
50675,2001,10004,2023-03-13,Rejected by the driver
33801,273,38326,2022-09-10,Success
31098,811,37064,2023-04-06,Success
50604,2991,31882,2022-12-19,Rejected by the driver
40915,1231,19872,2022-08-20,Rejected by the driver
27083,485,2005,2023-02-04,Success
3875,2796,39056,2023-03-30,Success
58113,1546,32928,2022-11-09,Success
43230,2615,794,2022-09-24,Rejected by the driver
3200,1370,12418,2022-08-08,Success
55633,1523,17567,2022-04-14,Success
26825,48,5118,2023-02-03,Success
22645,2783,12103,2022-12-24,Success
5004,2376,15821,2022-04-09,Rejected by the driver
16048,1579,2431,2022-11-03,Success
36618,164,36770,2022-07-21,Success
35917,2995,21420,2022-12-05,Success
24686,1531,18155,2022-08-09,Success
20956,1130,5334,2022-06-28,Success
35962,2902,38810,2022-07-28,Success
51746,1407,1403,2022-06-01,Success
35431,1390,7870,2022-07-01,Success
25864,2240,3880,2022-09-06,Success
4223,417,10594,2022-11-17,Success
22372,2115,6542,2022-08-16,Success
11957,2969,13527,2023-03-27,Success
29146,2947,18303,2022-10-03,Success
49583,2251,35624,2022-08-12,Success
56625,2094,27197,2022-05-06,Success
45069,1376,31617,2022-06-27,Cancelled by the passenger
5216,372,6184,2022-06-04,Success
5962,2676,18255,2022-05-26,Success
24936,196,25951,2023-01-06,Success
20215,1258,31413,2022-08-02,Success
41406,2562,14115,2022-08-23,Cancelled by the passenger
11578,842,19154,2022-06-22,Success
15613,2086,27470,2022-08-29,Success
39690,1853,28158,2022-06-03,Success
43169,710,582,2022-10-31,Success
56819,1166,2237,2023-03-16,Success
17798,1682,21992,2022-04-04,Success
29439,2768,30562,2022-07-10,Success
59919,2032,21275,2022-07-07,Cancelled by the passenger
53871,823,13428,2023-03-19,Cancelled by the passenger
28188,2679,7882,2022-10-06,Success
56989,147,4479,2022-12-01,Cancelled by the passenger
27755,1553,11629,2022-05-11,Success
12362,1265,14463,2022-12-13,Success
2085,2186,6825,2022-04-19,Cancelled by the passenger
40532,2881,32182,2022-09-30,Success
47140,976,31505,2022-04-08,Success
29166,239,1034,2022-12-11,Success
27245,2950,8540,2023-01-24,Success
42261,2027,2599,2022-03-25,Success
1318,1127,4043,2022-06-01,Success
25724,2725,37718,2023-03-24,Rejected by the driver
42320,772,19846,2022-12-31,Cancelled by the passenger
17750,2574,22180,2023-01-28,Cancelled by the passenger
23475,719,38605,2023-04-03,Success
14140,1509,39792,2022-07-09,Success
21118,950,25714,2023-01-04,Success
5425,425,6263,2022-11-22,Cancelled by the passenger
2299,1283,25658,2022-12-19,Success
14865,1277,18320,2022-11-24,Success
55403,840,26342,2022-05-12,Success
13751,2482,24334,2022-08-12,Success
7656,355,15266,2023-03-25,Success
11436,943,29370,2023-02-21,Rejected by the driver
35120,2485,22283,2022-06-28,Success
34129,1252,36310,2022-04-15,Success
22518,22,17822,2022-07-07,Success
32478,1168,36154,2022-04-26,Success
27252,1801,11548,2023-03-06,Rejected by the driver
7189,249,38496,2022-08-07,Success
2666,2762,14591,2022-06-14,Rejected by the driver
27907,474,18843,2023-01-06,Rejected by the driver
51575,2255,19191,2023-02-18,Rejected by the driver
41123,1537,9900,2023-01-17,Success
35353,2896,13272,2022-06-11,Success
31639,1832,39051,2022-12-31,Success
54647,423,31643,2022-12-16,Success
6362,588,19607,2022-03-18,Rejected by the driver
21927,1905,35818,2022-05-12,Success
59455,998,2602,2022-11-27,Success
27853,1360,16218,2022-10-17,Success
54250,1285,9458,2022-05-31,Success
50454,449,31428,2022-07-05,Success
6432,1565,39458,2022-10-25,Success
39032,2449,26108,2022-07-22,Success
28386,1269,13896,2022-12-22,Success
12299,304,26458,2023-02-19,Cancelled by the passenger
44502,1166,12039,2023-03-30,Success
8484,1518,8365,2022-12-07,Success
44505,1183,23926,2022-08-31,Success
7087,2313,18715,2022-06-23,Success
48455,2699,19745,2022-05-31,Success
50950,2925,27035,2023-04-04,Rejected by the driver
11208,1194,17047,2022-10-07,Success
52149,1733,6157,2023-03-16,Success
42167,2334,37255,2023-01-08,Success
8651,142,36837,2022-05-09,Success
6429,1038,5319,2022-11-11,Success
26290,895,12216,2022-11-13,Success
21171,1357,20925,2023-03-10,Rejected by the driver
38998,187,21420,2022-05-20,Success
52813,2731,35485,2023-04-14,Rejected by the driver
40184,2145,9765,2022-05-01,Success
15755,28,10046,2022-04-09,Success
59547,1063,37069,2023-03-27,Success
30828,420,36710,2022-11-25,Cancelled by the passenger
48515,1591,32644,2022-08-12,Success
32391,1680,35078,2023-04-10,Rejected by the driver
19207,2070,11925,2023-02-25,Success
56416,2268,22593,2023-01-27,Success
46459,2213,29055,2022-04-04,Success
50674,1650,16518,2023-03-16,Success
12995,571,36952,2023-03-12,Success
48369,2878,39819,2022-04-21,Success
27644,2096,12113,2022-05-02,Success
50406,1351,5339,2022-10-17,Cancelled by the passenger
36572,438,19589,2022-08-20,Success
1315,777,31561,2023-04-01,Cancelled by the passenger
35740,2641,20579,2022-11-07,Success
34158,956,27237,2023-04-04,Success
31725,647,18383,2022-05-21,Success
42957,1855,21067,2022-07-06,Rejected by the driver
33237,981,38907,2022-04-13,Success
7077,2997,12516,2022-05-15,Success
47466,254,14018,2022-09-01,Success
22419,543,17596,2023-03-21,Success
2101,1365,830,2022-08-15,Success
3075,2958,31798,2022-09-25,Rejected by the driver
53164,2628,31251,2022-06-18,Success
43671,169,30243,2022-12-20,Success
45929,2200,36896,2022-11-21,Success
47447,64,7668,2022-07-31,Success
19636,1778,22082,2022-09-08,Success
11065,491,38656,2022-05-21,Success
30408,1861,19325,2023-03-27,Success
40863,1198,26103,2022-04-20,Success
41457,2539,22619,2022-04-05,Rejected by the driver
38362,890,2866,2022-07-16,Success
20012,1370,20936,2023-02-05,Success
50768,2116,21502,2023-01-30,Success
59216,2040,2130,2022-09-06,Cancelled by the passenger
3822,136,36278,2022-08-17,Success
57669,1124,29934,2022-05-16,Success
22499,2186,13556,2022-05-29,Success
13344,2199,18983,2022-04-03,Success
32284,2437,5661,2022-11-23,Success
6528,1575,3768,2022-11-09,Success
18095,2420,30746,2023-01-25,Success
38116,1449,29922,2022-09-12,Success
5118,2543,31382,2023-01-28,Rejected by the driver
10603,1524,18633,2023-02-02,Success
18057,2289,17492,2023-01-09,Success
29732,2102,14934,2022-06-23,Success
27758,1961,17744,2022-09-23,Success
18284,1961,3721,2022-06-08,Rejected by the driver
31980,1441,35428,2022-06-23,Success
5269,1302,19961,2022-08-04,Cancelled by the passenger
58685,2118,9994,2022-04-26,Cancelled by the passenger
36893,2533,30043,2023-02-04,Success
41161,2290,523,2022-10-07,Success
15237,1435,13352,2023-01-30,Success
3970,2701,9568,2022-12-04,Success
13117,1448,37063,2023-01-20,Success
44997,1996,37734,2022-07-25,Success
17095,700,33828,2023-03-29,Cancelled by the passenger
38089,2375,30815,2023-04-11,Success
55701,2580,19635,2023-03-24,Cancelled by the passenger
7,1287,18236,2022-07-30,Cancelled by the passenger
24256,58,20090,2022-04-01,Success
52631,244,20415,2022-06-03,Success
36714,2790,20757,2022-05-25,Success
42085,1118,16179,2022-07-31,Success
2713,1618,34163,2022-09-09,Success
7473,1851,16379,2022-06-09,Success
8523,120,6128,2022-09-07,Cancelled by the passenger
17181,1213,16315,2022-06-30,Success
44121,1372,16293,2022-09-29,Cancelled by the passenger
20802,1622,7803,2022-11-29,Rejected by the driver
18063,1981,17331,2023-03-16,Success
56137,2344,30603,2022-06-26,Success
11558,2700,15118,2023-01-23,Success
57169,599,22122,2023-03-19,Rejected by the driver
15197,2436,28941,2022-11-28,Success
41077,147,12580,2023-01-16,Success
1937,2874,8712,2022-12-01,Success
41922,2412,20760,2022-12-16,Success
16192,1083,24932,2022-10-13,Success
5573,190,13598,2022-03-22,Success
32753,552,35376,2022-08-31,Success
14745,951,21681,2022-04-03,Cancelled by the passenger
12058,1002,23403,2022-04-06,Rejected by the driver
31815,1942,24281,2022-06-30,Success
18635,1205,20670,2022-12-15,Success
14263,422,19381,2022-11-30,Cancelled by the passenger
25306,2396,28660,2023-01-30,Success
22894,126,36385,2022-03-30,Success
16116,1559,13565,2023-03-28,Success
37312,364,28781,2022-05-22,Cancelled by the passenger
25651,2062,22774,2022-09-06,Success
10459,2217,18538,2022-07-05,Success
59389,1212,38628,2023-02-28,Success
30169,2172,8882,2022-04-13,Success
38716,2041,17993,2023-01-23,Success
22753,2815,14734,2023-03-11,Success
7146,536,3438,2022-12-13,Cancelled by the passenger
59477,392,29949,2022-05-07,Success
8885,159,1664,2022-05-26,Success
36222,240,14160,2022-03-13,Success
26320,1816,16943,2022-09-25,Success
15968,1386,39273,2023-03-15,Success
20292,1496,18356,2023-02-25,Success
4649,382,23983,2022-08-04,Success
2913,169,7137,2023-02-13,Success
11770,386,5831,2023-04-13,Success
4824,944,1757,2023-04-09,Rejected by the driver
23717,1615,3194,2023-04-08,Success
40087,1497,1542,2023-01-26,Success
24351,2935,18511,2023-04-13,Success
23018,1149,693,2023-03-22,Rejected by the driver
20575,621,8732,2022-09-26,Success
4029,110,28639,2022-06-26,Success
48276,1460,2897,2023-03-26,Success
55887,2911,38288,2022-11-30,Success
23324,1520,1895,2022-12-05,Success
13767,1588,25977,2022-04-08,Success
27125,2236,39439,2023-04-13,Success
32675,445,8857,2022-09-29,Success
25068,2536,14899,2023-01-24,Success
22095,1968,36716,2022-07-06,Success
15962,2235,32416,2023-03-17,Success
40716,2677,3814,2022-08-03,Rejected by the driver
53987,439,25098,2022-04-05,Success
14003,2731,4816,2023-04-07,Success
56237,284,28241,2022-09-11,Success
43352,1831,12651,2023-02-22,Success
7574,2221,21279,2022-05-30,Success
21044,2263,2766,2022-06-15,Success
25160,2068,18853,2022-12-10,Success
56619,1069,13047,2022-08-17,Success
4162,1669,16687,2022-04-11,Success
8603,473,30674,2022-08-19,Success
49187,1104,38586,2022-03-17,Success
7187,1059,28806,2022-11-24,Success
57650,877,25308,2023-01-08,Success
24386,2519,4410,2022-12-02,Success
26592,2144,38087,2023-01-23,Success
56164,1142,4179,2022-12-20,Rejected by the driver
55346,1751,8143,2023-01-02,Success
52053,1367,26399,2023-02-07,Success
30817,434,7987,2022-12-10,Success
15109,455,35343,2022-06-03,Success
51022,1277,9609,2022-04-24,Success
15412,2542,16072,2022-12-28,Rejected by the driver
24814,1253,29075,2023-02-11,Success
26815,2328,30799,2023-01-18,Rejected by the driver
47032,53,653,2022-11-10,Success
17125,2135,31694,2022-04-01,Success
16640,302,18074,2022-12-17,Cancelled by the passenger
14338,1477,22681,2022-11-01,Success
35116,1092,36507,2023-03-08,Cancelled by the passenger
51782,2188,427,2022-05-02,Success
9046,1018,12456,2022-06-08,Success
52204,2409,30963,2022-05-25,Success
19431,131,27682,2023-03-18,Success
26408,236,18952,2023-01-22,Success
25935,202,38003,2023-03-28,Success
12865,2389,16668,2023-03-02,Success
25973,2440,17042,2022-09-15,Success
54585,1414,10280,2022-07-02,Success
15247,4,29403,2022-05-06,Success
58501,2774,37905,2022-12-15,Cancelled by the passenger
45279,2321,7908,2022-04-23,Success
40697,2060,19934,2023-01-10,Success
28942,1599,10766,2022-05-09,Rejected by the driver
29147,2581,28454,2022-04-24,Rejected by the driver
21894,2737,28659,2022-09-22,Success
28718,1662,34433,2022-06-24,Success
21900,2021,6428,2022-05-22,Success
43719,1353,34714,2022-05-07,Success
7965,1366,39096,2022-09-20,Success
36180,323,36351,2022-07-07,Success
35742,398,34185,2023-02-14,Success
37558,2962,12660,2022-06-22,Success
25117,2952,7156,2022-06-13,Success
49047,1006,33859,2022-07-02,Success
58337,2007,32033,2022-11-22,Success
3748,1549,35529,2022-08-30,Success
13287,2917,28642,2022-07-05,Success
17252,1517,33172,2022-05-27,Success
6762,1851,307,2022-11-23,Success
13968,1400,30140,2023-01-31,Success
26501,840,37173,2022-12-29,Cancelled by the passenger
41536,1978,36340,2022-08-25,Success
25242,2707,32360,2023-04-10,Success
46085,1504,38639,2022-12-29,Success
36286,1473,5204,2022-10-05,Success
38686,2645,30283,2023-02-11,Success
11804,907,31187,2022-04-17,Success
53775,166,22852,2023-01-26,Success
25820,1904,36927,2022-06-26,Rejected by the driver
4925,2508,6927,2022-06-19,Success
24606,635,27779,2022-06-14,Rejected by the driver
55042,148,8739,2022-10-05,Cancelled by the passenger
10412,2034,38731,2022-05-12,Success
8665,805,18356,2022-06-15,Success
31846,2582,26728,2022-12-05,Success
8480,890,34307,2023-04-14,Success
15620,239,32926,2023-02-06,Success
22231,736,38174,2022-09-25,Rejected by the driver
54267,851,20712,2022-11-05,Success
41471,753,33950,2022-03-28,Success
38971,902,24757,2022-06-21,Rejected by the driver
20798,2613,22945,2022-08-11,Success
42455,244,28077,2022-11-28,Success
26350,2477,33950,2022-11-21,Success
55228,1273,9543,2023-03-31,Cancelled by the passenger
24252,898,9247,2022-10-02,Success
6364,2248,20556,2022-06-20,Success
17108,1952,9017,2022-06-16,Rejected by the driver
14414,2700,23382,2022-12-26,Success
13626,1704,27570,2023-03-18,Success
17617,1766,3864,2023-04-07,Rejected by the driver
15344,2600,6864,2022-12-22,Rejected by the driver
24304,517,8534,2023-01-06,Rejected by the driver
41358,266,33125,2022-05-25,Success
42366,337,16652,2022-07-18,Success
47342,1443,1229,2022-04-24,Success
13014,1418,31638,2023-02-12,Success
74,2376,36436,2022-05-27,Success
20609,569,18861,2022-05-08,Success
9950,2395,36973,2022-03-23,Success
7347,1754,5488,2022-10-28,Success
52556,559,35485,2022-08-13,Success
49244,1865,709,2022-04-04,Success
25943,408,31384,2022-12-10,Success
5646,1623,39120,2022-10-12,Success
49669,1310,26630,2022-10-16,Rejected by the driver
51907,2093,8292,2022-04-18,Success
51726,424,21953,2023-04-08,Success
14922,1947,26357,2022-05-14,Success
30218,890,13682,2022-03-15,Rejected by the driver
56363,533,25828,2022-12-07,Rejected by the driver
11980,1745,3133,2022-06-22,Success
46075,1105,33624,2022-10-25,Cancelled by the passenger
15716,2423,28025,2022-04-18,Success
23095,2986,25321,2022-11-08,Cancelled by the passenger
22868,1497,4047,2022-05-10,Success
22462,1808,33143,2023-03-12,Success
38847,2440,27415,2022-05-02,Success
48881,2928,7936,2023-01-28,Rejected by the driver
46024,824,34414,2023-01-08,Success
59853,132,7397,2022-12-02,Success
52523,2993,32289,2022-10-08,Success
58129,1069,20900,2022-05-28,Rejected by the driver
29753,1413,5302,2022-04-19,Cancelled by the passenger
37372,46,31236,2023-02-25,Success
22167,78,18892,2022-04-12,Success
25348,2098,35032,2022-08-07,Success
59869,2993,10614,2022-09-12,Success
9926,2251,26983,2022-08-19,Success
59826,1565,33955,2022-05-20,Success
54233,2178,37420,2022-12-15,Success
29327,2349,13597,2022-04-30,Success
41093,2899,38018,2022-12-13,Success
26669,2462,30465,2023-02-08,Cancelled by the passenger
22443,2081,35467,2022-11-21,Success
20117,2807,19165,2023-02-19,Success
17285,1359,11041,2022-10-12,Success
41000,1198,29175,2023-02-20,Cancelled by the passenger
52595,1253,11116,2023-03-16,Success
31717,2029,39747,2022-04-08,Success
57080,2724,13941,2022-04-06,Success
38542,2805,30243,2022-04-02,Rejected by the driver
5063,669,3519,2022-11-25,Success
34962,1453,4089,2022-12-23,Success
43656,2961,12457,2022-05-06,Cancelled by the passenger
59988,1006,27013,2022-05-24,Success
50770,1744,25632,2023-04-13,Success
11720,697,5891,2022-10-30,Success
26936,1237,9307,2023-03-14,Success
35590,428,15386,2022-09-27,Success
17672,2966,1720,2022-11-14,Rejected by the driver
4877,176,2408,2022-06-27,Success
6011,1514,35802,2022-06-19,Cancelled by the passenger
1987,2658,12439,2022-04-01,Success
31443,261,17703,2022-06-21,Cancelled by the passenger
24076,144,20983,2022-08-10,Success
34353,1567,23571,2023-02-07,Success
24078,1528,37623,2022-08-14,Success
43739,2877,9831,2022-06-05,Success
33919,1748,8492,2022-06-11,Rejected by the driver
36438,2660,14743,2022-04-22,Success
8122,1598,22522,2023-02-08,Cancelled by the passenger
33836,2857,34542,2022-12-21,Success
18,811,2542,2022-03-13,Success
26068,1810,2457,2023-04-14,Success
30592,1803,11263,2022-03-18,Success
33420,293,5599,2023-01-13,Success
40399,605,13473,2023-01-08,Success
57231,2676,6855,2022-09-03,Success
54388,36,27657,2022-03-31,Success
3473,445,26602,2022-05-29,Success
22192,615,6735,2022-04-08,Success
22269,2359,11514,2022-12-14,Success
59896,2333,9518,2022-07-12,Success
6615,430,19794,2022-10-02,Success
53531,1650,21235,2023-02-26,Success
33264,1133,33627,2022-04-19,Success
23482,164,17846,2022-05-27,Success
49462,1046,23694,2022-05-07,Success
11523,2215,32856,2022-05-06,Success
56968,641,21948,2022-05-15,Success
11935,1378,12616,2022-05-27,Success
2254,1331,19172,2022-10-23,Cancelled by the passenger
438,1269,25656,2022-10-01,Success
46509,2104,5063,2022-12-15,Success
47410,1740,39411,2022-11-15,Success
1332,13,11267,2022-05-31,Success
18262,2411,30019,2022-05-13,Success
33263,204,24728,2023-02-15,Success
4699,1077,21734,2022-07-25,Success
3418,473,13301,2022-05-19,Rejected by the driver
54120,1940,16568,2023-04-15,Rejected by the driver
1729,490,35917,2022-08-15,Success
45161,850,18911,2022-07-23,Success
6093,2508,3345,2022-10-15,Success
40159,1532,26131,2022-10-05,Success
13273,1939,12566,2023-02-02,Success
16931,2563,34298,2022-07-15,Success
1417,1079,13574,2022-07-05,Success
58130,1393,32847,2022-11-12,Success
21943,2176,8923,2022-06-12,Success
10281,1239,14410,2022-09-06,Success
32870,1525,38185,2022-07-22,Rejected by the driver
12501,1708,39740,2022-05-21,Cancelled by the passenger
57643,1162,18683,2022-11-05,Cancelled by the passenger
21788,2741,18717,2022-04-17,Success
16241,2775,38418,2022-11-01,Success
36796,761,19530,2022-08-19,Cancelled by the passenger
14308,708,19481,2023-04-04,Success
14855,978,13187,2023-03-29,Rejected by the driver
46753,501,20502,2023-02-23,Success
8906,1049,17167,2022-08-13,Success
13076,1096,2315,2023-03-26,Rejected by the driver
2986,1095,21963,2022-07-25,Success
42592,127,37711,2022-05-04,Success
11821,30,6019,2022-09-05,Success
13628,56,21822,2023-01-26,Success
8543,2827,16196,2022-04-21,Rejected by the driver
44822,1264,28602,2023-03-03,Success
25640,1306,11266,2023-03-12,Success
52783,1679,34193,2023-03-13,Success
55486,409,3052,2022-08-13,Success
46837,265,1466,2022-06-05,Success
8577,1233,24263,2022-03-26,Success
368,859,19405,2022-06-28,Success
22641,1045,37712,2022-06-28,Success
38260,2599,17818,2022-07-04,Success
57524,2317,28668,2022-10-29,Rejected by the driver
38157,79,29788,2022-10-06,Success
47539,377,9600,2022-12-27,Success
34494,1902,13666,2023-02-02,Cancelled by the passenger
7014,1993,26055,2022-07-10,Success
41942,1657,22249,2022-06-16,Rejected by the driver
33960,2714,4276,2022-06-26,Success
46347,2184,150,2023-04-01,Success
56333,2437,38058,2022-08-15,Rejected by the driver
48188,2492,18484,2023-02-28,Rejected by the driver
3508,1983,20101,2022-06-13,Rejected by the driver
40372,1180,16504,2022-03-23,Rejected by the driver
8653,893,7127,2022-08-31,Success
51552,559,17340,2023-02-12,Success
13779,1060,797,2022-06-16,Success
14757,175,13837,2022-12-22,Cancelled by the passenger
13681,2192,13687,2023-03-08,Success
54012,2599,20956,2023-04-08,Success
18522,778,10896,2022-07-07,Success
41080,1166,11351,2022-09-24,Success
34725,63,14878,2022-05-06,Rejected by the driver
6321,1680,39136,2022-06-19,Rejected by the driver
8113,960,15761,2022-10-09,Rejected by the driver
18610,2084,32759,2022-05-05,Success
1448,1014,26313,2022-06-25,Success
5623,1245,38572,2023-01-27,Rejected by the driver
36170,2399,1724,2022-11-29,Success
53310,2352,13161,2022-10-09,Cancelled by the passenger
19742,1872,5902,2022-06-08,Rejected by the driver
26132,973,22984,2022-06-09,Success
10054,2180,12698,2022-03-12,Success
39073,1724,5430,2022-11-14,Success
51177,65,21888,2023-04-03,Rejected by the driver
5650,26,26049,2023-03-30,Cancelled by the passenger
35012,2416,10443,2023-01-12,Success
18684,2450,1753,2022-05-29,Rejected by the driver
14051,1788,33385,2022-06-10,Success
38364,1361,26152,2023-02-27,Success
6239,5,23016,2022-12-06,Success
56202,1302,19278,2022-03-20,Success
41993,1096,35086,2022-11-20,Success
48900,1550,22132,2022-08-07,Rejected by the driver
56661,537,13013,2023-03-28,Cancelled by the passenger
44009,1085,37106,2023-03-14,Success
50833,2736,28057,2022-06-29,Success
58478,2226,22339,2022-07-27,Success
14284,2504,30145,2022-07-15,Success
39150,602,10023,2022-08-08,Cancelled by the passenger
10476,1040,5670,2022-12-07,Success
27740,2374,30705,2022-07-16,Success
26092,324,25200,2022-12-20,Success
32101,1154,113,2023-02-02,Success
16649,510,424,2022-08-05,Success
55715,2504,10051,2022-11-05,Rejected by the driver
51919,1219,35457,2023-03-13,Success
50099,2562,6323,2022-10-13,Success
26763,285,11909,2022-10-11,Cancelled by the passenger
35196,2911,18576,2022-03-21,Success
41984,1823,20905,2023-01-12,Success
24498,2553,10624,2022-05-28,Success
50975,1703,4149,2022-11-29,Success
15064,494,9444,2022-11-01,Success
4818,1642,8446,2022-06-06,Cancelled by the passenger
29596,43,10176,2022-07-08,Success
27352,2852,31856,2023-01-01,Success
45094,1403,10537,2022-06-05,Success
43262,288,36485,2022-08-28,Success
13874,1353,32410,2022-08-24,Success
2701,1731,29345,2023-03-10,Success
8046,829,13239,2022-08-11,Rejected by the driver
1655,2175,9981,2022-12-23,Success
237,2204,8036,2022-04-27,Rejected by the driver
35818,1788,7312,2022-10-27,Success
38952,1437,24554,2022-11-14,Success
35409,2189,3814,2022-07-18,Success
36047,2412,30163,2022-12-18,Cancelled by the passenger
34163,1397,30812,2022-06-09,Success
48821,808,38900,2022-09-18,Cancelled by the passenger
13633,2534,35214,2022-12-28,Success
50525,305,3630,2022-12-05,Success
1866,2037,7758,2023-01-10,Success
58256,2015,21048,2022-12-25,Success
22955,387,33706,2022-11-16,Success
17504,1202,6350,2022-08-23,Success
58316,462,14620,2023-01-22,Success
26899,2492,2779,2022-05-17,Success
8234,74,11073,2022-08-26,Success
24830,654,14560,2022-06-17,Success
27607,2868,11870,2022-04-21,Success
32929,2733,32701,2023-02-09,Success
55345,2887,39110,2022-12-25,Success
40724,1773,16157,2023-01-27,Success
22835,1601,12215,2022-07-24,Success
38707,1828,15442,2022-07-07,Success
18656,2924,2365,2022-06-19,Success
32537,1782,16579,2022-05-28,Success
14840,1492,4135,2022-11-27,Success
49322,2248,18613,2023-01-08,Success
53733,1662,36501,2022-06-14,Success
2024,1555,5869,2022-08-07,Success
17532,1898,5658,2022-07-02,Success
34333,1916,1767,2023-03-08,Success
8492,105,35512,2022-11-03,Success
18362,2283,7111,2023-02-09,Success
52947,2391,17091,2023-03-04,Success
56370,1739,35808,2022-07-24,Success
44779,1551,5477,2022-06-22,Success
33154,1963,8910,2023-01-09,Success
49891,813,35707,2023-01-26,Success
34774,742,22768,2023-03-27,Success
38383,18,26801,2022-03-24,Success
50404,1363,32500,2023-04-13,Success
4635,1292,20385,2023-02-23,Success
30392,2224,29124,2023-02-16,Success
33952,1752,20718,2023-02-11,Success
13780,386,28801,2022-09-19,Success
2388,72,35931,2022-08-10,Success
151,452,5209,2022-04-08,Success
20595,1120,35800,2022-12-20,Success
15975,2028,36034,2022-07-31,Success
49453,718,309,2023-01-02,Rejected by the driver
21822,1412,31196,2023-04-01,Rejected by the driver
58692,2741,15482,2023-03-24,Success
20992,1229,24976,2022-07-25,Cancelled by the passenger
16958,1958,127,2022-08-01,Success
3795,165,25323,2022-09-21,Success
54999,2987,12980,2022-08-08,Success
52673,2597,31984,2022-09-04,Success
6966,1623,16193,2022-09-14,Success
37444,2777,32318,2022-10-18,Success
49252,910,11602,2022-10-23,Cancelled by the passenger
33235,2892,7119,2022-06-16,Success
51583,479,38277,2023-02-02,Success
46003,1033,14697,2022-05-09,Success
8937,1609,29735,2022-05-22,Success
23387,1800,13087,2023-03-12,Success
20204,502,26505,2022-05-29,Cancelled by the passenger
58431,1818,31764,2023-04-09,Cancelled by the passenger
45775,353,2824,2023-03-08,Success
15093,726,25862,2022-07-01,Success
7279,2903,24738,2023-04-05,Success
9086,613,28069,2022-09-11,Success
30452,103,6368,2022-10-27,Rejected by the driver
11834,2540,5732,2022-04-02,Rejected by the driver
33181,1820,4740,2022-12-28,Rejected by the driver
3707,350,36076,2022-09-30,Rejected by the driver
55205,725,27229,2022-12-06,Success
40725,2073,33511,2023-03-21,Success
50483,2892,37801,2022-06-24,Success
46067,2707,32079,2022-04-11,Success
30219,566,6204,2022-11-02,Rejected by the driver
45130,2236,6946,2022-04-13,Success
59379,2478,15040,2023-03-05,Cancelled by the passenger
23596,350,31185,2022-09-17,Success
8939,2018,37980,2022-08-02,Success
12788,2853,34348,2022-05-29,Success
44544,976,19632,2022-04-23,Success
48921,664,23563,2022-11-22,Success
2081,2345,24818,2022-11-25,Cancelled by the passenger
38444,2960,5142,2022-04-25,Cancelled by the passenger
54560,1368,10667,2022-07-18,Success
12515,1700,2580,2022-07-23,Rejected by the driver
43437,2713,33357,2023-01-25,Success
59646,2131,37603,2022-08-20,Success
59122,1364,36161,2022-08-20,Success
29058,817,8095,2022-04-27,Cancelled by the passenger
41557,2372,32049,2022-08-04,Cancelled by the passenger
47399,2708,15986,2023-02-02,Success
13582,1928,10985,2022-04-02,Success
136,1441,16838,2022-05-25,Success
48261,2214,27527,2023-01-24,Success
9104,1978,27746,2023-01-18,Success
48508,2955,10617,2023-01-12,Success
57532,486,10422,2023-01-14,Cancelled by the passenger
20187,219,10601,2022-03-24,Rejected by the driver
9391,1722,14817,2022-10-01,Success
51523,2307,21780,2022-05-24,Success
41395,2653,6467,2022-06-29,Success
57058,1292,14197,2022-11-07,Success
7788,2543,37501,2023-04-01,Success
48834,1174,34504,2022-03-30,Rejected by the driver
51686,621,38650,2022-08-12,Rejected by the driver
36690,2781,23533,2023-03-15,Success
9612,2665,13833,2023-01-10,Cancelled by the passenger
35357,1430,39315,2022-04-23,Rejected by the driver
38230,1041,14306,2022-07-10,Success
18409,2778,9002,2022-09-08,Success
41156,2107,9231,2022-10-10,Success
39523,730,7285,2023-02-26,Success
28803,263,9473,2023-03-28,Rejected by the driver
22451,68,27545,2023-01-27,Success
54556,816,8152,2022-04-10,Success
383,2987,2180,2022-08-26,Success
11432,1762,28143,2022-12-22,Cancelled by the passenger
11942,467,23475,2022-11-15,Success
23418,2186,1468,2022-05-03,Rejected by the driver
41360,1251,12216,2022-10-24,Success
41569,1297,28378,2022-03-26,Success
41957,536,8123,2022-07-27,Success
2687,654,471,2022-08-05,Success
1827,1895,36319,2022-11-16,Success
10150,2331,29669,2022-11-02,Cancelled by the passenger
4709,2209,5219,2022-09-24,Success
26946,1124,38323,2023-03-28,Success
28814,500,7398,2022-06-17,Rejected by the driver
6246,2066,36964,2022-11-07,Success
34575,1566,29659,2022-05-09,Success
24198,1310,38062,2022-12-15,Cancelled by the passenger
46143,519,26626,2022-03-27,Success
23457,563,19367,2023-01-09,Success
3736,2117,7388,2022-12-24,Success
34693,2465,34104,2022-05-17,Rejected by the driver
34644,899,31552,2022-06-17,Success
46823,2307,34957,2023-03-29,Rejected by the driver
29975,661,29214,2022-10-27,Success
14522,336,39407,2022-12-31,Success
21144,1470,4826,2023-01-28,Success
32894,449,28959,2022-03-29,Cancelled by the passenger
47526,1435,33546,2022-08-15,Success
59792,2518,39876,2022-08-26,Success
14966,2446,32468,2022-10-20,Success
9795,2812,12021,2022-12-13,Success
45577,370,31916,2022-08-16,Success
8312,738,12646,2023-01-26,Success
55692,1055,19244,2022-12-23,Success
26351,694,28906,2022-07-23,Rejected by the driver
25272,2517,151,2022-05-11,Success
8913,1439,29693,2022-03-29,Success
25525,1614,26478,2023-01-18,Success
12064,104,15478,2022-07-13,Rejected by the driver
59136,1488,39152,2022-09-09,Success
3890,1399,5760,2023-01-18,Success
35263,29,14240,2023-04-06,Success
44441,2227,6327,2022-06-20,Cancelled by the passenger
37945,461,24381,2022-09-07,Success
3055,2858,3142,2022-10-27,Success
55936,528,27422,2022-12-12,Success
35456,2281,11521,2022-07-29,Cancelled by the passenger
22698,2330,12752,2023-04-03,Cancelled by the passenger
2983,2130,746,2022-07-07,Cancelled by the passenger
14835,609,964,2022-11-09,Success
54637,148,22934,2022-06-28,Success
39299,2279,14258,2022-11-09,Success
12414,1977,37146,2022-07-08,Rejected by the driver
31929,727,25367,2023-01-04,Success
45317,2433,12314,2023-01-03,Success
12074,763,10132,2022-09-21,Success
18230,1121,15026,2022-04-26,Success
23734,2226,38186,2022-09-06,Rejected by the driver
15284,2542,36785,2023-01-21,Success
56096,1434,32856,2023-01-17,Cancelled by the passenger
29733,2186,32328,2022-08-29,Success
49781,2903,28392,2022-09-20,Rejected by the driver
29770,2785,8489,2022-07-26,Success
8776,1486,11129,2022-06-02,Success
14294,406,8641,2023-03-16,Success
37207,621,1538,2023-04-11,Rejected by the driver
8211,324,27829,2023-03-18,Success
20219,485,20451,2022-09-29,Success
25484,1559,20421,2022-12-29,Cancelled by the passenger
37328,1094,20777,2022-05-19,Success
26334,1207,12570,2023-03-14,Success
58419,1110,3087,2022-06-18,Success
22414,2152,18176,2023-01-29,Success
5724,2480,16074,2023-03-22,Success
29840,2799,27960,2022-11-28,Success
53550,2268,22500,2022-07-09,Rejected by the driver
11831,471,3753,2022-03-13,Rejected by the driver
40245,2476,31104,2023-03-25,Success
3766,1953,35495,2023-01-21,Success
57804,2089,35729,2022-12-30,Success
1457,51,113,2023-02-28,Success
30062,875,3461,2023-03-11,Success
741,2228,16604,2023-02-26,Cancelled by the passenger
12233,1286,19694,2022-10-08,Success
10960,135,31634,2023-01-15,Success
43245,1257,1692,2022-07-16,Success
18821,1095,28508,2023-02-21,Success
31764,1782,28461,2022-09-26,Success
14949,1755,18115,2022-11-08,Success
6241,809,21068,2023-04-06,Success
45542,308,19022,2022-08-02,Cancelled by the passenger
59424,1620,16028,2022-03-30,Success
7697,2266,29686,2022-07-17,Success
30634,2470,37333,2023-01-03,Success
26479,1534,31879,2022-10-27,Success
6542,882,7544,2022-04-12,Rejected by the driver
34927,2330,5725,2023-02-25,Success
56815,2818,9377,2022-11-11,Cancelled by the passenger
44408,241,9166,2023-01-01,Success
59561,2865,16294,2022-05-07,Success
54954,1932,9380,2022-09-23,Success
45111,730,35149,2022-04-04,Success
15378,857,24576,2023-01-18,Success
15286,922,436,2022-03-17,Success
52923,2193,22124,2022-04-01,Rejected by the driver
36175,1085,9033,2022-04-05,Success
48574,2180,36017,2022-04-18,Success
17031,2344,13416,2022-11-25,Success
52184,2927,22510,2022-03-12,Success
12672,2716,14415,2023-02-20,Success
21965,969,25746,2023-01-16,Success
34460,2330,25928,2022-06-28,Success
46460,2540,22929,2022-08-09,Cancelled by the passenger
31648,2987,28908,2023-01-16,Success
20725,1442,6402,2023-01-20,Rejected by the driver
40186,25,32237,2022-12-06,Success
55127,2301,20018,2023-01-05,Success
13282,2110,35659,2023-03-23,Success
37258,772,34553,2023-01-06,Success
7649,2451,32789,2022-09-26,Success
26914,2993,6246,2023-01-29,Success
12952,2070,15023,2022-03-19,Success
38226,673,31012,2022-07-24,Cancelled by the passenger
21011,1111,26568,2022-10-24,Rejected by the driver
31404,1417,3698,2023-03-09,Success
32515,2563,3092,2023-03-30,Cancelled by the passenger
57259,279,21127,2022-09-03,Cancelled by the passenger
46051,1832,1059,2023-02-24,Rejected by the driver
17170,2338,1285,2022-11-29,Success
25794,96,4079,2023-04-11,Cancelled by the passenger
12033,994,25857,2022-11-25,Success
45663,1913,36567,2022-07-26,Success
12538,463,27677,2022-06-25,Success
26462,1267,30248,2022-05-15,Success
52248,2477,26019,2022-06-01,Success
38803,1181,31824,2023-04-02,Success
50498,1722,2888,2022-07-26,Success
22892,1624,25814,2022-04-04,Success
33808,2042,15877,2022-10-03,Success
39096,2994,33233,2023-02-07,Cancelled by the passenger
59860,1674,2718,2023-01-28,Success
42820,1048,36388,2022-10-30,Success
29582,2123,25501,2022-10-18,Success
14151,1962,23803,2023-03-27,Success
43666,335,31648,2022-10-21,Success
13249,1156,11170,2022-09-07,Success
23332,835,17309,2022-06-26,Rejected by the driver
54006,2402,6030,2022-11-29,Rejected by the driver
48735,976,29488,2022-11-25,Success
45969,449,30270,2022-06-01,Success
33691,903,23697,2023-03-04,Success
2227,2966,32809,2023-04-06,Success
59099,1627,32186,2022-04-19,Success
25722,2384,28757,2023-04-15,Success
39233,1317,30781,2022-04-27,Success
18036,1116,34433,2022-12-10,Success
51072,2436,7710,2023-03-04,Success
45905,2877,9689,2022-11-11,Success
12229,1924,9052,2022-11-04,Success
8418,1078,16484,2022-06-06,Success
59111,1107,8124,2022-10-12,Success
25687,1965,14911,2022-06-02,Success
42329,1229,28751,2022-03-14,Success
7134,1567,27007,2022-09-13,Success
25211,2619,33475,2022-11-14,Success
54603,1901,29097,2022-12-31,Success
27284,2824,32079,2022-11-25,Success
27557,1020,3978,2023-02-25,Success
57645,813,1274,2022-03-25,Rejected by the driver
37443,976,3101,2023-02-09,Success
37937,2687,6478,2022-12-25,Rejected by the driver
7472,1513,34122,2022-11-11,Rejected by the driver
15122,2487,7401,2023-02-08,Cancelled by the passenger
42595,1132,36313,2022-06-19,Success
58417,2627,34447,2022-07-24,Success
49901,972,5642,2022-08-27,Success
27931,253,36477,2022-12-10,Cancelled by the passenger
18299,1105,19276,2023-01-24,Success
30098,1708,24483,2023-03-25,Success
44230,2608,29451,2022-06-10,Success
15573,1410,7702,2023-02-13,Success
15045,1155,35713,2022-10-11,Success
47134,511,27225,2022-05-26,Success
32055,1374,595,2022-10-17,Success
34736,2103,22657,2022-05-01,Cancelled by the passenger
27544,1811,782,2022-08-10,Success
9249,2879,35059,2022-10-30,Success
42161,923,33963,2022-09-28,Success
27733,1975,15126,2022-10-19,Cancelled by the passenger
59025,2214,38343,2022-05-05,Rejected by the driver
23641,2386,20378,2022-12-09,Rejected by the driver
57978,2013,38092,2022-09-13,Success
5638,2476,26955,2023-02-22,Rejected by the driver
27996,1257,11307,2023-03-25,Success
53738,2898,1261,2022-10-06,Success
46263,2782,767,2022-04-09,Success
20078,1073,3748,2022-04-16,Success
4531,1032,18773,2023-03-21,Success
46788,2392,20470,2022-07-20,Success
36942,2719,38754,2023-03-11,Cancelled by the passenger
50367,1655,11945,2022-08-30,Rejected by the driver
14852,49,21737,2022-10-31,Success
8216,2069,33890,2022-07-13,Cancelled by the passenger
31847,2275,25878,2022-12-03,Rejected by the driver
50701,2868,11872,2022-08-25,Success
45877,996,38442,2022-06-14,Rejected by the driver
16878,1427,33388,2022-09-04,Success
16146,366,12385,2022-03-30,Success
20297,902,7681,2022-03-25,Success
48717,1407,26128,2022-05-21,Success
4802,1568,26944,2022-10-24,Success
31463,698,27021,2022-05-13,Cancelled by the passenger
4131,812,16106,2023-03-03,Success
15965,351,33186,2022-07-30,Rejected by the driver
5757,2657,19024,2022-10-23,Success
43833,2902,23519,2022-12-12,Success
48918,2606,24846,2022-10-13,Rejected by the driver
32080,2856,17060,2022-11-02,Rejected by the driver
49863,77,12456,2022-03-12,Cancelled by the passenger
33200,1160,17136,2022-06-20,Success
17562,453,3200,2022-06-05,Success
16262,711,20955,2023-02-12,Success
29947,2436,20341,2022-11-06,Rejected by the driver
33144,278,34700,2022-11-15,Success
46940,384,16214,2023-04-03,Success
30099,2934,30510,2022-06-16,Success
27468,1489,3540,2023-03-24,Rejected by the driver
2990,1165,36823,2023-02-04,Success
37087,692,12823,2023-04-03,Success
24287,936,6618,2022-08-27,Success
15133,2523,29192,2023-01-18,Success
46763,60,26544,2022-08-28,Success
20371,756,11534,2022-04-10,Success
41151,1315,16218,2022-04-30,Success
22375,1934,12478,2022-04-14,Success
12143,1922,89,2022-12-26,Success
59692,1948,15410,2022-04-23,Success
1005,2258,7848,2022-08-14,Cancelled by the passenger
20663,2880,35077,2022-11-20,Success
32797,2905,17319,2022-09-17,Success
35446,983,9759,2023-03-02,Success
3532,576,38875,2022-12-28,Success
39313,55,30652,2022-11-03,Success
8792,1150,38467,2022-09-06,Rejected by the driver
55258,1286,29535,2022-05-04,Cancelled by the passenger
46089,1559,2900,2023-02-14,Success
21486,104,29829,2022-12-02,Success
29513,456,39259,2022-11-28,Success
40290,1367,426,2022-08-05,Rejected by the driver
32606,473,25024,2022-10-21,Cancelled by the passenger
36151,235,37416,2022-05-26,Success
54867,898,28237,2022-08-19,Cancelled by the passenger
52292,104,807,2022-06-01,Rejected by the driver
21676,1245,7975,2022-11-12,Success
22750,2338,12905,2022-12-28,Success
31047,658,38710,2022-05-29,Success
52708,252,6149,2022-05-30,Rejected by the driver
18382,547,29910,2023-01-12,Rejected by the driver
6377,563,25934,2023-01-24,Rejected by the driver
30953,1506,11192,2023-01-22,Success
51759,1729,35540,2023-03-08,Success
31712,97,14561,2022-12-19,Cancelled by the passenger
31411,1628,5089,2023-02-24,Cancelled by the passenger
27183,2532,15947,2023-03-05,Cancelled by the passenger
20041,2135,4987,2022-11-11,Success
35166,157,18620,2023-04-08,Success
23665,2187,38394,2022-12-25,Success
13652,2560,18907,2022-07-13,Success
49828,2119,6284,2023-02-08,Rejected by the driver
2988,2178,17934,2022-03-13,Success
34614,253,9012,2023-03-17,Rejected by the driver
30017,70,15914,2022-09-30,Success
52608,2907,29665,2023-01-07,Rejected by the driver
42528,503,30923,2022-05-23,Success
2456,2199,18592,2023-01-04,Success
14424,1182,17176,2022-10-20,Success
49949,402,19756,2022-12-06,Rejected by the driver
44392,413,10457,2022-08-22,Success
19170,2393,12703,2022-08-01,Success
41472,2197,17715,2022-12-05,Success
16100,933,7845,2022-04-05,Success
55863,1643,10010,2023-03-27,Success
52533,993,17576,2022-08-13,Success
38744,2759,18261,2022-06-26,Cancelled by the passenger
31933,1161,27922,2022-03-17,Success
29251,2027,36635,2022-05-26,Cancelled by the passenger
54661,118,7320,2022-09-04,Rejected by the driver
11566,2747,6353,2022-05-02,Success
34948,442,9214,2023-01-23,Success
47351,1368,35803,2022-09-18,Rejected by the driver
34624,915,16569,2022-04-10,Success
29666,685,23933,2022-10-12,Success
44513,1354,33005,2022-12-03,Rejected by the driver
42452,2273,421,2022-04-01,Success
8538,497,4232,2022-10-28,Success
37884,2708,31481,2022-11-05,Success
53342,1278,652,2022-06-19,Success
59351,628,15825,2022-07-05,Success
8697,1957,27703,2023-03-02,Success
40534,1822,27558,2022-07-18,Rejected by the driver
31444,976,32360,2022-09-27,Success
53678,614,13346,2023-04-05,Rejected by the driver
34471,2668,20840,2022-09-12,Cancelled by the passenger
28975,770,39595,2022-08-14,Success
10256,2864,32099,2022-12-07,Success
6734,2235,19210,2023-03-02,Success
21303,2421,32400,2022-06-01,Success
22733,780,16391,2022-08-31,Success
6148,1931,37413,2022-11-15,Rejected by the driver
29782,1509,14522,2022-06-01,Success
49079,744,38399,2022-11-07,Success
48227,2157,24721,2022-11-13,Success
13418,832,7722,2023-04-07,Rejected by the driver
14886,727,15874,2022-12-05,Success
27394,2105,38807,2022-03-25,Rejected by the driver
52524,169,7606,2022-10-05,Success
5915,1482,20847,2022-10-29,Success
48286,52,8272,2022-04-17,Success
48614,350,12752,2023-03-07,Success
44872,2970,4151,2022-09-10,Success
18802,1732,32583,2022-12-07,Rejected by the driver
32597,1078,3828,2022-09-29,Success
50363,642,30235,2022-12-02,Success
37852,2384,29956,2022-04-04,Rejected by the driver
39771,564,30742,2023-01-04,Success
17073,49,15296,2022-12-04,Success
55362,1735,19405,2022-09-12,Success
46202,2754,16239,2022-05-26,Rejected by the driver
32865,1953,30217,2022-04-09,Success
299,1876,12514,2022-04-11,Success
18624,753,4574,2023-01-12,Success
402,955,1668,2022-11-04,Rejected by the driver
11452,1597,30417,2023-02-04,Success
58007,111,30501,2023-01-26,Success
57449,340,31247,2022-07-18,Success
30076,581,13193,2022-12-10,Success
16858,1770,37160,2022-06-01,Success
55530,1574,4797,2022-09-18,Success
7538,99,9231,2022-05-17,Rejected by the driver
8993,760,8810,2022-07-08,Success
46693,1767,11453,2022-12-12,Success
7337,213,25195,2023-01-31,Success
12327,281,22367,2023-01-22,Success
30544,741,34524,2022-07-17,Success
51886,2198,3083,2023-02-10,Rejected by the driver
2072,1791,3868,2022-12-27,Success
12339,1630,2846,2023-03-30,Success
2027,1503,32294,2022-04-14,Success
34970,2691,16680,2022-10-06,Success
32439,618,26967,2023-03-23,Success
1009,2862,10190,2022-12-16,Success
52700,2209,18091,2022-10-12,Success
36978,1431,37446,2023-02-15,Rejected by the driver
2935,1381,26292,2022-12-22,Rejected by the driver
54363,990,12533,2022-10-17,Cancelled by the passenger
27537,719,21309,2022-10-30,Success
2097,935,18773,2022-11-25,Success
5571,2720,37307,2022-08-13,Success
23058,2893,11844,2023-03-31,Cancelled by the passenger
42453,2655,27227,2023-03-16,Success
12636,1611,33342,2022-09-12,Rejected by the driver
52178,1727,23968,2023-01-18,Cancelled by the passenger
55538,1580,38415,2022-06-15,Success
9759,904,36294,2022-09-08,Success
46054,2646,13734,2022-03-26,Success
57209,1053,20391,2022-05-19,Rejected by the driver
19833,1634,21813,2022-11-01,Rejected by the driver
22527,2305,36832,2022-09-05,Cancelled by the passenger
14398,1368,28421,2022-08-31,Success
12164,2470,17245,2023-01-04,Success
30686,545,5751,2022-11-20,Success
16816,1534,33944,2022-07-06,Success
15255,593,2276,2022-04-26,Rejected by the driver
14006,443,1417,2023-01-01,Success
9022,800,33771,2022-04-19,Success
44391,683,38192,2023-04-09,Success
1205,2768,23785,2022-11-20,Success
33929,2754,30361,2022-05-12,Success
46741,721,17648,2022-04-16,Success
36503,2976,15223,2023-03-11,Success
9911,1616,24280,2022-08-08,Cancelled by the passenger
45541,2264,384,2022-11-06,Success
8026,134,16771,2023-01-19,Success
17021,2665,27148,2022-03-14,Success
43566,1031,4022,2022-11-13,Success
50274,1026,21936,2022-11-29,Success
47586,2325,39572,2023-04-09,Cancelled by the passenger
43242,2426,25496,2023-02-08,Success
23974,2841,7365,2022-07-05,Success
45476,1971,3890,2022-09-20,Success
10003,1890,1483,2022-06-22,Success
56331,1830,10637,2022-10-04,Success
49629,774,28297,2023-02-03,Success
22818,214,22431,2023-03-16,Success
16900,1275,1996,2022-09-09,Cancelled by the passenger
21811,998,14831,2022-04-22,Success
47801,314,37346,2022-08-07,Success
10227,1284,8669,2023-01-02,Success
8344,2793,19248,2022-08-08,Success
58375,2602,33350,2022-05-06,Success
8617,864,38347,2022-12-05,Success
52709,918,10568,2023-03-04,Rejected by the driver
34257,283,30252,2022-12-05,Cancelled by the passenger
19468,1436,37350,2023-01-21,Rejected by the driver
226,555,29267,2023-03-17,Success
49134,814,33696,2023-02-05,Success
57064,727,19801,2022-10-14,Success
38103,2294,21895,2022-11-05,Success
5509,912,37247,2022-04-16,Success
38672,2420,1999,2022-09-02,Success
52655,654,26138,2022-09-26,Success
24458,568,6378,2022-06-27,Success
29861,2671,34834,2022-03-14,Success
18498,1177,27293,2022-08-10,Success
50133,1428,21182,2023-03-26,Success
33467,1820,22320,2023-04-03,Success
23853,2715,5117,2022-05-26,Success
23505,950,2711,2022-12-08,Success
59390,2646,27669,2022-06-15,Success
26644,693,19595,2022-05-03,Success
12136,475,25014,2022-05-18,Success
15956,2209,4073,2022-12-22,Success
18741,1957,9199,2022-03-26,Success
17603,1677,31348,2022-09-12,Success
22692,984,29414,2023-03-11,Cancelled by the passenger
18236,2596,12954,2023-03-20,Success
42925,2695,18092,2023-02-26,Success
31791,259,20061,2022-10-04,Success
32087,2326,2392,2023-03-31,Success
22303,2635,16571,2022-09-22,Success
45156,1635,2758,2023-02-13,Success
25079,2575,36424,2022-08-19,Rejected by the driver
53407,2992,2198,2022-11-04,Success
22112,465,37278,2022-11-06,Success
32276,1734,8013,2022-10-27,Rejected by the driver
34427,1161,14476,2022-10-12,Cancelled by the passenger
18618,2571,24671,2023-04-12,Success
10339,1928,2986,2022-09-10,Success
9332,2208,6188,2022-04-02,Success
16638,1692,14333,2022-10-04,Success
13608,676,21404,2023-03-25,Success
45208,468,12466,2022-07-11,Success
42138,2481,38040,2023-01-20,Rejected by the driver
1547,1395,26056,2022-10-14,Success
22899,312,5311,2022-05-17,Cancelled by the passenger
56449,2022,27795,2022-07-15,Success
25172,155,35055,2023-01-17,Success
25628,1178,20284,2023-04-12,Cancelled by the passenger
38106,1052,20532,2022-11-29,Success
51277,411,21673,2022-11-18,Rejected by the driver
27545,1271,4379,2022-03-26,Success
21590,1184,24699,2022-09-21,Success
2578,2019,25764,2022-08-11,Success
5841,528,25353,2022-05-16,Success
20033,1716,25116,2022-04-19,Success
52401,1121,27564,2022-03-28,Success
57517,2088,3558,2022-12-25,Rejected by the driver
22365,440,13935,2022-05-11,Success
2532,2781,31577,2023-01-08,Cancelled by the passenger
46898,1710,31605,2023-03-16,Success
39182,2812,15908,2022-10-03,Rejected by the driver
54802,1331,15115,2022-12-03,Success
3872,1313,33350,2022-04-17,Success
14507,1933,12407,2022-10-15,Success
56922,2725,36600,2022-12-30,Success
18649,2430,15579,2022-07-02,Cancelled by the passenger
38181,564,23952,2022-05-27,Success
42358,2533,32512,2023-04-09,Success
4731,2362,9763,2022-06-19,Success
45204,2806,17384,2022-03-25,Cancelled by the passenger
47057,1101,19014,2023-01-14,Success
13454,146,3556,2022-09-17,Success
11320,952,7778,2022-07-29,Success
30928,1028,3407,2022-04-25,Success
15505,1240,2728,2023-03-13,Rejected by the driver
37718,102,4316,2023-02-28,Success
41654,366,38720,2022-05-03,Success
3493,765,21973,2023-04-02,Success
57344,1551,22597,2023-03-02,Success
53474,1680,29901,2022-10-01,Success
20321,503,37825,2022-05-13,Rejected by the driver
5065,2453,9959,2022-06-12,Success
28725,1270,37120,2022-12-27,Success
25980,294,23478,2023-03-22,Cancelled by the passenger
22952,1907,3887,2022-12-18,Success
54705,497,29782,2023-02-06,Success
16057,2864,31049,2022-09-27,Success
38928,149,8270,2022-11-03,Success
40209,30,1790,2022-06-09,Rejected by the driver
10730,651,33907,2023-03-12,Rejected by the driver
11937,38,39828,2022-05-21,Success
47085,2675,34323,2022-09-11,Success
56443,1719,9373,2023-03-02,Rejected by the driver
23405,2482,19119,2022-09-13,Rejected by the driver
13960,125,24015,2022-04-22,Success
54105,2903,25195,2022-08-27,Success
25025,2259,31542,2022-04-26,Rejected by the driver
47300,854,840,2022-05-11,Success
22036,2099,29207,2023-03-02,Success
10189,2108,12262,2022-09-25,Success
56942,2624,39386,2022-04-29,Success
22966,659,6900,2022-08-29,Cancelled by the passenger
7932,1835,26742,2023-03-15,Success
48668,2441,34300,2022-06-14,Success
15119,1506,12303,2022-06-20,Success
27135,1955,831,2022-06-01,Success
38488,2411,24681,2022-09-27,Rejected by the driver
41562,2126,30164,2022-11-17,Success
49761,256,39903,2022-12-01,Success
51078,2503,4873,2022-03-30,Cancelled by the passenger
19810,542,14405,2022-04-29,Success
33177,2664,12,2022-06-30,Success
26448,1826,29479,2022-06-30,Success
49902,1938,2344,2022-12-27,Cancelled by the passenger
59107,1798,30772,2022-03-18,Success
1396,1919,34051,2022-05-05,Success
9485,1800,19977,2022-03-20,Success
13285,115,19521,2023-02-03,Success
472,1606,34549,2022-05-01,Success
14322,180,21320,2022-09-07,Success
28757,1271,39133,2022-06-04,Rejected by the driver
30477,203,22525,2022-05-06,Rejected by the driver
35241,2719,8883,2023-01-08,Rejected by the driver
29958,339,13632,2023-03-08,Success
19564,2851,12912,2022-11-23,Success
57459,421,5471,2022-11-08,Success
13831,1373,25297,2022-04-14,Success
16012,1658,23477,2023-03-24,Success
45593,226,10081,2022-10-03,Rejected by the driver
548,849,14617,2022-07-21,Rejected by the driver
50119,2351,25192,2022-10-08,Success
41574,2432,37897,2022-05-10,Success
12664,1159,14247,2022-03-17,Rejected by the driver
43489,1555,2695,2023-01-30,Success
6110,2706,36621,2022-07-05,Rejected by the driver
44857,515,16328,2022-03-21,Success
50563,910,15573,2023-03-04,Success
41731,1579,31179,2023-03-08,Cancelled by the passenger
58336,1034,11221,2023-02-08,Success
59848,1840,6461,2022-04-27,Success
9315,223,23063,2023-01-15,Success
329,1989,16041,2022-04-30,Success
31304,1491,36037,2022-08-19,Cancelled by the passenger
7767,1509,9300,2022-04-06,Success
55904,1667,29230,2022-03-15,Success
15786,850,23018,2023-04-15,Cancelled by the passenger
49802,1326,8593,2022-11-18,Success
33378,359,1036,2022-12-03,Rejected by the driver
692,124,31564,2022-06-27,Success
26681,1034,25695,2023-03-10,Success
21561,1351,29753,2022-05-22,Success
18334,1055,19463,2022-03-24,Success
43850,1219,7039,2022-06-10,Rejected by the driver
8500,342,26416,2022-05-30,Success
42614,2517,6472,2022-11-08,Rejected by the driver
14669,1175,11297,2022-05-07,Success
3194,2534,10534,2023-01-03,Success
28645,940,19250,2023-03-28,Success
30097,1177,7164,2023-03-09,Rejected by the driver
58453,2379,5314,2022-05-10,Success
10500,199,13950,2022-04-16,Success
54416,2739,17029,2022-09-17,Success
39919,1070,24464,2023-04-05,Success
54546,2875,345,2022-04-20,Rejected by the driver
1270,144,8540,2023-03-24,Success
11322,1614,7362,2022-04-28,Success
28118,2577,31727,2023-01-31,Success
33314,1614,2392,2022-06-16,Cancelled by the passenger
4618,2160,36264,2022-04-10,Success
48669,1399,14932,2022-08-04,Success
12082,2231,6047,2022-10-21,Success
53605,1094,37366,2023-03-01,Cancelled by the passenger
59286,1052,18602,2022-04-09,Success
55492,2436,21703,2023-01-05,Success
25373,479,32573,2022-11-14,Success
18592,311,14487,2022-06-18,Success
31176,807,7900,2023-02-02,Success
59259,2108,34235,2022-03-20,Rejected by the driver
47389,2386,27868,2022-10-23,Success
36529,2757,27676,2022-06-01,Rejected by the driver
14598,2165,13831,2023-04-07,Rejected by the driver
32051,2202,38527,2022-06-06,Success
5866,1399,30364,2022-10-08,Success
33470,1218,18616,2022-11-30,Success
35629,2959,19232,2022-10-30,Success
42867,1537,4914,2022-12-24,Success
21919,733,21134,2022-11-29,Success
52022,1492,12251,2022-10-22,Cancelled by the passenger
26113,1797,6058,2023-04-07,Success
31334,119,22009,2022-10-15,Success
26284,379,16504,2022-12-09,Success
57008,1478,17077,2022-07-13,Rejected by the driver
11949,1839,8405,2022-11-15,Success
4570,2613,2468,2022-09-19,Success
30939,2176,33346,2023-01-07,Success
6209,468,1458,2023-01-08,Rejected by the driver
1508,1580,29102,2023-01-29,Rejected by the driver
56024,2785,33378,2022-09-30,Success
9484,2489,11584,2022-08-23,Success
43128,385,10439,2022-07-07,Success
47845,2535,30166,2022-05-16,Success
25280,1805,32071,2022-06-06,Success
19406,1020,33490,2022-08-30,Rejected by the driver
59983,2758,33941,2022-12-09,Success
26509,2089,12319,2022-11-21,Rejected by the driver
23269,865,22746,2022-03-28,Success
52244,23,24294,2022-11-10,Success
42786,155,17567,2022-04-01,Success
50171,1633,8686,2022-11-21,Cancelled by the passenger
30157,2065,31819,2023-02-04,Rejected by the driver
44210,362,4738,2022-12-12,Success
40388,2713,9355,2022-11-22,Success
45024,617,31762,2023-01-11,Success
48578,2474,32037,2022-12-13,Rejected by the driver
38650,864,38313,2022-12-05,Success
53429,2057,23940,2023-02-11,Success
14000,841,25685,2022-06-12,Success
6918,84,11207,2022-06-02,Cancelled by the passenger
48209,1491,19816,2022-08-06,Success
24775,2061,26531,2022-09-04,Cancelled by the passenger
43607,1359,33232,2023-04-15,Success
3411,2654,6116,2022-06-10,Success
15090,2854,33984,2022-04-02,Success
38279,2820,27588,2023-03-22,Rejected by the driver
54759,1877,15581,2023-01-27,Cancelled by the passenger
9044,2980,19662,2022-09-02,Success
31594,2604,22379,2022-05-24,Success
11254,194,1569,2022-10-26,Success
30869,2778,39624,2022-07-17,Success
44416,1591,11565,2023-04-14,Rejected by the driver
54734,396,3475,2022-09-16,Success
11141,933,3779,2022-07-06,Success
28266,2900,34081,2022-10-25,Rejected by the driver
26871,1731,25730,2022-03-30,Cancelled by the passenger
21096,2406,39828,2023-02-13,Success
17993,2295,30555,2022-10-26,Cancelled by the passenger
30872,1805,10870,2022-04-18,Rejected by the driver
20150,872,17591,2023-03-18,Success
42116,152,8510,2022-03-21,Cancelled by the passenger
28748,1409,24160,2022-07-31,Success
39776,208,34201,2022-05-15,Success
42019,2235,8937,2022-05-20,Success
40523,2956,29698,2023-02-03,Success
12051,1228,28930,2022-08-18,Success
48295,377,3172,2022-10-20,Success
24813,4,12193,2022-03-17,Success
40625,1877,20344,2022-10-29,Success
3001,126,24097,2022-07-04,Success
24530,676,39529,2023-02-01,Success
21890,2612,18603,2022-05-31,Success
7384,1050,4467,2022-09-20,Success
41297,2403,28136,2023-01-29,Success
13592,628,3212,2022-06-12,Success
10477,1999,15124,2022-04-29,Success
9953,728,9178,2022-07-12,Success
24570,481,35387,2023-03-09,Success
11362,2970,5135,2023-03-10,Success
23933,852,27592,2022-05-25,Success
41711,1014,4120,2022-03-17,Success
22304,2508,13188,2022-07-05,Success
4844,1990,32196,2022-06-22,Success
10636,207,33878,2023-02-23,Cancelled by the passenger
6233,580,39322,2022-03-29,Cancelled by the passenger
43348,1389,22047,2022-08-01,Success
7842,767,32139,2022-10-26,Success
28301,2855,5646,2022-04-29,Success
19751,2761,24357,2022-05-30,Success
22339,1282,29100,2022-07-02,Success
50066,1733,24029,2022-08-30,Rejected by the driver
5534,2815,23026,2023-03-25,Rejected by the driver
50172,1351,24064,2022-06-10,Cancelled by the passenger
57054,1775,18070,2023-04-08,Success
14199,1760,28079,2022-05-08,Cancelled by the passenger
5363,2108,7010,2022-12-30,Success
59861,446,39373,2022-09-09,Success
48028,309,498,2023-02-13,Success
25191,604,13599,2022-05-12,Cancelled by the passenger
13327,1189,14112,2022-03-30,Success
15485,130,6881,2022-04-08,Cancelled by the passenger
59363,388,310,2023-03-18,Success
26319,2026,4077,2022-11-11,Success
17261,2931,18034,2022-05-07,Success
13042,2937,36815,2023-01-04,Success
27620,904,14082,2022-11-05,Success
34730,1501,10977,2022-06-15,Success
33646,2691,10050,2022-06-06,Success
1344,59,2971,2022-03-16,Success
34068,656,10325,2023-02-08,Rejected by the driver
22613,1565,13974,2022-06-07,Cancelled by the passenger
21781,1890,39481,2023-03-25,Success
26124,1642,24230,2022-12-13,Cancelled by the passenger
4210,690,33969,2022-11-08,Success
37236,1795,31131,2022-09-20,Success
14177,929,32718,2023-01-30,Success
27553,2755,17381,2022-04-19,Success
17548,341,20044,2022-06-14,Success
33319,91,18863,2023-01-18,Success
25928,1349,30316,2023-01-05,Success
52706,671,38487,2022-11-20,Success
6243,237,34331,2022-07-18,Success
21257,499,37578,2023-01-21,Success
1928,353,23979,2022-07-20,Success
12332,2505,256,2022-11-20,Cancelled by the passenger
12183,1238,36595,2022-12-24,Rejected by the driver
37900,2628,25602,2022-12-05,Success
39125,1112,15872,2022-09-27,Success
51348,198,31409,2022-12-19,Success
40113,1985,30631,2022-04-11,Success
48583,2127,33369,2023-03-06,Success
37674,2754,20155,2022-04-26,Success
51473,1638,29608,2022-03-20,Success
49545,2803,38510,2022-09-04,Success
26328,743,35707,2022-07-18,Success
48952,48,20446,2022-05-08,Success
2397,333,20449,2022-09-10,Success
49628,429,8594,2022-11-24,Success
57255,962,2857,2022-07-26,Success
58678,2068,16896,2023-02-10,Cancelled by the passenger
43884,2374,32897,2022-03-19,Success
8984,2560,24404,2022-04-14,Success
9037,1257,32519,2022-10-31,Rejected by the driver
34496,2376,14666,2022-11-22,Success
59813,1451,18166,2022-06-10,Success
25355,1886,29887,2022-08-14,Success
38455,1285,262,2022-10-11,Success
27932,2820,9026,2022-04-02,Success
15095,1708,21794,2022-08-10,Success
34479,135,23362,2022-11-24,Success
41461,2520,25879,2022-06-18,Success
18731,1029,24043,2023-03-31,Cancelled by the passenger
4002,1115,26023,2022-07-06,Success
32149,1416,24482,2023-04-04,Success
52128,2979,17876,2022-06-10,Success
10116,2493,24148,2022-10-07,Rejected by the driver
59456,1352,32284,2022-03-15,Success
34916,1270,27312,2023-01-16,Success
23817,2350,32945,2023-03-07,Success
8595,2739,22661,2023-03-27,Rejected by the driver
27232,2595,18792,2023-02-08,Success
12537,1519,9249,2022-03-27,Rejected by the driver
11731,2207,38877,2023-04-11,Success
22234,2969,30096,2022-03-17,Success
38280,2950,27166,2022-05-13,Success
42967,2341,20036,2023-02-18,Success
11901,731,34445,2022-12-07,Success
59443,1110,3037,2023-03-02,Success
43201,560,31533,2022-08-14,Success
21439,2806,2784,2023-02-10,Success
26394,1888,7272,2023-02-19,Cancelled by the passenger
17407,1337,21686,2023-01-11,Rejected by the driver
5277,2134,28813,2022-08-28,Success
31588,1172,39845,2023-03-17,Success
33361,462,36454,2022-06-26,Success
39177,2959,17337,2023-03-10,Success
10604,2607,28089,2023-01-18,Cancelled by the passenger
45511,2286,21212,2022-11-07,Rejected by the driver
40005,182,8093,2022-12-12,Success
54490,2805,29101,2023-01-05,Success
46443,2169,16969,2022-03-27,Success
34456,2484,18256,2022-05-03,Success
21995,2116,18012,2022-11-17,Cancelled by the passenger
18795,1894,33747,2023-03-15,Success
55085,1760,22807,2022-08-12,Success
46167,2941,37940,2022-12-19,Rejected by the driver
9990,327,8513,2023-01-18,Success
39038,2545,7417,2022-06-30,Success
23755,303,15979,2022-11-17,Success
29281,2114,39169,2023-01-25,Success
36855,2559,21734,2023-02-05,Cancelled by the passenger
26281,691,37602,2022-04-02,Success
11953,1620,4825,2022-04-30,Rejected by the driver
47478,90,25847,2022-10-12,Success
1286,936,9783,2022-04-15,Success
18959,1817,8042,2023-01-04,Success
18775,2604,34338,2022-12-01,Success
22077,2707,28747,2022-04-26,Cancelled by the passenger
21398,1994,13156,2022-04-04,Cancelled by the passenger
47889,2986,14821,2022-03-18,Success
32725,2147,7911,2022-04-30,Cancelled by the passenger
5477,655,4988,2022-03-13,Cancelled by the passenger
41354,665,14026,2022-12-10,Success
19490,2502,35854,2023-01-14,Success
401,2884,16540,2022-05-10,Success
19624,1589,8847,2023-01-06,Success
31432,2855,8306,2022-04-21,Cancelled by the passenger
58658,2348,19753,2023-01-03,Success
22987,2013,25731,2023-04-10,Success
56937,1399,24391,2023-02-13,Rejected by the driver
23369,1275,7146,2022-05-15,Rejected by the driver
51312,1989,12916,2022-09-06,Success
5116,444,24623,2022-08-07,Rejected by the driver
7592,930,14599,2023-02-01,Success
17982,2374,729,2022-07-01,Success
7339,398,30268,2022-08-10,Cancelled by the passenger
4059,2333,36599,2022-10-22,Success
52130,2027,10566,2022-11-02,Success
40160,2173,30973,2022-10-28,Success
50475,1473,2646,2022-03-18,Success
21632,1103,20231,2022-04-28,Success
9407,73,4831,2022-08-21,Success
33076,1034,22198,2022-04-22,Success
14227,2931,21041,2022-10-02,Success
1649,543,16003,2023-03-31,Success
41041,583,1799,2022-07-05,Success
43903,1013,9093,2022-07-13,Cancelled by the passenger
42802,1785,9255,2022-09-09,Cancelled by the passenger
51225,1888,29076,2023-01-01,Rejected by the driver
52234,213,26081,2022-09-04,Success
32448,2593,34268,2022-03-28,Success
38191,411,38542,2022-06-01,Success
58905,148,32848,2022-06-23,Success
56827,2689,33353,2022-12-19,Rejected by the driver
23064,2374,10852,2022-04-03,Success
13569,2116,10993,2022-10-25,Success
29333,701,17516,2023-01-11,Rejected by the driver
23542,566,36652,2022-04-23,Rejected by the driver
41456,2620,12194,2022-03-12,Success
3249,1976,37137,2022-12-30,Rejected by the driver
46696,2243,23719,2022-04-24,Success
53876,1568,11854,2022-09-26,Success
59462,2079,1485,2022-06-10,Success
26280,219,35971,2023-03-24,Success
44085,947,14828,2022-03-13,Success
49464,2584,25282,2023-02-22,Success
25627,2098,33634,2022-08-31,Cancelled by the passenger
37605,1420,35592,2022-04-14,Success
576,2434,14572,2022-11-13,Cancelled by the passenger
11130,1329,15076,2023-03-24,Success
16831,2926,8518,2022-10-01,Rejected by the driver
37650,2581,841,2022-11-19,Success
32623,2222,29983,2022-08-25,Cancelled by the passenger
23093,1863,32034,2022-04-11,Rejected by the driver
23669,370,25605,2022-10-10,Success
46957,2177,25103,2022-11-16,Success
25365,2745,20470,2022-03-30,Success
43573,1041,25510,2022-07-26,Success
1083,2902,15323,2022-11-26,Rejected by the driver
9459,67,22633,2023-02-20,Success
53301,683,3661,2023-01-08,Success
2956,1259,23835,2022-05-13,Success
37216,2482,13456,2022-03-28,Success
30652,2000,18812,2022-12-16,Success
6926,1457,26713,2022-09-16,Success
20651,620,31971,2022-04-09,Success
27050,206,8859,2022-08-20,Cancelled by the passenger
46880,338,12222,2022-07-30,Success
9336,2756,18276,2022-05-13,Cancelled by the passenger
46899,2078,32962,2023-03-18,Cancelled by the passenger
7544,673,13096,2022-09-20,Success
8133,1865,8035,2022-07-09,Success
18992,2394,6605,2022-05-05,Success
43234,1777,26826,2022-06-04,Success
53072,670,31192,2022-10-21,Success
17127,1632,22098,2023-03-21,Success
13053,713,17722,2023-01-22,Rejected by the driver
1640,542,20246,2022-06-21,Success
8078,2636,29643,2023-02-21,Success
40181,1451,11164,2022-11-25,Success
13346,1426,29218,2023-03-19,Success
36368,2232,36612,2023-01-08,Success
20530,87,14101,2022-08-06,Success
25186,1518,9938,2023-02-05,Rejected by the driver
50937,1593,4973,2022-09-06,Success
56520,1598,23093,2023-02-04,Success
20323,218,27751,2022-04-13,Success
33248,1069,20073,2023-01-10,Success
36338,1708,26251,2022-04-18,Cancelled by the passenger
16424,2797,30508,2022-10-21,Success
27233,926,35135,2022-07-26,Success
28191,2851,17735,2023-01-28,Rejected by the driver
23804,2918,9137,2022-07-10,Rejected by the driver
14014,1662,846,2022-10-09,Success
5120,1435,9774,2022-09-03,Success
55556,2606,35126,2023-04-13,Success
18612,2698,9339,2023-03-04,Success
11669,1717,38836,2022-07-30,Success
17339,2060,39769,2022-06-28,Rejected by the driver
4636,75,25168,2022-12-01,Success
19505,1372,25792,2023-03-01,Success
13534,898,532,2022-08-17,Cancelled by the passenger
29190,937,24414,2023-02-16,Success
56091,885,1930,2022-10-29,Success
13301,2518,32459,2022-09-14,Success
12634,828,27639,2022-12-30,Success
51342,1731,20705,2022-03-18,Rejected by the driver
21444,15,23807,2022-04-29,Rejected by the driver
56869,2435,24528,2023-03-19,Rejected by the driver
4744,589,26879,2022-07-27,Success
43969,2396,13380,2022-12-04,Success
39904,617,17388,2023-01-05,Success
17396,1327,3905,2022-11-16,Success
18991,256,3398,2022-09-14,Success
15935,1354,36725,2022-09-15,Success
24099,352,35949,2022-05-30,Success
6481,803,3542,2022-09-28,Cancelled by the passenger
5064,2160,6900,2022-08-05,Success
55216,466,5186,2022-05-20,Rejected by the driver
26760,2734,31404,2022-07-28,Success
36446,663,8344,2023-02-10,Success
59065,2278,30682,2022-09-21,Cancelled by the passenger
56123,732,11211,2023-02-26,Rejected by the driver
54827,1634,17059,2022-04-03,Cancelled by the passenger
40993,774,20128,2022-12-14,Rejected by the driver
29239,575,7544,2023-03-29,Success
44187,2318,19761,2022-09-22,Cancelled by the passenger
39896,2214,14293,2022-10-15,Success
33527,1622,9923,2022-07-25,Success
52956,1843,20601,2022-12-10,Success
37401,2065,12743,2023-03-22,Success
52719,382,37926,2022-06-14,Rejected by the driver
52985,2064,25015,2022-11-26,Success
28499,909,11264,2022-04-21,Success
21833,2609,3629,2023-02-10,Success
55504,1308,35264,2022-04-25,Success
442,460,33396,2022-11-07,Success
29922,1257,6900,2023-03-10,Success
20087,731,12535,2022-11-18,Success
54912,1891,38963,2023-01-19,Cancelled by the passenger
18507,1398,17162,2022-07-18,Success
15796,1917,37083,2022-03-28,Success
54758,184,29138,2022-07-28,Success
50138,7,29980,2022-05-21,Success
41808,2387,3780,2022-09-16,Success
25403,1989,8034,2022-06-10,Cancelled by the passenger
20974,641,18951,2022-05-14,Success
8268,159,4639,2022-10-24,Success
17635,329,689,2022-04-08,Cancelled by the passenger
49172,1585,22009,2022-12-23,Success
39158,2232,32858,2022-10-03,Success
28793,678,33211,2023-04-14,Success
20841,1512,27849,2022-09-11,Success
45711,491,17567,2022-11-09,Success
4236,1518,24604,2022-08-18,Rejected by the driver
11416,1146,12115,2023-04-06,Success
39248,177,420,2022-03-26,Success
43626,860,37554,2022-11-23,Rejected by the driver
37684,941,27314,2023-04-02,Rejected by the driver
17020,2291,25694,2022-12-05,Success
44231,725,16441,2022-05-04,Success
21193,2247,7785,2022-10-17,Success
30077,1401,26022,2022-05-15,Success
26245,121,36974,2023-02-06,Success
21157,876,13979,2022-05-04,Success
50721,128,25889,2023-03-25,Success
8528,2494,20677,2022-12-22,Success
38881,744,35652,2023-04-13,Success
40495,714,22483,2022-05-04,Success
23556,1409,17872,2022-07-06,Success
22809,1255,1512,2022-11-21,Success
40572,376,15676,2023-04-05,Rejected by the driver
29267,33,12974,2022-05-26,Success
42525,2742,17381,2022-09-10,Success
38950,360,20921,2023-03-15,Success
43902,860,17294,2023-03-28,Success
40687,2977,13931,2023-01-13,Success
21316,1163,12589,2022-11-07,Success
34836,1502,13258,2022-06-11,Success
51266,2124,39236,2022-12-27,Success
49077,212,35671,2022-10-12,Success
40062,2408,19899,2022-11-27,Rejected by the driver
8074,725,24430,2023-02-24,Rejected by the driver
42679,7,17089,2022-08-24,Success
35425,168,39334,2022-03-12,Rejected by the driver
41455,558,51,2022-09-19,Success
23474,2139,21459,2022-09-04,Success
10026,1747,20473,2022-04-14,Success
21820,1602,4381,2022-04-19,Success
18378,884,26042,2023-02-03,Rejected by the driver
53109,2018,4284,2022-07-01,Success
56636,1474,25699,2022-05-19,Success
33027,1253,18999,2023-03-08,Success
53271,947,12713,2022-08-30,Success
701,1380,24566,2022-04-05,Cancelled by the passenger
31012,1986,9082,2022-09-25,Cancelled by the passenger
47380,492,38829,2022-12-07,Success
36655,1048,36739,2022-05-05,Success
13775,158,5602,2022-07-06,Cancelled by the passenger
49331,1760,22475,2022-06-21,Success
22428,3000,32786,2022-05-24,Cancelled by the passenger
46701,1642,22635,2022-10-16,Success
35264,962,15811,2022-03-19,Success
4679,2715,1678,2022-03-27,Success
44238,2587,27780,2022-11-12,Success
37308,2457,39461,2022-06-15,Success
3230,1145,27437,2023-01-11,Rejected by the driver
47840,265,16124,2022-04-19,Rejected by the driver
31276,622,34967,2022-12-23,Success
58017,2073,39579,2022-08-23,Success
17560,391,20460,2023-04-10,Success
804,1391,13093,2022-11-01,Cancelled by the passenger
48587,199,17870,2022-12-24,Cancelled by the passenger
20357,2811,20649,2022-10-27,Success
16602,1636,20673,2022-10-11,Success
21478,1489,29876,2023-01-26,Success
8101,1263,28388,2023-02-11,Cancelled by the passenger
2679,1573,16695,2022-07-27,Success
1064,1334,16694,2022-09-30,Rejected by the driver
33794,2558,161,2022-04-27,Success
1438,2443,14700,2022-06-11,Success
57479,2027,37626,2022-09-07,Success
34658,550,17155,2022-08-21,Success
31468,1873,22007,2023-04-03,Success
48750,2042,30650,2022-12-03,Success
55605,739,13589,2023-02-22,Rejected by the driver
52239,2999,31988,2022-07-29,Success
5566,451,2971,2022-10-25,Success
35803,2572,31156,2022-04-13,Cancelled by the passenger
38602,129,39915,2022-09-14,Success
52897,689,36745,2023-03-30,Success
55604,2532,6309,2022-05-02,Success
55179,1233,27425,2022-05-14,Success
8000,1979,26279,2022-05-07,Success
8972,2276,36506,2023-01-18,Rejected by the driver
29692,1270,2030,2023-03-23,Rejected by the driver
11099,151,718,2023-03-02,Cancelled by the passenger
9780,12,10606,2022-10-06,Cancelled by the passenger
10722,585,21277,2022-11-27,Success
36327,664,24446,2022-07-17,Success
57022,955,29457,2022-05-05,Rejected by the driver
6151,1405,35489,2022-06-09,Success
12930,743,166,2022-11-25,Success
25514,1750,35237,2022-10-30,Success
31019,1927,9973,2022-04-08,Rejected by the driver
30902,544,33292,2022-09-14,Cancelled by the passenger
9029,156,30973,2022-11-03,Rejected by the driver
50511,1687,29442,2022-07-25,Success
44317,2779,2778,2022-04-27,Success
19037,2692,34874,2022-05-17,Success
38204,1508,34803,2022-05-18,Success
44051,2228,31558,2022-10-25,Success
42531,977,13633,2022-08-20,Success
50019,146,11251,2023-04-02,Rejected by the driver
1947,2165,25419,2022-06-14,Success
10592,2396,13003,2022-12-29,Success
24691,871,14728,2023-01-22,Success
27896,1006,12666,2022-03-29,Success
34650,1449,23833,2022-06-17,Rejected by the driver
57153,1984,29951,2022-10-10,Success
53090,1156,14290,2023-01-23,Success
6736,1583,29988,2023-02-06,Rejected by the driver
22256,1184,17396,2022-11-12,Success
46542,397,7231,2022-07-09,Cancelled by the passenger
35790,2429,19963,2022-03-23,Success
41473,1880,7933,2023-01-05,Success
8490,2813,1295,2022-03-17,Success
51839,2076,4502,2022-07-29,Success
34732,122,17090,2023-01-20,Success
39286,2751,38249,2023-04-04,Success
42140,1646,28330,2022-06-03,Success
9424,691,27360,2022-05-29,Success
9641,1989,35665,2022-11-25,Success
15950,1073,26482,2022-10-30,Cancelled by the passenger
8136,2377,30767,2022-06-08,Success
55423,1343,3553,2023-01-19,Success
33547,2302,24664,2023-02-11,Success
20388,605,23571,2023-03-14,Cancelled by the passenger
48445,177,35345,2023-04-07,Success
56889,2071,19664,2022-05-15,Success
10981,1137,26731,2022-09-24,Success
43315,2913,35455,2022-05-06,Success
9577,2106,25525,2023-03-14,Success
18011,1828,35023,2022-05-26,Success
52172,1620,35765,2022-08-31,Success
8867,1675,10009,2022-08-31,Success
49976,1635,4757,2022-06-26,Success
51314,653,33871,2022-04-01,Success
20226,181,17528,2022-11-10,Cancelled by the passenger
28419,2999,37955,2023-02-07,Success
58955,209,29572,2022-04-17,Success
32505,2399,8170,2022-04-01,Rejected by the driver
35695,1693,34562,2023-03-30,Rejected by the driver
35407,1716,32410,2022-04-09,Success
25950,2688,13470,2022-03-24,Success
53801,2305,38710,2022-12-07,Success
11522,2127,36890,2022-11-10,Cancelled by the passenger
12137,2675,11608,2022-11-14,Success
5538,2413,15270,2022-08-05,Success
10269,793,4689,2022-12-05,Success
20996,2853,36773,2022-05-23,Success
12290,1692,39135,2022-07-10,Success
15041,954,36479,2022-09-14,Success
42290,900,12563,2022-10-06,Success
54333,2674,1885,2022-11-24,Success
40726,489,19478,2022-03-26,Success
59858,1351,38937,2022-06-20,Cancelled by the passenger
3829,553,11782,2022-11-16,Success
58608,1082,28762,2022-05-29,Cancelled by the passenger
34606,1483,1707,2022-11-20,Success
47213,1273,11804,2022-12-29,Success
4832,1369,30931,2022-08-06,Success
2801,2872,83,2022-07-13,Success
10439,2117,26730,2023-04-13,Success
6887,2336,2558,2023-02-21,Success
28935,1011,36269,2022-06-15,Cancelled by the passenger
266,238,9191,2022-07-10,Success
41671,626,2621,2022-12-15,Success
24703,2114,9961,2022-09-13,Cancelled by the passenger
26808,2070,16403,2022-06-20,Success
16206,1816,8933,2023-04-01,Success
31953,2591,37845,2022-09-12,Success
51656,622,26355,2022-12-24,Success
58520,920,6351,2022-12-17,Success
17436,2359,2844,2022-10-30,Success
8569,1863,27563,2022-06-20,Success
32555,2587,3473,2023-02-06,Success
6717,2104,28743,2022-04-02,Success
33592,1769,8090,2022-08-06,Success
27013,2511,11724,2023-03-04,Success
32981,2201,34950,2023-03-11,Success
36988,1480,33275,2022-06-24,Success
2837,2554,16772,2022-08-26,Cancelled by the passenger
31509,2256,19538,2022-06-18,Rejected by the driver
8289,2405,38240,2022-07-13,Rejected by the driver
51083,417,13517,2022-05-21,Cancelled by the passenger
39238,2022,6862,2023-04-13,Success
52571,1856,21869,2022-10-25,Success
47954,1852,25591,2023-02-21,Success
43769,1585,6346,2023-01-08,Success
17756,2903,31978,2022-10-01,Success
15957,2909,29814,2023-02-13,Success
42656,2466,8372,2022-05-29,Success
48660,1573,37547,2022-05-06,Success
43495,2466,15335,2022-11-16,Success
37991,961,26990,2022-06-03,Rejected by the driver
16096,769,14773,2022-03-24,Success
29674,1012,38637,2023-03-24,Rejected by the driver
58777,955,22515,2023-04-14,Success
39105,2830,4178,2022-03-17,Success
3846,1393,7077,2022-08-11,Success
28623,1522,30452,2023-03-19,Success
17406,394,36152,2022-12-24,Success
47416,2073,39032,2023-03-10,Success
8232,738,11794,2023-03-08,Success
37032,1686,22576,2022-12-28,Success
24848,2747,18015,2022-09-25,Success
45104,2433,18280,2023-03-29,Success
38874,2434,11220,2023-01-23,Cancelled by the passenger
39085,2458,21564,2023-01-15,Success
19254,296,30742,2023-01-23,Success
24668,922,23002,2022-04-23,Success
4386,1611,36050,2022-12-02,Cancelled by the passenger
49216,2217,35982,2022-03-15,Success
30558,2864,23998,2022-06-30,Success
9073,2047,17908,2023-02-16,Success
26900,1157,5818,2022-11-29,Cancelled by the passenger
454,954,7111,2023-01-23,Success
59986,53,30660,2022-04-28,Success
28801,2164,34539,2022-11-25,Success
25310,1051,22611,2022-12-16,Success
8255,2262,32582,2022-06-08,Success
42875,1703,35400,2022-12-01,Success
26238,2413,27479,2022-09-13,Success
51474,326,4549,2022-07-04,Success
15165,1659,16088,2023-02-16,Cancelled by the passenger
24907,1273,7851,2022-10-02,Success
4327,1857,14131,2022-11-19,Success
3536,2799,14246,2022-06-13,Rejected by the driver
14883,2987,3858,2022-11-28,Success
15019,1743,12001,2022-08-09,Success
58896,2226,36587,2022-10-22,Rejected by the driver
31502,2181,13330,2022-09-08,Success
38428,618,32192,2023-01-05,Rejected by the driver
50173,2164,9603,2022-06-05,Success
47496,51,30725,2022-09-18,Success
1691,2037,459,2023-04-06,Success
27465,1299,10674,2022-05-04,Cancelled by the passenger
52645,210,22347,2023-02-14,Rejected by the driver
46742,1558,3965,2022-09-30,Success
38552,2788,16010,2022-09-02,Rejected by the driver
42388,303,35391,2022-09-15,Success
43812,1502,30966,2022-06-01,Success
51689,1240,35703,2022-03-25,Success
31676,2380,14431,2023-01-26,Rejected by the driver
10548,2127,37884,2022-07-13,Success
4288,218,28411,2022-05-26,Success
44000,249,17436,2022-11-06,Success
217,1137,1595,2022-03-14,Success
53267,1096,39162,2022-10-22,Cancelled by the passenger
43722,2345,18720,2022-07-24,Success
20037,2205,417,2022-11-16,Success
48453,1135,11183,2022-07-05,Rejected by the driver
32135,1664,18413,2022-12-08,Success
18687,543,26227,2022-08-19,Success
10247,180,14445,2022-12-29,Cancelled by the passenger
39688,2012,26543,2023-03-30,Success
42781,1742,38202,2022-11-17,Success
5250,1397,2995,2022-09-27,Cancelled by the passenger
38613,2219,11179,2022-07-02,Success
7969,2170,34562,2023-01-03,Success
19828,227,1810,2022-07-09,Success
382,1873,28960,2022-09-25,Cancelled by the passenger
33339,571,17873,2022-09-28,Success
19233,1678,23264,2022-06-28,Success
26075,486,13040,2023-03-25,Rejected by the driver
33603,2628,16896,2023-02-17,Success
27542,733,1350,2023-03-27,Success
39834,2910,8634,2022-06-03,Success
33476,468,24722,2023-03-19,Rejected by the driver
14032,1437,38174,2022-04-12,Success
9311,167,32911,2022-07-07,Success
6068,190,13600,2022-06-22,Success
36290,1276,33377,2023-03-22,Rejected by the driver
29390,871,30104,2023-03-13,Cancelled by the passenger
35610,1615,3245,2023-04-07,Success
53317,915,26528,2023-03-16,Success
10609,82,23090,2022-09-18,Success
9761,2842,3761,2023-03-03,Success
3239,1873,28195,2022-03-12,Success
28420,2607,13217,2022-12-30,Success
12980,2307,34429,2022-03-12,Success
15792,734,32953,2022-10-10,Success
53007,2939,605,2022-09-23,Success
7902,1290,27561,2022-06-02,Success
41843,2547,9946,2022-05-04,Success
1224,2294,20156,2022-11-05,Success
32602,1780,27595,2022-12-20,Success
54628,907,30638,2023-03-25,Success
12517,822,28357,2022-03-22,Success
50218,1676,13238,2023-03-12,Success
14804,2943,18167,2022-05-20,Success
667,1017,12168,2023-02-15,Success
54737,445,28705,2023-02-01,Success
49067,1451,8830,2022-11-06,Rejected by the driver
26969,1443,26515,2022-05-25,Success
57603,2485,28787,2022-11-03,Success
34139,1043,39878,2022-04-27,Success
36593,2266,13228,2022-08-08,Success
32954,1182,29744,2023-01-11,Success
55475,198,6868,2022-05-03,Rejected by the driver
36119,703,6096,2022-09-02,Success
18690,2126,5122,2023-01-16,Success
8481,2426,29867,2022-06-30,Rejected by the driver
43025,2734,21233,2022-10-20,Rejected by the driver
51994,1390,38637,2022-10-03,Success
21081,606,23806,2022-05-15,Success
19255,1280,33338,2022-04-15,Success
7177,1986,24263,2023-01-02,Success
203,2905,31238,2022-06-24,Success
77,2409,26622,2022-07-15,Success
53807,1626,30692,2023-01-10,Success
9455,1425,18984,2022-04-05,Success
28534,788,8296,2022-08-27,Rejected by the driver
46176,2059,1657,2023-01-15,Success
3973,1461,5276,2022-04-24,Success
42787,1157,27021,2022-04-02,Cancelled by the passenger
4710,1774,9130,2022-03-25,Success
49020,1178,28769,2022-09-22,Success
5479,1147,16253,2022-12-15,Success
3944,2415,17457,2023-02-10,Cancelled by the passenger
8095,1588,35377,2022-08-02,Rejected by the driver
34345,1207,36198,2023-02-16,Success
38979,1849,37851,2022-08-21,Success
14803,55,26993,2022-04-20,Success
42178,2932,19465,2022-09-25,Cancelled by the passenger
16099,2584,613,2022-10-22,Cancelled by the passenger
4025,606,9544,2022-11-02,Cancelled by the passenger
12787,1257,19272,2023-04-03,Success
13247,2490,4908,2022-12-22,Rejected by the driver
11815,1940,6976,2022-05-29,Success
25291,2678,36382,2023-03-24,Success
28383,2557,126,2022-09-24,Success
29304,22,15685,2022-10-18,Success
19194,1439,37561,2022-09-13,Success
39632,2979,3800,2022-08-28,Rejected by the driver
52731,1233,20847,2022-11-21,Rejected by the driver
41567,2707,20343,2022-11-08,Success
18401,2845,24554,2022-12-05,Success
31222,2348,16663,2022-07-01,Success
15545,2771,14522,2022-04-19,Success
26012,1748,20184,2022-11-18,Rejected by the driver
10179,735,5700,2022-07-06,Success
1652,21,36226,2022-08-05,Success
20273,2760,21073,2022-05-06,Success
16605,2559,19027,2023-01-25,Rejected by the driver
17580,311,39841,2022-05-29,Success
39164,1000,28615,2023-01-12,Success
26982,1056,6943,2023-03-15,Success
14174,2433,20974,2023-03-08,Success
55451,960,29156,2022-06-10,Rejected by the driver
43321,1619,8174,2023-03-16,Success
44366,801,31663,2022-06-03,Success
57055,2105,11194,2022-10-11,Cancelled by the passenger
56873,2557,22946,2023-03-16,Rejected by the driver
35395,949,31800,2023-04-02,Success
45432,1253,33092,2022-12-02,Success
27378,576,38925,2023-02-10,Cancelled by the passenger
44648,1313,9369,2022-11-11,Success
18028,2457,26221,2022-05-20,Success
5966,1866,5007,2023-01-23,Success
3980,667,28285,2022-08-18,Rejected by the driver
54534,2897,29890,2022-03-29,Success
55301,1370,9104,2022-07-28,Success
7701,899,23812,2022-06-19,Rejected by the driver
33887,1650,1034,2022-05-14,Success
49332,2352,5030,2022-09-03,Cancelled by the passenger
40836,1098,14675,2022-04-20,Success
35270,212,23822,2023-03-13,Success
45930,17,28624,2022-11-09,Success
3639,401,12907,2022-08-30,Success
43647,952,35013,2022-07-03,Success
46896,2939,35261,2023-03-15,Cancelled by the passenger
45384,1830,641,2022-07-07,Success
10602,2182,1330,2022-04-01,Success
30792,1871,21597,2023-03-08,Rejected by the driver
28106,1348,19950,2022-08-02,Success
41753,766,5753,2022-06-16,Success
49236,1641,32428,2022-07-11,Cancelled by the passenger
14260,1849,21737,2022-09-25,Cancelled by the passenger
3302,296,12610,2022-06-12,Rejected by the driver
25800,827,7623,2022-09-18,Success
21734,2796,30303,2022-09-06,Success
51440,831,7311,2023-01-10,Success
3293,1392,11988,2022-06-13,Success
22279,217,16979,2022-03-29,Rejected by the driver
1863,44,23075,2022-11-02,Rejected by the driver
35596,1257,4585,2022-11-24,Success
15508,2668,8162,2022-11-01,Success
7654,31,24722,2022-11-23,Success
55260,1938,720,2023-03-22,Success
59266,862,38725,2022-10-08,Cancelled by the passenger
10351,2033,15217,2022-10-16,Success
8003,2106,26664,2023-02-19,Success
57397,30,31635,2022-10-19,Success
51829,2495,35121,2022-03-14,Success
37559,1,129,2022-12-13,Cancelled by the passenger
43789,1700,22138,2023-02-22,Success
45881,1082,38981,2023-02-17,Rejected by the driver
2939,1788,32986,2022-07-31,Success
503,293,35321,2022-11-01,Rejected by the driver
30772,2641,35647,2023-03-07,Success
11060,477,24812,2022-05-19,Success
42910,168,20983,2023-01-08,Cancelled by the passenger
49325,307,15474,2023-02-14,Success
28605,208,17997,2022-05-05,Rejected by the driver
3002,1178,9631,2022-03-21,Cancelled by the passenger
30228,2235,21560,2022-07-22,Success
3563,2873,38082,2022-04-28,Rejected by the driver
49490,2044,20211,2022-10-17,Cancelled by the passenger
29203,2699,35510,2023-03-31,Success
45299,897,26962,2022-04-15,Cancelled by the passenger
8269,2481,20090,2023-01-17,Success
15036,519,38694,2022-12-25,Success
35710,1440,34030,2022-11-17,Success
49385,846,9836,2022-12-17,Success
23212,1740,17700,2022-11-18,Success
29632,305,5339,2022-04-26,Cancelled by the passenger
46563,2255,20873,2023-03-19,Cancelled by the passenger
8771,2484,14440,2022-09-17,Rejected by the driver
34357,868,12492,2022-07-31,Rejected by the driver
49900,1138,39140,2023-02-21,Success
18530,2796,13387,2022-05-04,Success
43233,891,16977,2022-08-11,Success
40406,448,12371,2022-12-17,Success
1169,2454,23962,2022-10-10,Cancelled by the passenger
44022,5,14324,2022-06-05,Success
49830,1989,2342,2022-10-19,Success
20154,776,7759,2022-08-16,Success
43618,1138,25524,2022-11-12,Success
56927,1118,25605,2022-09-17,Success
59374,984,30889,2022-03-15,Success
42515,1227,21429,2022-07-08,Success
54112,2296,36963,2022-11-29,Success
5751,160,28796,2022-05-24,Success
12663,1403,26561,2022-10-22,Success
12288,658,15909,2022-09-30,Success
59069,2085,32698,2022-05-28,Success
11264,169,430,2022-05-24,Success
39235,1394,12360,2023-01-22,Success
19260,1944,37355,2022-10-08,Success
37706,2551,3206,2022-06-07,Success
17772,1739,15989,2022-05-03,Cancelled by the passenger
31771,1223,37845,2022-09-20,Rejected by the driver
7951,1377,18513,2022-09-06,Rejected by the driver
12750,1578,29674,2022-10-08,Success
45810,2452,20238,2022-06-17,Rejected by the driver
4658,166,6747,2022-06-30,Success
3341,1408,35143,2022-06-12,Success
57907,693,16484,2022-08-13,Success
2304,595,11615,2022-09-27,Cancelled by the passenger
13673,853,5677,2023-04-01,Success
25922,1178,34740,2023-02-16,Cancelled by the passenger
56315,1223,36222,2022-05-13,Success
58310,2949,16425,2022-12-23,Success
14948,1314,27845,2022-11-29,Success
38249,1601,25793,2022-04-15,Rejected by the driver
33925,2625,13296,2022-09-11,Success
47303,1511,25890,2022-06-21,Success
56791,1843,12707,2023-03-03,Success
2391,2415,25187,2022-08-30,Cancelled by the passenger
29033,2410,36385,2022-05-22,Success
44435,2424,18229,2023-04-15,Success
30080,1293,3704,2022-08-24,Success
49850,176,18000,2022-07-10,Success
1875,1736,3900,2022-05-20,Rejected by the driver
41181,953,18022,2023-04-12,Success
1276,2276,6662,2023-01-13,Success
47288,30,20331,2022-05-17,Cancelled by the passenger
51510,1541,32610,2022-06-05,Cancelled by the passenger
49363,2998,36241,2022-08-26,Success
10657,1861,30205,2023-03-30,Rejected by the driver
4114,709,32445,2022-09-14,Success
9910,1799,36404,2022-03-23,Success
30072,30,1024,2022-08-06,Success
12800,793,7931,2022-10-23,Success
4359,2230,1689,2023-01-23,Success
26018,2192,23765,2023-03-07,Success
11263,944,12706,2022-12-30,Success
30391,33,4906,2022-11-12,Success
52367,1174,3505,2022-09-13,Rejected by the driver
29021,1827,26397,2022-09-11,Success
36613,1203,13631,2022-05-30,Success
21640,1434,34223,2023-01-25,Success
37755,2922,1550,2022-06-11,Success
59803,1776,20694,2023-03-15,Success
44458,2664,13274,2022-05-09,Cancelled by the passenger
45649,1131,10970,2022-07-28,Cancelled by the passenger
6021,2890,32058,2023-01-23,Rejected by the driver
25078,1540,36492,2023-03-10,Success
11797,1489,29415,2023-03-13,Success
47537,1640,26791,2022-06-13,Cancelled by the passenger
30649,110,1799,2022-11-25,Success
13049,2052,21179,2022-07-30,Success
10435,2567,12230,2022-03-27,Success
42036,955,9973,2022-03-27,Success
49218,497,21068,2022-07-19,Success
46358,2648,16314,2022-04-24,Success
38431,2500,25958,2022-12-25,Success
36349,997,26209,2023-02-06,Success
52765,2622,27520,2022-11-19,Success
8497,808,23645,2022-04-15,Rejected by the driver
40850,709,10837,2022-05-28,Success
8587,620,17997,2023-01-20,Success
39481,818,37344,2023-01-25,Cancelled by the passenger
39977,2525,6020,2022-07-11,Success
9316,1077,6478,2022-07-02,Success
44816,2562,18458,2022-04-23,Success
8077,2242,23786,2022-04-09,Success
52323,1791,24490,2022-08-29,Success
20537,2457,25576,2022-06-28,Cancelled by the passenger
31813,1436,34409,2022-10-26,Success
6876,620,2697,2022-08-28,Rejected by the driver
8383,1947,33674,2022-05-15,Success
7401,1145,37786,2022-07-30,Success
3412,1799,14216,2023-02-04,Success
39729,124,21066,2022-07-31,Cancelled by the passenger
7382,2317,39447,2022-08-04,Success
18133,1152,375,2022-10-21,Cancelled by the passenger
19177,379,2170,2022-04-18,Success
9250,2077,33646,2022-05-24,Success
14836,1100,1162,2022-03-31,Success
14259,1954,4016,2023-01-14,Cancelled by the passenger
57433,423,22505,2023-01-12,Cancelled by the passenger
51818,445,4293,2023-03-27,Success
38095,2181,10564,2022-06-09,Success
55465,1564,38896,2022-04-05,Rejected by the driver
24837,2690,10746,2022-05-28,Success
30302,883,10896,2022-05-17,Success
48029,685,39707,2022-09-30,Rejected by the driver
30141,2116,14258,2022-05-05,Success
38136,387,12727,2022-12-07,Success
30208,437,15058,2022-10-16,Rejected by the driver
49359,609,9618,2022-09-26,Success
1651,1149,11008,2022-03-19,Success
56919,105,36801,2022-08-11,Success
1879,394,37394,2022-07-28,Success
14167,259,11888,2022-08-31,Success
59454,1012,11743,2022-05-25,Success
46344,2768,366,2022-06-23,Success
33318,2184,9648,2022-06-28,Success
46093,2711,7870,2023-01-02,Success
37123,1181,24175,2023-01-26,Success
219,416,18310,2022-12-25,Success
46242,305,11787,2023-02-22,Success
58283,635,30752,2023-01-22,Rejected by the driver
9843,701,39509,2022-08-25,Success
12612,1134,13941,2022-12-23,Success
47438,2716,663,2022-04-23,Cancelled by the passenger
27422,2671,39193,2022-09-27,Success
35698,1185,34237,2022-04-04,Success
34613,371,29374,2023-03-03,Success
52751,116,3709,2022-03-31,Rejected by the driver
17709,2156,29087,2022-12-22,Success
24762,78,37105,2022-06-10,Cancelled by the passenger
46840,829,13941,2022-10-04,Success
51611,2535,34464,2022-10-10,Success
58946,2046,33520,2022-08-14,Success
26491,639,4688,2022-08-03,Rejected by the driver
13369,2466,4284,2022-09-27,Cancelled by the passenger
42511,671,13096,2023-03-21,Success
59087,1888,34067,2022-07-17,Success
13869,905,4207,2023-03-20,Success
34605,1398,12437,2022-06-04,Success
11903,2113,27983,2022-07-04,Cancelled by the passenger
8227,756,18751,2022-12-30,Success
11684,2130,37945,2022-06-02,Success
44527,1699,34419,2022-10-01,Success
43124,1979,34719,2022-09-09,Success
45145,2950,30004,2022-11-05,Success
54719,787,553,2023-02-16,Cancelled by the passenger
18441,2760,37103,2022-10-04,Rejected by the driver
21997,359,36840,2022-09-27,Success
30903,2133,24774,2022-03-23,Success
57089,2442,1200,2023-03-23,Success
36862,1769,11943,2022-07-17,Success
7029,2422,2958,2022-05-01,Success
31979,888,419,2022-09-28,Rejected by the driver
54742,947,25269,2023-03-23,Success
39989,357,39870,2022-10-14,Success
50,452,30046,2022-08-17,Cancelled by the passenger
16458,2850,23729,2023-03-16,Success
35699,2806,8656,2022-06-18,Cancelled by the passenger
2644,2320,15967,2023-04-04,Success
25001,642,6853,2022-10-25,Cancelled by the passenger
39444,291,25295,2022-07-18,Success
53857,1035,5665,2022-04-22,Success
57142,31,34905,2022-11-24,Success
1711,1496,35607,2022-06-09,Success
33541,2102,27935,2022-06-13,Success
29071,2567,23842,2022-05-15,Success
30704,1018,10611,2023-03-27,Success
53753,1622,38475,2023-03-25,Success
9545,2272,4566,2022-06-09,Success
41729,2572,32808,2023-01-29,Success
19691,2697,20274,2022-05-25,Success
4670,2434,35185,2022-04-28,Success
50312,664,14778,2023-03-08,Success
15892,2174,23882,2022-05-08,Success
30918,1682,15399,2022-12-07,Rejected by the driver
50361,2381,38173,2023-03-18,Success
56282,2504,36680,2022-12-07,Rejected by the driver
12960,2014,35203,2023-02-08,Rejected by the driver
17662,393,33497,2022-05-26,Rejected by the driver
43000,2072,13389,2022-12-28,Success
48151,1960,9534,2022-10-18,Rejected by the driver
35362,2527,25954,2022-03-12,Success
59084,885,7877,2023-04-05,Success
32858,1006,19762,2023-04-14,Success
23680,2309,25765,2022-08-31,Success
34871,2981,20556,2022-06-30,Success
20230,1334,5956,2022-12-17,Rejected by the driver
40658,2753,9497,2022-11-24,Rejected by the driver
4051,2573,2839,2022-11-05,Success
18126,1513,21273,2022-05-17,Success
405,1197,6640,2022-08-04,Rejected by the driver
40443,479,6819,2023-01-21,Success
25226,1136,27068,2022-11-07,Cancelled by the passenger
26732,981,25643,2022-11-17,Success
53901,2479,13856,2022-08-12,Success
30312,2720,34956,2022-06-01,Success
55292,1820,13477,2022-08-12,Success
54629,114,30034,2023-01-23,Rejected by the driver
8621,1014,12548,2023-01-27,Success
42880,2996,9706,2022-11-26,Success
5099,456,38232,2023-04-01,Success
38222,2228,15222,2023-04-12,Success
28371,1905,10079,2022-12-07,Success
7926,817,22926,2022-04-14,Success
40082,1380,13611,2022-04-24,Success
19123,1636,22944,2022-11-28,Success
30830,1792,3188,2022-03-30,Cancelled by the passenger
15436,733,25417,2023-03-29,Cancelled by the passenger
41438,648,11268,2022-05-26,Success
57160,2287,23743,2023-01-11,Success
8990,1740,10590,2022-04-19,Success
43349,246,32608,2022-06-18,Rejected by the driver
31561,2614,24362,2022-04-05,Success
42617,2131,36297,2022-08-26,Success
52465,2910,1891,2023-01-11,Success
13548,1138,32072,2022-12-30,Success
2320,1065,34788,2023-03-14,Cancelled by the passenger
4102,2450,26945,2022-06-24,Cancelled by the passenger
23288,2407,17703,2022-04-01,Success
16664,2828,14844,2022-09-29,Cancelled by the passenger
25235,323,16227,2023-03-30,Success
6255,828,19179,2022-05-29,Success
29112,583,25801,2022-12-25,Success
8061,2064,33873,2022-10-26,Success
36134,2511,18214,2022-05-04,Success
37879,104,6423,2023-02-07,Success
46457,1755,17593,2023-02-04,Cancelled by the passenger
59438,2803,25701,2022-10-28,Cancelled by the passenger
23439,1265,4364,2022-11-13,Cancelled by the passenger
49832,2480,39002,2023-02-12,Success
1110,109,6300,2022-06-06,Success
53529,2828,33839,2022-07-04,Success
17525,1222,32274,2022-10-22,Cancelled by the passenger
14089,1085,12627,2023-03-06,Cancelled by the passenger
50320,2667,34441,2023-01-13,Success
46207,579,10438,2022-12-24,Cancelled by the passenger
8056,1894,30211,2022-08-27,Cancelled by the passenger
34389,2021,859,2022-07-19,Success
29989,1078,8748,2022-03-26,Success
58698,312,39532,2022-06-24,Success
42544,326,9571,2023-04-11,Rejected by the driver
36877,2352,9342,2022-07-31,Success
55429,429,12028,2022-09-28,Cancelled by the passenger
20867,1351,3237,2022-07-18,Success
27753,1638,24727,2022-11-25,Success
18571,2572,20525,2022-12-12,Success
58714,1524,3349,2022-05-13,Success
58786,2601,19091,2022-03-23,Success
51645,2187,19797,2022-08-19,Success
47283,2762,26373,2022-09-09,Success
6325,2268,6223,2022-09-08,Cancelled by the passenger
7303,162,14434,2022-05-10,Success
16303,2883,25673,2022-08-09,Rejected by the driver
32464,24,26188,2022-10-19,Success
57737,2536,33722,2022-08-06,Success
34028,2461,1525,2022-04-14,Success
364,2359,34408,2022-08-03,Success
7556,1387,17308,2022-12-29,Success
41720,815,3330,2022-05-27,Success
59212,1325,3317,2022-07-01,Rejected by the driver
9310,2934,6878,2022-04-03,Success
9101,2541,13152,2023-04-15,Success
13013,159,15123,2023-01-28,Cancelled by the passenger
52134,1223,21329,2022-08-24,Cancelled by the passenger
30450,2856,39125,2022-09-10,Rejected by the driver
51275,1006,34829,2022-07-06,Cancelled by the passenger
17943,2921,7072,2022-10-04,Success
25945,216,37036,2022-09-28,Success
11448,616,11604,2022-12-20,Success
55861,2777,10613,2023-01-30,Rejected by the driver
42374,644,23969,2022-08-26,Success
50893,152,18937,2022-11-13,Success
7016,975,27977,2022-04-04,Rejected by the driver
55907,1383,16636,2022-05-17,Success
57247,611,27644,2023-02-03,Success
17481,1254,17463,2022-06-13,Rejected by the driver
47314,2117,6301,2022-08-21,Success
11012,414,16128,2023-01-24,Success
53532,600,33146,2022-06-27,Success
21579,1909,25579,2022-05-14,Success
49397,498,21715,2023-01-08,Success
9018,2824,28922,2022-03-26,Success
38297,2247,10016,2022-08-03,Success
44812,1885,24368,2022-07-25,Success
11947,2229,35640,2022-07-09,Success
21020,2265,38519,2022-10-02,Success
57071,437,14317,2022-09-11,Success
36774,763,38536,2022-06-12,Success
6993,1351,3385,2022-03-28,Success
12824,1876,23261,2022-09-29,Success
48901,914,37220,2022-06-21,Rejected by the driver
51461,1977,18021,2022-05-16,Success
4641,892,39323,2023-01-17,Success
57302,2289,23504,2022-04-21,Success
8433,2969,15970,2022-12-04,Cancelled by the passenger
29729,2115,39035,2022-08-06,Rejected by the driver
4852,2552,19668,2022-09-20,Success
34549,340,8229,2023-02-05,Success
53615,1987,34977,2023-01-07,Success
52307,1558,32084,2022-05-15,Success
55195,1541,17105,2022-10-12,Success
20511,1128,34710,2023-03-25,Cancelled by the passenger
27590,419,308,2023-02-03,Success
7890,94,26945,2022-07-04,Success
38175,531,850,2022-05-22,Success
17367,2894,32629,2022-11-26,Rejected by the driver
25607,861,22015,2022-09-30,Rejected by the driver
46229,770,38233,2022-12-24,Success
36366,2526,10247,2022-11-09,Success
20427,877,25007,2022-12-04,Success
6652,1689,15010,2023-02-03,Success
42992,1935,29024,2023-01-18,Success
40107,1476,19023,2022-05-19,Success
37002,2649,33251,2022-03-30,Success
37924,1610,7858,2023-03-09,Rejected by the driver
8362,956,8738,2022-08-29,Cancelled by the passenger
17383,1248,11722,2022-11-14,Success
31376,1298,8488,2022-08-02,Success
52413,425,32928,2022-05-12,Success
21686,2484,33881,2022-04-19,Success
12550,617,18550,2022-08-12,Success
17129,1871,35316,2022-10-24,Success
12075,2229,26931,2023-03-30,Rejected by the driver
21645,1354,16048,2023-04-08,Success
52730,2308,26207,2022-04-16,Success
47555,2130,36953,2023-01-18,Success
48105,2870,494,2023-01-03,Success
34959,1564,36730,2023-01-15,Rejected by the driver
57042,571,25815,2022-12-01,Success
30735,1012,6083,2022-08-30,Success
18472,1294,15719,2022-12-02,Success
5131,2203,2445,2022-08-18,Cancelled by the passenger
47099,2961,31736,2022-08-23,Success
25559,2548,14883,2022-12-08,Success
48966,2548,37456,2023-02-09,Cancelled by the passenger
7502,2529,6132,2022-07-12,Success
35594,2878,11040,2022-06-23,Success
11840,2673,17885,2023-03-26,Success
21128,764,28671,2022-09-26,Success
30492,511,10292,2023-03-02,Success
4615,1641,22508,2022-04-05,Success
1903,1967,2042,2022-09-16,Success
1859,699,8975,2022-08-06,Success
34213,1463,25849,2022-09-04,Cancelled by the passenger
51437,1334,35983,2022-11-23,Rejected by the driver
28713,1522,11438,2022-06-01,Success
49484,2705,35833,2022-12-13,Rejected by the driver
33872,2271,12621,2022-04-12,Success
53034,436,25167,2022-07-05,Success
46036,864,3249,2022-08-03,Success
43085,2481,14834,2022-10-30,Rejected by the driver
46283,1867,22306,2023-03-06,Rejected by the driver
19178,2511,28165,2023-01-15,Success
17759,1771,25290,2023-02-14,Success
51638,1692,28404,2022-03-19,Success
42549,731,21651,2022-08-31,Success
56914,1444,38532,2022-08-04,Success
57781,710,9776,2022-04-02,Cancelled by the passenger
53307,2239,21773,2022-12-31,Success
5083,2982,13854,2022-12-31,Success
36588,2119,20750,2022-05-17,Success
18388,2352,34719,2022-08-29,Success
31111,1686,1449,2022-07-30,Success
32617,1381,32570,2022-04-27,Success
30463,1562,37736,2022-09-23,Success
36082,2410,13386,2022-04-25,Cancelled by the passenger
41187,38,14988,2023-02-10,Success
56524,130,37956,2022-06-30,Success
53716,1949,8904,2023-01-09,Success
3490,1228,4728,2022-07-24,Success
9280,2844,1699,2022-04-09,Success
12135,2970,5848,2023-03-28,Cancelled by the passenger
50161,1656,18973,2022-11-08,Success
3153,353,39967,2022-04-06,Success
24497,505,31053,2023-03-10,Success
31591,1913,19080,2023-03-18,Success
30777,1679,2741,2022-09-27,Success
28667,626,37482,2022-12-30,Rejected by the driver
35031,970,9265,2022-05-12,Success
48522,670,22480,2022-09-07,Success
59912,1977,17154,2022-08-29,Success
24343,2631,9976,2023-04-05,Rejected by the driver
28880,1752,7540,2022-12-09,Success
474,2178,29988,2023-01-31,Success
9398,2331,15035,2023-01-15,Success
23561,2709,10385,2022-03-28,Success
47582,2257,20193,2022-06-22,Success
51881,1040,2183,2023-01-26,Success
53832,1197,33326,2022-05-23,Success
2273,1608,1001,2022-10-05,Success
48609,2455,4779,2023-03-24,Success
10921,1118,4335,2022-08-02,Success
3069,2676,17580,2022-12-23,Success
14222,1773,31214,2022-04-28,Success
17044,718,14594,2022-10-28,Rejected by the driver
11325,136,35549,2022-04-10,Success
55561,18,8400,2022-08-11,Success
13271,2676,28301,2022-03-12,Rejected by the driver
44612,2367,27068,2022-11-16,Success
27215,2863,21165,2023-02-03,Success
43605,1092,8931,2023-03-11,Success
18258,2352,2911,2022-07-01,Success
28979,2555,25560,2022-04-01,Success
34356,1724,78,2023-01-15,Cancelled by the passenger
24426,1179,33612,2022-03-19,Rejected by the driver
35267,1349,21405,2023-03-13,Success
21374,2907,2032,2023-01-06,Cancelled by the passenger
48467,1276,12564,2023-01-14,Success
30616,1174,35350,2022-07-12,Success
460,2809,15554,2022-04-05,Success
15063,135,7524,2022-11-06,Success
14689,146,10021,2022-05-11,Success
19565,1697,14519,2022-07-14,Cancelled by the passenger
38701,2384,3540,2022-03-30,Success
5233,1218,16372,2022-07-25,Success
9028,1917,31406,2023-04-01,Rejected by the driver
18700,1339,15372,2022-11-01,Success
46965,2224,25899,2022-04-22,Success
41334,1178,19020,2022-05-01,Success
58922,104,38182,2022-10-22,Success
10295,1002,37674,2022-04-28,Cancelled by the passenger
18359,2443,22276,2022-05-09,Success
55304,2962,31925,2022-04-28,Success
7263,1334,33183,2023-03-14,Success
35537,1440,14411,2022-04-07,Success
34746,2282,4583,2022-11-01,Success
18351,1133,8487,2022-12-16,Success
10687,1567,11752,2022-05-01,Rejected by the driver
9262,878,27571,2022-11-19,Success
2223,2385,16057,2022-09-29,Success
43436,1882,6006,2022-05-16,Rejected by the driver
29120,487,31064,2023-03-04,Success
48556,2246,12116,2022-04-14,Success
4580,1441,37087,2022-06-02,Success
4501,868,29751,2022-08-14,Success
48102,2271,33208,2022-11-02,Success
52723,1427,15160,2022-09-12,Success
45457,2513,4334,2023-02-02,Rejected by the driver
16427,2216,37152,2023-03-13,Success
24842,1350,221,2022-12-06,Success
5463,2304,1387,2022-03-20,Success
20830,561,26069,2022-08-22,Success
35114,603,34836,2022-03-22,Success
17388,1605,26165,2022-07-29,Cancelled by the passenger
27157,2770,32919,2022-04-13,Success
46656,1860,26897,2023-03-01,Success
43313,2220,27908,2023-03-21,Success
44730,3,13963,2022-06-26,Success
3190,914,30720,2022-09-17,Success
48890,702,33003,2022-09-10,Cancelled by the passenger
17595,807,35193,2022-05-09,Rejected by the driver
21168,2304,33650,2022-12-17,Success
56666,2513,36176,2022-07-16,Rejected by the driver
50557,2594,12838,2022-08-26,Success
45495,238,38442,2022-04-15,Success
49249,2721,38885,2023-02-19,Success
38194,2603,28971,2022-06-04,Success
19174,2121,21464,2023-04-02,Success
10061,90,35709,2022-11-07,Success
1951,2165,5216,2022-06-12,Success
19311,177,6999,2022-08-28,Success
632,72,34252,2023-02-15,Success
46738,784,22207,2022-10-02,Success
37075,2279,12766,2022-03-23,Success
54026,2791,6049,2023-04-09,Success
32631,1192,18807,2023-01-19,Success
39193,1369,10853,2023-02-10,Success
54462,2787,33910,2023-03-20,Success
59026,2050,29794,2022-10-31,Cancelled by the passenger
15977,548,21735,2023-04-13,Success
55102,2635,16696,2023-01-26,Success
55512,2309,15625,2022-05-23,Success
3274,1002,12426,2022-10-11,Success
42954,42,32627,2023-02-10,Success
5983,158,7972,2022-09-20,Success
988,2315,7010,2022-08-16,Success
48913,1589,29483,2023-04-02,Success
41234,1799,32329,2022-12-05,Success
48198,2382,26851,2023-03-22,Success
6778,1712,3129,2022-11-12,Success
20134,688,36497,2022-04-16,Success
44071,1821,36536,2022-10-27,Success
18079,1967,36667,2022-08-29,Success
5879,2783,23140,2023-04-14,Success
34626,2105,1113,2022-04-30,Cancelled by the passenger
52809,110,27965,2022-11-07,Success
23088,89,28976,2022-11-21,Success
9869,423,15056,2022-05-24,Success
51536,675,34517,2022-10-26,Success
50110,824,14513,2022-12-16,Success
38784,1102,16933,2022-07-05,Success
25502,2631,7765,2022-09-10,Success
36885,2961,10810,2022-07-11,Cancelled by the passenger
30717,568,10570,2023-01-03,Success
31215,1747,32094,2022-11-02,Success
34297,2198,37517,2022-08-05,Success
14497,1636,19508,2022-11-22,Success
52820,2391,23156,2022-12-20,Success
24959,1581,947,2022-08-11,Rejected by the driver
42013,1151,9425,2022-11-14,Success
29228,2901,10917,2022-11-28,Success
39132,2531,9450,2022-03-15,Success
44844,211,24430,2022-05-24,Rejected by the driver
2210,1808,26612,2023-04-04,Success
36685,401,38047,2022-08-20,Success
27367,2253,18739,2022-04-19,Cancelled by the passenger
10421,1412,1704,2023-01-30,Success
46550,1797,11237,2022-09-06,Rejected by the driver
21979,431,5696,2022-07-24,Success
48656,1206,25689,2022-12-02,Rejected by the driver
51082,1144,35047,2022-03-21,Success
28430,2084,12702,2022-04-14,Success
18289,990,15623,2022-11-22,Success
4020,1516,17809,2023-01-21,Success
29477,1193,29196,2022-08-24,Success
33216,2082,19562,2022-05-12,Success
29169,1232,16131,2022-11-30,Cancelled by the passenger
44167,1984,19044,2022-04-20,Success
5085,58,38939,2022-07-27,Success
39494,277,25300,2022-10-04,Success
46290,1596,17301,2022-03-22,Success
7188,1645,12697,2022-07-17,Success
46598,1910,34432,2022-09-02,Success
45273,1890,15856,2022-10-28,Success
29208,1593,34671,2022-07-30,Success
2243,483,12892,2023-02-24,Success
11480,1981,5676,2023-04-01,Success
45763,2532,39061,2023-02-11,Success
3422,1535,28328,2023-03-03,Success
45800,2188,39265,2023-03-17,Success
51347,2081,3131,2022-04-18,Success
8291,1292,18338,2022-06-12,Success
35786,1404,13926,2022-03-20,Success
28475,972,17446,2022-08-15,Success
3174,2056,2228,2022-11-18,Success
22822,1461,20047,2023-03-18,Success
33766,1905,38710,2022-06-09,Success
52306,542,11163,2022-08-18,Success
27031,2870,35312,2022-09-06,Success
3540,1624,10486,2022-05-14,Success
31484,90,17556,2022-05-24,Rejected by the driver
37860,168,31838,2023-01-20,Success
32898,1386,26777,2023-03-01,Rejected by the driver
58583,2009,6400,2022-04-23,Success
36257,1491,8182,2022-12-05,Rejected by the driver
25573,1087,8780,2023-01-28,Success
19761,1025,850,2022-04-15,Success
27835,2543,16870,2022-04-02,Success
5637,1133,18917,2022-08-13,Success
48097,1155,38138,2022-07-16,Success
30259,1559,39233,2022-04-22,Success
40065,2365,16386,2022-12-16,Success
25643,1779,29527,2023-01-19,Cancelled by the passenger
1162,1814,1928,2022-09-06,Rejected by the driver
28673,867,9503,2022-12-17,Rejected by the driver
43145,2711,12144,2022-09-30,Rejected by the driver
24224,281,15464,2022-08-09,Success
45578,876,6582,2022-07-26,Success
764,881,7460,2022-12-09,Success
29108,1523,32642,2022-10-01,Success
14932,2771,15,2022-11-28,Success
1876,1053,11719,2023-04-06,Cancelled by the passenger
27254,1953,37863,2022-12-21,Success
16984,2125,34478,2022-05-01,Success
6633,1986,21369,2023-03-16,Success
35102,2936,6278,2022-04-26,Success
9685,2477,34214,2023-03-29,Success
33754,963,24425,2022-07-01,Cancelled by the passenger
40122,710,13651,2023-01-24,Success
36258,907,33517,2022-09-08,Rejected by the driver
32546,1084,623,2023-01-27,Success
24893,2667,29900,2022-04-22,Success
13420,1235,13254,2022-07-06,Success
3401,2671,16671,2022-03-28,Success
570,416,25093,2022-04-28,Success
11017,1993,32901,2022-10-06,Success
3291,213,33533,2022-10-05,Success
56655,1676,34933,2022-12-24,Success
55725,1532,33725,2022-12-22,Success
2114,1336,16250,2022-08-21,Success
17563,2085,33569,2022-07-27,Success
10788,1604,5547,2022-03-14,Success
59580,1277,10098,2022-03-30,Success
42474,2460,34397,2023-02-17,Success
52858,2129,39815,2022-07-02,Success
8510,1538,38227,2022-10-05,Rejected by the driver
58021,2367,4106,2022-08-29,Success
34544,801,37170,2023-02-01,Success
41309,2526,3052,2022-12-24,Success
48815,1715,10835,2022-04-15,Cancelled by the passenger
3361,2767,1368,2022-09-25,Cancelled by the passenger
57666,1053,32839,2022-08-13,Success
7033,2582,27105,2022-04-26,Success
33302,1754,18488,2023-01-29,Rejected by the driver
23286,1502,26228,2022-07-29,Success
32934,1397,37969,2022-04-20,Cancelled by the passenger
59058,2748,35738,2022-10-21,Cancelled by the passenger
34002,2461,8461,2023-02-25,Success
41330,1615,9507,2022-05-21,Rejected by the driver
53387,2942,29007,2022-07-10,Rejected by the driver
44859,2930,18639,2022-05-01,Cancelled by the passenger
48012,1581,23145,2023-02-04,Success
14316,2794,2731,2022-06-18,Success
55847,290,23554,2023-03-23,Success
53398,1137,20806,2023-03-01,Success
31486,1045,12728,2022-06-11,Success
33564,2490,25182,2022-08-08,Success
15797,2383,15498,2022-06-18,Success
48114,1701,19658,2022-10-24,Rejected by the driver
39720,1208,15658,2022-04-07,Success
21502,1344,3498,2022-05-04,Success
20673,2100,7982,2022-12-28,Success
54005,545,12136,2022-03-22,Success
6,154,25373,2022-09-28,Success
37057,15,4443,2022-08-02,Rejected by the driver
59835,356,24290,2023-03-22,Success
36097,2438,3178,2022-12-11,Cancelled by the passenger
45124,257,1808,2023-02-16,Success
42654,1576,4502,2022-09-12,Success
45042,369,13029,2022-05-28,Success
43355,851,18620,2022-04-22,Rejected by the driver
46618,902,38321,2022-12-15,Rejected by the driver
57874,185,22963,2022-07-02,Success
54648,954,278,2023-03-14,Success
3519,426,7019,2023-02-15,Cancelled by the passenger
36617,710,32746,2022-06-16,Success
2395,1832,27746,2022-07-17,Success
59321,2607,24500,2022-10-17,Success
50232,190,15468,2022-07-30,Success
4017,1854,19272,2023-03-18,Success
5551,2447,2533,2022-07-06,Success
16276,1724,9982,2022-03-25,Cancelled by the passenger
35802,722,27059,2022-10-01,Rejected by the driver
7069,2897,25275,2023-03-31,Success
45746,2814,25689,2022-09-28,Success
3202,220,29137,2022-03-22,Success
47834,2340,7193,2022-11-12,Success
40235,1508,10615,2022-10-15,Success
7602,2203,11657,2022-07-04,Success
24258,2699,10578,2022-11-06,Success
19269,2040,14695,2023-04-12,Success
21779,1259,38889,2023-02-26,Success
45421,1024,15144,2022-10-06,Success
51371,522,23734,2022-10-05,Success
48990,1796,10855,2022-10-11,Rejected by the driver
19377,39,12582,2022-12-13,Rejected by the driver
9811,2523,2187,2022-11-07,Cancelled by the passenger
12590,2906,10558,2022-04-26,Success
49546,217,11425,2022-06-23,Success
42408,961,23267,2022-09-30,Success
1121,827,30938,2023-01-06,Success
59021,1228,33260,2022-11-22,Success
32193,1014,6694,2022-07-15,Success
58972,602,4818,2023-02-25,Success
50719,2888,6458,2023-03-21,Cancelled by the passenger
30689,2422,22037,2022-11-22,Success
59318,1335,32735,2022-05-03,Success
14584,2382,35162,2022-08-06,Success
32636,326,348,2022-08-26,Success
38471,1577,35012,2022-10-23,Success
50605,2027,4911,2023-01-08,Success
46545,2283,33410,2023-04-07,Success
41363,1105,33402,2022-04-19,Success
2127,1552,14549,2022-10-06,Cancelled by the passenger
16384,2633,36089,2023-04-03,Success
46361,2266,11013,2022-07-25,Success
27029,2709,3584,2022-08-10,Success
53975,1449,19988,2022-10-16,Success
49477,2446,30857,2023-03-26,Cancelled by the passenger
6121,2852,28249,2023-01-22,Success
29436,2834,719,2022-11-29,Success
9632,2897,38693,2022-05-16,Success
44475,1240,37259,2022-10-06,Success
39716,2264,9874,2022-06-25,Rejected by the driver
18115,1287,35647,2023-03-11,Success
11938,1075,38062,2022-10-23,Rejected by the driver
44797,59,23925,2022-05-31,Success
35591,1086,25061,2022-03-30,Success
2200,2473,15680,2023-03-03,Cancelled by the passenger
32021,723,6939,2022-09-21,Success
9627,733,11288,2022-05-11,Success
39208,910,6639,2022-08-12,Success
31307,2350,8223,2022-08-19,Success
42834,708,12801,2023-01-14,Success
20626,61,19673,2022-09-21,Success
34377,56,22024,2023-02-13,Rejected by the driver
46951,1589,11568,2022-05-30,Rejected by the driver
22019,1104,16054,2022-06-07,Success
38246,2108,16800,2022-12-15,Success
6639,1501,698,2022-09-20,Success
20985,593,6860,2022-05-17,Success
35817,43,14513,2022-10-30,Cancelled by the passenger
23144,581,32948,2022-12-04,Success
27242,1622,34174,2022-05-14,Success
17472,2365,5550,2022-09-05,Success
8171,2046,20806,2023-03-13,Cancelled by the passenger
37928,1586,9192,2022-08-21,Success
2790,1746,24200,2022-11-18,Success
17851,786,6092,2022-05-10,Cancelled by the passenger
44175,1054,17082,2022-09-25,Success
21074,231,32256,2022-12-29,Success
34546,1992,25186,2023-03-22,Success
47854,2533,6137,2023-03-04,Success
6562,2442,22984,2023-03-27,Rejected by the driver
59851,2221,26300,2022-12-02,Success
41761,2826,4123,2022-07-29,Cancelled by the passenger
43904,2278,19870,2022-06-19,Success
37234,232,18613,2022-05-09,Success
2429,2847,18771,2022-06-05,Success
7285,1182,30273,2022-10-27,Rejected by the driver
11337,1825,35738,2022-07-16,Success
2308,1488,21296,2022-10-28,Success
29668,498,20726,2022-04-21,Success
47208,1548,5077,2023-03-19,Rejected by the driver
17109,2798,15709,2022-12-03,Cancelled by the passenger
35700,1262,31685,2023-01-21,Success
43013,632,28577,2023-01-20,Cancelled by the passenger
13834,641,8590,2022-08-19,Success
55905,2977,26878,2022-08-03,Rejected by the driver
16688,2820,6062,2022-08-29,Rejected by the driver
35327,2492,21451,2023-04-13,Success
52506,290,32186,2023-04-01,Success
38351,1675,8567,2022-04-22,Success
45192,2499,7942,2022-11-08,Success
40104,2187,29291,2023-02-18,Success
48194,156,3698,2022-06-26,Success
37793,1890,1658,2022-10-06,Success
57349,417,26097,2022-09-03,Success
41646,2569,24052,2022-09-10,Success
31996,2988,15920,2022-07-17,Rejected by the driver
38154,1897,37656,2022-05-11,Success
13903,1930,38486,2023-03-03,Success
51906,2864,26633,2023-04-13,Success
2674,2524,28109,2023-01-04,Success
33131,2936,998,2022-10-11,Success
41974,530,1673,2022-04-27,Success
16946,2884,17463,2023-01-24,Success
50214,1481,12893,2022-09-15,Success
53655,2851,24935,2022-09-12,Rejected by the driver
9623,964,9472,2022-11-22,Success
6169,711,29265,2023-04-06,Success
33043,1768,34091,2022-08-19,Success
52548,714,25514,2022-12-06,Success
31349,1190,22401,2022-11-28,Success
59481,2216,29804,2022-12-16,Cancelled by the passenger
48759,850,2614,2022-03-30,Success
58245,891,16437,2022-09-27,Success
29338,1156,33892,2022-11-17,Rejected by the driver
35512,1292,31334,2023-04-04,Success
12711,1487,18538,2022-11-18,Rejected by the driver
20950,2128,18870,2022-06-23,Success
1039,884,9341,2022-09-05,Success
59664,1826,17295,2022-04-15,Success
28508,2634,25265,2023-02-23,Success
53330,1493,38297,2022-12-23,Cancelled by the passenger
24436,22,27807,2023-02-20,Success
33678,2544,8577,2022-04-05,Success
43476,2597,2443,2022-07-10,Rejected by the driver
43843,608,16525,2022-04-13,Success
36001,2188,5248,2022-04-29,Success
49940,2761,16277,2023-04-06,Success
40098,1661,19268,2022-10-20,Success
42128,87,11855,2022-07-03,Success
28603,940,37584,2022-04-04,Success
31923,1180,10089,2023-02-05,Success
31727,1155,11395,2023-02-01,Success
17090,1382,27896,2022-12-22,Success
21648,2336,31676,2022-07-27,Success
29974,2763,26470,2022-07-26,Success
46319,2529,10370,2022-03-27,Success
28256,2140,3716,2022-12-30,Success
9252,1760,13800,2023-01-18,Success
25203,446,21774,2023-04-11,Success
15693,2049,28188,2022-07-27,Success
3816,1774,7272,2022-09-04,Success
19931,927,35135,2023-03-28,Success
32781,2079,15625,2022-07-05,Success
44726,2363,19138,2023-01-16,Success
34021,533,24725,2023-02-20,Success
10540,2122,26486,2023-04-11,Success
48338,1313,12664,2022-12-25,Success
13003,1243,7383,2023-03-06,Cancelled by the passenger
10579,441,19277,2022-10-23,Cancelled by the passenger
34616,2809,15424,2022-12-04,Cancelled by the passenger
6657,1099,969,2023-04-08,Cancelled by the passenger
13006,195,1293,2022-03-19,Rejected by the driver
12773,1110,19179,2022-12-07,Success
58863,2822,18147,2023-03-15,Rejected by the driver
3778,70,34346,2022-05-01,Rejected by the driver
49684,2281,26118,2022-11-12,Success
20296,1751,23329,2022-11-15,Success
12609,1051,24385,2023-01-18,Success
20982,1038,18018,2022-08-17,Cancelled by the passenger
7326,553,23800,2023-04-11,Success
54080,526,1094,2022-06-18,Success
44433,386,12752,2022-12-18,Success
44091,1384,9084,2022-08-26,Success
21086,1611,29302,2022-04-16,Success
44888,1829,25245,2022-06-12,Rejected by the driver
47602,589,18474,2022-08-10,Success
48613,677,34360,2022-06-26,Success
9150,2063,39942,2022-11-15,Cancelled by the passenger
15897,768,19275,2022-10-30,Success
36773,2537,16837,2022-05-21,Success
2203,2651,32274,2023-03-25,Success
26957,1736,24865,2022-04-22,Success
9686,2435,11535,2022-05-09,Success
35473,2749,2376,2022-07-21,Success
14633,1592,23012,2022-12-19,Success
56652,1068,39205,2022-11-25,Success
14165,1202,7427,2022-07-08,Success
7144,74,39310,2023-01-31,Success
9649,2239,19545,2022-07-17,Success
59992,1675,32016,2022-10-17,Success
7516,323,3197,2022-06-02,Rejected by the driver
46332,2653,5564,2022-10-01,Success
8057,2087,37147,2022-07-17,Success
4450,2398,3116,2022-11-23,Cancelled by the passenger
47906,242,34165,2022-03-16,Success
29786,380,5106,2022-12-25,Success
45832,1091,6695,2022-11-20,Success
54554,26,34288,2022-07-23,Success
18978,266,10217,2023-04-04,Cancelled by the passenger
44904,2776,14806,2022-09-25,Rejected by the driver
56707,21,2622,2022-05-30,Success
12441,2887,37817,2022-09-15,Success
15591,274,6810,2023-02-21,Cancelled by the passenger
14796,2416,5219,2022-10-03,Success
49454,1244,30786,2022-12-14,Success
31172,822,35381,2022-08-31,Rejected by the driver
30612,205,20230,2022-09-16,Success
56224,2228,24004,2023-03-08,Success
38486,380,15700,2022-05-03,Success
29808,2802,22797,2022-08-25,Success
56964,1136,25604,2022-10-15,Success
33019,23,28493,2023-01-15,Success
58723,1102,38137,2022-05-12,Success
54572,2363,31430,2022-03-15,Success
36955,2128,33347,2023-01-02,Success
36281,1812,26453,2022-04-06,Success
14045,271,33693,2022-05-16,Success
9931,2500,28879,2022-09-05,Cancelled by the passenger
47195,2254,5460,2022-12-29,Success
37000,2384,20437,2022-11-10,Success
37031,920,14018,2022-08-25,Success
6226,1672,34790,2022-08-26,Success
36807,2057,15372,2022-12-14,Success
22229,1394,28733,2022-12-26,Success
3596,2299,8828,2022-07-08,Rejected by the driver
17904,798,16549,2022-03-19,Success
34193,74,35166,2023-03-22,Success
38818,2072,38031,2023-01-09,Success
8010,790,6524,2022-07-10,Success
42564,1898,38898,2022-10-18,Success
21582,2076,3231,2022-10-16,Cancelled by the passenger
53356,2865,5470,2023-01-23,Success
38846,1531,26305,2023-01-31,Success
52994,2266,20663,2022-06-12,Success
12312,1898,37861,2023-02-01,Success
40555,2636,3587,2022-09-10,Success
50505,1657,3663,2023-02-23,Rejected by the driver
9338,1496,19486,2022-11-22,Cancelled by the passenger
1825,881,26146,2022-08-25,Rejected by the driver
40882,1652,34501,2023-01-02,Success
11326,2433,27675,2022-06-28,Success
21805,579,11762,2022-12-29,Success
59083,2794,35233,2022-05-01,Success
32243,245,30065,2022-10-05,Success
31997,1455,10120,2022-05-04,Success
53182,1099,29472,2022-10-19,Success
1490,1016,26551,2023-02-11,Rejected by the driver
33693,1993,15865,2023-04-06,Success
15542,613,9727,2023-04-09,Success
23060,1794,21427,2022-05-13,Success
986,2275,22006,2022-05-13,Success
37528,694,35327,2022-03-12,Rejected by the driver
12357,2553,37198,2022-10-05,Success
24639,2253,4045,2022-08-31,Success
46916,589,42,2022-07-16,Success
26079,1914,19947,2022-12-17,Success
27993,702,34720,2022-03-18,Success
18808,2475,39324,2023-01-30,Success
36351,26,27843,2022-06-26,Cancelled by the passenger
48792,2896,3998,2023-03-27,Success
49028,2323,10124,2022-11-07,Rejected by the driver
33649,1164,4321,2023-02-16,Cancelled by the passenger
38208,2250,3706,2022-03-23,Cancelled by the passenger
43872,1146,21222,2022-04-28,Success
36541,929,12836,2023-03-03,Cancelled by the passenger
22126,1339,7776,2022-12-24,Success
21346,624,32957,2022-09-24,Success
38426,455,3468,2022-06-27,Success
29300,1981,13059,2022-10-01,Success
53594,922,6755,2022-04-29,Success
40193,2187,1488,2022-11-12,Success
11064,278,15935,2022-11-17,Success
57929,385,39040,2022-07-16,Success
58193,736,827,2022-07-07,Success
2475,1531,19000,2022-11-15,Success
49065,357,21009,2022-03-18,Success
10360,2920,26471,2022-06-13,Success
13634,1702,23885,2022-09-19,Success
851,2138,2735,2022-10-22,Success
31469,1420,21597,2023-01-21,Rejected by the driver
27962,1224,9323,2022-12-05,Cancelled by the passenger
55252,1698,23613,2022-11-21,Success
56078,138,12230,2023-02-17,Success
10356,2100,727,2022-10-23,Success
21815,661,31172,2022-09-19,Rejected by the driver
50318,1587,13695,2022-05-28,Success
57389,2899,17089,2023-02-04,Success
15521,2909,23618,2022-08-28,Rejected by the driver
6636,2725,19750,2022-03-20,Success
34277,1806,2386,2022-03-26,Success
31555,568,4187,2022-09-16,Rejected by the driver
23084,528,19554,2023-01-06,Rejected by the driver
1038,2558,20228,2022-10-11,Success
37920,1895,8600,2023-01-26,Rejected by the driver
49917,1068,21982,2022-07-09,Success
20614,601,33941,2022-12-10,Success
45261,2413,23049,2022-09-29,Success
25885,2742,18806,2023-01-31,Success
47172,2255,21723,2023-02-24,Success
56594,2788,4134,2022-11-04,Success
50216,2689,20963,2022-09-03,Success
37680,1992,34735,2023-03-31,Cancelled by the passenger
1086,2579,26381,2022-07-26,Success
43251,1200,2340,2022-12-31,Success
48549,2597,8434,2022-09-11,Success
40634,2629,10182,2022-03-26,Rejected by the driver
33051,804,25513,2022-08-21,Success
47227,1279,28057,2022-11-27,Rejected by the driver
57840,1462,6694,2022-11-23,Success
48721,2508,2217,2022-08-31,Rejected by the driver
4306,2244,3885,2022-06-25,Success
16682,1997,33801,2022-04-30,Cancelled by the passenger
952,258,33428,2022-08-26,Success
13734,2276,37194,2022-06-03,Success
46087,1404,32053,2022-10-21,Success
524,100,35687,2023-01-25,Success
50250,1863,30358,2022-09-21,Success
56839,1528,38519,2022-06-16,Success
35792,2685,26141,2022-03-18,Success
34521,2581,2708,2023-02-12,Rejected by the driver
29585,2008,873,2023-01-02,Success
21207,800,6749,2022-10-19,Success
10270,2103,32619,2023-02-14,Success
52387,803,38494,2023-04-03,Success
46031,1369,5393,2022-10-28,Success
1451,430,33274,2022-12-14,Success
41423,2347,34411,2022-08-28,Rejected by the driver
39994,86,27686,2022-09-27,Success
6733,1024,35145,2022-12-27,Success
24151,2361,4592,2023-01-20,Cancelled by the passenger
15414,750,22103,2023-01-16,Cancelled by the passenger
13743,2011,25037,2023-01-25,Success
52380,2595,18845,2022-04-10,Success
41747,504,33016,2023-01-25,Success
53505,565,37638,2022-09-15,Success
22242,2470,22807,2022-12-23,Rejected by the driver
49554,2181,20948,2023-02-03,Success
34100,2281,22703,2023-04-05,Success
41393,1555,24684,2022-06-16,Success
307,1363,2008,2022-12-18,Success
28593,2608,37399,2022-07-02,Rejected by the driver
26273,908,1018,2022-11-21,Success
47026,1886,29043,2023-02-19,Success
679,370,33478,2022-06-24,Success
8727,970,8858,2022-12-30,Success
38283,2702,30165,2022-08-20,Rejected by the driver
20637,1771,20627,2022-04-09,Rejected by the driver
49243,1967,9179,2022-03-12,Success
1373,1193,24708,2022-05-04,Success
52031,462,33399,2022-09-18,Success
55525,1816,785,2022-12-14,Success
21228,224,23051,2022-04-17,Success
50054,572,1766,2022-10-08,Success
49276,2208,8418,2022-04-08,Success
20766,180,7588,2022-07-27,Rejected by the driver
41462,258,26645,2022-09-19,Success
56580,1035,3554,2022-04-01,Cancelled by the passenger
18468,2404,16632,2022-10-30,Success
49496,2479,11592,2023-03-21,Success
56588,2148,24950,2022-07-04,Success
9800,42,14134,2023-02-28,Success
38278,1897,32509,2022-04-15,Rejected by the driver
43524,788,34988,2022-11-22,Success
22321,2777,16347,2022-03-18,Cancelled by the passenger
14437,2790,10973,2022-08-08,Success
9051,282,7354,2022-08-15,Success
890,1015,24423,2022-06-18,Success
51856,544,17653,2022-03-16,Success
53946,1492,10373,2022-07-08,Success
53665,2178,8685,2022-07-17,Cancelled by the passenger
39011,444,30650,2023-01-28,Success
12109,2282,10721,2022-04-22,Success
50238,116,31403,2023-02-03,Cancelled by the passenger
32686,1514,9800,2022-11-29,Success
40939,2001,31763,2022-08-07,Cancelled by the passenger
15413,1449,17501,2022-07-01,Success
28703,427,8980,2022-05-01,Success
57157,2152,1440,2022-09-21,Cancelled by the passenger
50846,2564,24582,2022-07-26,Success
5082,523,12402,2023-04-15,Success
57170,1126,14977,2022-10-23,Success
38446,2799,8543,2022-03-29,Success
4228,1036,34018,2022-04-01,Success
46802,1824,29104,2023-02-16,Success
17324,983,24578,2022-09-04,Success
53369,986,32200,2023-04-13,Success
1136,2699,28522,2022-07-09,Success
42807,2786,3787,2022-12-01,Cancelled by the passenger
57154,2582,27134,2022-05-01,Success
2398,1074,22987,2022-08-04,Success
26325,1821,39853,2022-11-07,Cancelled by the passenger
45164,2927,22958,2022-10-21,Success
16397,1080,20201,2022-06-30,Rejected by the driver
32846,1929,11013,2022-10-21,Cancelled by the passenger
58202,1918,34191,2022-06-16,Success
20542,1059,32313,2022-05-04,Success
28777,2307,26083,2022-06-23,Cancelled by the passenger
18527,1688,31835,2023-01-28,Success
50849,25,7699,2023-04-09,Success
25340,846,19608,2022-06-21,Success
26744,1522,22748,2023-03-03,Rejected by the driver
3990,2508,24689,2023-03-06,Success
32376,1903,16485,2022-10-02,Success
19358,591,7091,2022-12-09,Success
17884,403,19421,2022-05-21,Success
51899,2693,34042,2022-09-22,Success
55824,306,36430,2023-02-01,Success
31179,2310,39183,2022-09-23,Success
3646,2077,30036,2022-05-01,Success
33246,1752,6270,2022-04-16,Success
38511,1613,23955,2023-02-25,Success
56884,2913,1535,2023-01-19,Cancelled by the passenger
48390,500,39316,2023-04-04,Rejected by the driver
1648,792,9035,2022-11-27,Success
28655,507,9872,2022-07-19,Success
53187,863,10339,2023-01-06,Rejected by the driver
3155,1635,3177,2022-06-10,Success
52025,2958,22618,2022-05-24,Success
9516,1772,23362,2022-09-23,Success
55601,421,1715,2022-10-25,Success
20890,1472,32185,2023-04-04,Success
22688,2270,1346,2023-01-10,Success
2491,1974,17187,2023-02-23,Success
3006,511,303,2023-04-01,Success
18964,2054,3728,2022-05-12,Success
45820,711,1521,2022-04-20,Success
6906,1923,8862,2022-08-01,Success
7757,2613,435,2022-09-04,Success
45691,901,6631,2023-01-17,Cancelled by the passenger
46935,113,4136,2022-10-19,Rejected by the driver
36362,411,26884,2023-04-10,Success
29419,1957,38545,2022-05-05,Success
14967,679,11577,2022-11-09,Rejected by the driver
50872,2231,16884,2022-11-28,Success
18480,32,36503,2023-02-22,Success
30008,1326,29032,2022-08-27,Cancelled by the passenger
2309,261,26346,2023-02-27,Rejected by the driver
52879,1795,29962,2022-06-13,Cancelled by the passenger
45641,2450,22449,2022-05-11,Success
48139,1350,28329,2023-02-21,Cancelled by the passenger
38896,2346,4227,2022-06-29,Success
17317,896,30774,2022-07-13,Success
52590,670,2960,2022-07-03,Success
7657,2213,14991,2022-08-01,Success
56917,1358,26340,2022-12-11,Success
49997,1363,24390,2022-08-27,Success
26828,1762,21217,2023-04-11,Cancelled by the passenger
17271,2099,34691,2022-10-17,Success
52812,1730,12354,2023-02-18,Success
25039,1244,30759,2022-05-12,Success
28141,1449,32291,2022-06-17,Cancelled by the passenger
6252,626,24360,2022-08-10,Success
36711,2930,24363,2022-03-27,Success
53889,895,27623,2022-11-06,Success
12222,435,5125,2022-09-09,Success
53845,561,32833,2022-08-10,Success
31921,286,11780,2022-09-11,Success
22626,1113,25264,2022-06-04,Success
49706,2354,24477,2022-11-10,Success
53270,1541,10502,2023-01-06,Success
53795,706,16669,2023-03-12,Success
12412,743,28240,2022-03-13,Success
54086,213,2677,2022-09-28,Success
59834,1441,18452,2022-07-04,Cancelled by the passenger
7940,132,37404,2022-04-26,Rejected by the driver
40986,2806,30747,2023-01-12,Rejected by the driver
4707,1250,32662,2022-09-05,Rejected by the driver
4077,1008,31040,2022-10-31,Success
258,974,3937,2022-05-21,Cancelled by the passenger
52027,1792,1910,2022-09-18,Rejected by the driver
33018,578,29473,2022-09-06,Success
24388,12,32110,2022-08-22,Cancelled by the passenger
43944,1613,35405,2022-08-11,Rejected by the driver
26959,1519,13431,2023-02-25,Success
55979,759,30699,2023-03-26,Rejected by the driver
8568,2900,25689,2022-05-18,Success
38066,1683,21625,2023-02-12,Rejected by the driver
48333,150,5366,2022-09-03,Success
21930,2289,8558,2022-09-16,Success
43805,2150,1757,2023-01-20,Success
58970,1663,7155,2022-05-20,Rejected by the driver
20404,695,11066,2023-03-07,Success
59786,2926,9862,2022-04-06,Success
29640,670,31300,2022-11-03,Cancelled by the passenger
19135,2329,15154,2023-03-31,Success
31790,108,16030,2022-10-17,Success
29911,421,27587,2023-03-04,Success
6185,671,20746,2022-12-06,Success
37621,780,17419,2022-05-29,Success
50565,633,15445,2023-02-19,Success
11660,296,24755,2023-01-01,Success
16671,2649,9343,2023-03-08,Success
3007,2773,237,2022-05-27,Cancelled by the passenger
37041,1132,22008,2022-12-06,Rejected by the driver
47397,556,14973,2022-07-24,Success
24754,2588,7012,2022-07-20,Success
10646,2162,5031,2022-05-18,Success
39124,700,24401,2022-09-09,Success
48835,729,38974,2023-01-08,Rejected by the driver
26574,2250,39315,2022-06-23,Cancelled by the passenger
40896,914,26046,2022-11-29,Success
56364,1962,2993,2023-03-14,Success
37668,181,11246,2023-01-07,Success
56445,241,22071,2022-09-10,Rejected by the driver
56476,248,37202,2022-04-24,Success
19770,504,21485,2022-08-23,Rejected by the driver
31577,1037,27822,2023-02-24,Rejected by the driver
9942,2394,9223,2022-05-18,Success
42724,2614,19582,2022-09-18,Success
54195,1040,32382,2022-05-26,Success
57705,934,37545,2022-10-24,Success
28752,1707,21764,2022-07-03,Success
32484,2493,11345,2022-07-12,Success
17084,2894,13785,2023-01-03,Cancelled by the passenger
37536,1291,35682,2022-07-05,Success
42739,1225,10820,2022-07-15,Cancelled by the passenger
55857,456,31813,2022-09-01,Success
20556,2675,14692,2022-08-20,Success
13068,63,588,2023-04-04,Success
2163,1822,23544,2023-01-24,Success
15364,900,26831,2023-01-07,Rejected by the driver
32035,611,2094,2022-12-11,Success
55829,2201,36083,2022-08-20,Success
28160,1472,29833,2022-04-12,Success
43279,507,19263,2022-08-31,Rejected by the driver
52920,1562,21629,2022-04-06,Rejected by the driver
57711,604,10000,2022-04-06,Success
15204,142,10807,2022-04-11,Success
15961,672,11898,2023-02-11,Success
37966,32,26281,2023-03-06,Success
44672,118,3390,2022-06-19,Rejected by the driver
40105,574,18508,2022-12-02,Success
20865,1012,28607,2023-04-14,Cancelled by the passenger
34869,2046,4993,2023-03-13,Rejected by the driver
48927,820,8813,2023-04-09,Success
25293,649,11435,2022-03-28,Cancelled by the passenger
58381,1733,25480,2022-12-08,Success
51158,2289,37628,2023-02-15,Success
34156,1263,13813,2022-11-20,Success
18208,473,30826,2022-06-23,Success
43184,1248,38723,2022-05-08,Success
27494,1520,10397,2022-03-28,Success
40998,2275,27089,2022-10-11,Cancelled by the passenger
10793,2654,29603,2023-02-09,Success
33124,1425,7636,2022-12-27,Success
50456,2844,27359,2022-05-10,Success
22465,95,25477,2022-09-26,Rejected by the driver
33749,293,5758,2022-12-11,Rejected by the driver
34682,2665,2094,2022-10-20,Success
46487,2436,37313,2022-07-12,Success
19899,675,17575,2023-01-20,Success
55571,475,19220,2022-12-25,Cancelled by the passenger
42275,802,6129,2022-04-27,Rejected by the driver
40746,2252,38912,2022-10-04,Success
51331,1138,11003,2023-01-23,Success
5238,1177,33349,2023-04-01,Cancelled by the passenger
28865,1844,36081,2023-03-20,Rejected by the driver
56338,1995,5558,2022-12-10,Success
39128,797,10890,2022-07-15,Success
28288,1152,28700,2023-01-13,Success
5158,289,17451,2022-07-20,Rejected by the driver
38295,705,18562,2022-04-23,Success
37029,2342,15894,2023-01-26,Success
20716,2764,1191,2022-12-08,Rejected by the driver
18672,1929,16332,2022-10-20,Success
15185,399,34463,2023-02-06,Cancelled by the passenger
47713,887,31915,2022-09-21,Success
25633,2185,35288,2023-03-25,Success
2572,2447,23857,2022-10-11,Rejected by the driver
32438,417,7277,2023-01-19,Success
47463,2494,14358,2023-02-07,Cancelled by the passenger
49185,547,10906,2022-09-08,Success
22886,2870,4303,2022-11-23,Success
38055,941,27172,2022-11-05,Rejected by the driver
29099,1497,1554,2022-11-17,Cancelled by the passenger
9168,2555,32362,2022-07-31,Success
52606,621,12256,2023-04-03,Rejected by the driver
11274,1810,6897,2022-09-08,Success
44080,148,20586,2022-09-04,Success
44597,1432,19652,2023-01-26,Cancelled by the passenger
24634,2225,32539,2022-09-19,Success
31567,1046,5263,2022-09-17,Success
47282,1752,18258,2022-10-26,Success
37179,1978,10367,2022-12-17,Success
10779,1630,5850,2023-03-29,Rejected by the driver
56113,2258,12859,2022-08-18,Success
56152,125,28929,2022-08-22,Success
58203,84,26086,2022-12-03,Success
56380,1083,3769,2022-12-01,Success
8547,141,19617,2022-09-12,Success
14064,1784,19666,2023-02-11,Success
34096,354,3008,2022-06-06,Success
39983,2875,12601,2023-01-07,Success
42792,516,6687,2022-06-10,Rejected by the driver
54512,85,7770,2023-01-17,Rejected by the driver
30019,1425,29256,2022-12-05,Rejected by the driver
22191,2228,30841,2022-10-21,Success
10615,1609,17109,2022-11-13,Success
38526,1187,3908,2023-03-20,Success
51,1937,19573,2022-07-04,Success
59907,1574,24225,2023-02-17,Success
8130,1515,19025,2022-10-11,Rejected by the driver
34720,289,34775,2023-04-03,Success
16721,2070,32554,2022-09-19,Rejected by the driver
22456,1754,13651,2022-12-31,Success
42407,1599,25617,2022-03-19,Success
46980,1214,22468,2023-02-12,Success
478,2524,14239,2022-10-05,Success
31932,2217,22752,2022-04-11,Success
24510,832,13274,2022-05-05,Success
52430,843,32605,2022-11-22,Rejected by the driver
49235,2626,11870,2023-01-18,Success
30567,732,18374,2023-03-12,Cancelled by the passenger
41488,1719,7103,2022-10-09,Success
30367,2969,39418,2022-12-25,Success
11600,2548,27305,2022-11-02,Success
6799,480,34510,2022-07-13,Success
54053,2465,25488,2022-04-26,Success
14183,1611,17332,2023-04-15,Success
20367,1930,36257,2022-07-05,Success
57265,578,2829,2023-02-12,Success
36934,40,5315,2023-03-19,Success
59138,116,20916,2022-05-20,Cancelled by the passenger
40854,2387,97,2023-03-10,Cancelled by the passenger
12885,2935,6994,2022-11-20,Success
7330,1972,35350,2022-06-23,Rejected by the driver
4383,645,8869,2022-11-14,Success
50589,2200,7269,2023-01-25,Cancelled by the passenger
56495,1632,31130,2022-07-25,Success
19987,2882,37435,2022-06-23,Success
15121,2503,24393,2022-08-20,Cancelled by the passenger
35499,770,26100,2022-07-03,Rejected by the driver
999,1187,16444,2022-06-29,Cancelled by the passenger
49106,1309,19682,2022-11-17,Success
36473,2342,16121,2022-05-12,Success
23362,1186,1089,2023-03-21,Success
36698,925,22397,2023-02-17,Cancelled by the passenger
12552,2376,34590,2022-12-23,Success
25600,1404,29725,2023-01-08,Success
33804,2827,35937,2023-04-10,Success
47200,1683,9904,2022-06-02,Success
32883,167,31102,2022-12-14,Success
27852,2833,27459,2022-03-23,Success
56514,581,8806,2022-07-22,Success
12732,2882,11090,2023-01-07,Success
58598,783,4091,2022-06-05,Success
33891,1368,28144,2023-03-20,Rejected by the driver
8411,966,15640,2022-09-06,Success
49776,2757,2604,2022-05-23,Success
34653,2701,19811,2022-03-13,Success
59032,1194,8535,2022-09-17,Rejected by the driver
57125,1471,7429,2022-11-25,Success
49971,2345,34630,2022-10-18,Rejected by the driver
36619,2458,33534,2022-11-16,Success
31542,1735,37512,2022-09-14,Success
29143,93,12377,2022-10-24,Rejected by the driver
32320,1191,6970,2022-03-16,Success
8273,1372,26419,2023-04-11,Success
36365,951,19775,2022-04-02,Rejected by the driver
57296,1296,13234,2022-03-21,Rejected by the driver
11760,454,34763,2023-03-11,Success
19120,104,799,2022-08-31,Success
45936,2234,10607,2022-12-06,Success
14604,290,15754,2023-01-23,Success
26333,1791,11763,2022-05-28,Rejected by the driver
40505,1070,38131,2022-03-12,Cancelled by the passenger
28145,2582,10264,2022-07-24,Success
54107,2136,36764,2022-11-05,Success
2965,2746,5082,2022-12-02,Success
55613,2786,36201,2022-09-19,Success
15049,1704,35024,2022-04-03,Rejected by the driver
26162,963,26072,2022-09-17,Rejected by the driver
45980,2796,31578,2023-02-15,Rejected by the driver
10517,183,17351,2022-07-05,Success
19105,2454,37547,2022-12-25,Rejected by the driver
19608,1820,15153,2023-02-26,Rejected by the driver
15269,864,18491,2022-07-12,Cancelled by the passenger
33094,62,3277,2022-03-28,Rejected by the driver
54736,579,12226,2022-07-31,Success
44115,1746,34360,2022-05-02,Success
46920,1792,18481,2022-09-02,Success
57863,2716,39919,2022-12-13,Success
15214,2837,28850,2022-04-04,Success
57275,1232,16368,2022-10-27,Success
18442,2415,12886,2022-07-24,Cancelled by the passenger
24633,53,22818,2022-06-26,Success
50501,1318,2979,2022-08-20,Cancelled by the passenger
58976,2890,31242,2023-01-04,Success
4337,2614,26781,2022-07-07,Success
6359,1902,19723,2022-04-11,Success
8820,1288,36903,2022-06-17,Success
24767,1858,33081,2022-11-28,Success
7889,2860,34538,2023-02-15,Success
28693,2764,18732,2022-04-07,Rejected by the driver
32189,305,3704,2022-08-23,Success
43105,121,25359,2022-06-14,Success
28540,317,3172,2022-11-26,Success
8551,1695,19447,2022-06-08,Cancelled by the passenger
30848,1185,20801,2022-10-30,Cancelled by the passenger
51147,2203,15800,2022-10-03,Success
19977,1991,9758,2022-09-05,Rejected by the driver
20030,1624,29257,2023-01-28,Success
31992,294,3085,2022-10-31,Success
59682,2260,23950,2022-10-13,Cancelled by the passenger
35077,2673,37979,2022-09-02,Cancelled by the passenger
50574,150,25974,2022-07-20,Success
52359,1328,8940,2022-09-21,Success
11235,1622,1518,2023-01-11,Success
30411,855,7978,2023-02-27,Success
59659,1006,13350,2022-06-24,Success
6792,2237,18192,2023-03-17,Success
44588,714,26755,2023-01-01,Success
32160,2714,18212,2022-12-04,Rejected by the driver
51659,1926,12499,2023-01-17,Success
3419,1471,16807,2022-10-20,Success
48960,1104,20820,2022-11-04,Rejected by the driver
48298,1400,26053,2022-12-17,Cancelled by the passenger
57944,1316,3049,2022-10-04,Success
51592,367,12773,2022-09-18,Rejected by the driver
38853,1669,3287,2022-09-05,Success
49180,2476,39979,2022-11-03,Success
5081,2027,15411,2022-11-16,Success
28460,1589,17948,2023-01-17,Cancelled by the passenger
31637,2929,4648,2023-01-31,Success
52550,2947,11654,2023-02-15,Success
17942,647,10746,2022-12-10,Success
35604,1875,30286,2023-03-26,Success
14734,1517,10535,2022-09-02,Success
13735,2949,11801,2023-03-14,Cancelled by the passenger
36556,1721,25606,2022-10-20,Success
28732,2435,17645,2022-07-01,Success
1512,1177,19925,2022-08-14,Cancelled by the passenger
24619,1372,23418,2023-03-25,Success
37213,251,17764,2022-09-18,Success
59434,1345,16426,2023-04-05,Success
55062,1015,11086,2022-03-28,Success
39403,638,16878,2022-06-03,Success
45890,885,6617,2022-11-16,Success
59403,660,18931,2023-02-28,Success
10141,2974,11485,2023-01-24,Cancelled by the passenger
13345,456,31990,2023-02-10,Success
11279,2154,16778,2023-01-14,Success
32491,1354,25305,2022-03-30,Rejected by the driver
13315,1328,12,2022-03-20,Success
42797,1366,24766,2023-02-07,Success
14765,2110,33178,2023-03-17,Success
44543,1661,25255,2022-11-15,Success
59720,1509,171,2023-04-09,Success
35847,2036,29258,2022-08-21,Success
40341,982,29797,2022-06-11,Success
43531,2864,16139,2022-07-13,Success
10555,896,8920,2022-05-17,Cancelled by the passenger
34043,2785,11494,2022-10-21,Rejected by the driver
745,2801,18530,2022-09-25,Success
28150,223,30588,2022-03-19,Success
47292,1676,12703,2022-11-08,Success
5171,107,10007,2022-05-24,Success
55077,1540,33504,2022-08-18,Success
13176,412,2901,2022-06-11,Success
55068,1015,7672,2022-03-23,Success
18589,2235,2680,2023-04-13,Success
22275,2586,38022,2022-04-13,Success
3742,2988,14156,2022-05-20,Success
56659,1933,37389,2023-03-04,Success
36039,1420,7395,2022-09-14,Success
55273,2823,24890,2022-05-15,Success
56021,1616,3461,2022-08-08,Success
21028,257,329,2022-03-15,Success
29913,1288,8409,2022-12-29,Success
33115,285,34460,2022-06-26,Rejected by the driver
26789,77,23059,2022-06-09,Success
38427,2732,19461,2023-01-01,Success
11927,2488,7947,2022-09-28,Success
43545,2261,30458,2023-03-20,Success
57406,584,28050,2022-12-28,Cancelled by the passenger
19613,1911,16109,2022-12-18,Success
59295,1911,19534,2022-06-06,Rejected by the driver
50867,1742,14705,2023-03-05,Cancelled by the passenger
25617,135,7594,2022-09-26,Cancelled by the passenger
463,831,15845,2022-08-26,Rejected by the driver
19281,210,12050,2022-03-31,Success
17392,865,39344,2022-10-14,Rejected by the driver
19775,853,25794,2023-03-01,Cancelled by the passenger
37942,1932,23648,2023-01-09,Cancelled by the passenger
6035,2989,17816,2022-05-11,Success
42899,1371,10148,2022-10-29,Success
27638,2568,21412,2022-10-24,Success
54816,1647,32350,2022-12-07,Cancelled by the passenger
33798,1576,2783,2023-03-18,Success
50724,903,30989,2022-06-24,Success
45369,160,38500,2022-06-16,Rejected by the driver
29771,2191,30590,2022-06-03,Rejected by the driver
46769,825,21817,2023-01-21,Success
27990,2449,9329,2022-08-31,Success
46856,2349,34384,2022-06-11,Success
12696,568,38564,2022-08-10,Success
26430,351,9091,2022-07-22,Success
55424,1089,2716,2023-01-21,Success
38110,94,1663,2022-11-25,Success
54933,314,27468,2023-01-23,Success
48274,721,4423,2023-03-13,Success
15551,2713,12048,2022-03-26,Cancelled by the passenger
46732,2065,9658,2022-08-19,Success
8172,1444,16269,2023-02-23,Rejected by the driver
32967,21,2963,2023-01-22,Success
20289,799,31000,2022-12-15,Success
21422,542,14338,2022-04-23,Success
35840,2104,9314,2023-02-22,Cancelled by the passenger
48069,1069,1077,2022-05-09,Rejected by the driver
42993,1909,19852,2022-06-20,Cancelled by the passenger
58722,2737,29944,2022-09-14,Success
8461,53,153,2022-12-17,Success
35093,1877,21427,2022-07-22,Success
20329,1028,1350,2022-09-13,Success
31853,1566,5364,2023-02-25,Success
20076,519,29723,2022-09-12,Success
35607,723,38257,2022-07-04,Success
48551,1519,2779,2023-03-29,Success
50241,404,35979,2022-08-01,Success
37375,1459,967,2022-08-21,Success
18794,2697,27668,2022-06-24,Success
6433,1099,5057,2022-08-13,Success
33523,2370,19488,2022-03-24,Rejected by the driver
37318,2853,5489,2022-09-21,Success
11333,1780,39427,2022-06-30,Success
41258,2461,11698,2022-07-10,Success
13975,586,25068,2023-01-03,Cancelled by the passenger
52015,1715,7887,2023-02-16,Success
15516,1613,17321,2022-12-02,Success
49075,1718,1963,2023-01-30,Success
40303,794,27517,2022-04-24,Rejected by the driver
35442,1426,22753,2022-04-09,Success
88,1763,19852,2023-01-13,Success
15132,581,10159,2022-11-25,Success
6642,1620,4697,2022-09-27,Success
59836,2519,26839,2023-03-02,Success
26260,2965,33526,2022-12-01,Success
18766,152,18043,2022-11-27,Success
26906,206,15106,2022-07-17,Success
12202,1048,38747,2022-07-19,Success
28756,150,17619,2023-04-12,Success
35782,400,32620,2022-06-18,Success
18580,2732,15651,2022-07-17,Success
8877,153,26582,2023-04-03,Cancelled by the passenger
35955,3,25133,2023-03-16,Cancelled by the passenger
17524,1061,30056,2022-05-06,Rejected by the driver
38670,2037,22272,2023-03-08,Success
8102,574,29532,2022-06-12,Rejected by the driver
54152,221,1437,2022-12-23,Success
37161,2898,5366,2022-06-04,Rejected by the driver
22128,2280,26350,2022-04-06,Success
33803,1128,4279,2022-05-02,Success
11737,1325,21831,2022-03-28,Success
10967,793,6553,2022-04-02,Success
29547,1620,38666,2022-12-29,Success
13124,971,37307,2022-11-15,Success
45981,1604,22841,2022-07-30,Success
41535,1285,27207,2023-02-25,Success
30389,107,18990,2023-01-06,Success
46201,2292,2410,2022-10-26,Cancelled by the passenger
20837,1506,19488,2022-05-17,Success
38267,2356,7376,2022-07-21,Cancelled by the passenger
37132,564,36322,2022-08-07,Success
39819,896,817,2022-04-12,Rejected by the driver
14343,1374,11294,2023-01-06,Success
51084,1175,24305,2022-07-23,Success
51546,1574,16010,2022-09-08,Success
30859,278,14174,2023-04-08,Success
23674,2557,16530,2022-06-01,Cancelled by the passenger
41756,1204,39072,2022-06-11,Success
19115,1339,4272,2022-10-09,Success
36456,2565,3298,2023-01-09,Success
24672,1022,29845,2022-03-17,Success
21658,2709,8976,2022-10-29,Success
58088,2467,19076,2022-09-26,Success
28952,2990,18973,2022-11-19,Success
33273,1001,20499,2022-06-03,Rejected by the driver
40259,2906,33711,2022-10-07,Success
56473,2300,25855,2022-11-11,Success
28028,113,30857,2022-12-02,Success
36566,790,15963,2022-08-05,Success
50321,769,32682,2022-08-18,Success
4267,1728,36115,2022-05-13,Success
32744,2639,31962,2023-01-23,Success
54367,1374,762,2023-02-17,Success
21219,1539,31750,2023-01-28,Success
7718,2401,29082,2022-10-07,Success
42514,1470,7220,2022-12-21,Success
55379,558,21518,2022-08-11,Success
42439,683,38545,2022-04-14,Success
41357,2588,9778,2022-04-12,Cancelled by the passenger
55685,392,22019,2022-12-16,Success
58090,2433,7215,2023-03-14,Success
22244,249,13914,2022-07-24,Success
27267,379,31548,2022-05-12,Success
37804,1410,32496,2022-09-06,Success
35625,1981,34847,2022-09-24,Success
34166,1903,22660,2022-10-28,Cancelled by the passenger
17546,747,5055,2023-01-09,Success
29873,1650,34621,2023-02-13,Rejected by the driver
41742,1189,20600,2023-03-12,Success
16689,2871,11267,2023-03-09,Success
42664,767,15010,2022-03-21,Success
35929,2401,28780,2023-04-05,Success
6731,2057,6207,2022-10-09,Success
18747,2020,2276,2023-03-13,Success
59965,417,16700,2022-11-30,Cancelled by the passenger
20454,1269,39365,2022-08-24,Success
31871,980,657,2022-09-14,Success
57587,230,4156,2022-07-25,Success
39088,2841,22478,2022-07-01,Success
45962,970,13572,2023-02-14,Success
52965,2872,27887,2022-11-13,Success
30811,19,8767,2022-09-21,Success
2949,1580,7424,2022-04-01,Success
3588,628,29909,2022-05-17,Success
34149,623,22770,2023-02-14,Success
47188,2154,36066,2022-08-21,Rejected by the driver
57476,2868,2341,2022-07-08,Success
30665,1859,20394,2022-10-31,Rejected by the driver
7723,1029,22776,2022-09-03,Success
9116,303,36724,2022-06-07,Success
28025,1042,7223,2022-06-18,Success
8498,1465,35983,2022-12-18,Success
35528,1419,28508,2022-04-02,Cancelled by the passenger
43751,2411,963,2022-11-17,Success
24114,1977,12102,2023-01-09,Success
57696,2924,33393,2022-06-13,Cancelled by the passenger
6597,846,10784,2023-03-19,Success
35040,8,29670,2022-05-20,Success
43734,1621,10129,2022-05-19,Success
8783,27,28318,2022-11-10,Success
42444,1802,15546,2022-12-23,Success
7464,1363,13376,2022-12-05,Cancelled by the passenger
55755,2789,11217,2022-06-01,Rejected by the driver
13556,2027,35984,2022-06-02,Rejected by the driver
2520,2285,10775,2022-08-28,Success
25671,1482,31682,2022-12-01,Success
49769,2506,35204,2022-12-03,Success
61,2142,26406,2022-06-04,Success
53537,1631,11068,2022-05-27,Success
426,573,22276,2023-02-08,Success
37740,185,25334,2022-08-13,Success
16056,40,6269,2022-11-09,Success
34569,1571,24142,2022-10-08,Success
49865,2068,34558,2023-01-18,Success
20242,777,10775,2022-06-27,Success
20162,1583,9507,2022-09-23,Success
39274,721,2911,2022-07-06,Cancelled by the passenger
36374,2493,23503,2022-05-27,Rejected by the driver
49253,695,13714,2022-08-30,Cancelled by the passenger
9169,1440,2195,2022-03-12,Success
58161,242,1486,2023-01-08,Cancelled by the passenger
38614,392,22083,2022-06-30,Success
2678,2894,25845,2022-11-06,Success
21041,2818,6098,2023-01-19,Cancelled by the passenger
8463,1576,33585,2022-07-21,Cancelled by the passenger
28051,986,14339,2022-10-14,Success
42287,689,23622,2023-03-04,Success
42553,1252,38287,2022-06-26,Cancelled by the passenger
32479,2671,15144,2022-03-12,Success
41019,2305,5334,2022-07-19,Success
43943,2272,24643,2022-08-27,Rejected by the driver
57935,1108,23203,2022-08-14,Success
7434,1872,6988,2022-07-27,Rejected by the driver
23062,2018,24313,2023-03-27,Success
16541,2169,13466,2022-08-07,Success
48060,2923,1448,2022-04-21,Success
25890,618,26372,2022-12-29,Success
18304,709,17005,2022-11-14,Success
2830,336,39313,2022-06-15,Rejected by the driver
28630,2254,32756,2023-03-07,Rejected by the driver
1953,761,15015,2022-06-08,Success
10743,897,30739,2022-11-28,Success
15102,416,27116,2022-12-22,Success
52928,371,22033,2023-04-06,Rejected by the driver
29445,1149,37800,2022-08-10,Success
23274,2850,3827,2023-02-03,Success
50890,968,26392,2022-09-22,Success
40987,1949,10978,2022-06-08,Success
25862,1223,3230,2022-04-22,Success
9320,108,25542,2022-08-30,Success
57407,2443,7813,2022-05-16,Success
54185,2449,32564,2022-06-29,Rejected by the driver
33818,819,30861,2022-09-24,Cancelled by the passenger
24505,2587,12286,2022-10-17,Success
24522,212,8730,2022-03-22,Success
43101,2741,5599,2022-06-12,Success
11640,1087,26197,2023-04-02,Success
6987,648,24620,2023-02-05,Success
46159,627,37827,2022-08-20,Rejected by the driver
11830,891,13129,2022-11-09,Success
58435,157,37752,2022-07-21,Rejected by the driver
55972,958,22840,2022-10-24,Cancelled by the passenger
10253,2713,17859,2022-05-08,Success
17732,2013,33242,2023-03-26,Success
47355,2993,39873,2022-05-15,Success
44077,2517,25545,2023-03-06,Success
26340,1900,20659,2022-11-23,Success
27848,2296,22769,2023-02-17,Rejected by the driver
44359,57,9735,2022-12-31,Success
42920,249,33364,2023-02-24,Success
5303,62,34135,2023-03-07,Success
12692,766,37537,2022-05-19,Success
37269,924,31186,2022-06-18,Cancelled by the passenger
24629,817,24547,2022-06-02,Success
56581,1345,23278,2022-09-26,Success
43241,2605,34148,2023-04-15,Cancelled by the passenger
31300,1147,34858,2022-12-08,Success
24372,126,29521,2022-06-29,Rejected by the driver
56893,1765,24176,2022-03-28,Success
33175,1047,2523,2022-12-04,Success
41801,2881,13989,2022-05-16,Success
25846,1664,7280,2022-07-18,Success
48874,2200,22857,2023-01-09,Success
37677,2551,36812,2023-02-23,Rejected by the driver
20975,2222,17996,2022-07-27,Success
49094,122,13434,2022-05-20,Success
31315,1890,11073,2022-12-21,Rejected by the driver
49295,414,485,2022-12-04,Success
23138,2948,9876,2023-02-26,Success
763,736,4991,2023-02-07,Success
59503,1140,17,2022-11-11,Success
25605,2903,29914,2023-04-02,Success
55938,494,28493,2022-04-04,Success
41956,1523,38790,2022-03-22,Success
2176,2636,9407,2022-07-21,Success
9434,2666,26899,2023-01-18,Success
5229,2210,10575,2023-01-07,Success
48978,522,23008,2022-10-22,Success
25328,1029,26799,2022-08-16,Cancelled by the passenger
51532,2327,35674,2023-02-22,Rejected by the driver
50946,445,10611,2022-10-22,Rejected by the driver
10132,1446,20434,2022-07-16,Success
42919,2346,1366,2022-08-27,Cancelled by the passenger
22669,2665,5677,2022-07-17,Success
44998,296,37592,2022-06-04,Success
8712,2510,26493,2022-05-23,Cancelled by the passenger
54382,2212,194,2022-12-05,Success
42538,132,13671,2023-02-23,Success
11126,2203,24419,2023-03-02,Success
29521,2642,25115,2022-04-01,Success
1596,1856,21716,2022-11-15,Success
22638,2755,7595,2023-03-14,Success
3754,203,25488,2023-01-22,Rejected by the driver
20560,2421,19406,2022-11-13,Rejected by the driver
57922,2506,24600,2022-03-21,Rejected by the driver
32880,2606,37058,2022-12-05,Cancelled by the passenger
4598,2629,21948,2022-05-27,Cancelled by the passenger
42785,1222,1164,2023-02-14,Rejected by the driver
15925,1811,8250,2022-09-30,Success
49524,2387,27277,2023-02-09,Success
48501,772,3069,2022-09-26,Success
41728,107,1543,2022-07-09,Success
23200,967,29621,2022-08-17,Success
3880,934,14182,2022-09-10,Success
10913,2215,6400,2022-06-19,Cancelled by the passenger
13459,1225,20987,2022-10-01,Success
1787,1489,17147,2022-09-11,Cancelled by the passenger
57933,1732,13467,2022-09-11,Success
1392,1529,9681,2022-09-23,Success
40001,2716,2548,2022-06-10,Cancelled by the passenger
53737,2539,37130,2022-06-24,Cancelled by the passenger
47643,2372,29091,2023-01-28,Success
13894,1719,37563,2022-07-17,Rejected by the driver
32629,1771,4234,2022-06-26,Success
50635,1153,33043,2022-09-19,Success
34248,1835,32747,2023-01-14,Rejected by the driver
32012,2893,31669,2023-03-26,Success
36100,1102,5024,2023-03-02,Cancelled by the passenger
1768,2938,38242,2022-12-01,Rejected by the driver
9381,1284,31482,2022-04-22,Rejected by the driver
56332,1145,20639,2023-01-20,Success
4608,1137,26233,2023-02-22,Success
13552,88,35824,2022-04-11,Success
24416,1468,16842,2022-06-21,Rejected by the driver
49404,2688,32052,2022-07-26,Rejected by the driver
39854,111,19562,2022-04-27,Success
37006,1484,35218,2023-01-31,Success
27304,650,30320,2022-04-21,Success
18283,2399,4096,2022-11-21,Success
27581,1478,25160,2023-01-07,Success
24370,2781,27273,2022-12-02,Rejected by the driver
58055,479,20948,2023-03-18,Success
32698,1525,704,2023-01-10,Success
35467,2304,18480,2022-05-17,Success
36254,2825,33631,2022-08-14,Success
44453,667,21052,2022-08-11,Success
7299,1222,13409,2022-07-19,Success
11112,1403,2733,2022-04-29,Success
20703,351,27471,2023-01-18,Success
26442,1799,6456,2023-04-08,Rejected by the driver
52281,1062,22382,2022-07-13,Cancelled by the passenger
49750,422,15390,2023-01-26,Success
26873,1326,12714,2023-04-15,Cancelled by the passenger
33304,831,17332,2022-09-05,Success
9521,2684,10365,2022-09-06,Success
49867,2374,11683,2022-09-19,Success
18949,2263,11237,2022-11-22,Cancelled by the passenger
39960,1301,4592,2022-06-10,Success
52787,220,12436,2022-07-28,Success
39646,1008,35162,2022-06-12,Success
1041,1490,5889,2022-06-29,Success
29048,960,20153,2022-10-13,Success
52643,1616,16366,2022-04-27,Success
35314,570,13181,2022-10-01,Success
6574,420,10052,2023-01-27,Success
53595,2352,4975,2023-03-20,Rejected by the driver
47830,288,20532,2023-02-14,Success
1659,470,7684,2022-10-20,Success
9749,795,39099,2023-03-26,Rejected by the driver
39573,959,4930,2023-03-17,Cancelled by the passenger
36301,1752,33730,2022-06-19,Success
13566,2031,38218,2022-08-07,Rejected by the driver
21066,394,35899,2023-03-07,Success
32290,471,15669,2022-08-21,Success
49946,277,16152,2022-10-08,Success
29259,1981,36538,2022-12-09,Success
23502,641,18934,2022-03-30,Success
16058,626,165,2022-07-23,Rejected by the driver
15585,2771,33803,2022-08-01,Success
1802,1982,37488,2022-10-26,Rejected by the driver
55063,1145,7218,2022-03-13,Cancelled by the passenger
55468,945,36190,2022-10-10,Success
58385,2560,25362,2022-10-13,Rejected by the driver
47882,817,21792,2022-08-21,Rejected by the driver
36892,2960,29339,2023-02-04,Success
12776,1740,25154,2023-02-27,Success
12580,1979,8574,2023-02-18,Success
4265,2964,14438,2022-04-18,Success
20902,2807,25424,2023-01-29,Success
583,2352,4995,2022-11-05,Success
47851,2640,13571,2022-11-19,Success
26317,1904,2094,2022-07-14,Rejected by the driver
29414,2900,14022,2022-10-14,Rejected by the driver
45710,863,30159,2022-05-31,Success
6094,81,15096,2022-08-16,Success
19627,1258,31830,2023-01-18,Success
50869,1778,1384,2022-09-24,Success
716,497,1309,2022-05-25,Success
24556,1642,37279,2022-09-11,Success
3593,2424,25090,2023-03-25,Success
47097,386,24629,2022-08-21,Success
28318,1541,12588,2022-05-19,Success
25184,2598,5297,2022-10-27,Rejected by the driver
54057,1910,2385,2023-02-05,Success
17844,2340,38622,2022-08-25,Success
4823,2870,15696,2023-01-05,Success
40195,1135,734,2022-08-23,Success
6949,2714,579,2023-03-05,Rejected by the driver
57030,1635,17830,2022-07-05,Success
59991,1726,32003,2023-02-01,Success
22140,1213,34465,2022-11-03,Rejected by the driver
6548,543,12224,2023-03-09,Success
28390,1547,3103,2022-07-30,Success
50356,961,9581,2022-05-18,Rejected by the driver
2748,131,35809,2023-03-07,Success
10956,2380,20388,2022-08-10,Cancelled by the passenger
27334,2897,1293,2023-01-08,Success
13721,2523,26720,2022-07-07,Cancelled by the passenger
36475,1009,24239,2023-01-29,Success
49798,1295,9691,2023-03-07,Cancelled by the passenger
36743,2378,38590,2022-03-29,Success
17699,178,30043,2023-02-19,Success
42478,220,31112,2023-04-03,Rejected by the driver
45625,797,39603,2022-10-16,Success
57063,1007,25946,2022-06-14,Success
7855,2165,1515,2022-11-23,Cancelled by the passenger
14784,43,30571,2022-09-25,Success
51511,1636,37468,2022-05-13,Success
59350,2555,2914,2022-08-10,Success
12630,636,3431,2022-09-04,Success
32475,1711,17992,2022-08-13,Success
10740,1291,11282,2022-10-06,Cancelled by the passenger
2518,1729,28416,2022-06-28,Success
46783,2837,26142,2022-11-21,Rejected by the driver
53694,1741,28779,2022-08-18,Success
53735,1224,32898,2023-04-01,Rejected by the driver
35532,1498,16190,2022-11-14,Success
35147,1844,20735,2022-05-24,Success
24538,654,17182,2022-04-12,Success
50061,2376,12759,2022-11-19,Success
13090,863,28353,2022-08-14,Success
13765,209,14111,2023-02-13,Success
29667,778,13969,2022-08-18,Rejected by the driver
25041,2472,24196,2022-11-03,Cancelled by the passenger
57991,257,6543,2022-05-15,Rejected by the driver
34759,2812,11064,2023-03-06,Success
55347,2773,15717,2023-02-02,Rejected by the driver
7955,1645,29787,2022-07-30,Success
25088,1154,24976,2022-11-08,Success
41570,2393,32512,2022-04-11,Cancelled by the passenger
2444,1566,22434,2022-05-25,Success
24253,154,25168,2022-11-09,Cancelled by the passenger
7232,658,31580,2022-05-06,Success
44991,2347,30978,2022-07-12,Success
32006,2390,7059,2023-03-08,Success
52074,992,26161,2022-08-27,Success
39255,454,23212,2023-02-07,Success
9226,821,7529,2022-05-21,Success
22489,1590,24293,2022-08-13,Cancelled by the passenger
57031,1967,17992,2022-06-30,Success
55298,2463,38089,2022-09-04,Success
51767,410,16383,2022-03-27,Success
28550,1407,29695,2022-05-23,Success
59177,1667,24341,2022-04-15,Success
5706,451,30448,2023-01-19,Success
58294,869,28809,2022-11-23,Success
24051,2865,6855,2022-08-01,Rejected by the driver
56107,206,778,2022-04-10,Success
5649,2001,3452,2022-11-17,Success
25629,220,12650,2022-10-20,Success
59557,1927,26248,2022-10-03,Success
53888,2074,14774,2022-07-17,Success
50200,2159,39805,2022-12-01,Success
45822,317,8380,2022-05-13,Rejected by the driver
23486,474,11076,2023-02-01,Cancelled by the passenger
8380,884,11946,2022-12-13,Success
55750,906,1960,2022-03-25,Success
32081,1827,31171,2022-10-29,Success
47934,1319,7788,2022-08-19,Success
26153,1311,18783,2022-10-30,Success
53491,2325,19473,2023-01-21,Success
18224,751,13059,2023-04-12,Success
18266,456,12877,2022-07-28,Success
7835,90,13935,2023-03-04,Cancelled by the passenger
44070,1699,25229,2022-07-25,Success
30188,2015,32903,2022-08-02,Success
8089,1780,34891,2022-06-16,Success
10637,1515,6980,2022-08-13,Cancelled by the passenger
15278,63,37079,2022-09-08,Success
13338,1242,7933,2023-01-08,Success
44744,1131,7959,2022-04-07,Cancelled by the passenger
46793,2654,12234,2022-10-14,Rejected by the driver
46872,655,13043,2022-09-26,Success
39348,2642,1107,2022-12-26,Success
42527,1495,31129,2022-06-15,Success
24049,2891,8232,2023-01-11,Success
48213,428,7361,2023-03-18,Success
13012,1790,17313,2022-10-30,Success
36770,307,37938,2022-12-20,Success
24805,1861,13781,2023-03-23,Success
34067,934,24587,2022-11-15,Cancelled by the passenger
38425,2464,9289,2022-04-08,Success
36564,28,13418,2022-10-19,Cancelled by the passenger
18037,1472,27348,2022-03-28,Success
7664,843,14005,2023-03-01,Success
34033,2488,1262,2022-12-12,Success
34091,276,25471,2022-08-21,Success
711,2220,21440,2022-05-11,Cancelled by the passenger
8072,483,29718,2022-08-21,Success
9432,246,35591,2022-07-08,Success
22034,705,29654,2023-03-01,Success
39625,2353,7436,2022-11-26,Cancelled by the passenger
9832,361,23807,2023-01-05,Rejected by the driver
1334,2480,24274,2022-05-22,Success
21388,1007,30633,2022-11-06,Success
19768,34,26398,2022-04-06,Success
46448,2327,12756,2022-05-09,Success
57002,919,7210,2022-03-20,Success
28928,1895,31460,2022-06-27,Success
47677,1835,22609,2022-08-15,Rejected by the driver
4433,738,2970,2022-08-14,Cancelled by the passenger
52256,2591,917,2022-12-27,Success
36474,559,1928,2022-10-06,Success
19291,192,26730,2022-09-07,Success
53919,764,38095,2022-08-31,Success
42593,1443,31118,2022-07-06,Rejected by the driver
37965,2803,15370,2022-11-02,Success
51289,944,12546,2022-06-11,Success
22406,1661,25990,2022-06-18,Cancelled by the passenger
24330,1030,19478,2023-02-14,Success
10287,1634,30060,2022-12-18,Success
12707,2910,24353,2022-11-30,Cancelled by the passenger
38078,2841,25810,2022-03-26,Success
20035,1614,7402,2022-04-13,Success
55281,831,16353,2022-04-24,Success
33922,1731,18250,2022-05-13,Success
23389,66,28964,2022-04-09,Success
21313,495,4461,2022-09-23,Success
51577,624,20320,2022-05-10,Success
5196,2128,29637,2022-03-17,Success
39532,2479,12686,2022-10-31,Rejected by the driver
4284,2947,20219,2022-10-27,Success
5435,266,8933,2023-02-06,Cancelled by the passenger
26006,1201,37178,2023-01-15,Cancelled by the passenger
57747,1282,23952,2023-02-20,Rejected by the driver
46810,2470,26339,2023-01-18,Success
2616,369,31150,2022-11-12,Success
51887,2309,24035,2022-08-01,Success
35679,248,2718,2022-06-13,Success
46492,1099,22844,2022-12-02,Success
45424,1937,31713,2022-04-07,Success
49268,894,21970,2022-05-29,Success
54533,2689,18659,2022-05-23,Success
40119,1861,17129,2023-04-13,Cancelled by the passenger
9227,2590,27197,2022-11-29,Success
8552,1036,32588,2023-01-11,Rejected by the driver
51238,339,10073,2022-11-19,Success
49208,221,29025,2022-12-22,Success
31533,1468,29237,2022-10-16,Success
32308,1053,10208,2022-11-25,Success
42479,2350,18937,2023-02-16,Success
48071,701,33152,2022-12-03,Success
37003,2672,33936,2022-09-24,Success
13047,1642,10337,2022-03-26,Success
41923,1094,17465,2022-04-10,Success
21921,2116,23388,2022-11-07,Success
22689,265,5807,2022-04-29,Success
28906,1182,32025,2022-11-18,Success
33313,1698,7485,2023-04-05,Rejected by the driver
30849,177,8702,2023-03-28,Success
41893,2496,26479,2023-02-02,Success
49500,264,21340,2023-02-23,Success
594,2334,24630,2023-04-10,Success
33036,240,25600,2022-11-03,Success
15507,1176,11319,2023-02-14,Success
48706,2329,20428,2022-04-02,Cancelled by the passenger
49931,1932,7214,2022-07-07,Success
24514,1781,9263,2022-08-24,Success
30263,804,36788,2022-10-20,Rejected by the driver
22463,54,36468,2022-10-31,Success
32887,1510,32303,2023-04-06,Success
1737,2576,34810,2022-10-02,Cancelled by the passenger
34342,974,38419,2023-01-11,Rejected by the driver
52263,188,29845,2023-01-14,Success
7755,2526,36168,2022-07-17,Success
51027,537,30784,2022-04-09,Success
2300,2572,16592,2022-08-13,Success
54854,832,33133,2022-04-18,Success
44780,2788,17984,2023-01-31,Success
8006,260,12923,2022-06-10,Rejected by the driver
39107,1682,12293,2022-03-15,Cancelled by the passenger
55355,697,39155,2022-10-13,Success
50354,2193,28910,2022-08-19,Rejected by the driver
12373,559,3272,2023-01-03,Success
1758,2659,30311,2023-03-06,Success
24093,1415,13174,2022-05-10,Success
33110,2602,26277,2022-07-05,Cancelled by the passenger
25836,582,19023,2022-08-03,Rejected by the driver
9558,755,16657,2022-04-23,Success
58080,321,39161,2022-05-08,Success
14846,2417,29121,2022-09-15,Success
17143,1902,3328,2022-08-23,Success
52075,872,14950,2023-04-02,Success
42229,1279,18978,2022-06-05,Success
46124,1436,39733,2023-03-06,Rejected by the driver
48648,1870,33191,2022-07-13,Success
36530,642,38413,2022-07-20,Success
20930,1371,13330,2022-07-23,Success
22204,284,6168,2022-11-05,Success
8455,2314,11175,2022-04-21,Success
3041,714,22001,2022-10-23,Rejected by the driver
46849,2166,36421,2023-01-27,Success
2904,2202,236,2022-11-12,Cancelled by the passenger
45833,1716,26712,2022-12-02,Success
47790,803,9896,2022-04-23,Success
26016,200,14652,2022-03-19,Success
47051,793,35681,2022-08-21,Success
48563,1930,24280,2023-04-09,Success
32037,1562,18009,2022-06-09,Cancelled by the passenger
58845,883,34505,2022-06-06,Success
23776,1466,2541,2022-06-05,Success
34678,2531,17818,2023-03-01,Success
48156,2985,39801,2022-12-07,Success
1123,2906,33847,2022-08-04,Cancelled by the passenger
7717,2821,33964,2022-12-07,Success
20461,848,18436,2022-04-06,Success
28458,2579,1001,2023-02-16,Success
32761,417,18175,2022-09-09,Success
18312,813,32099,2022-10-21,Success
38713,840,36376,2023-02-18,Success
4233,430,17528,2022-06-20,Success
44679,2963,33961,2022-05-05,Success
45778,1071,370,2022-05-29,Success
13845,1047,39481,2022-11-02,Success
41009,437,31278,2022-03-24,Success
18534,382,4025,2023-02-20,Rejected by the driver
20193,500,13007,2022-10-10,Rejected by the driver
22622,2449,10292,2022-07-08,Success
53802,1573,7862,2022-12-19,Success
51242,1758,22490,2022-10-21,Success
46752,2182,13702,2022-10-24,Success
10283,2725,36977,2023-03-25,Success
26599,2063,11126,2022-11-29,Success
18531,2593,17793,2022-03-13,Success
15864,1200,33226,2023-03-21,Success
29731,446,25842,2022-06-07,Rejected by the driver
32157,2626,36978,2022-09-25,Rejected by the driver
59256,841,22471,2022-10-29,Rejected by the driver
53080,2441,25206,2022-04-14,Rejected by the driver
9043,580,494,2022-04-18,Cancelled by the passenger
9588,1380,27673,2023-03-31,Success
37455,2287,24120,2022-05-18,Rejected by the driver
47018,1539,14434,2022-10-06,Cancelled by the passenger
45598,2906,10106,2022-08-03,Success
18320,210,37530,2022-06-01,Cancelled by the passenger
58120,1279,8283,2022-09-07,Success
56103,716,32138,2023-01-25,Rejected by the driver
39574,1974,5540,2022-05-22,Success
39916,1203,20682,2023-03-26,Success
25786,2796,7289,2023-01-11,Rejected by the driver
29700,538,16928,2022-11-08,Rejected by the driver
33753,101,27131,2023-01-18,Success
17692,1743,35686,2022-05-22,Rejected by the driver
48600,150,20884,2023-02-01,Success
38939,413,33547,2022-09-09,Success
17179,1506,12354,2022-04-06,Success
2281,2125,15956,2022-09-21,Rejected by the driver
57518,723,21748,2022-09-16,Success
22431,1533,31490,2022-06-01,Success
9847,1154,5187,2022-12-01,Success
3997,910,24193,2022-12-07,Success
22728,1410,30722,2022-04-15,Success
8259,659,12472,2022-05-11,Success
20221,2816,35394,2022-07-29,Rejected by the driver
14742,2025,3998,2022-06-21,Success
10071,1439,17273,2022-07-26,Cancelled by the passenger
22993,2150,4392,2022-08-09,Success
57764,1269,5705,2022-10-05,Success
42948,1180,27479,2022-12-29,Rejected by the driver
16888,826,22462,2022-07-21,Rejected by the driver
36925,2140,10475,2023-02-21,Cancelled by the passenger
34307,628,32036,2023-01-10,Rejected by the driver
20036,423,9228,2022-12-10,Cancelled by the passenger
16971,1322,24950,2022-12-23,Success
38941,828,6431,2023-03-29,Success
21124,2346,2906,2022-08-29,Success
6743,381,38952,2023-01-16,Success
2695,1218,38626,2023-02-06,Rejected by the driver
53061,1156,19114,2022-10-17,Cancelled by the passenger
13565,2551,30882,2022-03-15,Success
53853,1630,30579,2022-10-22,Success
25997,124,7191,2022-06-17,Cancelled by the passenger
37350,539,6109,2022-04-26,Success
36313,1863,20832,2023-03-24,Success
26997,2206,22236,2022-05-21,Success
40089,2737,5730,2023-04-15,Success
38090,2283,4791,2022-03-13,Success
21227,1605,2702,2022-07-12,Success
22891,429,13963,2022-09-05,Cancelled by the passenger
39843,804,10045,2022-07-03,Success
9857,341,16882,2023-04-09,Success
19041,1110,27203,2022-08-01,Success
41029,8,15803,2022-07-27,Rejected by the driver
27068,760,37482,2022-09-10,Success
51206,1849,20197,2022-11-26,Success
38324,2280,15288,2022-12-29,Success
53590,140,26396,2022-04-26,Success
59234,2957,32595,2023-04-13,Success
3094,2708,10990,2022-12-08,Cancelled by the passenger
35970,2604,2922,2023-04-14,Cancelled by the passenger
38321,1117,16814,2022-09-02,Success
38969,160,24523,2022-09-28,Rejected by the driver
52983,545,35539,2023-02-14,Rejected by the driver
13571,1678,18226,2022-07-18,Rejected by the driver
59950,1116,5465,2022-12-29,Cancelled by the passenger
32821,419,27459,2023-04-02,Cancelled by the passenger
34280,1326,26156,2022-09-29,Success
20338,2514,16759,2022-05-17,Cancelled by the passenger
58458,2922,5599,2022-03-13,Rejected by the driver
49465,469,18430,2022-08-31,Success
29948,2534,39275,2022-12-25,Success
32412,1251,10116,2022-03-31,Success
449,1374,28483,2022-07-23,Cancelled by the passenger
58993,40,14887,2023-01-26,Success
7289,942,28115,2022-04-13,Rejected by the driver
39126,1400,32550,2022-03-23,Cancelled by the passenger
52516,315,21091,2022-11-15,Success
2688,1092,10428,2023-03-29,Success
21852,1481,4345,2022-10-13,Success
44145,2459,37936,2022-12-03,Success
1139,2277,24877,2022-07-12,Rejected by the driver
42223,2219,14927,2022-09-14,Rejected by the driver
22523,1721,17825,2022-11-07,Success
44499,2260,9392,2022-04-10,Success
33682,1732,32470,2022-05-10,Success
29698,341,24757,2022-07-11,Success
57834,308,18476,2022-10-15,Cancelled by the passenger
3902,1878,1954,2022-11-08,Success
49785,380,23267,2022-10-20,Success
4126,341,5131,2023-02-19,Success
43822,1452,6886,2022-10-05,Success
32917,60,5351,2023-02-14,Success
16471,278,30402,2023-03-12,Cancelled by the passenger
25898,2702,18355,2022-06-06,Success
2173,276,29457,2022-07-10,Success
10345,1794,25052,2022-09-15,Success
56799,2689,22959,2022-03-18,Cancelled by the passenger
17930,1570,5321,2023-01-07,Success
7065,1580,20876,2022-05-29,Success
39769,2076,2436,2022-12-14,Success
29914,2524,20953,2023-04-02,Cancelled by the passenger
33553,2165,29261,2023-01-04,Cancelled by the passenger
34972,2785,30297,2022-05-13,Success
37176,741,4380,2022-07-12,Success
46328,786,27975,2022-07-21,Success
20669,2290,28807,2022-08-27,Success
6369,626,31718,2022-09-17,Success
26019,1304,38284,2022-09-05,Rejected by the driver
10633,1272,14391,2022-04-20,Success
39882,2691,38524,2022-04-12,Success
19198,797,3076,2022-04-24,Success
31058,1574,7452,2022-11-19,Success
46243,2548,10811,2022-08-13,Success
42810,935,39283,2022-05-01,Success
21786,911,2906,2023-03-22,Success
33697,985,25741,2022-04-17,Success
28872,2668,29656,2023-03-27,Cancelled by the passenger
8542,742,29073,2022-03-29,Success
25811,1603,37087,2023-02-09,Success
27477,231,23065,2022-08-19,Success
55798,802,2011,2022-12-02,Cancelled by the passenger
14705,960,541,2023-02-11,Success
14116,2399,21335,2022-03-24,Cancelled by the passenger
33386,1588,13603,2022-06-19,Success
17746,2781,30881,2022-04-26,Success
48730,1407,35875,2022-08-24,Success
20155,2746,39162,2022-03-22,Success
29096,2779,7286,2022-03-14,Rejected by the driver
11304,1221,6804,2022-04-05,Success
50486,1053,11202,2022-04-28,Success
6127,1338,8879,2023-01-12,Cancelled by the passenger
31371,1218,6227,2022-12-21,Cancelled by the passenger
50868,1784,1826,2022-07-10,Cancelled by the passenger
367,1628,5579,2022-05-07,Cancelled by the passenger
3496,2927,26479,2022-12-06,Success
26811,1861,6720,2023-01-19,Success
45990,225,3977,2022-08-28,Success
34663,2630,31257,2022-08-26,Success
30798,1920,5816,2023-04-07,Success
22829,2376,20440,2022-11-05,Success
34799,991,17045,2023-02-25,Success
30013,2681,18653,2023-01-11,Success
22394,19,22236,2023-01-17,Success
12983,997,7049,2022-10-20,Cancelled by the passenger
14048,222,32451,2023-02-13,Success
46888,2395,13662,2022-10-04,Success
56464,2359,3989,2022-09-20,Success
23967,1552,3084,2022-04-17,Success
38985,1677,9091,2022-12-15,Success
10289,2172,31322,2023-03-07,Success
30865,2697,19238,2022-06-21,Cancelled by the passenger
25026,1906,7779,2023-03-11,Success
58136,181,33081,2023-02-15,Success
40299,1982,21709,2022-05-07,Success
18124,867,4683,2022-08-28,Success
58091,1501,10141,2022-11-10,Success
57714,2507,3936,2023-02-16,Success
30126,1429,5552,2023-03-30,Cancelled by the passenger
31177,2992,20221,2022-12-04,Success
57350,88,1376,2022-12-04,Success
28290,749,32892,2022-09-18,Success
55395,200,6228,2022-09-20,Success
7239,837,30212,2023-02-12,Success
23002,932,15914,2022-08-27,Success
46615,1913,3027,2022-08-07,Success
41812,2173,7431,2022-12-14,Success
4380,1638,24831,2022-11-27,Success
40234,2417,33455,2022-12-11,Success
45092,1080,310,2022-10-21,Success
30110,1437,3325,2022-07-09,Success
19930,2912,39675,2022-05-02,Success
58278,2571,19442,2022-08-14,Success
50812,1539,30609,2022-12-01,Success
49112,2154,8086,2023-01-08,Rejected by the driver
42971,2341,25541,2022-11-21,Success
48329,434,30670,2022-03-29,Cancelled by the passenger
13532,1792,1858,2023-01-07,Success
41175,322,22400,2022-07-30,Success
14386,2150,28093,2022-12-13,Success
36497,504,6216,2022-04-27,Rejected by the driver
52621,2885,31695,2022-10-22,Success
57932,1510,9711,2023-04-02,Success
57128,2080,35338,2023-02-15,Success
13494,2316,15624,2023-03-16,Rejected by the driver
24845,1545,8104,2022-05-02,Cancelled by the passenger
2156,1577,25641,2022-12-07,Success
10188,794,12159,2022-09-28,Cancelled by the passenger
54910,1447,24934,2022-03-28,Success
25349,2820,19301,2022-06-30,Success
53300,2232,32377,2022-10-20,Success
47689,1865,33426,2022-12-24,Success
1775,80,36965,2023-02-27,Success
9719,2423,19561,2022-09-16,Rejected by the driver
2139,944,16298,2023-04-13,Success
47846,2945,10682,2022-12-18,Success
27331,1706,36361,2022-06-06,Rejected by the driver
29263,2130,13004,2023-02-13,Cancelled by the passenger
35412,136,34297,2022-11-15,Success
21258,142,2314,2022-07-10,Success
59710,2834,37432,2023-02-28,Success
2538,688,32918,2023-02-02,Success
4704,2926,20451,2022-03-22,Rejected by the driver
8856,2412,30256,2023-02-11,Success
58098,1271,39624,2022-11-17,Success
3018,26,38516,2022-11-09,Success
31433,611,35336,2022-07-03,Success
30289,1103,37897,2022-03-21,Success
27774,2461,38222,2022-12-14,Rejected by the driver
35319,2897,20356,2022-06-24,Success
19784,1458,24703,2022-09-28,Success
54150,1613,38242,2022-04-15,Success
9470,2266,26761,2023-04-03,Success
45540,299,14360,2022-11-07,Success
26417,2081,37569,2022-04-28,Success
888,2016,16618,2023-04-02,Success
11484,2047,36334,2022-05-24,Success
8425,1430,25762,2022-09-07,Rejected by the driver
10309,2533,16384,2023-03-14,Success
49178,1205,31732,2022-04-10,Success
815,56,5748,2022-04-04,Success
25469,294,11304,2022-10-25,Success
16549,2985,32772,2023-04-11,Success
41676,2446,10575,2022-06-06,Cancelled by the passenger
32226,485,7896,2022-12-23,Rejected by the driver
1789,808,10401,2022-06-01,Success
24927,1232,31522,2022-04-10,Success
55615,56,7345,2022-12-27,Success
24676,1057,13576,2022-05-21,Success
54550,2218,6510,2022-11-25,Cancelled by the passenger
50300,2060,34001,2022-05-13,Success
16582,461,21114,2022-06-23,Success
22506,553,8201,2023-01-31,Success
30829,1375,17317,2022-08-07,Success
48720,2501,2124,2022-08-17,Success
54384,1671,6547,2023-03-21,Cancelled by the passenger
45858,2541,10041,2022-11-05,Success
27185,1643,29652,2022-08-01,Success
47931,2122,2900,2023-03-18,Success
21378,750,25969,2022-04-07,Rejected by the driver
19978,1390,19549,2022-12-16,Success
8825,159,30277,2022-06-21,Success
7000,2629,1060,2022-05-08,Success
57606,1756,37964,2022-06-21,Success
21601,2115,25366,2022-03-28,Rejected by the driver
32469,1975,33831,2022-06-13,Success
57431,2783,32065,2023-04-05,Rejected by the driver
47412,1915,29442,2022-12-03,Success
43267,841,18338,2022-11-22,Success
55220,876,18560,2023-02-16,Rejected by the driver
39275,2174,7968,2022-07-05,Rejected by the driver
38199,496,36872,2022-10-08,Rejected by the driver
47186,993,2122,2022-07-11,Success
8572,2467,32494,2022-08-16,Success
28423,835,14608,2022-04-28,Success
16283,1595,32606,2022-10-23,Success
57567,2924,1110,2022-08-02,Rejected by the driver
56490,2793,24193,2022-08-01,Success
3225,1487,24533,2022-08-12,Rejected by the driver
43271,81,25721,2023-01-31,Success
31481,2786,26472,2022-06-03,Success
34336,256,38388,2022-11-25,Success
51150,253,20491,2022-09-01,Cancelled by the passenger
51941,544,1687,2022-05-19,Success
58530,878,35616,2022-08-26,Success
51851,220,5943,2022-12-13,Success
24106,2558,6928,2022-07-13,Success
44571,1567,18177,2022-05-08,Success
4199,2792,21565,2022-10-08,Cancelled by the passenger
53647,965,19902,2022-07-27,Success
56855,659,2008,2023-04-11,Success
41662,2761,4106,2023-04-12,Success
44647,2551,8192,2022-07-25,Success
24513,2643,21035,2023-01-15,Rejected by the driver
27003,1688,34531,2023-03-22,Success
14379,1263,12113,2023-03-26,Success
59451,1317,18667,2023-03-25,Success
28444,1068,33933,2023-02-05,Success
24723,1560,24056,2023-02-12,Success
38639,2913,12214,2022-09-27,Rejected by the driver
41708,2221,27300,2023-02-03,Success
42119,1027,34239,2023-01-21,Success
11746,2249,7430,2022-09-07,Success
55224,539,9758,2022-05-14,Success
33258,2423,20811,2022-04-05,Rejected by the driver
18116,2303,5043,2022-07-29,Success
31197,1615,4004,2023-01-16,Success
28555,1709,304,2022-07-14,Success
25606,1556,39507,2023-02-25,Success
45579,617,7172,2022-10-05,Rejected by the driver
56862,1210,13026,2022-05-28,Success
35853,2338,11706,2023-03-09,Success
1458,1209,36345,2022-11-26,Success
15051,2710,15416,2022-06-25,Success
14067,1876,30087,2022-04-01,Success
47659,958,3669,2022-04-25,Success
46857,303,21132,2023-02-08,Success
16393,234,34337,2022-09-22,Success
5830,819,23590,2022-04-15,Success
53510,2230,7457,2022-07-23,Rejected by the driver
8476,584,22616,2022-08-12,Success
19197,1181,34547,2023-01-16,Success
31295,2365,20781,2022-08-11,Rejected by the driver
37700,803,39330,2023-01-12,Success
7332,2836,11444,2022-04-25,Success
12771,544,6463,2023-01-22,Success
9663,2943,5358,2022-06-25,Cancelled by the passenger
40085,2091,21591,2022-07-08,Success
52017,2446,6787,2022-05-30,Success
5291,753,20043,2023-03-31,Success
40795,1821,8203,2022-09-29,Rejected by the driver
17454,2964,18183,2022-09-14,Success
49947,2322,7216,2023-02-01,Rejected by the driver
9154,390,32310,2022-08-19,Rejected by the driver
2493,294,30471,2022-07-19,Success
52927,1364,32679,2022-03-14,Rejected by the driver
51718,88,16003,2022-06-13,Success
52355,2384,36785,2022-08-06,Cancelled by the passenger
1059,831,389,2022-06-07,Success
37056,2936,18213,2022-09-11,Success
13941,2782,12064,2022-09-10,Cancelled by the passenger
21977,2067,21172,2022-06-07,Success
34879,109,19397,2022-11-17,Rejected by the driver
35168,762,18099,2022-03-17,Success
52995,647,4250,2022-10-18,Rejected by the driver
2700,1280,4561,2022-09-23,Success
57047,30,17025,2022-06-28,Success
29257,248,18252,2022-07-27,Success
35065,2203,34110,2023-03-13,Success
48916,1644,18333,2023-03-04,Success
55170,2862,21932,2022-12-10,Success
19413,1041,25872,2022-06-04,Success
42706,2846,10035,2022-08-17,Success
19368,1735,34632,2022-07-27,Success
57519,110,27889,2023-01-01,Success
17216,456,39047,2022-03-22,Rejected by the driver
50316,24,26461,2022-05-07,Success
13094,736,31659,2022-03-27,Success
19911,1806,15066,2023-03-10,Success
56016,1378,15526,2023-02-08,Rejected by the driver
19666,2550,19274,2022-09-25,Success
55655,1196,12924,2023-04-09,Success
1886,1155,5991,2022-03-15,Success
43038,365,5905,2022-06-29,Success
3924,1286,32222,2022-05-26,Success
38550,2456,15855,2022-04-10,Success
5123,1471,10226,2023-04-08,Success
13265,112,11488,2023-03-29,Rejected by the driver
29141,606,33414,2022-04-30,Success
57279,1154,16926,2022-12-04,Rejected by the driver
51243,1975,5888,2022-08-25,Success
38665,889,22171,2022-07-21,Cancelled by the passenger
18806,617,7123,2022-08-17,Success
46122,1741,21761,2022-12-17,Cancelled by the passenger
59260,1183,6608,2023-03-13,Success
18433,2189,12349,2023-02-21,Success
17329,1737,4126,2022-12-10,Rejected by the driver
26643,2307,15488,2023-04-12,Cancelled by the passenger
56105,1484,14051,2022-12-04,Success
24399,455,27546,2022-09-20,Success
736,2295,35058,2022-10-26,Success
25963,2064,30253,2022-03-19,Success
10025,2555,35373,2022-05-21,Success
22195,2417,3151,2022-04-28,Cancelled by the passenger
59273,1394,20102,2022-10-04,Success
13242,2239,27344,2022-09-05,Success
34088,1479,11895,2022-12-10,Cancelled by the passenger
10839,941,34045,2022-06-22,Success
1335,891,18142,2022-06-02,Success
52497,1627,2061,2022-12-14,Success
57892,2406,10697,2023-01-17,Cancelled by the passenger
51043,382,29429,2022-03-22,Success
49310,2540,24634,2022-11-24,Success
47739,2028,16160,2022-05-08,Success
34311,2361,19712,2022-10-03,Cancelled by the passenger
55196,966,35759,2022-11-16,Success
37146,1280,2928,2022-04-08,Success
48074,1003,36222,2022-08-23,Rejected by the driver
38870,2022,22350,2023-01-07,Success
31806,1205,6734,2022-11-28,Success
3319,116,25892,2022-05-19,Rejected by the driver
1964,1350,3160,2022-05-07,Success
51032,483,14483,2022-11-03,Success
46181,770,35950,2022-07-30,Success
42443,703,19267,2023-01-10,Success
56437,1355,8900,2023-01-17,Success
48909,1711,7149,2022-08-18,Success
16235,395,28045,2022-11-10,Success
48928,1408,8077,2022-06-17,Rejected by the driver
76,580,30762,2023-03-26,Success
9166,2331,25120,2022-10-01,Cancelled by the passenger
23309,2606,34416,2023-03-14,Success
10464,2825,25468,2023-02-04,Success
41976,2133,27513,2022-07-11,Success
25523,117,13414,2022-05-12,Success
10841,863,23438,2022-09-05,Success
30759,1152,20902,2022-03-27,Success
20684,2180,26049,2022-04-21,Cancelled by the passenger
11273,285,3873,2022-11-13,Success
42080,1632,17746,2023-01-28,Rejected by the driver
47432,949,6593,2022-12-10,Success
19332,2880,23476,2022-12-28,Success
35056,2341,27540,2022-05-01,Success
54895,2400,1573,2022-12-14,Rejected by the driver
4289,441,21553,2022-07-10,Success
451,69,37311,2023-03-26,Success
56542,475,28055,2022-12-23,Cancelled by the passenger
28726,2788,24065,2022-10-20,Rejected by the driver
48773,2186,7652,2022-10-23,Rejected by the driver
30276,1581,22489,2023-01-30,Success
14912,1567,20846,2023-02-21,Success
16209,1380,26330,2022-10-08,Rejected by the driver
39985,1334,15227,2022-10-26,Success
53906,1479,28190,2022-06-25,Rejected by the driver
23803,2100,31925,2022-11-10,Rejected by the driver
4527,2844,18464,2023-01-01,Success
51464,190,14376,2022-04-25,Success
23257,1211,3415,2022-03-23,Success
57292,1135,22856,2022-06-24,Cancelled by the passenger
44261,1727,27163,2022-12-18,Cancelled by the passenger
16274,2587,29555,2022-08-26,Rejected by the driver
51744,103,16390,2022-09-12,Rejected by the driver
12688,2439,20939,2022-07-27,Success
21127,1723,8050,2022-11-26,Success
41773,462,827,2022-11-11,Rejected by the driver
36561,2470,15795,2022-05-12,Success
39083,1723,39824,2022-07-16,Success
13886,904,34984,2022-11-29,Success
47651,664,7549,2022-11-18,Success
41940,1889,30726,2022-07-11,Success
53685,2651,22046,2022-09-22,Rejected by the driver
18154,2243,22313,2023-03-05,Cancelled by the passenger
19019,1532,32950,2022-06-06,Success
47182,1080,26735,2022-03-22,Success
1636,329,16726,2022-07-10,Rejected by the driver
59549,577,33479,2022-05-13,Success
45783,717,27251,2023-02-13,Success
20419,2471,19415,2022-11-28,Success
9786,67,11137,2023-01-20,Success
38108,1147,1784,2022-10-25,Success
54202,1784,4797,2023-02-18,Success
46543,1235,22560,2023-01-06,Rejected by the driver
14356,2769,4851,2022-11-28,Cancelled by the passenger
31088,2643,26176,2023-03-10,Success
51920,1871,39414,2022-07-05,Cancelled by the passenger
58000,1435,2601,2023-01-28,Rejected by the driver
41219,2320,10280,2023-03-19,Success
5895,1613,30701,2022-08-19,Success
29944,2670,28368,2022-08-14,Success
45534,333,36312,2022-11-01,Rejected by the driver
8751,436,36817,2022-10-09,Success
19257,1526,13466,2022-11-18,Success
31653,803,3217,2023-02-15,Success
47993,521,36684,2022-11-28,Cancelled by the passenger
29502,2554,3150,2022-03-28,Cancelled by the passenger
10018,1720,36057,2022-11-03,Success
40773,2750,21346,2022-10-15,Rejected by the driver
43674,978,20693,2023-03-08,Success
14185,488,31731,2022-05-20,Rejected by the driver
57379,1678,29239,2022-05-13,Rejected by the driver
9806,560,30982,2022-10-28,Cancelled by the passenger
3823,1341,32349,2023-01-20,Rejected by the driver
43845,1457,27070,2022-04-16,Success
50128,1940,35209,2023-01-18,Success
51271,2536,19728,2022-08-20,Success
50960,284,8887,2022-08-25,Rejected by the driver
35388,1154,2624,2022-10-16,Success
13860,129,8362,2022-10-07,Success
13713,2655,1512,2022-10-14,Success
14091,2569,39900,2022-12-19,Success
44440,1447,22406,2022-07-25,Rejected by the driver
21443,2225,13073,2023-01-19,Success
21148,2228,11016,2022-05-20,Success
8460,377,13191,2022-10-30,Success
11966,1834,17968,2022-06-19,Success
22057,121,7468,2022-07-27,Rejected by the driver
52081,1993,3138,2022-09-28,Success
40416,1223,27455,2022-07-25,Success
52199,1681,38426,2022-08-25,Success
32936,2689,16230,2022-06-24,Cancelled by the passenger
35393,2099,17143,2022-03-29,Rejected by the driver
28110,915,37090,2022-12-21,Success
44047,409,23469,2022-08-01,Success
17788,1759,14241,2022-06-22,Success
31888,2725,30157,2022-11-23,Success
45184,2677,13836,2022-06-21,Success
6940,220,15220,2022-08-29,Success
31632,1709,2297,2023-02-13,Success
39036,1347,27707,2022-07-30,Success
43247,732,33929,2023-03-24,Success
35030,1463,39636,2023-03-09,Rejected by the driver
23725,2424,4900,2022-09-21,Success
24999,1439,32811,2022-07-22,Success
4189,1369,22693,2022-04-19,Success
42840,2780,9638,2023-03-30,Success
49198,716,20941,2023-03-16,Success
34449,1291,20329,2022-09-16,Success
50584,2413,38299,2022-10-07,Success
46498,1719,1226,2022-08-30,Success
54750,2077,17913,2022-06-04,Success
8238,879,14917,2023-01-05,Success
18748,772,17432,2022-08-26,Cancelled by the passenger
51802,2028,36864,2023-03-31,Success
1007,2180,20641,2022-05-13,Success
58625,2804,963,2023-02-06,Success
40838,1819,32587,2022-07-06,Cancelled by the passenger
55681,2248,24964,2023-01-08,Success
52562,2027,26180,2022-07-25,Cancelled by the passenger
8405,2630,37286,2022-05-15,Success
31162,2215,12776,2023-02-26,Success
44774,850,35778,2023-02-08,Success
54284,1456,8303,2022-09-03,Success
16332,2005,7307,2022-07-06,Cancelled by the passenger
51485,2081,39903,2022-11-28,Success
42088,338,38677,2022-08-17,Success
54369,1680,15659,2022-06-19,Rejected by the driver
17393,1721,36552,2022-05-13,Success
21015,57,16887,2022-12-08,Success
42576,2198,37220,2022-12-30,Success
52585,2265,18919,2022-09-27,Success
4444,2481,20974,2022-04-08,Success
22433,2967,626,2022-10-19,Cancelled by the passenger
17733,1887,34923,2022-06-03,Rejected by the driver
15720,856,37056,2022-11-04,Success
1249,280,2626,2023-04-13,Cancelled by the passenger
36504,1672,33270,2022-03-18,Success
54097,479,17881,2022-08-03,Success
13711,756,27166,2022-06-23,Rejected by the driver
47291,1405,16995,2022-11-30,Rejected by the driver
13193,1631,4055,2022-09-21,Success
48280,2314,4599,2022-07-03,Cancelled by the passenger
31185,2110,7902,2022-06-14,Success
37104,1257,21219,2023-01-05,Success
31550,1858,21554,2023-03-25,Cancelled by the passenger
29566,1583,16370,2023-01-17,Success
51434,1737,4230,2022-05-02,Success
26407,501,38514,2022-05-23,Success
40423,226,27092,2023-03-23,Success
29746,773,7636,2022-05-08,Success
19945,2795,13678,2022-03-19,Success
36383,1275,33189,2022-03-27,Success
4759,1498,25621,2023-02-10,Success
4296,51,19011,2023-03-20,Success
8142,1665,18026,2022-08-08,Success
12640,930,35723,2022-08-04,Rejected by the driver
4073,522,19778,2023-01-01,Success
58446,2915,28174,2023-03-01,Cancelled by the passenger
34151,1033,19850,2022-05-28,Success
13972,909,24607,2023-03-20,Success
23079,1060,7112,2022-03-17,Success
46029,807,17345,2022-08-28,Rejected by the driver
18369,1695,5323,2022-09-06,Success
6750,2447,25864,2022-10-16,Cancelled by the passenger
2694,1105,13386,2023-01-25,Success
16906,1242,32896,2022-03-29,Success
50338,529,2766,2022-10-06,Success
22437,2076,21972,2022-07-23,Success
18109,2129,16703,2022-03-14,Success
45199,331,28415,2022-08-30,Success
4978,64,13200,2022-11-19,Success
8107,511,29202,2022-12-27,Success
46276,1218,24031,2023-03-25,Success
19084,2142,1902,2022-05-19,Success
16442,2245,34028,2022-08-06,Success
40570,56,36935,2023-02-03,Success
50916,1191,28697,2022-09-28,Success
13318,49,15863,2023-01-15,Success
8819,1017,1913,2022-08-17,Cancelled by the passenger
2201,1437,25902,2023-03-07,Success
23797,148,31885,2022-07-11,Success
10195,2898,1003,2023-01-16,Rejected by the driver
51042,2966,21683,2022-12-20,Success
26056,1654,5552,2022-04-27,Success
20700,2197,3298,2023-01-30,Success
49450,45,38432,2022-07-09,Success
37521,204,14422,2022-10-15,Success
2306,1856,10344,2022-08-13,Success
12938,2557,2773,2022-03-19,Success
25991,1777,7375,2022-06-19,Success
28434,1355,25248,2022-08-06,Success
4095,2122,9688,2023-02-01,Cancelled by the passenger
19099,1154,34402,2023-01-10,Cancelled by the passenger
30961,1071,18783,2022-11-25,Success
57271,1176,219,2023-02-07,Rejected by the driver
51196,401,4676,2022-12-31,Rejected by the driver
57472,709,37875,2022-09-11,Success
47543,2520,24520,2022-11-08,Success
27384,1379,34048,2023-02-01,Rejected by the driver
10620,1837,5256,2022-05-22,Success
47768,697,1810,2022-12-17,Success
12206,2563,19364,2023-04-13,Success
43866,385,11941,2022-04-05,Success
52943,359,2012,2022-10-15,Success
59755,2261,25208,2022-11-11,Success
56810,2806,74,2023-03-18,Cancelled by the passenger
19242,2138,26443,2023-03-07,Rejected by the driver
8772,722,12539,2022-04-29,Success
6813,1127,25452,2023-03-19,Success
29148,706,12004,2022-04-02,Success
46406,1441,20125,2022-09-13,Success
50811,613,21019,2022-08-24,Rejected by the driver
38663,2434,9050,2022-08-18,Success
17888,1589,2245,2023-01-01,Success
16330,2610,25989,2022-06-11,Success
56690,1850,1595,2022-08-27,Success
45467,2882,39676,2023-01-02,Success
4216,2829,6667,2022-06-01,Rejected by the driver
37507,1077,6259,2023-04-15,Success
36946,862,11254,2023-03-01,Rejected by the driver
49835,5,31279,2022-12-28,Success
36176,875,36579,2022-03-26,Cancelled by the passenger
53736,2134,27873,2022-07-27,Success
6505,826,27800,2022-12-14,Rejected by the driver
43024,2674,15620,2022-12-18,Success
6536,1483,14322,2022-04-09,Success
51530,152,39872,2023-03-02,Success
46928,2973,34861,2023-01-20,Cancelled by the passenger
91,1905,30549,2022-05-06,Success
15075,592,34339,2022-11-24,Rejected by the driver
45373,208,15242,2022-09-02,Success
24577,1615,33345,2022-12-23,Success
40402,425,22192,2022-05-12,Success
28282,1791,34976,2022-07-26,Rejected by the driver
32908,2575,8160,2022-08-16,Rejected by the driver
57046,2538,5437,2022-09-10,Success
58748,306,24526,2022-05-05,Rejected by the driver
23950,1149,18976,2022-11-14,Rejected by the driver
43756,244,32279,2022-07-06,Cancelled by the passenger
16953,2853,29027,2023-01-25,Rejected by the driver
50932,1188,33987,2022-11-21,Success
6867,1864,28791,2022-12-23,Success
26623,1938,33097,2022-05-04,Success
2950,966,5015,2023-01-05,Success
20875,2446,27384,2022-03-27,Success
56798,352,10773,2022-09-18,Success
48566,347,8672,2022-11-06,Rejected by the driver
33565,2733,556,2022-12-12,Success
59801,427,2695,2023-01-03,Success
12091,1761,12607,2023-02-04,Success
27162,2753,9221,2022-08-26,Success
4192,848,28297,2022-05-23,Rejected by the driver
56717,726,12110,2022-04-22,Success
29219,2798,23287,2023-03-10,Cancelled by the passenger
53464,1276,21244,2022-11-30,Success
19119,2304,20195,2022-03-23,Success
14900,1161,27367,2022-04-12,Success
23691,1487,9535,2022-11-07,Success
49919,1641,5481,2022-12-06,Success
56159,1635,2042,2022-08-28,Success
40633,893,28275,2022-09-28,Cancelled by the passenger
50060,933,9374,2022-10-31,Success
5604,2030,22187,2022-11-18,Success
34331,866,2181,2023-01-16,Success
22401,1116,24264,2022-04-05,Success
48343,1373,30203,2022-05-14,Rejected by the driver
4964,1368,12934,2022-06-01,Success
32227,483,33865,2022-05-30,Success
38842,1881,31991,2023-01-28,Rejected by the driver
46065,514,15703,2023-03-07,Success
15554,2342,17116,2023-01-10,Success
1682,1339,17422,2023-02-12,Success
55810,1995,1533,2022-03-16,Success
5183,1428,36837,2023-02-22,Success
58436,1620,30482,2022-10-30,Success
29904,2892,11252,2023-03-12,Success
27278,2520,21102,2022-03-18,Success
29734,1343,39130,2023-01-25,Success
32383,997,22839,2022-04-14,Cancelled by the passenger
31397,1537,31750,2022-07-17,Rejected by the driver
14219,934,35733,2022-04-13,Success
46918,1571,39252,2022-04-09,Success
22395,474,11271,2022-06-20,Success
57636,1711,30921,2023-01-30,Success
6937,529,18849,2022-09-07,Success
26150,392,12249,2022-05-29,Success
45619,1250,1040,2022-08-21,Success
33022,2740,34089,2022-07-03,Rejected by the driver
29955,1637,28067,2022-10-10,Rejected by the driver
28050,1915,38579,2023-03-21,Success
13300,1931,32856,2022-05-03,Success
33042,1070,7235,2022-04-06,Rejected by the driver
35119,2701,5507,2022-07-07,Rejected by the driver
13963,1611,23550,2022-11-13,Success
39257,1476,12898,2023-02-07,Rejected by the driver
54793,1970,26575,2022-07-18,Success
55083,1605,14942,2022-09-15,Success
1058,2642,6725,2022-04-22,Cancelled by the passenger
53246,1209,15065,2023-02-11,Success
46674,864,20538,2022-09-25,Success
19531,1267,23997,2022-11-27,Success
12499,2823,26585,2022-07-26,Success
36437,104,28977,2023-02-10,Success
31643,1935,9441,2022-12-25,Cancelled by the passenger
55769,1991,10110,2023-01-18,Success
27441,628,8918,2023-01-03,Success
53495,287,18219,2023-03-11,Success
12704,154,7244,2022-03-28,Success
1116,271,25340,2022-10-29,Success
50835,2943,39066,2022-11-06,Success
36829,2638,4675,2022-07-20,Success
37644,1870,35223,2022-07-20,Success
22155,1050,10619,2022-08-06,Success
4108,1452,13759,2023-03-18,Success
10993,942,17059,2022-12-06,Cancelled by the passenger
49192,1207,22886,2022-09-17,Cancelled by the passenger
59830,726,29311,2022-11-03,Success
32992,2663,13218,2022-10-26,Success
45240,2049,23229,2022-07-22,Success
59278,1346,17071,2022-08-13,Rejected by the driver
22087,1755,26067,2022-11-08,Success
18271,50,18733,2023-03-05,Success
33890,577,22991,2022-11-10,Rejected by the driver
57434,608,38273,2022-06-16,Rejected by the driver
3211,657,16321,2022-06-04,Success
32350,1047,22762,2022-10-06,Cancelled by the passenger
11462,2551,35138,2022-11-26,Success
28450,581,25323,2023-03-21,Rejected by the driver
29222,1647,33901,2022-10-31,Success
37820,451,24002,2022-12-29,Cancelled by the passenger
4595,1510,23585,2022-06-07,Success
16115,2077,18850,2022-08-05,Success
49224,474,26179,2023-02-19,Success
52445,1825,23238,2023-03-02,Success
59728,1045,24865,2022-04-12,Success
52999,136,39195,2023-02-05,Success
46780,790,38596,2023-01-08,Success
40258,1064,20179,2022-10-03,Rejected by the driver
41342,613,4876,2022-04-07,Success
24318,1531,12885,2022-07-29,Success
42519,807,4952,2022-07-27,Success
4135,2120,29168,2022-10-12,Success
23187,729,17361,2023-02-15,Success
16513,2762,32587,2022-03-14,Success
27895,1513,39643,2022-04-04,Success
18525,2970,31380,2022-10-16,Success
56563,2534,22515,2023-03-22,Success
6515,2164,363,2022-06-20,Success
44449,74,28681,2022-06-17,Success
12066,2704,3240,2022-06-17,Rejected by the driver
1730,1846,674,2022-12-03,Rejected by the driver
39550,711,34738,2022-07-14,Success
43183,1404,17585,2022-07-07,Success
25104,2073,31622,2023-01-18,Success
24041,240,38788,2022-12-19,Success
56497,1344,32877,2022-03-27,Success
14367,560,16475,2023-04-12,Rejected by the driver
36393,517,25382,2022-10-18,Success
28094,2061,4220,2022-06-30,Success
17916,995,10747,2022-03-28,Success
13844,2647,24267,2022-08-23,Success
50822,1108,34744,2022-11-23,Success
52466,2899,36039,2022-04-30,Success
14182,419,37937,2022-06-27,Success
16806,2772,7432,2023-01-11,Success
50383,1982,39656,2022-06-03,Success
52032,2478,4705,2022-06-01,Rejected by the driver
22265,1153,36318,2022-06-26,Success
33843,2918,22368,2022-09-08,Success
48601,2378,31049,2022-08-13,Rejected by the driver
2162,23,37222,2022-08-10,Success
20102,2049,8128,2022-07-10,Success
7618,2486,38600,2022-12-19,Success
33298,2405,7555,2022-12-09,Cancelled by the passenger
41963,2826,3494,2022-04-25,Success
16585,814,13703,2022-06-03,Success
59951,2326,18680,2023-02-13,Success
43305,59,24733,2022-09-01,Cancelled by the passenger
2244,1633,30356,2022-11-14,Success
15910,161,9745,2022-04-09,Success
37080,1790,23232,2022-05-24,Success
32405,1035,17146,2022-05-21,Success
2436,2405,38153,2023-01-15,Success
33942,41,20116,2022-04-17,Success
55684,2708,13841,2022-12-31,Success
26425,430,25285,2022-07-10,Success
43971,1365,26210,2023-02-28,Success
18584,1048,23644,2022-10-01,Rejected by the driver
47205,432,30728,2022-04-04,Cancelled by the passenger
42217,822,21344,2022-04-10,Success
54249,2051,18329,2023-03-30,Rejected by the driver
47308,1270,1233,2022-09-19,Success
58043,1398,8816,2022-04-24,Success
24956,1784,2322,2022-11-29,Success
46389,2709,15137,2022-09-13,Success
20759,1851,32094,2022-12-10,Cancelled by the passenger
22779,1454,2000,2022-11-23,Success
20282,2995,37113,2022-06-05,Success
4046,1459,20111,2022-03-17,Rejected by the driver
12005,1737,27775,2022-12-14,Success
14504,232,29074,2022-08-02,Success
50763,2706,35691,2022-09-05,Success
50392,745,16621,2023-02-23,Success
22267,2422,24479,2023-01-13,Success
39341,2495,24556,2022-03-29,Success
29469,2434,3607,2022-10-15,Success
369,1369,25969,2022-12-26,Success
53114,1708,26667,2022-10-12,Success
56500,1383,21787,2022-08-26,Success
32749,782,27115,2022-06-19,Success
5832,466,5385,2022-08-24,Success
43414,65,39339,2023-02-07,Success
49759,2299,38865,2023-02-13,Success
50983,2966,5597,2023-04-04,Rejected by the driver
51365,1585,4928,2022-12-25,Cancelled by the passenger
56762,1696,717,2022-11-04,Rejected by the driver
16214,1542,15186,2022-09-21,Success
47323,134,5444,2023-01-01,Rejected by the driver
9643,2974,28293,2022-10-16,Cancelled by the passenger
37319,2066,28586,2022-06-02,Success
27403,593,16452,2022-07-14,Success
31230,235,29236,2022-09-12,Success
2723,2534,8338,2022-03-15,Rejected by the driver
22018,2601,29640,2022-07-27,Success
4043,133,23519,2022-07-27,Success
47667,1761,20927,2022-11-09,Success
11327,1260,20866,2023-03-02,Cancelled by the passenger
21472,1262,36592,2023-02-18,Success
47913,1822,21866,2022-05-23,Success
21630,711,36095,2022-07-11,Rejected by the driver
35750,1576,7970,2022-12-30,Success
21775,1240,23717,2023-03-03,Success
662,667,30148,2022-05-28,Success
35697,340,14545,2023-03-20,Success
47925,855,5680,2022-09-14,Success
22481,2320,38600,2022-12-08,Success
27426,2142,2743,2022-12-18,Rejected by the driver
12460,1978,31385,2022-08-08,Rejected by the driver
57967,1661,8921,2022-12-25,Rejected by the driver
51812,294,25350,2022-06-15,Success
7780,2638,26535,2022-11-25,Success
49746,284,26152,2023-03-10,Success
36385,2368,21796,2022-03-24,Rejected by the driver
34120,1917,29762,2022-11-29,Rejected by the driver
44678,1655,38471,2022-06-14,Rejected by the driver
39545,572,3184,2023-03-25,Success
39115,2225,39414,2022-08-22,Cancelled by the passenger
48612,2736,36933,2022-11-08,Success
41599,2927,8481,2023-01-08,Cancelled by the passenger
49250,958,10812,2022-11-14,Success
9223,2531,22398,2023-01-05,Success
20967,741,17882,2022-05-18,Success
11526,1200,14106,2022-06-30,Success
40597,347,5585,2022-03-15,Success
58476,621,8121,2022-08-07,Rejected by the driver
19689,805,26221,2022-05-16,Rejected by the driver
44910,336,14335,2022-12-18,Success
5309,2157,6302,2022-06-03,Success
11773,1707,18828,2023-03-05,Success
13317,1237,35449,2022-06-17,Cancelled by the passenger
24558,2444,29481,2022-07-15,Rejected by the driver
16273,1883,36999,2023-02-01,Rejected by the driver
18779,253,30836,2023-04-13,Rejected by the driver
7405,771,23311,2023-03-21,Success
54957,11,12691,2022-06-20,Success
11106,1524,28173,2022-07-14,Rejected by the driver
44285,1697,29454,2022-04-27,Rejected by the driver
51317,1580,25506,2022-04-29,Success
47980,704,11870,2022-06-23,Success
55746,368,2860,2022-05-07,Success
10498,442,33956,2023-04-05,Rejected by the driver
51514,2572,24561,2022-04-21,Success
47904,2370,30930,2022-08-17,Success
7565,760,21484,2022-09-01,Success
44555,1286,39054,2022-08-12,Success
47104,378,26164,2022-05-05,Success
1090,752,5102,2022-11-12,Success
2607,664,33601,2022-11-10,Success
47124,1499,116,2022-08-22,Success
8589,548,30469,2023-02-19,Success
43440,2436,26183,2022-07-14,Success
51930,2,13185,2022-08-06,Rejected by the driver
49921,950,38246,2022-09-18,Success
195,1604,2089,2023-04-15,Success
35269,485,4431,2022-05-23,Success
27709,244,6904,2023-03-07,Success
19790,2405,18925,2023-03-03,Success
17523,2251,39625,2022-08-28,Success
12803,2717,22901,2022-10-11,Success
21468,202,21910,2022-04-24,Success
15685,2799,24827,2022-09-21,Success
319,2401,31788,2022-12-31,Cancelled by the passenger
48781,1599,32164,2022-07-14,Success
7775,2712,1391,2022-05-17,Success
57435,1995,7325,2022-09-08,Cancelled by the passenger
27718,1823,8694,2022-06-03,Success
58015,628,18011,2022-05-28,Rejected by the driver
30322,747,28825,2023-04-05,Success
33840,1986,25374,2022-10-27,Success
15735,2805,19357,2022-06-10,Success
52544,2663,16966,2022-07-29,Success
48269,930,73,2022-05-25,Rejected by the driver
21604,2136,16152,2023-03-07,Success
1574,2734,2792,2022-09-10,Rejected by the driver
47624,699,13914,2022-06-12,Success
5254,2209,8974,2022-04-28,Success
42871,1878,22858,2022-09-07,Success
48266,2190,29244,2022-08-10,Success
13674,666,37763,2022-12-12,Rejected by the driver
51270,2363,24833,2022-12-17,Success
41223,1470,15568,2022-07-18,Success
36665,879,3365,2022-05-15,Rejected by the driver
30543,695,1622,2023-01-20,Success
31102,2660,37170,2022-09-20,Success
34589,1119,35060,2023-04-02,Rejected by the driver
8417,2479,33654,2022-11-07,Rejected by the driver
43597,2477,35619,2023-01-01,Success
47126,1714,11437,2022-05-18,Success
42860,2992,31414,2022-08-06,Success
48415,2983,31313,2022-07-03,Success
8975,1297,8472,2022-12-11,Success
47631,2173,26031,2022-09-04,Success
12393,2593,25157,2022-03-30,Success
55293,1503,39468,2022-12-10,Success
10047,1515,28175,2023-01-07,Success
13188,723,32039,2023-01-06,Cancelled by the passenger
7056,50,39176,2022-09-19,Success
59960,488,17227,2022-08-15,Rejected by the driver
24706,2096,26292,2022-10-26,Success
39053,1047,16424,2022-08-01,Success
48576,1976,16737,2022-12-02,Rejected by the driver
7781,346,608,2022-11-24,Success
57549,686,1045,2022-11-12,Success
55191,1024,1092,2023-02-18,Success
1150,1773,18699,2022-07-18,Success
42591,1403,13215,2022-06-02,Success
41133,2562,19522,2023-02-13,Cancelled by the passenger
6662,1042,39842,2022-05-08,Success
41092,1692,28744,2022-04-22,Rejected by the driver
34964,1229,33422,2022-03-23,Success
45707,2502,25138,2022-08-04,Success
24481,493,24744,2022-11-21,Rejected by the driver
16199,1637,23142,2022-07-16,Cancelled by the passenger
49339,1249,34434,2023-01-06,Success
55096,2707,11733,2022-03-27,Success
49661,741,382,2022-03-21,Success
2768,1174,20302,2022-06-04,Success
36922,2489,7086,2023-04-06,Success
49333,2642,20045,2023-03-14,Success
28643,181,1578,2023-01-15,Success
40032,739,26507,2022-12-27,Success
43668,964,10154,2023-02-16,Rejected by the driver
14486,1354,4503,2023-01-23,Success
50018,602,24550,2022-09-06,Cancelled by the passenger
1556,2124,21293,2022-05-11,Rejected by the driver
13228,261,8962,2023-03-28,Success
19846,528,6740,2022-12-31,Success
5203,2165,19589,2023-01-05,Success
40187,292,33395,2023-03-06,Success
12908,2115,4362,2022-12-04,Success
53645,537,14971,2023-01-04,Rejected by the driver
58303,716,38174,2022-08-25,Success
22619,306,11079,2023-01-19,Success
1513,2429,36045,2022-04-03,Success
10785,2907,1016,2023-03-22,Rejected by the driver
12752,1950,7620,2022-12-13,Cancelled by the passenger
26438,2398,25407,2022-12-28,Success
38217,1151,2227,2022-04-05,Cancelled by the passenger
7389,2258,24599,2022-07-16,Success
5017,1870,9562,2023-03-27,Success
45196,769,32494,2022-07-30,Success
32083,1407,9235,2022-07-08,Success
37436,2972,30115,2022-06-26,Success
40841,2015,34804,2023-03-06,Success
18837,2882,28842,2022-11-23,Rejected by the driver
45601,849,11481,2022-04-03,Success
57301,1219,22377,2022-04-27,Success
15320,499,25393,2022-09-04,Success
18646,1388,30786,2022-07-03,Rejected by the driver
17142,2012,32419,2023-01-31,Cancelled by the passenger
20717,2175,7661,2023-03-24,Success
40170,2006,3845,2023-02-22,Success
41588,1612,15433,2023-01-27,Rejected by the driver
23854,525,14208,2022-10-23,Success
53169,1969,20501,2023-01-25,Rejected by the driver
52493,702,594,2022-10-11,Rejected by the driver
39612,574,20178,2023-03-07,Success
6323,1655,9713,2023-01-03,Success
16825,2800,3048,2022-10-10,Success
38751,2203,30361,2022-12-01,Success
13561,1183,37609,2022-06-11,Success
37801,2233,18477,2022-10-22,Success
2626,707,21897,2022-07-10,Success
47086,184,28832,2022-04-19,Success
53171,292,7607,2022-06-02,Rejected by the driver
42824,2257,3133,2022-06-15,Success
1816,940,5019,2023-03-15,Success
46411,673,14610,2022-09-25,Rejected by the driver
16578,1433,27203,2022-08-23,Success
13054,1387,31523,2022-09-04,Success
50909,2612,25300,2022-07-09,Cancelled by the passenger
37035,2545,6993,2023-01-02,Success
13558,963,18825,2022-03-20,Rejected by the driver
42396,588,30472,2023-02-06,Cancelled by the passenger
14799,1400,16183,2023-02-18,Cancelled by the passenger
43100,103,29567,2022-04-03,Cancelled by the passenger
31682,2568,21612,2022-06-01,Success
4763,2999,15040,2022-03-25,Success
4718,713,17394,2023-01-02,Success
30079,232,5697,2022-10-30,Success
27970,2556,24812,2023-02-03,Success
25565,2111,39927,2022-06-22,Success
32122,357,24071,2022-05-03,Success
11071,1202,4604,2022-10-12,Success
5898,783,24929,2022-06-13,Cancelled by the passenger
54735,1234,23676,2022-11-14,Success
21334,1904,16734,2022-09-08,Success
54096,1952,26497,2023-02-16,Success
17074,1858,16853,2022-12-04,Success
50943,909,3606,2022-06-28,Success
2851,1435,28833,2022-08-26,Success
13464,444,37339,2023-01-29,Success
20682,1899,10791,2022-07-25,Rejected by the driver
20211,1169,29914,2023-01-09,Success
56857,1989,4587,2022-09-21,Success
51833,1925,27459,2022-05-12,Success
51808,142,6187,2023-02-02,Success
13518,1230,30674,2022-09-17,Success
38794,750,9510,2022-07-22,Rejected by the driver
20301,1047,8302,2022-09-02,Success
31387,2125,1734,2022-04-07,Success
26645,2222,38864,2022-04-16,Success
45203,217,37925,2022-04-07,Success
4954,348,30079,2022-06-13,Success
9846,241,34405,2022-03-21,Rejected by the driver
32993,748,882,2022-12-30,Success
46292,2245,15737,2022-05-22,Success
56023,1509,20467,2022-05-24,Success
17237,264,17377,2022-10-30,Success
31780,1852,33877,2022-07-20,Rejected by the driver
18094,2034,11274,2022-11-23,Success
27402,2364,923,2023-03-23,Success
33095,2696,6610,2023-01-04,Success
13116,837,6899,2022-10-09,Success
25216,850,31726,2022-07-14,Rejected by the driver
50155,2023,23866,2023-01-03,Success
2071,2294,22803,2022-09-30,Success
12542,2921,11789,2022-03-25,Success
817,2251,19259,2022-07-11,Success
52293,1477,38601,2023-02-10,Rejected by the driver
59154,348,39772,2023-04-07,Success
48176,1984,14891,2022-10-30,Success
18204,1675,19419,2022-10-07,Rejected by the driver
38077,893,15550,2022-11-11,Success
16044,299,6783,2022-09-18,Success
18020,2964,33342,2022-09-14,Success
4878,1231,18160,2023-04-13,Success
21095,1210,4737,2022-04-14,Rejected by the driver
670,993,12297,2022-03-16,Success
12040,567,24506,2023-01-10,Success
27858,1530,12697,2022-12-17,Cancelled by the passenger
26951,1573,30104,2022-06-08,Success
37835,2698,11518,2022-05-16,Success
9787,132,4436,2022-09-15,Success
5411,298,8063,2023-04-07,Success
56148,1595,37261,2022-11-25,Cancelled by the passenger
20124,485,8333,2022-05-29,Success
11676,2278,686,2023-02-04,Success
12476,1636,5190,2022-05-06,Success
35257,1401,24060,2022-04-03,Success
14056,1203,32303,2022-08-24,Success
20248,1429,753,2022-08-05,Success
4409,2851,5492,2023-02-20,Success
15569,1239,8988,2022-05-04,Success
28472,1930,11909,2023-03-02,Success
53588,968,38550,2023-02-28,Success
17315,101,4070,2023-02-01,Cancelled by the passenger
57592,2139,22029,2022-11-07,Success
3808,2203,24423,2022-05-30,Success
7705,2465,7090,2022-03-27,Success
52450,522,33047,2022-09-22,Rejected by the driver
6708,2921,13719,2022-09-29,Success
3446,2307,26273,2022-06-13,Success
33120,1482,38985,2022-06-12,Rejected by the driver
45664,2184,5513,2022-07-05,Success
6197,862,36750,2023-03-08,Success
4799,296,21877,2022-06-19,Rejected by the driver
37961,2707,38514,2022-10-13,Success
44629,1982,707,2022-07-28,Success
52867,607,37829,2022-07-19,Success
8475,122,25923,2023-02-26,Success
52375,2067,27812,2022-07-23,Cancelled by the passenger
51300,2897,33590,2022-03-29,Rejected by the driver
25024,721,2167,2022-11-05,Success
22309,2518,14225,2023-01-17,Cancelled by the passenger
47751,2414,33073,2022-05-01,Success
37550,867,29410,2023-02-12,Success
23410,512,13265,2022-09-14,Success
52345,1068,32345,2022-08-31,Success
5975,1544,29354,2022-10-05,Success
5184,1135,25064,2023-02-14,Success
24859,1640,25184,2022-04-23,Success
21999,1181,22345,2022-10-15,Success
13539,664,7671,2022-11-07,Rejected by the driver
8586,707,29635,2022-12-24,Success
20238,1657,2691,2022-12-18,Success
47421,645,20724,2022-10-28,Success
18357,2360,22420,2023-01-20,Success
59119,2162,34587,2022-07-22,Success
57052,2435,27781,2022-08-07,Success
13782,2652,19436,2022-08-22,Cancelled by the passenger
14586,453,29046,2022-08-06,Success
48841,2568,17027,2022-11-30,Success
47856,2675,37749,2022-08-22,Success
26930,1220,29202,2022-11-04,Rejected by the driver
28133,2437,15287,2023-03-29,Cancelled by the passenger
59883,612,17527,2022-03-16,Success
14898,2228,484,2022-10-07,Success
45368,2504,19789,2022-12-11,Success
39898,729,6257,2022-12-19,Success
30909,98,2041,2022-10-18,Success
39357,2977,29163,2022-12-28,Success
58010,2888,30325,2022-07-03,Success
33157,371,27988,2022-10-09,Success
37689,1032,31296,2022-06-01,Success
39750,1347,7800,2022-03-20,Cancelled by the passenger
52584,2855,28157,2022-03-27,Success
32171,2196,31728,2023-02-22,Success
36266,322,22338,2022-05-21,Success
20816,697,4428,2022-03-20,Success
1176,1601,19866,2022-04-30,Rejected by the driver
36415,2325,14484,2022-10-26,Success
42509,1348,30501,2023-02-03,Success
16747,2044,2059,2022-06-29,Success
39268,2466,8192,2022-10-25,Rejected by the driver
13694,1804,222,2022-04-10,Success
12153,2700,38129,2022-03-26,Success
40977,2989,30898,2022-11-23,Success
33500,36,36753,2023-01-01,Success
34388,808,4980,2022-03-13,Success
29616,1824,33587,2022-08-20,Success
1127,2457,2784,2022-07-25,Success
446,308,14148,2022-12-28,Success
17308,2660,18543,2022-10-28,Success
51598,2173,6827,2022-07-31,Cancelled by the passenger
23492,2078,4875,2022-04-16,Success
15188,1259,15374,2022-08-13,Rejected by the driver
40192,396,3271,2022-03-23,Success
44015,365,18914,2022-05-22,Success
3710,822,10008,2023-02-18,Success
17513,1460,33638,2023-01-03,Cancelled by the passenger
12225,585,2150,2022-08-19,Cancelled by the passenger
14527,1177,21411,2023-02-09,Success
55327,101,33904,2022-04-23,Success
10789,2793,13164,2022-05-03,Cancelled by the passenger
4631,2591,25188,2022-07-27,Cancelled by the passenger
8991,2068,3712,2022-06-24,Rejected by the driver
49267,2770,22528,2022-05-09,Success
20291,1201,29319,2022-09-09,Success
31090,502,17050,2023-01-06,Success
51151,1273,22134,2022-09-01,Rejected by the driver
26137,1305,35078,2022-12-24,Cancelled by the passenger
29675,2260,16247,2022-09-09,Success
10969,2259,2902,2022-12-21,Success
49452,1878,10800,2022-10-10,Success
53925,2168,5292,2022-04-02,Success
22978,1917,28591,2022-04-03,Success
39157,676,7285,2022-10-04,Success
9237,2291,1432,2022-07-27,Success
55587,689,8066,2022-09-04,Success
5409,2728,35197,2023-03-13,Success
24137,188,19892,2022-10-21,Success
27530,1992,12014,2023-02-20,Success
1740,2911,5236,2022-05-27,Success
50967,1907,311,2022-05-03,Success
43688,1176,29298,2022-09-15,Success
23724,2317,35738,2022-11-17,Success
3377,909,29413,2023-02-07,Success
39711,1093,4743,2022-04-27,Success
34654,2971,7353,2022-04-01,Cancelled by the passenger
8901,989,9875,2022-10-28,Cancelled by the passenger
19769,1696,21816,2022-12-19,Success
43600,1562,4510,2022-05-25,Success
57415,1912,10852,2022-07-06,Success
32756,1598,1080,2022-11-10,Success
36832,597,39788,2022-10-19,Success
16505,1635,9227,2022-04-19,Success
46495,2597,19914,2022-10-27,Cancelled by the passenger
59612,2489,5257,2022-09-18,Success
11072,339,9911,2023-02-16,Rejected by the driver
10340,1045,17645,2023-02-13,Success
37985,2640,25452,2022-11-03,Success
27536,388,7298,2022-11-21,Success
5159,1410,14728,2022-05-14,Rejected by the driver
52959,1478,15814,2023-01-15,Success
56612,1830,26960,2022-04-16,Rejected by the driver
30287,2185,20662,2022-04-21,Success
34004,1840,28178,2023-04-04,Cancelled by the passenger
43432,762,6039,2023-03-28,Success
52741,842,39384,2023-01-12,Success
17668,879,39561,2022-08-17,Success
15971,1968,4033,2022-07-30,Success
11521,58,15997,2022-07-26,Success
38697,758,26573,2022-08-28,Success
22690,178,32720,2022-11-15,Success
22413,713,19149,2022-04-12,Success
49139,2481,29214,2022-08-13,Rejected by the driver
1467,2975,9924,2022-08-23,Rejected by the driver
14928,1447,33639,2023-01-28,Success
11156,2425,31822,2022-03-15,Success
2497,1393,21728,2022-10-16,Success
10583,2881,27060,2022-10-20,Success
13115,1297,18140,2023-04-07,Success
28302,1554,23459,2022-12-10,Success
51233,726,34597,2023-03-27,Success
29395,2586,35149,2022-08-19,Rejected by the driver
4230,1800,21372,2023-04-07,Success
42536,2193,33624,2023-02-14,Success
52467,2834,13316,2023-02-27,Success
47554,1247,14243,2022-03-23,Success
34171,1949,39744,2022-07-12,Success
49765,2769,33513,2022-06-14,Success
50814,2487,7915,2022-06-24,Success
57286,944,13769,2022-10-22,Success
5151,1640,6228,2023-04-09,Success
19367,1323,8605,2022-05-09,Success
360,2464,11760,2023-02-08,Success
28792,407,13806,2022-12-25,Cancelled by the passenger
26146,2148,14357,2022-03-14,Rejected by the driver
51355,2121,13220,2022-05-15,Success
55136,617,4031,2022-10-18,Success
47727,1156,14993,2022-10-03,Success
29231,338,37590,2022-06-11,Success
34086,1505,22653,2022-08-15,Success
33652,722,34195,2022-04-18,Success
44308,397,25111,2022-04-22,Success
41364,1880,21261,2023-02-12,Cancelled by the passenger
26859,2530,36321,2022-03-16,Success
16282,2307,6812,2022-03-20,Success
48291,169,13401,2022-11-18,Cancelled by the passenger
11422,930,39203,2023-02-13,Rejected by the driver
5672,1506,3137,2022-04-27,Success
50910,2757,37125,2022-12-04,Success
39074,1094,5187,2022-11-03,Success
52953,1812,17219,2022-12-26,Success
49080,2230,28202,2022-05-05,Success
53469,1555,22310,2022-12-09,Success
50654,802,39231,2022-10-06,Success
31827,1017,4443,2022-09-19,Success
20295,71,38195,2023-03-15,Rejected by the driver
21338,1522,4577,2022-05-07,Success
25029,2563,31759,2022-04-02,Rejected by the driver
1791,483,30457,2022-10-01,Success
4730,2067,28403,2022-12-22,Rejected by the driver
28195,1028,32275,2022-10-25,Success
40794,715,36033,2022-04-01,Rejected by the driver
59822,1037,38459,2022-06-06,Cancelled by the passenger
19323,1741,23663,2023-02-23,Success
37925,1305,25043,2022-03-14,Rejected by the driver
40932,168,14580,2022-12-03,Success
51965,13,1446,2022-06-21,Success
56952,2012,13080,2022-09-09,Success
34361,479,2598,2022-05-19,Cancelled by the passenger
26182,2300,26053,2022-07-23,Success
48885,2867,17456,2022-07-19,Success
11616,2336,14663,2022-04-29,Success
39787,1090,32236,2022-05-04,Success
15366,1867,21011,2022-12-08,Success
20819,2192,32947,2022-04-16,Rejected by the driver
28474,729,1447,2022-09-10,Success
26771,415,29237,2022-03-23,Cancelled by the passenger
36661,1414,24852,2022-06-15,Success
57017,459,14250,2022-12-14,Success
11630,1245,24655,2022-07-17,Success
50260,1469,18172,2022-11-11,Success
36347,467,26254,2022-11-02,Success
36600,603,36974,2022-12-23,Success
11204,1364,34626,2022-09-29,Success
15679,93,29821,2022-12-29,Success
17325,2029,20662,2022-08-30,Success
9914,2027,5187,2023-01-18,Success
51660,1463,38459,2022-04-22,Success
29760,2488,8571,2022-05-05,Success
984,1202,30508,2023-03-27,Success
28376,1918,21204,2022-03-24,Success
21837,2484,6097,2022-05-21,Success
9778,961,11239,2022-10-06,Success
13001,671,3039,2022-10-25,Rejected by the driver
55336,708,12872,2022-05-21,Rejected by the driver
9658,2440,30635,2023-02-02,Cancelled by the passenger
45464,2113,16463,2022-10-21,Success
51395,41,911,2022-11-28,Success
22232,2788,5033,2022-09-20,Success
10000,2648,7111,2022-07-03,Success
44804,2300,18506,2022-06-15,Success
25269,242,39894,2022-05-01,Success
23588,1174,26630,2022-10-31,Success
45725,442,11325,2022-06-30,Success
55320,710,15980,2022-08-08,Cancelled by the passenger
17247,552,26761,2022-05-03,Success
34243,1079,6923,2022-07-27,Success
16065,1282,24269,2023-03-29,Cancelled by the passenger
41538,254,31789,2022-12-27,Rejected by the driver
2966,1615,35457,2022-03-21,Success
17373,639,3030,2022-07-26,Cancelled by the passenger
31436,2938,1344,2023-03-12,Success
51630,2924,39729,2022-12-14,Rejected by the driver
39289,2050,24739,2023-04-05,Cancelled by the passenger
18657,648,13368,2022-05-27,Success
4191,2017,12402,2022-08-27,Success
2374,1092,29345,2023-02-08,Success
46697,2164,23410,2022-05-03,Success
29471,2528,33665,2023-01-08,Success
24878,2136,6173,2023-03-21,Success
58967,761,38554,2023-02-23,Success
40913,2839,191,2022-05-04,Cancelled by the passenger
38305,2194,36614,2022-03-26,Rejected by the driver
19789,301,1791,2022-03-24,Success
4058,2513,15612,2022-05-29,Cancelled by the passenger
36512,2896,34085,2022-08-02,Success
20866,922,11616,2022-10-05,Rejected by the driver
36866,240,12419,2022-11-12,Success
14616,292,586,2022-10-26,Rejected by the driver
16646,301,7887,2023-04-03,Success
20704,576,33097,2022-03-31,Cancelled by the passenger
8593,2076,21483,2022-10-19,Success
46288,2092,10977,2023-02-07,Success
35868,2974,12424,2023-03-03,Rejected by the driver
11013,2922,37364,2022-07-19,Success
5601,1836,34707,2023-01-30,Success
19670,2088,1360,2022-09-18,Success
54457,1273,13615,2022-12-05,Rejected by the driver
8453,492,22904,2022-12-31,Success
47260,118,14922,2022-06-10,Cancelled by the passenger
53940,2062,13351,2022-03-18,Success
7246,1154,6627,2022-05-25,Cancelled by the passenger
24614,652,30684,2023-04-15,Success
5960,2083,25595,2023-03-23,Success
58263,795,25796,2022-12-17,Success
9089,1989,26040,2023-02-18,Success
7601,2657,28267,2023-01-12,Success
38547,339,27515,2022-04-14,Success
53417,2987,32209,2023-03-19,Success
48007,2899,16159,2022-05-14,Success
35441,1025,12394,2023-03-28,Cancelled by the passenger
34634,1367,23794,2023-04-09,Cancelled by the passenger
48047,1574,27921,2022-12-01,Success
7552,1292,14521,2022-05-29,Success
27294,2852,35326,2023-01-31,Success
18566,2354,28286,2022-08-09,Success
3444,798,38277,2022-09-10,Rejected by the driver
34079,1199,14710,2022-08-26,Success
39044,2717,1297,2023-04-02,Success
18447,1803,1802,2022-04-18,Success
50813,2313,9921,2022-07-13,Success
53311,535,30359,2022-07-31,Success
14760,2684,6645,2022-05-21,Rejected by the driver
43496,630,14222,2023-02-17,Success
57105,678,11402,2022-06-07,Success
56311,2181,30711,2023-03-02,Success
59701,765,6363,2022-04-16,Success
6721,1465,3272,2022-05-14,Rejected by the driver
48859,1331,6821,2022-04-30,Success
17517,2872,5705,2022-06-09,Success
9379,600,11317,2022-09-08,Cancelled by the passenger
39342,2552,13776,2023-03-06,Success
27034,2758,19265,2022-12-07,Rejected by the driver
17529,2394,16504,2022-06-17,Success
55046,539,32080,2023-02-22,Success
49683,1051,14040,2022-12-18,Success
33360,824,10042,2022-03-30,Success
29965,175,9549,2022-10-22,Rejected by the driver
39507,2408,2174,2022-12-29,Success
30204,1791,22911,2022-10-31,Success
8576,2527,17321,2022-08-30,Success
39732,1174,3183,2023-01-24,Success
36099,489,6975,2022-04-09,Success
23117,2343,19746,2022-09-22,Success
52290,1044,15292,2022-04-24,Cancelled by the passenger
43259,2008,11560,2022-04-15,Success
39480,2121,19327,2022-08-17,Success
5327,791,23500,2022-03-15,Success
50372,399,33081,2022-12-11,Success
59038,1307,24092,2022-03-30,Success
42074,2685,25213,2022-12-21,Cancelled by the passenger
32891,1388,5206,2022-11-11,Success
30889,928,25182,2022-09-03,Success
40848,2955,11110,2023-03-29,Success
14565,675,34103,2022-10-02,Success
18398,320,22552,2023-03-21,Rejected by the driver
15522,2292,30694,2022-06-24,Success
3089,2862,8240,2023-03-26,Success
37165,1973,34788,2023-01-17,Rejected by the driver
20355,1011,20123,2023-03-04,Success
56066,306,14644,2023-04-12,Rejected by the driver
35527,2154,5583,2022-06-10,Cancelled by the passenger
35573,791,2543,2022-06-22,Rejected by the driver
19462,69,18152,2022-12-20,Success
1455,684,22535,2022-09-27,Success
31608,782,28077,2022-11-13,Success
21626,1114,5035,2022-05-03,Success
22782,2995,21696,2022-10-25,Success
905,243,33183,2023-04-10,Success
16972,499,27360,2023-01-13,Cancelled by the passenger
17842,2077,29549,2023-03-05,Success
13969,1135,33618,2023-02-01,Rejected by the driver
28526,2267,29437,2022-05-14,Success
54680,2110,33483,2022-08-30,Cancelled by the passenger
39449,2849,5785,2023-03-11,Success
10173,578,21974,2022-04-15,Success
34098,1734,9397,2023-01-31,Success
46884,2766,31903,2022-04-27,Success
7848,1572,38497,2022-08-16,Rejected by the driver
44078,640,9130,2022-10-03,Success
9616,2911,25668,2022-12-07,Success
46698,1887,10008,2022-08-31,Success
12911,128,18447,2022-07-13,Success
31027,2078,32903,2022-07-09,Success
2264,2164,1480,2023-03-23,Success
11551,2685,10723,2022-05-21,Cancelled by the passenger
2595,353,19019,2022-06-08,Success
20885,642,23410,2022-09-02,Cancelled by the passenger
23322,1762,31355,2022-06-23,Success
33316,718,38532,2023-03-07,Rejected by the driver
50256,2305,33881,2022-12-19,Success
4981,1746,22776,2022-05-02,Success
38155,781,1233,2022-11-12,Success
12251,2864,17289,2022-07-02,Success
10200,1295,5864,2022-12-01,Rejected by the driver
40711,1824,27468,2022-10-09,Success
5334,2380,1166,2022-03-14,Success
28008,514,16089,2022-09-23,Success
9676,2455,38747,2022-06-21,Success
18852,1962,20948,2023-03-28,Success
53793,312,5501,2023-04-15,Success
279,1132,35554,2022-09-11,Success
51894,255,8069,2022-05-28,Success
30049,969,3286,2022-06-18,Success
28659,349,3310,2022-06-15,Success
24923,2289,15604,2022-08-03,Success
41936,673,12892,2022-04-17,Success
38495,894,30342,2022-06-14,Success
32113,1607,13425,2022-08-15,Success
18026,824,1357,2022-03-27,Cancelled by the passenger
40397,1805,26890,2022-12-23,Success
28762,1284,21537,2022-10-03,Success
35978,2627,24129,2022-10-16,Success
17761,1795,17587,2022-09-18,Success
55852,1127,4378,2022-08-12,Cancelled by the passenger
18521,1391,31120,2022-04-09,Success
22387,2694,31235,2022-10-03,Success
17786,2363,6361,2022-10-11,Success
42398,743,28034,2022-12-01,Success
3353,258,27722,2022-04-23,Cancelled by the passenger
59052,1960,8991,2022-10-12,Success
37703,224,18693,2022-08-09,Success
41084,261,35510,2022-09-08,Success
37169,948,21231,2022-05-05,Success
9557,2791,34291,2022-12-06,Cancelled by the passenger
20756,236,36661,2022-05-27,Success
30991,481,1038,2022-05-20,Success
58841,869,9654,2023-03-01,Success
57398,609,24458,2022-06-05,Rejected by the driver
11174,1328,26642,2022-08-05,Success
650,420,15982,2022-08-29,Success
10645,424,18051,2022-09-11,Success
41632,1153,9191,2022-08-03,Rejected by the driver
4605,1201,14007,2022-12-28,Success
59340,1037,29075,2022-07-04,Rejected by the driver
20029,825,28813,2022-05-30,Success
19127,1097,32143,2022-08-24,Success
55830,432,29656,2022-07-01,Success
10717,1758,18549,2022-08-02,Cancelled by the passenger
21125,2040,3874,2022-11-03,Rejected by the driver
31340,2745,556,2023-01-03,Success
36732,1290,23144,2022-06-21,Success
33282,1744,6588,2023-03-25,Success
45720,1703,18880,2022-11-30,Success
51870,1564,27993,2022-10-13,Success
41547,656,35740,2022-11-09,Success
991,64,21353,2023-01-02,Rejected by the driver
30227,51,15189,2023-02-04,Success
44999,312,25872,2022-08-31,Success
48591,1247,33739,2022-12-15,Success
38072,776,25956,2022-10-22,Success
24026,522,18725,2022-06-02,Rejected by the driver
30493,2328,14520,2023-01-13,Rejected by the driver
58475,2724,14837,2023-04-09,Success
37948,2995,12803,2022-05-09,Success
43068,440,2822,2022-08-25,Cancelled by the passenger
50465,1329,20330,2023-03-17,Success
45876,2804,31819,2022-07-25,Rejected by the driver
30995,1508,6656,2022-12-10,Rejected by the driver
51509,1963,1742,2022-06-15,Success
18823,39,24474,2022-11-12,Success
20905,86,37210,2023-03-13,Success
28694,694,28625,2022-03-29,Success
46253,708,15120,2023-02-16,Rejected by the driver
42795,880,13069,2022-07-08,Rejected by the driver
16464,2544,21062,2022-05-30,Success
16299,1107,4952,2022-12-11,Success
52668,980,29283,2022-08-19,Success
53202,2344,8810,2023-02-23,Success
23442,1241,27004,2022-07-09,Success
45447,260,5899,2022-07-24,Success
53810,2351,18620,2022-05-03,Rejected by the driver
26756,2063,28829,2022-09-21,Rejected by the driver
53971,316,6263,2022-09-29,Success
52443,2552,598,2023-03-24,Cancelled by the passenger
27927,1009,14366,2022-08-10,Rejected by the driver
52407,2869,37623,2022-05-06,Success
59000,408,67,2023-01-27,Success
10395,220,38810,2022-04-30,Rejected by the driver
20780,339,6838,2022-12-21,Success
595,2652,13548,2022-05-09,Success
56971,1542,26919,2022-06-24,Success
57343,2281,31186,2022-06-20,Success
28837,623,30499,2022-03-13,Success
54718,504,1407,2022-05-26,Success
41454,2781,15655,2022-11-09,Success
29158,714,9425,2023-04-11,Success
3800,42,20952,2022-08-03,Rejected by the driver
38845,2493,23584,2022-06-06,Success
5330,924,37760,2022-11-19,Success
48801,2530,33419,2022-09-21,Cancelled by the passenger
35898,536,11139,2023-03-13,Success
43732,1816,27915,2022-09-17,Success
58421,1535,15108,2022-04-03,Success
19158,2573,17666,2023-02-17,Rejected by the driver
39474,2184,11949,2022-08-09,Success
30380,2049,1763,2023-02-12,Success
54169,974,3828,2022-03-14,Success
44946,1762,30743,2023-02-16,Rejected by the driver
55482,2908,1810,2022-11-18,Rejected by the driver
2,2687,27655,2022-04-13,Success
15876,511,5919,2022-08-15,Success
41595,1703,25902,2022-10-03,Success
53524,918,30190,2022-05-13,Success
40220,1325,8929,2023-02-07,Success
54196,508,12819,2022-09-08,Success
28970,169,18816,2022-05-15,Success
9020,1553,20748,2022-04-03,Success
27248,2443,32076,2022-07-06,Success
1783,1103,19264,2022-08-19,Success
16215,2075,16695,2023-04-03,Cancelled by the passenger
47325,604,30935,2022-10-01,Success
50527,765,36071,2023-02-19,Success
25061,335,36700,2022-03-30,Success
20899,880,35979,2022-11-06,Success
43632,1662,3338,2022-06-29,Cancelled by the passenger
49687,1485,32052,2022-07-01,Success
34907,60,16783,2022-04-11,Success
56444,2228,38089,2022-11-18,Cancelled by the passenger
15043,96,13618,2022-12-17,Success
25684,2717,20551,2022-04-23,Success
12526,61,14463,2022-04-04,Success
29216,2910,12062,2022-10-28,Success
30193,1281,16230,2022-06-17,Success
3757,464,3,2023-01-14,Success
46634,513,4135,2023-04-11,Success
5058,691,7030,2023-03-15,Cancelled by the passenger
52964,641,34643,2022-09-12,Success
47493,2369,29289,2023-01-08,Rejected by the driver
6810,646,9473,2022-04-22,Cancelled by the passenger
53389,93,3080,2022-09-02,Success
42306,1019,18324,2023-01-15,Success
45655,481,28333,2022-12-19,Cancelled by the passenger
12528,2063,13035,2023-02-25,Success
29432,2506,24932,2022-05-13,Success
10825,2395,1921,2023-04-08,Success
23775,1915,27203,2022-11-26,Cancelled by the passenger
35686,2918,19543,2023-04-07,Success
10475,318,27919,2022-06-29,Success
46722,452,12372,2022-06-13,Success
23198,495,1636,2023-03-11,Success
1972,348,31121,2022-08-17,Success
38127,1841,28239,2022-05-05,Success
23051,2379,39131,2022-04-12,Rejected by the driver
983,405,30437,2022-06-08,Success
6004,941,35732,2023-04-02,Rejected by the driver
21643,1521,14184,2022-04-21,Success
23194,2073,35835,2022-08-04,Success
15634,942,31200,2022-04-22,Success
2360,179,35136,2023-01-29,Success
13596,769,284,2022-08-30,Success
5220,2508,14855,2022-08-21,Rejected by the driver
37910,2704,34839,2023-03-11,Success
29626,658,3147,2022-06-12,Cancelled by the passenger
58128,2964,34127,2022-06-06,Cancelled by the passenger
23793,367,12057,2023-02-27,Success
33858,1954,8951,2022-03-28,Success
22911,1123,28667,2023-01-17,Success
52558,659,3999,2022-03-23,Success
6098,1160,5111,2023-04-01,Rejected by the driver
46006,544,35405,2022-03-14,Success
54862,2827,28122,2022-12-09,Success
13507,1991,12693,2022-05-14,Success
16544,786,26670,2022-09-29,Success
8873,72,27672,2023-03-07,Rejected by the driver
43715,652,17689,2022-07-18,Success
33934,40,25075,2022-10-04,Success
21336,2180,30650,2022-06-13,Success
20363,2134,3660,2022-11-23,Rejected by the driver
14603,2793,27890,2022-07-16,Rejected by the driver
34395,1232,10361,2022-10-26,Success
49143,2394,24771,2022-06-21,Success
30252,2309,19513,2022-04-04,Cancelled by the passenger
56556,2682,16213,2022-08-24,Success
1366,575,12549,2023-03-31,Success
37115,295,15283,2022-09-14,Success
50140,1314,5408,2022-12-13,Success
16097,689,36985,2023-02-28,Success
39099,2436,26849,2022-06-03,Success
43983,710,4426,2022-09-13,Success
55043,969,38014,2023-02-14,Success
21941,1282,21433,2022-03-12,Success
26887,1941,38053,2022-10-14,Success
8437,1383,21937,2022-09-17,Success
32641,1993,10001,2022-12-27,Rejected by the driver
22391,2959,13337,2022-06-30,Success
13149,71,27181,2022-09-10,Success
18665,2109,395,2022-08-03,Success
48220,770,28218,2022-04-01,Rejected by the driver
36412,1502,12434,2022-09-19,Success
33001,764,22687,2022-12-07,Success
1516,994,37640,2023-02-06,Success
8097,991,15039,2022-04-29,Success
20611,2829,31898,2023-04-12,Success
43693,1890,33897,2022-05-11,Success
45964,609,12679,2022-08-16,Success
2829,509,26833,2023-01-05,Success
53960,2617,14852,2022-08-15,Success
16020,1658,24073,2022-09-06,Success
27192,2698,10326,2022-11-23,Cancelled by the passenger
24032,1152,31897,2022-03-19,Success
53036,1478,6105,2022-08-26,Success
9815,2927,17840,2022-10-08,Success
56903,1327,26675,2022-03-27,Success
23882,652,9695,2022-03-19,Success
23614,1045,23525,2022-09-09,Success
57847,1544,15897,2022-12-12,Success
13173,34,14739,2022-12-05,Success
17395,2099,31949,2023-03-07,Success
29623,2428,34692,2022-10-25,Success
30672,783,34034,2022-03-19,Success
44489,875,16402,2022-04-24,Success
14077,2122,33264,2022-08-25,Success
43829,2993,28486,2022-09-22,Success
35569,1277,37066,2022-10-01,Cancelled by the passenger
33765,495,1316,2023-03-16,Success
11449,2333,11411,2023-01-19,Cancelled by the passenger
31690,1642,26448,2022-11-25,Success
59525,2231,30903,2022-06-30,Success
51662,1610,2235,2023-01-21,Success
23280,2371,4405,2022-04-12,Cancelled by the passenger
8801,31,11468,2022-05-11,Success
8948,2173,12514,2022-10-01,Cancelled by the passenger
53018,2641,27415,2023-04-08,Success
42134,2170,23812,2023-01-21,Success
42310,2658,15032,2022-08-16,Success
55398,2683,22651,2023-04-08,Rejected by the driver
4533,1213,10268,2022-12-29,Success
41066,2987,3952,2022-10-06,Success
24678,427,25125,2023-03-11,Success
19048,1020,32049,2022-09-19,Rejected by the driver
8050,2123,37508,2022-05-07,Success
52189,2241,11505,2023-01-28,Success
53060,1066,23448,2023-01-25,Success
40577,2634,572,2022-04-11,Rejected by the driver
17291,2156,29346,2022-06-12,Success
25132,2585,25555,2022-06-11,Rejected by the driver
34384,2716,30754,2022-08-07,Cancelled by the passenger
28220,1455,12300,2022-05-15,Success
16402,1772,29079,2022-08-07,Success
36259,2547,16987,2023-02-09,Cancelled by the passenger
32873,2872,29625,2022-04-20,Success
25486,394,9409,2022-12-01,Cancelled by the passenger
44979,1583,9589,2022-04-25,Success
50521,2200,16905,2022-11-13,Success
10451,1497,33763,2022-05-13,Success
57402,800,19928,2022-05-02,Success
15867,1112,20320,2022-06-20,Success
33136,2255,9525,2022-03-17,Success
55002,517,7172,2022-09-04,Success
50399,254,37492,2023-03-10,Cancelled by the passenger
40994,552,9838,2022-09-05,Success
42183,2327,29306,2022-11-24,Success
42363,1202,34313,2022-10-05,Success
17318,2458,33070,2022-08-05,Rejected by the driver
6947,641,28478,2022-09-28,Success
6726,2219,20124,2022-04-05,Cancelled by the passenger
54819,2224,30587,2022-05-07,Cancelled by the passenger
487,800,3270,2022-11-20,Success
24355,2442,31464,2022-10-30,Success
33930,2732,5528,2022-07-27,Rejected by the driver
6547,634,30584,2023-01-13,Success
52536,2735,20036,2022-10-26,Success
10494,1295,10966,2022-08-30,Cancelled by the passenger
38791,2659,8123,2022-10-28,Success
4448,232,21871,2022-08-28,Cancelled by the passenger
52580,1932,12595,2022-12-16,Success
22236,126,39596,2022-06-14,Rejected by the driver
54588,2264,30568,2023-04-07,Success
11916,139,19327,2022-06-16,Rejected by the driver
41371,300,16838,2023-01-28,Success
19007,2487,34505,2023-01-31,Rejected by the driver
58785,2917,1991,2022-03-24,Success
58394,986,9399,2022-11-13,Success
33113,2942,5454,2022-06-16,Success
26083,1702,11041,2023-02-01,Success
25739,1576,27375,2022-06-21,Cancelled by the passenger
26139,330,38443,2023-03-14,Success
20824,550,2070,2022-05-23,Rejected by the driver
32465,25,399,2022-07-25,Rejected by the driver
27109,67,8627,2022-06-16,Rejected by the driver
9056,592,19645,2023-03-28,Success
13074,1810,35437,2022-12-24,Cancelled by the passenger
53752,2383,29472,2023-01-22,Success
18308,2668,14099,2022-12-30,Success
37506,164,20051,2022-12-21,Cancelled by the passenger
3749,829,4578,2023-01-05,Success
36165,2213,20847,2022-12-30,Success
47719,1763,37567,2022-05-26,Cancelled by the passenger
38851,40,18990,2023-03-04,Success
41015,2422,39330,2022-11-13,Rejected by the driver
27035,2148,5851,2023-02-14,Success
19234,2910,8088,2023-01-02,Success
48527,2982,19849,2022-11-17,Rejected by the driver
26549,750,15156,2023-02-02,Cancelled by the passenger
113,1637,35379,2022-08-16,Success
42296,1308,28177,2022-06-11,Success
56273,2314,267,2023-02-18,Success
16962,2828,6671,2022-08-24,Rejected by the driver
31566,1000,8767,2023-04-08,Success
10524,65,1936,2023-04-07,Cancelled by the passenger
7012,1254,33639,2022-05-26,Success
43848,483,11980,2022-11-25,Success
14205,2845,26810,2023-01-20,Success
19866,501,16698,2022-12-30,Success
29665,2207,17794,2022-11-01,Rejected by the driver
17754,1881,38512,2023-01-14,Success
33348,1452,28029,2022-03-21,Cancelled by the passenger
36104,736,33485,2022-04-17,Success
36117,1914,36580,2022-09-23,Success
41842,2283,22584,2022-06-27,Success
18505,2626,30916,2022-04-30,Success
10405,1192,31126,2022-03-16,Rejected by the driver
51508,296,7910,2022-10-16,Success
35419,2646,25997,2022-03-12,Success
54937,29,38461,2022-12-19,Success
1591,1511,10156,2023-02-15,Success
11400,399,16431,2022-06-21,Success
17305,1048,1171,2022-04-22,Success
26976,1662,2207,2022-07-23,Success
20546,2703,26577,2022-07-01,Success
27243,799,23393,2023-01-03,Success
24215,323,1561,2022-04-14,Success
1444,1629,4310,2022-04-11,Cancelled by the passenger
22356,2137,27276,2022-05-31,Success
55921,466,2969,2023-03-19,Success
53403,861,9057,2022-12-11,Success
26922,1644,37275,2023-01-11,Success
25900,137,5723,2022-05-27,Success
45639,1050,25397,2023-03-19,Success
29580,2982,5365,2022-09-29,Success
26263,1265,38487,2023-03-13,Cancelled by the passenger
590,2088,24869,2022-03-17,Success
13971,1996,35810,2022-09-07,Rejected by the driver
40583,2532,19336,2023-01-06,Success
50100,2571,18015,2022-09-28,Rejected by the driver
31629,1666,30379,2022-08-11,Rejected by the driver
24466,1566,27518,2022-08-04,Success
9283,2226,7962,2023-01-27,Success
7928,2993,28670,2022-09-23,Success
7088,2449,37103,2022-07-25,Success
40173,520,19052,2023-01-10,Success
14072,2413,16807,2022-07-10,Success
38467,2335,14927,2022-11-06,Success
11590,1556,833,2022-04-09,Success
1976,417,14504,2022-04-23,Success
45731,927,2812,2022-08-11,Rejected by the driver
9478,944,22181,2022-09-19,Cancelled by the passenger
14621,2231,7517,2022-04-08,Success
32399,2409,15690,2022-12-20,Success
56013,1831,2066,2022-03-16,Success
43291,822,3767,2022-05-14,Success
30549,986,31647,2022-07-27,Success
8496,1147,7383,2022-11-23,Success
35250,1003,30693,2023-03-05,Cancelled by the passenger
40316,701,37134,2023-01-29,Success
35820,205,24492,2022-11-04,Success
41424,1419,11862,2022-08-26,Success
50746,1815,33314,2022-12-07,Success
21790,2170,13185,2023-02-15,Success
17514,1749,28301,2022-12-26,Success
8900,967,27777,2022-10-16,Success
31511,983,4335,2023-02-14,Success
4942,1441,9531,2022-04-10,Success
10217,1919,12016,2023-03-30,Success
50432,2213,1847,2022-08-28,Success
22101,2029,19357,2023-01-19,Success
18450,2822,6439,2023-03-22,Success
28316,1198,2977,2023-01-09,Success
1044,1294,27973,2022-03-16,Success
6720,2349,3698,2022-08-05,Success
33889,2006,30120,2022-09-11,Rejected by the driver
28944,2500,33460,2022-05-25,Success
30348,2171,37405,2023-01-26,Success
10272,2956,23409,2022-05-06,Success
41882,1939,30314,2022-10-23,Success
7049,329,37408,2022-07-29,Success
16525,229,19638,2023-02-19,Cancelled by the passenger
3104,1131,24094,2022-07-23,Success
27020,1190,38586,2023-03-19,Rejected by the driver
52282,2133,16813,2022-05-16,Success
28853,2428,17503,2022-10-17,Success
34053,2124,20424,2023-02-03,Success
4860,2758,22201,2023-03-02,Success
30069,151,26145,2022-08-13,Success
26605,1365,22063,2022-07-31,Success
5913,2443,15121,2022-10-17,Success
52271,2278,20597,2022-12-25,Rejected by the driver
50224,2086,13272,2022-07-01,Success
40511,2208,38501,2022-09-19,Success
58382,2417,30654,2022-08-26,Success
37695,1047,23995,2022-06-15,Success
30761,1972,11857,2022-04-21,Success
26186,2579,28171,2022-11-25,Success
7259,2700,17100,2022-09-27,Success
23768,1796,26060,2022-05-29,Cancelled by the passenger
44484,2705,31667,2022-04-23,Cancelled by the passenger
31013,861,14216,2022-04-15,Success
35169,2617,32601,2022-05-11,Success
29194,2542,14173,2022-09-06,Success
18804,1507,36576,2023-02-23,Success
9968,2307,10679,2023-04-10,Success
21307,2282,16713,2022-07-28,Success
44821,2314,4988,2022-05-05,Rejected by the driver
36246,241,14508,2022-06-18,Cancelled by the passenger
7645,159,24487,2023-01-09,Success
1818,1999,31576,2022-05-23,Success
7984,1367,18439,2022-10-18,Cancelled by the passenger
9620,1313,18256,2022-04-05,Success
16326,2701,38794,2023-03-16,Rejected by the driver
673,1428,22389,2023-03-15,Success
40542,564,2817,2022-04-28,Success
56507,1187,27708,2022-12-08,Success
11572,2620,39865,2022-03-21,Success
11928,914,8716,2022-12-12,Rejected by the driver
56992,2660,20560,2022-06-07,Rejected by the driver
7735,1621,24630,2022-09-15,Success
44216,1404,2038,2022-12-03,Success
5496,968,39936,2022-06-13,Success
38215,354,1001,2022-12-20,Success
7249,601,15053,2022-05-11,Success
29105,1366,27306,2022-05-02,Rejected by the driver
22834,2515,35331,2022-11-17,Success
58486,1360,20786,2022-09-30,Success
45751,532,19701,2022-07-23,Success
35531,2198,7488,2022-11-10,Success
9322,917,31440,2023-01-22,Rejected by the driver
4548,2843,10548,2022-12-13,Success
37007,1271,3340,2022-05-26,Success
21963,899,12017,2022-06-01,Success
46138,751,21253,2022-12-04,Success
31379,1549,30827,2022-07-18,Rejected by the driver
42047,1871,16225,2023-03-07,Success
14399,4,36841,2022-08-27,Success
7777,199,1673,2022-03-14,Success
10982,2132,19610,2023-01-03,Success
48300,2879,29911,2022-09-18,Success
44338,227,27856,2022-12-02,Success
3780,1786,33463,2022-11-08,Cancelled by the passenger
25393,124,28193,2022-05-30,Success
4487,1014,19818,2022-03-22,Rejected by the driver
24622,897,20779,2022-03-15,Rejected by the driver
5792,757,5224,2022-09-26,Success
27599,2623,36423,2022-06-12,Success
39037,1755,1185,2022-08-24,Rejected by the driver
21462,440,19055,2022-07-29,Success
11573,2416,25747,2022-07-26,Success
43056,102,27806,2022-11-16,Rejected by the driver
29373,2718,30626,2022-11-25,Success
11021,2193,30836,2022-06-24,Rejected by the driver
59001,2334,6705,2022-11-11,Success
24707,1508,22421,2022-12-16,Rejected by the driver
10683,2272,33815,2023-02-04,Rejected by the driver
3568,1697,34445,2022-04-24,Success
26554,903,32172,2022-07-05,Cancelled by the passenger
56290,1049,22736,2022-09-09,Success
17612,329,2723,2023-01-10,Success
22448,1216,38311,2022-05-27,Success
57035,1187,30160,2022-05-07,Success
55402,2387,23819,2023-01-05,Cancelled by the passenger
50601,638,32882,2022-06-07,Success
27219,1194,17932,2022-10-27,Rejected by the driver
24336,317,18722,2023-04-04,Success
18943,2681,21029,2022-08-03,Success
16335,186,14260,2022-09-29,Cancelled by the passenger
6187,2520,24015,2022-09-07,Rejected by the driver
5502,132,16307,2022-06-12,Success
45142,1562,890,2023-03-12,Success
13991,1100,4977,2022-08-01,Success
41503,1081,34938,2022-12-27,Success
23696,387,39742,2023-04-15,Success
44065,1962,5324,2023-01-28,Success
46061,2686,8345,2022-03-13,Success
6797,1382,29279,2023-01-27,Success
5262,1401,1041,2022-08-25,Success
36902,2717,16286,2022-09-20,Success
6018,154,20137,2023-02-28,Cancelled by the passenger
42561,1410,22763,2022-04-23,Success
46984,1073,31008,2022-05-24,Success
22878,2444,11260,2023-01-10,Rejected by the driver
57084,996,11790,2022-07-23,Cancelled by the passenger
40112,2738,25893,2022-09-11,Success
20793,2691,4476,2022-03-31,Success
4355,2343,12930,2022-05-28,Success
57453,902,38562,2022-04-29,Success
2331,1248,5493,2022-11-26,Success
