ride_id,driver_id,passenger_id,date,status
15282,1802,37177,2022-09-15,Success
21436,2412,12480,2022-10-05,Success
44537,468,23882,2023-03-26,Cancelled by the passenger
13519,626,75,2023-03-15,Cancelled by the passenger
47530,811,22783,2022-03-28,Cancelled by the passenger
53561,2315,17733,2022-04-02,Cancelled by the passenger
41095,733,25300,2022-10-23,Success
6061,792,20046,2022-09-07,Success
9359,1879,24712,2023-04-13,Rejected by the driver
49040,1749,26521,2023-03-25,Success
57208,993,34125,2022-12-01,Success
9871,1082,2102,2023-03-23,Success
11396,1059,4379,2022-07-05,Rejected by the driver
19192,2539,27686,2023-02-13,Success
53262,1207,34780,2022-07-05,Success
16684,95,29712,2023-01-27,Success
29619,236,29796,2022-07-25,Success
17210,2169,4659,2022-12-07,Cancelled by the passenger
44970,462,22820,2022-03-31,Rejected by the driver
41884,2787,3661,2023-04-12,Success
52665,1259,514,2022-07-22,Rejected by the driver
11427,299,34801,2022-03-25,Success
6719,66,20442,2022-06-27,Success
25556,2245,2865,2022-07-24,Cancelled by the passenger
58249,1524,691,2022-10-25,Cancelled by the passenger
19359,1914,2098,2022-04-27,Success
21688,1861,28437,2022-06-06,Rejected by the driver
47926,714,11111,2022-08-13,Success
14877,1581,33004,2022-05-02,Rejected by the driver
20983,2800,11018,2023-02-22,Success
54592,803,579,2022-03-23,Cancelled by the passenger
1819,397,22420,2022-03-25,Success
45105,2647,28673,2022-06-14,Success
33786,2637,4500,2022-09-08,Cancelled by the passenger
31739,250,6587,2023-03-22,Success
13162,2384,2320,2022-03-24,Rejected by the driver
23488,650,10375,2022-06-23,Cancelled by the passenger
38162,820,2951,2022-05-11,Success
3265,802,18216,2022-06-24,Rejected by the driver
21855,2470,4155,2022-12-19,Success
23491,2273,31343,2022-03-20,Success
20118,2365,17218,2022-11-06,Success
54445,2738,9348,2022-09-08,Success
45922,1737,1259,2022-03-22,Success
36221,221,22552,2022-07-11,Success
41627,2836,4646,2022-08-07,Rejected by the driver
10209,1256,12167,2022-12-28,Success
18850,150,18542,2022-04-15,Success
12369,2421,33130,2023-01-05,Success
46582,619,18809,2022-11-22,Rejected by the driver
18487,997,22012,2022-04-30,Success
24054,2919,12337,2022-04-02,Success
50001,445,7207,2022-09-24,Success
1579,687,28111,2022-11-02,Success
22055,1009,30507,2022-04-12,Success
16560,2671,2811,2022-09-01,Success
22072,2487,12704,2022-09-03,Success
44691,376,17077,2023-02-22,Rejected by the driver
10623,731,14099,2022-08-25,Success
26826,1227,29946,2022-07-02,Success
13017,1545,8775,2022-07-12,Success
15184,519,13399,2022-03-30,Cancelled by the passenger
14830,2528,5685,2023-03-12,Success
16591,2065,31631,2023-04-03,Success
44249,1793,32171,2022-07-07,Success
44765,2864,30002,2023-02-27,Success
8494,474,20312,2023-01-13,Success
25081,2474,26215,2022-08-20,Cancelled by the passenger
53823,1747,36504,2022-09-17,Success
9041,2168,6740,2022-08-08,Success
18423,1824,34959,2022-12-01,Success
43737,1569,10874,2023-01-16,Success
38826,738,27827,2022-08-04,Success
58518,2083,33397,2022-06-20,Success
52119,2065,12985,2022-09-10,Cancelled by the passenger
23785,877,36521,2022-08-26,Success
2930,1038,25672,2022-11-14,Rejected by the driver
32134,353,23623,2022-05-11,Rejected by the driver
58198,2546,28014,2022-12-25,Cancelled by the passenger
22056,2736,24880,2022-03-16,Success
9595,1230,39241,2022-04-22,Success
17721,1170,7078,2022-09-19,Success
14129,537,18592,2022-10-19,Success
37148,2110,29869,2022-08-24,Success
39931,2603,31032,2023-02-20,Success
14874,557,35529,2023-03-02,Cancelled by the passenger
55386,1199,15833,2023-03-17,Success
55990,646,34013,2022-08-07,Success
6843,1888,12629,2022-07-02,Rejected by the driver
30535,236,23119,2023-02-03,Success
31332,2067,30944,2023-02-27,Success
36888,1366,7640,2023-02-03,Success
16696,1394,14328,2022-11-15,Success
51605,138,16170,2022-09-24,Success
34565,948,25213,2022-06-12,Success
26130,368,30006,2022-11-01,Success
33815,1792,18516,2022-11-05,Success
35268,2629,22415,2022-11-08,Success
4940,1668,32932,2022-11-15,Success
20229,1025,17342,2022-03-27,Success
59479,1215,25071,2023-01-01,Success
15489,1744,408,2022-09-10,Success
4141,1264,526,2022-09-02,Success
25696,2265,32301,2022-11-30,Success
15657,676,18408,2022-11-09,Success
58511,2599,9266,2022-11-23,Success
54192,2511,2554,2022-08-28,Success
24327,1781,11130,2023-03-27,Success
39588,850,36829,2022-10-27,Success
58606,1272,30418,2023-02-17,Success
29724,225,5718,2022-10-29,Success
957,2306,28218,2023-04-11,Success
32557,2526,27556,2023-01-11,Success
42227,2793,26742,2022-07-21,Success
22799,2843,23589,2022-04-21,Cancelled by the passenger
14583,1759,32117,2022-09-04,Rejected by the driver
42650,2825,31045,2022-08-20,Success
42059,1547,22844,2022-07-16,Success
55920,2896,36562,2022-06-27,Success
48055,1878,32119,2022-09-20,Success
18645,2387,4392,2022-12-29,Rejected by the driver
10156,1130,28316,2023-02-23,Success
18322,1175,35818,2023-04-07,Success
20809,1679,37476,2022-04-23,Cancelled by the passenger
6558,67,20709,2022-09-03,Cancelled by the passenger
19299,1202,13460,2022-07-12,Success
9636,1257,22350,2023-02-25,Success
46470,2626,17527,2022-07-04,Rejected by the driver
2418,1068,18204,2022-03-20,Cancelled by the passenger
49257,2730,20201,2022-10-03,Success
976,1313,29203,2022-07-10,Success
30442,1925,14488,2022-12-10,Success
14875,2680,12892,2022-08-19,Success
33079,819,370,2022-12-09,Success
31380,61,27420,2022-09-11,Cancelled by the passenger
8237,349,25483,2022-11-24,Success
6056,2499,12784,2023-03-06,Success
8068,955,36393,2022-07-31,Success
4106,2078,15591,2022-09-02,Success
31613,83,28675,2022-08-14,Success
21230,728,19273,2022-10-15,Rejected by the driver
16706,345,5171,2022-07-02,Success
42548,438,2611,2022-09-23,Success
24611,2548,5082,2022-05-09,Cancelled by the passenger
19303,2304,11174,2022-05-06,Success
49064,1055,18022,2022-04-15,Success
19679,2119,16111,2022-11-03,Success
54667,2907,30481,2022-04-07,Cancelled by the passenger
47597,2894,38613,2022-04-02,Success
48373,64,10039,2022-03-27,Success
14813,1119,21522,2022-11-19,Success
24680,359,24549,2022-05-19,Cancelled by the passenger
8154,1008,2683,2022-10-23,Success
28528,157,27910,2023-02-27,Success
39015,241,11872,2023-02-14,Cancelled by the passenger
32095,363,3393,2022-08-21,Success
41023,561,6047,2022-06-21,Success
20934,247,24355,2023-03-27,Success
47333,2150,37202,2023-04-05,Success
51199,2869,38278,2023-03-23,Cancelled by the passenger
39058,2442,14367,2023-03-31,Success
19491,2236,15207,2022-06-16,Success
31836,1611,19246,2022-10-28,Success
56285,1585,5999,2022-08-11,Success
3326,2508,1934,2022-10-14,Success
58687,2012,8534,2023-03-08,Rejected by the driver
45862,938,3712,2023-03-22,Success
37299,372,35718,2022-12-25,Success
3505,2000,34010,2022-10-14,Success
51301,294,8427,2022-06-23,Success
12627,1687,10214,2022-04-22,Success
15363,2969,38292,2022-04-18,Success
37367,1687,7880,2023-01-10,Rejected by the driver
49544,306,27296,2022-09-29,Success
51757,1168,37228,2023-02-04,Success
59746,1874,16867,2023-03-23,Success
36842,2871,37953,2022-03-24,Success
18335,2471,29703,2023-01-14,Success
48866,1084,29121,2022-09-30,Cancelled by the passenger
40310,516,16448,2022-09-24,Rejected by the driver
18789,2824,33784,2022-08-11,Success
38075,1076,24334,2022-05-03,Cancelled by the passenger
14545,333,20721,2022-11-04,Success
40157,2115,27237,2022-06-18,Success
58538,2558,19818,2022-10-07,Rejected by the driver
43356,1574,18380,2023-03-11,Success
17276,1246,31337,2022-03-31,Success
45685,628,26820,2022-04-13,Success
46640,2111,26491,2022-05-28,Success
19740,1374,7217,2022-11-20,Success
1610,1390,18023,2022-04-01,Success
14286,1213,34072,2022-08-02,Success
3617,496,14329,2022-09-19,Success
44414,1040,23847,2022-10-11,Success
42108,761,33437,2022-04-14,Success
39634,1232,7106,2022-12-28,Rejected by the driver
7833,1068,36884,2023-01-01,Success
41645,202,37660,2023-02-13,Success
58235,2535,30816,2023-04-06,Rejected by the driver
38287,2168,15947,2022-06-14,Success
22044,2241,26298,2022-08-19,Cancelled by the passenger
49303,818,14891,2022-12-27,Success
59925,381,17387,2023-04-08,Success
37708,2382,2513,2023-03-13,Success
22434,1573,30050,2022-09-03,Success
53441,2899,36569,2022-10-28,Success
42332,794,9976,2023-03-21,Success
25694,1436,18504,2022-04-14,Rejected by the driver
52834,465,24333,2023-04-02,Success
47212,583,19794,2022-04-12,Success
55585,2140,16941,2022-06-17,Success
58628,1837,28874,2022-10-22,Success
46811,2118,6850,2022-11-25,Cancelled by the passenger
27598,111,13149,2023-03-07,Success
52926,2007,1263,2023-04-13,Cancelled by the passenger
50014,1176,27638,2022-08-22,Success
45904,1785,9277,2022-08-12,Success
29022,2871,643,2022-08-01,Cancelled by the passenger
41608,2093,31981,2022-07-13,Success
24050,1743,16233,2023-01-25,Success
39629,2783,13723,2022-07-04,Success
17488,2509,29827,2022-05-18,Success
12130,2077,1649,2022-08-22,Cancelled by the passenger
13657,723,26889,2022-04-28,Cancelled by the passenger
56628,789,23440,2022-05-18,Success
5402,856,34458,2022-09-30,Success
27228,2040,3000,2022-06-16,Success
56413,500,17293,2022-03-30,Success
30396,2879,38643,2023-04-03,Rejected by the driver
4902,30,39301,2022-04-19,Success
25813,2744,39439,2022-06-26,Cancelled by the passenger
8086,2963,28065,2022-10-13,Rejected by the driver
6413,2859,29040,2022-09-16,Rejected by the driver
46120,1225,8107,2022-08-22,Success
10265,2271,31898,2022-06-15,Success
13544,2022,38182,2022-05-26,Success
21080,46,32144,2022-05-28,Success
10252,746,39647,2023-02-06,Success
36784,2555,33322,2022-11-16,Rejected by the driver
57234,141,15833,2022-12-01,Success
32853,2509,5830,2022-04-11,Rejected by the driver
24853,299,4554,2022-07-09,Success
38419,726,29159,2022-04-15,Success
35034,252,16094,2023-04-09,Success
37307,2243,19691,2022-10-28,Success
44995,1087,5169,2022-06-13,Success
21719,2380,16040,2023-01-06,Rejected by the driver
1504,167,18689,2022-04-08,Success
12302,672,17925,2022-06-09,Success
6865,703,5396,2022-04-18,Success
29351,125,38229,2022-11-20,Success
39372,983,37582,2022-12-03,Success
26856,2188,15082,2022-06-07,Success
50298,2954,21605,2022-04-08,Success
35858,1119,9827,2022-06-29,Success
14439,437,35748,2022-07-10,Success
53710,1732,8104,2022-04-14,Rejected by the driver
59508,2391,7811,2022-10-10,Success
53916,2544,36350,2022-03-17,Success
27509,1564,27297,2022-08-06,Success
27404,2670,31161,2022-08-06,Rejected by the driver
43676,1354,31025,2022-09-02,Cancelled by the passenger
284,2772,8069,2022-11-23,Success
23059,1576,2922,2022-08-26,Cancelled by the passenger
50588,6,5307,2022-07-12,Success
1676,2510,31321,2022-11-24,Success
30341,2560,4445,2022-05-12,Success
22502,924,9525,2022-09-08,Cancelled by the passenger
5344,1543,5274,2023-01-24,Rejected by the driver
13693,840,38843,2022-12-27,Success
59218,1813,21925,2022-12-23,Cancelled by the passenger
10709,2181,1651,2022-11-29,Success
29153,2903,30154,2022-12-22,Success
48296,168,17695,2022-06-17,Success
9969,1167,12047,2022-05-12,Cancelled by the passenger
31909,2898,25632,2022-08-23,Success
17222,2938,36555,2022-12-19,Cancelled by the passenger
56415,636,29082,2022-09-29,Success
38403,357,26383,2022-06-01,Success
43748,336,6207,2022-06-21,Success
22361,2980,34961,2023-02-23,Success
23321,2584,13445,2022-05-08,Success
388,1548,33278,2022-10-27,Rejected by the driver
36694,1586,29853,2023-02-04,Success
41954,745,29074,2022-08-10,Success
18407,84,16815,2023-01-26,Rejected by the driver
37195,1543,22066,2022-05-26,Success
5149,2663,15809,2022-06-02,Success
20900,1663,8821,2022-10-09,Success
38284,982,3183,2022-08-10,Success
22662,1238,34979,2022-12-30,Success
22759,2711,15726,2022-10-13,Success
9133,2799,15342,2022-12-25,Success
11415,2642,7267,2023-03-10,Success
12835,1026,21915,2022-11-05,Success
26155,386,27451,2022-08-09,Success
39696,861,548,2023-02-11,Success
32422,2212,7765,2022-05-19,Rejected by the driver
20596,2894,11892,2022-03-27,Success
14279,2200,13123,2022-06-20,Success
59529,2663,26320,2022-12-26,Success
34487,975,17155,2022-03-29,Success
56802,724,8441,2023-01-17,Success
14624,1675,31831,2022-08-25,Success
59414,1315,20537,2022-12-25,Rejected by the driver
21387,2449,11104,2022-06-24,Cancelled by the passenger
3914,1752,1770,2022-04-25,Cancelled by the passenger
49602,254,3720,2022-11-29,Success
6981,887,31701,2022-09-26,Success
3081,571,10016,2022-11-08,Success
43215,2379,5459,2022-08-05,Rejected by the driver
18371,2202,35446,2022-08-01,Success
6866,174,33046,2022-09-04,Rejected by the driver
47202,1759,870,2022-07-07,Success
32188,1722,17758,2022-05-23,Success
45918,2860,2495,2023-03-23,Success
3350,1792,7668,2022-06-11,Success
21515,1636,4490,2022-04-21,Success
36147,714,35950,2022-03-24,Rejected by the driver
6003,552,10221,2023-02-18,Success
15989,2073,29585,2022-07-20,Cancelled by the passenger
44372,475,10304,2022-10-01,Cancelled by the passenger
51807,2943,2929,2022-11-24,Success
48495,1734,39192,2023-03-23,Rejected by the driver
4175,557,8487,2023-01-21,Rejected by the driver
13562,308,37953,2023-02-18,Success
9374,2354,27151,2022-04-04,Success
33342,2496,26406,2022-08-20,Success
30951,1923,37021,2023-02-06,Success
53487,691,31769,2023-01-28,Rejected by the driver
4752,2671,13333,2023-02-26,Success
40400,1900,19044,2023-02-07,Rejected by the driver
47049,2055,1994,2022-03-31,Rejected by the driver
54623,2732,39996,2022-10-19,Cancelled by the passenger
5373,679,39020,2022-07-18,Success
2685,2980,12200,2022-04-26,Success
26857,533,2999,2022-10-24,Success
31559,1497,25142,2023-01-17,Success
50435,2188,16781,2022-06-16,Success
41643,2224,16426,2022-09-28,Success
42903,446,28312,2023-01-23,Cancelled by the passenger
50341,1370,14639,2022-05-24,Success
20810,382,1625,2023-02-28,Success
10114,1385,6112,2022-07-01,Success
49275,1421,27162,2022-04-17,Cancelled by the passenger
20658,1012,5287,2022-08-06,Success
52394,2430,3446,2022-10-20,Cancelled by the passenger
47070,2109,19409,2022-03-27,Success
39619,677,16,2022-03-30,Success
1464,1510,32533,2022-06-06,Success
10205,2974,8408,2022-05-11,Success
30377,1370,20325,2022-07-30,Success
14092,10,38961,2022-08-11,Success
51186,1406,25236,2022-11-02,Rejected by the driver
58025,1748,27093,2022-07-06,Success
21265,1363,12724,2023-03-18,Rejected by the driver
5057,2874,12195,2023-01-15,Success
7897,3000,11274,2022-08-29,Success
21575,1723,8434,2022-09-07,Success
57642,2043,16854,2022-09-28,Success
15323,621,14932,2022-10-23,Cancelled by the passenger
31228,1943,5373,2022-10-26,Cancelled by the passenger
10835,1138,6452,2022-08-24,Success
55543,1612,18986,2023-02-05,Success
1900,2571,171,2022-05-25,Success
31134,2181,21247,2022-04-21,Success
17918,1265,29596,2023-01-11,Rejected by the driver
23514,2005,38667,2022-03-12,Success
57020,2494,6728,2023-02-17,Success
21618,702,25126,2022-05-09,Success
20784,1346,14317,2022-08-26,Success
58820,1220,7422,2022-03-26,Rejected by the driver
32088,2546,32333,2023-02-05,Success
39835,2238,38101,2022-11-26,Success
34841,1559,30478,2023-01-30,Success
40853,689,24677,2022-07-05,Success
55726,240,19735,2022-06-05,Cancelled by the passenger
30105,860,343,2023-02-28,Success
17634,1171,16483,2022-09-17,Success
26091,502,33677,2022-12-16,Success
32301,472,21906,2023-02-17,Rejected by the driver
3095,369,13342,2022-03-26,Rejected by the driver
48462,1762,10641,2022-06-19,Cancelled by the passenger
23403,1199,34996,2022-12-17,Success
57994,119,21429,2022-03-16,Success
38060,636,35885,2022-05-16,Success
51283,2919,28221,2022-03-25,Success
22758,2084,31309,2022-09-11,Success
19091,2017,28095,2022-06-23,Success
32306,2574,23113,2022-05-03,Cancelled by the passenger
13216,2980,39059,2022-10-05,Success
55268,83,21603,2022-09-10,Success
51286,140,10493,2022-09-25,Success
45388,1745,38883,2022-03-29,Success
24474,2163,10171,2022-07-19,Success
12073,2400,17817,2022-09-19,Success
46322,2875,2815,2022-11-18,Cancelled by the passenger
59316,85,14794,2022-07-29,Success
17382,529,30827,2022-10-08,Success
29187,664,33573,2022-09-16,Cancelled by the passenger
27194,1436,14524,2023-02-24,Success
4774,2231,5466,2023-04-14,Success
29412,2290,26113,2023-03-18,Cancelled by the passenger
57014,31,36154,2022-08-04,Success
31347,1447,3039,2022-03-30,Success
45561,2525,9121,2022-08-22,Rejected by the driver
45831,425,302,2022-03-30,Success
42281,601,6378,2023-02-08,Success
49422,2174,32315,2022-12-16,Cancelled by the passenger
21060,453,25059,2022-12-18,Success
20465,171,6047,2023-01-29,Rejected by the driver
30397,2776,6968,2022-05-10,Success
57851,1453,33275,2022-03-25,Cancelled by the passenger
33918,1266,37219,2023-02-24,Success
56033,685,5803,2022-10-05,Success
24183,332,14511,2023-01-10,Rejected by the driver
15865,1035,15114,2022-03-22,Rejected by the driver
30706,1983,16246,2022-09-23,Success
33367,2493,6692,2022-05-04,Rejected by the driver
47881,574,22665,2022-05-16,Success
50336,2806,14969,2022-10-29,Cancelled by the passenger
22668,1623,18307,2022-12-28,Success
37553,1385,10679,2023-01-09,Success
28578,266,4074,2022-04-28,Success
51069,2958,21320,2022-08-19,Success
16621,2568,33949,2022-12-29,Rejected by the driver
36826,503,3228,2022-04-10,Rejected by the driver
52593,2631,36383,2022-04-01,Success
42430,2265,15806,2022-10-31,Success
45997,1887,20788,2023-03-04,Rejected by the driver
25391,1525,23389,2022-11-04,Success
1174,1013,5432,2023-04-05,Cancelled by the passenger
30678,345,24418,2022-03-17,Rejected by the driver
34039,1319,5567,2022-05-18,Success
34130,1088,23687,2022-05-19,Success
41126,991,2926,2022-10-08,Success
31389,1428,38064,2023-03-02,Success
7255,2458,5702,2022-11-11,Success
54880,1063,39566,2022-05-18,Success
16681,1092,39018,2023-01-14,Success
30313,2732,16834,2022-06-13,Success
39226,137,37951,2023-03-15,Success
23700,1079,37603,2022-09-24,Success
56260,751,10397,2023-03-12,Success
59920,2221,3256,2022-12-22,Success
31324,1089,23506,2022-09-20,Cancelled by the passenger
38071,507,31764,2022-04-22,Success
41355,1884,13988,2023-01-16,Success
58524,490,15598,2022-03-15,Rejected by the driver
47532,2372,20226,2022-04-27,Success
44717,1505,27497,2022-08-15,Success
50559,1759,21795,2022-08-13,Success
49349,2716,28619,2022-08-07,Rejected by the driver
55131,2509,16734,2022-03-23,Success
1569,2905,15906,2022-09-01,Success
49495,1189,26640,2022-12-02,Success
48157,195,12701,2022-11-09,Success
68,2943,30561,2022-11-21,Success
44226,1032,38065,2022-06-12,Rejected by the driver
31277,2009,34720,2022-04-28,Success
15074,2348,12107,2022-12-26,Success
57187,915,36565,2023-01-29,Rejected by the driver
31301,53,17588,2022-04-14,Success
6385,1420,37127,2023-03-14,Success
19387,1333,23809,2022-12-03,Cancelled by the passenger
15769,157,25819,2022-07-15,Success
25410,1317,38965,2023-02-12,Success
55648,1872,37754,2023-01-18,Success
51297,524,4913,2022-04-29,Cancelled by the passenger
504,857,7711,2022-05-15,Success
9560,1896,15394,2022-05-24,Success
6975,2835,27257,2022-09-05,Success
38516,2302,6447,2022-10-03,Success
10595,182,18785,2023-01-31,Success
28618,897,32662,2022-04-15,Success
39261,1360,23104,2022-10-17,Success
9410,2976,8381,2022-04-30,Success
9312,944,33144,2022-12-25,Cancelled by the passenger
2359,2016,39886,2022-08-05,Success
27303,220,17294,2022-06-09,Success
18023,2628,21530,2022-07-20,Success
24665,2634,30504,2022-09-29,Success
28714,2982,39204,2022-08-04,Success
55142,1773,324,2022-03-31,Success
20521,1618,10012,2022-06-08,Cancelled by the passenger
52067,862,27573,2023-03-17,Cancelled by the passenger
5922,1372,9719,2022-04-01,Success
23099,1108,9596,2022-08-03,Cancelled by the passenger
46963,1177,20123,2022-03-23,Cancelled by the passenger
25670,1381,2452,2022-04-14,Success
41140,936,24654,2022-06-17,Success
35584,810,6177,2022-06-02,Success
12883,1874,24925,2023-01-03,Success
9013,2127,12657,2022-03-21,Rejected by the driver
27593,105,27484,2022-10-28,Success
5715,1323,17673,2022-12-22,Cancelled by the passenger
44509,1464,18309,2022-10-26,Success
47540,269,301,2022-08-15,Success
33814,1032,11724,2022-05-18,Success
28083,2537,33024,2022-06-17,Success
21397,624,37663,2022-04-09,Success
30630,1624,25454,2022-08-03,Cancelled by the passenger
43743,2321,11461,2022-05-22,Success
34794,1574,21457,2023-04-07,Success
52280,1991,10716,2022-11-16,Success
22752,1825,34820,2023-03-14,Success
59852,972,12602,2022-07-17,Success
25956,334,19877,2022-09-16,Rejected by the driver
3530,485,18058,2022-11-08,Success
1104,433,36347,2023-04-03,Rejected by the driver
24021,719,27974,2023-03-20,Cancelled by the passenger
36688,1923,39964,2023-01-22,Success
35105,686,39466,2022-09-04,Success
49283,1302,12763,2022-11-25,Rejected by the driver
11905,1330,20777,2022-12-02,Success
33435,2661,6888,2023-02-06,Rejected by the driver
48595,2378,21376,2022-03-24,Cancelled by the passenger
44524,1521,93,2022-11-16,Cancelled by the passenger
8682,1606,35538,2023-01-16,Cancelled by the passenger
45516,2278,13567,2023-01-26,Rejected by the driver
3630,191,20029,2022-08-16,Success
16448,1852,27348,2022-11-11,Rejected by the driver
43395,1630,12994,2022-04-15,Success
9198,1474,4848,2022-03-15,Rejected by the driver
34162,1788,36112,2023-01-31,Cancelled by the passenger
20639,2666,8428,2022-07-30,Rejected by the driver
21935,2317,13853,2022-06-10,Success
42169,2350,37663,2022-09-16,Success
41064,2874,33489,2023-01-02,Success
17686,386,37415,2022-12-23,Success
43853,898,25915,2022-04-16,Success
20913,2301,2878,2022-04-01,Success
13219,1343,2379,2022-09-05,Success
20676,131,2865,2022-11-05,Success
18504,162,32525,2023-03-08,Success
25253,1332,13642,2022-09-14,Success
22258,1686,24826,2022-12-26,Success
15617,228,24861,2022-05-30,Success
23862,1693,12829,2022-05-24,Cancelled by the passenger
53370,2088,27880,2023-01-17,Success
8714,448,27501,2022-07-18,Success
40306,2553,3717,2023-04-10,Success
57733,1106,26802,2023-02-22,Success
56376,1400,18648,2023-02-18,Success
12741,2121,22967,2022-10-07,Success
9813,930,37725,2022-09-28,Rejected by the driver
24841,2255,14151,2023-03-05,Success
30279,1802,13842,2022-07-11,Success
21163,1006,23324,2022-05-14,Rejected by the driver
27424,408,19593,2022-08-21,Cancelled by the passenger
37039,824,22860,2022-09-11,Success
558,636,29298,2022-06-28,Success
47963,2646,34480,2022-10-16,Rejected by the driver
17078,746,25799,2023-02-12,Success
47301,1825,24980,2022-06-22,Success
59969,235,2911,2023-03-12,Success
6671,299,10715,2022-06-01,Success
19225,1068,22282,2022-07-25,Success
6117,375,8361,2022-05-31,Cancelled by the passenger
39592,581,36492,2022-04-30,Success
36090,2241,19222,2022-05-27,Success
36991,1065,8080,2022-05-27,Success
3799,650,30172,2022-10-17,Success
48229,2754,28922,2022-09-20,Success
6983,438,33596,2022-09-02,Success
34474,762,15226,2022-06-15,Success
41381,2012,36590,2022-11-17,Success
389,700,27736,2022-03-27,Success
22015,1075,4523,2022-08-03,Rejected by the driver
49534,1003,23722,2023-04-10,Success
49376,2744,8170,2023-03-03,Success
54668,2007,7990,2023-03-28,Success
10669,893,7573,2022-05-06,Success
26045,2886,16729,2022-04-20,Success
5239,853,37980,2023-04-03,Success
16634,1361,24391,2022-10-20,Rejected by the driver
33007,1405,28017,2023-02-03,Success
25477,427,39256,2023-01-25,Success
34739,2705,26215,2022-08-16,Success
10518,228,22479,2022-12-27,Success
33244,2663,30121,2023-02-18,Rejected by the driver
7030,1110,14333,2023-04-09,Success
25522,1892,8155,2022-08-14,Success
32565,595,34570,2022-08-20,Success
12937,401,4516,2023-01-03,Success
34094,92,33883,2022-08-08,Success
8341,2972,16100,2022-11-28,Success
8281,1011,8276,2023-03-21,Success
51517,283,27900,2023-01-20,Success
23209,480,4077,2022-09-25,Success
6738,2817,28298,2022-12-28,Rejected by the driver
46727,1325,660,2023-02-20,Success
17475,475,5488,2023-02-10,Success
1614,1449,18494,2022-05-12,Success
33487,929,18642,2022-12-21,Success
5172,1259,8327,2022-11-01,Cancelled by the passenger
30573,2530,17075,2022-04-04,Success
41668,11,1802,2022-08-06,Success
35334,1583,14385,2023-02-08,Success
50630,1114,23953,2022-04-03,Success
20656,418,26218,2022-07-20,Rejected by the driver
7733,2448,38392,2023-02-05,Success
25979,2039,26904,2023-01-23,Rejected by the driver
4874,1003,39170,2022-05-19,Success
56844,741,20541,2022-03-17,Success
49206,568,17236,2022-11-30,Success
40428,1540,28113,2023-04-03,Rejected by the driver
4443,748,24945,2023-02-18,Success
53974,2140,29760,2022-05-03,Success
57598,1808,22789,2022-04-15,Success
12146,2931,18731,2022-04-20,Success
697,2827,1425,2022-07-17,Success
52605,1486,32257,2022-10-14,Rejected by the driver
19843,2985,8848,2022-03-30,Rejected by the driver
52845,2831,27107,2022-07-05,Cancelled by the passenger
45226,235,20547,2022-06-18,Success
36294,15,39589,2022-12-03,Success
54789,2300,24803,2023-03-31,Success
45205,319,20455,2023-02-23,Success
58411,1274,14556,2022-03-19,Success
59767,2759,4223,2022-12-13,Success
58451,2564,21923,2023-01-26,Rejected by the driver
29783,1286,5428,2022-11-05,Cancelled by the passenger
45957,246,2144,2023-04-04,Cancelled by the passenger
1114,1642,31617,2022-12-04,Success
43283,1715,6086,2022-12-24,Success
16666,465,34223,2022-10-20,Success
8200,2518,12576,2022-07-12,Success
36012,2012,27796,2022-12-05,Success
4186,910,33746,2022-09-14,Success
51758,2202,5244,2022-10-28,Success
55058,2967,17615,2023-03-24,Success
24090,2704,16358,2022-11-18,Success
24584,467,23716,2022-10-12,Success
45613,536,8998,2022-08-11,Success
3010,1623,37170,2022-06-05,Success
27867,341,22378,2022-05-06,Cancelled by the passenger
55982,536,6678,2022-03-15,Cancelled by the passenger
50986,550,10044,2023-04-07,Rejected by the driver
210,710,10691,2022-10-08,Success
34344,86,3592,2023-01-22,Success
5219,255,15677,2022-08-27,Rejected by the driver
39210,1164,37152,2022-07-07,Cancelled by the passenger
10565,1945,17808,2022-07-24,Success
23594,1312,25176,2022-04-28,Success
56046,2875,25534,2022-04-19,Success
40799,847,32606,2022-06-23,Success
3695,1273,16425,2023-02-17,Rejected by the driver
27958,2206,13311,2022-07-28,Success
58360,2268,9268,2022-09-06,Success
20919,2269,1383,2023-01-27,Rejected by the driver
34097,253,4861,2022-05-20,Success
44263,2008,585,2022-07-26,Success
5598,2802,3543,2022-03-27,Success
31310,2624,2071,2022-07-05,Success
28698,815,12012,2023-03-31,Success
25602,2395,16546,2023-01-16,Success
44215,1092,9635,2023-01-17,Cancelled by the passenger
37505,1069,24096,2023-03-12,Success
35117,1694,7479,2022-07-18,Rejected by the driver
24187,2813,12940,2022-09-29,Cancelled by the passenger
8876,303,31805,2022-07-02,Cancelled by the passenger
50440,2790,38240,2022-06-15,Success
40686,2631,34337,2022-09-21,Success
47578,2068,10863,2022-04-05,Success
30136,355,19747,2022-12-24,Rejected by the driver
51560,2155,6200,2022-10-30,Success
11171,170,15962,2022-06-15,Success
18342,342,20492,2022-11-04,Success
1040,2688,17627,2022-05-22,Success
6691,486,9521,2023-02-04,Success
42780,1272,5843,2022-05-23,Success
49936,1703,6627,2022-06-16,Success
3667,1908,29380,2023-03-15,Success
52803,212,29699,2022-10-24,Success
48034,2179,2569,2023-03-01,Success
57295,2351,34920,2022-06-20,Success
44827,933,24825,2022-10-16,Rejected by the driver
34885,94,8721,2023-03-07,Success
11005,2846,19249,2023-01-06,Success
14663,903,4323,2022-10-14,Success
54882,368,35004,2022-06-16,Success
26377,416,27841,2023-03-27,Rejected by the driver
15365,1994,13852,2023-03-23,Success
47707,1327,11431,2022-10-29,Success
19008,2980,2222,2022-06-27,Success
20957,1050,35037,2022-12-23,Success
19694,2656,30065,2022-10-09,Success
34142,2970,19574,2022-09-19,Success
57956,734,32848,2022-03-27,Rejected by the driver
2588,1448,24275,2022-12-15,Success
41094,1947,12564,2023-01-28,Rejected by the driver
27241,138,9083,2022-06-17,Success
31460,2038,2366,2022-07-26,Success
32052,2532,16426,2022-10-15,Success
53291,48,18706,2022-09-19,Rejected by the driver
21000,2273,1717,2022-08-21,Success
13330,1770,10649,2023-04-02,Rejected by the driver
16251,702,29112,2023-01-09,Rejected by the driver
11406,285,26777,2023-03-02,Rejected by the driver
54627,1796,34817,2023-02-05,Success
52121,61,38005,2022-06-29,Rejected by the driver
4036,2502,498,2023-01-18,Success
21891,514,21231,2023-02-15,Rejected by the driver
53084,2935,24900,2023-01-23,Cancelled by the passenger
43593,284,3670,2022-03-22,Success
779,1545,22031,2023-02-05,Success
20044,1387,37233,2022-09-10,Success
37778,656,15328,2022-08-16,Rejected by the driver
39476,1048,38753,2023-02-16,Rejected by the driver
26028,2580,8203,2023-03-07,Rejected by the driver
34668,417,12933,2022-07-30,Success
58671,2885,17621,2022-06-26,Success
33411,1234,9856,2023-03-04,Success
13958,1620,28105,2022-10-04,Success
21588,453,33326,2022-12-21,Cancelled by the passenger
10100,1092,19361,2022-09-16,Rejected by the driver
26725,1586,19870,2022-07-29,Success
35354,1991,31492,2022-09-06,Success
25194,659,31153,2023-04-14,Success
49059,851,22445,2022-04-22,Success
51413,678,17947,2023-02-16,Success
50085,725,4142,2022-05-23,Cancelled by the passenger
29003,388,5334,2022-09-11,Cancelled by the passenger
32877,1292,37516,2022-07-06,Success
48905,2985,16423,2022-09-27,Success
28310,128,29650,2022-05-18,Cancelled by the passenger
55154,240,26937,2022-07-16,Success
28066,328,18747,2022-10-12,Success
22857,94,18465,2022-11-11,Success
8518,1973,28170,2023-01-19,Success
18003,2352,26124,2022-10-03,Success
50999,2001,3429,2022-04-09,Rejected by the driver
50023,2061,4347,2022-09-27,Cancelled by the passenger
8005,366,15066,2022-05-30,Success
25478,960,18008,2022-04-18,Rejected by the driver
39409,1356,16103,2022-06-15,Success
28860,1947,29397,2022-06-16,Success
5045,1047,33259,2023-01-19,Cancelled by the passenger
55035,280,17028,2022-10-10,Rejected by the driver
1548,1382,26024,2022-08-10,Success
52050,2678,21560,2022-04-22,Success
2786,2322,22631,2022-08-08,Success
45902,1849,27801,2022-09-14,Success
8285,875,5843,2022-08-19,Success
31819,1656,23021,2022-11-17,Rejected by the driver
22206,2515,25043,2022-09-06,Success
56468,2298,18134,2022-12-14,Success
58398,286,7108,2023-04-11,Success
35361,2660,32532,2023-02-07,Cancelled by the passenger
37108,509,5953,2022-06-14,Success
26524,2405,14404,2022-05-17,Success
24615,503,25543,2022-06-10,Success
48561,988,1865,2023-02-01,Success
5824,2778,20643,2022-11-30,Cancelled by the passenger
32570,1567,22101,2022-06-11,Success
32803,2370,36808,2022-04-05,Rejected by the driver
15776,1296,4848,2022-04-04,Rejected by the driver
51559,1964,13951,2023-03-28,Success
35233,758,18572,2022-04-02,Success
23937,2077,14261,2022-11-17,Success
55819,1734,34245,2023-02-04,Success
58829,1626,13783,2022-08-11,Rejected by the driver
26463,146,36693,2022-10-02,Success
55164,2105,16159,2022-11-12,Success
58231,2749,34410,2022-04-05,Success
3635,2676,9893,2022-10-06,Success
19472,2071,24856,2022-09-25,Success
1056,129,8348,2022-12-09,Success
3272,1814,27237,2023-03-01,Rejected by the driver
14763,513,36039,2022-09-18,Success
7305,370,37974,2022-12-09,Cancelled by the passenger
57352,2174,36392,2023-03-15,Rejected by the driver
31845,1605,4359,2022-12-23,Success
19527,2592,28240,2022-08-11,Success
18238,2466,27473,2022-12-14,Success
25073,298,35887,2022-12-14,Rejected by the driver
4896,1925,19577,2022-06-30,Success
9411,2363,12361,2022-07-14,Success
17682,1399,35595,2022-12-31,Success
1423,2787,12084,2022-07-16,Success
16456,1374,14603,2022-07-29,Success
27341,369,2350,2022-05-07,Success
26697,2063,4980,2022-12-27,Success
42597,1902,10101,2022-03-18,Success
44420,1118,37855,2022-10-22,Success
4990,264,20136,2023-01-18,Success
9129,1251,15381,2022-07-07,Cancelled by the passenger
32030,955,32111,2022-11-26,Success
49481,215,18199,2022-09-23,Cancelled by the passenger
2108,1516,13700,2022-05-27,Rejected by the driver
13142,515,17342,2023-04-11,Rejected by the driver
45779,2600,7862,2022-10-25,Success
49597,1062,20304,2022-05-16,Success
25266,2388,6842,2023-01-12,Success
29385,2771,27020,2022-12-21,Rejected by the driver
42145,2726,38886,2022-10-30,Success
4446,1278,12302,2022-03-29,Rejected by the driver
59491,1902,25047,2022-09-19,Success
18734,33,14215,2022-03-22,Cancelled by the passenger
23106,2205,23946,2023-02-07,Rejected by the driver
6955,1419,26730,2022-11-01,Cancelled by the passenger
21909,2933,25201,2023-04-15,Success
37500,1423,31191,2023-04-12,Success
4825,699,4877,2022-12-02,Success
44981,1971,3017,2022-04-22,Rejected by the driver
40723,1981,25410,2022-06-23,Rejected by the driver
15658,1836,22663,2022-08-29,Cancelled by the passenger
3188,2223,7749,2022-09-28,Success
26357,152,619,2022-06-04,Rejected by the driver
31978,2550,1034,2022-03-31,Success
33533,2853,24396,2022-07-04,Rejected by the driver
55072,100,6079,2022-05-16,Cancelled by the passenger
11952,493,28375,2023-01-18,Rejected by the driver
31074,2304,14188,2022-11-30,Success
37615,1193,26102,2023-01-10,Success
55049,1557,11063,2022-11-05,Success
38533,985,36165,2022-10-08,Success
50390,77,22143,2022-09-17,Success
56007,1810,38594,2022-07-13,Success
144,235,13978,2022-05-05,Success
11918,1803,16241,2022-05-27,Success
26138,2441,23357,2022-10-03,Success
29954,2091,39610,2023-03-26,Cancelled by the passenger
17326,2191,4954,2023-01-17,Cancelled by the passenger
11364,2847,24856,2022-08-27,Success
9191,1066,37665,2022-04-17,Success
55883,1711,19382,2023-04-11,Success
24421,2990,24780,2023-01-23,Success
15387,293,4248,2022-04-23,Success
34600,2529,18566,2023-02-20,Success
25126,1437,19441,2022-07-18,Success
10088,2329,31802,2022-08-21,Success
17462,2376,37189,2022-07-29,Success
41794,2890,33625,2022-12-27,Success
51538,1208,31256,2022-03-20,Rejected by the driver
23742,2359,13394,2022-10-01,Rejected by the driver
58708,2843,15312,2022-06-20,Success
58962,2054,18553,2022-12-18,Cancelled by the passenger
34769,1736,4254,2022-12-31,Success
42012,1413,18214,2022-09-01,Cancelled by the passenger
27908,1505,25258,2023-03-07,Success
27829,1136,9084,2023-03-22,Success
12295,2038,24547,2022-04-25,Success
6406,839,26320,2022-12-27,Success
8203,2044,6690,2022-07-29,Success
9134,2725,11312,2023-03-17,Success
11476,1012,29956,2022-10-12,Rejected by the driver
31885,1400,17704,2022-09-19,Success
57908,1017,10812,2023-02-19,Success
24832,2251,13033,2023-02-03,Success
52494,592,8179,2023-03-02,Success
37183,1490,25837,2022-10-25,Success
16161,2186,14470,2022-09-27,Success
34541,1437,16148,2022-07-10,Success
36454,1919,8450,2022-08-17,Success
55792,952,12441,2022-05-17,Success
47281,439,14800,2022-09-25,Success
39746,1162,945,2023-04-11,Success
30703,2508,33073,2023-02-25,Success
29018,2738,1815,2022-07-29,Rejected by the driver
9306,698,6594,2022-12-09,Cancelled by the passenger
8844,2435,9325,2022-03-12,Success
49232,833,16325,2022-04-09,Success
13830,2784,15126,2022-11-07,Success
6600,1186,29741,2023-03-16,Cancelled by the passenger
1165,2901,8789,2022-11-25,Success
8899,2007,33432,2022-12-07,Cancelled by the passenger
49770,1984,14896,2023-01-12,Success
58427,1571,16867,2022-11-15,Success
37883,2769,25755,2022-09-08,Success
15711,1874,26386,2023-01-04,Success
8730,1129,18142,2023-03-12,Success
23741,1621,38863,2022-07-04,Success
15187,1923,28408,2022-10-13,Rejected by the driver
11109,1543,17725,2022-08-13,Success
11961,2323,8874,2022-08-30,Success
27055,599,8034,2022-06-28,Cancelled by the passenger
55169,820,10487,2022-07-31,Success
41044,1574,6735,2022-06-11,Rejected by the driver
44978,1178,148,2022-12-21,Cancelled by the passenger
109,1376,6310,2022-04-11,Success
10729,1223,33902,2022-04-25,Success
1662,2293,29956,2023-03-02,Success
16420,2967,27857,2023-03-23,Success
27349,1274,34471,2023-01-29,Success
45417,2360,34723,2022-09-23,Success
45228,1888,5137,2023-03-13,Success
15784,1076,29634,2022-07-21,Cancelled by the passenger
52044,484,26012,2022-09-10,Success
2552,1729,16846,2023-03-23,Success
44886,795,12142,2022-09-10,Success
43984,192,3150,2022-10-13,Success
1929,1846,8001,2022-09-24,Cancelled by the passenger
19248,2774,8561,2022-10-03,Success
16008,1724,26517,2022-08-19,Success
14709,2470,13515,2022-08-16,Success
1968,933,30903,2023-01-18,Cancelled by the passenger
24452,1467,3039,2022-08-31,Success
44659,1024,20902,2022-09-22,Success
1184,1153,39466,2022-09-03,Success
28557,894,34444,2022-12-05,Success
17362,276,14331,2022-06-20,Success
44327,1480,2281,2023-03-29,Success
43015,2484,19969,2022-06-17,Success
56213,1719,28338,2022-09-29,Success
34998,687,1779,2022-10-16,Success
58051,1432,26517,2022-03-29,Success
52098,1296,18737,2022-12-15,Success
7451,1147,7686,2022-07-13,Success
13908,2897,33327,2022-03-18,Success
54586,2612,36908,2023-02-03,Success
23934,1790,33138,2022-07-13,Cancelled by the passenger
19885,2474,20220,2022-10-05,Success
43941,2321,33029,2022-03-24,Cancelled by the passenger
30498,455,727,2023-02-19,Success
39570,2839,25225,2023-03-13,Success
5304,1971,31271,2022-03-15,Success
31710,2222,25742,2022-08-21,Success
35915,228,35040,2022-11-15,Success
25718,1774,8054,2022-05-08,Rejected by the driver
41492,1557,34284,2022-07-08,Success
56997,2265,35018,2022-07-24,Success
19324,178,9928,2022-07-21,Success
6634,81,33119,2022-12-09,Success
18331,1061,23896,2022-10-10,Success
2059,2081,10151,2023-03-13,Success
45410,1620,23747,2022-06-29,Success
40936,154,27408,2022-11-20,Success
8250,975,13621,2022-07-22,Success
2601,70,24826,2022-05-17,Success
46235,1811,39325,2022-03-18,Success
37595,364,26903,2022-11-18,Success
33080,457,15179,2023-02-17,Success
54330,333,30168,2023-02-05,Rejected by the driver
9465,362,28770,2023-04-01,Success
17493,2806,37115,2022-06-27,Success
38480,160,32842,2023-02-16,Success
7562,2624,39407,2022-09-13,Success
3046,393,30314,2023-01-23,Success
419,139,36609,2023-02-09,Success
53494,2026,13133,2022-03-28,Success
45700,2204,9513,2022-06-10,Success
25116,1646,947,2022-06-24,Success
23620,2767,18521,2023-02-21,Success
29345,2000,6914,2022-07-10,Cancelled by the passenger
52148,1123,11358,2022-08-29,Success
47320,1678,20631,2022-05-29,Success
4125,1829,9775,2022-03-24,Success
11653,716,29044,2023-01-26,Success
23076,2313,30800,2022-10-10,Cancelled by the passenger
59222,628,21994,2023-03-10,Success
12306,2640,34527,2022-08-08,Cancelled by the passenger
51986,1960,717,2022-09-17,Rejected by the driver
29880,2317,21315,2022-03-24,Success
29533,2784,39847,2022-06-13,Rejected by the driver
12408,198,4979,2023-02-21,Success
5489,1375,15526,2022-09-29,Success
24906,2785,34114,2022-12-16,Cancelled by the passenger
2970,1861,12219,2023-02-17,Success
10819,209,30554,2022-06-21,Rejected by the driver
19391,637,2399,2023-03-09,Success
39187,2591,17908,2022-03-13,Success
24333,947,25907,2023-02-11,Success
16597,757,32220,2022-12-09,Success
312,468,37597,2022-06-25,Rejected by the driver
25197,2552,20869,2022-12-06,Success
34404,2043,13576,2022-10-19,Success
33321,283,8094,2023-02-01,Success
26567,885,15973,2023-03-10,Rejected by the driver
35556,2901,24632,2022-06-10,Success
36999,1031,12272,2023-02-17,Success
46434,1432,17671,2022-06-08,Success
19014,861,29728,2022-05-19,Rejected by the driver
19010,1249,33562,2022-10-06,Success
37599,2808,28748,2022-11-25,Rejected by the driver
2224,1353,33936,2023-02-28,Success
9693,1803,29063,2023-03-13,Success
6812,2810,4050,2022-10-15,Success
30352,102,29384,2023-03-05,Cancelled by the passenger
11719,1920,24371,2022-08-14,Cancelled by the passenger
47767,1613,37574,2022-10-17,Rejected by the driver
18929,534,15051,2022-10-06,Success
53050,848,39413,2022-07-02,Success
52534,66,35110,2022-11-17,Rejected by the driver
56781,913,35254,2022-06-20,Success
14275,1086,11137,2022-11-09,Success
53414,186,37744,2022-09-24,Success
45213,636,37807,2022-12-25,Success
54998,1294,35720,2022-08-07,Success
56343,535,23802,2023-02-18,Success
7925,1073,259,2022-10-06,Success
39358,899,322,2022-05-06,Rejected by the driver
5940,2329,1036,2022-12-21,Success
21560,453,19323,2022-07-25,Rejected by the driver
23075,521,18381,2022-04-29,Success
33354,2363,38830,2022-10-14,Success
9072,1427,38797,2022-09-15,Success
5523,2503,16253,2023-01-11,Success
21916,2112,6421,2022-09-10,Success
58333,2457,17647,2022-12-10,Rejected by the driver
707,2915,30736,2022-07-07,Success
5976,852,9434,2022-12-29,Rejected by the driver
39636,550,27955,2022-09-03,Success
15096,2478,17822,2022-06-28,Success
42451,2099,15294,2023-03-12,Success
11338,1855,11908,2022-05-24,Success
37643,2845,39191,2022-12-26,Rejected by the driver
9170,2973,17386,2022-07-18,Success
27988,1281,19834,2023-03-02,Success
51420,1511,22115,2023-03-12,Success
13171,935,1027,2022-10-10,Cancelled by the passenger
37968,1966,12472,2023-03-13,Cancelled by the passenger
26541,1928,34081,2022-09-05,Success
40474,240,34529,2022-08-31,Cancelled by the passenger
3521,173,11084,2022-11-02,Success
18755,1154,23591,2023-03-10,Success
56454,1284,10839,2022-07-24,Rejected by the driver
8339,631,25824,2023-03-01,Success
15806,2489,25878,2022-07-01,Success
53549,1957,6482,2023-03-04,Success
41511,2266,15658,2022-10-22,Success
2881,449,19789,2022-06-21,Rejected by the driver
16177,2155,29344,2023-03-07,Success
27153,2136,4653,2022-10-19,Success
29274,1821,17972,2022-05-19,Success
44098,2585,33867,2022-08-24,Success
48246,2549,7976,2022-09-12,Success
57400,2166,22852,2023-02-11,Success
32681,1077,3584,2022-10-28,Rejected by the driver
59163,1290,25671,2023-02-09,Success
17194,2084,20225,2022-11-18,Success
8039,91,947,2022-07-22,Success
23046,1746,6086,2022-10-03,Cancelled by the passenger
7977,2694,24367,2022-12-19,Success
14093,2012,9552,2022-06-29,Success
10414,2219,3755,2022-09-18,Rejected by the driver
2258,1472,19301,2022-08-10,Success
24225,949,11643,2022-07-13,Success
10273,2051,2035,2022-06-14,Success
3387,535,9536,2022-03-20,Success
54449,2075,3712,2022-10-26,Success
20315,1225,24237,2023-02-27,Success
44799,2432,4738,2022-06-10,Success
27167,1040,19558,2022-08-05,Rejected by the driver
31769,2887,31875,2022-04-24,Success
52687,975,21935,2023-04-10,Success
20195,2387,37229,2022-04-19,Success
30468,2992,3618,2022-04-03,Rejected by the driver
1677,872,20938,2023-02-19,Rejected by the driver
15664,1179,37826,2022-11-22,Success
7792,1694,22656,2022-05-23,Success
55579,2150,9248,2022-06-27,Cancelled by the passenger
10744,721,28151,2023-03-19,Rejected by the driver
53563,1861,575,2023-02-05,Success
2052,2061,32168,2022-07-10,Success
53386,156,26019,2022-12-09,Success
58040,1360,6955,2022-03-24,Success
59303,1873,15818,2022-10-16,Success
11270,617,25570,2022-08-22,Success
33033,2062,24747,2023-03-15,Rejected by the driver
38891,828,28744,2022-06-20,Success
53883,2814,34262,2022-05-22,Cancelled by the passenger
120,1014,24485,2022-12-24,Rejected by the driver
52216,1633,24107,2022-07-27,Cancelled by the passenger
54294,463,1477,2022-07-19,Success
45360,1855,29393,2022-10-05,Success
35491,237,20356,2022-12-31,Success
20887,1346,18639,2023-04-12,Success
46767,1297,33403,2022-08-02,Rejected by the driver
50102,2807,866,2022-10-19,Cancelled by the passenger
2450,350,14045,2022-07-07,Success
11604,782,19955,2022-05-28,Success
53221,953,18657,2022-12-16,Rejected by the driver
41439,2986,7555,2022-08-08,Success
55616,870,4340,2022-07-21,Success
14960,2908,38517,2023-01-23,Success
7871,2974,39549,2023-02-24,Rejected by the driver
12435,1049,1473,2022-06-01,Cancelled by the passenger
53026,120,15319,2023-03-03,Success
50729,547,5483,2022-10-09,Success
29607,2390,39264,2022-09-24,Success
24636,1413,21920,2023-01-10,Success
53376,2125,3566,2022-10-02,Success
48377,958,10180,2022-06-25,Success
9298,808,13773,2022-12-13,Success
12093,1436,33445,2022-12-08,Success
32124,1112,7774,2022-09-24,Success
50649,2465,13422,2022-11-14,Success
4920,1137,27730,2022-03-23,Success
35676,2985,32587,2022-03-21,Success
37954,1734,32406,2022-10-08,Success
29530,701,9975,2022-10-09,Success
35287,1355,36218,2022-10-05,Rejected by the driver
13859,511,37624,2022-06-11,Cancelled by the passenger
21483,123,39206,2022-10-31,Success
44615,2414,16327,2022-05-13,Rejected by the driver
29402,1255,39891,2023-01-24,Success
4000,2226,30075,2023-03-30,Success
58563,974,23536,2022-04-22,Success
1895,531,32295,2023-02-11,Success
4229,1383,5499,2022-07-29,Success
15589,2281,17494,2022-03-29,Rejected by the driver
37562,2497,20761,2023-04-09,Rejected by the driver
51576,121,24584,2023-02-15,Success
47628,2422,22588,2022-05-25,Success
14031,1935,13914,2022-08-08,Success
3016,304,36935,2023-03-29,Cancelled by the passenger
15524,2310,12205,2022-04-13,Success
59771,516,12022,2022-04-16,Success
24283,2161,35607,2022-11-08,Rejected by the driver
55091,2008,33669,2022-03-29,Success
37808,623,30431,2023-04-10,Rejected by the driver
58468,851,34838,2022-09-01,Success
49625,1428,19982,2022-07-17,Success
12432,808,13586,2022-06-25,Rejected by the driver
29428,245,35615,2022-05-07,Success
28177,655,11195,2022-12-29,Success
13316,1836,28860,2022-10-31,Success
6881,1712,7342,2023-01-08,Success
6771,614,23449,2022-08-15,Success
23388,2647,32643,2022-12-03,Success
26844,1614,14624,2023-02-05,Success
1600,238,21089,2022-12-25,Cancelled by the passenger
47522,2111,9000,2023-01-26,Success
31669,45,10817,2022-05-08,Rejected by the driver
56085,710,30642,2022-11-14,Success
2978,2662,35269,2022-10-10,Success
7600,1187,1784,2022-08-07,Rejected by the driver
3676,2936,21967,2023-03-05,Success
5897,1892,2162,2023-03-29,Success
6076,822,29369,2022-12-22,Success
47915,2354,13446,2023-02-11,Success
39082,1892,21334,2022-07-25,Success
44346,2848,15141,2022-06-11,Rejected by the driver
52354,1202,9695,2022-08-28,Rejected by the driver
44120,1492,32726,2023-03-12,Success
2858,164,26632,2022-04-27,Success
41298,940,35803,2022-07-15,Success
50304,446,20670,2022-06-11,Rejected by the driver
27443,875,38327,2023-02-09,Success
33463,1629,767,2023-01-19,Cancelled by the passenger
17935,1642,176,2022-11-11,Success
7525,1668,10713,2022-05-31,Success
29779,2422,3715,2022-11-10,Rejected by the driver
19686,2490,20883,2022-12-08,Success
22202,1206,19892,2023-02-05,Cancelled by the passenger
7120,469,13281,2022-09-04,Success
7374,2523,22321,2023-01-06,Cancelled by the passenger
53993,192,5233,2023-04-02,Success
20768,1582,10110,2023-01-03,Success
35205,2111,23031,2022-05-05,Success
43696,490,21892,2023-02-09,Success
26905,1462,10906,2023-04-09,Rejected by the driver
46728,1353,15058,2022-07-06,Success
49403,335,24565,2023-01-16,Cancelled by the passenger
24439,2326,4756,2022-06-28,Success
8478,689,28509,2022-10-30,Success
30311,1924,21190,2022-09-27,Success
19065,1404,19490,2022-04-15,Success
31064,1935,12806,2022-10-25,Cancelled by the passenger
43387,1070,26050,2022-09-07,Success
20817,152,11897,2022-12-03,Cancelled by the passenger
25511,2373,32056,2023-04-12,Success
52026,1100,2205,2022-06-14,Success
18883,784,9755,2022-06-01,Success
15302,794,9987,2023-03-25,Rejected by the driver
52486,481,26447,2022-10-06,Success
24607,1546,11461,2022-11-07,Rejected by the driver
35129,398,29149,2023-02-19,Success
49050,167,7639,2022-08-11,Success
22151,1020,37540,2023-01-28,Success
49698,2917,18194,2022-05-25,Rejected by the driver
37598,712,7963,2022-10-25,Rejected by the driver
31644,1531,24911,2022-06-24,Success
39822,2775,49,2022-08-28,Success
26210,2344,23363,2022-10-09,Success
55357,2327,20012,2023-02-24,Success
40028,2319,37980,2022-10-07,Success
19612,2011,25460,2022-10-13,Success
7320,453,15301,2022-05-10,Success
58752,263,22575,2023-01-19,Success
29560,1455,36347,2022-04-19,Success
51954,1687,14836,2022-09-09,Rejected by the driver
8717,2359,4475,2022-12-26,Success
40155,1395,38363,2022-04-03,Success
51749,811,20461,2022-11-20,Cancelled by the passenger
22729,1311,12301,2022-08-27,Success
58532,2834,36816,2022-10-11,Cancelled by the passenger
34436,2729,31516,2022-08-26,Success
27561,1182,8754,2023-02-14,Success
36350,2077,6391,2022-07-08,Success
39567,1169,413,2022-12-01,Success
40390,2287,25584,2023-03-02,Success
59409,176,36106,2022-04-02,Success
22569,1537,3686,2022-10-09,Rejected by the driver
16908,1716,17255,2022-08-02,Success
8353,1701,25514,2022-07-23,Rejected by the driver
46186,1177,35802,2022-08-10,Rejected by the driver
58584,574,12246,2022-04-23,Success
46394,1147,18803,2022-12-21,Success
9239,1988,3253,2022-10-25,Success
2416,2878,1154,2022-10-01,Success
19079,2824,27067,2022-08-03,Success
9688,726,38564,2022-09-29,Success
3715,2422,38481,2022-04-02,Success
55,2727,13710,2022-09-15,Success
41528,2056,8833,2022-07-25,Rejected by the driver
1420,412,23152,2022-04-24,Rejected by the driver
39906,999,20063,2022-04-15,Success
58651,555,6425,2022-05-06,Success
15107,1950,9308,2022-06-17,Success
35349,890,5337,2022-04-28,Success
12044,2265,15738,2022-10-15,Cancelled by the passenger
31528,1896,10190,2022-08-23,Success
29898,1574,24866,2022-12-23,Success
23969,502,36438,2022-04-10,Success
44334,1133,39487,2022-05-31,Success
53423,719,37203,2022-08-20,Success
48260,2405,29110,2022-04-04,Success
1399,2325,8031,2023-04-14,Success
603,2315,33709,2022-08-30,Success
18752,2132,1140,2022-05-05,Success
38664,179,32468,2022-05-08,Success
32748,486,15792,2022-08-07,Success
41587,954,19223,2022-05-28,Success
18105,472,279,2022-12-05,Success
53780,1547,2973,2022-03-16,Success
26559,1155,3499,2022-11-01,Cancelled by the passenger
6501,1894,23914,2022-06-09,Success
38300,2152,11174,2022-12-22,Success
27836,2721,13328,2022-04-04,Success
44307,1679,12041,2022-04-08,Success
10888,2400,1257,2022-07-10,Success
39436,1449,8199,2022-10-15,Success
44791,2985,21921,2023-03-16,Success
44119,621,23132,2022-03-24,Success
24858,1150,33423,2022-09-30,Success
25591,2635,27371,2022-06-02,Success
45595,836,3643,2023-01-08,Success
7338,483,7854,2022-05-19,Success
4336,1774,25010,2022-04-02,Success
23605,58,24319,2022-04-03,Cancelled by the passenger
21842,1996,27385,2022-12-20,Success
141,1494,37358,2022-03-31,Cancelled by the passenger
32784,2481,26530,2022-11-14,Rejected by the driver
39460,1030,36054,2022-07-01,Success
31856,2213,5529,2022-06-10,Success
41702,2163,13768,2022-08-15,Cancelled by the passenger
462,721,21126,2022-07-26,Success
24863,1200,9798,2022-09-23,Success
601,392,16870,2022-03-24,Success
7864,2574,8508,2022-08-16,Success
46600,326,600,2022-12-28,Success
56824,154,38072,2023-03-18,Rejected by the driver
37862,2210,8900,2022-12-07,Rejected by the driver
39307,1189,29463,2023-02-11,Rejected by the driver
14859,511,14773,2023-01-22,Success
18627,1845,7418,2022-12-04,Success
4498,854,9798,2022-05-29,Success
49369,219,12375,2022-04-25,Cancelled by the passenger
36908,223,29158,2022-11-27,Success
12819,2185,39337,2023-01-02,Success
34760,1589,22088,2022-08-20,Cancelled by the passenger
9131,1110,5914,2022-05-23,Success
9441,2638,12061,2022-04-18,Success
46141,2643,4056,2023-02-05,Cancelled by the passenger
10379,256,2963,2022-07-04,Rejected by the driver
57029,654,17060,2022-08-12,Success
54828,16,12900,2022-11-27,Success
42534,585,3749,2023-03-09,Cancelled by the passenger
42082,2389,23905,2022-07-12,Success
52785,2953,34620,2022-04-24,Success
56664,2033,1640,2022-07-08,Cancelled by the passenger
26595,1002,9804,2022-04-05,Success
889,2832,38703,2022-03-30,Cancelled by the passenger
23393,716,27886,2022-08-15,Success
28267,2166,27813,2022-08-24,Success
30803,1038,27611,2022-05-19,Success
15400,1027,1624,2022-11-17,Success
49984,742,7053,2022-12-01,Success
13953,1358,35489,2022-11-14,Success
16965,255,4934,2022-11-01,Cancelled by the passenger
37332,2114,23110,2022-09-17,Success
6638,1498,1648,2022-06-26,Cancelled by the passenger
31659,1003,31878,2022-06-19,Success
3589,2505,10702,2022-12-24,Success
44281,2170,18292,2022-09-17,Success
38063,2112,36426,2023-01-09,Success
47857,70,23142,2023-02-15,Success
27723,1093,8944,2022-09-04,Success
24764,2813,33470,2023-03-15,Success
44161,2483,35660,2022-07-04,Success
42645,1808,29106,2023-03-05,Success
48740,2380,4669,2023-02-14,Success
47615,2001,15621,2022-04-25,Success
22939,661,10626,2022-09-21,Rejected by the driver
33883,45,33768,2022-11-17,Success
14009,2343,987,2023-03-11,Success
42517,2346,34026,2023-04-14,Success
33296,2728,9775,2022-08-08,Success
39406,1262,31917,2023-01-05,Success
1170,2029,32742,2023-01-17,Success
36269,703,4090,2022-12-18,Rejected by the driver
16011,2152,13271,2022-08-12,Success
27567,2468,29089,2022-09-05,Success
10275,246,28457,2022-07-24,Success
36135,758,25247,2022-10-12,Success
57091,291,1209,2022-06-15,Success
7986,1745,38905,2022-06-02,Cancelled by the passenger
57635,1932,29363,2022-06-01,Rejected by the driver
59968,1362,12652,2022-10-16,Success
58473,1667,36377,2022-11-15,Success
2863,1018,31427,2022-12-29,Success
21508,2161,18472,2022-08-27,Cancelled by the passenger
13002,1680,6331,2022-12-31,Rejected by the driver
29067,2484,7114,2023-02-26,Success
57843,1194,10928,2022-12-28,Cancelled by the passenger
27791,2858,224,2022-10-26,Cancelled by the passenger
41125,212,11668,2022-05-22,Success
51193,2900,19464,2023-02-07,Success
56931,1906,11264,2022-07-29,Rejected by the driver
27742,1200,37399,2022-11-13,Rejected by the driver
25976,1360,9676,2023-01-29,Success
1841,2635,2206,2022-04-16,Success
14725,1708,27330,2022-04-21,Success
28463,1410,23549,2022-05-16,Success
47671,2267,36262,2022-11-26,Success
33469,2004,8879,2022-05-13,Cancelled by the passenger
35997,594,30236,2022-09-14,Rejected by the driver
53731,1108,5410,2022-09-20,Success
4435,2646,12515,2022-06-09,Success
29590,707,3844,2023-04-04,Rejected by the driver
16018,2181,27645,2022-06-12,Success
56541,2906,31788,2022-04-05,Success
48635,1424,26516,2022-04-18,Success
59274,2844,17495,2022-09-22,Success
28862,1528,30971,2023-04-04,Success
52273,750,32379,2022-12-01,Success
5399,1217,29720,2022-10-01,Success
55796,2959,32656,2022-04-09,Rejected by the driver
42232,136,30347,2023-01-18,Rejected by the driver
59605,1947,21268,2022-12-27,Success
8591,2257,33676,2022-04-23,Success
57378,286,23773,2022-12-03,Success
55949,2226,31017,2023-02-28,Cancelled by the passenger
56818,1907,541,2023-01-24,Success
14552,852,39928,2023-02-17,Success
24085,2480,32900,2023-03-09,Success
32463,2120,19204,2023-04-13,Cancelled by the passenger
28962,1185,27378,2022-10-20,Success
17924,2104,12625,2022-08-31,Success
962,457,29388,2023-03-19,Success
28990,270,27977,2022-12-18,Success
11565,257,16421,2022-12-01,Success
59756,1797,32222,2023-04-15,Success
38569,871,24963,2023-01-01,Success
59184,2506,18185,2023-03-25,Success
30409,2224,26952,2022-08-14,Rejected by the driver
8487,202,12881,2023-03-22,Success
40488,265,8095,2022-12-23,Success
57937,43,14143,2022-04-18,Success
42798,1280,31286,2022-08-31,Success
36006,1114,16155,2022-10-19,Cancelled by the passenger
19556,852,21673,2022-03-23,Success
3099,2712,2502,2022-12-14,Success
37267,370,2295,2022-08-16,Rejected by the driver
41620,966,11464,2022-10-04,Success
55551,2767,18144,2022-07-11,Rejected by the driver
23635,1863,24932,2022-11-03,Success
18704,1465,25773,2023-02-02,Success
19376,900,25312,2022-06-15,Cancelled by the passenger
48638,511,18704,2022-07-17,Success
46832,2277,21404,2022-03-12,Cancelled by the passenger
11714,607,14106,2022-12-13,Success
56623,943,33173,2022-06-04,Cancelled by the passenger
57152,1646,22097,2022-04-25,Success
16430,2587,38116,2022-06-30,Success
5594,263,16783,2022-03-19,Rejected by the driver
45574,1494,22036,2022-07-14,Success
35284,2057,22101,2022-08-30,Success
45796,2749,12068,2022-04-26,Success
29288,279,39828,2023-04-08,Rejected by the driver
10330,1555,34977,2023-03-09,Success
54595,1441,38441,2022-07-20,Success
16331,497,17747,2022-04-25,Success
10651,1672,4378,2022-04-20,Success
27373,2301,7878,2022-06-04,Cancelled by the passenger
14944,1245,4729,2022-07-18,Success
25458,2530,7671,2022-12-10,Cancelled by the passenger
58871,2672,8499,2022-06-06,Success
53222,688,4369,2022-05-13,Success
10370,1732,38251,2023-03-22,Success
37111,158,33773,2022-08-13,Cancelled by the passenger
19896,269,37340,2023-03-28,Cancelled by the passenger
48521,882,30625,2022-04-18,Rejected by the driver
18127,469,32238,2022-07-24,Success
43973,883,5158,2022-06-22,Success
25103,612,15775,2022-09-07,Success
17583,1342,3342,2022-08-24,Success
53135,1145,28382,2023-01-18,Success
20253,2811,8544,2022-11-13,Rejected by the driver
22679,2112,16409,2023-03-19,Success
23763,1713,10852,2022-03-23,Success
8158,1904,5904,2022-07-02,Cancelled by the passenger
28113,2069,1652,2022-03-18,Rejected by the driver
14105,1690,27340,2022-05-22,Success
34947,225,15578,2022-04-23,Success
40529,455,37926,2023-04-12,Success
55631,538,32922,2023-02-20,Success
666,768,17504,2022-09-01,Rejected by the driver
55094,2915,994,2022-09-17,Success
36493,2457,28001,2022-04-24,Success
36081,2395,37457,2022-11-11,Success
19798,2232,11680,2022-11-18,Success
1790,2655,13775,2022-09-25,Success
21420,1262,2901,2022-06-01,Success
37335,619,4965,2022-05-23,Success
37590,2063,1302,2023-03-10,Success
1322,1058,26415,2022-11-10,Success
7116,2695,13875,2023-02-21,Success
517,2990,10591,2022-10-15,Success
31571,76,16000,2023-01-02,Success
16141,1296,37187,2023-04-09,Rejected by the driver
6928,1023,4201,2022-08-24,Success
22280,898,34427,2023-04-02,Rejected by the driver
45600,1602,17149,2023-02-18,Success
58117,695,38453,2022-12-11,Cancelled by the passenger
27937,341,24584,2022-05-26,Rejected by the driver
56439,1346,20171,2022-06-30,Success
44912,2774,11213,2023-03-17,Success
29149,270,15041,2022-11-06,Rejected by the driver
19760,684,33125,2022-12-18,Success
52804,2909,32910,2022-09-24,Success
58750,181,31156,2022-03-18,Success
13950,304,1527,2022-07-12,Success
9695,2001,14377,2022-03-20,Cancelled by the passenger
54504,1782,20464,2022-05-09,Success
42779,2648,9853,2022-03-15,Success
31353,1768,34386,2022-12-24,Success
27307,2847,15577,2023-04-03,Success
45455,1406,39376,2022-10-13,Success
30965,500,7563,2023-04-04,Success
54123,596,31507,2023-02-07,Success
4853,2791,21599,2023-01-24,Success
58079,2276,11051,2023-01-01,Rejected by the driver
27849,658,23386,2022-07-14,Cancelled by the passenger
32815,469,31912,2022-05-15,Rejected by the driver
43988,2122,24801,2022-07-22,Success
50470,396,22776,2022-12-12,Rejected by the driver
53457,1957,31898,2022-06-15,Success
52826,1388,4221,2022-11-27,Rejected by the driver
36198,1642,32940,2022-08-06,Success
36864,681,23054,2023-02-10,Success
53796,2830,12552,2022-06-30,Success
11,341,20719,2022-12-26,Success
47917,980,4316,2023-02-11,Success
27330,679,29822,2022-03-25,Rejected by the driver
52914,2857,18314,2022-06-14,Success
5210,1985,29851,2022-05-29,Success
6593,1251,856,2022-07-30,Rejected by the driver
37566,2086,23088,2022-07-21,Success
42350,2341,27174,2023-03-22,Success
2344,220,12982,2022-11-08,Success
24930,302,27052,2022-05-06,Success
10529,531,36767,2022-09-06,Success
51602,349,21504,2023-01-18,Success
10235,2421,5805,2023-01-19,Success
33174,2620,3446,2022-09-02,Success
12859,740,30498,2022-11-26,Success
17883,1590,18014,2022-06-26,Success
47138,1577,25725,2022-12-16,Success
54614,1770,9061,2023-02-25,Success
44351,2235,35736,2023-01-17,Success
30730,2529,12220,2023-01-07,Success
6530,69,30452,2022-08-04,Success
6930,2919,498,2022-10-25,Success
3014,2187,177,2022-03-24,Rejected by the driver
15939,496,25336,2022-04-11,Success
16365,2688,23071,2022-10-22,Rejected by the driver
51564,2416,28738,2022-04-15,Success
39654,2472,21608,2022-07-16,Success
19958,1452,28760,2023-01-25,Success
57212,1536,7684,2022-06-19,Success
46962,1793,25421,2023-01-16,Success
2537,393,19803,2023-02-15,Success
23331,2703,1606,2022-07-15,Success
3537,1678,9859,2022-11-04,Cancelled by the passenger
6394,1360,36179,2023-01-13,Success
24590,1442,29536,2023-01-16,Success
16403,2239,3934,2022-04-16,Success
33392,1118,26154,2022-04-30,Success
15732,1308,5814,2022-03-29,Success
31234,2742,38028,2022-12-21,Success
25917,2100,12912,2022-08-04,Success
32699,2076,31577,2023-01-27,Success
34648,1592,30855,2022-07-17,Success
43199,1618,38671,2022-07-13,Success
6024,2606,36163,2022-09-04,Success
40357,2572,1870,2022-12-07,Rejected by the driver
32225,1400,3315,2022-05-08,Success
35072,1825,36520,2023-01-08,Rejected by the driver
35581,600,26261,2022-04-26,Success
36679,2560,35635,2022-04-01,Success
24286,2409,9972,2023-03-26,Success
3491,2239,12283,2022-09-09,Success
41215,2667,10582,2022-09-08,Success
25339,1626,39789,2022-10-15,Success
458,2619,27512,2022-05-09,Cancelled by the passenger
57245,1939,15776,2022-03-31,Success
34538,2380,19661,2022-08-03,Success
59542,1847,13556,2022-07-05,Success
48335,1082,38036,2022-06-22,Cancelled by the passenger
52546,570,22400,2022-12-06,Success
21474,1061,2903,2022-09-08,Success
51009,2614,33103,2023-04-14,Rejected by the driver
56032,130,34771,2022-10-07,Rejected by the driver
33078,539,12484,2022-12-25,Rejected by the driver
23807,418,2185,2022-04-18,Rejected by the driver
20897,61,2002,2022-11-21,Rejected by the driver
25934,2055,17729,2022-11-09,Success
11909,2568,3398,2022-10-26,Success
16168,1644,34407,2022-08-13,Success
32142,576,4971,2022-03-15,Rejected by the driver
14055,1983,9359,2022-06-13,Cancelled by the passenger
7535,2444,22243,2023-02-15,Cancelled by the passenger
47235,76,5615,2022-11-04,Success
34596,781,16110,2022-03-14,Success
53199,2013,34652,2022-09-19,Success
43477,1028,3079,2022-11-16,Rejected by the driver
3858,1448,36422,2023-02-06,Cancelled by the passenger
47637,2804,31610,2022-12-21,Rejected by the driver
22637,444,33901,2022-05-12,Success
46324,13,20122,2022-11-30,Success
4128,2653,14277,2023-01-02,Success
29647,2754,20401,2022-09-30,Cancelled by the passenger
22990,135,38174,2022-07-14,Rejected by the driver
38082,2617,7971,2022-11-17,Cancelled by the passenger
33021,2587,12076,2022-04-26,Rejected by the driver
43204,783,27666,2022-06-28,Success
49557,2900,34890,2022-10-26,Rejected by the driver
9604,1796,16516,2023-02-03,Success
15040,2704,16079,2023-02-13,Success
17846,2106,25964,2022-12-09,Success
6786,2284,11264,2022-07-28,Success
46813,2758,2819,2022-08-25,Rejected by the driver
11642,929,14016,2023-03-24,Success
43412,561,15005,2022-05-15,Rejected by the driver
11751,377,15424,2022-08-31,Success
56998,226,20531,2022-07-26,Success
38927,2465,27222,2022-07-05,Cancelled by the passenger
40169,1566,29559,2022-12-19,Success
39388,219,32224,2022-11-15,Success
1337,1202,2325,2023-02-02,Success
6898,1356,10758,2023-03-29,Cancelled by the passenger
34988,788,23586,2022-12-23,Rejected by the driver
51328,1876,25815,2022-12-14,Success
10834,1717,32234,2022-04-24,Success
49831,1882,22088,2022-04-05,Success
44683,1289,7679,2022-12-08,Success
14666,392,13738,2022-09-20,Success
56592,929,36572,2022-08-18,Success
24044,1514,5920,2022-10-20,Success
14282,2909,5202,2023-01-27,Cancelled by the passenger
38954,1029,17914,2022-11-24,Success
336,2167,25425,2023-01-15,Success
28417,297,15629,2022-11-19,Success
40332,780,15746,2022-04-22,Success
57251,12,21233,2022-05-03,Success
25982,1141,761,2022-07-09,Success
42446,2643,37842,2023-02-07,Success
14458,2572,37950,2023-01-29,Success
50011,350,36341,2023-04-07,Cancelled by the passenger
7018,2219,4421,2022-12-22,Cancelled by the passenger
56935,1406,32938,2022-08-15,Rejected by the driver
5236,1702,19578,2023-01-06,Rejected by the driver
8233,1107,10421,2022-05-25,Success
4358,2629,28372,2022-04-25,Success
9825,2619,38527,2022-08-17,Success
6798,1934,25255,2022-09-12,Success
23380,1599,18971,2023-03-25,Success
6104,2157,26383,2022-12-17,Success
7174,2399,364,2022-08-20,Cancelled by the passenger
13295,154,1985,2022-10-23,Success
4357,811,25410,2022-03-14,Rejected by the driver
12760,1997,34458,2022-12-19,Success
43673,2290,21502,2022-06-12,Cancelled by the passenger
51035,2384,17304,2022-07-11,Rejected by the driver
38910,602,23036,2022-05-23,Success
33213,1149,27208,2022-11-11,Success
10582,927,28080,2022-05-05,Cancelled by the passenger
31449,2111,26510,2022-08-28,Rejected by the driver
24417,1193,13788,2022-09-02,Success
39718,167,29811,2023-03-30,Success
19755,314,36686,2023-01-22,Success
29727,1709,39132,2022-04-28,Rejected by the driver
2715,2772,10360,2022-06-13,Cancelled by the passenger
34873,1735,39562,2023-03-29,Rejected by the driver
15444,1389,37048,2022-04-28,Cancelled by the passenger
25154,959,39612,2022-11-17,Cancelled by the passenger
50633,996,14636,2022-11-12,Success
27077,2076,22401,2022-09-04,Success
43316,107,23909,2023-01-09,Cancelled by the passenger
30841,1419,12716,2022-04-21,Success
3144,1369,161,2023-03-08,Success
1369,406,10782,2022-07-05,Success
12424,215,10380,2022-05-02,Success
59658,1410,16131,2022-12-02,Success
52427,2736,30910,2023-03-08,Success
12345,1403,8564,2023-01-16,Success
20863,2439,35353,2023-02-18,Success
3761,1691,529,2022-09-27,Success
45260,67,4480,2022-09-27,Cancelled by the passenger
52475,2405,17243,2022-09-11,Success
4165,1031,20848,2022-07-15,Success
29610,2852,17856,2023-03-18,Success
18076,2342,3878,2022-05-24,Success
39712,1347,32157,2023-02-14,Success
15386,2004,36715,2022-11-11,Cancelled by the passenger
25443,2675,21212,2022-08-18,Success
13123,1930,4572,2022-07-24,Rejected by the driver
55375,1175,39668,2023-02-09,Rejected by the driver
22964,144,37231,2022-09-10,Success
43089,2453,11819,2022-03-19,Success
34744,1502,28842,2023-01-25,Success
15263,1660,3269,2022-12-19,Success
10811,1412,39453,2022-09-26,Success
35483,2178,33794,2023-03-11,Success
36962,1238,7562,2022-12-24,Success
48235,2672,17615,2022-03-23,Success
2511,2128,3876,2023-03-25,Success
19318,390,7288,2022-11-05,Success
2529,1129,8666,2023-03-21,Success
22318,467,15282,2022-11-01,Success
55332,1300,15764,2022-04-16,Cancelled by the passenger
29116,544,1299,2022-10-03,Rejected by the driver
21189,2001,26669,2023-03-05,Success
28199,1130,5361,2023-04-03,Success
32486,694,18759,2023-01-26,Success
11529,2101,6027,2023-03-18,Success
9449,1735,35790,2023-04-15,Success
22588,1117,26387,2022-03-13,Rejected by the driver
16066,2370,29071,2022-07-26,Rejected by the driver
47758,719,7021,2023-01-17,Cancelled by the passenger
16080,81,30112,2022-12-11,Cancelled by the passenger
18046,1689,12229,2022-08-04,Cancelled by the passenger
21679,2260,33150,2022-11-08,Success
37548,393,21667,2022-11-02,Cancelled by the passenger
16947,50,30359,2023-02-11,Success
47369,976,28355,2023-01-08,Success
56613,511,6729,2022-06-20,Success
15669,1705,19646,2023-01-12,Cancelled by the passenger
17377,2559,19134,2022-10-02,Rejected by the driver
29478,2843,33862,2022-09-09,Success
7441,1445,16740,2022-08-07,Success
24758,42,35136,2022-08-17,Cancelled by the passenger
58870,1961,14903,2022-08-29,Success
42485,903,15429,2022-06-17,Success
22767,2242,7800,2023-02-27,Success
13896,771,37414,2022-04-29,Success
37859,1595,8359,2022-07-23,Success
22513,2438,25961,2022-10-31,Success
23711,1224,25902,2022-10-08,Success
56596,827,33097,2022-10-05,Cancelled by the passenger
18983,1400,13658,2022-06-15,Success
22560,593,25426,2022-04-15,Rejected by the driver
42400,957,8366,2022-06-17,Success
52684,1009,19289,2022-09-10,Cancelled by the passenger
47007,1820,36179,2023-01-08,Cancelled by the passenger
19881,1211,26733,2022-05-07,Rejected by the driver
20475,86,1292,2022-06-15,Success
24610,714,27947,2022-04-09,Rejected by the driver
5046,2720,39042,2023-03-31,Success
56858,1114,29969,2023-02-06,Rejected by the driver
17743,212,4946,2022-12-20,Success
54988,2388,30593,2022-05-10,Rejected by the driver
35897,1839,32236,2023-04-15,Cancelled by the passenger
43682,1522,34832,2022-07-24,Cancelled by the passenger
33416,1478,9226,2022-08-20,Success
5154,252,28007,2022-07-16,Cancelled by the passenger
29249,468,34620,2022-09-01,Cancelled by the passenger
2957,2033,1430,2022-09-18,Success
58629,2261,9691,2022-03-19,Success
38515,1111,24423,2022-09-27,Success
52849,1264,34279,2022-04-07,Success
57738,1043,23572,2022-05-26,Success
3926,2601,20541,2022-10-02,Success
48202,529,33330,2022-10-04,Cancelled by the passenger
552,679,28958,2023-03-12,Success
18073,276,1156,2022-12-28,Cancelled by the passenger
7572,2292,20458,2022-11-01,Cancelled by the passenger
11926,1964,32498,2022-09-07,Success
57316,294,31862,2022-03-21,Success
30360,1311,26589,2023-03-22,Success
15992,266,15778,2022-10-12,Success
26864,1236,16422,2022-07-24,Cancelled by the passenger
43067,91,11965,2022-11-03,Cancelled by the passenger
41177,1974,22691,2022-06-11,Success
42642,1218,2043,2022-03-26,Success
4804,1954,30500,2022-07-28,Success
10812,2063,38185,2022-04-07,Cancelled by the passenger
17655,579,148,2022-06-13,Cancelled by the passenger
1155,77,20217,2022-09-04,Success
57894,1660,5627,2022-11-08,Success
34860,2629,15963,2022-06-09,Success
52278,1759,32562,2022-06-18,Success
49049,2033,5812,2023-02-01,Rejected by the driver
5173,2122,28635,2023-03-23,Success
11137,341,21012,2022-10-20,Rejected by the driver
51636,383,34766,2023-02-08,Success
40968,1106,34253,2022-08-18,Success
8737,1668,23405,2022-03-21,Success
59793,2259,2653,2023-04-10,Success
932,1287,16790,2022-05-19,Success
29271,118,37449,2022-11-11,Rejected by the driver
36768,1350,36291,2023-04-04,Success
11788,2130,4773,2022-04-20,Rejected by the driver
37409,1604,28824,2023-03-20,Cancelled by the passenger
18774,526,15037,2022-08-30,Success
41003,479,19802,2022-08-31,Rejected by the driver
4157,90,25323,2022-11-24,Rejected by the driver
55804,2302,14630,2022-10-30,Success
18448,51,36177,2023-02-17,Success
44862,1035,17218,2022-04-30,Rejected by the driver
55003,2757,29650,2022-06-15,Cancelled by the passenger
53041,1626,35595,2023-04-02,Cancelled by the passenger
54199,2391,27218,2023-02-16,Success
24899,1433,13824,2022-11-05,Success
59128,422,16661,2023-03-10,Success
2451,879,28820,2022-11-25,Success
45705,1444,23803,2023-03-26,Success
33948,1382,30222,2022-06-14,Cancelled by the passenger
14659,585,37588,2022-04-18,Cancelled by the passenger
36077,1304,34113,2023-02-08,Success
51030,2,6100,2022-11-12,Success
44011,2501,39089,2022-12-14,Success
8307,2458,1901,2023-04-14,Success
40857,770,10584,2022-10-23,Success
45318,2047,15448,2022-12-21,Success
28303,82,38228,2022-08-30,Success
59036,1195,5344,2023-02-13,Success
35390,2918,35888,2022-05-14,Success
41138,1548,2257,2022-12-20,Success
33088,1022,11696,2022-11-06,Success
18146,249,22069,2022-03-28,Success
34902,1407,37433,2022-08-23,Success
29077,1168,15714,2022-04-05,Success
3566,1739,14133,2022-08-09,Cancelled by the passenger
19126,488,35482,2022-07-23,Success
574,2453,11343,2023-03-01,Success
7994,2856,34929,2022-03-24,Cancelled by the passenger
20415,2757,10694,2022-09-09,Success
44802,2736,27864,2022-08-31,Success
57068,1798,13548,2022-12-08,Rejected by the driver
16171,1257,14986,2022-03-15,Success
26612,285,11381,2022-06-14,Success
22597,1833,16902,2022-04-06,Success
54304,2965,21499,2022-10-10,Success
38700,1055,8866,2023-03-25,Success
41776,373,19475,2023-03-15,Success
39681,713,39673,2022-09-28,Cancelled by the passenger
7919,795,36733,2022-06-02,Success
33733,503,6584,2022-07-14,Success
36451,1261,4578,2022-05-24,Success
3136,286,34544,2022-07-17,Success
6138,1582,2714,2022-11-03,Rejected by the driver
21424,2857,27073,2022-05-05,Success
37608,1466,147,2023-02-12,Cancelled by the passenger
51921,2391,23712,2022-03-29,Success
14779,1711,30135,2022-07-26,Success
48524,892,38108,2022-05-04,Success
56545,226,30858,2023-01-30,Success
8429,344,9923,2023-01-02,Success
56767,62,26787,2023-02-23,Success
39256,329,17157,2022-10-29,Success
13895,1115,322,2022-06-20,Success
36604,2063,32807,2023-01-29,Success
44037,1733,20362,2022-12-21,Success
2788,1613,24034,2022-09-08,Success
53149,2158,31989,2022-07-18,Cancelled by the passenger
14510,2688,8720,2022-04-10,Success
2159,1563,32938,2022-12-03,Cancelled by the passenger
49438,926,35136,2022-12-15,Success
55239,655,24734,2022-09-15,Success
35098,260,20668,2022-08-19,Cancelled by the passenger
23820,2680,22349,2023-03-07,Success
54566,1117,17619,2022-07-14,Success
11811,2037,3804,2022-09-07,Success
23123,1083,15644,2022-06-23,Success
50123,2344,10912,2022-10-24,Success
24748,2228,788,2023-04-09,Success
45415,1224,22523,2022-11-03,Success
46976,1780,16032,2022-08-13,Rejected by the driver
45630,2910,38,2022-11-22,Success
14792,1472,36382,2023-03-02,Success
51163,758,11602,2023-02-23,Rejected by the driver
16975,2883,7085,2023-02-10,Success
19929,1282,3136,2022-07-03,Success
19579,443,3110,2022-08-06,Rejected by the driver
7143,1517,37614,2023-02-28,Success
35951,2274,30176,2022-11-26,Success
8835,250,1759,2022-03-23,Success
32609,1641,19199,2023-02-28,Success
43635,2889,7956,2022-11-26,Success
24535,91,23187,2023-01-05,Rejected by the driver
43465,2755,30036,2023-01-27,Rejected by the driver
59904,812,26612,2022-09-29,Cancelled by the passenger
54008,2533,26387,2023-03-07,Rejected by the driver
55226,1565,14192,2022-11-20,Cancelled by the passenger
15823,1409,2638,2023-02-13,Success
35020,2612,37478,2022-08-01,Success
7551,1167,20444,2022-03-26,Success
27949,974,9261,2023-01-04,Success
25903,738,23462,2022-04-19,Cancelled by the passenger
57423,2870,22521,2022-07-15,Success
41242,531,10582,2023-01-30,Success
53972,2528,22074,2022-10-09,Success
17619,1314,25055,2022-04-12,Success
16577,1559,22966,2023-02-13,Rejected by the driver
54480,1711,28276,2022-10-21,Rejected by the driver
13581,1145,2508,2022-10-11,Success
52135,2555,24660,2022-10-07,Success
45367,2836,7206,2023-02-01,Success
53829,1164,25115,2022-09-12,Success
45875,2075,32108,2022-06-26,Cancelled by the passenger
36054,392,25065,2022-03-31,Success
52502,1423,13117,2022-06-23,Success
39061,1468,3499,2023-02-08,Success
1615,964,36983,2022-05-05,Success
54911,2697,37865,2023-03-13,Cancelled by the passenger
50551,2337,11324,2022-04-27,Success
386,2452,13874,2022-08-27,Rejected by the driver
27490,271,12376,2022-07-19,Success
35221,1379,9441,2022-10-26,Success
22364,35,11192,2022-05-17,Cancelled by the passenger
36904,491,37094,2022-12-21,Success
40616,1853,33583,2022-12-31,Success
5557,2713,31644,2022-12-15,Success
55802,1168,8035,2023-02-28,Success
38618,1638,26296,2022-09-11,Success
33223,2357,4355,2023-02-01,Rejected by the driver
50788,1677,22739,2023-03-09,Rejected by the driver
54874,224,17637,2022-12-16,Success
15230,1261,15743,2022-03-28,Success
33582,2742,26909,2022-07-10,Success
28579,2639,15548,2022-10-02,Success
54324,126,3593,2022-10-03,Success
7290,2117,12689,2022-08-30,Success
55786,2631,37716,2022-11-04,Success
46612,2235,10846,2022-07-31,Success
45496,1227,6529,2022-11-06,Rejected by the driver
51916,1349,21240,2022-12-27,Success
22800,2480,14904,2022-09-01,Success
34808,1747,28910,2023-03-05,Success
37868,937,38884,2023-03-20,Success
7461,88,8603,2022-07-08,Success
49091,2070,38846,2023-04-05,Rejected by the driver
8288,2317,2632,2022-11-14,Success
35539,885,2562,2022-05-18,Rejected by the driver
2736,1664,29462,2023-02-27,Success
18220,2291,28966,2022-03-13,Success
28556,613,23287,2022-11-20,Success
29942,131,30337,2022-07-19,Success
8031,100,10799,2023-03-28,Success
35344,1056,24438,2023-02-18,Success
46422,662,28490,2022-10-24,Success
33494,2099,30838,2022-08-10,Rejected by the driver
36187,751,31533,2022-04-30,Success
39205,1646,16917,2023-01-15,Success
56816,1605,20305,2022-06-16,Success
3247,277,19726,2022-04-19,Success
48191,2386,7566,2023-01-29,Success
42906,738,33046,2023-01-18,Success
49673,2832,21372,2023-02-04,Success
26403,212,22003,2022-09-15,Cancelled by the passenger
43770,1446,18373,2022-06-04,Cancelled by the passenger
45301,36,16148,2023-04-08,Success
38248,683,39552,2022-03-13,Success
41088,1664,29564,2022-11-21,Success
5441,2426,30103,2022-06-25,Success
53040,698,30017,2022-06-11,Success
15235,2800,8162,2022-03-24,Success
51972,2120,10916,2022-04-29,Success
38438,2385,6722,2022-10-18,Success
11146,2687,14894,2022-04-17,Success
35179,1711,23704,2022-12-30,Rejected by the driver
122,597,24676,2022-03-30,Success
10208,2786,6505,2022-10-28,Rejected by the driver
8889,426,23405,2022-08-03,Success
42584,1897,37759,2023-03-20,Rejected by the driver
41303,355,6004,2023-02-17,Success
59110,2925,18763,2022-04-30,Rejected by the driver
53427,847,10964,2023-03-26,Success
50722,2926,17916,2022-09-12,Rejected by the driver
10860,1453,26919,2022-05-25,Cancelled by the passenger
53139,2,15883,2023-02-17,Rejected by the driver
3632,789,2902,2022-07-02,Success
44173,1822,20092,2023-04-12,Success
21547,1353,30057,2023-02-16,Success
27264,1842,35332,2022-09-10,Rejected by the driver
43338,303,32290,2023-03-05,Success
4100,1935,4428,2022-07-16,Success
45608,1269,1930,2022-04-05,Rejected by the driver
4705,2280,23966,2023-04-10,Rejected by the driver
22814,1156,2137,2022-04-16,Rejected by the driver
55573,2971,19709,2022-05-05,Success
54376,538,16299,2022-11-14,Success
420,2590,29238,2022-04-24,Success
52598,1518,13232,2023-03-16,Success
17577,138,33878,2023-04-03,Success
14810,1435,10541,2022-09-01,Cancelled by the passenger
5286,2485,16260,2023-03-19,Success
37918,2488,5071,2022-07-09,Success
14789,1123,29746,2023-03-11,Rejected by the driver
15699,963,4175,2022-05-19,Cancelled by the passenger
20675,2272,5132,2022-09-01,Cancelled by the passenger
37143,781,4672,2022-03-21,Success
56891,1300,12757,2022-06-04,Cancelled by the passenger
39389,1235,26520,2022-06-03,Success
29031,87,2059,2023-03-11,Cancelled by the passenger
22446,564,6862,2022-08-11,Success
48108,2796,14871,2022-10-06,Cancelled by the passenger
7901,455,7916,2022-12-17,Success
33712,2683,1814,2022-05-20,Success
19504,651,13069,2022-06-17,Rejected by the driver
29454,2819,8130,2023-04-15,Cancelled by the passenger
55519,1417,21365,2023-03-22,Rejected by the driver
17184,1049,10416,2023-02-22,Cancelled by the passenger
12715,648,12450,2022-11-11,Success
58440,2994,21657,2022-08-31,Success
28099,1775,9576,2022-11-15,Success
47847,2896,3148,2023-04-01,Success
43389,605,39164,2022-03-18,Success
20803,1019,39712,2022-11-08,Cancelled by the passenger
37995,897,21619,2022-10-19,Success
36635,2464,6637,2022-08-05,Success
46710,562,25452,2023-02-23,Success
2853,1683,30554,2022-06-23,Success
12470,1673,15163,2022-04-06,Success
57882,519,6689,2022-03-14,Rejected by the driver
32340,2559,11536,2022-06-18,Success
13925,26,11008,2022-05-03,Success
25508,391,15389,2023-04-13,Cancelled by the passenger
2021,1049,3230,2022-04-19,Cancelled by the passenger
32805,2495,2876,2023-03-20,Rejected by the driver
18002,157,28213,2022-07-01,Rejected by the driver
40806,241,15850,2022-06-14,Success
3614,1474,1142,2023-02-19,Success
13932,2515,12523,2022-11-28,Success
48036,519,21586,2023-01-16,Success
45732,1182,28166,2022-07-23,Cancelled by the passenger
25693,1706,18272,2022-11-19,Success
38464,190,33784,2022-10-12,Success
23845,2049,21935,2023-04-13,Success
35759,348,27416,2023-02-18,Success
48341,1326,27034,2022-11-08,Success
37867,2192,36813,2022-12-30,Success
46681,2232,20019,2022-08-18,Success
8911,1499,27247,2022-09-17,Success
39312,1981,30881,2022-10-07,Success
22024,2730,14659,2023-01-30,Success
25808,852,4172,2022-08-08,Success
5700,70,31489,2022-08-02,Success
7824,639,6064,2022-09-25,Rejected by the driver
26700,514,24073,2022-10-28,Success
2502,1903,27972,2022-10-28,Success
47145,619,508,2023-03-07,Success
640,2577,11960,2022-06-11,Success
55066,1365,29225,2023-03-28,Success
8661,827,35868,2023-01-27,Success
860,210,29541,2023-01-02,Rejected by the driver
44835,2272,6636,2023-04-10,Cancelled by the passenger
33675,2350,7180,2022-08-09,Success
45064,291,39931,2023-01-16,Success
39004,1077,8966,2022-08-22,Success
36361,105,664,2022-07-12,Success
26414,304,29989,2023-02-01,Rejected by the driver
20624,482,2294,2022-08-26,Success
49052,810,4568,2022-08-15,Success
22490,1410,38703,2023-03-29,Success
42890,1823,7935,2022-10-08,Success
10771,159,24648,2022-10-24,Cancelled by the passenger
28957,552,30873,2022-11-01,Success
48025,2862,3513,2022-05-05,Success
19676,2748,38354,2023-03-30,Success
29376,856,10921,2023-03-18,Success
54738,2645,19907,2022-04-19,Success
16867,17,8802,2022-08-21,Success
51209,95,36184,2022-08-10,Success
39695,1636,15198,2022-08-21,Success
24251,422,382,2022-12-06,Success
7131,2226,36411,2022-03-31,Success
37958,2034,21704,2022-09-23,Success
995,962,17272,2023-01-09,Success
40701,1721,9128,2022-11-08,Success
36640,2642,717,2022-11-09,Success
46126,1892,37247,2022-10-01,Success
47005,1522,36075,2022-06-18,Success
30977,521,6511,2022-09-16,Success
56036,1271,7783,2022-12-10,Rejected by the driver
9834,2009,4596,2022-11-09,Success
6198,460,9248,2022-07-18,Success
5252,932,16447,2022-11-04,Cancelled by the passenger
19495,2555,12630,2023-01-29,Success
6982,2193,21641,2022-09-13,Success
809,245,11955,2023-03-30,Rejected by the driver
18805,2570,6404,2023-01-09,Cancelled by the passenger
49889,2110,27241,2022-10-29,Success
46868,2349,38625,2022-10-16,Cancelled by the passenger
40552,1574,942,2022-08-09,Rejected by the driver
50580,1851,25185,2022-04-08,Success
53522,2683,35765,2022-11-07,Success
57765,2648,23545,2022-09-24,Cancelled by the passenger
18374,1998,410,2023-03-26,Success
46106,3000,7098,2022-05-05,Rejected by the driver
6616,1585,22465,2022-12-21,Success
33566,542,14902,2022-05-30,Success
10452,238,4204,2023-04-10,Rejected by the driver
39304,1807,36697,2022-04-15,Success
49259,2886,10703,2022-04-18,Success
11614,1814,29832,2023-01-25,Rejected by the driver
33326,2372,19705,2022-10-16,Success
40561,2977,39867,2022-08-20,Success
1079,1107,17325,2023-01-08,Success
55795,1892,28391,2022-08-05,Success
47222,1932,39461,2023-04-03,Success
16133,2863,4902,2022-11-15,Success
27933,1287,9850,2022-08-12,Success
22652,2907,28258,2022-05-28,Success
52549,1977,38164,2022-11-03,Success
24824,1630,32941,2022-06-20,Success
50573,2566,22221,2023-03-03,Rejected by the driver
24492,1755,32326,2022-12-26,Success
10948,2882,9805,2023-02-20,Success
18138,2164,8631,2023-04-15,Success
8326,1098,1580,2022-10-28,Success
4772,562,1741,2022-12-02,Success
15159,1271,1033,2022-04-28,Success
44985,495,28671,2022-04-30,Success
18062,578,25941,2022-09-29,Success
10277,1760,9226,2022-09-10,Cancelled by the passenger
6768,468,27985,2023-01-11,Success
12221,1436,14635,2022-05-29,Success
8754,579,36295,2022-04-07,Success
2794,1515,23155,2023-03-18,Success
9584,2046,5392,2022-08-03,Success
8652,969,6925,2022-05-16,Success
19786,63,1314,2022-03-28,Success
9144,738,33118,2023-03-11,Cancelled by the passenger
30471,911,13571,2023-02-03,Success
59780,2241,5221,2022-10-14,Success
11314,733,12963,2022-10-06,Rejected by the driver
46329,2862,26238,2022-08-02,Success
28238,1146,11459,2022-05-08,Success
28614,1988,32708,2022-09-25,Success
16488,414,5052,2022-12-25,Success
35717,1242,15152,2022-05-05,Success
36980,65,28294,2023-03-17,Rejected by the driver
25647,2597,18923,2022-09-18,Success
30168,2831,23258,2022-09-29,Success
54542,2335,12131,2022-03-14,Success
34584,1113,7136,2022-10-12,Success
15016,547,20231,2022-08-20,Success
11259,982,1832,2022-11-05,Rejected by the driver
59730,362,38006,2023-03-06,Success
20358,2289,26541,2022-10-16,Success
11495,2450,23619,2023-03-01,Success
58623,461,15577,2022-08-18,Success
43388,2669,11158,2022-12-07,Success
1576,947,35424,2023-01-20,Success
8912,74,4224,2023-03-21,Rejected by the driver
23352,2399,31418,2022-03-27,Success
11151,2085,39814,2022-11-08,Success
29709,2890,19715,2023-01-17,Success
11893,2613,27883,2022-06-19,Success
5546,1617,38262,2022-07-25,Success
18134,1241,28691,2022-12-19,Success
24856,755,39905,2022-12-02,Cancelled by the passenger
30563,624,16296,2022-10-22,Success
35999,2403,19014,2022-05-18,Success
75,2347,16227,2023-03-10,Rejected by the driver
23336,1817,5022,2022-09-10,Success
26862,2579,26160,2022-04-06,Rejected by the driver
23238,1621,15586,2022-10-28,Success
25964,111,3285,2022-08-13,Rejected by the driver
7422,695,29575,2022-05-27,Rejected by the driver
33091,2371,39724,2023-04-12,Success
30964,874,33691,2022-08-28,Success
2010,512,32882,2022-08-08,Success
21319,144,1137,2022-09-30,Cancelled by the passenger
37090,389,19370,2023-03-20,Success
30740,1434,30836,2023-03-02,Rejected by the driver
44976,1806,48,2022-08-09,Cancelled by the passenger
46544,2795,15952,2022-10-19,Success
5195,1224,34383,2022-04-05,Success
12315,1926,9261,2022-07-16,Success
53728,2356,18256,2023-02-12,Success
35010,2482,17716,2022-09-04,Success
45407,112,22178,2022-05-25,Cancelled by the passenger
8272,1784,2359,2022-09-22,Success
37972,267,39349,2022-05-29,Success
35216,1445,28845,2022-06-27,Rejected by the driver
54003,2556,27466,2023-01-15,Success
19087,2820,22635,2022-03-20,Success
44454,763,4166,2022-10-08,Success
13152,1981,37389,2023-02-22,Success
45238,2340,39391,2022-07-25,Rejected by the driver
36845,2149,36167,2022-07-18,Success
55745,804,35598,2023-02-15,Success
10756,1181,19420,2022-05-11,Rejected by the driver
23896,331,35664,2022-03-14,Success
59437,364,25652,2022-06-13,Rejected by the driver
18403,2342,9970,2022-12-07,Success
32884,2615,16076,2022-03-24,Success
46477,745,36505,2023-01-15,Success
7904,1117,36468,2023-01-29,Success
59498,486,31686,2022-11-07,Success
10105,154,27123,2022-06-14,Success
6984,1842,13205,2022-03-29,Success
57285,28,24238,2023-02-05,Cancelled by the passenger
21669,70,36954,2022-06-29,Success
30165,1397,385,2022-09-24,Success
52236,445,36902,2022-09-24,Success
5511,1185,27251,2022-10-01,Rejected by the driver
7457,1587,28024,2022-12-01,Success
7025,1280,16340,2023-02-02,Success
51840,912,14475,2022-08-09,Success
55373,32,31732,2022-05-09,Success
4909,2804,35373,2022-12-25,Success
45686,2834,4273,2023-04-04,Success
11328,1164,2543,2022-09-08,Rejected by the driver
19702,2251,39446,2023-04-11,Success
36805,1061,19105,2022-05-29,Success
31415,2724,8304,2023-01-02,Success
33227,643,10956,2023-03-17,Cancelled by the passenger
41737,1696,1267,2023-04-05,Success
48676,1794,8551,2022-11-22,Success
11286,1212,31924,2023-02-23,Success
21302,718,9841,2023-03-03,Success
22917,1197,19138,2022-07-16,Rejected by the driver
7776,2925,10553,2023-01-23,Success
46005,955,21489,2022-03-24,Success
17206,1974,5253,2022-11-08,Success
41584,2934,4074,2022-04-26,Success
26519,1440,11727,2022-09-29,Success
4326,1929,4266,2022-04-04,Success
28221,2129,34649,2022-09-05,Success
44787,794,16381,2022-05-06,Success
24031,1023,37294,2023-01-26,Success
48038,1794,11393,2022-06-04,Success
37822,6,2616,2022-04-18,Success
58740,2300,28226,2022-06-03,Success
11514,740,19002,2022-07-24,Cancelled by the passenger
19247,867,27759,2023-04-11,Cancelled by the passenger
7747,2070,25125,2023-03-25,Success
36863,2913,32279,2022-10-07,Success
57992,1796,38879,2023-01-27,Success
29875,454,5409,2023-02-27,Success
22175,2845,12154,2023-02-03,Success
31204,2416,26194,2022-10-06,Success
33121,2344,20112,2022-11-14,Success
9397,2513,30814,2022-04-15,Success
58167,1863,36538,2023-04-13,Success
196,1332,36636,2023-03-09,Success
42369,990,5366,2022-07-11,Success
14273,394,33391,2022-06-16,Success
45446,1081,417,2022-06-22,Success
35763,1773,30969,2023-01-01,Rejected by the driver
12805,1367,2813,2022-09-07,Success
1351,289,37476,2023-01-22,Rejected by the driver
26259,2488,21856,2023-03-13,Success
59553,2013,24411,2022-06-02,Success
56761,1712,25017,2022-05-26,Success
51037,2802,17012,2022-05-11,Success
56447,2637,15165,2023-04-08,Cancelled by the passenger
53434,1815,16871,2022-11-12,Cancelled by the passenger
9054,161,5672,2022-10-24,Success
41820,865,4552,2022-12-19,Success
50391,1824,24729,2022-11-02,Rejected by the driver
16169,2731,6580,2022-09-11,Success
35001,2604,19118,2022-12-14,Success
52712,2143,21672,2022-10-02,Success
27056,2649,81,2022-07-30,Rejected by the driver
6008,1974,17164,2022-08-10,Cancelled by the passenger
29584,394,153,2022-10-02,Success
15715,538,32346,2022-11-08,Cancelled by the passenger
11483,1716,22490,2022-04-30,Success
17633,2806,21121,2022-11-11,Success
18938,2692,36614,2022-10-31,Success
31182,1970,12621,2022-07-11,Rejected by the driver
34304,2324,4638,2022-10-23,Success
29672,1918,24118,2022-03-31,Success
52227,2454,23659,2022-12-15,Success
52428,935,15474,2023-04-15,Rejected by the driver
27512,1728,339,2022-09-10,Success
42887,1222,33198,2022-05-24,Success
2918,1472,6185,2023-03-23,Success
47647,2427,11955,2023-04-07,Success
58522,96,30407,2022-08-24,Success
29041,2232,5158,2022-03-26,Success
58232,1394,11172,2022-06-04,Success
27372,2103,22624,2022-09-07,Cancelled by the passenger
42766,2521,4403,2022-07-17,Success
49108,2388,32992,2022-11-03,Success
28897,2755,25648,2022-11-05,Success
11359,2178,29013,2022-12-27,Success
685,2838,26908,2023-04-15,Success
35197,2648,36263,2022-12-27,Rejected by the driver
45140,75,14887,2022-11-20,Success
35966,2146,39446,2022-11-25,Cancelled by the passenger
26786,2129,17747,2022-12-05,Rejected by the driver
11022,2402,35509,2022-03-13,Success
57010,106,20551,2023-02-16,Success
6070,1408,35254,2022-04-07,Success
39633,89,13557,2023-02-02,Rejected by the driver
31052,1172,38973,2022-05-06,Success
6932,1419,9442,2023-03-04,Success
47299,2757,27796,2023-02-20,Success
25743,2892,5236,2022-09-24,Success
36520,1209,14716,2022-12-14,Success
35302,1639,38038,2023-04-02,Success
37014,414,9407,2022-08-12,Success
45187,2925,32070,2022-07-24,Rejected by the driver
39416,93,13024,2022-09-06,Success
35497,1195,19978,2022-05-25,Cancelled by the passenger
33190,939,769,2022-12-11,Success
56088,800,27207,2023-01-14,Cancelled by the passenger
58580,2722,5862,2022-04-17,Success
7753,685,191,2023-03-27,Cancelled by the passenger
15877,1610,726,2023-03-27,Success
25392,264,19935,2022-10-28,Success
204,653,31363,2022-06-20,Success
2464,2483,39945,2022-07-03,Rejected by the driver
16418,2676,12875,2022-03-22,Success
37960,590,34583,2022-05-25,Cancelled by the passenger
44753,184,12846,2022-08-19,Success
51330,1818,34150,2023-04-13,Success
25706,1926,22905,2022-03-22,Success
9517,2467,26536,2022-03-23,Success
5300,1803,22299,2022-03-30,Success
43439,2892,23011,2022-05-16,Success
15144,2620,2383,2023-01-12,Cancelled by the passenger
59785,490,37003,2022-03-14,Success
8582,340,3118,2022-08-01,Success
59399,341,7412,2023-02-06,Rejected by the driver
31640,1751,19473,2022-07-06,Rejected by the driver
27869,2981,14040,2022-06-03,Rejected by the driver
53999,115,17733,2022-10-06,Success
14419,1579,11560,2022-12-13,Success
45975,345,39837,2022-05-26,Success
8571,1520,20811,2022-11-09,Success
53569,1809,20089,2022-05-22,Success
28296,1271,16583,2022-06-07,Success
27645,125,20920,2022-04-24,Success
25875,309,20085,2022-06-28,Cancelled by the passenger
48091,2520,34755,2022-10-24,Success
38963,1394,23642,2022-05-27,Success
48351,2179,29682,2023-03-30,Success
92,494,18514,2023-03-07,Success
35228,1756,6173,2023-03-24,Success
17077,643,21505,2022-06-24,Success
4136,772,31073,2023-01-29,Success
26365,1494,34917,2022-12-31,Success
14084,412,5441,2022-11-22,Success
39491,2146,28180,2022-04-28,Success
40709,2225,28008,2022-05-30,Success
12984,2416,30961,2023-04-02,Success
803,157,37545,2022-08-19,Success
3434,504,10066,2022-04-29,Success
54695,356,24363,2023-01-16,Success
51299,2861,20064,2022-04-02,Success
25512,345,16474,2022-04-12,Success
42758,2216,11115,2022-08-03,Cancelled by the passenger
48818,1412,29844,2022-10-03,Success
39869,2879,20979,2022-03-27,Success
19644,11,13114,2022-11-01,Success
23295,1944,5171,2022-12-04,Success
10735,124,17299,2022-12-24,Success
35490,2279,37375,2022-09-25,Rejected by the driver
38138,1461,10231,2023-02-12,Rejected by the driver
1855,1469,18287,2022-11-25,Success
20006,860,24857,2022-05-26,Success
57885,2733,11202,2023-02-15,Success
40414,2325,1129,2023-01-16,Success
9652,2985,12850,2022-07-14,Success
49651,2258,31955,2023-01-23,Success
27028,1559,11833,2023-02-10,Success
30412,238,35386,2022-03-24,Success
2496,810,32993,2023-01-22,Success
7729,1560,1214,2022-06-17,Success
43516,2156,10827,2022-12-13,Success
38816,844,5444,2022-09-01,Success
13413,87,2514,2022-11-10,Success
45123,75,38469,2022-08-03,Success
31283,1506,3576,2022-04-16,Success
11015,1849,2546,2022-05-09,Success
15243,2150,13794,2023-03-25,Success
9608,2444,35596,2022-11-07,Success
40779,629,3438,2022-05-05,Rejected by the driver
14531,1327,32321,2022-12-23,Success
26688,1809,16229,2023-03-04,Success
28203,976,32664,2022-05-20,Cancelled by the passenger
43549,169,25829,2023-02-05,Success
21320,2633,8459,2022-09-17,Success
48645,1533,8150,2022-07-08,Cancelled by the passenger
42248,300,9462,2022-06-01,Success
11388,693,12381,2022-06-15,Success
42627,1450,38142,2022-11-29,Rejected by the driver
37885,1767,10577,2023-04-03,Rejected by the driver
44548,1651,4529,2022-11-01,Success
47902,2910,9814,2022-04-21,Success
34209,2854,17427,2023-04-09,Success
23533,1232,19717,2023-02-16,Rejected by the driver
11070,669,26170,2022-07-20,Success
55079,1326,2487,2022-12-31,Rejected by the driver
22817,2215,24062,2023-01-30,Success
41987,2085,38642,2022-05-31,Success
40457,2221,18916,2023-02-09,Rejected by the driver
46907,1081,25494,2022-04-12,Success
15625,1750,3265,2022-12-23,Success
1570,153,9853,2022-07-25,Success
22575,1239,24080,2023-02-02,Success
5405,1652,6620,2023-02-26,Cancelled by the passenger
45916,2908,12917,2023-02-17,Cancelled by the passenger
2271,1384,16419,2022-08-13,Success
26419,1003,37261,2023-01-30,Success
16213,1696,27344,2023-03-23,Success
55873,672,39346,2022-03-30,Success
14350,209,7795,2022-11-24,Success
1299,546,4090,2022-05-04,Success
32628,1711,34843,2022-04-05,Success
11344,2961,27780,2022-10-07,Success
51428,76,9589,2022-07-26,Success
51725,2780,27317,2022-09-09,Success
15727,2452,25304,2023-03-09,Success
41824,820,3758,2023-02-25,Success
1343,2319,7084,2022-07-25,Success
18870,2305,34034,2023-04-05,Success
26116,2902,4823,2022-06-21,Success
39642,1985,11511,2022-07-05,Rejected by the driver
27116,1708,32572,2023-01-22,Success
36924,1942,31829,2022-09-23,Success
17287,537,13210,2022-07-09,Cancelled by the passenger
33864,2861,35813,2022-12-19,Success
21798,1294,7100,2022-07-22,Success
17341,2427,3872,2022-04-16,Cancelled by the passenger
5617,1614,7885,2022-04-11,Rejected by the driver
8038,387,9089,2022-04-29,Rejected by the driver
3909,2113,15843,2023-04-06,Cancelled by the passenger
3170,958,34277,2022-11-07,Cancelled by the passenger
31945,99,30707,2022-09-24,Success
4035,1004,192,2022-09-20,Rejected by the driver
43746,257,23269,2022-06-27,Success
44907,2447,17031,2022-12-20,Success
58834,1463,26652,2022-08-08,Success
17072,1111,21527,2023-04-05,Success
18464,1593,35355,2022-06-19,Cancelled by the passenger
43825,2007,18527,2022-05-22,Success
37365,2589,10442,2022-07-11,Rejected by the driver
19836,1931,29632,2022-12-20,Success
30404,2449,12747,2023-01-19,Success
32269,1274,17780,2022-09-24,Success
9229,2904,30480,2022-09-22,Success
54622,2818,36999,2022-05-08,Success
3250,1,7554,2023-03-02,Success
29754,2023,6238,2022-04-26,Success
27070,2517,24399,2022-04-07,Cancelled by the passenger
43174,1868,14209,2023-02-03,Cancelled by the passenger
49200,308,13382,2022-12-17,Success
47544,1801,26729,2022-12-20,Success
41166,1739,16363,2022-03-23,Success
20862,2847,2266,2022-03-18,Cancelled by the passenger
15224,1641,36316,2023-02-19,Success
33256,2634,20323,2022-12-08,Success
56409,2518,8284,2022-09-29,Success
29350,732,18583,2022-04-19,Rejected by the driver
22520,690,31123,2022-06-17,Rejected by the driver
1857,2030,20618,2023-01-05,Success
40618,881,6831,2022-03-15,Cancelled by the passenger
656,1336,20541,2022-03-18,Success
59125,1405,15419,2023-04-10,Success
21353,2848,23604,2023-01-15,Success
22986,2148,29752,2022-10-30,Success
41656,1446,38066,2022-12-07,Success
17002,687,25915,2022-03-21,Rejected by the driver
43582,2406,38939,2022-07-30,Success
35309,447,22623,2023-02-21,Success
32317,2988,22042,2022-12-07,Success
41220,2817,33103,2022-10-16,Cancelled by the passenger
29860,233,22075,2023-01-16,Success
34723,1985,10777,2022-04-23,Success
43859,1173,2898,2022-08-05,Success
25004,2929,34117,2022-03-29,Success
35220,2204,38123,2022-04-04,Success
18840,2522,471,2022-12-19,Success
34108,1203,39308,2022-12-21,Success
54326,1235,15885,2022-11-08,Success
26904,1709,34147,2023-04-02,Success
13393,2089,12394,2022-09-11,Cancelled by the passenger
22483,2029,26710,2022-07-04,Success
59595,905,25100,2022-08-12,Success
55381,2201,99,2022-12-21,Success
32262,2974,24503,2023-02-19,Cancelled by the passenger
11774,2090,30591,2022-12-04,Rejected by the driver
29766,2951,20737,2022-08-23,Success
37045,785,4235,2023-03-27,Rejected by the driver
39754,241,20383,2022-08-19,Success
1074,2095,39499,2022-09-13,Success
4975,2213,17517,2022-11-01,Success
9080,717,39770,2022-04-14,Success
29642,1121,17498,2022-08-25,Success
45041,2732,10650,2022-12-01,Success
29444,285,21586,2022-10-27,Rejected by the driver
13166,905,29210,2022-03-31,Success
33098,2654,7217,2022-11-21,Success
44685,114,11488,2022-11-24,Cancelled by the passenger
57482,313,18304,2022-06-18,Success
54934,742,13109,2023-01-23,Rejected by the driver
47287,2213,3584,2022-09-20,Success
55302,1027,38743,2022-03-14,Success
56303,2987,8382,2022-12-04,Success
22896,832,15516,2022-12-30,Rejected by the driver
6314,517,5601,2022-04-09,Rejected by the driver
21416,1288,31162,2022-08-14,Cancelled by the passenger
8679,765,10144,2022-05-22,Success
1422,38,29927,2022-07-06,Success
853,2277,25915,2022-12-20,Success
6293,1758,29202,2022-07-02,Rejected by the driver
11437,328,35620,2023-01-09,Success
12215,1364,7768,2022-10-21,Success
37252,862,27043,2023-01-03,Success
26692,1129,9082,2022-10-06,Success
12258,2613,8488,2022-04-15,Success
24377,254,28380,2023-01-22,Success
41865,27,35395,2022-06-17,Success
59676,280,18641,2023-01-02,Rejected by the driver
29737,1847,21156,2022-09-19,Success
31017,1974,32589,2022-10-14,Success
27998,2988,16851,2022-03-21,Success
2605,1116,5067,2022-05-01,Rejected by the driver
42440,1523,17828,2023-02-09,Success
37630,2214,17786,2022-07-02,Rejected by the driver
35834,2665,37335,2022-08-12,Success
12176,2017,2932,2023-02-12,Success
58469,2595,8981,2022-03-16,Success
10258,939,15074,2022-12-11,Success
43469,191,14053,2022-10-28,Success
48816,1486,9687,2022-04-23,Success
22794,2919,31948,2022-07-20,Success
30657,2985,7541,2022-06-22,Success
27337,1179,11910,2023-02-11,Success
15561,377,2027,2022-06-07,Success
29,531,21339,2023-03-11,Success
50546,1838,33711,2023-01-27,Success
49374,70,35828,2023-04-15,Success
37541,831,12569,2023-02-20,Success
19939,1759,13817,2023-03-13,Cancelled by the passenger
55896,2821,34340,2023-02-27,Success
50726,1582,29195,2023-03-21,Success
49787,2939,33437,2023-04-04,Success
10752,2438,9532,2023-03-24,Success
35326,1273,6103,2022-03-12,Rejected by the driver
37979,2191,15366,2022-05-24,Cancelled by the passenger
30267,1419,19665,2022-04-24,Success
2649,1046,15652,2023-04-11,Success
18594,309,20408,2022-06-08,Success
52635,2242,29702,2023-02-19,Rejected by the driver
40557,2275,15154,2023-03-10,Success
41124,2236,38885,2022-06-17,Success
28916,1290,24306,2022-08-07,Success
3724,225,33751,2022-10-31,Rejected by the driver
36244,1963,32914,2023-01-30,Success
2812,381,10132,2022-08-15,Success
4161,2904,36377,2022-11-25,Rejected by the driver
47038,2983,30946,2023-04-02,Success
1478,921,556,2022-03-15,Success
10204,2230,4621,2022-07-27,Success
43265,2624,28906,2022-12-21,Rejected by the driver
26939,2683,19818,2022-12-30,Rejected by the driver
47100,1082,2718,2022-06-22,Cancelled by the passenger
11271,1146,30683,2023-04-12,Success
23708,484,2740,2022-11-25,Success
29601,173,23918,2022-04-19,Success
4009,2010,4491,2022-07-21,Cancelled by the passenger
48471,1005,7838,2022-06-29,Rejected by the driver
25831,442,7734,2022-06-17,Success
8590,1968,31089,2022-04-30,Success
42879,2335,9218,2022-12-31,Rejected by the driver
36498,2913,7150,2023-03-14,Success
44630,645,8067,2022-10-19,Cancelled by the passenger
41545,2543,1588,2023-01-27,Success
37574,2175,27760,2022-10-04,Success
20733,1383,28904,2022-05-05,Success
43052,1004,32488,2022-03-30,Success
18961,909,3569,2022-08-04,Success
8578,550,38785,2022-05-29,Rejected by the driver
57720,1910,32756,2022-05-25,Success
42520,1052,39805,2022-06-02,Cancelled by the passenger
15406,1951,16311,2022-11-11,Success
43008,426,18656,2022-12-06,Success
11844,1322,24397,2023-03-08,Success
41516,1869,23443,2023-01-12,Success
32256,2635,34379,2022-07-26,Success
45631,148,15841,2023-04-04,Success
86,1640,14685,2023-03-09,Success
387,2850,32104,2022-06-26,Rejected by the driver
42799,2963,1649,2022-05-12,Success
24335,405,38569,2022-05-25,Success
44655,2764,8379,2022-08-03,Cancelled by the passenger
20915,2966,16771,2022-09-06,Success
22573,1650,37983,2023-03-01,Success
48853,2077,19769,2022-05-21,Success
58505,2575,21147,2022-10-17,Rejected by the driver
42916,1018,3544,2023-03-27,Rejected by the driver
40829,872,27375,2023-01-03,Rejected by the driver
2731,538,20809,2022-07-29,Rejected by the driver
9548,1941,34587,2022-05-19,Cancelled by the passenger
23358,2084,27621,2022-04-30,Cancelled by the passenger
35561,2117,14014,2022-09-25,Rejected by the driver
26043,451,37899,2022-08-09,Success
42100,672,20692,2023-03-07,Success
9830,2797,24693,2022-07-25,Success
3501,2320,786,2022-09-25,Success
18867,2307,39093,2022-05-21,Success
54418,1664,6056,2022-06-17,Success
26120,1449,6127,2022-06-07,Success
28515,990,10026,2022-05-27,Success
5673,2975,10501,2022-08-07,Success
45816,1127,23677,2023-04-13,Success
49260,1871,17798,2022-05-25,Success
40489,398,31649,2022-07-12,Success
30103,2448,6894,2022-05-28,Success
18797,288,518,2022-10-05,Cancelled by the passenger
25791,1038,36679,2023-01-17,Success
3368,1596,8485,2023-01-22,Success
26379,2368,20341,2022-06-27,Success
27872,316,4572,2022-06-25,Rejected by the driver
8915,2384,17320,2022-03-24,Success
7588,84,762,2022-09-05,Success
10614,1726,11276,2022-05-01,Success
12199,987,2397,2023-03-07,Cancelled by the passenger
10527,1937,37192,2022-11-09,Success
8385,1424,14982,2023-03-05,Success
42322,495,19967,2023-03-04,Success
12962,1410,16713,2022-10-11,Success
47973,1047,38067,2022-11-05,Success
17708,2759,10784,2023-03-26,Success
56595,2534,38141,2022-09-16,Rejected by the driver
54722,454,2742,2023-03-22,Success
43640,887,1856,2022-04-07,Success
5245,2864,4951,2022-10-05,Success
29821,517,11255,2022-12-25,Success
25155,2499,15117,2022-03-24,Success
29511,1555,31353,2022-06-20,Rejected by the driver
37194,2369,22809,2022-03-22,Success
47992,1008,9038,2023-03-17,Success
7953,450,7192,2022-09-26,Success
55895,2788,30898,2022-07-11,Success
2524,1942,38841,2022-04-23,Success
47444,2513,2933,2022-06-21,Success
3733,798,17482,2023-02-25,Success
2546,857,3371,2022-12-01,Success
32414,2262,33907,2022-05-11,Success
10665,1382,35255,2022-11-13,Rejected by the driver
20400,288,29328,2022-10-09,Success
41250,292,10361,2022-03-30,Rejected by the driver
20270,224,27715,2022-06-07,Success
19224,2497,13218,2023-03-23,Success
50837,724,13147,2022-05-18,Rejected by the driver
36091,1767,32387,2022-04-09,Success
58693,2327,5166,2022-06-04,Success
53787,2181,31328,2023-01-15,Success
1364,1172,16099,2022-06-14,Success
51742,142,3692,2022-12-18,Success
12214,1920,5577,2022-07-16,Success
53184,1490,2698,2022-12-03,Success
43628,1707,20734,2022-12-20,Cancelled by the passenger
20619,2528,16498,2022-08-21,Success
2446,1053,28103,2022-08-24,Success
49560,2244,30795,2022-10-26,Success
43993,1210,26091,2022-10-24,Success
37484,1528,37964,2022-06-09,Cancelled by the passenger
56551,540,17543,2022-04-26,Success
49227,2537,16979,2023-03-10,Success
44229,2364,1836,2022-09-17,Rejected by the driver
10898,962,34847,2022-11-13,Success
15130,140,24784,2022-11-24,Success
22860,127,27663,2022-08-01,Success
33009,1645,31783,2023-02-13,Cancelled by the passenger
28981,1724,27375,2022-07-01,Rejected by the driver
52052,2165,27296,2023-02-27,Success
7234,623,33328,2022-08-03,Success
8244,1121,19568,2022-03-26,Success
30249,640,18038,2022-09-16,Success
31388,905,29772,2023-01-20,Rejected by the driver
5024,871,27246,2022-03-22,Success
55037,1459,24079,2022-07-17,Success
39176,1213,12460,2022-07-08,Success
57264,511,25362,2022-03-24,Cancelled by the passenger
13752,1127,9983,2022-12-26,Success
16470,1814,39823,2023-02-19,Success
27817,2476,13688,2022-08-05,Cancelled by the passenger
41934,1679,31169,2022-11-14,Success
15533,1485,39986,2023-03-25,Rejected by the driver
31,2905,12668,2023-04-02,Success
21026,426,11532,2022-07-21,Rejected by the driver
40102,293,21375,2022-11-21,Cancelled by the passenger
25571,1837,22129,2023-03-04,Success
26041,1208,18812,2022-03-29,Success
38619,1427,4915,2023-03-30,Success
18483,2413,29370,2023-02-13,Rejected by the driver
9528,397,9319,2023-03-03,Success
50441,905,7702,2022-12-02,Rejected by the driver
26758,2376,35082,2023-01-13,Rejected by the driver
9178,1692,1169,2022-07-02,Cancelled by the passenger
45562,1322,343,2022-03-25,Success
4753,917,32996,2022-08-24,Success
40035,1627,18281,2022-11-28,Success
41888,240,24642,2022-03-24,Success
30581,2348,1183,2022-04-04,Success
45799,1436,37790,2023-04-07,Success
26716,93,31124,2023-04-02,Success
93,1162,7752,2022-04-09,Success
26903,1382,29436,2022-09-10,Rejected by the driver
48046,2506,26426,2022-11-14,Success
42883,185,26657,2023-03-04,Success
48423,212,36821,2023-01-06,Success
35181,2645,23337,2022-11-10,Success
49775,896,20186,2023-01-28,Cancelled by the passenger
29248,2265,35507,2023-02-16,Success
50806,935,10888,2022-06-10,Success
44033,1829,4779,2023-02-27,Success
19357,739,11511,2023-03-13,Success
3198,2132,36274,2023-02-23,Success
15137,2004,29233,2022-03-31,Success
34636,2829,36584,2022-11-29,Success
55041,192,25803,2022-11-22,Success
9409,2407,32144,2022-05-15,Success
49127,177,5631,2023-02-06,Success
27421,822,27776,2022-11-08,Success
49343,2628,5564,2023-02-15,Success
17132,2349,11233,2022-12-11,Success
57070,589,31376,2022-10-21,Rejected by the driver
40264,2320,6514,2023-02-08,Success
28358,41,4973,2022-09-09,Success
54915,404,34267,2022-08-20,Rejected by the driver
50883,186,2936,2022-04-11,Success
54548,2174,12489,2022-05-23,Success
49151,1704,19567,2023-03-01,Success
46993,1891,36486,2022-06-09,Success
49023,2558,28788,2022-11-30,Success
39951,112,29833,2022-09-15,Success
25122,1638,9525,2022-10-10,Cancelled by the passenger
59585,1011,2628,2022-11-30,Success
36759,2832,27237,2022-11-21,Success
2879,162,6293,2022-04-21,Success
6033,637,13496,2023-04-03,Rejected by the driver
5694,2053,10260,2023-03-22,Success
8855,1535,8119,2022-08-06,Rejected by the driver
38964,795,25695,2022-06-14,Success
29838,531,22600,2023-03-16,Success
52339,939,37186,2022-04-24,Success
2487,2515,25172,2022-08-04,Rejected by the driver
39284,1268,13074,2022-05-02,Success
26140,2844,2473,2022-05-05,Cancelled by the passenger
12394,1354,9159,2023-03-08,Success
45109,691,39410,2022-09-04,Success
27722,2915,35996,2022-08-07,Success
15032,2863,9517,2022-08-01,Success
13026,484,23544,2022-06-17,Success
39497,849,6503,2023-01-18,Rejected by the driver
40071,1542,21637,2022-05-06,Success
21179,452,6787,2022-12-03,Success
51898,1101,9683,2022-05-04,Success
20024,1926,29214,2022-04-09,Rejected by the driver
12701,1030,33703,2022-05-29,Rejected by the driver
26517,735,11550,2023-02-09,Success
53212,1842,23019,2022-12-23,Success
7223,1029,9620,2022-11-15,Success
14755,2302,16505,2022-03-23,Success
3208,1078,15315,2022-11-22,Cancelled by the passenger
8720,975,23018,2022-10-03,Success
25263,1938,3397,2022-03-14,Success
21047,1071,5875,2022-09-08,Success
58694,1423,27940,2023-02-06,Success
47772,2344,18636,2022-03-24,Success
4287,1046,23184,2022-07-13,Success
26342,983,2817,2023-04-02,Success
30564,2364,7039,2022-05-05,Success
53577,2983,1551,2022-07-04,Cancelled by the passenger
45793,2576,37938,2022-11-25,Success
6126,2736,29295,2022-12-28,Success
39018,2484,36064,2023-01-21,Success
49355,2510,35530,2023-04-15,Rejected by the driver
36264,1451,638,2022-06-17,Success
16708,908,14128,2023-01-06,Success
43390,2857,3786,2023-02-22,Success
7112,636,13983,2022-08-07,Success
26474,2083,12357,2023-01-20,Success
31920,1957,9661,2023-02-02,Success
33114,1883,25943,2022-04-09,Success
54243,2656,25457,2022-11-28,Rejected by the driver
45616,405,21302,2022-03-17,Success
37952,2920,37585,2022-12-14,Success
38289,2122,17208,2022-05-25,Success
12316,2899,1334,2022-12-16,Success
2453,2250,1919,2022-11-27,Success
37214,1248,22564,2023-03-29,Rejected by the driver
25417,2310,19992,2023-02-18,Success
45050,812,8858,2022-07-25,Cancelled by the passenger
32218,819,1239,2022-10-01,Success
45903,2550,17936,2023-02-07,Success
19026,526,18683,2023-02-23,Success
35530,2799,4253,2022-03-18,Rejected by the driver
10522,534,4907,2022-10-25,Success
51307,1604,10857,2022-11-26,Success
39814,2695,5418,2022-03-30,Cancelled by the passenger
56371,2403,39912,2022-10-23,Success
17862,809,37054,2022-05-30,Success
33640,1392,11377,2022-07-06,Success
22252,1043,19462,2022-07-11,Success
11404,2479,20049,2022-05-20,Success
7820,1804,36121,2022-11-06,Cancelled by the passenger
52577,593,5344,2023-03-06,Success
20028,1728,18404,2022-06-24,Success
58424,2147,171,2022-10-02,Success
31912,762,14437,2022-04-24,Success
35042,1558,10892,2022-07-31,Cancelled by the passenger
41321,1482,12003,2022-08-08,Success
24359,1104,39714,2022-10-02,Success
32102,1165,25284,2022-03-28,Success
36417,1179,23149,2022-11-18,Success
9147,2322,15128,2023-02-19,Rejected by the driver
43559,1580,5329,2022-03-21,Rejected by the driver
52038,1643,26457,2022-12-29,Success
30671,1595,26508,2022-09-15,Success
31286,1237,18995,2022-08-19,Success
1851,169,23020,2023-02-22,Rejected by the driver
30683,2471,18109,2022-04-06,Cancelled by the passenger
3438,2153,329,2022-08-29,Success
35896,1161,16168,2022-12-27,Success
17722,2254,35674,2023-02-14,Success
40451,2054,10879,2023-01-22,Success
25783,2522,9605,2022-04-30,Success
15348,1504,11831,2022-12-30,Rejected by the driver
48505,1528,29863,2023-01-11,Success
40820,2706,3111,2023-03-09,Success
54135,730,25175,2023-01-25,Rejected by the driver
40350,2956,30381,2023-01-02,Success
59346,898,22176,2022-05-09,Rejected by the driver
32311,889,5768,2022-06-01,Success
17922,1131,28737,2022-12-24,Success
29545,2134,30210,2022-10-21,Success
23111,1913,32669,2023-03-25,Cancelled by the passenger
9192,1851,21443,2023-04-02,Cancelled by the passenger
12049,2574,12486,2022-04-08,Success
20016,1835,24403,2023-04-06,Rejected by the driver
33461,884,3623,2022-07-12,Success
37096,857,10650,2023-03-05,Rejected by the driver
31426,1239,18692,2023-04-15,Rejected by the driver
44731,2347,34229,2022-11-08,Cancelled by the passenger
36332,371,34278,2022-04-29,Rejected by the driver
13661,1389,13945,2022-09-20,Success
14800,1113,27581,2023-04-11,Success
1762,1410,3949,2022-08-24,Success
58434,334,27609,2023-01-01,Success
6492,125,33585,2022-09-23,Success
29255,2677,3896,2023-01-27,Success
5758,2357,21472,2023-01-09,Rejected by the driver
45690,738,28394,2023-03-02,Success
51012,1686,834,2022-07-23,Rejected by the driver
57289,771,21443,2022-06-20,Cancelled by the passenger
29095,1680,12209,2022-08-04,Rejected by the driver
34702,2518,36815,2023-04-15,Rejected by the driver
39984,1787,23535,2022-08-13,Rejected by the driver
40444,1749,13527,2023-01-10,Success
57100,392,35279,2022-03-28,Success
20203,570,15948,2022-10-16,Cancelled by the passenger
57185,1033,30863,2022-08-10,Success
897,91,3390,2023-02-11,Success
32780,677,19412,2022-09-28,Success
9694,243,30457,2022-11-28,Rejected by the driver
56868,399,14040,2022-11-06,Success
8770,1216,11957,2022-03-23,Success
43774,569,9242,2023-03-17,Success
49819,1182,14110,2023-01-07,Success
6446,1571,35405,2022-07-09,Success
49953,1542,26019,2022-10-15,Success
2594,2463,39931,2023-03-30,Success
38142,2277,11193,2022-10-15,Rejected by the driver
12604,1966,25799,2022-05-06,Rejected by the driver
21711,1527,6551,2022-07-13,Success
22921,1195,27483,2022-05-08,Success
36057,2301,29721,2022-06-26,Success
47890,2763,4951,2022-12-27,Success
54397,2790,28988,2022-10-27,Success
16383,2147,12943,2023-02-18,Success
152,1589,16854,2023-03-04,Success
12219,1016,2219,2022-10-29,Success
3195,19,31205,2022-06-18,Success
8485,1464,11957,2022-11-22,Cancelled by the passenger
16226,2999,5031,2023-03-20,Success
13062,2726,25443,2022-12-01,Success
705,25,1539,2022-12-27,Success
18849,1280,9633,2023-01-22,Success
16504,441,4599,2022-10-14,Success
48279,1237,18850,2022-11-03,Cancelled by the passenger
44575,1977,3000,2022-06-08,Success
42605,871,16826,2022-09-16,Success
20554,785,36818,2022-07-03,Success
45397,1302,29876,2022-09-16,Success
10727,1325,21400,2023-03-12,Rejected by the driver
43685,589,14914,2022-09-15,Success
46818,856,3907,2023-02-28,Success
18985,663,25452,2022-06-27,Success
27190,1198,9794,2023-02-14,Success
2484,2334,24524,2022-12-04,Rejected by the driver
7727,2200,4729,2022-05-19,Success
8147,49,4823,2022-11-28,Cancelled by the passenger
200,1899,17953,2022-06-28,Success
52151,1886,32021,2022-06-01,Success
48762,181,24478,2022-06-02,Success
40256,1629,26669,2022-10-14,Rejected by the driver
42185,2511,21841,2022-06-01,Cancelled by the passenger
59380,584,16984,2022-08-20,Rejected by the driver
58416,2726,5026,2023-02-18,Success
6478,393,11437,2022-05-31,Success
24013,1682,26201,2022-11-25,Success
48513,1985,33975,2023-02-22,Success
26749,2424,19686,2022-11-18,Success
39755,1645,8261,2022-10-22,Success
57860,1511,6547,2022-09-21,Success
47836,1980,33249,2022-06-13,Success
27008,117,16641,2022-08-06,Success
3723,1677,30086,2022-07-19,Success
30096,1071,10087,2022-08-25,Rejected by the driver
29569,64,12235,2023-02-13,Success
34843,2229,19987,2022-08-22,Success
34199,96,13272,2022-06-07,Success
26948,1365,29167,2022-06-28,Success
7199,2343,29046,2022-10-24,Success
19971,1985,32849,2022-10-15,Cancelled by the passenger
10775,681,20391,2022-10-04,Success
6183,1041,30163,2022-05-18,Rejected by the driver
2633,2184,19870,2023-03-26,Cancelled by the passenger
28877,2398,30078,2022-08-06,Success
27633,1432,36009,2022-09-02,Success
35163,788,35123,2022-04-05,Success
57456,909,16400,2023-03-08,Rejected by the driver
34200,862,274,2023-03-11,Success
47198,112,12796,2022-04-21,Success
57056,899,1509,2022-07-02,Success
50198,388,34744,2022-09-23,Success
12197,2547,10783,2022-04-21,Success
52485,2601,16006,2022-07-31,Success
32828,1744,39122,2022-05-30,Success
49279,599,28113,2023-01-07,Success
22932,457,21960,2022-05-28,Success
14353,2531,27804,2023-04-12,Success
557,1046,1688,2022-03-30,Success
42950,448,3055,2022-09-28,Success
17775,2700,5558,2022-09-05,Success
9836,1893,8238,2023-01-17,Rejected by the driver
5947,945,11265,2023-04-15,Success
5925,2201,14433,2022-03-24,Cancelled by the passenger
29697,410,31221,2022-06-18,Success
8599,2822,11820,2022-11-19,Success
37129,720,8748,2022-10-01,Cancelled by the passenger
58395,893,22344,2023-01-16,Success
6956,2229,19386,2022-06-03,Success
34974,58,6024,2022-06-02,Success
50251,1617,23681,2022-10-01,Cancelled by the passenger
22694,1475,5215,2022-04-11,Success
52275,1720,32161,2022-08-07,Success
47666,1552,31080,2022-08-13,Rejected by the driver
20999,1462,13370,2022-06-20,Success
39673,584,26078,2022-05-08,Success
40899,2992,30833,2023-01-15,Success
56018,948,10200,2023-03-13,Success
43320,2629,19394,2023-03-13,Success
37242,2384,366,2022-11-05,Success
23009,2255,28798,2022-08-16,Success
37136,1102,26696,2022-10-07,Success
26211,181,10422,2023-02-20,Success
11479,1718,212,2022-08-16,Success
58862,1230,21399,2022-04-25,Success
21614,2883,25061,2022-06-06,Success
28416,1355,12196,2023-03-18,Success
39531,2744,39414,2022-10-25,Success
4346,1885,115,2022-06-01,Rejected by the driver
7228,2744,3913,2022-12-26,Rejected by the driver
40754,1239,23705,2023-02-18,Success
8379,2220,32182,2022-04-23,Success
32801,951,30769,2022-11-10,Rejected by the driver
13111,1063,20409,2023-01-10,Success
4311,1749,7382,2022-11-25,Success
32330,816,39342,2023-03-14,Cancelled by the passenger
13771,681,7262,2022-12-22,Success
282,742,12007,2022-11-13,Success
18939,512,21549,2022-05-19,Rejected by the driver
36265,2626,20239,2022-09-15,Cancelled by the passenger
50478,2794,16059,2022-03-26,Success
32400,1245,36939,2022-06-19,Success
45218,1801,13710,2023-01-22,Success
25581,1629,5465,2023-03-09,Success
26691,172,35785,2023-03-27,Success
50871,94,26131,2022-11-10,Success
53448,1438,31913,2022-11-25,Success
11241,1282,9084,2022-12-29,Success
13900,1215,14441,2022-06-26,Rejected by the driver
37110,1414,4290,2023-02-17,Success
35401,35,1090,2022-09-24,Cancelled by the passenger
47703,1377,31159,2022-05-14,Cancelled by the passenger
355,279,30847,2022-08-24,Success
29448,2323,29716,2022-11-04,Success
7034,990,7191,2023-01-15,Success
19221,2930,22576,2023-04-10,Success
43377,1892,24683,2022-12-12,Success
49913,1252,138,2022-10-07,Success
52333,1316,3630,2022-04-17,Success
50199,1487,15001,2023-02-19,Rejected by the driver
4644,1030,14575,2023-03-09,Success
3028,370,32506,2022-04-03,Success
49006,1630,23511,2022-07-03,Success
19185,1443,5996,2023-03-05,Success
11913,148,38529,2022-11-03,Rejected by the driver
16944,2772,37545,2022-07-09,Success
29999,859,22429,2022-12-27,Success
20383,255,36363,2022-08-30,Success
38693,2180,36352,2022-08-05,Success
23359,1999,12835,2023-02-03,Rejected by the driver
23795,966,35067,2022-06-25,Success
11291,2839,11376,2022-08-12,Rejected by the driver
41410,685,36830,2022-03-31,Rejected by the driver
44817,1102,38996,2022-07-20,Success
46790,1826,27225,2022-06-16,Rejected by the driver
6836,2709,22018,2022-10-23,Success
12271,556,35416,2022-04-10,Cancelled by the passenger
17254,2895,16421,2023-02-15,Success
15940,662,15305,2022-06-27,Cancelled by the passenger
37243,1102,15268,2022-03-31,Cancelled by the passenger
57086,649,330,2022-11-05,Cancelled by the passenger
50784,2254,10006,2022-09-08,Success
36828,1333,15271,2022-05-09,Rejected by the driver
20783,1298,13018,2023-02-17,Success
40204,2934,7934,2022-03-16,Success
49371,491,30569,2022-09-06,Cancelled by the passenger
40136,952,12386,2022-06-29,Success
17046,1286,12877,2022-08-17,Rejected by the driver
25196,2887,18757,2022-04-26,Success
11563,2576,8607,2022-04-23,Success
24003,1857,33562,2022-10-27,Success
18783,460,35199,2023-02-25,Success
33982,2087,39297,2023-03-19,Rejected by the driver
10598,1261,21697,2022-05-19,Success
37462,2654,8418,2022-06-14,Cancelled by the passenger
34698,256,2921,2022-05-11,Success
39508,1734,18325,2022-09-21,Rejected by the driver
2170,2542,16246,2023-03-30,Success
33241,2789,20942,2022-08-24,Success
38519,1860,14485,2022-08-15,Success
42392,1567,35876,2022-11-25,Rejected by the driver
13091,1916,36802,2022-10-09,Success
44631,2302,21337,2022-09-09,Success
18758,2638,12034,2022-11-11,Rejected by the driver
46692,68,18613,2022-10-25,Success
27562,1535,1814,2022-03-13,Rejected by the driver
11817,2547,32042,2022-12-16,Success
50040,173,887,2023-02-17,Success
29930,554,23856,2023-01-11,Success
36178,363,4818,2022-04-27,Success
38908,2222,3631,2022-08-06,Success
43371,945,19676,2022-08-13,Success
9678,2428,5533,2022-11-15,Rejected by the driver
51197,2823,22462,2023-01-18,Success
18767,134,35872,2022-12-24,Rejected by the driver
34660,2116,3079,2022-03-23,Success
27502,2193,31256,2022-12-24,Success
59327,1502,28827,2022-11-24,Success
43852,782,39559,2022-03-15,Cancelled by the passenger
12320,1404,10387,2022-09-18,Success
44694,521,3236,2022-08-28,Rejected by the driver
59015,62,21571,2022-05-29,Success
5741,2386,30787,2022-10-11,Success
43757,826,21274,2023-01-11,Success
42997,2885,2037,2023-01-29,Success
41022,284,33304,2022-08-18,Rejected by the driver
42098,1851,23943,2022-06-13,Cancelled by the passenger
35194,1555,12421,2022-12-28,Success
55622,1697,36808,2023-03-03,Success
3492,1422,8155,2022-10-08,Success
8956,2658,2646,2022-10-27,Success
4544,202,39920,2022-03-25,Success
44446,1074,26522,2022-05-29,Success
2908,2893,9624,2022-09-18,Rejected by the driver
17912,630,33967,2023-03-15,Rejected by the driver
5702,2548,3514,2022-08-15,Success
58223,1987,18075,2022-10-29,Rejected by the driver
32661,2446,32519,2022-10-22,Success
2603,511,38333,2022-10-06,Success
5973,510,11499,2022-04-09,Success
14476,2851,31446,2022-03-17,Rejected by the driver
18971,825,25631,2022-10-24,Rejected by the driver
36207,1392,31334,2023-04-11,Success
24557,1832,17576,2023-03-06,Success
13029,162,27100,2022-11-30,Cancelled by the passenger
8627,2350,37643,2022-03-26,Success
2079,1402,9460,2022-10-25,Success
19176,1572,11085,2022-10-31,Success
3972,883,35397,2022-07-28,Success
3335,168,25705,2022-10-20,Success
50352,1279,33565,2022-06-13,Rejected by the driver
38513,642,28106,2022-03-12,Success
39408,1385,6558,2022-06-16,Success
11941,1520,22878,2023-01-27,Cancelled by the passenger
17282,1269,35313,2022-08-15,Success
18376,2973,18037,2023-03-29,Cancelled by the passenger
2094,2738,38691,2022-10-26,Success
19732,2366,15275,2022-10-24,Success
38218,1659,12091,2022-07-02,Success
44500,1269,36853,2022-06-21,Success
21123,347,29930,2022-05-09,Success
40091,800,39020,2022-08-14,Success
21757,1534,11295,2022-04-21,Rejected by the driver
58927,2884,23327,2022-07-03,Success
52838,1638,144,2022-06-14,Rejected by the driver
9831,1037,4969,2022-09-13,Success
8662,2048,36750,2022-07-11,Success
46801,2305,4407,2022-04-01,Success
59453,816,34715,2022-04-19,Success
16521,871,31447,2022-09-04,Success
1522,2225,18085,2023-04-04,Success
38996,1891,22796,2022-09-02,Success
41324,2633,11562,2023-02-07,Success
20189,906,2396,2022-08-28,Success
54227,25,33536,2022-12-20,Success
55240,96,30708,2022-06-08,Success
31232,1874,36512,2022-04-30,Rejected by the driver
34182,696,32129,2022-10-07,Success
21970,1055,548,2022-10-27,Success
56199,1431,30503,2022-04-27,Rejected by the driver
25173,1026,30704,2022-05-13,Success
11757,909,28846,2022-04-13,Success
21542,2160,27339,2023-04-08,Success
39190,457,14440,2022-08-24,Success
25150,1555,12963,2022-12-04,Rejected by the driver
35513,327,38533,2022-06-16,Success
36014,1647,15487,2023-02-07,Success
36941,729,23511,2022-09-19,Rejected by the driver
10171,2718,39971,2022-07-03,Cancelled by the passenger
33184,397,21395,2022-12-15,Success
32943,1254,30118,2022-11-30,Success
25659,78,38561,2022-12-27,Success
19484,2589,17058,2022-04-13,Success
41765,1264,23536,2022-09-23,Success
29564,1141,30416,2023-03-19,Success
17654,1035,28888,2022-12-25,Success
20652,248,21337,2022-09-29,Success
56642,2173,3291,2022-06-13,Rejected by the driver
41902,401,686,2022-10-27,Success
11812,1170,19036,2022-05-30,Rejected by the driver
56821,1475,26738,2022-09-27,Success
48908,2879,38254,2023-01-29,Success
56292,2588,38421,2022-07-04,Rejected by the driver
1538,1272,35576,2022-04-23,Cancelled by the passenger
1347,1392,9504,2022-10-28,Rejected by the driver
3080,138,33466,2023-02-21,Success
17213,2630,27703,2022-08-12,Success
38546,561,27425,2022-09-09,Success
20677,1750,26465,2022-03-24,Rejected by the driver
20821,1673,21586,2022-09-24,Success
49022,922,29746,2022-09-19,Success
9690,2740,36995,2022-09-05,Cancelled by the passenger
13904,2678,10389,2022-03-27,Success
12547,2011,18683,2022-05-29,Success
51769,1395,7531,2022-06-13,Success
42952,1676,27764,2022-04-12,Success
44152,2430,3831,2022-09-17,Rejected by the driver
54265,1950,21121,2023-04-07,Rejected by the driver
8902,1270,29846,2022-04-03,Success
10021,2065,10848,2022-04-01,Success
23282,304,11024,2023-01-31,Success
13595,831,6883,2023-01-08,Success
35288,504,24653,2022-09-24,Cancelled by the passenger
31781,880,2172,2022-06-14,Success
58559,7,32744,2022-12-24,Success
7831,1116,20934,2023-02-25,Rejected by the driver
38924,1333,36876,2023-04-06,Success
3952,2145,5208,2023-02-17,Success
2782,317,12585,2022-06-12,Cancelled by the passenger
29418,1800,38719,2022-06-17,Success
14023,1621,21908,2022-05-10,Cancelled by the passenger
59039,1654,3034,2022-12-05,Cancelled by the passenger
52006,2410,36280,2023-04-11,Cancelled by the passenger
23253,280,30022,2022-10-26,Success
1619,768,25367,2022-03-22,Success
24772,240,21351,2022-07-06,Success
7916,2864,21622,2023-02-22,Success
17933,874,36601,2022-08-23,Success
7182,2628,13254,2022-10-09,Success
8676,1118,29824,2022-12-12,Rejected by the driver
41368,852,6924,2022-11-01,Success
15472,295,23963,2022-09-05,Success
57706,1567,16226,2022-12-08,Cancelled by the passenger
22972,316,10974,2022-06-02,Rejected by the driver
59233,2002,25073,2022-12-03,Cancelled by the passenger
16941,1382,31553,2022-04-04,Success
9110,1509,39597,2022-03-24,Cancelled by the passenger
41468,2825,37997,2022-11-25,Success
29138,1283,7540,2022-10-18,Success
51731,775,17194,2023-01-03,Success
3590,495,39687,2023-03-18,Success
46232,1259,15974,2022-05-13,Rejected by the driver
57329,904,11738,2022-11-06,Success
46958,1617,13799,2022-03-25,Success
36812,2468,2472,2022-07-11,Success
43235,1115,39528,2022-08-09,Rejected by the driver
42856,2377,23710,2022-08-15,Success
22760,1346,29641,2023-03-06,Success
12998,1560,39793,2022-11-18,Success
17441,56,33648,2023-01-08,Success
57330,1545,33347,2022-08-02,Success
36495,2972,2399,2022-10-12,Rejected by the driver
11429,1758,29398,2023-01-17,Success
12764,1449,20553,2022-10-10,Success
59215,2398,36571,2022-11-16,Success
30028,587,29315,2022-09-07,Success
46197,2284,10624,2022-09-03,Success
8390,538,3880,2023-03-19,Success
33719,146,34298,2022-11-26,Success
39796,296,6031,2022-08-16,Success
47174,959,39194,2022-07-12,Success
59333,1950,11925,2023-03-17,Success
36033,2923,9241,2022-12-05,Success
58827,862,35081,2022-08-28,Success
34504,1560,10687,2023-04-07,Success
35545,410,34250,2022-09-25,Success
19283,2026,1624,2023-02-15,Cancelled by the passenger
4712,1292,32628,2023-01-19,Rejected by the driver
12534,2599,28645,2023-04-07,Success
34747,2370,24610,2022-12-14,Success
56259,869,16938,2022-09-02,Success
8955,2233,27299,2023-03-07,Success
26299,1982,16888,2022-04-02,Success
53507,504,9011,2022-07-23,Success
11871,867,33898,2022-05-26,Rejected by the driver
11649,235,37789,2022-07-29,Rejected by the driver
59864,524,7793,2023-02-17,Success
55496,2200,31560,2022-05-25,Success
51278,637,36066,2022-07-24,Success
34320,1811,35611,2023-01-12,Success
46474,480,22282,2023-04-09,Rejected by the driver
56312,281,6090,2022-06-16,Success
54188,2790,37122,2022-10-29,Success
2997,2339,24455,2022-05-10,Success
55723,2655,23531,2022-12-25,Rejected by the driver
13573,2083,9952,2023-03-02,Cancelled by the passenger
24307,2895,11456,2023-04-02,Success
26131,2197,16492,2022-08-07,Success
25597,223,34849,2023-03-20,Rejected by the driver
18277,1302,35581,2022-12-06,Success
41332,1598,37104,2023-01-23,Success
17968,679,19273,2022-06-21,Rejected by the driver
38625,192,22829,2022-11-22,Cancelled by the passenger
43459,752,11012,2022-05-06,Rejected by the driver
16485,1332,1189,2022-09-01,Success
12324,1592,11683,2023-02-06,Success
24884,2895,17105,2022-05-30,Success
49843,720,38002,2022-06-21,Success
112,1285,25909,2023-01-03,Rejected by the driver
59495,182,17854,2022-09-22,Success
5332,894,38216,2022-10-28,Success
30758,2367,38509,2022-05-27,Success
22074,2723,7906,2022-08-16,Success
36411,1262,19125,2022-10-12,Success
42027,1647,6783,2022-12-03,Success
20622,2891,32916,2023-02-06,Success
18058,1171,16796,2022-06-25,Cancelled by the passenger
38812,2516,11109,2023-03-11,Success
12508,1370,22728,2022-04-08,Success
44415,1243,19088,2022-09-26,Success
37766,637,5292,2022-06-19,Success
9360,2691,16310,2023-03-17,Success
55290,499,33509,2023-03-16,Success
37872,578,23613,2022-10-19,Success
31342,283,4857,2022-03-14,Success
21607,701,1,2023-01-03,Success
22001,577,34733,2022-12-14,Cancelled by the passenger
29716,1397,5667,2023-01-19,Success
3638,620,24080,2022-09-28,Success
2540,992,30130,2022-05-28,Success
41724,591,16956,2023-03-26,Success
43543,2609,13524,2022-07-25,Success
31006,2136,21899,2022-09-01,Rejected by the driver
1229,2303,1608,2022-08-14,Success
50804,1400,2406,2022-06-16,Cancelled by the passenger
18567,2787,11580,2022-07-13,Rejected by the driver
34690,2987,11708,2022-04-20,Success
52334,2466,271,2022-09-05,Success
52489,2134,22588,2022-04-03,Success
20959,154,25770,2022-06-25,Success
5555,724,22339,2023-01-27,Rejected by the driver
53497,805,17842,2022-04-16,Success
24504,2990,6176,2023-02-04,Success
49169,2015,27706,2023-04-06,Rejected by the driver
36436,684,31000,2023-02-23,Success
52616,2271,3694,2022-06-02,Success
45505,1491,19395,2022-04-28,Success
11203,761,19596,2022-06-02,Rejected by the driver
46601,2478,38445,2023-01-15,Cancelled by the passenger
2722,2277,21167,2022-04-05,Success
45114,1438,32740,2023-03-30,Success
1124,2113,26908,2022-11-11,Success
46259,588,34452,2022-07-01,Success
11785,845,10989,2023-03-03,Success
49181,1978,34318,2023-03-25,Success
51454,189,14720,2022-07-19,Rejected by the driver
29740,569,8410,2023-01-02,Success
27797,2068,30372,2022-06-15,Rejected by the driver
17960,922,33764,2022-10-11,Cancelled by the passenger
13542,646,17199,2022-09-15,Success
50088,1106,12820,2022-08-20,Rejected by the driver
38739,1852,1148,2022-04-12,Success
48370,448,38060,2022-12-12,Success
36499,91,32144,2022-08-19,Success
9319,2157,250,2022-08-20,Success
48567,1340,10504,2023-04-03,Success
2531,1057,33916,2023-04-09,Success
57110,743,37949,2023-02-23,Success
53358,2432,30728,2022-11-09,Success
10876,1871,6633,2023-01-15,Success
9751,1611,2420,2022-09-24,Success
50908,113,9440,2022-03-17,Success
24040,2102,12771,2022-05-17,Success
59764,2497,26957,2023-01-13,Success
51085,2860,23638,2022-04-24,Success
53099,1148,34988,2023-04-09,Success
53707,928,12034,2022-09-04,Success
44876,608,18958,2022-11-27,Success
43420,286,24898,2023-01-19,Success
30864,1102,13310,2022-08-06,Rejected by the driver
48633,2877,19523,2023-02-04,Success
46234,1495,19867,2023-03-18,Success
52574,1077,12069,2023-04-06,Success
58493,1587,25776,2022-10-14,Success
38900,1893,33153,2022-07-09,Rejected by the driver
56094,1630,34754,2022-11-09,Success
18614,2809,23537,2022-06-12,Success
47035,41,29853,2022-12-09,Success
47699,2747,10346,2022-11-22,Cancelled by the passenger
13372,1426,7005,2022-04-21,Success
56474,1922,10145,2023-02-17,Success
29643,1932,22693,2023-04-15,Success
14984,2982,25070,2022-03-28,Success
59914,1979,36229,2022-09-20,Success
36608,2995,9680,2023-01-13,Success
1405,1005,22019,2022-06-06,Rejected by the driver
50017,8,30037,2022-09-21,Cancelled by the passenger
19794,2976,16503,2023-02-24,Success
10938,2579,25998,2023-03-27,Success
10810,2674,27212,2022-04-04,Success
9190,1213,2686,2022-03-12,Cancelled by the passenger
3579,602,10181,2022-12-02,Rejected by the driver
20978,1571,22053,2022-07-11,Success
53755,2008,33731,2023-04-15,Rejected by the driver
1105,284,39946,2022-04-27,Success
32342,2552,11573,2022-12-26,Success
5066,1462,30671,2022-09-24,Success
36705,1080,21011,2022-07-23,Success
10246,391,12034,2022-08-12,Success
29247,89,16986,2022-07-12,Success
25834,289,1000,2022-12-23,Success
35494,741,39116,2022-12-31,Rejected by the driver
21072,1687,7018,2022-11-25,Success
3717,832,19424,2022-06-07,Cancelled by the passenger
41709,2469,2290,2022-07-08,Success
16851,2334,6717,2022-11-20,Success
4204,1943,21758,2022-12-23,Success
52779,1190,20563,2022-12-11,Success
14559,202,2341,2023-03-31,Cancelled by the passenger
45255,663,28047,2022-08-12,Success
30182,341,34556,2022-07-04,Success
12880,1472,12153,2022-03-12,Success
35255,2056,11503,2022-10-15,Success
179,230,31247,2022-07-02,Success
8974,1286,24062,2023-03-15,Success
53166,2173,31400,2023-02-04,Success
50795,1519,15407,2023-03-18,Success
29788,1583,12230,2022-07-09,Cancelled by the passenger
13871,1045,39301,2022-08-28,Success
17006,1173,16789,2022-08-05,Success
18495,717,25381,2022-04-30,Success
12968,368,4747,2022-06-11,Rejected by the driver
15190,917,14176,2022-10-02,Success
36686,2303,8612,2023-03-05,Rejected by the driver
30379,125,20474,2022-08-18,Success
44890,2855,39442,2022-08-14,Success
39479,921,8812,2023-03-08,Success
43887,254,21181,2022-12-01,Success
751,500,34021,2023-01-25,Success
49338,2932,4992,2022-04-20,Success
38783,2190,36221,2022-06-27,Success
24035,2132,30505,2022-08-06,Success
31257,1876,6140,2023-04-02,Success
46445,621,5991,2022-10-01,Success
22411,187,30736,2022-05-12,Cancelled by the passenger
37811,641,30199,2022-07-27,Success
41325,385,9903,2022-03-17,Cancelled by the passenger
52491,2133,6432,2022-09-02,Rejected by the driver
47443,953,1321,2022-09-11,Success
32574,2719,15166,2022-07-03,Success
37248,2044,24516,2022-06-17,Success
2954,2515,35856,2022-12-17,Success
48412,2250,1466,2022-10-08,Success
8858,2756,30532,2022-08-31,Success
39783,1987,19765,2023-02-19,Success
25925,1286,23986,2022-10-10,Cancelled by the passenger
34305,2906,18540,2022-09-09,Rejected by the driver
48005,640,30668,2022-08-30,Success
1908,2157,31095,2023-01-07,Success
40646,436,25900,2023-01-08,Success
35846,2964,6726,2022-08-06,Success
2815,239,33079,2023-02-27,Success
50092,107,4739,2022-11-09,Rejected by the driver
7161,2961,21439,2023-01-26,Success
28859,2149,15117,2023-04-13,Success
55910,2966,17718,2022-11-16,Success
8610,2452,2785,2022-04-24,Rejected by the driver
39179,2206,16442,2022-06-19,Success
13307,2680,21951,2023-01-09,Success
15662,2822,22143,2022-11-29,Success
57499,2175,3560,2023-04-06,Success
38548,986,36115,2022-06-19,Success
50071,1414,4052,2023-01-25,Success
21253,1659,28408,2022-09-26,Success
24737,2214,16027,2022-05-27,Success
2854,2484,12042,2022-05-13,Rejected by the driver
52433,2777,12932,2022-05-22,Cancelled by the passenger
49382,2030,13620,2022-06-16,Success
56466,2605,17659,2022-03-28,Cancelled by the passenger
25050,1322,4787,2022-09-24,Success
13259,2262,30818,2022-09-17,Success
20500,1189,28939,2022-08-29,Success
52487,1812,23315,2022-04-02,Success
27786,2877,35630,2022-08-12,Success
45567,1353,32894,2022-08-09,Success
29353,171,39540,2022-05-29,Success
57662,1357,5961,2022-08-16,Success
55885,2586,1624,2022-07-04,Success
13668,2836,27090,2022-10-02,Rejected by the driver
42056,339,1790,2022-10-23,Cancelled by the passenger
11517,1049,5096,2022-10-04,Success
45198,747,30596,2022-07-05,Success
36279,1937,29642,2022-06-11,Rejected by the driver
51038,269,21327,2022-09-23,Cancelled by the passenger
13690,260,32984,2022-07-15,Success
5612,1644,20675,2022-11-17,Success
35996,510,13794,2022-07-20,Success
38514,748,3294,2023-01-07,Success
44879,1481,9910,2022-10-05,Success
18110,211,36390,2023-03-26,Success
40254,2077,12724,2022-06-23,Success
30560,441,33120,2022-06-11,Success
19463,1104,7176,2022-08-01,Success
30561,2145,8673,2022-09-15,Cancelled by the passenger
41195,933,3572,2023-04-04,Success
13172,206,33037,2022-05-29,Success
32162,2128,1555,2022-08-07,Success
46162,1762,18516,2022-12-12,Success
39581,2681,12932,2022-11-18,Success
56154,789,38261,2022-06-18,Cancelled by the passenger
54228,1791,13168,2022-08-22,Success
22681,658,20933,2023-04-07,Success
25464,2869,34235,2022-10-18,Success
37410,35,32563,2022-10-29,Success
44788,1746,11654,2023-03-25,Success
43076,447,18303,2022-08-31,Success
6408,1069,20391,2022-10-26,Success
2743,852,21142,2022-07-03,Rejected by the driver
49103,941,33045,2022-08-13,Success
25649,2800,33674,2022-04-15,Success
21414,1797,27949,2022-09-20,Success
22027,2000,31075,2022-05-31,Success
27216,713,11090,2022-04-28,Rejected by the driver
52205,392,31963,2023-04-14,Rejected by the driver
26703,2938,33076,2022-05-03,Success
57776,2584,7126,2023-01-13,Success
56195,1702,10607,2022-04-05,Success
21120,2882,14394,2022-08-28,Success
17034,1109,32974,2022-06-16,Success
44353,178,31379,2023-02-28,Success
35082,1988,7641,2022-04-24,Rejected by the driver
51444,2269,2823,2022-06-15,Success
59523,1759,14292,2023-03-07,Success
30022,2718,28856,2022-06-15,Success
8392,1824,27447,2022-07-25,Success
18541,2529,32669,2022-04-12,Rejected by the driver
28954,425,24579,2023-03-02,Cancelled by the passenger
23431,1409,21222,2022-04-04,Rejected by the driver
29870,86,13996,2023-01-05,Success
1995,181,14326,2022-08-03,Success
8070,1718,25913,2023-01-29,Success
47674,9,12166,2022-08-29,Success
7850,1581,5087,2022-09-27,Success
35746,1652,10538,2022-07-11,Success
26587,386,34103,2022-11-11,Rejected by the driver
39326,819,4718,2023-02-10,Cancelled by the passenger
19470,2448,10104,2022-11-16,Rejected by the driver
22997,1597,13697,2022-08-10,Success
36741,1268,28302,2022-10-06,Success
41539,2496,16793,2022-05-31,Success
18254,185,1487,2022-08-31,Success
14914,266,7130,2022-05-20,Success
57455,1150,1141,2022-05-26,Success
56381,1707,32446,2022-12-11,Cancelled by the passenger
59888,2373,32983,2022-07-19,Success
22389,2926,29928,2023-04-13,Cancelled by the passenger
46231,1558,18077,2023-03-10,Success
51991,2089,10956,2022-08-17,Success
1342,2458,17848,2022-11-14,Success
37588,251,23575,2023-03-02,Success
15450,1459,34458,2023-04-11,Rejected by the driver
12620,2031,194,2022-03-24,Cancelled by the passenger
15703,1933,22415,2022-08-17,Rejected by the driver
11586,1561,1291,2022-10-17,Success
6710,2125,25293,2022-07-24,Rejected by the driver
37414,654,13693,2022-03-26,Success
52152,2677,23430,2022-05-09,Success
35749,1615,2572,2022-12-19,Success
25439,1881,22610,2022-11-01,Success
10180,1197,4404,2022-03-30,Success
45230,2948,5276,2022-12-21,Rejected by the driver
6143,2409,5321,2022-04-23,Success
1242,46,5060,2022-10-31,Cancelled by the passenger
21389,1960,23673,2022-07-08,Rejected by the driver
3186,2325,8912,2022-05-08,Success
57923,1052,12826,2022-10-07,Success
6476,817,12963,2022-10-28,Success
31237,1059,34904,2022-09-09,Success
30378,2260,3748,2022-08-31,Cancelled by the passenger
45374,18,17529,2022-11-12,Success
1189,557,27355,2023-02-28,Success
57497,1738,34910,2022-12-17,Success
22910,2799,5948,2022-04-08,Success
23790,1657,23069,2022-06-23,Cancelled by the passenger
58729,1740,39283,2022-10-22,Rejected by the driver
28692,1327,27416,2022-04-10,Success
17950,88,5420,2022-10-21,Success
52357,1275,39190,2022-06-04,Rejected by the driver
12560,2083,11221,2022-10-15,Success
9602,2363,7331,2022-04-13,Success
18269,568,10015,2022-04-14,Success
15960,2088,26265,2023-04-03,Success
11390,784,7662,2022-06-20,Success
24133,1102,26965,2022-04-30,Success
32363,1585,39726,2023-03-19,Success
11252,1303,31988,2023-02-24,Success
46442,447,7529,2022-10-09,Success
41811,389,14276,2022-04-08,Success
39694,1452,6145,2022-04-30,Success
9210,586,2699,2023-04-13,Success
48409,2779,22616,2022-10-31,Success
27670,2192,18147,2022-06-26,Rejected by the driver
2676,945,30426,2023-03-18,Rejected by the driver
30029,1120,26124,2022-08-25,Rejected by the driver
27948,2214,32751,2022-05-27,Success
12291,820,19423,2022-09-25,Success
27014,2821,21993,2023-03-18,Success
12348,812,11179,2022-06-07,Success
59243,2680,20317,2022-03-12,Success
14968,2853,29706,2022-03-14,Cancelled by the passenger
55140,2705,38404,2022-09-29,Success
7348,12,34465,2023-02-24,Success
39333,2430,32897,2022-08-15,Success
22761,767,39414,2022-11-14,Success
42942,473,14017,2022-11-06,Success
31755,47,14775,2023-02-02,Cancelled by the passenger
1733,1914,22142,2022-09-15,Success
57454,330,32860,2022-03-19,Success
50188,431,36378,2022-07-08,Rejected by the driver
53253,783,10523,2023-01-04,Success
6989,1361,7698,2022-10-19,Rejected by the driver
52378,2998,1314,2023-04-08,Success
49590,2008,3835,2022-12-05,Success
54640,419,10779,2023-03-19,Cancelled by the passenger
7240,150,19288,2023-02-10,Success
42148,2004,3542,2022-04-10,Cancelled by the passenger
31905,667,32971,2022-09-07,Cancelled by the passenger
49817,2319,1952,2022-11-03,Success
12730,2602,6484,2022-10-28,Cancelled by the passenger
3469,1810,37110,2022-03-14,Success
52115,828,16650,2023-04-06,Success
44551,1629,21625,2022-10-29,Success
4013,1555,24608,2022-12-04,Success
23090,1275,28155,2022-09-03,Success
36701,2313,38581,2022-04-28,Success
59388,889,38422,2022-06-20,Success
21724,1767,11811,2023-04-13,Success
31863,927,2745,2022-11-13,Success
1357,515,6782,2022-06-06,Rejected by the driver
32861,1871,12698,2022-10-28,Success
36968,1448,29923,2023-03-07,Rejected by the driver
38412,1649,31973,2023-03-25,Success
38414,1792,17953,2023-01-03,Success
27160,1606,35301,2022-03-29,Cancelled by the passenger
41414,319,5400,2022-04-25,Success
22684,1314,18445,2022-04-14,Cancelled by the passenger
2955,2729,21846,2023-03-02,Success
34782,773,29689,2023-02-17,Success
31456,2656,25710,2022-04-26,Cancelled by the passenger
28541,2692,14256,2022-11-11,Rejected by the driver
8029,2659,13204,2022-11-18,Success
18174,2347,38191,2023-04-10,Success
11542,1368,24397,2022-11-21,Success
1245,1027,5004,2023-04-03,Success
23683,2878,9465,2022-04-08,Success
34661,2105,32484,2022-04-22,Success
45113,1601,11788,2022-04-26,Cancelled by the passenger
55774,2302,15645,2022-04-19,Success
16926,930,17241,2023-01-20,Rejected by the driver
24268,65,30529,2023-03-09,Success
17631,1951,8817,2023-01-21,Success
30887,1528,29688,2022-08-19,Success
46359,331,16587,2022-11-09,Success
54783,2819,37721,2023-04-06,Success
54706,2910,13125,2022-11-06,Rejected by the driver
14278,864,25764,2023-01-10,Success
7796,29,12556,2023-01-20,Success
32961,2635,24041,2022-12-19,Rejected by the driver
19555,2394,38252,2022-07-16,Success
31200,2885,32877,2022-08-12,Rejected by the driver
49311,2049,17882,2022-08-14,Success
48098,1989,25092,2022-03-31,Success
28315,2949,31922,2023-02-11,Success
21652,2759,29215,2023-03-12,Success
8982,1364,31202,2022-11-29,Rejected by the driver
58990,1621,36834,2022-07-22,Success
10850,1699,33862,2022-03-13,Success
55419,1789,1759,2022-04-16,Success
620,134,23569,2023-01-28,Cancelled by the passenger
37529,1033,7743,2022-11-27,Success
12500,2760,22993,2022-07-05,Success
56969,61,6159,2023-04-10,Success
104,1704,18999,2022-05-16,Success
17378,2334,6565,2022-11-22,Success
1793,1166,11484,2023-01-13,Rejected by the driver
48281,860,17194,2022-11-21,Success
31521,1882,16696,2022-09-23,Success
26812,2951,29150,2022-12-14,Success
29525,2256,13187,2022-07-28,Rejected by the driver
32418,765,2342,2022-04-15,Success
35633,1832,13381,2022-09-15,Success
21154,741,23653,2022-07-24,Success
28341,2873,10139,2022-04-20,Success
12031,821,29290,2023-02-26,Success
11295,2851,34734,2022-12-19,Success
29408,2093,10210,2022-05-19,Success
25407,219,15992,2022-12-17,Success
16995,670,21479,2022-07-03,Success
37761,2249,15627,2022-12-04,Success
8359,1645,23582,2023-03-02,Success
9661,1368,16111,2022-11-22,Success
29196,1384,35715,2022-09-05,Success
52246,546,34453,2022-07-04,Rejected by the driver
16069,1676,15049,2022-07-01,Success
488,5,32145,2023-02-14,Success
23771,254,29759,2022-04-20,Success
20129,217,31143,2022-05-14,Cancelled by the passenger
19692,2047,14838,2022-05-23,Success
1132,1238,26251,2022-11-06,Success
28255,2488,5146,2022-12-03,Success
50524,2156,32829,2022-05-03,Success
55658,1610,537,2022-08-09,Success
33388,2547,15526,2022-08-14,Cancelled by the passenger
44855,448,15703,2022-12-08,Rejected by the driver
34819,2810,32206,2022-12-28,Success
46048,1605,39214,2022-07-18,Success
46297,2970,32756,2022-07-13,Success
25475,2297,29724,2022-12-08,Rejected by the driver
5658,330,39859,2023-02-22,Rejected by the driver
45650,2775,23746,2022-06-08,Success
31089,238,17368,2022-05-18,Success
42325,1124,3780,2022-10-07,Success
42176,91,8967,2022-08-31,Rejected by the driver
52622,1911,1983,2022-06-05,Success
21879,2685,33838,2022-12-23,Rejected by the driver
5857,2076,27656,2023-02-13,Success
5025,2710,18579,2023-02-03,Success
7687,1866,8365,2023-04-10,Success
42031,2015,16136,2022-11-25,Success
48325,930,29613,2022-07-28,Success
28096,212,24580,2022-06-30,Success
36931,2863,14487,2022-04-12,Success
32130,1063,28327,2022-12-27,Success
53408,2240,20299,2022-10-26,Success
2621,1286,27877,2022-06-21,Success
33724,659,7452,2022-07-27,Success
1617,1858,22812,2022-03-13,Success
27105,2164,39788,2022-07-02,Cancelled by the passenger
2286,1758,17341,2022-12-07,Success
28192,860,37926,2023-02-26,Success
38069,1102,39241,2023-03-04,Success
36142,1723,28951,2022-10-16,Cancelled by the passenger
42209,1706,24653,2022-11-02,Success
19625,695,6567,2022-07-27,Success
5138,1062,13602,2022-07-08,Success
10818,1722,18975,2022-11-26,Success
49591,2650,11143,2022-03-19,Success
7448,1551,6193,2022-08-13,Rejected by the driver
58674,2973,6818,2023-02-06,Rejected by the driver
23615,2846,28223,2022-08-21,Success
55661,381,6807,2023-01-03,Success
53609,1862,31722,2023-02-19,Cancelled by the passenger
31270,2574,31621,2022-03-15,Cancelled by the passenger
55765,222,17595,2022-12-21,Success
53196,1855,6786,2022-05-26,Success
27616,129,6802,2023-04-03,Rejected by the driver
52806,2472,13439,2022-05-11,Success
46177,251,11852,2022-05-22,Success
31018,2484,17495,2023-03-11,Success
18973,188,32673,2022-10-01,Cancelled by the passenger
51959,1429,21893,2023-02-08,Success
42565,417,17608,2022-08-21,Success
31194,1392,11660,2023-01-18,Rejected by the driver
15696,210,11215,2022-10-16,Success
48582,2835,11106,2023-04-03,Success
3773,1728,30060,2023-03-01,Success
11110,205,18890,2022-05-04,Success
4546,308,38955,2023-01-26,Success
32734,756,29871,2022-09-28,Success
4935,2169,21406,2022-05-04,Cancelled by the passenger
27921,2725,37500,2022-04-21,Success
57326,1069,7040,2022-08-24,Success
16784,1088,17754,2023-03-27,Success
35721,2422,1526,2022-06-18,Success
25879,1422,31230,2022-07-08,Rejected by the driver
978,1585,3862,2022-10-21,Success
43022,799,19654,2022-11-11,Success
51056,1144,14287,2022-06-04,Success
43530,2524,1148,2022-11-17,Success
35901,2201,29296,2022-11-09,Rejected by the driver
24337,2323,39343,2023-02-24,Rejected by the driver
54073,2712,21215,2022-04-05,Success
35498,2417,5595,2022-05-02,Success
16531,1794,25288,2022-03-28,Cancelled by the passenger
6129,2601,22320,2022-12-09,Success
26376,2523,5696,2022-12-01,Success
15494,2401,16917,2022-06-15,Success
52521,1451,33951,2023-01-28,Success
59348,2349,30091,2022-05-18,Rejected by the driver
36429,2453,15467,2022-05-17,Success
11489,877,31513,2022-06-14,Success
55578,183,38858,2022-04-01,Success
20562,367,33322,2022-04-25,Success
58929,2996,31327,2022-08-26,Success
37629,1417,9528,2022-05-19,Rejected by the driver
36225,839,18278,2023-04-13,Success
49036,638,25642,2022-04-21,Success
5129,2925,20513,2022-12-04,Rejected by the driver
10690,1128,19865,2022-08-22,Success
57926,2280,9745,2022-10-17,Success
9173,446,3969,2023-03-01,Success
32005,1256,3463,2022-12-26,Success
17333,2615,36905,2022-09-08,Cancelled by the passenger
58528,1328,34812,2022-12-13,Success
26647,2386,23339,2022-09-21,Cancelled by the passenger
43840,771,37602,2023-01-21,Rejected by the driver
8213,1337,459,2023-03-04,Success
16223,537,31327,2022-07-21,Success
34844,788,22775,2022-05-16,Rejected by the driver
55036,1766,20848,2022-08-27,Rejected by the driver
55644,1792,9726,2023-04-01,Success
14123,2096,1257,2022-12-25,Cancelled by the passenger
35422,2985,6578,2022-05-01,Success
3356,1871,26712,2022-10-16,Rejected by the driver
10002,668,6023,2022-07-06,Success
24794,498,10596,2022-04-21,Success
23224,292,3612,2022-06-25,Success
20498,828,28689,2022-12-21,Success
40120,299,1192,2022-08-03,Success
4471,982,12726,2022-12-17,Success
45594,1267,27705,2022-11-08,Success
54025,276,20026,2022-06-08,Success
30068,1629,7479,2022-11-02,Success
434,2384,3893,2022-08-09,Success
26451,1166,16901,2022-05-02,Success
26308,2169,18335,2022-06-01,Success
21155,2320,37251,2022-10-21,Success
45258,2280,16933,2023-04-09,Success
18843,1226,17301,2022-08-09,Success
49740,388,37914,2022-04-08,Success
14679,903,19934,2023-01-28,Success
44180,2305,1901,2022-09-26,Success
40364,152,26765,2023-01-04,Success
20869,804,20846,2023-02-14,Success
36128,1462,34415,2022-05-31,Success
14024,1120,7694,2022-09-24,Cancelled by the passenger
35580,1195,10443,2022-04-30,Rejected by the driver
59900,1199,22474,2022-04-20,Cancelled by the passenger
1178,614,28070,2022-12-16,Success
25570,2269,10062,2022-06-07,Success
35493,354,21801,2022-06-09,Rejected by the driver
2677,2940,29336,2022-05-06,Success
35964,2651,9999,2022-09-03,Success
8209,1141,2466,2022-06-06,Success
10496,249,10972,2022-07-28,Success
4526,450,26249,2022-05-27,Rejected by the driver
43522,797,14125,2023-01-21,Success
46173,2045,12279,2023-01-07,Rejected by the driver
9461,2859,37758,2022-12-29,Rejected by the driver
19381,994,17680,2023-04-13,Success
9610,7,25837,2022-07-23,Success
18180,2681,30223,2023-01-31,Rejected by the driver
34620,1376,36324,2023-02-19,Rejected by the driver
7768,1070,35357,2022-12-20,Success
7456,1566,11093,2022-05-08,Success
2705,2549,20937,2022-08-28,Success
39735,2375,32540,2022-05-26,Success
43261,1647,29828,2023-03-02,Success
49704,1027,20931,2023-03-29,Success
58940,803,29296,2023-01-13,Cancelled by the passenger
58160,840,22816,2022-07-01,Success
3120,2975,34699,2023-03-16,Rejected by the driver
23762,355,22474,2023-02-18,Success
15900,1820,15804,2022-07-27,Success
8997,920,9953,2023-02-03,Success
52511,958,17705,2022-09-07,Success
18958,2161,12441,2022-05-05,Cancelled by the passenger
32517,355,12433,2023-03-14,Success
11087,366,21305,2022-08-27,Rejected by the driver
59537,2067,30163,2022-08-13,Success
9753,600,2350,2022-06-10,Cancelled by the passenger
58703,396,12712,2022-11-29,Success
55946,1561,39508,2023-01-21,Success
8228,1562,11354,2022-12-11,Success
2915,93,9789,2022-08-02,Success
37731,2973,20336,2023-02-26,Success
37321,1621,4625,2023-01-13,Success
37946,2178,5682,2023-01-09,Success
16530,1482,27874,2022-07-08,Success
56421,2236,3497,2022-03-31,Success
53248,435,37514,2023-02-24,Success
26205,2522,6596,2023-03-02,Success
22464,2579,34197,2023-03-10,Cancelled by the passenger
28602,1503,39813,2023-01-18,Rejected by the driver
6883,1249,14460,2022-08-05,Rejected by the driver
7530,2030,24131,2022-06-28,Success
20628,2290,10777,2023-01-28,Success
48965,2029,15228,2023-03-22,Success
42208,231,12170,2022-05-03,Success
6270,1066,20723,2022-07-22,Success
41318,2065,6732,2023-02-03,Cancelled by the passenger
34786,1307,6153,2022-06-04,Cancelled by the passenger
25542,1329,367,2023-03-21,Rejected by the driver
28926,1777,30100,2022-08-23,Success
539,2763,25323,2023-01-22,Cancelled by the passenger
24425,1098,6301,2023-03-28,Success
18671,1653,26810,2022-11-05,Success
49662,648,5950,2022-09-06,Success
36949,1291,11548,2022-05-11,Cancelled by the passenger
59536,2704,297,2023-04-05,Success
16625,2114,5838,2023-01-11,Success
36627,1009,18072,2023-02-06,Success
4758,266,988,2023-02-19,Success
47297,1194,36717,2022-11-17,Success
12783,2837,7587,2023-04-05,Success
44302,1500,21547,2023-03-13,Success
44340,975,22600,2022-05-13,Success
38918,2742,18961,2022-06-04,Success
41919,1695,6174,2022-11-02,Success
58288,131,28163,2022-05-05,Success
11960,1509,25557,2022-11-01,Success
28684,2378,38288,2022-12-09,Success
45468,1062,33870,2022-11-28,Rejected by the driver
23747,1848,780,2022-05-16,Success
26807,124,24491,2022-04-19,Success
28496,2644,10766,2022-09-24,Success
34372,2983,13815,2022-10-07,Success
36191,2283,10063,2022-12-25,Cancelled by the passenger
39868,1963,9014,2022-12-05,Success
20473,608,25,2023-03-10,Success
58696,2003,14853,2022-03-24,Rejected by the driver
33238,74,33433,2022-06-15,Success
42666,410,32581,2022-12-03,Success
8150,2724,38152,2022-09-08,Success
8685,857,1277,2022-04-12,Rejected by the driver
38232,2128,1288,2022-09-20,Rejected by the driver
722,521,25278,2022-04-30,Cancelled by the passenger
37481,1234,34406,2022-06-01,Success
50254,500,10435,2022-11-29,Success
50247,1749,27283,2022-06-06,Success
12889,741,12175,2022-10-28,Success
43384,945,5734,2023-02-08,Rejected by the driver
34170,2208,39735,2022-07-06,Success
9102,2986,1083,2022-05-11,Success
14108,705,24110,2022-12-17,Success
21164,1394,7917,2023-02-19,Success
29452,2520,12426,2023-03-03,Success
17543,1209,7872,2022-07-23,Success
10376,472,857,2022-10-05,Success
48251,1468,20935,2023-03-31,Success
36595,737,22634,2022-12-08,Success
29015,2604,13190,2023-01-30,Success
42442,1084,489,2023-01-29,Success
55930,58,10522,2023-03-06,Success
15065,2735,35821,2023-02-01,Success
26368,1601,24008,2022-08-23,Success
46304,1596,32641,2022-04-17,Success
38315,2784,3682,2022-08-12,Success
35037,2262,22704,2022-03-31,Success
53211,1140,36582,2022-04-01,Success
13942,2516,20308,2023-01-12,Success
58450,1465,37421,2022-03-19,Success
38400,284,27369,2023-03-09,Success
38475,632,5440,2022-04-15,Rejected by the driver
23433,610,26512,2023-02-11,Success
38025,1287,1808,2022-11-03,Cancelled by the passenger
40076,2721,6029,2022-08-10,Success
39978,1289,32214,2023-02-12,Success
14150,322,26431,2022-09-24,Rejected by the driver
21713,993,9938,2023-03-02,Success
5596,2491,16313,2022-05-02,Rejected by the driver
28010,2335,19997,2022-07-26,Success
2805,1571,29940,2023-03-04,Success
582,1567,26703,2023-01-11,Success
1834,88,10553,2022-07-22,Rejected by the driver
423,2987,37690,2022-10-27,Cancelled by the passenger
36125,1786,4524,2023-02-24,Rejected by the driver
1942,711,29724,2023-02-02,Success
13283,1277,13223,2022-07-10,Success
26346,2225,25322,2022-07-10,Success
31940,1950,33057,2022-08-20,Rejected by the driver
23710,1833,8221,2022-06-01,Success
24566,2886,27170,2022-05-17,Cancelled by the passenger
16804,19,11528,2022-10-27,Success
23909,335,38388,2022-07-29,Cancelled by the passenger
19952,2368,39296,2022-08-06,Success
2341,713,37082,2022-08-19,Success
32508,1575,20435,2023-02-04,Rejected by the driver
11750,537,5884,2023-01-17,Success
36206,1827,9330,2023-03-14,Rejected by the driver
39628,2063,39111,2022-05-12,Success
2106,1635,5283,2022-06-16,Rejected by the driver
26532,260,10617,2022-04-30,Cancelled by the passenger
33568,983,5723,2023-03-15,Rejected by the driver
58152,2725,24160,2022-05-02,Success
56204,1755,17279,2023-01-12,Cancelled by the passenger
19611,868,7359,2023-01-24,Success
16333,1281,34332,2023-01-01,Success
13064,500,38874,2022-03-29,Success
39626,779,25281,2023-04-07,Success
54364,1425,1411,2022-12-12,Success
7497,1845,14429,2022-05-26,Rejected by the driver
34632,1322,37012,2022-03-13,Success
8081,1965,4099,2022-07-29,Cancelled by the passenger
52358,1625,28433,2022-05-24,Success
54117,258,4025,2022-10-07,Success
8716,1589,38851,2023-01-25,Cancelled by the passenger
23565,1601,19545,2022-06-09,Success
12993,983,14691,2022-04-03,Success
59772,2057,22145,2022-03-23,Success
45861,2007,1067,2022-06-14,Success
52871,43,36253,2022-11-28,Success
49419,1844,3997,2023-04-12,Success
30508,1753,19677,2022-05-10,Success
22341,1060,13441,2023-01-29,Success
43257,2394,7124,2023-01-23,Success
55159,358,33504,2022-04-10,Success
24053,796,18855,2023-03-01,Success
56936,910,18938,2023-01-15,Success
114,539,19827,2022-08-18,Success
40483,1153,37629,2022-03-22,Success
6808,442,15600,2022-09-25,Success
30796,1031,32354,2023-02-23,Success
5807,1435,4575,2022-09-16,Rejected by the driver
26778,1812,24297,2022-11-23,Success
25778,83,14303,2022-12-16,Success
29518,2260,29701,2022-10-11,Success
27532,2158,38025,2022-12-12,Success
52034,1047,14449,2022-11-06,Success
48320,2208,16787,2022-06-13,Success
36616,1631,22174,2022-06-24,Success
13381,1507,29630,2022-10-12,Success
7626,226,20935,2022-06-13,Success
36129,2142,26839,2022-10-17,Success
117,168,25192,2022-08-23,Success
38460,869,6901,2022-09-28,Success
16893,2268,39968,2022-08-02,Cancelled by the passenger
14647,1499,35933,2022-08-23,Success
9415,2141,8202,2022-06-07,Success
41418,2841,21947,2022-09-30,Success
38905,678,36089,2022-08-20,Success
49714,2089,10927,2022-08-23,Success
1542,421,15114,2022-11-27,Success
53844,341,17579,2022-07-31,Success
23056,1624,33857,2022-12-24,Success
47326,1369,5194,2022-12-04,Success
12326,1195,3963,2023-02-19,Success
28445,1010,4800,2022-05-03,Success
42297,473,36155,2022-12-11,Success
47137,1258,9490,2022-06-14,Success
38687,1641,26270,2022-03-12,Success
48530,2223,12731,2022-09-20,Success
59137,10,27114,2022-09-16,Success
17389,498,39604,2022-11-01,Success
41604,2400,10342,2022-12-13,Rejected by the driver
56093,943,11711,2022-04-03,Success
29830,436,36689,2022-10-21,Success
5037,2851,39352,2023-02-14,Success
43809,2561,17332,2023-03-11,Success
11053,2916,12962,2022-12-13,Rejected by the driver
33415,496,4462,2022-10-01,Success
53216,980,4424,2022-09-24,Success
10112,1,28283,2022-11-25,Rejected by the driver
43898,2832,4358,2022-10-11,Success
41304,1312,15564,2023-03-10,Success
37923,2195,20413,2022-03-26,Rejected by the driver
31473,1556,19782,2022-09-04,Rejected by the driver
6702,2817,34901,2022-03-19,Success
4944,2006,5313,2023-02-14,Success
40974,1826,5161,2022-10-28,Success
24971,2279,24879,2022-12-16,Success
1300,1288,24296,2022-04-22,Rejected by the driver
58340,21,6930,2022-07-10,Rejected by the driver
4895,2699,23090,2022-10-07,Cancelled by the passenger
19600,2467,16580,2022-06-24,Success
24791,1422,39398,2022-05-25,Cancelled by the passenger
28257,1333,17098,2022-03-14,Success
45727,2668,20952,2023-03-18,Success
17608,2099,23341,2023-03-19,Success
45645,2575,32583,2022-11-01,Success
52619,58,7020,2022-08-07,Cancelled by the passenger
37415,1925,30665,2022-10-14,Success
48452,188,11425,2022-11-04,Success
5361,1986,1332,2022-08-03,Success
59873,1143,20131,2023-01-23,Success
11696,312,23322,2022-12-13,Success
2526,2760,11532,2022-09-15,Success
23019,1214,17604,2023-01-16,Cancelled by the passenger
35411,228,17530,2022-04-17,Success
55740,620,3437,2022-09-06,Success
33369,2634,11981,2022-07-27,Success
31961,180,14564,2022-08-28,Success
3760,1685,28226,2022-06-15,Success
37419,479,18322,2022-12-20,Rejected by the driver
19078,1888,8182,2022-06-29,Success
13662,663,12891,2022-07-16,Success
55941,1421,26975,2023-01-21,Rejected by the driver
20180,965,12147,2022-09-10,Success
23878,1247,39817,2022-04-26,Success
48344,1327,3646,2022-12-05,Success
31497,2645,20988,2022-12-29,Success
737,2517,37257,2022-07-15,Success
54318,171,3526,2023-03-11,Success
12600,1277,38794,2022-11-08,Success
35685,2081,11148,2022-11-23,Success
42284,1054,38379,2022-05-28,Cancelled by the passenger
35488,2398,34708,2022-12-27,Success
52721,2621,2442,2022-06-26,Rejected by the driver
4179,2726,13441,2022-06-21,Success
715,2508,27402,2023-03-10,Success
50332,773,1303,2023-02-07,Success
7147,1020,33436,2022-09-12,Success
924,831,15204,2023-03-13,Success
39918,2484,12252,2022-10-06,Success
19543,329,27218,2022-12-11,Success
53669,1001,29776,2022-09-06,Success
55394,1060,2873,2023-02-11,Rejected by the driver
7248,1613,21501,2022-07-05,Rejected by the driver
25931,1006,8007,2022-09-14,Success
23103,2001,13037,2022-07-30,Success
46309,663,11921,2022-09-16,Success
50668,2163,30673,2022-08-06,Success
55421,2254,34645,2022-09-30,Success
186,1852,27908,2023-03-03,Success
9982,524,28708,2023-02-05,Success
12678,2445,30497,2022-05-28,Success
38105,956,8359,2023-02-25,Rejected by the driver
11725,2155,18889,2023-01-20,Rejected by the driver
4219,1803,10546,2022-03-27,Success
29165,862,20076,2022-07-28,Success
2925,899,12252,2022-04-02,Success
32014,498,28954,2023-01-03,Cancelled by the passenger
3290,915,30600,2022-08-13,Success
35708,2311,38452,2022-09-21,Success
36821,1372,22405,2022-06-14,Success
21231,728,22563,2022-12-22,Success
46934,2999,31483,2022-10-27,Success
15500,222,4912,2022-11-02,Success
32625,2438,32337,2023-02-17,Cancelled by the passenger
10767,1847,26932,2022-11-16,Success
43990,1987,21603,2022-08-25,Rejected by the driver
34922,1530,38328,2022-07-08,Success
45122,2569,36377,2023-02-13,Success
39515,2579,13697,2022-06-14,Success
28329,707,24676,2022-09-30,Success
57576,2308,37877,2022-09-01,Success
43683,2362,3097,2022-10-13,Success
46360,2493,25930,2022-07-13,Success
40124,425,37777,2022-08-08,Success
34192,1781,39732,2022-04-03,Success
3305,1161,38659,2022-06-04,Success
57594,1389,17872,2023-02-18,Success
32893,1483,3218,2023-03-01,Rejected by the driver
23055,2153,3083,2023-03-03,Success
6451,2716,30715,2022-09-01,Success
2650,2171,39878,2022-04-11,Success
47243,1414,29089,2022-11-09,Success
54399,111,7484,2022-09-04,Success
28851,1639,5805,2022-11-23,Success
29466,1307,1244,2022-09-05,Success
14882,2685,20676,2022-04-07,Success
52325,895,24722,2023-01-31,Success
22790,1866,27952,2022-08-05,Success
39437,645,4693,2022-09-05,Success
105,170,25,2022-05-07,Cancelled by the passenger
59053,1987,39517,2022-05-11,Success
47687,343,17590,2022-05-30,Cancelled by the passenger
34903,2700,21016,2022-06-06,Success
54059,24,20599,2023-02-18,Success
7409,1109,757,2022-06-20,Success
34122,1055,32155,2023-02-12,Success
2129,2621,26636,2023-02-15,Rejected by the driver
53233,511,13415,2023-01-30,Success
27010,879,19160,2022-05-23,Success
47246,2240,7727,2022-09-09,Rejected by the driver
56347,182,26068,2023-04-13,Cancelled by the passenger
48259,1733,19099,2022-12-17,Success
33201,1921,37796,2023-01-17,Success
59323,400,14603,2023-04-04,Success
46379,125,14835,2022-05-08,Success
38634,540,15041,2022-11-15,Rejected by the driver
37306,417,30162,2022-12-26,Success
1046,846,14016,2022-12-11,Success
24015,1839,28230,2022-11-25,Cancelled by the passenger
32616,2809,37968,2022-07-04,Rejected by the driver
47822,907,4440,2022-06-12,Success
4733,1951,28211,2022-04-16,Success
41248,2431,14455,2023-01-30,Rejected by the driver
5529,509,7771,2023-03-28,Rejected by the driver
41098,2544,22136,2022-03-22,Success
39764,1816,21777,2022-05-04,Success
24239,2494,16236,2022-10-27,Cancelled by the passenger
10343,1028,2521,2022-04-09,Success
8928,1350,147,2022-05-06,Success
52329,1280,20695,2022-08-12,Success
40436,338,36509,2022-09-30,Rejected by the driver
26701,767,37788,2023-01-17,Success
2477,2195,14987,2022-10-16,Success
54565,1830,4285,2022-08-25,Success
28838,2926,10677,2022-08-03,Success
811,2585,6546,2022-10-02,Rejected by the driver
45640,2980,18806,2023-02-11,Success
39319,2966,15517,2022-05-28,Rejected by the driver
8646,1227,22771,2022-11-30,Success
38099,1424,32653,2022-10-11,Success
43959,1589,36257,2023-03-29,Rejected by the driver
11103,808,15926,2022-03-12,Rejected by the driver
26097,1743,1681,2022-06-04,Success
25641,2048,3387,2022-11-26,Success
52395,1266,11287,2022-10-23,Success
28202,1480,23466,2022-05-26,Success
44339,348,14910,2022-10-12,Success
44192,2596,19884,2023-02-05,Success
52899,1552,13260,2022-11-17,Success
33325,2080,39691,2022-08-31,Cancelled by the passenger
58178,2091,24083,2022-05-14,Success
22149,1957,2498,2022-08-24,Cancelled by the passenger
5127,1839,25944,2022-09-13,Cancelled by the passenger
13040,2033,5434,2023-04-06,Success
3385,652,22435,2022-06-18,Success
51936,2478,27194,2022-06-25,Success
56446,736,10216,2023-03-29,Success
22319,696,12822,2023-02-21,Success
12094,715,22859,2022-09-26,Success
18103,1598,31989,2022-11-26,Success
48790,2775,8146,2023-02-06,Success
5194,1445,26548,2022-10-27,Success
14388,363,27358,2023-02-26,Success
554,1992,13623,2022-07-11,Success
38777,1199,13019,2023-02-09,Success
12822,2308,34055,2022-08-04,Rejected by the driver
1785,2886,33990,2022-05-13,Success
21426,522,457,2022-09-03,Success
59798,2785,8170,2022-12-20,Success
50658,1638,21107,2022-08-12,Success
49282,1759,13007,2023-04-10,Success
45693,2408,30142,2022-06-30,Success
1134,1478,15302,2023-04-04,Cancelled by the passenger
20808,714,31615,2022-09-30,Rejected by the driver
54938,2736,3833,2023-03-21,Rejected by the driver
8338,1941,36202,2022-07-08,Success
50886,1013,36333,2022-05-17,Cancelled by the passenger
33335,2136,3319,2022-09-24,Success
49587,1892,13572,2022-04-16,Success
37114,2824,22518,2022-12-19,Success
27981,2500,13023,2022-10-06,Success
30390,895,26308,2022-06-09,Success
7197,1548,17426,2022-03-17,Success
53010,2941,4886,2022-03-29,Success
13513,13,12682,2022-10-17,Success
5948,2098,17364,2023-03-18,Rejected by the driver
12159,2872,4914,2022-04-27,Success
4692,624,36078,2022-11-07,Rejected by the driver
17040,1881,12748,2023-03-24,Success
15011,672,15021,2022-10-03,Success
6409,2540,20580,2022-12-20,Success
216,80,22559,2022-11-26,Rejected by the driver
45073,240,38538,2023-01-30,Success
31465,108,1458,2022-07-02,Success
46929,285,35577,2022-05-17,Success
39780,134,18740,2022-04-01,Success
33111,2400,20871,2023-04-02,Rejected by the driver
45747,1809,9257,2022-04-03,Cancelled by the passenger
41789,1179,6428,2022-07-22,Rejected by the driver
39156,330,24180,2022-11-10,Success
56772,237,39204,2022-09-22,Success
37413,2375,36293,2022-06-12,Rejected by the driver
11748,1559,2102,2022-07-30,Success
1142,2502,4778,2022-04-27,Success
1012,120,748,2022-10-24,Success
42498,712,1101,2022-07-08,Success
29910,153,32221,2023-01-12,Success
10031,1081,24599,2023-04-04,Cancelled by the passenger
45264,1090,7940,2022-10-20,Success
3908,2173,31715,2023-01-04,Rejected by the driver
1025,2797,10467,2023-01-19,Success
56402,2876,2975,2023-01-02,Success
59148,372,9975,2022-09-15,Success
48095,2996,26642,2022-09-10,Success
2662,2177,23443,2023-01-28,Success
29024,779,1704,2022-05-11,Success
1629,1248,28855,2022-10-04,Rejected by the driver
40763,1422,24474,2022-07-12,Success
19031,2956,1419,2023-03-25,Success
15734,55,1466,2023-01-11,Success
25676,2805,25189,2022-07-13,Success
11319,2376,28969,2022-03-14,Success
6991,2484,34323,2022-03-25,Success
33702,569,34321,2022-05-07,Rejected by the driver
8430,931,10460,2022-12-09,Success
13647,2022,24109,2023-04-15,Cancelled by the passenger
49212,1366,26551,2022-04-02,Success
22724,1582,3735,2022-06-05,Success
59753,610,19935,2022-04-11,Success
45032,296,2394,2022-08-23,Success
43665,1476,4901,2022-06-04,Success
42518,215,4956,2022-09-06,Success
34282,2237,39481,2022-06-07,Success
54832,612,22644,2022-10-01,Success
51130,118,22346,2022-09-01,Success
6777,1079,39502,2022-11-18,Success
5989,1820,27315,2022-09-25,Success
57045,2721,33992,2022-03-29,Success
46708,2192,32846,2023-02-16,Success
21310,1996,29969,2023-03-03,Success
28004,548,14062,2022-07-25,Rejected by the driver
17720,235,16251,2022-05-05,Success
52696,1135,14526,2022-07-08,Success
6402,2032,36973,2023-01-05,Success
5199,1525,37005,2022-04-17,Success
19025,1800,3327,2023-01-17,Success
56431,154,572,2022-05-18,Success
53265,1753,26421,2022-10-13,Success
28881,1153,1637,2022-08-16,Success
1126,1486,8466,2022-11-30,Success
30261,1177,7018,2022-07-17,Success
21241,2092,10802,2022-05-15,Success
25271,1263,38877,2022-04-06,Rejected by the driver
58149,1817,23329,2023-04-10,Cancelled by the passenger
55916,1189,20558,2023-02-10,Rejected by the driver
13884,1240,39504,2022-05-05,Rejected by the driver
2057,1446,35586,2022-05-27,Success
15256,2346,879,2022-12-05,Success
2583,2658,39652,2022-08-12,Success
32079,2402,17642,2022-08-08,Success
32179,1183,30037,2022-09-07,Success
29365,2510,9817,2022-11-02,Success
51672,749,21472,2022-07-31,Rejected by the driver
46903,754,6436,2022-04-18,Success
53021,2906,36090,2023-02-10,Success
48699,1123,12713,2022-06-14,Success
23354,1458,13173,2022-09-14,Success
52363,72,3047,2022-07-27,Success
24025,2404,8461,2023-02-13,Success
20720,2511,6662,2022-12-02,Success
27935,614,30665,2022-06-13,Success
14644,354,5520,2022-05-20,Success
53606,1868,35987,2022-09-19,Success
23526,1486,874,2022-08-05,Success
2056,5,24110,2022-07-29,Cancelled by the passenger
36363,1883,37536,2022-07-24,Success
5256,805,13530,2023-04-08,Success
46766,1586,23834,2022-04-13,Success
43785,1325,24763,2023-02-27,Success
42231,2191,39653,2022-09-10,Success
17939,1086,18791,2022-08-01,Rejected by the driver
20127,2885,21003,2023-04-05,Success
38361,2098,30739,2022-06-30,Cancelled by the passenger
54600,432,4707,2022-04-04,Success
14329,2657,33876,2022-10-02,Success
53424,1731,36008,2022-06-24,Success
9593,1780,25013,2022-10-10,Rejected by the driver
8464,56,10768,2022-08-18,Success
43529,1405,7418,2022-10-01,Success
19780,2602,38376,2022-03-28,Success
52223,2959,34628,2022-03-31,Success
54100,1961,1727,2023-01-25,Success
46257,2660,2736,2022-04-05,Success
11006,2641,30266,2022-04-15,Success
51208,1038,33140,2022-06-14,Rejected by the driver
13449,2579,32787,2022-06-24,Success
22352,2852,27122,2022-06-14,Success
43890,1397,237,2023-02-26,Success
7328,2254,14213,2023-02-28,Success
56886,1425,29456,2023-02-04,Success
19712,1435,20797,2023-03-06,Success
7906,2744,6870,2022-05-08,Cancelled by the passenger
39309,942,26185,2023-03-07,Success
50531,1861,26918,2022-07-08,Success
34817,1236,15415,2022-10-22,Success
20000,2212,1234,2022-08-12,Success
27894,2699,14439,2022-09-23,Success
1954,986,16441,2023-03-16,Success
2980,52,3000,2022-07-02,Success
21740,2328,33025,2022-10-23,Success
51127,1187,39892,2022-12-06,Success
4241,792,17154,2022-06-03,Cancelled by the passenger
51120,2112,20796,2023-01-02,Cancelled by the passenger
25841,418,16783,2022-12-09,Success
53141,188,21331,2023-04-13,Rejected by the driver
29719,887,16791,2022-03-15,Success
25070,1127,13761,2022-05-15,Rejected by the driver
32016,892,12198,2022-10-19,Cancelled by the passenger
40558,2690,37297,2022-06-13,Cancelled by the passenger
739,1587,13432,2022-08-04,Success
17189,1062,38124,2022-05-06,Rejected by the driver
17684,62,32424,2022-04-16,Success
23107,2018,33627,2023-03-24,Success
52604,127,9935,2022-04-16,Success
16098,573,39597,2022-05-21,Success
57061,531,32845,2022-08-09,Success
56806,1082,33056,2022-03-20,Cancelled by the passenger
9585,1861,34055,2022-08-11,Success
56679,2889,26916,2023-02-23,Success
8813,2294,12884,2022-08-11,Success
30916,1131,12094,2022-07-15,Rejected by the driver
36389,288,4816,2022-08-29,Rejected by the driver
4879,255,36218,2022-08-11,Rejected by the driver
44755,15,19668,2022-06-09,Success
24478,835,12863,2022-08-15,Rejected by the driver
4117,1687,6471,2022-03-20,Success
55823,22,4022,2022-06-02,Cancelled by the passenger
18463,2896,6054,2023-03-22,Success
19206,705,23077,2022-03-20,Success
44277,2590,5246,2022-03-25,Success
59387,2924,33767,2022-09-22,Success
46205,1724,31873,2022-08-11,Success
24868,1745,5042,2023-04-12,Rejected by the driver
18709,1568,26692,2023-04-10,Success
58789,1644,19045,2023-01-31,Success
36166,2639,32013,2022-09-14,Success
2914,130,39712,2022-10-15,Success
30432,2662,10982,2022-03-14,Rejected by the driver
33746,341,16119,2022-07-03,Cancelled by the passenger
46401,362,4647,2022-07-30,Success
7936,2361,8604,2022-11-11,Success
50613,1787,12005,2023-02-19,Cancelled by the passenger
31417,1643,19825,2023-02-06,Success
54583,659,28827,2022-07-19,Rejected by the driver
59401,1606,7061,2022-11-16,Success
54067,2287,19262,2022-12-28,Rejected by the driver
25120,446,3913,2022-03-25,Cancelled by the passenger
54194,2594,5052,2022-11-22,Success
20937,1987,6095,2023-01-25,Success
58276,2092,15731,2022-09-19,Success
39578,2574,8777,2022-06-21,Rejected by the driver
50267,2502,38468,2022-11-19,Success
9637,493,16561,2022-09-01,Success
48996,1891,12902,2022-11-23,Success
10036,1403,29048,2022-10-26,Success
32813,122,9264,2022-09-05,Cancelled by the passenger
49523,2776,3069,2022-12-11,Success
47385,2302,23448,2022-09-01,Success
47759,1968,7840,2022-06-08,Success
35864,777,7382,2022-10-09,Success
56587,2028,35098,2022-04-10,Success
46638,2879,20188,2022-08-08,Cancelled by the passenger
42448,2660,37909,2022-08-11,Success
34290,52,13884,2022-05-06,Success
21475,613,13399,2022-12-14,Success
51234,2123,13058,2023-04-12,Success
14762,275,2525,2023-01-10,Cancelled by the passenger
38073,1046,23739,2022-07-05,Success
54931,1670,27870,2022-06-02,Success
43928,2661,36103,2022-05-04,Cancelled by the passenger
21311,2790,8456,2022-10-13,Success
34543,1585,16651,2022-09-09,Rejected by the driver
55965,135,426,2022-08-19,Success
16913,2683,12110,2023-02-16,Success
32864,2964,53,2022-05-18,Rejected by the driver
58504,2544,29300,2022-03-30,Success
46140,1333,23274,2023-01-29,Success
9881,1269,18069,2022-11-04,Success
46796,244,30002,2023-02-24,Cancelled by the passenger
58947,2870,16152,2023-02-14,Success
49957,76,38872,2022-06-04,Success
22736,57,6020,2022-05-21,Cancelled by the passenger
9789,1593,18223,2023-04-13,Success
5412,589,4614,2022-05-14,Success
18253,2416,9788,2022-04-30,Success
44464,1744,37340,2022-09-09,Success
51446,932,28136,2022-12-08,Success
45757,2541,14507,2022-08-10,Success
11185,2551,25552,2022-03-22,Success
11507,2304,23058,2023-03-21,Cancelled by the passenger
26576,1325,27165,2022-04-09,Success
5320,2852,13684,2022-11-05,Success
4329,1903,9618,2023-03-14,Rejected by the driver
47583,898,39356,2022-10-15,Success
42912,124,29719,2022-11-03,Rejected by the driver
16246,2998,34624,2022-06-15,Success
46691,2055,20043,2023-02-23,Success
26297,2038,22585,2022-11-25,Success
39693,930,15089,2023-02-05,Success
29442,449,15433,2022-07-16,Success
40734,267,20866,2023-02-14,Success
26684,227,30574,2022-11-27,Success
42486,1457,2010,2022-04-30,Success
45878,2878,15857,2022-05-09,Success
46461,987,20307,2022-06-14,Rejected by the driver
9646,2137,34412,2022-12-28,Success
41994,1422,1824,2022-08-29,Success
43423,2479,37174,2023-01-28,Cancelled by the passenger
25765,1966,16802,2022-07-05,Success
7031,693,7140,2022-09-20,Success
26167,603,6382,2022-07-04,Success
21787,2889,32088,2022-11-26,Success
26277,2594,21639,2022-07-26,Success
39379,900,17068,2022-12-17,Success
12967,1299,11679,2022-09-21,Rejected by the driver
32862,1124,17588,2023-02-07,Success
39323,822,23156,2023-03-16,Rejected by the driver
9047,386,11555,2022-10-21,Success
13523,1840,37378,2022-11-07,Cancelled by the passenger
51853,1131,39536,2022-10-25,Rejected by the driver
4342,202,23995,2023-02-08,Success
23114,2428,26710,2023-03-20,Success
6464,1824,8274,2022-03-15,Rejected by the driver
24544,1565,32815,2023-01-20,Success
10761,585,30896,2022-04-12,Rejected by the driver
13684,2428,12026,2022-08-04,Cancelled by the passenger
49934,1211,36793,2023-04-05,Success
24820,1014,28851,2023-03-27,Success
3694,2409,16405,2022-03-29,Rejected by the driver
47838,2348,25745,2022-04-27,Success
50512,2228,17060,2022-06-08,Success
9966,1885,11069,2022-08-28,Success
12867,672,15611,2022-10-19,Success
11607,1062,8511,2022-10-10,Success
49190,1076,4287,2023-04-11,Cancelled by the passenger
47229,2692,2269,2023-03-25,Success
16894,2410,17587,2022-08-29,Rejected by the driver
56516,1207,19632,2022-06-21,Success
19095,1598,1474,2022-11-13,Cancelled by the passenger
26814,740,27030,2022-09-13,Success
48459,2145,1740,2022-12-08,Success
54555,1051,36745,2022-04-24,Success
38839,1945,16086,2022-08-10,Success
55322,2243,23800,2022-11-21,Cancelled by the passenger
53133,2209,4330,2022-11-27,Success
29094,2702,9376,2022-12-21,Success
39872,1671,5871,2022-10-07,Success
36018,2840,4263,2022-11-01,Success
12652,2863,11536,2022-10-06,Success
4628,923,18221,2023-01-09,Success
42571,1849,24103,2022-11-06,Rejected by the driver
15200,868,19130,2022-08-14,Success
13387,335,37852,2022-07-29,Success
24646,1191,31177,2023-01-11,Success
36146,2767,37214,2022-06-08,Cancelled by the passenger
3981,268,39492,2022-07-01,Success
19631,206,8198,2022-11-03,Success
59743,1056,34730,2023-03-27,Success
48416,891,23955,2022-12-02,Success
50600,1361,5813,2022-04-08,Success
1294,2926,29581,2022-05-05,Success
9957,1040,35614,2022-10-19,Success
12594,2397,25338,2022-04-29,Rejected by the driver
10706,1208,18104,2022-03-23,Success
18096,343,19905,2023-01-29,Success
17453,1381,136,2022-07-18,Success
48493,2024,26787,2023-03-22,Cancelled by the passenger
26646,133,32132,2023-04-06,Success
50905,1996,23797,2022-08-14,Success
1901,889,24770,2023-02-11,Success
18212,1873,2745,2022-05-25,Success
38298,1747,7261,2022-07-26,Success
50799,2990,21439,2023-01-22,Success
23827,404,20475,2023-04-05,Success
38811,1093,36358,2022-05-22,Rejected by the driver
907,729,36782,2022-08-17,Success
32046,1844,125,2022-08-14,Cancelled by the passenger
3520,2109,21615,2022-08-26,Success
38570,2158,19196,2022-07-14,Cancelled by the passenger
13270,1673,38061,2022-12-17,Success
23548,2250,38096,2022-11-09,Success
28163,193,23065,2022-09-17,Success
8139,2074,20746,2022-07-02,Success
56780,1163,29888,2023-01-12,Success
51730,1374,35195,2023-02-27,Success
54919,2288,32908,2022-04-17,Success
35533,2978,1804,2022-08-09,Success
27884,1356,24878,2022-08-06,Success
33645,2798,36750,2022-10-14,Success
21922,352,16567,2022-11-21,Success
54316,409,25106,2022-09-14,Rejected by the driver
6751,118,6605,2022-09-02,Rejected by the driver
58036,924,27303,2022-10-25,Success
35619,1927,20887,2023-03-26,Success
35066,370,18875,2022-04-30,Success
42966,1539,17487,2022-08-02,Success
37495,1005,28749,2022-08-26,Success
833,1082,32493,2022-07-12,Cancelled by the passenger
46239,1574,32302,2022-09-18,Success
46293,2000,11041,2023-03-05,Success
45339,2393,32480,2022-09-10,Success
40059,1986,37479,2022-11-12,Success
45078,416,5432,2022-10-21,Rejected by the driver
28114,2605,22679,2023-02-21,Success
30660,1987,22684,2023-01-23,Success
47757,2500,21346,2022-08-23,Success
44363,1940,28264,2022-05-22,Success
57911,1511,27801,2022-03-25,Rejected by the driver
55794,1195,32870,2023-01-06,Success
24058,1269,30805,2022-08-10,Success
2638,2076,10577,2022-12-09,Success
23707,2864,11539,2022-12-22,Cancelled by the passenger
15173,156,21440,2023-02-06,Success
3656,2572,36224,2022-09-17,Success
43302,2731,9190,2022-11-18,Success
9024,1442,14731,2022-06-26,Cancelled by the passenger
47092,510,3362,2022-06-17,Cancelled by the passenger
34728,1501,32465,2022-10-01,Success
39025,733,30793,2022-04-17,Rejected by the driver
35860,2665,22758,2022-11-05,Rejected by the driver
6747,167,21203,2022-06-10,Success
30727,1265,35753,2022-08-28,Cancelled by the passenger
3910,229,21456,2022-07-23,Success
45713,2399,7280,2023-01-15,Success
57317,1593,37978,2022-11-21,Rejected by the driver
33668,958,21953,2022-12-10,Success
43099,560,10134,2022-06-16,Success
8120,618,28621,2023-03-19,Rejected by the driver
33895,1244,13678,2022-12-25,Success
51489,1300,13763,2023-02-28,Success
22607,1762,30974,2022-12-23,Cancelled by the passenger
39907,2147,26282,2022-07-23,Cancelled by the passenger
29177,1614,37018,2023-01-05,Success
17239,1028,4254,2023-04-08,Success
41522,513,14276,2022-07-05,Success
18259,630,22307,2022-10-31,Success
37692,908,32522,2023-03-24,Success
29679,1984,1970,2023-02-26,Success
13390,2171,27870,2022-12-15,Success
5734,857,11196,2022-09-28,Success
53364,1897,1581,2023-04-10,Rejected by the driver
50982,1640,6055,2022-06-14,Success
10230,602,31709,2022-10-24,Success
19400,1059,9447,2022-04-09,Success
48018,2449,14314,2022-03-29,Success
2910,1361,30936,2022-04-17,Rejected by the driver
26469,2617,21395,2022-07-15,Success
2884,2480,20508,2022-05-14,Rejected by the driver
8563,371,1914,2022-03-20,Success
36319,1232,38625,2022-09-05,Rejected by the driver
13931,2898,21531,2022-07-11,Success
12828,2885,17625,2022-11-07,Success
15604,1905,27068,2022-12-16,Success
53452,576,13744,2022-04-01,Rejected by the driver
30233,344,38849,2022-05-05,Cancelled by the passenger
4015,2658,13521,2022-05-25,Rejected by the driver
1290,2832,21387,2022-07-02,Success
30456,225,16153,2023-04-06,Success
53081,862,8573,2022-07-01,Success
14268,1281,17929,2023-03-17,Success
45662,480,27430,2022-04-27,Success
56630,1999,34274,2022-03-16,Success
10684,724,28024,2022-10-04,Rejected by the driver
29130,221,11524,2023-04-04,Success
32156,2750,15309,2022-07-07,Cancelled by the passenger
33791,781,2293,2022-10-27,Cancelled by the passenger
29516,1910,32735,2023-01-07,Cancelled by the passenger
44724,1444,16016,2023-03-07,Success
3932,1862,6279,2022-06-30,Success
25363,2185,36826,2023-02-23,Rejected by the driver
17017,1276,9965,2022-09-24,Success
41683,336,31441,2022-10-20,Success
15289,747,4695,2022-04-25,Success
44381,975,4249,2022-10-02,Rejected by the driver
850,992,16410,2022-07-07,Rejected by the driver
50504,2232,6310,2023-03-26,Success
4741,874,17560,2022-06-21,Success
13906,1853,23889,2023-02-08,Cancelled by the passenger
44200,745,22151,2023-03-05,Success
26074,1904,5603,2022-12-13,Cancelled by the passenger
55353,2482,15027,2022-10-15,Success
47815,1616,14267,2023-04-11,Success
22719,1301,10070,2022-04-27,Success
15304,276,33506,2022-04-17,Success
26208,1727,19527,2023-03-19,Success
30693,2194,37451,2022-04-23,Success
10927,1456,37040,2022-08-04,Rejected by the driver
36580,223,12924,2022-04-26,Success
22004,2338,13947,2022-04-01,Cancelled by the passenger
30966,1394,2460,2023-01-10,Success
11355,1857,12594,2023-04-02,Success
1924,1014,31311,2023-03-06,Rejected by the driver
9393,1543,35393,2023-01-04,Success
6946,1485,35446,2022-03-26,Success
35097,781,20068,2022-12-18,Success
6357,1313,18188,2022-04-25,Success
50461,258,11959,2022-05-19,Success
23633,2360,22896,2022-08-13,Cancelled by the passenger
17009,1470,37070,2023-03-04,Success
5495,1684,26461,2022-09-17,Cancelled by the passenger
37352,1126,23259,2022-12-29,Rejected by the driver
40851,2442,35772,2022-12-21,Success
9715,1386,17542,2022-04-01,Success
23110,1632,16153,2022-06-07,Success
19699,1260,7640,2022-03-29,Success
5035,1901,4885,2022-08-11,Success
43446,16,4324,2023-01-25,Success
16554,2890,26741,2023-04-10,Success
18177,3000,36427,2023-01-16,Success
24734,1961,2580,2022-03-30,Success
35579,335,37551,2023-02-06,Rejected by the driver
41495,2615,11805,2023-01-24,Success
22888,2963,29167,2022-04-18,Success
58369,644,20417,2023-03-12,Success
26779,1681,7846,2023-03-31,Success
29124,2637,16117,2022-05-03,Cancelled by the passenger
48743,2226,5698,2022-11-22,Success
10533,349,15577,2022-04-02,Rejected by the driver
49086,1962,21639,2022-08-04,Success
30284,881,30930,2022-06-22,Cancelled by the passenger
29295,1772,6895,2023-04-02,Success
50106,2735,7981,2022-05-14,Success
37847,1979,9563,2022-07-05,Rejected by the driver
29443,1857,17273,2022-08-15,Success
12495,268,20800,2022-10-29,Success
33025,2037,25576,2022-07-14,Success
11865,1431,30186,2023-04-08,Success
52245,2318,22614,2023-03-28,Rejected by the driver
14179,98,11418,2022-05-14,Success
39317,2304,20207,2022-10-04,Success
9723,158,13108,2022-10-09,Success
5846,2006,32370,2022-08-16,Success
41887,2644,34407,2023-04-12,Success
31839,1796,2631,2022-04-18,Rejected by the driver
40712,2262,24024,2022-03-12,Success
3792,240,6953,2023-03-20,Success
49265,2476,7030,2023-04-15,Cancelled by the passenger
22164,1403,25620,2023-04-04,Success
19159,98,26593,2022-03-23,Success
7607,838,33537,2022-07-29,Success
23809,2466,24350,2022-06-27,Success
20907,2149,26388,2022-12-21,Success
937,1055,20709,2023-03-01,Success
33625,2332,625,2022-07-16,Success
55708,51,22697,2022-12-10,Success
34640,584,26041,2022-06-26,Success
42215,2803,25073,2022-05-02,Success
48348,2474,19800,2022-05-19,Cancelled by the passenger
30732,2205,32192,2023-01-30,Success
7236,723,16853,2023-02-07,Cancelled by the passenger
42575,2131,28720,2022-03-20,Success
735,270,34002,2023-02-20,Success
53933,2224,28816,2022-09-21,Success
40667,2662,13941,2022-11-22,Success
9193,2666,6814,2022-10-02,Success
55942,2312,6860,2022-11-16,Cancelled by the passenger
19237,2304,36611,2022-04-12,Success
37133,1694,19389,2022-09-20,Success
40641,2879,38019,2023-03-11,Success
41767,1001,21826,2022-12-19,Rejected by the driver
46068,1200,5196,2022-06-04,Success
55303,891,22189,2022-10-06,Cancelled by the passenger
37162,1961,1229,2022-03-25,Success
28041,1816,8105,2022-11-10,Success
24082,2329,2414,2023-02-13,Rejected by the driver
38623,1710,7845,2022-09-25,Rejected by the driver
1240,2262,32765,2023-03-17,Success
42918,2123,38804,2022-08-19,Success
25698,1980,23157,2022-07-09,Success
46937,2124,37219,2022-09-30,Success
8286,104,13057,2023-03-25,Success
15000,1973,4296,2023-01-27,Success
7057,289,26801,2023-03-10,Success
51358,2408,5589,2022-04-26,Success
51792,1759,12016,2022-06-10,Success
18707,2642,39229,2022-05-02,Success
8465,1796,7786,2022-07-12,Success
59206,1982,38488,2022-06-02,Rejected by the driver
16529,1032,17591,2022-04-20,Success
6281,1601,31677,2022-05-14,Cancelled by the passenger
1642,1183,29932,2022-08-09,Cancelled by the passenger
59972,2839,25537,2022-03-24,Success
30767,1850,32005,2023-03-03,Success
55476,2090,20199,2022-07-06,Cancelled by the passenger
13936,1095,9796,2022-10-26,Success
35902,421,11036,2022-04-14,Cancelled by the passenger
51170,2131,270,2023-03-03,Rejected by the driver
9705,1617,10673,2022-11-01,Success
39321,1800,4741,2022-12-25,Success
53894,392,10180,2022-11-24,Rejected by the driver
40308,2535,9214,2023-03-15,Rejected by the driver
34197,2352,17971,2023-01-11,Success
17161,1813,34673,2022-09-17,Success
33852,1494,25890,2022-11-01,Success
55625,606,16090,2022-08-28,Success
13363,306,37876,2022-12-14,Success
14060,167,24128,2022-09-24,Success
27651,1930,35427,2022-10-22,Cancelled by the passenger
13504,2183,30003,2022-04-13,Success
23473,1654,37543,2022-08-31,Success
16595,1606,20682,2022-11-15,Success
56163,1610,10922,2022-07-24,Rejected by the driver
46553,1556,9150,2022-03-22,Cancelled by the passenger
53815,2155,16841,2023-02-02,Success
18792,579,15667,2022-11-24,Success
27826,551,13476,2022-04-09,Rejected by the driver
38068,732,2269,2022-07-01,Cancelled by the passenger
20368,822,10963,2022-06-30,Cancelled by the passenger
30073,2918,24673,2022-10-16,Success
47150,835,38076,2022-05-06,Success
27730,2655,6595,2022-06-16,Success
52111,1084,33476,2022-11-07,Cancelled by the passenger
29526,1984,21774,2022-08-14,Success
313,2164,17552,2022-07-03,Success
44101,1356,28079,2023-01-02,Success
55943,285,34115,2023-01-29,Success
23250,1306,32052,2022-06-30,Cancelled by the passenger
23709,2295,26807,2022-06-29,Rejected by the driver
46430,2339,26226,2022-08-06,Success
32352,2833,33513,2022-09-13,Success
44925,2214,33864,2022-11-18,Success
32073,2059,28676,2022-10-18,Success
58261,341,19497,2023-03-24,Success
39240,151,16324,2023-04-09,Success
17872,2260,25950,2023-02-15,Success
15985,2685,39874,2022-11-30,Success
12563,1463,8472,2023-01-07,Rejected by the driver
4661,1094,9222,2022-11-01,Cancelled by the passenger
24098,749,12961,2022-06-19,Success
16915,2394,24719,2022-10-17,Success
23617,650,24218,2022-11-06,Success
21480,1171,39383,2022-05-04,Success
49792,2413,4528,2023-03-16,Success
16948,2776,33824,2022-04-20,Rejected by the driver
51439,1142,10389,2022-06-05,Success
29007,2065,22996,2022-06-18,Success
22354,1827,26309,2023-03-28,Success
15277,2813,412,2022-05-08,Success
19551,515,1384,2023-02-21,Success
37628,2119,3858,2023-04-02,Success
51917,633,32826,2022-08-13,Success
52003,1185,8791,2023-01-07,Success
30515,182,7240,2022-05-21,Success
29673,900,38016,2022-11-13,Success
31529,2398,17775,2023-02-01,Success
33250,2427,727,2022-04-08,Success
10203,561,36405,2023-04-01,Success
52285,1018,6517,2022-05-13,Rejected by the driver
49811,2168,18450,2023-01-21,Success
59855,1569,20057,2022-04-02,Success
24192,922,2375,2023-04-15,Success
45183,2191,33756,2022-12-21,Rejected by the driver
12606,1114,16606,2022-10-19,Success
10093,570,21437,2023-04-12,Success
14873,2275,38743,2022-10-16,Cancelled by the passenger
33475,108,36148,2022-04-30,Cancelled by the passenger
194,2646,6576,2022-07-11,Rejected by the driver
58909,2248,36704,2023-01-26,Success
11789,1862,21615,2023-02-05,Success
51529,2687,11343,2022-10-30,Success
46484,2140,30981,2022-12-23,Success
22931,393,28762,2022-04-30,Success
57936,1364,14336,2022-05-08,Success
48518,449,32158,2022-07-04,Success
32931,2408,8474,2022-09-19,Success
53326,2526,14417,2022-04-21,Success
32161,2650,18877,2022-12-16,Success
40161,1976,14794,2022-08-21,Rejected by the driver
26157,469,1115,2023-02-25,Rejected by the driver
55924,1688,7846,2022-09-25,Success
17840,1803,32806,2022-08-30,Success
29381,240,5466,2023-03-31,Success
59957,657,20075,2022-09-23,Success
21489,391,9668,2022-03-19,Success
19059,1704,2244,2023-02-27,Rejected by the driver
46936,1625,28322,2022-04-28,Success
6207,908,1276,2022-07-14,Success
6936,2913,5518,2022-07-22,Success
5481,1441,12515,2022-08-02,Success
58591,1202,380,2023-01-14,Success
49732,1014,27032,2022-11-13,Rejected by the driver
58794,342,24361,2022-12-13,Success
56011,1394,28023,2022-09-27,Success
16701,2435,4689,2023-02-13,Cancelled by the passenger
46387,2279,7392,2022-11-18,Success
44689,2396,22142,2023-04-08,Success
5667,2988,26109,2023-01-10,Success
2612,2975,19474,2023-02-14,Success
36800,2362,18271,2022-07-06,Rejected by the driver
20896,2957,16081,2023-03-06,Success
28418,2486,16755,2022-06-25,Success
50378,2261,14647,2022-08-27,Success
32459,201,4997,2023-02-09,Rejected by the driver
24412,44,15857,2022-03-14,Success
47510,1084,12016,2022-05-16,Rejected by the driver
6784,410,39881,2022-09-20,Success
9810,311,30701,2022-09-27,Rejected by the driver
48562,1854,29824,2022-06-12,Success
57315,382,36538,2022-03-14,Success
58705,940,4655,2022-09-27,Cancelled by the passenger
20701,2396,10754,2022-09-07,Rejected by the driver
12944,878,30315,2022-05-22,Cancelled by the passenger
33811,2384,15457,2022-12-26,Success
43416,1368,26944,2022-06-21,Success
20751,2665,31705,2022-10-20,Success
56809,2170,20850,2022-06-29,Success
22717,1781,5512,2023-01-02,Success
20850,1734,28986,2022-10-08,Success
32544,645,15679,2022-10-29,Success
45554,916,12715,2023-02-12,Success
22858,121,9957,2022-10-29,Success
25807,2446,22354,2023-02-27,Success
45325,2055,28325,2023-02-06,Cancelled by the passenger
6569,2001,4083,2022-09-19,Success
22552,465,5101,2022-09-21,Success
23364,1641,22247,2023-02-17,Rejected by the driver
33109,1848,23321,2022-08-05,Success
35927,2967,15478,2023-04-05,Success
44398,1944,20365,2023-03-05,Rejected by the driver
26711,773,19620,2022-08-22,Success
29440,2945,8400,2023-01-28,Cancelled by the passenger
48371,1171,33745,2023-03-17,Success
11102,2181,36540,2022-04-21,Cancelled by the passenger
38901,1322,21689,2023-03-07,Success
46047,141,26758,2023-02-03,Success
32229,709,14348,2022-09-01,Success
1225,2533,31142,2022-06-12,Success
23778,681,27040,2023-01-22,Success
22133,1114,14360,2022-08-30,Rejected by the driver
45060,1115,10068,2023-01-04,Success
39535,2440,9768,2023-03-11,Success
18215,2878,36205,2023-03-31,Success
2617,2712,1433,2022-12-08,Success
47458,1977,35478,2023-01-08,Success
49513,45,32034,2022-09-03,Rejected by the driver
17550,2255,19334,2022-07-13,Success
54952,2613,35350,2022-03-29,Success
45786,2211,9215,2023-02-05,Success
41652,1674,17210,2022-07-29,Success
37839,2774,24456,2022-09-05,Success
19346,556,11120,2023-02-28,Success
25592,1737,4031,2023-03-18,Cancelled by the passenger
42806,1372,35326,2022-03-19,Cancelled by the passenger
2220,2120,11266,2023-01-17,Success
24565,316,39329,2022-05-26,Success
4755,525,7729,2022-05-10,Success
49977,2987,15847,2022-07-13,Success
54154,2922,20585,2023-01-14,Success
40435,2177,243,2022-10-13,Rejected by the driver
54361,1145,35388,2022-06-14,Rejected by the driver
42495,483,30555,2022-09-14,Cancelled by the passenger
46599,408,34421,2022-05-16,Success
34593,995,11728,2022-12-27,Success
31154,1728,20630,2022-04-15,Success
6025,1177,30364,2022-11-27,Success
753,1728,39324,2022-08-21,Success
26504,2190,10212,2022-03-31,Success
19799,1736,16102,2022-11-28,Success
14452,978,23770,2022-06-30,Success
8640,1645,28503,2022-08-23,Success
46320,954,23703,2022-05-28,Rejected by the driver
20502,1667,36815,2022-06-21,Success
36189,1333,11178,2022-05-10,Success
17209,1938,28648,2022-07-05,Success
9138,1603,32177,2022-08-02,Rejected by the driver
17852,2589,14773,2022-07-11,Rejected by the driver
26062,2172,28204,2022-06-24,Cancelled by the passenger
55016,1503,14799,2023-01-17,Success
6699,242,21395,2022-05-09,Success
39425,134,19716,2022-07-14,Success
15967,228,14087,2022-05-05,Success
27095,1311,4545,2022-08-05,Rejected by the driver
32174,2966,39051,2022-09-29,Success
14253,1045,24693,2022-09-26,Cancelled by the passenger
6805,2413,9267,2022-11-27,Success
53570,689,4372,2023-02-08,Success
39428,1600,30816,2022-12-25,Success
19940,1941,19191,2022-12-12,Success
36188,964,19517,2023-01-27,Success
45668,621,1285,2023-04-07,Success
21857,891,13537,2023-03-22,Success
33699,656,12912,2022-07-05,Success
59120,567,38277,2022-05-01,Success
37614,2225,6538,2023-04-09,Success
10943,1982,32935,2023-02-24,Success
16147,2217,3806,2022-09-18,Success
21843,222,3684,2023-01-23,Success
36642,1146,30060,2022-03-19,Success
12402,1613,4942,2022-06-15,Success
18156,1157,24397,2023-01-19,Rejected by the driver
10514,1459,30193,2022-12-08,Success
10576,1882,11421,2022-06-19,Success
34982,1908,35942,2022-06-30,Success
12802,2281,24054,2022-05-24,Success
883,1814,29459,2023-03-01,Rejected by the driver
57318,124,35265,2022-09-29,Success
55969,2767,31830,2022-11-02,Success
55783,766,31265,2023-03-24,Cancelled by the passenger
53068,2470,21677,2022-05-26,Success
7035,2264,25182,2023-04-01,Success
59502,1715,23776,2022-09-07,Success
13836,2956,24658,2023-04-04,Success
42222,2166,31959,2023-02-24,Success
16928,2034,33388,2023-02-26,Success
2757,1324,5478,2023-03-28,Success
47864,1208,27825,2022-07-07,Success
2771,207,769,2022-05-15,Rejected by the driver
18052,1603,31215,2022-04-23,Success
35350,1860,19148,2022-11-12,Success
25045,2615,9103,2022-04-17,Rejected by the driver
46268,2810,9877,2022-09-02,Rejected by the driver
21593,2347,38206,2022-08-31,Cancelled by the passenger
25076,853,902,2022-11-26,Success
22299,1587,14689,2022-11-22,Success
1811,2113,9586,2022-06-25,Rejected by the driver
59675,1645,8723,2022-05-03,Success
19060,304,14273,2022-12-14,Success
9730,577,6789,2023-04-12,Success
13302,277,33618,2022-05-29,Rejected by the driver
220,2759,18267,2022-05-01,Success
56987,350,21936,2023-02-11,Success
43793,1460,3554,2023-02-15,Success
197,175,37708,2022-09-03,Rejected by the driver
10223,324,30774,2023-03-07,Cancelled by the passenger
6870,2852,12955,2023-03-05,Success
56121,78,19953,2023-02-26,Success
42381,243,26151,2022-05-12,Success
22620,379,12300,2022-10-11,Success
575,1862,14593,2023-01-11,Success
38258,954,27333,2023-03-08,Success
55323,2672,34281,2022-11-07,Success
42917,2097,14888,2022-12-09,Success
33433,666,2780,2022-11-11,Success
46824,2678,2068,2022-08-25,Success
20074,2864,25694,2023-04-09,Success
22519,2683,38707,2022-11-20,Success
29080,1076,21552,2022-09-23,Success
39112,231,37898,2023-04-02,Rejected by the driver
45490,2979,10105,2022-11-24,Success
45176,1112,21045,2022-07-14,Success
28654,1392,16308,2022-05-13,Success
20050,2293,17808,2023-04-04,Rejected by the driver
29517,2498,12186,2022-05-30,Success
31878,1655,38441,2022-06-23,Cancelled by the passenger
37001,1415,18590,2022-04-05,Success
2789,630,4420,2022-11-27,Success
45396,1234,17827,2023-02-19,Success
11950,246,14596,2022-08-28,Success
54355,1189,6093,2022-06-17,Success
24604,1120,9704,2022-07-04,Rejected by the driver
21523,2038,11351,2023-01-07,Success
36302,1460,33991,2023-02-15,Rejected by the driver
53493,1756,34337,2022-10-15,Success
25854,2905,581,2022-03-30,Rejected by the driver
24402,1917,14534,2023-02-10,Success
31875,1188,28172,2023-01-08,Success
30854,1226,25615,2022-12-28,Success
51929,1608,14313,2022-10-17,Success
5095,513,32992,2022-04-05,Success
27659,2298,39119,2023-01-04,Success
59106,1425,32412,2023-01-11,Success
5609,1356,20583,2022-08-03,Success
12365,895,16766,2022-12-06,Success
41375,2754,25085,2022-05-16,Cancelled by the passenger
47009,987,13955,2022-06-15,Success
7138,139,28180,2022-07-19,Cancelled by the passenger
47258,1245,39285,2022-07-27,Success
24173,1974,119,2023-02-17,Cancelled by the passenger
21838,2878,15162,2022-08-01,Success
35383,983,20687,2022-05-10,Success
38253,1845,30489,2022-12-19,Success
40233,2475,10861,2022-09-07,Cancelled by the passenger
42375,1585,9165,2022-07-17,Success
31303,2666,5561,2022-06-26,Rejected by the driver
7726,2032,27305,2022-03-22,Cancelled by the passenger
24178,2401,26528,2022-12-23,Success
59251,2810,12036,2023-02-14,Cancelled by the passenger
41085,405,28603,2022-12-30,Success
15541,2136,36306,2023-01-22,Success
35974,2100,33017,2022-04-09,Success
13989,2499,25330,2023-01-02,Rejected by the driver
56356,1669,38286,2022-09-09,Rejected by the driver
35198,1217,29570,2022-09-21,Success
14270,2134,31936,2022-08-28,Success
40989,1948,9366,2022-04-04,Cancelled by the passenger
36583,153,13553,2023-02-22,Cancelled by the passenger
12666,2098,37560,2023-03-26,Success
41317,452,9376,2022-06-03,Success
48526,141,13729,2022-04-05,Cancelled by the passenger
10090,1777,31617,2022-07-05,Success
55255,117,30619,2022-09-11,Success
51351,1417,34276,2022-07-05,Success
13638,1356,15280,2022-07-04,Success
56645,1392,23797,2022-04-28,Success
49875,686,28756,2023-01-18,Success
24602,1421,11470,2022-03-19,Success
28121,2849,23473,2023-01-04,Success
14245,2700,8197,2023-03-07,Success
36536,1744,39968,2022-08-10,Success
38474,525,29987,2022-10-10,Cancelled by the passenger
44079,452,19100,2023-01-18,Success
3801,1008,38927,2022-03-25,Success
54074,1028,5141,2022-09-30,Success
9727,2270,7099,2022-12-30,Success
14844,1647,19362,2023-04-03,Success
25646,1484,37945,2022-05-27,Rejected by the driver
27650,1062,34476,2023-03-03,Success
48231,797,33749,2022-04-23,Success
24908,2429,30497,2023-04-07,Success
3428,40,32256,2022-06-21,Success
18207,1744,11679,2022-08-26,Success
11722,457,4126,2022-09-12,Success
24476,984,5746,2022-10-21,Success
52679,2483,25737,2022-12-04,Rejected by the driver
45549,250,7829,2022-07-31,Success
17338,1527,5019,2023-03-04,Success
36975,490,1120,2023-01-23,Success
25735,693,6979,2022-09-29,Success
55040,195,32537,2023-04-05,Success
33935,2752,27593,2022-10-27,Rejected by the driver
12128,1756,35267,2023-03-30,Rejected by the driver
57958,923,18033,2022-11-15,Success
8721,1386,21033,2022-12-02,Success
53438,985,14575,2022-10-28,Cancelled by the passenger
39368,2251,23965,2022-06-28,Success
45926,1289,4045,2022-05-27,Success
55902,604,25207,2022-04-05,Rejected by the driver
44526,2622,24216,2022-06-25,Success
54894,492,5723,2022-12-23,Cancelled by the passenger
51999,1007,9736,2022-08-18,Rejected by the driver
3166,180,25443,2022-04-18,Rejected by the driver
56766,2580,2340,2023-02-11,Success
28674,2414,2253,2022-07-23,Success
31281,2438,10578,2022-08-30,Success
27672,2229,23519,2022-12-06,Success
33756,1665,15109,2023-01-19,Success
14347,441,9798,2022-03-25,Success
35651,951,15889,2022-06-01,Success
30163,1775,10288,2023-03-05,Success
32560,84,12894,2022-04-09,Success
41260,1524,32390,2022-04-26,Success
14892,2190,30346,2023-01-10,Cancelled by the passenger
4365,2889,5529,2022-06-29,Success
9049,1673,9655,2022-10-08,Success
41191,271,33153,2022-07-19,Success
20572,1280,19103,2023-02-12,Success
30926,981,30719,2022-09-06,Success
32991,305,25783,2023-01-04,Success
48891,1487,38380,2022-04-01,Cancelled by the passenger
42024,2092,33043,2022-04-24,Success
18640,1662,33441,2022-04-13,Success
38973,90,11718,2022-04-29,Success
36239,2601,8834,2022-04-07,Success
23036,192,9468,2022-12-15,Success
10763,793,23855,2022-11-11,Rejected by the driver
54983,982,13424,2022-12-07,Success
1996,1605,36501,2022-04-07,Rejected by the driver
29191,208,36127,2023-03-04,Success
39260,2380,39557,2022-07-22,Success
54709,714,29520,2022-06-05,Success
23142,2845,21572,2022-06-16,Success
59892,768,10978,2022-08-19,Success
44728,1187,39767,2023-01-04,Rejected by the driver
51281,1551,31758,2022-08-09,Success
52963,243,27335,2022-04-18,Rejected by the driver
32502,2607,29271,2023-03-20,Success
2339,2318,19457,2022-08-20,Success
23350,1568,19608,2023-04-13,Success
21947,994,19788,2022-08-22,Success
25782,2642,34878,2022-04-11,Cancelled by the passenger
4590,2360,33177,2022-06-15,Cancelled by the passenger
8700,1426,34844,2022-05-12,Success
19422,1316,3145,2022-09-05,Rejected by the driver
41573,2817,474,2023-03-24,Rejected by the driver
26483,1676,16976,2022-11-08,Success
18074,1580,10721,2022-07-20,Success
16514,1964,18375,2022-09-18,Success
43534,1483,5835,2022-03-29,Success
46589,130,25855,2023-01-25,Success
53282,2356,28531,2022-08-20,Rejected by the driver
39900,1533,370,2023-02-24,Success
8503,871,16897,2023-01-09,Success
38190,1801,39891,2022-05-09,Success
5207,1552,15531,2022-12-31,Success
48677,771,11051,2022-12-08,Success
3278,2656,39380,2022-07-31,Success
50093,2664,24465,2022-05-23,Rejected by the driver
29787,1191,18629,2022-04-17,Success
19797,246,19069,2022-09-12,Success
16405,840,8716,2023-01-11,Success
45582,2514,25085,2022-03-20,Cancelled by the passenger
30078,2676,24979,2022-08-04,Cancelled by the passenger
48497,1695,37445,2022-05-11,Success
17175,207,32908,2023-03-12,Cancelled by the passenger
19272,364,25415,2022-12-01,Cancelled by the passenger
31913,923,24782,2022-05-16,Success
21955,2584,16187,2022-08-12,Cancelled by the passenger
20114,253,33688,2022-12-07,Success
50918,2495,21052,2022-06-24,Rejected by the driver
22426,1375,28640,2023-03-10,Success
58783,1263,6754,2023-04-03,Success
56615,797,27535,2022-07-20,Success
25485,1123,16694,2023-03-07,Cancelled by the passenger
5904,1159,12146,2022-07-20,Success
13938,2158,13963,2022-11-12,Cancelled by the passenger
26892,690,23535,2022-08-05,Rejected by the driver
2485,904,20352,2022-09-25,Success
10448,158,21081,2023-01-01,Success
11878,2602,26277,2022-04-01,Success
35944,1744,29222,2022-09-14,Success
50579,840,467,2022-06-26,Success
25131,2327,24134,2022-11-24,Success
43784,1346,10710,2022-05-25,Rejected by the driver
6666,2466,23443,2022-10-13,Success
7207,2428,9760,2022-05-30,Success
42022,1627,32651,2022-12-24,Success
28765,30,18093,2023-04-03,Success
43998,1124,2654,2022-03-12,Success
57171,2854,19484,2023-03-15,Success
36662,518,2689,2022-11-11,Success
14937,2224,33943,2023-01-05,Success
52045,408,20726,2023-03-25,Cancelled by the passenger
36260,1478,21510,2022-10-10,Success
49154,374,26102,2022-04-22,Success
4221,1554,28078,2022-06-22,Success
58072,1454,31922,2022-06-03,Success
34070,676,3454,2022-10-10,Success
38653,2370,39177,2022-10-06,Success
29182,1301,8418,2022-03-26,Success
1198,2884,5417,2022-03-17,Success
10135,195,2057,2022-07-17,Success
5520,2094,25932,2022-12-31,Success
46123,954,27306,2023-01-22,Success
43151,1433,37424,2022-11-09,Success
29714,1840,31749,2022-05-04,Success
30770,1795,15958,2022-10-02,Success
40556,1116,7929,2022-07-15,Rejected by the driver
1520,443,7254,2022-09-05,Success
36452,57,26211,2022-11-17,Rejected by the driver
20190,2083,11770,2023-03-16,Success
35445,1688,11953,2023-02-06,Success
18000,2179,537,2022-08-08,Success
19724,735,6330,2023-03-07,Success
12842,2673,23308,2023-03-20,Success
25419,407,12973,2022-10-16,Success
54877,1702,1401,2022-08-30,Rejected by the driver
13530,147,6589,2022-06-24,Success
8491,553,26606,2023-01-01,Cancelled by the passenger
19827,901,28625,2022-10-06,Success
28574,2297,7378,2023-01-10,Rejected by the driver
8973,2626,3124,2022-10-02,Success
55842,1355,46,2022-08-28,Success
18631,1555,3093,2022-12-10,Rejected by the driver
3098,2948,18127,2022-05-03,Rejected by the driver
17651,2762,38149,2023-01-08,Rejected by the driver
10783,1625,36357,2022-06-08,Rejected by the driver
11490,587,28213,2022-04-23,Success
2480,1224,29581,2022-06-09,Cancelled by the passenger
41013,2848,17481,2022-06-22,Rejected by the driver
5436,2115,23052,2022-09-03,Success
17519,666,13901,2022-04-03,Success
47248,814,4033,2022-11-28,Success
9240,1029,30420,2022-03-23,Rejected by the driver
8780,13,31249,2022-03-19,Success
11054,314,13495,2022-11-29,Success
39197,937,14620,2022-09-14,Success
25158,1283,15667,2022-05-02,Success
2567,2343,31329,2022-09-02,Success
54396,1355,11193,2023-04-02,Success
20382,2112,14545,2022-11-09,Success
20927,1678,28044,2022-05-27,Success
22221,2221,19465,2022-12-19,Success
47455,2327,17389,2023-04-07,Success
56933,2627,14447,2022-09-27,Success
19273,2796,466,2022-05-02,Success
51137,2429,14675,2023-01-09,Success
1704,1070,25169,2022-09-10,Success
19726,2679,17673,2023-03-21,Cancelled by the passenger
20207,2075,26523,2022-10-08,Success
23211,955,6167,2022-04-30,Cancelled by the passenger
54023,1379,23330,2022-04-08,Success
34857,208,32421,2022-07-26,Cancelled by the passenger
6420,2658,34333,2023-01-05,Cancelled by the passenger
52680,225,30921,2022-07-25,Success
9499,2291,11344,2022-05-01,Success
24931,1069,11499,2022-12-19,Success
5669,2107,12156,2023-03-04,Success
48330,2537,36467,2023-01-16,Success
2208,482,28064,2023-02-09,Success
7168,293,26982,2023-01-15,Success
25596,2488,14970,2022-10-07,Cancelled by the passenger
59294,1405,5518,2022-11-03,Success
59886,178,10608,2023-01-18,Success
9015,2897,29159,2022-05-29,Success
54849,480,9278,2022-07-11,Success
44514,214,5708,2023-03-18,Success
3318,2534,33372,2022-08-14,Success
22900,118,6235,2022-12-02,Rejected by the driver
32029,302,38965,2022-11-05,Success
36070,2125,29393,2022-03-27,Rejected by the driver
33327,2435,28444,2022-08-22,Success
20695,1845,24136,2022-09-07,Success
16453,2794,12279,2022-09-06,Cancelled by the passenger
46286,1121,36097,2022-12-29,Cancelled by the passenger
39749,1905,23806,2023-04-05,Rejected by the driver
35414,1104,14473,2022-05-18,Success
1927,1394,33774,2022-09-18,Success
57856,2658,31270,2022-04-08,Success
37575,2839,30765,2022-06-21,Success
12562,965,53,2022-11-25,Rejected by the driver
52117,876,19991,2022-10-22,Success
35455,2816,14084,2022-06-26,Rejected by the driver
16907,1136,15761,2023-02-25,Success
2919,830,6463,2023-04-09,Success
5508,1228,3490,2022-12-19,Cancelled by the passenger
8020,2229,34699,2022-04-23,Success
44598,1437,39057,2023-02-10,Rejected by the driver
3984,2775,10392,2022-07-02,Success
7585,2158,12942,2023-02-02,Success
39329,1830,538,2022-12-03,Rejected by the driver
1133,1920,29287,2022-05-12,Cancelled by the passenger
4047,522,38617,2022-07-15,Success
15790,1089,23446,2022-10-22,Success
11039,2905,35650,2022-10-01,Success
9770,128,6889,2023-03-16,Success
3626,605,7322,2022-12-29,Success
45892,303,12305,2022-05-06,Success
2280,2313,4349,2022-08-28,Success
59872,1686,4849,2022-12-26,Success
5323,2874,5637,2022-09-03,Success
45666,2323,5685,2022-11-02,Success
39091,419,19198,2022-10-09,Rejected by the driver
29741,31,6856,2023-02-03,Success
45386,1528,31901,2022-12-12,Success
6587,1898,29690,2022-06-01,Success
34701,557,20354,2023-01-13,Rejected by the driver
3884,36,35296,2022-04-06,Success
20372,376,28993,2022-12-06,Success
32613,2137,26904,2022-08-19,Success
30541,2085,8217,2022-08-03,Success
55145,2119,8526,2022-10-22,Rejected by the driver
33901,1013,15242,2022-12-08,Success
21335,552,7692,2022-08-06,Success
54184,1086,19553,2023-02-13,Success
20121,2026,28127,2022-09-26,Success
47268,548,3460,2022-04-25,Success
2770,755,19152,2022-05-22,Success
52265,2688,25617,2023-02-09,Success
44252,1299,9405,2022-07-24,Success
46838,1893,25247,2023-01-06,Success
31363,2790,39986,2022-05-06,Success
32847,558,18798,2022-06-01,Success
10402,2150,19168,2022-07-19,Success
18751,768,23069,2022-12-28,Success
11697,293,21478,2022-10-01,Rejected by the driver
48924,1030,5552,2022-03-31,Success
59167,372,5143,2022-06-30,Success
39149,1449,6150,2022-12-14,Success
47180,2928,33013,2023-03-01,Cancelled by the passenger
18373,2568,15537,2022-09-02,Success
15700,1766,28933,2022-10-16,Success
47835,2842,9785,2023-02-18,Success
617,1691,27251,2022-09-03,Cancelled by the passenger
57605,1211,476,2023-04-04,Success
19823,2326,10993,2023-03-03,Success
32327,1371,30226,2023-01-24,Cancelled by the passenger
47305,2244,16529,2022-09-22,Success
48447,2900,21197,2022-08-28,Success
32,1534,19688,2022-11-05,Cancelled by the passenger
33294,842,26470,2022-06-26,Success
27007,1155,32230,2022-03-19,Success
23066,600,6171,2022-12-15,Success
17604,225,36877,2022-04-19,Success
15034,804,13408,2022-04-27,Success
43695,549,12145,2022-10-05,Success
56790,479,13907,2022-06-01,Rejected by the driver
18540,2347,24622,2022-11-04,Success
901,2443,28832,2022-12-03,Success
45048,515,31202,2023-02-01,Success
12303,673,12942,2023-04-01,Success
21455,517,22758,2022-08-17,Cancelled by the passenger
2867,1338,39591,2022-08-16,Rejected by the driver
29578,989,26338,2022-07-16,Cancelled by the passenger
8421,1793,35576,2023-01-12,Rejected by the driver
16329,1284,25440,2022-06-06,Success
20535,1270,148,2022-10-24,Success
30626,668,14722,2022-06-15,Cancelled by the passenger
49808,2034,34137,2022-08-20,Rejected by the driver
20797,492,25005,2022-10-31,Rejected by the driver
30199,837,1541,2022-05-06,Rejected by the driver
31910,2286,37061,2023-01-03,Success
36873,44,15323,2022-06-08,Success
4991,874,9979,2023-04-13,Success
18361,1617,26675,2022-07-18,Success
28293,1380,25043,2022-07-19,Success
49816,5,13445,2023-01-10,Cancelled by the passenger
52989,2934,31393,2022-06-27,Success
55076,1741,7447,2022-08-23,Rejected by the driver
27840,2270,13097,2022-06-09,Success
36844,1927,34661,2022-11-28,Success
50779,2169,17753,2022-03-22,Success
27955,936,11427,2023-02-01,Success
1804,2763,7994,2023-02-10,Success
36911,911,1905,2022-08-12,Success
44746,1231,7318,2022-12-14,Success
27898,1287,8124,2022-05-24,Success
56132,582,39186,2023-03-29,Success
17431,770,33539,2022-08-02,Success
18770,2186,7866,2023-03-29,Success
44969,1789,37104,2022-05-15,Success
25412,888,15463,2022-04-24,Rejected by the driver
59468,2898,12116,2022-10-03,Cancelled by the passenger
7150,45,35767,2022-05-01,Success
49742,2018,27840,2022-05-02,Success
7420,668,2244,2022-09-22,Rejected by the driver
11735,194,8361,2023-01-19,Rejected by the driver
55200,1487,23635,2022-05-24,Success
8597,702,5538,2022-08-21,Success
21596,431,22010,2022-12-11,Success
20846,2446,33571,2023-02-04,Success
53381,2786,19194,2022-08-07,Success
49072,1977,34841,2023-03-19,Success
6856,2381,24896,2022-07-29,Success
11796,1989,20081,2022-06-29,Success
45652,2384,35620,2022-08-13,Success
23012,866,19525,2022-04-04,Success
13792,881,29341,2022-10-17,Success
51260,1355,9769,2022-07-21,Success
26734,1725,26218,2022-12-12,Rejected by the driver
17602,1500,22631,2022-06-19,Success
36447,1269,17552,2022-07-19,Success
3358,1970,39558,2023-02-14,Rejected by the driver
11545,1457,35130,2022-11-18,Success
21625,834,20933,2022-11-08,Success
1471,818,21066,2022-12-23,Cancelled by the passenger
56321,113,32099,2022-07-26,Success
24968,2197,29537,2022-05-15,Success
10858,2194,24997,2022-06-20,Cancelled by the passenger
33875,1052,21170,2023-03-02,Cancelled by the passenger
45033,12,38008,2023-04-10,Success
1814,1477,15326,2022-08-23,Success
47594,2534,38315,2023-02-07,Success
11958,1130,38904,2022-10-24,Cancelled by the passenger
27515,1185,14341,2022-03-24,Success
5670,1779,34974,2022-03-17,Success
33270,2891,39580,2022-07-05,Success
29240,1949,23156,2023-02-04,Success
38484,579,20550,2022-11-03,Success
34779,1567,29779,2022-11-18,Success
4929,321,9723,2022-06-14,Success
36798,340,8972,2023-03-08,Success
22713,1381,36445,2022-04-11,Success
53702,408,16351,2022-08-24,Cancelled by the passenger
3443,266,21849,2022-10-03,Cancelled by the passenger
45620,1196,18625,2023-03-05,Cancelled by the passenger
6971,2481,1400,2022-04-17,Success
32359,2178,34950,2023-04-05,Success
46236,2143,24907,2023-04-12,Cancelled by the passenger
54923,242,33904,2023-04-03,Cancelled by the passenger
49774,2601,13903,2022-09-29,Cancelled by the passenger
16359,623,1570,2023-03-11,Rejected by the driver
742,1904,26682,2022-05-03,Rejected by the driver
21854,2186,24891,2022-08-07,Success
17096,2268,32482,2022-04-22,Success
30555,681,19609,2023-04-14,Success
57768,872,19037,2022-11-16,Success
24729,222,12090,2022-08-18,Success
5092,2490,6542,2022-07-12,Rejected by the driver
43728,1446,30828,2022-09-12,Success
27461,1222,22107,2022-03-16,Success
25200,859,33156,2022-07-30,Rejected by the driver
4506,468,39038,2022-11-19,Success
21712,2866,17695,2023-02-17,Success
16718,2553,11059,2022-12-18,Cancelled by the passenger
58461,1952,11467,2022-12-18,Success
8537,323,34909,2023-01-30,Success
55093,1791,31281,2022-12-12,Cancelled by the passenger
46191,151,18913,2022-12-08,Success
2896,899,15073,2022-10-26,Success
38447,2992,38882,2023-03-12,Rejected by the driver
28446,1105,22331,2022-12-15,Rejected by the driver
35495,1108,7006,2022-10-20,Success
17477,2817,30885,2022-04-03,Rejected by the driver
17402,1291,2985,2023-02-11,Success
24450,332,14625,2022-05-16,Success
31359,1389,30069,2023-02-05,Rejected by the driver
10802,2843,3871,2022-09-03,Cancelled by the passenger
15568,273,6935,2022-07-31,Success
37577,333,18211,2022-08-01,Success
54207,477,31249,2022-10-06,Success
58739,1945,22038,2022-11-21,Cancelled by the passenger
35866,288,3823,2023-02-20,Success
2620,514,14716,2023-01-26,Rejected by the driver
54093,253,24948,2023-01-09,Success
30502,2182,6745,2022-11-03,Success
26784,105,1613,2022-11-13,Cancelled by the passenger
56039,2336,10226,2022-06-07,Success
53396,2216,20072,2023-03-22,Success
20884,537,7360,2023-03-01,Success
49960,2591,19282,2023-01-03,Success
59791,222,21731,2023-03-17,Success
54887,300,19705,2022-05-31,Success
59922,2930,27984,2022-10-17,Success
56236,2196,19010,2022-03-28,Success
44498,1887,22863,2022-11-26,Success
22983,361,33296,2023-04-05,Rejected by the driver
57467,2599,26224,2023-01-25,Success
5486,1916,32531,2022-05-18,Success
35729,693,38615,2022-03-30,Success
14218,2500,30409,2022-12-05,Success
34542,1083,23766,2022-06-26,Success
1265,3000,26417,2022-09-28,Success
20690,1835,13213,2022-12-11,Cancelled by the passenger
31668,2921,38408,2022-08-14,Success
18313,146,15985,2022-10-09,Success
31597,2041,21367,2022-03-19,Success
6231,2670,10365,2022-10-10,Cancelled by the passenger
46,2417,25492,2022-12-07,Success
2206,1469,150,2022-12-22,Success
19454,2253,28810,2023-02-24,Success
38385,994,3006,2023-03-07,Success
50131,838,2966,2022-05-17,Success
49829,2077,31447,2022-03-23,Success
28373,1264,2767,2022-08-05,Success
50689,1382,36081,2022-05-08,Cancelled by the passenger
48182,2025,4991,2022-12-29,Cancelled by the passenger
35538,769,3714,2022-10-03,Success
57871,2097,8549,2022-10-29,Success
47894,1973,18987,2023-02-06,Success
15631,2966,2375,2023-02-27,Success
49794,1466,23155,2022-11-03,Success
50731,2151,38151,2023-03-07,Rejected by the driver
11371,915,26507,2022-09-18,Success
24012,2367,39629,2022-06-13,Rejected by the driver
37309,2220,39291,2023-01-04,Success
6152,410,9435,2022-10-01,Success
54166,1914,25896,2023-01-10,Success
2887,2646,6108,2023-03-30,Success
59616,2216,13008,2022-09-08,Success
38308,92,8512,2023-03-10,Success
4572,27,32412,2022-09-05,Success
34557,2015,24853,2022-03-12,Success
31236,282,25702,2022-04-29,Rejected by the driver
13095,2048,16479,2022-07-10,Success
55497,125,15377,2022-03-12,Success
14194,1538,32313,2022-12-09,Cancelled by the passenger
52420,2391,16233,2023-03-22,Success
2943,1471,2969,2022-08-01,Cancelled by the passenger
28704,1383,28170,2022-11-05,Success
3481,1774,22999,2022-05-30,Success
23947,2751,19834,2022-08-30,Success
38151,385,6614,2022-09-12,Rejected by the driver
2952,1271,32283,2022-10-03,Success
5248,1501,13829,2023-02-16,Rejected by the driver
26648,1224,34080,2022-09-05,Success
25430,2142,12059,2023-04-15,Success
52324,803,32076,2022-09-12,Success
29377,861,17001,2022-11-26,Success
54061,2101,1099,2023-03-03,Success
52424,2905,37936,2022-05-02,Success
28218,1866,19339,2023-02-28,Success
17217,2251,37641,2022-06-22,Success
35185,845,22675,2022-04-28,Cancelled by the passenger
22259,760,10964,2023-01-04,Cancelled by the passenger
42822,95,1173,2022-11-07,Success
40230,32,9219,2022-07-15,Rejected by the driver
49152,2385,23707,2022-09-29,Rejected by the driver
33609,2450,26325,2022-07-29,Success
9999,2029,36004,2023-02-15,Cancelled by the passenger
21064,124,6392,2022-11-04,Rejected by the driver
33071,1268,27405,2022-03-28,Success
14272,2432,5816,2022-10-28,Rejected by the driver
15966,907,39248,2022-07-29,Success
18489,207,13722,2022-08-01,Rejected by the driver
51394,81,23317,2022-09-30,Success
34577,1737,37875,2022-04-16,Success
32462,1834,25667,2022-09-05,Success
3840,726,25279,2022-08-04,Success
43328,1473,6050,2023-04-04,Success
44466,1738,13192,2022-11-14,Success
11163,1883,2582,2023-03-31,Success
19584,1163,37889,2022-07-15,Success
43687,1908,14695,2022-04-21,Rejected by the driver
17673,696,33738,2023-03-23,Success
52193,1444,35599,2022-06-26,Rejected by the driver
27366,26,33717,2022-07-13,Cancelled by the passenger
42763,763,14315,2022-09-07,Success
57633,1817,11450,2022-07-08,Success
54754,538,33367,2022-08-05,Success
1407,133,34232,2022-05-04,Rejected by the driver
569,984,19329,2022-07-18,Success
40970,2079,22411,2022-05-24,Success
22572,1784,30944,2023-02-01,Success
8033,2781,30859,2023-01-13,Cancelled by the passenger
57224,1062,4831,2022-12-01,Success
12619,204,22540,2022-07-24,Success
30394,1297,23208,2022-05-01,Rejected by the driver
4916,308,1629,2022-03-26,Success
36388,1526,13531,2022-07-06,Rejected by the driver
37158,981,17292,2022-11-14,Success
37762,2667,12480,2022-09-08,Success
51502,2869,9669,2022-12-01,Success
54320,578,8813,2022-07-23,Success
21690,1294,8667,2022-05-30,Success
12949,1706,28198,2022-07-05,Success
58741,212,37372,2023-02-13,Success
54796,1272,29673,2022-09-26,Success
3416,616,38234,2022-04-17,Success
47384,1145,14679,2023-01-08,Success
12895,2899,8289,2022-10-20,Success
12941,1703,38501,2023-02-28,Cancelled by the passenger
11700,2687,24193,2022-05-08,Rejected by the driver
45741,2553,12751,2022-03-22,Success
27355,2322,16154,2022-12-04,Success
42454,1534,14909,2022-04-28,Success
2307,96,4352,2023-02-26,Success
51817,2357,16373,2022-07-28,Success
9667,948,35248,2023-04-03,Success
19826,1126,2555,2022-10-27,Success
6122,1149,14497,2022-12-17,Success
4273,2805,33109,2022-04-15,Success
58285,1155,36076,2022-08-25,Success
58824,266,13747,2023-02-28,Success
15127,1532,18186,2023-03-31,Success
48443,853,28284,2023-02-27,Success
38589,2051,9756,2022-10-30,Success
54055,2411,18807,2022-05-20,Success
53399,1910,35739,2022-08-03,Success
42355,177,32656,2022-11-28,Success
51642,2796,39802,2022-07-28,Rejected by the driver
32559,1009,35165,2023-02-12,Success
38227,2820,2270,2023-01-17,Success
59383,1573,36605,2023-02-01,Success
29540,1997,35067,2023-01-28,Rejected by the driver
36554,2076,12356,2023-03-25,Rejected by the driver
12262,1481,16175,2022-07-16,Success
36927,2694,31251,2022-09-30,Success
427,221,947,2022-10-22,Success
7309,1318,34835,2022-05-16,Rejected by the driver
27475,16,26521,2022-03-20,Success
29189,1049,20909,2022-12-22,Success
14491,2691,38249,2022-03-25,Success
53293,2600,19025,2022-05-27,Cancelled by the passenger
17223,2496,30422,2023-04-08,Success
32996,2072,32280,2022-11-20,Cancelled by the passenger
12473,846,4561,2022-10-15,Success
9188,2080,5419,2022-08-04,Success
55180,865,14985,2022-06-09,Success
52379,1658,35832,2023-01-07,Success
49245,984,12631,2022-11-08,Success
55618,2652,23973,2022-09-20,Rejected by the driver
24460,1797,30299,2022-05-01,Success
33119,922,16672,2023-03-11,Cancelled by the passenger
38388,1965,6038,2023-04-08,Success
6703,1460,24129,2022-11-09,Rejected by the driver
5593,669,8163,2022-08-01,Success
11752,1207,23409,2022-10-18,Success
55776,2668,32326,2022-06-29,Success
41021,2780,16528,2022-11-18,Cancelled by the passenger
16395,1578,1712,2023-02-27,Cancelled by the passenger
30425,583,37528,2023-02-10,Success
8983,739,25811,2023-01-24,Rejected by the driver
8829,2777,23562,2022-03-15,Success
7107,1138,38816,2022-08-18,Success
54299,622,11675,2023-03-01,Success
28529,2342,8810,2023-02-15,Cancelled by the passenger
29029,1029,30555,2023-03-17,Success
47214,754,3355,2023-03-20,Success
7822,2651,22361,2022-09-06,Success
23493,1866,37043,2022-08-02,Success
53168,1253,23710,2022-08-21,Rejected by the driver
42699,1904,14181,2023-01-11,Success
4969,1935,38341,2022-05-22,Success
48084,2135,23736,2022-04-14,Success
7665,360,13924,2022-03-19,Success
50416,2039,33294,2023-03-16,Rejected by the driver
37077,2087,38078,2022-08-30,Success
2751,1903,11305,2022-08-03,Rejected by the driver
9717,2737,22314,2023-02-17,Rejected by the driver
5030,1265,32660,2022-09-23,Rejected by the driver
42428,1403,8020,2022-05-01,Success
11189,1755,35571,2022-06-07,Success
29993,2011,1585,2023-01-09,Success
59392,2651,33229,2022-10-17,Success
37496,2064,32065,2022-09-03,Success
46910,1843,1974,2023-03-21,Success
21750,1507,19918,2022-09-05,Success
45677,1200,16507,2022-10-22,Rejected by the driver
50076,2597,4841,2022-05-20,Success
23231,2683,13505,2023-02-17,Success
33572,226,24258,2022-07-20,Success
55404,2260,23475,2022-12-25,Success
59933,571,16958,2022-05-12,Cancelled by the passenger
55132,1281,12069,2022-12-24,Cancelled by the passenger
36867,194,7604,2022-12-17,Success
38872,20,12582,2023-03-08,Success
15531,263,31252,2023-02-03,Success
31028,601,33355,2022-10-26,Success
28143,2123,21323,2022-03-15,Cancelled by the passenger
116,1287,19836,2022-07-16,Cancelled by the passenger
48216,2390,21174,2022-08-12,Success
37707,724,1505,2022-10-22,Success
13572,311,25639,2023-01-17,Success
21046,2652,9787,2022-03-26,Rejected by the driver
10057,2492,15264,2022-12-26,Rejected by the driver
54677,1267,18776,2022-06-09,Success
19714,1297,21678,2022-05-05,Success
14672,2329,36999,2022-07-28,Success
57608,1865,36951,2023-04-06,Success
21889,2890,25079,2022-11-06,Success
30507,1543,16098,2023-01-11,Success
52212,2672,11286,2022-12-17,Success
8575,1598,11082,2022-06-23,Success
1604,2002,14185,2022-06-03,Success
37119,1798,656,2022-03-20,Success
40362,2525,21849,2023-01-11,Success
44371,1229,18174,2023-01-22,Success
34681,713,33423,2022-07-20,Success
23374,1411,25487,2022-09-01,Success
15442,2020,5299,2022-04-01,Rejected by the driver
14159,371,4679,2022-08-21,Success
9668,1203,27576,2022-05-04,Success
19256,1858,37190,2022-07-09,Rejected by the driver
19085,994,8711,2022-06-19,Success
4488,2206,8053,2023-01-19,Success
2400,2094,1835,2023-02-27,Cancelled by the passenger
53979,2339,10053,2022-07-21,Success
48425,1249,22038,2023-01-26,Cancelled by the passenger
47860,433,8133,2022-07-31,Success
51770,568,24417,2023-03-14,Rejected by the driver
38241,2051,10745,2022-03-20,Rejected by the driver
30954,1904,32489,2023-01-22,Success
35306,572,33251,2022-03-23,Success
33286,844,31286,2022-04-10,Success
35673,2988,27498,2022-10-24,Cancelled by the passenger
10739,726,34743,2022-06-09,Success
24353,1158,439,2023-01-28,Success
9935,489,34823,2022-05-05,Success
4362,1561,29573,2022-06-03,Success
38257,2216,3169,2023-01-27,Success
46156,2479,26023,2022-04-06,Success
21832,1301,32523,2022-11-29,Success
57828,1673,13527,2022-09-09,Success
59023,2379,22262,2022-10-10,Success
19316,1638,39126,2022-10-14,Success
34288,24,24158,2023-01-31,Success
50038,1288,34369,2023-01-12,Rejected by the driver
34707,1646,18632,2023-01-05,Success
40608,791,23883,2022-06-23,Rejected by the driver
29656,2082,4113,2022-05-11,Success
5299,1312,15431,2022-05-11,Success
41841,1959,38057,2022-10-20,Cancelled by the passenger
59372,13,33817,2022-04-09,Cancelled by the passenger
26520,2797,11557,2022-12-13,Success
43182,1084,33444,2023-03-31,Success
45959,818,27802,2023-03-31,Success
19876,329,5820,2022-06-07,Success
23851,1850,37168,2022-05-12,Success
36123,2619,1111,2022-08-29,Success
47818,2878,28938,2023-04-01,Rejected by the driver
47284,1756,32625,2022-09-07,Cancelled by the passenger
6434,2199,8245,2022-06-05,Rejected by the driver
12282,2073,37923,2022-12-16,Success
30925,996,33758,2022-08-01,Success
33940,355,12943,2022-06-18,Success
21800,653,2129,2022-05-23,Success
24064,1976,14413,2022-06-06,Success
31744,1930,22019,2022-05-15,Cancelled by the passenger
43458,171,21315,2022-05-14,Cancelled by the passenger
9772,378,15946,2022-08-31,Cancelled by the passenger
51004,72,17746,2022-09-27,Success
10048,1679,27043,2022-12-25,Success
49815,1169,23936,2022-09-05,Success
15362,2619,11291,2023-03-16,Success
23181,744,4991,2022-11-11,Success
59270,2945,12777,2022-08-12,Success
42844,1795,25866,2022-10-20,Success
54305,1218,17965,2022-09-29,Rejected by the driver
49031,2812,36315,2022-12-06,Rejected by the driver
4564,1234,7542,2022-12-15,Success
56747,1157,33411,2022-04-10,Success
48309,539,19831,2022-07-12,Cancelled by the passenger
38555,17,37485,2022-08-04,Success
3567,1731,28406,2022-04-06,Success
2252,199,14643,2022-04-15,Rejected by the driver
2260,742,25530,2022-09-22,Rejected by the driver
46547,1567,10668,2023-01-27,Success
50045,1938,32580,2022-12-09,Success
28148,1333,35532,2022-04-25,Success
53043,1423,30619,2022-03-23,Success
7598,356,12066,2022-08-12,Rejected by the driver
56555,362,38441,2022-08-11,Success
7920,789,2584,2022-09-24,Success
52143,2214,24366,2022-12-28,Success
35816,117,21779,2022-05-05,Success
47390,509,18503,2023-03-19,Rejected by the driver
47127,523,17021,2022-08-19,Success
54963,496,18563,2022-08-12,Success
13206,1919,22977,2022-10-09,Success
28482,552,26074,2022-08-01,Cancelled by the passenger
9796,2179,38440,2023-04-15,Success
55994,1848,2514,2022-04-06,Rejected by the driver
10799,1077,38398,2022-11-19,Success
32355,1561,36545,2022-04-09,Success
8762,780,216,2023-04-11,Rejected by the driver
48292,2287,33802,2022-04-12,Success
6051,96,734,2022-05-09,Cancelled by the passenger
29433,1397,33984,2022-08-23,Success
18796,1903,22363,2022-12-28,Success
8415,2243,39009,2022-03-14,Cancelled by the passenger
52835,342,31880,2022-11-03,Success
37743,1501,5979,2022-03-20,Success
27524,2696,35486,2022-12-02,Rejected by the driver
17586,2758,38616,2022-10-01,Success
43936,955,11509,2022-09-27,Cancelled by the passenger
3859,2043,14504,2023-02-14,Success
24311,2434,15095,2023-01-23,Success
25254,142,31715,2022-06-25,Success
3246,2369,14191,2022-09-04,Success
13535,2899,20118,2022-11-21,Success
36756,1219,23011,2022-04-20,Success
18148,1553,27428,2023-04-14,Rejected by the driver
48126,2040,29130,2022-10-23,Success
452,2270,1001,2022-10-03,Success
15814,2433,31084,2023-02-07,Rejected by the driver
25803,1628,33464,2023-03-20,Success
24839,662,15313,2022-08-31,Success
46972,1605,20962,2022-09-18,Success
610,1159,32037,2022-12-05,Rejected by the driver
3934,2980,19457,2022-09-01,Success
51173,296,35223,2023-02-10,Success
20882,2541,28781,2022-06-10,Success
48169,1992,18042,2022-05-07,Success
11617,318,31332,2022-03-23,Rejected by the driver
16319,2855,11250,2022-07-26,Success
10042,351,5570,2022-05-19,Success
16477,1474,7039,2022-09-01,Success
13311,2446,27663,2023-02-01,Success
35564,1808,3558,2023-01-15,Success
33688,1489,4449,2022-06-02,Success
45506,1129,1427,2023-04-05,Success
20607,813,10045,2022-08-17,Success
59182,2841,2524,2022-06-26,Success
38702,70,6477,2022-06-13,Success
16034,2506,15262,2023-03-03,Success
54658,1509,34085,2022-09-17,Rejected by the driver
41989,2797,26382,2022-12-17,Success
36838,1038,20603,2022-10-21,Success
18016,1180,15084,2022-11-08,Rejected by the driver
10184,489,6156,2022-07-08,Success
33538,2184,28741,2023-03-18,Success
34829,81,28896,2022-09-03,Success
13600,1848,15717,2022-11-01,Success
30915,544,24738,2022-03-19,Success
58323,307,8964,2022-12-18,Rejected by the driver
44870,2674,4607,2022-07-22,Rejected by the driver
28498,2997,3944,2022-08-31,Success
28575,2528,16367,2022-11-06,Success
2905,1785,37941,2022-10-17,Cancelled by the passenger
37842,1022,9362,2022-06-20,Rejected by the driver
32252,687,20377,2022-07-03,Cancelled by the passenger
12585,2584,20994,2022-06-21,Cancelled by the passenger
26848,2255,18970,2023-04-05,Cancelled by the passenger
19944,2931,38586,2022-08-07,Success
13015,2668,25920,2022-09-03,Success
4389,756,7003,2022-06-08,Rejected by the driver
30024,1610,25190,2022-08-27,Cancelled by the passenger
16294,919,756,2022-12-21,Rejected by the driver
38882,2292,5732,2023-01-14,Rejected by the driver
18118,2015,24047,2022-04-13,Success
8368,2537,26250,2022-07-05,Success
49883,24,38311,2023-01-22,Rejected by the driver
631,1333,36723,2022-08-28,Success
27656,1602,38547,2023-02-04,Success
54974,2394,18366,2022-08-11,Success
45307,1335,25573,2022-10-04,Success
35505,2359,21011,2022-08-24,Success
26662,463,22115,2022-08-24,Rejected by the driver
29852,2512,8751,2022-04-26,Cancelled by the passenger
13783,2786,15392,2022-10-14,Success
12355,43,27072,2022-03-23,Success
22823,1322,14183,2022-10-12,Cancelled by the passenger
48109,2883,37970,2022-11-24,Cancelled by the passenger
40034,858,29474,2023-03-08,Success
25174,272,26913,2022-11-22,Success
26954,1678,2248,2022-08-04,Success
1368,53,36728,2023-03-17,Success
29631,1949,22894,2022-10-16,Success
39281,1058,21593,2023-03-22,Success
19568,467,1661,2023-03-24,Cancelled by the passenger
26222,1472,30916,2022-11-29,Success
44352,369,21421,2022-12-04,Success
51900,460,5939,2023-04-03,Rejected by the driver
52317,803,9976,2022-12-17,Success
56160,2151,36194,2022-09-29,Rejected by the driver
596,689,37036,2022-08-15,Success
27343,612,15268,2022-07-24,Success
20623,915,35352,2022-11-13,Success
18543,1090,35023,2022-05-30,Cancelled by the passenger
47357,2809,27754,2022-04-23,Success
49659,745,23714,2023-03-12,Rejected by the driver
42988,2755,24270,2022-05-01,Success
28120,2250,23710,2022-04-27,Rejected by the driver
48747,348,39971,2022-10-31,Cancelled by the passenger
11058,1724,5436,2022-11-12,Cancelled by the passenger
21746,2102,38621,2022-09-07,Success
52542,1382,19917,2022-08-13,Cancelled by the passenger
8892,2146,13298,2022-05-15,Cancelled by the passenger
17584,258,36235,2022-07-15,Rejected by the driver
58802,1090,34751,2023-03-16,Cancelled by the passenger
19240,1265,33427,2022-09-03,Cancelled by the passenger
23713,465,20636,2022-07-04,Cancelled by the passenger
7518,2939,20572,2022-03-30,Success
19134,2000,31841,2023-02-03,Success
51457,1669,3572,2023-01-05,Rejected by the driver
56902,441,3535,2022-07-31,Cancelled by the passenger
53797,2573,1655,2023-02-07,Success
52744,2509,538,2023-04-04,Success
6218,1430,13954,2023-03-31,Success
37501,1041,33280,2022-11-18,Success
35328,460,6287,2023-02-14,Cancelled by the passenger
38111,879,32432,2022-04-20,Rejected by the driver
17309,1535,25429,2022-12-01,Success
28140,2589,19575,2022-06-23,Rejected by the driver
45798,2289,21021,2022-11-13,Success
12529,1397,13882,2022-12-02,Success
25869,2103,25446,2022-05-20,Success
29057,618,19564,2023-03-02,Cancelled by the passenger
45976,1015,7895,2023-02-10,Rejected by the driver
15463,1429,34678,2023-03-16,Success
51215,2261,14728,2023-02-05,Success
9172,2223,671,2022-03-15,Success
37964,1324,39188,2022-07-13,Success
32556,899,26506,2022-05-21,Success
46585,1927,30047,2022-06-03,Cancelled by the passenger
14668,2381,19879,2022-05-02,Rejected by the driver
3133,671,10959,2022-07-26,Success
50880,1194,30536,2022-05-22,Success
41171,1448,1918,2022-03-12,Rejected by the driver
57514,2353,28392,2022-12-20,Cancelled by the passenger
52140,2143,3521,2022-12-26,Rejected by the driver
9961,1473,39574,2022-07-03,Success
36430,2555,4458,2023-02-27,Success
1893,1911,18420,2022-07-27,Rejected by the driver
27976,586,39383,2022-09-28,Success
30387,2663,10982,2022-09-05,Success
17790,2460,25711,2022-06-26,Cancelled by the passenger
48389,2675,29678,2022-09-15,Success
14176,2164,9077,2022-06-20,Success
58019,2844,28112,2022-10-09,Success
8052,2482,35337,2022-11-03,Rejected by the driver
40767,2969,24372,2022-04-05,Success
8666,910,20550,2022-06-24,Rejected by the driver
5768,689,8364,2022-09-03,Success
22181,226,21934,2022-10-27,Success
24651,525,27371,2023-03-24,Cancelled by the passenger
55544,396,2588,2023-03-13,Success
18550,1635,37253,2022-03-27,Success
55614,1947,7308,2022-12-10,Success
30633,1007,2994,2023-03-08,Cancelled by the passenger
26829,2857,39296,2022-09-24,Cancelled by the passenger
32291,2208,7701,2022-10-26,Rejected by the driver
720,856,33885,2022-10-16,Success
56994,2317,4747,2023-03-18,Rejected by the driver
3747,1641,6406,2022-10-26,Cancelled by the passenger
55822,1075,24418,2023-02-12,Rejected by the driver
10190,1490,19776,2022-04-21,Success
31343,2529,35270,2022-09-11,Success
22672,351,19942,2022-05-12,Success
39999,1515,14498,2023-02-04,Success
11547,1565,3893,2022-07-08,Success
38587,873,21161,2022-05-21,Cancelled by the passenger
18387,745,3781,2022-08-31,Success
54225,2863,22425,2022-06-15,Rejected by the driver
10416,940,544,2022-10-03,Success
10935,1806,32588,2022-11-24,Cancelled by the passenger
24089,506,5758,2022-03-23,Success
52376,1962,28978,2023-01-17,Cancelled by the passenger
40130,2705,1993,2022-07-13,Success
15031,2718,12272,2022-10-12,Success
54378,144,25645,2022-05-31,Success
57107,1625,7783,2022-05-14,Success
47870,784,16388,2023-02-07,Success
37926,1913,37551,2022-06-28,Success
42913,847,10802,2023-02-04,Success
55034,974,29563,2023-02-22,Success
34805,768,13632,2022-07-15,Success
22705,1245,26528,2022-12-06,Success
57039,2075,15575,2022-07-04,Success
40708,2296,26792,2023-01-04,Success
37602,1189,39595,2023-01-15,Cancelled by the passenger
51533,1494,37163,2022-10-08,Success
41286,2497,32644,2023-03-28,Success
28648,1132,20238,2022-06-21,Success
18484,1196,38940,2023-03-19,Success
24652,1897,30774,2022-10-13,Success
56822,301,37352,2022-08-30,Success
59672,1669,24541,2022-08-22,Rejected by the driver
28612,1758,8731,2023-01-24,Rejected by the driver
27823,2434,15783,2023-03-12,Success
48208,1299,13537,2022-11-30,Success
42631,931,21863,2023-01-04,Success
10754,138,20490,2022-11-04,Success
6806,1294,29731,2023-02-02,Success
11503,2557,30317,2022-09-26,Success
29339,107,37086,2022-06-04,Success
59628,627,29590,2022-08-18,Success
2784,472,13039,2022-12-17,Success
46501,1042,12307,2023-04-14,Success
21212,1701,10796,2022-10-06,Success
27471,1553,32612,2022-12-24,Success
33352,1380,15626,2022-09-18,Success
33900,2182,3534,2023-01-04,Success
19573,59,98,2022-06-29,Rejected by the driver
12898,1206,25471,2022-06-05,Success
56187,443,10867,2023-02-25,Success
39288,2688,36309,2022-07-22,Success
1525,1801,4830,2022-10-24,Success
39743,2044,1930,2022-10-03,Success
16674,1620,15027,2022-09-18,Success
45341,2205,20313,2022-04-15,Success
33219,2645,35152,2022-03-15,Success
14736,446,38127,2022-12-26,Success
19047,1890,13366,2023-02-07,Rejected by the driver
19745,2116,27220,2022-09-04,Success
25971,1061,23501,2022-07-26,Cancelled by the passenger
21419,2953,14811,2022-12-03,Success
25534,1811,25468,2022-09-19,Success
45220,2563,6870,2023-04-02,Success
2037,2785,37919,2022-12-23,Success
54007,1988,8229,2022-09-02,Success
32259,925,17928,2023-04-10,Success
9161,1415,18988,2022-05-02,Success
34615,769,21736,2022-06-28,Success
59754,1067,1963,2022-05-01,Success
9975,1232,2585,2022-05-08,Success
34161,932,2476,2022-09-02,Success
52385,2369,37420,2022-06-18,Success
56695,2736,8702,2023-02-20,Cancelled by the passenger
23539,2615,11110,2022-03-22,Success
54004,1823,32334,2023-02-07,Success
36387,1550,11985,2022-05-02,Rejected by the driver
7175,2099,26005,2022-03-29,Success
58077,2696,23453,2022-12-30,Success
37818,1510,25445,2023-03-20,Success
9247,291,18071,2022-04-27,Success
5469,1693,20236,2022-03-27,Success
205,1148,3820,2022-06-26,Success
16711,388,38362,2023-02-01,Success
5944,2639,28150,2022-12-23,Success
58106,1333,1221,2022-10-03,Success
29970,1880,4075,2022-10-23,Success
57893,2010,31758,2023-02-21,Success
21323,1514,39651,2023-01-13,Success
25334,1870,30034,2022-07-27,Success
41721,310,14037,2022-04-30,Success
15475,1208,4578,2022-04-30,Success
58634,1059,8086,2022-12-16,Success
10694,2867,36305,2023-01-04,Success
246,1468,35012,2023-02-16,Success
19379,2439,12248,2022-09-20,Success
41264,2504,3712,2023-03-31,Cancelled by the passenger
22438,2634,21182,2022-04-07,Success
41114,2812,5560,2022-03-19,Success
47999,2429,6299,2023-02-10,Rejected by the driver
50084,1142,11991,2022-04-29,Success
51116,1267,30552,2022-05-21,Success
27892,142,38149,2022-06-14,Rejected by the driver
58056,1800,17636,2023-02-11,Success
9271,141,36201,2022-08-19,Success
5660,2453,17294,2023-02-15,Success
17123,1170,19490,2022-07-23,Success
16769,90,29024,2022-08-23,Cancelled by the passenger
41097,242,21517,2022-04-28,Success
48158,2804,18116,2022-09-29,Success
42352,1384,20212,2022-12-11,Success
13135,997,13156,2022-07-09,Cancelled by the passenger
55719,2860,28881,2022-07-27,Success
38671,2841,23450,2022-09-19,Success
31150,2687,9652,2023-02-02,Success
56954,1949,31564,2022-04-06,Success
8880,308,212,2022-05-19,Success
30271,631,6796,2022-10-19,Success
23368,2696,28072,2023-01-29,Success
59579,880,19076,2022-11-14,Success
13102,1877,18893,2022-11-05,Rejected by the driver
54455,2084,6734,2023-01-01,Success
26544,2757,26296,2022-09-21,Success
5426,388,35806,2023-03-11,Success
39577,1948,23463,2022-09-03,Success
50493,156,8555,2023-03-06,Success
36721,310,34231,2022-03-24,Cancelled by the passenger
49498,2919,21466,2022-08-24,Success
28055,2351,36475,2022-08-17,Rejected by the driver
57640,1252,34646,2023-03-14,Success
36817,1791,4327,2022-05-12,Success
59891,21,25376,2022-07-04,Success
58539,2039,5644,2022-11-24,Success
32065,157,26085,2023-02-23,Success
37617,2796,38464,2022-11-20,Success
59268,504,8704,2022-05-03,Rejected by the driver
22393,2298,25584,2022-12-24,Cancelled by the passenger
53353,2849,3753,2022-08-07,Success
57959,131,15001,2022-08-09,Success
40969,808,15478,2023-04-14,Success
18097,827,29349,2023-04-15,Success
9818,1978,36830,2022-11-21,Success
12371,174,36448,2023-03-19,Success
756,331,3717,2022-05-19,Success
54014,1897,2081,2022-11-04,Rejected by the driver
19338,1282,36766,2022-04-18,Success
41611,50,33122,2022-09-17,Success
35128,1979,26844,2022-04-02,Success
45565,1352,39098,2023-02-20,Success
15550,2530,29968,2022-04-14,Success
14880,1929,19744,2022-08-01,Success
18321,1336,12929,2022-12-13,Success
35857,2043,39685,2023-02-03,Success
19903,2887,34042,2022-04-26,Success
1997,755,35549,2023-03-08,Success
55964,771,19579,2022-12-15,Success
42278,987,25326,2022-03-30,Success
55129,287,11982,2023-03-13,Success
28784,272,17039,2022-04-28,Cancelled by the passenger
35290,1320,38858,2022-05-08,Success
21654,2521,31557,2023-03-14,Cancelled by the passenger
8410,826,15002,2022-07-04,Success
58560,2937,35595,2023-03-25,Success
19764,2105,24893,2022-06-30,Success
21966,590,31066,2022-08-26,Success
56967,2369,28463,2022-04-07,Rejected by the driver
4547,53,4086,2023-02-28,Rejected by the driver
25231,1722,39745,2022-10-10,Success
19669,151,13149,2023-01-15,Success
40461,424,38673,2023-01-30,Cancelled by the passenger
30509,565,17284,2023-03-18,Rejected by the driver
39471,1030,30607,2022-12-18,Success
45898,2657,6534,2022-03-18,Success
22233,1452,18516,2023-02-21,Success
50043,1700,16883,2023-02-09,Rejected by the driver
18814,399,23982,2022-04-18,Cancelled by the passenger
57357,266,28511,2022-10-14,Success
4690,2563,22916,2022-05-06,Success
5995,2619,16111,2022-10-03,Rejected by the driver
59744,1922,25860,2023-03-18,Success
1293,574,36256,2022-04-27,Success
11559,708,39217,2022-09-17,Rejected by the driver
38535,2537,17594,2023-03-02,Cancelled by the passenger
46469,2743,19630,2022-11-03,Success
23471,1637,17912,2022-10-31,Success
36505,2045,37452,2023-03-29,Success
26818,2774,16259,2023-01-07,Success
30326,2944,37868,2022-09-24,Success
37152,1313,11730,2022-06-28,Success
22739,2226,32193,2022-12-18,Cancelled by the passenger
1306,158,25848,2023-03-05,Success
50556,2030,23903,2022-08-26,Success
43260,2948,6819,2023-02-08,Success
9065,1129,36368,2023-04-12,Success
13277,2929,32182,2022-05-06,Success
21895,2104,33684,2022-08-24,Cancelled by the passenger
6244,226,31197,2023-01-26,Rejected by the driver
23719,2224,29176,2022-08-02,Success
33710,2334,9469,2022-10-18,Success
51488,187,3391,2023-02-28,Success
13235,2971,32315,2022-06-22,Success
22659,2399,18063,2022-05-08,Rejected by the driver
12923,2412,38995,2023-02-09,Rejected by the driver
4044,1200,6635,2022-05-30,Success
32911,1820,13648,2022-06-19,Success
14946,2637,3685,2022-08-10,Rejected by the driver
25902,743,18011,2022-10-02,Success
32195,2984,6720,2022-06-15,Success
59130,1945,5214,2023-03-03,Success
41532,939,25241,2022-03-15,Success
42727,1707,33861,2022-07-12,Rejected by the driver
29355,2565,2836,2023-03-20,Rejected by the driver
25321,2094,19726,2022-04-10,Success
19340,423,22640,2022-05-27,Success
14395,1672,26419,2022-03-19,Success
20665,2476,9431,2023-03-02,Cancelled by the passenger
29884,554,36512,2022-05-04,Rejected by the driver
2971,1833,852,2022-04-04,Success
22450,1478,22967,2022-11-23,Success
43035,536,35776,2023-04-09,Success
54489,1435,14146,2022-03-29,Cancelled by the passenger
52769,2225,34445,2023-03-06,Success
18619,833,6505,2022-07-08,Success
49914,2773,12460,2023-02-09,Success
42829,1975,5227,2022-05-23,Rejected by the driver
14344,443,33479,2022-05-05,Success
19916,1558,27553,2023-02-21,Rejected by the driver
26044,908,16867,2022-10-22,Success
41385,851,7400,2022-06-11,Success
26791,129,28083,2022-09-24,Success
38895,503,5949,2022-03-14,Success
26650,2494,6190,2022-12-04,Success
38801,1921,23713,2022-12-23,Cancelled by the passenger
32047,1095,8566,2022-05-26,Success
38004,1149,23476,2022-04-09,Success
36822,1060,35367,2022-07-11,Success
5255,2505,28127,2022-08-06,Cancelled by the passenger
6687,1527,12392,2023-01-21,Success
28171,2199,30926,2023-01-21,Cancelled by the passenger
14427,527,13657,2022-03-18,Rejected by the driver
40749,130,39526,2022-07-21,Rejected by the driver
58506,2674,21631,2022-06-29,Success
35650,1190,31287,2022-06-28,Rejected by the driver
55313,384,24926,2022-06-16,Success
32097,206,39699,2023-03-12,Cancelled by the passenger
49586,1396,3072,2022-07-30,Success
39401,1312,13154,2022-10-07,Success
9823,2702,39949,2022-06-06,Success
23628,2552,10992,2022-04-14,Rejected by the driver
42594,1598,21685,2022-04-11,Success
23108,1722,20418,2022-06-19,Success
17379,1557,10461,2022-06-15,Rejected by the driver
23961,2375,35780,2022-07-18,Success
5568,2998,4303,2022-08-26,Success
24245,115,14612,2022-09-21,Success
26515,2323,23377,2022-11-19,Success
1354,1413,29258,2022-11-06,Success
10029,2469,24873,2023-01-10,Rejected by the driver
52836,1483,8814,2023-01-13,Success
48042,1797,7138,2023-03-06,Success
38132,2871,21482,2022-04-23,Success
3915,1548,38232,2023-03-16,Success
20933,349,14120,2023-04-02,Success
16892,647,30502,2022-08-21,Success
11801,1623,14117,2022-09-06,Success
53553,1414,24291,2022-08-04,Success
37038,1482,34436,2022-10-19,Success
30398,121,563,2022-09-07,Success
3662,443,22584,2022-03-19,Cancelled by the passenger
13139,1700,14244,2022-05-02,Success
35159,1005,16540,2023-02-17,Success
15740,2581,32957,2022-10-19,Success
13276,518,13619,2022-05-12,Success
22770,703,28978,2022-07-22,Cancelled by the passenger
8245,528,27978,2022-04-24,Success
44460,303,37110,2023-02-20,Success
18415,1216,2743,2022-12-25,Rejected by the driver
47130,1512,26009,2023-01-07,Success
34032,319,33918,2022-10-25,Rejected by the driver
4529,373,15874,2022-06-09,Success
28131,2880,12430,2022-05-20,Success
20107,1355,7998,2022-04-09,Success
16237,1438,16061,2023-02-01,Success
4401,834,10644,2022-04-01,Cancelled by the passenger
52251,2300,65,2022-07-04,Success
20601,393,31393,2022-09-22,Rejected by the driver
14712,2544,5470,2023-03-26,Success
58137,2707,38221,2023-03-25,Success
34509,691,21202,2023-04-04,Success
16355,191,17607,2022-10-07,Success
53956,1443,19109,2022-04-29,Cancelled by the passenger
15258,754,28277,2023-03-27,Success
12836,706,19076,2022-08-25,Success
12010,175,28290,2022-07-17,Cancelled by the passenger
25404,916,33682,2022-08-29,Success
21016,885,4906,2023-03-10,Success
50065,216,8584,2022-08-27,Success
38122,2057,12778,2022-10-16,Cancelled by the passenger
58787,1000,13365,2022-07-01,Success
47589,1578,29768,2022-09-27,Rejected by the driver
32048,1906,36525,2022-04-23,Success
59199,1418,11699,2022-06-15,Success
42244,2998,11069,2022-04-11,Success
38354,1458,1297,2022-09-18,Success
11246,903,38033,2022-04-30,Rejected by the driver
32762,2186,15518,2022-06-05,Cancelled by the passenger
36638,2448,8511,2022-05-16,Success
37405,418,13340,2022-09-06,Success
25130,2403,29755,2022-08-20,Success
50638,631,8490,2022-10-09,Success
20796,2188,13928,2022-11-07,Success
20843,2213,270,2022-06-06,Success
39678,167,38922,2022-10-15,Success
20042,2049,80,2022-11-23,Success
50499,2371,14976,2022-08-30,Rejected by the driver
15474,2282,14883,2022-06-02,Success
31641,1870,28940,2023-01-02,Success
47652,683,35510,2023-04-10,Success
1147,2400,22668,2023-03-03,Rejected by the driver
50033,1634,18188,2023-03-01,Rejected by the driver
11089,773,30708,2023-02-21,Success
42630,456,13134,2022-10-27,Success
3876,5,27181,2022-08-22,Success
10663,1910,5126,2023-01-28,Cancelled by the passenger
796,2046,602,2022-04-02,Success
7521,1542,4204,2023-02-15,Cancelled by the passenger
56814,1070,30308,2022-10-17,Success
8607,1410,38437,2023-03-02,Rejected by the driver
30895,2451,29450,2023-01-15,Success
18875,1571,7316,2022-07-30,Cancelled by the passenger
35090,222,25973,2022-09-27,Success
19906,865,16216,2022-10-21,Success
51970,2033,27733,2022-05-26,Success
3323,2347,27594,2022-05-14,Success
11205,286,33851,2022-03-30,Success
20126,2216,7584,2022-03-25,Success
28359,824,19185,2022-06-26,Rejected by the driver
30625,1001,19048,2022-04-19,Success
52381,1417,1443,2022-08-28,Rejected by the driver
38943,2370,14078,2023-03-12,Success
41510,1421,1804,2022-03-16,Success
15191,653,29155,2022-06-14,Success
12160,108,1755,2022-07-19,Success
6188,468,21166,2022-03-25,Rejected by the driver
38508,2109,38171,2022-04-11,Rejected by the driver
52996,894,9155,2022-11-11,Success
49008,663,38835,2022-10-06,Success
5710,2919,13136,2022-12-14,Success
43556,2946,21495,2022-11-11,Success
36058,2414,15144,2022-06-05,Rejected by the driver
22442,2567,11537,2023-01-20,Success
19155,2060,26324,2023-01-26,Success
49364,2683,8148,2023-03-29,Success
4426,858,7837,2022-12-03,Cancelled by the passenger
11915,477,18476,2022-06-03,Success
23259,369,14754,2023-03-18,Rejected by the driver
10181,221,13572,2022-10-02,Rejected by the driver
58050,2705,3496,2022-11-07,Rejected by the driver
7106,885,36093,2023-02-13,Success
48475,2717,25855,2022-09-23,Cancelled by the passenger
28049,814,6809,2022-11-04,Success
36174,1961,19075,2022-03-13,Success
59300,1935,36341,2022-08-28,Success
52971,1966,37952,2022-08-28,Success
48336,923,5991,2022-05-14,Success
53272,1849,24808,2022-04-08,Cancelled by the passenger
257,694,5350,2022-08-04,Rejected by the driver
24123,266,35371,2022-05-24,Success
35819,1291,14946,2022-05-14,Rejected by the driver
21076,1276,1365,2022-08-24,Success
25496,1212,32872,2023-03-18,Success
53525,1578,12262,2022-11-29,Success
21484,1051,27394,2022-07-04,Success
6322,1609,7705,2022-04-09,Success
11003,2416,6343,2023-03-24,Success
31800,1872,21692,2022-09-18,Cancelled by the passenger
28089,1870,7800,2022-07-22,Success
2457,1768,33400,2022-11-25,Success
3918,2288,22691,2022-06-01,Success
26262,312,9831,2022-04-23,Success
32275,2068,36697,2022-06-24,Success
5997,1119,24761,2022-10-12,Success
17205,2529,29508,2022-06-12,Success
6026,2279,12081,2022-08-08,Rejected by the driver
49630,548,11476,2022-05-30,Cancelled by the passenger
49488,1148,17818,2022-09-22,Success
51836,2707,8136,2022-05-03,Success
56457,962,36675,2022-10-28,Cancelled by the passenger
9726,693,24889,2022-12-28,Success
10353,1241,11754,2022-11-23,Success
24542,2678,37451,2022-10-01,Success
22624,2027,29051,2022-11-18,Success
32133,911,36390,2022-12-30,Success
8645,2244,31731,2022-05-22,Cancelled by the passenger
26484,941,5075,2023-01-10,Success
2082,2640,23891,2022-07-23,Success
8530,1169,9594,2023-03-20,Success
41716,112,2730,2023-03-04,Success
5261,1632,29526,2022-03-31,Success
37509,2699,5117,2022-11-10,Success
31560,904,37529,2023-04-02,Success
57612,810,7816,2022-10-14,Success
41955,642,19454,2022-10-01,Success
6780,2139,15007,2023-03-06,Success
8414,1416,29352,2023-02-19,Success
14661,2204,19573,2022-08-16,Success
29780,1772,28119,2022-07-24,Cancelled by the passenger
6763,2372,36422,2022-06-20,Success
32578,2532,14465,2022-12-02,Success
27189,858,23546,2022-05-28,Success
21914,2175,25697,2022-08-27,Success
18185,1847,12014,2022-08-25,Success
41341,2296,7053,2023-04-13,Rejected by the driver
48693,2985,31415,2022-09-03,Success
7342,357,39644,2022-07-15,Success
57659,2843,28281,2022-07-03,Success
24780,2916,18024,2022-06-29,Success
14514,2950,25608,2022-08-15,Success
14380,1864,35454,2023-03-25,Success
3753,288,7325,2023-01-27,Success
44155,2291,19825,2022-07-09,Success
24163,1732,35659,2023-04-03,Success
56475,2930,12846,2022-10-14,Success
3169,2939,21794,2022-10-05,Success
10445,1547,1440,2023-02-19,Success
6182,1332,34937,2023-01-08,Success
96,727,29224,2022-10-17,Success
44336,518,10666,2023-03-19,Success
34845,2888,12289,2023-02-26,Success
29151,675,9171,2023-04-07,Success
57225,2346,11332,2022-09-05,Success
49959,1444,12824,2022-07-10,Cancelled by the passenger
42725,2320,35326,2022-09-14,Success
946,127,20283,2022-05-30,Success
33606,1333,39519,2022-05-25,Success
41964,1504,35103,2022-10-13,Success
33711,1526,9523,2023-02-26,Rejected by the driver
17238,2945,20753,2023-02-16,Success
14895,1678,8520,2022-05-19,Success
11839,773,1408,2023-03-23,Cancelled by the passenger
52802,2405,26364,2022-10-20,Rejected by the driver
51261,1462,13044,2022-11-13,Success
5655,2661,26,2022-12-31,Success
20397,2935,34592,2022-12-13,Success
30988,365,13635,2023-03-15,Success
59275,1834,22982,2022-07-12,Success
53323,2710,38214,2022-05-07,Success
6236,2423,11533,2022-11-28,Rejected by the driver
35956,1770,32175,2023-01-06,Cancelled by the passenger
40772,2448,30040,2023-02-15,Success
34266,931,31886,2023-02-26,Success
42179,1848,21859,2022-07-30,Success
25753,103,266,2022-10-02,Success
16594,2201,35138,2022-03-16,Success
36448,1131,29844,2022-08-27,Cancelled by the passenger
49598,1246,28057,2023-01-03,Success
57681,1154,19188,2022-08-27,Success
53000,2556,32223,2022-06-08,Success
1616,1145,9733,2022-05-07,Success
39582,847,10699,2022-11-14,Rejected by the driver
11496,2473,32891,2022-03-16,Success
23311,2267,33712,2022-11-02,Success
36105,2389,9646,2022-04-25,Success
59653,721,30494,2022-11-20,Success
54475,1290,30974,2022-09-10,Success
22073,1351,12870,2022-12-12,Success
59345,2568,9751,2022-12-19,Success
43814,416,28997,2023-03-29,Success
22144,91,24536,2022-06-21,Success
34700,2779,3347,2022-11-27,Success
13463,166,8356,2022-08-19,Success
12875,2379,13943,2022-05-28,Success
53037,2090,8825,2023-01-04,Success
37578,2198,13897,2022-12-28,Success
40384,1596,34063,2022-08-04,Success
23767,923,34640,2022-10-19,Cancelled by the passenger
58299,1069,10050,2022-08-13,Success
25311,2459,27264,2022-05-13,Success
30537,2892,21053,2022-05-07,Success
28258,914,15753,2022-11-20,Success
55426,969,37688,2022-08-29,Success
34906,2245,6877,2022-07-13,Success
53672,2141,30570,2022-11-16,Success
9700,2638,1170,2022-03-13,Rejected by the driver
49674,498,36108,2022-10-13,Success
30627,659,38455,2022-07-08,Success
13933,360,12245,2023-03-12,Success
21783,2699,14625,2022-09-30,Success
57306,2225,10621,2022-09-13,Success
36431,1808,27027,2022-12-29,Success
53739,2127,19005,2022-04-07,Success
2016,2800,9011,2022-08-26,Rejected by the driver
3992,1133,32849,2023-02-01,Cancelled by the passenger
46094,2294,13886,2022-11-24,Success
42540,1008,3896,2022-04-15,Success
45337,2954,18392,2022-09-02,Success
59410,23,32438,2022-10-18,Success
39820,1121,3493,2022-08-06,Cancelled by the passenger
42556,493,7271,2022-08-17,Rejected by the driver
11030,814,32990,2023-02-26,Success
20332,1634,2957,2022-09-09,Success
39726,2333,9018,2022-04-23,Success
7129,2501,8908,2022-07-03,Success
6328,1104,9571,2022-12-09,Success
15374,2045,6094,2022-08-25,Success
31616,189,17474,2022-12-16,Success
29774,2921,7433,2022-09-19,Rejected by the driver
31327,547,27604,2022-11-07,Success
24548,1320,19254,2023-03-17,Cancelled by the passenger
1326,1864,37519,2022-06-21,Success
1759,2944,27342,2022-11-14,Success
58987,1304,10421,2023-04-06,Success
40520,1668,26720,2022-05-27,Success
30917,272,4873,2022-07-31,Success
26754,923,2985,2023-01-25,Success
14838,1776,12627,2022-11-02,Success
24685,1278,1504,2023-02-25,Cancelled by the passenger
34914,1685,4028,2022-05-05,Success
49041,170,13613,2022-06-25,Success
14824,2892,39162,2023-01-04,Success
10308,2319,33720,2022-10-19,Success
46785,788,9337,2022-06-15,Success
34986,296,743,2022-11-04,Success
16739,683,5176,2022-03-16,Success
13023,2177,28841,2022-03-29,Success
13321,2322,33299,2022-08-25,Rejected by the driver
10245,1535,16481,2022-06-21,Success
24701,785,11185,2022-04-11,Success
54972,2817,13196,2023-04-10,Rejected by the driver
10005,1862,24301,2022-05-03,Cancelled by the passenger
50532,1624,21525,2023-03-11,Success
408,1352,28160,2023-03-03,Rejected by the driver
49713,2714,7198,2022-12-05,Success
47381,2395,15929,2022-10-31,Success
20468,2565,38049,2022-05-04,Success
13741,997,10721,2022-11-14,Success
16698,1437,32559,2022-08-16,Success
45270,1512,15330,2022-12-02,Success
46573,401,21102,2023-01-22,Cancelled by the passenger
40855,2,33846,2022-05-12,Success
2267,904,26127,2022-09-01,Success
40664,1238,35424,2023-02-27,Rejected by the driver
36742,968,2498,2022-12-24,Success
42671,803,29844,2022-05-24,Rejected by the driver
44539,850,23794,2022-04-29,Success
1902,89,24378,2022-05-16,Success
50445,811,21602,2022-05-22,Rejected by the driver
3518,271,10871,2022-04-26,Rejected by the driver
5241,2696,26816,2022-10-05,Success
19517,2254,37332,2023-04-10,Success
43613,1846,2348,2022-12-28,Success
40439,2602,12225,2023-01-22,Success
28281,188,24950,2022-08-31,Success
15373,442,9911,2022-04-25,Success
51486,1678,22450,2022-11-23,Rejected by the driver
25949,2292,3627,2022-10-17,Rejected by the driver
57113,1235,987,2023-03-10,Success
49353,2772,8852,2022-12-14,Success
47733,2904,21631,2022-07-25,Rejected by the driver
16151,1181,17843,2022-03-14,Success
5006,1533,12197,2022-03-26,Rejected by the driver
21186,2426,7060,2022-08-23,Rejected by the driver
19117,613,9203,2022-06-14,Success
34260,1514,12214,2022-03-25,Success
27348,105,33190,2023-02-08,Rejected by the driver
29287,934,7914,2023-03-03,Success
6488,742,18481,2022-07-26,Cancelled by the passenger
14206,1164,34576,2022-04-12,Rejected by the driver
17690,1056,31988,2023-01-09,Cancelled by the passenger
44813,2111,14979,2023-01-20,Success
41715,305,11477,2022-04-15,Success
8258,811,28584,2022-04-27,Cancelled by the passenger
24159,1828,14299,2022-08-01,Success
18348,1056,35827,2022-03-25,Success
8075,667,29432,2023-02-22,Success
50091,1020,6909,2022-11-24,Cancelled by the passenger
58255,216,39598,2022-06-19,Rejected by the driver
5808,1450,13895,2022-12-21,Rejected by the driver
40844,300,37549,2022-11-12,Success
49009,765,25333,2022-10-05,Success
16744,80,21740,2022-09-16,Success
5313,1134,39625,2022-05-22,Success
38951,1375,11183,2023-04-13,Success
37360,2155,9012,2022-05-07,Success
32907,2581,34567,2022-09-06,Success
34015,1430,19612,2022-08-01,Success
33784,33,10380,2022-10-06,Success
24275,742,21014,2022-03-21,Rejected by the driver
48745,679,19157,2022-04-28,Cancelled by the passenger
52110,881,33852,2022-12-17,Success
4786,852,33505,2022-10-02,Success
46564,68,19423,2023-03-09,Cancelled by the passenger
37290,2445,39690,2023-02-07,Success
2067,967,22297,2022-08-12,Rejected by the driver
20539,2193,14663,2022-08-05,Success
33575,1704,2256,2023-03-31,Rejected by the driver
6027,570,20657,2022-11-30,Success
9408,1925,28493,2022-07-18,Success
22632,2324,6224,2022-11-08,Success
5038,441,29692,2022-12-14,Rejected by the driver
44295,2421,26533,2022-06-16,Rejected by the driver
12472,747,2341,2023-02-18,Success
1001,174,16227,2022-09-26,Success
45422,1168,33584,2023-03-30,Success
27923,779,32732,2022-08-30,Success
30997,69,29379,2023-01-31,Success
7173,1952,39849,2022-10-06,Success
15300,2807,39433,2022-10-02,Success
20661,1292,28392,2023-01-11,Success
30505,826,13076,2022-06-18,Cancelled by the passenger
10889,2751,11833,2023-03-29,Cancelled by the passenger
16734,1219,18508,2023-01-29,Cancelled by the passenger
41613,2993,5571,2022-05-17,Success
45539,1489,14511,2022-09-11,Success
23307,2482,36814,2022-09-12,Cancelled by the passenger
17030,1548,799,2022-05-10,Success
22453,1642,33757,2022-08-19,Rejected by the driver
56309,2310,29021,2022-08-20,Success
29398,1600,3642,2022-10-16,Success
48358,1656,25992,2022-09-07,Cancelled by the passenger
59050,2139,34071,2022-09-07,Success
40934,1423,8273,2022-03-31,Success
2047,2309,27966,2022-09-04,Success
26641,64,31125,2022-08-11,Success
2813,415,3241,2022-04-27,Success
39443,1178,39216,2022-09-20,Rejected by the driver
6545,1373,33847,2022-05-08,Success
12641,550,30132,2022-09-29,Rejected by the driver
2225,1794,16555,2023-03-26,Cancelled by the passenger
23191,1081,13941,2023-02-06,Rejected by the driver
49904,2707,6181,2022-03-23,Cancelled by the passenger
22260,183,8644,2022-08-21,Success
32007,423,26424,2022-05-30,Cancelled by the passenger
39420,797,4733,2022-08-05,Success
25579,2311,24280,2023-02-02,Cancelled by the passenger
11598,1089,36773,2022-08-27,Success
11661,891,18581,2023-03-25,Success
50560,1244,2869,2022-07-25,Success
22418,1506,35692,2022-03-20,Success
23860,202,25918,2022-03-15,Success
43499,675,209,2022-11-28,Success
543,376,35562,2022-12-10,Success
33853,1929,17295,2022-11-01,Rejected by the driver
34024,2588,21544,2023-01-23,Success
46943,551,15951,2023-01-31,Success
45868,660,8750,2022-11-01,Success
6896,2150,26455,2023-03-26,Success
22037,2198,12859,2022-11-25,Rejected by the driver
50821,2550,14439,2022-06-17,Success
41886,2199,33165,2023-01-16,Success
41782,78,24723,2022-08-25,Cancelled by the passenger
5772,594,36914,2022-11-06,Success
56915,902,29869,2023-01-20,Success
4212,772,23219,2022-08-22,Success
47129,1282,24115,2023-01-31,Success
28306,1751,13509,2022-08-06,Success
42237,2692,4426,2022-10-04,Success
35930,982,11942,2023-01-16,Cancelled by the passenger
31011,1352,25096,2023-01-03,Success
18459,2839,36695,2022-04-29,Success
13785,1911,7957,2022-12-04,Cancelled by the passenger
44960,2851,12211,2022-05-04,Success
32323,2779,28889,2022-06-02,Success
8401,477,12934,2023-01-28,Success
801,1978,35188,2022-11-25,Rejected by the driver
58228,707,14137,2022-08-07,Rejected by the driver
30332,2529,9496,2022-10-15,Success
56047,341,38317,2022-06-18,Cancelled by the passenger
25700,83,14500,2022-12-11,Success
34895,707,38323,2023-01-16,Success
31148,2144,1606,2022-05-21,Success
40787,2633,24702,2022-05-09,Success
45237,2814,38151,2022-04-12,Cancelled by the passenger
13501,2058,5905,2022-03-28,Rejected by the driver
24744,1769,31375,2022-11-09,Success
50417,2885,25297,2022-07-08,Success
8389,875,5077,2023-02-17,Success
21339,501,29346,2022-08-08,Success
4888,2846,33344,2022-04-25,Success
43289,2523,14048,2022-11-28,Success
16309,2023,36606,2022-05-01,Success
22054,2289,19107,2022-06-05,Success
19793,2290,37247,2022-04-09,Success
44375,1935,11599,2023-02-20,Rejected by the driver
47074,2658,21002,2023-02-21,Success
10607,836,20975,2022-09-08,Success
12068,2091,10014,2023-03-31,Success
26882,2859,1078,2022-11-01,Rejected by the driver
36392,1960,4343,2022-05-25,Success
24423,2357,38689,2022-12-13,Cancelled by the passenger
12483,828,35165,2023-01-05,Rejected by the driver
50537,181,37599,2022-11-10,Success
14480,324,33076,2022-04-17,Success
34891,2382,32872,2022-03-23,Success
24004,1257,37931,2022-09-29,Cancelled by the passenger
3930,2452,19244,2022-12-18,Success
34223,2748,27423,2023-03-13,Rejected by the driver
7999,1278,21902,2022-08-24,Rejected by the driver
47886,1734,32250,2023-03-30,Success
1480,2028,36869,2022-07-27,Success
59528,1801,3785,2022-10-05,Success
19992,804,27784,2022-10-22,Rejected by the driver
51796,2449,9524,2022-09-18,Success
52913,1534,38313,2022-08-20,Success
55541,1954,23917,2023-03-04,Success
46399,1163,36630,2022-12-28,Success
39774,1612,13341,2022-10-12,Rejected by the driver
39262,2631,19193,2022-08-10,Success
34498,2443,8152,2022-11-28,Success
55005,11,15435,2022-05-05,Success
45604,2330,7229,2022-08-12,Success
32571,1493,21257,2022-06-14,Success
22916,1621,12155,2023-01-13,Success
30681,2972,17087,2022-12-02,Success
49141,2756,19099,2022-06-20,Success
10720,1483,17926,2022-10-16,Success
50536,1315,21873,2022-03-27,Cancelled by the passenger
19569,604,3662,2022-05-06,Success
90,1792,14224,2022-11-15,Success
33612,1076,10939,2023-03-30,Success
14523,2730,26552,2022-09-14,Rejected by the driver
27586,100,21319,2023-03-14,Rejected by the driver
19321,569,30582,2022-04-29,Rejected by the driver
40456,1547,34608,2022-09-08,Success
15622,1403,21087,2022-11-08,Success
34428,1295,28910,2022-12-04,Success
59927,2817,21601,2023-02-06,Success
36342,814,32046,2023-01-26,Rejected by the driver
17391,667,18515,2022-04-19,Cancelled by the passenger
8371,1865,25596,2022-03-19,Rejected by the driver
55443,2565,1619,2022-11-06,Cancelled by the passenger
42870,2346,37864,2022-04-30,Success
2574,707,23978,2023-01-25,Success
26127,2832,32938,2022-09-23,Success
29318,1097,11750,2022-05-21,Success
24913,2569,30782,2023-03-27,Rejected by the driver
5639,2855,27886,2022-05-10,Success
36372,776,9311,2022-09-17,Success
56000,2926,38327,2022-08-16,Cancelled by the passenger
43198,408,11460,2022-10-22,Cancelled by the passenger
1411,1656,33709,2022-04-05,Success
18807,2071,17784,2022-10-06,Success
38144,181,9461,2022-07-28,Success
30832,1403,36664,2022-08-02,Success
39617,1631,3948,2022-09-01,Cancelled by the passenger
59574,189,5800,2022-10-08,Success
16310,2519,27561,2022-08-26,Success
37556,792,9705,2022-12-18,Success
50471,603,11184,2023-03-19,Rejected by the driver
18229,67,16333,2022-09-04,Cancelled by the passenger
56247,268,18699,2023-01-17,Success
42979,2533,30460,2023-02-23,Success
18326,920,6524,2022-10-14,Success
19985,2838,14000,2022-06-02,Success
51047,462,15378,2022-04-30,Success
4927,2642,17397,2022-12-10,Success
16494,2620,35863,2023-03-26,Success
42784,2013,28955,2022-06-07,Success
47782,2749,12164,2022-03-20,Success
31196,2513,19830,2023-01-06,Success
57468,1697,30874,2022-03-28,Success
56692,2542,18618,2023-03-15,Success
4734,740,14507,2022-05-04,Success
48367,1159,25593,2022-04-23,Success
53327,1699,21895,2022-11-03,Cancelled by the passenger
32077,1228,18579,2022-04-16,Success
21715,815,26140,2022-10-29,Cancelled by the passenger
15635,2514,31277,2022-10-14,Cancelled by the passenger
49970,1382,12585,2022-12-15,Success
23942,1492,14633,2023-02-18,Success
59262,2678,7916,2023-02-08,Success
36360,2819,26505,2022-09-12,Success
36002,2751,38739,2022-09-07,Success
45249,1993,29075,2022-11-27,Success
29931,552,1592,2022-09-16,Cancelled by the passenger
58082,562,2927,2022-12-23,Success
873,1080,20612,2022-11-25,Success
20929,1690,22928,2023-02-09,Success
2640,2857,38587,2022-09-28,Success
48824,1943,7515,2022-04-01,Rejected by the driver
29485,1501,9660,2022-05-23,Success
53269,1824,38605,2023-03-01,Success
34718,162,11057,2022-08-10,Success
46973,2611,36700,2022-05-25,Success
11708,807,35147,2023-01-12,Success
29515,1985,14342,2022-08-12,Rejected by the driver
48844,2155,24510,2023-02-21,Success
52437,1561,11034,2022-10-09,Success
5244,1840,20667,2022-08-31,Cancelled by the passenger
157,1792,7248,2022-09-21,Success
42800,2550,8518,2022-10-29,Success
28453,659,37122,2023-01-29,Success
28212,1489,27127,2023-04-12,Success
14533,890,22545,2022-09-30,Success
31964,2101,6039,2022-07-19,Cancelled by the passenger
13983,181,10367,2022-10-08,Success
5069,2900,38976,2022-12-05,Success
7421,1167,16779,2022-05-23,Success
46580,2454,1281,2023-04-15,Success
44988,2506,2370,2022-09-06,Success
22683,513,30816,2023-02-07,Success
50210,2497,21680,2023-01-31,Cancelled by the passenger
25445,220,24207,2022-12-25,Cancelled by the passenger
15354,911,36202,2022-07-07,Rejected by the driver
48827,602,22972,2022-12-12,Success
22609,1993,2984,2022-04-05,Success
58331,745,4863,2022-03-25,Rejected by the driver
56534,420,30024,2022-10-15,Success
12021,2611,11176,2022-03-12,Cancelled by the passenger
36055,2128,6202,2023-03-04,Rejected by the driver
52652,2133,29758,2022-11-24,Success
30215,578,36693,2023-03-12,Success
45087,2187,26293,2022-10-15,Cancelled by the passenger
36636,1420,33855,2023-03-05,Success
7758,2334,16785,2022-05-11,Rejected by the driver
49549,2758,10551,2022-04-04,Success
25285,2309,32119,2022-09-19,Success
6334,1529,22109,2022-03-30,Rejected by the driver
4405,2531,449,2022-04-04,Cancelled by the passenger
20060,228,34027,2022-03-17,Success
34061,346,3446,2022-09-30,Success
39110,2272,9201,2022-06-13,Success
8674,398,36081,2022-04-20,Success
36424,1430,27842,2022-11-07,Success
11461,1663,15840,2023-01-25,Success
56748,461,28024,2023-01-02,Success
10581,363,19694,2023-02-12,Success
8264,1405,23717,2022-07-15,Rejected by the driver
50380,1705,25656,2022-05-03,Cancelled by the passenger
44270,1786,210,2022-07-30,Success
35192,2455,28501,2022-04-05,Success
50777,1057,3947,2023-02-08,Success
48678,2717,39310,2022-05-08,Success
31835,1163,4964,2022-05-31,Success
13140,1725,12541,2022-11-21,Success
41209,1461,36382,2022-06-05,Cancelled by the passenger
41016,2135,22230,2022-09-14,Success
13773,2637,11693,2023-03-24,Success
23994,1759,13148,2022-08-14,Success
13835,1961,17696,2022-11-10,Success
23366,2340,15311,2022-04-07,Success
10997,2643,7271,2022-04-04,Success
21591,2076,12325,2022-11-27,Success
26144,2668,18785,2023-02-02,Success
21410,1005,26586,2022-04-18,Success
7956,2767,35801,2022-08-13,Success
33305,461,5719,2022-08-04,Success
45158,2541,24391,2023-01-08,Success
59496,2243,26644,2022-03-13,Success
25495,377,30664,2022-09-09,Cancelled by the passenger
43749,2463,14474,2023-04-11,Success
26183,2655,26315,2022-10-16,Rejected by the driver
21902,816,11,2023-02-17,Rejected by the driver
52893,2756,23018,2022-04-12,Cancelled by the passenger
34840,2374,1870,2023-03-24,Success
41208,805,20049,2022-07-31,Success
21587,254,37022,2022-08-13,Rejected by the driver
11776,755,1217,2022-06-30,Success
19384,1054,19607,2023-03-04,Success
10781,493,24586,2022-12-27,Rejected by the driver
59088,182,30569,2022-09-10,Success
29888,2084,7015,2022-11-18,Cancelled by the passenger
2046,1012,3351,2022-09-17,Success
10117,1947,36678,2022-08-03,Success
23184,2315,33652,2022-05-18,Rejected by the driver
11441,2262,1108,2022-06-29,Success
2724,1575,6127,2023-04-03,Success
29293,1874,558,2023-04-08,Success
43987,1196,9756,2022-07-17,Success
53156,1029,11999,2022-12-26,Success
22199,1759,23855,2023-03-28,Cancelled by the passenger
55449,1498,4895,2022-04-11,Rejected by the driver
44764,2067,20858,2022-10-09,Success
44448,1815,37537,2022-12-13,Success
52884,1208,25818,2023-03-21,Success
29001,2466,31503,2022-03-19,Success
45591,2996,38330,2022-07-26,Success
49692,265,16978,2022-10-26,Success
24694,1763,29128,2022-10-16,Success
22897,2447,17935,2023-03-30,Rejected by the driver
54843,2761,19250,2023-02-23,Success
38327,2130,36463,2022-06-30,Success
19046,1862,26925,2022-06-23,Success
55913,411,25625,2023-03-10,Rejected by the driver
24631,1509,5737,2022-11-07,Success
19343,782,5722,2022-10-29,Cancelled by the passenger
16710,2553,7639,2022-04-16,Success
8644,803,11943,2023-01-08,Success
57552,2708,18634,2022-05-13,Success
37660,1794,3298,2022-03-16,Success
12101,1937,34405,2022-05-28,Success
21115,1298,8980,2023-04-04,Success
11562,2988,17823,2022-07-10,Cancelled by the passenger
50993,764,9547,2022-08-06,Success
32467,1005,19576,2022-08-31,Rejected by the driver
1338,2611,25296,2022-12-06,Success
25601,1966,12541,2022-10-27,Cancelled by the passenger
53357,1628,19030,2023-03-10,Success
30636,2579,36603,2022-09-11,Cancelled by the passenger
40568,367,6188,2022-12-09,Success
41403,2051,23582,2022-09-27,Success
46472,1959,11228,2022-12-19,Success
20435,2,22825,2022-09-10,Success
9743,1443,15810,2022-12-27,Success
19927,1516,18899,2022-11-10,Success
47467,672,3545,2023-04-11,Success
25866,2295,23891,2022-10-28,Success
43474,484,3017,2022-08-11,Success
21797,2007,37401,2022-07-22,Success
46975,1258,31737,2023-03-17,Success
40683,2417,36919,2022-08-15,Success
18119,91,38046,2023-01-08,Cancelled by the passenger
2902,2769,38767,2022-07-10,Success
1797,1995,34317,2023-01-13,Success
57290,1189,18351,2022-06-04,Success
23875,2846,4712,2022-07-20,Success
44922,1941,4966,2022-10-20,Rejected by the driver
20724,2103,2987,2022-09-30,Cancelled by the passenger
7633,444,34682,2022-07-20,Success
50677,1673,38686,2022-11-12,Success
26981,878,34446,2022-12-10,Success
19222,1535,13879,2022-10-09,Success
23160,800,38843,2022-06-13,Rejected by the driver
19818,77,539,2023-03-27,Success
20707,494,30016,2022-06-06,Success
19244,205,14821,2022-10-18,Success
40482,1139,14954,2022-04-17,Success
23705,1088,29125,2022-06-12,Success
32518,668,31346,2022-07-08,Rejected by the driver
56484,1749,7720,2022-07-08,Success
1828,1666,28091,2022-04-13,Rejected by the driver
4160,2490,13984,2022-10-15,Success
14781,1026,11264,2022-12-25,Success
43639,1099,20093,2022-05-17,Success
42861,326,1802,2022-10-07,Success
7260,792,16296,2023-02-23,Cancelled by the passenger
40240,2186,30161,2022-10-27,Success
36148,748,34515,2022-10-28,Rejected by the driver
54108,784,2126,2023-01-26,Success
26956,559,17208,2022-03-17,Rejected by the driver
59795,1546,39408,2022-12-25,Success
25225,1391,7294,2023-04-14,Cancelled by the passenger
54468,1877,27687,2023-01-08,Rejected by the driver
40493,2684,21252,2022-05-19,Success
53914,331,2027,2022-06-01,Success
32660,2201,15373,2022-12-23,Success
1119,2046,13901,2022-04-10,Success
7681,1116,3250,2022-03-19,Success
53013,684,38335,2022-12-03,Success
19630,2338,20452,2022-04-10,Cancelled by the passenger
2909,1988,16943,2022-09-24,Success
54173,955,37792,2022-11-03,Success
35756,470,25189,2022-03-16,Rejected by the driver
49834,1602,7720,2023-02-11,Success
12203,1180,29337,2022-06-29,Success
23202,795,7861,2022-08-28,Success
24523,1162,39168,2022-12-07,Rejected by the driver
18658,516,539,2022-07-15,Rejected by the driver
12448,828,10786,2023-02-15,Rejected by the driver
8251,2137,293,2022-06-16,Rejected by the driver
36936,1778,29033,2023-02-13,Cancelled by the passenger
24362,1331,18405,2022-05-31,Success
15615,2007,3160,2023-04-13,Success
46592,1102,29908,2022-08-14,Success
26728,241,11191,2023-01-18,Cancelled by the passenger
11078,2021,22062,2022-07-24,Success
3887,2166,7880,2023-02-19,Cancelled by the passenger
59811,1492,33793,2023-02-20,Success
17574,1560,8099,2022-12-29,Cancelled by the passenger
51443,1529,8766,2022-11-14,Success
44677,581,25606,2023-04-13,Success
5234,2657,29483,2023-02-24,Success
9451,2524,11447,2022-10-19,Cancelled by the passenger
37362,2435,14686,2022-04-13,Success
21994,2941,14288,2022-09-27,Success
56852,2837,21404,2022-07-02,Success
19103,1848,27185,2022-11-04,Success
45480,1516,20245,2022-09-21,Success
25561,1882,33708,2023-04-01,Success
59375,228,8941,2022-09-09,Success
30700,463,13651,2022-11-26,Success
29895,1083,6696,2022-04-20,Success
41550,1842,8740,2022-07-06,Rejected by the driver
39541,2949,19268,2022-09-28,Rejected by the driver
34406,2557,31842,2022-09-19,Rejected by the driver
45423,2034,39728,2022-04-21,Success
40056,2927,6352,2022-08-24,Success
1934,1287,1361,2022-03-17,Success
16176,1042,4673,2023-02-25,Success
9599,1564,27171,2022-07-07,Rejected by the driver
1244,2416,16691,2022-07-25,Success
36651,2004,10229,2022-12-31,Success
48449,178,32375,2022-12-30,Success
32567,973,11325,2022-12-07,Success
11374,2865,23162,2022-03-25,Cancelled by the passenger
5331,1382,6756,2022-10-05,Success
16884,1457,19894,2022-09-21,Success
44395,1371,5112,2022-08-28,Success
5602,2572,2907,2022-12-19,Success
48525,2750,37936,2023-01-25,Success
2411,159,17634,2023-01-30,Success
7356,2568,6934,2022-06-17,Success
12113,1563,12768,2022-06-06,Success
59544,681,6762,2022-11-23,Rejected by the driver
34489,2308,15541,2022-05-03,Success
6656,2614,11060,2022-12-18,Success
57852,940,37019,2022-10-25,Rejected by the driver
10159,2755,32368,2022-12-09,Success
8035,1444,8829,2022-05-31,Success
41350,2385,36707,2022-08-19,Success
42086,2800,12643,2022-07-01,Success
56732,226,9820,2022-08-24,Success
3651,965,39910,2022-06-03,Cancelled by the passenger
28995,602,34603,2022-09-20,Success
17423,1593,28057,2023-02-17,Cancelled by the passenger
13708,222,19015,2022-12-28,Success
53078,2667,2312,2023-02-04,Rejected by the driver
29507,2335,962,2023-03-14,Success
44700,2010,6875,2022-11-12,Rejected by the driver
15624,1196,39018,2022-10-11,Success
9656,1492,3398,2022-10-30,Success
19477,223,9917,2022-08-01,Rejected by the driver
47876,1368,22406,2022-06-22,Cancelled by the passenger
55760,72,19111,2022-09-01,Success
8925,1488,21916,2023-02-04,Success
18453,2365,30588,2022-03-19,Rejected by the driver
52722,1887,22413,2022-04-25,Success
34699,2505,13168,2022-08-03,Rejected by the driver
21056,2710,18025,2022-08-06,Success
45657,628,2352,2022-03-15,Success
56344,1641,22011,2022-04-01,Rejected by the driver
51268,305,37790,2022-07-11,Success
18514,1599,9875,2022-11-11,Rejected by the driver
9946,2610,19461,2022-10-09,Success
6318,973,593,2022-08-31,Success
13602,1539,17803,2022-06-14,Success
13990,2142,35238,2022-11-10,Success
24864,237,25879,2022-09-04,Success
32470,2351,22086,2023-02-24,Success
38642,1769,31026,2022-04-05,Success
25038,2030,13523,2023-03-24,Success
28967,2248,7989,2022-03-27,Success
253,1976,10587,2022-03-19,Cancelled by the passenger
41102,2620,27581,2022-05-17,Success
52219,650,32509,2022-12-02,Success
56547,309,20053,2023-03-26,Rejected by the driver
35813,2640,34995,2023-03-24,Success
1122,472,504,2022-11-16,Success
8998,879,19640,2022-09-16,Success
55477,221,22022,2023-01-30,Rejected by the driver
54518,2500,31848,2022-04-14,Success
26030,2327,11606,2022-05-17,Success
57564,1477,18464,2022-05-26,Success
32092,1389,28356,2022-08-08,Success
33405,1821,25663,2023-01-17,Success
52490,683,14742,2022-04-04,Cancelled by the passenger
58403,362,31693,2022-11-30,Cancelled by the passenger
12100,983,25004,2022-07-28,Success
11793,931,3880,2022-08-26,Rejected by the driver
32200,1709,15047,2022-04-20,Success
24760,1880,9602,2022-03-20,Success
39296,1996,13498,2022-04-12,Success
16843,488,37721,2022-12-08,Cancelled by the passenger
57590,2751,3750,2022-08-13,Cancelled by the passenger
46924,1610,5572,2022-09-22,Success
40324,1412,12780,2023-01-08,Cancelled by the passenger
26420,2364,24662,2022-05-04,Success
21240,948,39997,2022-07-21,Success
42204,1489,1899,2023-02-18,Success
52624,1512,30148,2023-02-01,Cancelled by the passenger
13769,1725,34125,2022-04-08,Success
8663,705,7191,2022-11-06,Success
37263,1800,11167,2022-08-12,Success
51875,2375,18151,2023-01-22,Cancelled by the passenger
59824,2379,29548,2022-03-26,Success
5777,958,5821,2022-08-30,Success
55752,369,30911,2023-03-20,Success
14118,2821,31962,2022-07-27,Success
6756,1801,35708,2023-03-09,Success
51304,2238,10039,2022-11-18,Success
6380,341,6049,2023-01-21,Success
40889,2207,9715,2022-07-20,Success
13362,2220,31026,2022-04-15,Success
30470,1440,13118,2022-07-01,Success
58779,893,3059,2022-12-01,Success
43828,1671,7560,2022-03-17,Success
50787,1368,13710,2022-08-18,Rejected by the driver
17432,1167,22461,2022-10-19,Success
33861,265,24784,2022-04-20,Success
39892,1779,17443,2023-01-31,Success
25998,702,11880,2023-03-02,Cancelled by the passenger
29079,866,39225,2023-02-25,Success
55835,1771,33951,2022-09-25,Success
12392,1682,33392,2023-01-29,Success
14495,293,32038,2022-11-20,Success
53214,2530,9213,2022-05-23,Success
35132,1331,21342,2022-06-15,Rejected by the driver
2030,2132,12141,2022-05-09,Success
12656,456,36102,2022-03-23,Success
17836,1452,26425,2022-04-07,Success
29887,2242,36303,2022-10-10,Rejected by the driver
16145,2911,17514,2022-11-29,Success
38652,703,39777,2022-08-26,Rejected by the driver
58248,201,9586,2022-12-22,Rejected by the driver
55738,1881,26011,2023-01-26,Cancelled by the passenger
42061,867,39229,2023-03-24,Success
35624,2015,33666,2023-04-02,Rejected by the driver
531,2870,31732,2022-10-15,Success
7113,245,9335,2022-10-04,Success
24221,781,24132,2022-08-28,Cancelled by the passenger
42563,175,9030,2023-02-27,Success
22968,2608,2389,2023-03-24,Success
424,1397,12618,2023-01-20,Success
40539,1263,24003,2022-08-13,Success
8382,1337,15315,2022-07-15,Success
22500,1248,6086,2022-09-22,Success
30023,1311,32143,2022-06-12,Rejected by the driver
58218,2563,1066,2022-04-19,Success
59308,111,34856,2023-03-18,Cancelled by the passenger
2423,20,22068,2022-05-04,Success
23221,1604,19228,2022-07-16,Cancelled by the passenger
34264,2055,27194,2022-12-13,Success
19831,522,33649,2022-06-17,Cancelled by the passenger
193,2724,13557,2022-07-13,Rejected by the driver
7647,783,7885,2023-02-05,Success
57083,950,26359,2023-04-09,Rejected by the driver
4340,1640,29268,2022-11-30,Success
52019,1817,8109,2022-06-30,Success
18164,454,17152,2022-08-15,Success
9877,2352,22025,2023-03-26,Success
13323,314,34854,2022-10-11,Success
13528,2904,23983,2023-03-27,Success
25832,277,34310,2022-05-12,Success
32499,2833,26370,2023-02-12,Success
2892,1534,14930,2023-02-27,Success
42102,2339,26204,2022-08-25,Success
13320,1145,15493,2023-02-09,Success
56345,1906,9210,2022-11-07,Success
45626,2699,31166,2022-12-21,Success
36748,1784,13277,2022-06-05,Success
54721,293,10524,2022-12-21,Success
14432,2624,38089,2022-08-02,Rejected by the driver
40877,569,8884,2022-04-15,Rejected by the driver
13816,1320,29958,2022-07-16,Success
1216,480,19536,2022-06-04,Success
53634,2910,28770,2022-07-02,Cancelled by the passenger
54297,1583,23958,2022-12-16,Success
15659,2378,653,2023-04-15,Rejected by the driver
4737,594,6512,2023-02-28,Success
3682,1370,33456,2023-02-28,Rejected by the driver
4217,1836,21108,2023-02-11,Cancelled by the passenger
37725,2479,14985,2022-05-09,Success
44736,347,5518,2022-11-19,Success
22121,679,30043,2023-02-20,Cancelled by the passenger
15431,1271,12323,2023-01-18,Success
23975,1341,39458,2023-02-05,Success
26817,2878,13790,2022-12-10,Success
50911,509,31754,2022-11-17,Success
33233,2607,13943,2022-12-09,Success
54360,1348,39858,2023-01-11,Success
54463,1721,24866,2022-12-19,Success
30570,2887,6643,2022-11-13,Cancelled by the passenger
36590,1278,26528,2022-12-11,Success
48837,490,30388,2022-10-14,Success
15460,1147,8642,2022-07-12,Success
30860,2976,15932,2022-12-25,Success
32730,97,37165,2022-03-22,Rejected by the driver
43229,1346,14556,2022-03-14,Success
20113,1697,38315,2022-04-16,Success
32785,1690,38402,2022-11-23,Success
22059,550,11498,2022-04-23,Rejected by the driver
31915,2764,19628,2023-03-16,Success
34609,1112,34878,2022-06-05,Success
33003,422,36806,2022-05-04,Success
26424,754,22305,2022-11-13,Success
24997,2161,6590,2022-05-21,Success
45721,101,32642,2023-01-13,Success
24246,2904,14187,2022-04-09,Success
49393,799,16577,2022-10-27,Success
58280,1912,38072,2022-08-06,Success
7092,1692,17753,2022-07-29,Cancelled by the passenger
18897,106,15650,2022-11-27,Success
14599,832,39647,2023-04-07,Rejected by the driver
40229,28,18315,2023-03-18,Success
1428,1253,11363,2022-04-04,Cancelled by the passenger
48872,749,6599,2022-06-06,Success
52514,927,13675,2022-08-07,Success
53690,644,23339,2023-02-20,Success
32928,2375,15564,2022-05-13,Cancelled by the passenger
34772,2873,13499,2022-08-30,Success
16919,596,34854,2022-05-26,Cancelled by the passenger
52091,1292,16426,2022-08-18,Cancelled by the passenger
15246,705,23995,2022-09-14,Success
52414,1828,34331,2022-05-11,Success
10288,75,29346,2022-03-21,Success
4688,932,7109,2022-08-29,Success
35340,119,33782,2022-12-10,Success
51156,1995,30623,2022-06-26,Success
27522,299,27398,2022-11-11,Rejected by the driver
28778,1830,2693,2022-06-09,Success
32768,1819,36447,2022-09-22,Rejected by the driver
58980,2437,38893,2023-01-18,Success
46108,687,10682,2022-11-11,Success
4500,185,3567,2022-11-22,Success
39002,1482,36425,2022-05-23,Success
6804,1895,31977,2022-07-24,Success
33279,1525,17493,2022-07-22,Success
12698,2912,37223,2022-10-12,Success
53677,85,2937,2022-08-25,Success
40013,2451,34425,2022-07-31,Success
9402,477,34415,2022-11-02,Cancelled by the passenger
37757,2134,11839,2022-12-12,Rejected by the driver
13284,558,32453,2022-12-13,Success
24687,2961,10189,2022-12-08,Success
15963,742,35864,2022-12-02,Success
50422,261,20583,2022-11-19,Success
41725,1193,37423,2022-12-14,Success
45573,2671,11889,2022-05-25,Cancelled by the passenger
43186,2545,12954,2022-07-13,Success
47106,2565,37707,2022-09-27,Success
39030,1260,3478,2022-11-30,Success
56743,1904,9804,2022-10-12,Success
2361,1525,15642,2022-03-23,Success
43979,2694,39977,2022-04-16,Success
26341,754,5606,2023-01-19,Rejected by the driver
50962,2745,6620,2022-06-12,Success
11354,651,20729,2023-01-17,Success
38824,1447,2787,2023-04-04,Success
1988,1749,11911,2022-05-21,Success
8941,2291,27958,2022-03-28,Cancelled by the passenger
26090,541,38892,2022-03-28,Success
7537,951,22386,2023-03-01,Success
33850,1098,36679,2023-01-24,Success
10455,2699,14275,2022-07-05,Success
29200,1606,24487,2022-08-01,Rejected by the driver
28228,1138,30603,2022-07-02,Success
59174,1422,9831,2022-11-22,Success
47183,845,33672,2023-01-21,Success
41804,2374,3155,2023-01-25,Rejected by the driver
32181,2540,28094,2023-03-07,Rejected by the driver
14188,2650,19307,2022-09-29,Rejected by the driver
53467,389,35064,2022-05-05,Success
46490,2116,36378,2022-04-27,Success
36744,419,12546,2022-05-29,Rejected by the driver
20128,1944,28339,2023-02-12,Success
56205,741,25944,2022-07-07,Success
55161,2099,10251,2022-03-16,Cancelled by the passenger
51064,2747,2060,2022-10-19,Rejected by the driver
34299,1773,25645,2022-03-19,Success
20723,1172,21097,2022-09-25,Success
54619,1000,28811,2022-09-24,Rejected by the driver
40584,2409,20027,2022-11-11,Success
32969,1215,29074,2022-07-30,Cancelled by the passenger
25033,619,33748,2023-04-02,Success
15847,1937,3006,2023-03-19,Rejected by the driver
3922,621,18817,2022-09-19,Success
33317,1514,25889,2022-05-14,Success
5093,2552,29838,2022-06-03,Rejected by the driver
19218,1102,2419,2022-05-21,Rejected by the driver
8012,2621,3062,2023-04-03,Success
28357,102,5329,2022-03-26,Success
47256,964,29269,2022-11-04,Cancelled by the passenger
19073,471,16931,2022-03-16,Cancelled by the passenger
19175,1211,27682,2022-05-29,Cancelled by the passenger
64,582,30461,2022-08-09,Success
37314,693,7188,2022-05-27,Cancelled by the passenger
7300,918,27354,2022-05-12,Cancelled by the passenger
59788,1238,33947,2022-06-07,Rejected by the driver
20538,1167,382,2022-07-05,Rejected by the driver
25498,1943,25581,2022-11-05,Success
21761,1992,13687,2022-05-14,Success
12416,2447,38187,2023-02-23,Success
10937,1058,13063,2022-09-21,Success
41197,543,4902,2022-09-13,Success
44362,862,34783,2022-11-02,Success
36343,1298,21397,2022-12-29,Rejected by the driver
39135,1817,34426,2022-08-12,Rejected by the driver
767,2260,32081,2022-03-26,Rejected by the driver
35150,1857,23500,2022-08-06,Cancelled by the passenger
7190,2748,39476,2022-07-26,Success
27449,2232,30460,2022-07-15,Success
7534,978,4993,2022-12-19,Success
58138,332,6180,2022-10-21,Success
49719,2569,5119,2022-04-24,Cancelled by the passenger
48430,2968,33127,2023-03-27,Success
19481,1823,12280,2022-04-06,Rejected by the driver
30987,604,10880,2022-11-29,Success
17854,2951,11545,2022-07-05,Rejected by the driver
42113,1476,21326,2022-09-16,Rejected by the driver
46478,1649,31345,2022-08-24,Success
52173,1258,16462,2022-09-22,Success
44654,2451,39600,2023-04-14,Success
10065,2178,32562,2022-04-15,Success
5616,2137,8943,2022-12-16,Cancelled by the passenger
27173,939,33635,2022-07-29,Success
27850,981,6830,2022-07-23,Success
54024,2899,14731,2023-02-18,Success
31680,770,18894,2022-04-20,Success
38449,423,28462,2022-11-26,Success
33310,1056,4530,2022-05-16,Cancelled by the passenger
3611,2486,19513,2022-12-19,Success
28567,990,32909,2023-01-26,Success
47868,2474,11764,2022-11-13,Success
56593,188,12723,2023-02-01,Success
23487,138,29426,2022-10-01,Success
16307,843,30984,2022-12-08,Rejected by the driver
37154,327,2038,2022-10-24,Rejected by the driver
36575,2218,32889,2022-08-05,Success
52561,622,39009,2022-10-05,Success
49846,1199,29295,2022-10-23,Success
15383,1540,37101,2022-04-15,Rejected by the driver
50570,2458,24122,2022-07-08,Success
41083,1199,25283,2022-07-20,Success
57413,5,13237,2023-02-20,Cancelled by the passenger
27980,431,38945,2022-12-03,Cancelled by the passenger
19416,127,36287,2022-10-27,Success
37805,2130,25843,2022-10-28,Success
30304,1694,39801,2023-03-26,Success
57024,1708,24050,2022-12-12,Success
21564,2330,36688,2022-09-06,Success
36996,690,38018,2022-09-16,Success
47468,2186,24391,2022-08-10,Success
4861,154,13273,2022-12-23,Success
26562,934,27781,2023-02-16,Cancelled by the passenger
42205,1267,681,2022-04-11,Success
17817,85,27801,2022-11-21,Success
21543,74,22115,2022-07-25,Success
6193,1456,8567,2022-12-10,Cancelled by the passenger
14637,1261,2627,2022-07-28,Success
46664,1790,31617,2023-04-12,Success
3625,1166,31821,2022-04-15,Success
21558,2510,37281,2022-08-12,Success
55845,1952,20057,2023-03-08,Cancelled by the passenger
44341,2945,24609,2022-10-15,Success
20191,1872,37750,2022-06-26,Cancelled by the passenger
9001,1044,15812,2022-07-16,Success
10912,1671,4186,2022-07-20,Success
41240,2787,23166,2022-11-22,Success
37025,1191,13498,2022-08-24,Success
28368,759,33568,2022-05-18,Success
19562,488,27098,2022-04-05,Success
14798,87,29407,2022-08-09,Rejected by the driver
24348,2273,36939,2022-11-05,Success
52488,2374,22618,2022-05-05,Rejected by the driver
17647,2106,2446,2022-06-04,Success
1272,2622,19383,2022-07-24,Success
34705,515,16513,2022-08-17,Success
29778,124,10905,2022-09-01,Cancelled by the passenger
5621,36,15131,2023-02-22,Rejected by the driver
34367,2198,34283,2022-11-25,Success
46130,2030,32356,2022-11-07,Success
49600,436,6774,2023-01-16,Success
25662,1678,27702,2023-01-15,Success
4407,2019,38430,2022-04-12,Success
13442,2045,24771,2022-07-19,Success
28591,886,12229,2022-05-13,Rejected by the driver
4751,134,34305,2022-12-26,Success
41008,2936,3200,2022-11-21,Success
9572,873,17108,2022-10-08,Success
48210,287,19398,2022-11-14,Cancelled by the passenger
34426,1926,12499,2023-04-04,Success
54922,2737,31090,2022-09-29,Rejected by the driver
37932,2068,13698,2022-09-20,Success
35848,440,35567,2022-08-03,Cancelled by the passenger
46019,2999,22502,2023-03-03,Success
33396,2406,38622,2022-07-19,Rejected by the driver
3998,2904,24842,2022-12-26,Rejected by the driver
17736,712,4316,2023-01-24,Success
52753,628,27404,2022-08-17,Success
46633,18,4803,2023-03-01,Success
56264,1602,28753,2023-02-15,Success
15223,2188,36782,2023-01-24,Success
54605,2267,1919,2022-03-18,Success
44003,1137,17185,2023-03-06,Success
15725,203,21308,2023-03-06,Cancelled by the passenger
39451,547,3493,2022-05-02,Success
56731,915,23740,2023-04-10,Rejected by the driver
46305,2658,30942,2022-06-27,Success
1699,1286,22873,2022-08-05,Success
17079,958,23055,2023-01-20,Success
53773,967,5197,2022-03-20,Rejected by the driver
58479,1478,3763,2023-02-14,Rejected by the driver
21517,984,6267,2022-10-26,Success
10911,1301,1506,2022-06-21,Success
45942,1821,2975,2022-07-01,Success
11540,2508,2406,2022-09-01,Rejected by the driver
43337,134,17724,2022-05-22,Cancelled by the passenger
58968,1390,19539,2022-08-19,Success
25668,1371,31071,2022-04-03,Rejected by the driver
48199,2304,15282,2022-12-28,Success
49223,351,37544,2022-05-27,Success
28505,1702,14192,2022-05-25,Success
32272,326,37463,2022-07-03,Success
39331,1887,24982,2023-03-07,Rejected by the driver
15771,1325,30838,2022-08-05,Success
17812,1457,36414,2023-04-11,Cancelled by the passenger
29264,1204,3269,2022-05-24,Success
47841,1451,23708,2022-10-20,Cancelled by the passenger
8327,1918,400,2022-11-23,Success
6131,741,10942,2022-11-26,Success
51426,1260,23067,2022-06-02,Success
28607,769,31420,2022-08-06,Success
165,1684,26079,2022-05-10,Cancelled by the passenger
55024,2786,26441,2022-12-12,Rejected by the driver
39789,668,11570,2022-05-30,Success
33255,2525,16513,2022-11-19,Success
4209,2905,23299,2022-07-31,Success
54901,2367,17513,2022-03-23,Success
13060,2524,35266,2022-10-05,Cancelled by the passenger
44456,1054,32901,2023-01-09,Success
33802,2205,27515,2023-03-16,Success
333,2063,37120,2023-03-13,Success
51322,1370,36031,2023-03-21,Success
34796,1850,33102,2023-02-27,Success
5044,206,35624,2023-04-15,Success
48334,29,3925,2022-09-25,Success
1129,1576,2255,2023-03-06,Success
31989,1477,17764,2022-11-18,Success
47937,2423,26402,2022-08-04,Success
7066,1921,7089,2022-04-21,Success
56932,2332,33174,2022-04-11,Success
55712,2657,2184,2022-08-18,Rejected by the driver
53277,802,33289,2022-03-25,Rejected by the driver
44696,549,37053,2022-05-09,Success
25000,2431,3513,2023-02-14,Success
1010,500,33952,2023-04-14,Success
34670,1381,12875,2022-08-04,Success
49370,1192,17514,2022-09-16,Success
7704,2396,32241,2022-05-16,Success
54739,1950,27045,2022-12-28,Success
9186,2693,15864,2022-09-06,Rejected by the driver
24161,1651,3679,2022-03-21,Success
43552,231,10048,2023-02-18,Success
45121,1676,1639,2023-04-05,Cancelled by the passenger
36064,459,9585,2023-03-13,Success
52207,1237,4585,2022-09-13,Success
30648,596,36687,2022-10-31,Success
4600,866,14754,2022-05-19,Success
13087,441,5435,2022-06-02,Success
8195,2013,23724,2023-04-02,Rejected by the driver
11315,1312,10339,2023-02-18,Success
47694,1277,12770,2022-04-27,Success
14773,2701,23422,2022-03-31,Success
53724,723,12763,2023-03-15,Success
511,734,14332,2022-08-30,Success
58895,1050,26932,2023-01-03,Success
45871,732,12740,2023-01-22,Rejected by the driver
50561,36,27838,2022-06-16,Success
3751,803,17636,2022-12-25,Cancelled by the passenger
30958,1904,29094,2022-05-05,Cancelled by the passenger
39386,1639,1517,2022-06-28,Success
21738,116,10393,2022-10-11,Success
10681,1699,30508,2022-09-14,Success
48882,1086,16208,2022-06-01,Success
51506,264,14932,2022-12-18,Success
39079,543,31558,2022-12-18,Success
20393,2510,34655,2022-12-10,Success
7292,445,11698,2022-12-21,Success
19030,1365,18104,2022-08-01,Success
35735,648,21913,2022-04-11,Rejected by the driver
19886,428,2956,2023-03-07,Success
31734,1715,27388,2022-05-08,Success
52242,226,17630,2022-06-28,Rejected by the driver
55557,600,17956,2023-02-12,Success
3019,2817,17062,2022-06-19,Success
53930,131,14771,2023-02-20,Success
10596,812,23033,2022-07-11,Success
39555,779,6160,2022-10-04,Success
18282,814,13654,2023-02-08,Success
26925,652,22211,2023-01-18,Success
19533,1746,54,2022-07-15,Success
2194,2759,18967,2022-07-08,Cancelled by the passenger
42718,796,10837,2023-01-26,Success
57938,2470,19835,2022-05-31,Cancelled by the passenger
46372,1940,7435,2022-09-22,Rejected by the driver
20494,535,27702,2022-12-25,Cancelled by the passenger
2689,1032,19502,2022-09-08,Cancelled by the passenger
8934,2933,18088,2022-10-02,Success
35855,1548,32242,2022-05-19,Success
40432,959,9142,2022-09-29,Success
44668,2020,6254,2022-10-07,Rejected by the driver
49057,378,10759,2022-07-11,Success
17003,2676,28420,2023-03-19,Success
39272,201,17155,2023-03-12,Success
23116,1227,36889,2022-10-26,Success
7135,388,25901,2022-12-07,Success
33661,821,20167,2022-04-24,Rejected by the driver
31492,2255,34854,2023-03-09,Success
9132,2273,18693,2022-11-25,Success
21923,2210,33293,2022-04-10,Success
19664,2041,38165,2022-10-02,Rejected by the driver
18975,317,34137,2022-09-13,Success
6395,2626,14366,2022-08-24,Success
5889,1076,15783,2023-04-06,Success
11398,655,30153,2023-03-11,Success
3571,758,14284,2022-04-14,Success
54106,2919,2265,2022-03-20,Success
55459,2342,35134,2023-01-01,Success
48173,2634,8491,2023-04-06,Success
27719,1715,24146,2022-08-26,Success
40976,1015,5320,2023-03-19,Rejected by the driver
8502,2680,29644,2023-01-31,Success
58996,2641,33123,2022-11-04,Success
30825,632,30699,2022-07-13,Success
40719,2299,30980,2022-10-24,Cancelled by the passenger
8488,1640,20932,2022-03-19,Success
56410,1078,12508,2022-08-19,Success
49197,2292,16118,2022-11-20,Success
7888,1506,21871,2023-01-23,Success
12453,982,27286,2022-05-23,Success
51779,2883,15741,2023-01-11,Success
24840,2211,31746,2022-09-27,Success
18710,2837,31365,2022-08-17,Rejected by the driver
20544,1479,14418,2022-08-06,Success
57111,1226,3229,2022-08-22,Rejected by the driver
40768,394,39523,2022-10-20,Success
34310,2457,10290,2022-07-02,Success
33614,2665,21786,2022-03-13,Success
59439,1747,36204,2023-04-10,Rejected by the driver
51776,476,26154,2022-06-23,Success
47542,1290,35035,2022-05-15,Success
34274,2214,9752,2022-04-13,Success
25506,1526,23577,2022-08-13,Rejected by the driver
3395,1274,32538,2022-05-05,Success
6737,872,11836,2023-04-03,Rejected by the driver
20858,387,7357,2022-12-09,Cancelled by the passenger
29258,2163,22870,2022-12-04,Success
57850,1869,11168,2022-09-09,Success
15402,1457,23675,2022-08-31,Success
23289,1162,14216,2022-10-19,Success
8559,2215,37666,2022-09-26,Success
2665,2342,6235,2022-09-03,Success
48411,2127,2054,2022-04-23,Success
43471,2740,12730,2023-01-16,Success
42484,317,30120,2023-04-01,Success
19746,1261,27860,2022-06-10,Success
40704,800,20653,2023-01-02,Success
44547,956,30110,2022-10-01,Cancelled by the passenger
56368,1464,4663,2022-07-16,Success
55338,2977,28414,2022-10-19,Success
14702,1945,21296,2022-07-31,Success
9930,989,3579,2022-12-03,Success
29254,1102,7569,2022-05-31,Success
59716,2995,3172,2023-03-31,Cancelled by the passenger
31672,2484,16216,2022-07-07,Success
13444,2312,33417,2023-02-21,Success
43893,2896,16040,2022-11-05,Rejected by the driver
31076,1002,38039,2023-02-22,Success
18144,2131,18068,2022-12-20,Success
6192,2028,7551,2023-04-08,Success
34232,2880,27730,2023-03-13,Success
16614,1010,29283,2022-12-15,Rejected by the driver
39703,1554,32024,2022-10-07,Cancelled by the passenger
48879,2544,2904,2022-12-03,Success
13610,1922,8778,2022-05-23,Success
42112,2220,13218,2022-06-19,Rejected by the driver
40679,1028,38533,2023-02-24,Success
4517,655,7031,2022-08-09,Success
26443,2517,5633,2022-12-17,Cancelled by the passenger
1935,121,38158,2022-10-19,Success
39666,2125,4487,2022-10-24,Success
21942,1230,38362,2022-11-07,Success
49562,2134,5305,2023-03-31,Rejected by the driver
2142,1867,4363,2023-03-31,Success
1588,1687,23968,2022-04-08,Success
38795,1448,18349,2022-09-19,Success
44493,1687,14085,2022-11-10,Success
24382,378,15198,2023-03-31,Success
28516,564,33949,2022-05-31,Rejected by the driver
57314,36,31700,2022-08-20,Success
10901,319,35576,2022-04-16,Success
10008,465,29561,2022-07-06,Success
33387,43,1132,2023-03-08,Success
1219,208,34705,2022-04-26,Success
15729,1418,23433,2023-02-10,Success
39665,1328,5586,2022-04-26,Cancelled by the passenger
25192,304,20248,2022-12-01,Success
44966,694,18358,2023-03-20,Success
10009,693,24709,2022-09-06,Cancelled by the passenger
16845,1287,35013,2022-12-05,Success
34146,1547,9641,2023-03-13,Success
5697,2530,14855,2023-02-23,Success
46134,692,32083,2022-06-26,Success
54070,2762,5359,2022-10-12,Success
22935,322,36736,2022-08-10,Rejected by the driver
1565,1683,179,2022-04-09,Cancelled by the passenger
24190,939,6410,2023-01-18,Success
12622,1689,10086,2023-01-10,Cancelled by the passenger
58465,2835,32332,2022-09-15,Cancelled by the passenger
32509,2497,22311,2022-08-21,Success
55030,2719,28533,2022-04-24,Success
43634,1375,14112,2022-07-17,Cancelled by the passenger
7891,1908,7611,2022-10-30,Success
26136,1054,30399,2022-06-09,Success
34500,2933,20178,2023-03-04,Success
48621,2879,24371,2022-10-16,Success
52986,1137,284,2022-03-19,Success
15285,932,37184,2022-10-09,Success
42456,2317,15323,2022-06-22,Success
9329,1687,31920,2022-05-01,Success
43686,2059,36721,2022-09-21,Cancelled by the passenger
25558,2620,1218,2022-09-21,Cancelled by the passenger
11664,2526,7337,2023-01-12,Success
15020,1478,18212,2022-03-26,Success
13812,2309,34404,2022-12-07,Rejected by the driver
31896,2044,21626,2023-02-16,Success
33483,2996,21153,2023-01-25,Success
55275,642,6070,2022-08-08,Cancelled by the passenger
11828,846,36265,2022-05-11,Success
3299,2508,16708,2022-12-16,Success
54914,170,8345,2022-07-09,Rejected by the driver
54579,2060,3734,2022-06-11,Success
4677,1601,29918,2023-03-14,Success
7351,251,34634,2023-04-06,Success
31000,2275,15189,2023-04-06,Success
42467,562,11729,2023-02-21,Success
33012,1706,10830,2023-02-27,Rejected by the driver
22061,943,15146,2022-11-23,Success
37744,1287,6408,2022-10-07,Success
25962,911,1851,2022-11-17,Success
56944,2739,32274,2023-02-25,Success
5771,336,4959,2022-07-03,Success
50564,436,21889,2022-12-17,Rejected by the driver
56115,2310,37246,2022-07-01,Cancelled by the passenger
29046,68,30010,2023-03-26,Success
49766,2205,36735,2023-01-15,Rejected by the driver
6831,2830,35870,2022-06-01,Success
57144,1093,15985,2023-03-06,Rejected by the driver
11917,1656,32187,2022-08-23,Cancelled by the passenger
38303,2588,32285,2023-01-27,Success
4127,1398,38207,2023-01-06,Success
28701,2042,12341,2023-04-11,Success
16475,1220,27010,2023-02-13,Success
10201,1826,8503,2022-04-23,Success
11000,2823,36254,2022-05-03,Cancelled by the passenger
19951,708,19463,2022-09-24,Cancelled by the passenger
6469,1496,37851,2023-01-11,Rejected by the driver
18711,948,12221,2023-01-21,Success
24638,1930,20246,2022-07-10,Success
39063,2154,13283,2022-09-06,Success
53539,1690,38769,2022-07-30,Success
1777,2380,9664,2022-08-11,Success
249,841,29324,2023-01-10,Cancelled by the passenger
52727,2812,10831,2023-03-29,Success
47936,1610,16052,2023-03-15,Success
634,2773,4625,2022-03-28,Cancelled by the passenger
12034,1580,3591,2022-12-30,Cancelled by the passenger
13698,1767,15814,2022-09-06,Success
2714,2852,7019,2022-04-19,Success
21635,20,27597,2023-01-06,Success
41387,1520,5299,2022-05-02,Rejected by the driver
44901,228,1162,2022-05-10,Success
59115,1950,37068,2023-02-06,Rejected by the driver
31105,1703,28859,2022-11-15,Success
36063,2662,27639,2022-07-23,Success
51967,2507,23576,2023-01-04,Cancelled by the passenger
25128,2385,35452,2022-07-18,Success
25083,1054,32003,2023-02-08,Success
37099,1551,32340,2022-09-05,Rejected by the driver
16216,1961,18031,2023-01-08,Success
28658,2195,34382,2022-07-18,Success
3868,847,16852,2023-02-22,Success
30310,2308,14255,2022-11-27,Rejected by the driver
40219,297,12504,2022-10-16,Success
57784,1061,37458,2023-01-04,Success
33013,1065,29190,2023-03-17,Cancelled by the passenger
1218,2962,15093,2022-06-30,Success
28254,1244,35808,2022-07-12,Success
37304,1179,36258,2023-01-15,Success
3734,1134,23621,2022-10-17,Success
34271,703,39944,2022-11-21,Success
13911,1241,17784,2022-08-16,Success
19263,742,8017,2022-11-12,Rejected by the driver
9541,1282,20589,2023-01-04,Success
42814,517,8113,2022-07-07,Success
22374,196,21073,2022-11-21,Rejected by the driver
38342,306,17900,2022-06-27,Success
44140,2893,2329,2023-03-23,Success
31552,377,28208,2022-07-15,Cancelled by the passenger
57881,1153,15289,2022-07-30,Success
33385,1145,26207,2022-03-13,Success
1054,1244,34386,2022-05-17,Success
272,2234,19979,2023-02-26,Success
30668,158,38762,2022-10-15,Success
24795,1823,34825,2023-03-31,Success
4579,2333,923,2023-03-28,Success
53759,352,30271,2022-09-10,Success
57981,2590,36810,2023-02-22,Rejected by the driver
2614,921,5060,2023-03-23,Success
39562,1761,1872,2022-09-28,Rejected by the driver
27806,975,27508,2022-06-06,Success
16411,707,184,2022-07-20,Success
14972,2700,12744,2023-03-12,Success
36945,387,3200,2022-04-13,Rejected by the driver
45805,601,31936,2022-12-01,Success
15007,106,4230,2023-03-07,Success
37435,1338,11041,2022-05-11,Cancelled by the passenger
14365,2781,3331,2022-07-05,Success
4397,2663,37402,2022-11-03,Success
24759,950,3420,2022-04-08,Success
9281,1762,23433,2022-11-15,Cancelled by the passenger
38808,1207,19212,2022-09-05,Success
13793,850,7867,2022-11-27,Rejected by the driver
34619,1322,17484,2022-10-31,Success
48082,364,20704,2022-07-18,Cancelled by the passenger
29441,2581,1677,2023-03-30,Success
8266,1621,18613,2022-06-27,Success
31783,1940,3669,2022-10-04,Success
4857,2883,36653,2022-09-30,Success
46152,1560,5466,2022-06-07,Rejected by the driver
11580,1853,19469,2022-11-04,Success
14876,1088,17863,2022-06-22,Success
53621,2643,33022,2022-12-20,Success
3763,610,13014,2022-07-21,Success
49074,2916,33319,2022-12-18,Success
8342,743,3919,2022-09-24,Success
38023,517,23187,2023-03-15,Success
6823,2178,39713,2022-08-24,Success
15609,531,16001,2022-11-02,Success
30175,1615,18352,2022-04-22,Success
45712,425,13217,2022-05-23,Success
33961,1171,14194,2023-01-28,Cancelled by the passenger
26652,2926,31612,2022-07-20,Success
56771,2108,31925,2022-08-05,Success
39572,2473,23203,2022-09-20,Cancelled by the passenger
39064,2763,2040,2022-09-20,Success
23131,2092,17710,2022-10-18,Success
10012,2053,32441,2022-08-03,Success
4776,2002,31383,2022-09-29,Cancelled by the passenger
22288,2820,6069,2022-10-04,Success
45859,2176,39399,2022-08-20,Rejected by the driver
4906,347,29309,2022-05-26,Success
40760,2539,39599,2022-09-20,Success
37283,2259,26829,2022-12-28,Rejected by the driver
15112,2422,14729,2022-10-04,Success
47448,2140,35278,2022-03-25,Success
45651,310,5252,2023-02-20,Success
44002,474,1662,2022-06-05,Success
31383,1007,14644,2022-07-01,Rejected by the driver
52046,2416,37241,2022-07-01,Success
7253,1380,10393,2022-08-05,Success
4966,1602,2391,2022-08-23,Success
6412,812,38743,2022-11-16,Success
53920,2318,25839,2022-09-21,Success
35068,1071,25530,2022-04-03,Success
58321,2187,11658,2022-08-24,Rejected by the driver
42175,1361,19068,2022-05-21,Cancelled by the passenger
44567,647,29221,2022-10-22,Success
2799,325,10735,2022-03-28,Success
12377,1227,10641,2022-04-15,Rejected by the driver
19953,254,28017,2022-04-20,Success
22284,2176,4930,2022-11-19,Success
22696,2551,32592,2022-07-04,Cancelled by the passenger
41198,1706,8656,2022-08-23,Cancelled by the passenger
44139,2736,26277,2023-04-08,Success
1497,1242,16065,2022-05-25,Success
56509,1728,27054,2023-01-06,Success
16042,2398,32969,2022-07-06,Success
27316,2626,30202,2023-03-22,Success
3440,2981,18140,2023-03-28,Success
1194,2293,30295,2022-09-24,Rejected by the driver
28945,440,1055,2023-03-03,Rejected by the driver
16916,2073,25597,2023-02-23,Success
18301,2407,35651,2023-04-02,Success
9294,2138,17046,2022-05-16,Rejected by the driver
25305,1095,28945,2022-04-28,Success
29053,2894,5162,2022-08-01,Rejected by the driver
41768,727,34284,2023-02-22,Rejected by the driver
8163,2552,15317,2023-02-19,Rejected by the driver
48140,1775,2645,2022-03-24,Rejected by the driver
48019,677,24471,2022-11-08,Success
52552,2562,39038,2023-04-06,Success
36836,1888,17274,2022-04-14,Success
35014,2636,18363,2022-12-11,Success
11044,1185,27782,2023-01-19,Success
14298,482,3857,2023-02-24,Cancelled by the passenger
31798,1785,4742,2022-06-21,Success
6397,1016,3329,2022-05-21,Success
13575,972,32899,2022-06-24,Cancelled by the passenger
31045,2998,19816,2022-11-08,Success
30374,1299,38916,2023-02-04,Success
27382,898,26429,2022-08-08,Success
33810,357,7615,2023-03-04,Success
32341,1473,21876,2022-06-16,Rejected by the driver
17361,2276,17786,2022-12-04,Success
27137,2576,25369,2022-11-24,Rejected by the driver
1154,2307,9878,2022-06-10,Success
44574,2538,25078,2023-02-08,Rejected by the driver
22011,1224,17305,2023-02-20,Cancelled by the passenger
34735,2579,16604,2022-10-03,Success
29136,2489,39441,2023-02-06,Success
2001,868,11838,2022-10-14,Success
47668,2022,30867,2022-06-23,Success
51604,1544,29784,2023-01-28,Success
55926,690,27939,2023-01-06,Cancelled by the passenger
11579,1276,33903,2022-05-27,Success
29874,646,36434,2023-02-21,Success
34416,534,4435,2022-10-28,Success
59305,2564,7932,2023-03-08,Success
54725,431,14935,2022-05-20,Success
43588,420,16390,2022-08-14,Success
30930,649,36470,2022-04-06,Rejected by the driver
44924,908,6376,2023-01-13,Success
33605,1078,12329,2022-09-03,Cancelled by the passenger
1840,152,35748,2023-01-20,Rejected by the driver
710,776,29143,2022-04-26,Success
6522,2950,16246,2023-03-25,Success
42292,2103,6244,2022-05-30,Success
2549,1994,39657,2022-05-13,Success
4633,2916,3730,2022-09-17,Success
4146,1005,31141,2022-07-23,Success
43842,689,32874,2022-07-09,Success
23118,1832,26316,2023-01-31,Success
51212,2908,3485,2023-04-02,Success
9323,1951,7521,2022-09-16,Success
5056,1189,36551,2023-02-04,Success
47786,1843,32481,2022-12-30,Cancelled by the passenger
55472,2588,16682,2022-06-09,Success
13679,781,16073,2022-11-20,Rejected by the driver
22124,643,35179,2023-03-29,Success
48264,1698,10287,2022-05-04,Success
42811,2349,35984,2022-07-10,Success
35229,1894,267,2022-11-07,Success
45555,2088,3282,2022-06-13,Success
3512,1824,23237,2022-05-07,Cancelled by the passenger
19161,2646,24663,2022-11-02,Rejected by the driver
11499,303,27755,2022-08-31,Success
7467,506,4245,2022-11-03,Rejected by the driver
44006,2431,2443,2022-11-12,Success
28154,540,32973,2022-11-06,Success
47905,2649,319,2022-06-02,Success
49193,573,1633,2022-06-10,Cancelled by the passenger
23245,547,12283,2022-06-24,Success
24238,213,18786,2022-12-07,Success
9508,240,34782,2023-03-13,Success
42898,2891,37749,2023-01-06,Rejected by the driver
57149,2188,22231,2022-05-31,Success
26449,1701,38945,2022-10-01,Cancelled by the passenger
33189,1434,18315,2023-01-17,Success
40293,1437,8219,2022-07-31,Success
25057,2655,16616,2023-01-21,Success
15496,66,39158,2022-10-12,Success
17446,1208,15430,2022-03-30,Rejected by the driver
45642,1816,38175,2023-01-28,Success
23097,2153,13021,2022-03-28,Success
45589,542,29912,2022-11-27,Success
14122,493,26561,2022-07-27,Success
10777,1834,21134,2022-03-29,Success
59916,1775,141,2022-08-03,Cancelled by the passenger
5764,2906,7405,2022-03-25,Cancelled by the passenger
7569,986,25139,2022-08-04,Rejected by the driver
13395,1537,17314,2022-07-31,Rejected by the driver
51548,1229,11527,2023-04-02,Success
41030,129,12141,2022-05-11,Cancelled by the passenger
51382,1812,9310,2022-11-23,Success
44968,2903,13153,2022-08-09,Success
43095,1877,28478,2022-11-03,Cancelled by the passenger
47662,2781,23789,2023-02-25,Rejected by the driver
21121,156,22860,2022-08-01,Success
24977,1179,7128,2022-05-16,Success
8971,1849,33290,2022-09-04,Success
1268,854,7858,2022-05-21,Cancelled by the passenger
55908,1372,1759,2022-11-11,Success
11678,1301,26233,2022-05-29,Success
49089,2031,9919,2022-09-17,Rejected by the driver
25176,1931,9859,2022-11-27,Success
27006,1228,16822,2022-04-08,Success
8678,392,16164,2022-11-22,Rejected by the driver
19382,536,13222,2022-07-04,Success
9671,204,37417,2022-08-10,Success
57545,384,38959,2022-12-19,Success
26338,942,34952,2023-02-14,Cancelled by the passenger
11066,2686,33187,2022-09-13,Success
47192,2862,26548,2022-04-08,Success
29988,2054,35235,2022-06-08,Success
28763,1298,1958,2022-06-27,Cancelled by the passenger
8304,1080,24775,2022-07-07,Success
3037,1989,36064,2022-12-22,Rejected by the driver
50805,2813,37756,2022-12-30,Success
17404,791,27534,2022-11-07,Success
40485,1455,8078,2022-03-19,Rejected by the driver
6284,19,34005,2022-04-03,Success
25719,1525,13405,2022-08-18,Success
59601,1515,17052,2022-06-10,Success
39580,2284,31432,2023-04-13,Success
17086,794,30447,2023-03-07,Success
21928,2411,4890,2022-05-12,Success
11498,953,6778,2023-01-27,Success
25240,390,25216,2023-03-04,Success
47696,2036,35216,2022-04-11,Rejected by the driver
26347,2524,11938,2022-10-25,Success
29634,1955,33327,2022-12-12,Success
2958,434,858,2023-01-05,Success
46881,1742,36142,2023-03-31,Success
41930,153,34122,2022-10-27,Success
35413,2059,21749,2023-01-30,Cancelled by the passenger
44198,1251,10499,2023-04-12,Rejected by the driver
42212,2561,23486,2022-09-21,Success
27457,2264,8371,2022-12-12,Success
59306,2251,17963,2022-11-25,Success
37919,2740,14128,2022-09-08,Success
35047,1908,20497,2022-10-20,Success
30596,2806,11331,2022-04-20,Success
11244,1919,35652,2022-03-26,Success
36042,721,30019,2023-03-01,Success
43857,58,1889,2023-03-11,Success
441,124,23828,2023-04-10,Success
25909,1235,7231,2023-03-06,Success
46529,1451,17195,2022-08-07,Success
41743,2952,35086,2022-09-25,Success
41493,2168,5493,2022-11-30,Success
18475,1279,27593,2022-10-31,Success
17293,2830,21451,2022-04-11,Rejected by the driver
2889,2893,12580,2022-08-28,Success
19754,424,20522,2022-10-01,Cancelled by the passenger
19314,2871,28073,2022-05-06,Success
1864,2020,16766,2022-05-11,Cancelled by the passenger
875,2027,36472,2022-10-10,Success
37873,1652,21292,2022-09-04,Success
33193,2481,13442,2022-04-04,Cancelled by the passenger
2920,1362,12484,2022-03-13,Rejected by the driver
51663,1749,22989,2022-12-25,Success
39590,2912,26236,2022-05-13,Success
21394,936,15082,2022-09-15,Success
41048,1318,17133,2023-02-26,Rejected by the driver
37990,1201,5571,2022-12-15,Success
18963,1907,640,2022-12-25,Success
23192,2219,10717,2022-04-07,Success
28194,2201,28344,2022-07-10,Cancelled by the passenger
53625,260,25886,2022-06-16,Success
21531,2722,16598,2022-07-26,Success
23869,2850,39022,2022-08-18,Rejected by the driver
3384,1790,32728,2022-11-20,Success
15418,11,32871,2022-10-06,Success
10965,2610,37870,2022-08-08,Success
37092,2512,556,2023-04-10,Success
42902,1244,510,2023-01-20,Success
1442,938,28994,2022-03-18,Success
18455,2951,26057,2022-08-20,Success
22989,1577,22722,2023-02-08,Success
33700,667,39729,2023-01-24,Success
8015,307,37203,2022-08-30,Success
43560,244,33323,2022-08-21,Success
15793,604,130,2022-10-27,Rejected by the driver
42458,2654,36071,2023-03-28,Cancelled by the passenger
33950,17,20453,2023-03-01,Cancelled by the passenger
18485,2944,20719,2022-05-20,Success
5379,2665,31589,2023-04-07,Cancelled by the passenger
58033,2356,10230,2023-04-15,Success
48806,2403,38505,2022-12-11,Success
16550,1118,29980,2022-07-13,Success
34095,138,34880,2022-09-22,Success
31466,1446,15274,2022-11-08,Success
21847,2567,19422,2022-04-29,Success
56597,63,25292,2022-04-26,Success
46146,1512,18394,2023-01-17,Success
6229,1835,38485,2022-09-21,Success
33493,390,38115,2023-03-02,Cancelled by the passenger
28111,992,1792,2022-05-11,Success
2135,932,23554,2022-04-18,Success
29678,1576,34054,2023-03-24,Success
53066,884,26646,2022-12-22,Success
9960,763,8736,2022-08-11,Success
14312,2880,25842,2022-06-13,Success
33139,1023,3104,2022-08-01,Success
37069,2771,5590,2022-04-08,Rejected by the driver
8297,2525,15317,2022-12-23,Success
9711,1195,15394,2022-08-01,Success
26523,648,916,2022-04-10,Success
3475,2200,9315,2023-02-21,Success
19716,166,18358,2022-12-16,Success
24490,1758,23534,2022-11-14,Success
58626,1130,20621,2022-11-12,Success
12285,943,30848,2023-02-14,Cancelled by the passenger
46561,2039,4874,2022-03-18,Rejected by the driver
16805,1752,30309,2022-11-25,Cancelled by the passenger
38238,2581,2860,2022-12-24,Success
43554,1105,12334,2022-04-16,Success
48054,1945,9883,2022-10-26,Success
12166,1913,11799,2022-11-10,Rejected by the driver
12766,2560,10310,2022-04-02,Success
46300,1791,21984,2022-07-04,Success
7470,1085,21401,2022-04-06,Success
20055,1456,27339,2022-10-19,Rejected by the driver
29843,419,23831,2022-04-01,Success
9543,1640,21607,2022-04-20,Success
42097,2777,14610,2022-07-14,Cancelled by the passenger
5862,1715,23412,2022-12-21,Success
23044,814,35076,2023-02-04,Success
18296,2105,18113,2023-02-04,Success
33429,1902,19256,2022-05-06,Success
8718,1351,28959,2023-02-09,Rejected by the driver
23874,659,9726,2022-12-02,Rejected by the driver
28343,439,4449,2022-06-12,Success
28854,1816,5360,2022-08-20,Success
13191,1327,16196,2023-03-14,Success
51131,1382,19054,2022-06-08,Success
1226,1806,30324,2022-09-29,Success
44646,2199,19232,2022-12-06,Cancelled by the passenger
10667,531,13216,2022-10-31,Cancelled by the passenger
6457,1009,1181,2022-08-19,Cancelled by the passenger
46761,1066,39146,2023-02-12,Rejected by the driver
48414,2387,27919,2022-08-16,Success
17545,2044,18073,2022-10-31,Success
29498,2582,22184,2023-03-29,Rejected by the driver
20854,46,26847,2022-10-02,Success
20577,1128,5967,2023-04-04,Success
14225,1919,19568,2023-03-09,Success
36245,1590,2595,2022-10-16,Success
17860,2268,6916,2022-06-30,Success
31564,2481,20499,2022-10-24,Success
6877,2435,16306,2022-04-18,Rejected by the driver
30465,2806,11948,2023-03-05,Cancelled by the passenger
58392,1988,1009,2023-03-09,Success
14717,1047,9414,2023-02-06,Success
54932,2433,1484,2022-06-07,Success
28187,870,2769,2023-02-11,Success
6518,1238,38606,2022-05-30,Success
28298,2936,36334,2022-06-28,Success
35256,2345,16608,2022-05-11,Success
15741,2172,31301,2022-09-04,Success
17873,409,26797,2022-10-25,Success
47067,2622,6544,2022-07-03,Success
40128,2341,13079,2022-11-19,Success
11717,127,6622,2022-09-08,Cancelled by the passenger
41346,2962,38636,2022-03-27,Success
27419,1386,22750,2023-02-22,Success
22145,2881,38734,2022-10-12,Success
58,1594,2240,2022-12-21,Success
4366,2756,25347,2023-02-07,Success
7770,2952,39617,2023-03-09,Rejected by the driver
20243,2530,19411,2023-01-11,Success
23460,2396,39372,2022-06-07,Success
44845,949,36147,2022-03-27,Success
31207,1248,514,2022-04-17,Cancelled by the passenger
51491,2946,32165,2022-05-13,Success
57203,482,8529,2022-09-18,Success
58849,247,8087,2022-07-22,Success
43821,1210,3573,2022-12-01,Success
38512,2043,2547,2022-03-16,Success
10711,359,16194,2023-01-12,Cancelled by the passenger
33916,2772,35223,2022-08-27,Success
48732,2143,22622,2022-09-25,Rejected by the driver
34437,625,14889,2023-04-10,Cancelled by the passenger
44676,1747,25468,2022-11-27,Rejected by the driver
37100,1733,18435,2023-03-04,Success
29687,2977,31387,2022-11-12,Success
31947,62,17334,2022-12-23,Success
35621,2972,23451,2022-07-23,Rejected by the driver
26880,1518,796,2022-09-14,Success
12181,1078,589,2023-03-10,Success
49264,2868,22154,2022-11-20,Success
34291,1528,28390,2022-05-16,Success
47352,1861,5799,2023-03-17,Success
20342,2755,13290,2022-07-12,Cancelled by the passenger
38681,2525,2729,2022-04-22,Success
1555,33,9598,2022-06-29,Cancelled by the passenger
59688,144,11157,2022-08-23,Success
26248,1093,21417,2022-04-06,Success
8733,2628,13471,2022-09-20,Success
53839,1521,27530,2022-11-04,Success
33690,2901,20499,2022-03-17,Success
41146,397,9055,2022-03-21,Success
59185,2621,9864,2023-03-08,Success
33596,1459,12106,2022-07-31,Success
55312,2347,22303,2022-07-01,Success
3786,1005,8648,2022-12-30,Success
18914,544,35553,2023-02-09,Success
30862,1252,33672,2022-11-23,Cancelled by the passenger
33085,2698,25306,2023-01-11,Success
43472,95,4326,2022-05-04,Success
723,2591,11877,2023-02-16,Success
15972,1951,19909,2022-03-30,Rejected by the driver
31957,2758,32146,2022-05-13,Success
59436,558,38233,2022-10-15,Success
58760,2186,12568,2023-02-23,Rejected by the driver
16924,483,19628,2022-12-27,Rejected by the driver
28022,2802,27230,2022-11-27,Success
19618,1256,1878,2022-06-15,Success
15627,42,38024,2022-08-20,Success
33343,1179,25824,2022-08-31,Success
29795,2492,13001,2022-12-09,Success
50196,1529,15251,2022-12-10,Success
469,2577,22290,2023-03-27,Success
30342,1810,36095,2022-09-28,Success
16357,227,5972,2022-08-22,Success
34397,325,17460,2022-08-12,Success
29457,1136,12356,2022-04-19,Success
21150,2909,11401,2022-12-02,Success
3301,246,24098,2022-12-06,Cancelled by the passenger
52853,2364,22816,2022-07-15,Success
59807,1819,12015,2022-09-01,Cancelled by the passenger
27584,2778,37936,2022-06-12,Success
51724,2880,21567,2022-03-25,Rejected by the driver
48120,930,7648,2022-08-04,Success
42981,606,27224,2023-02-17,Success
51141,1026,34057,2022-03-21,Rejected by the driver
17146,932,3757,2022-04-15,Cancelled by the passenger
25252,1824,3653,2023-03-01,Success
20655,880,186,2022-12-29,Success
7943,604,32311,2023-02-20,Success
26661,2806,34230,2023-04-06,Success
23951,2879,9159,2022-11-25,Success
53917,1744,7193,2022-10-15,Cancelled by the passenger
9764,794,26513,2022-07-22,Rejected by the driver
19779,65,9589,2023-03-13,Success
39851,2609,27818,2022-11-25,Success
13937,1094,32251,2022-11-25,Success
59663,2160,32707,2022-05-13,Success
17502,1855,5244,2023-03-19,Success
34251,288,12628,2023-01-21,Success
20287,907,30740,2022-12-25,Rejected by the driver
108,1886,24535,2023-02-06,Success
29056,1881,10438,2022-04-16,Rejected by the driver
46250,2479,38821,2022-05-28,Rejected by the driver
53071,2009,28390,2022-11-10,Success
37439,2381,26727,2022-05-11,Success
21177,1804,37260,2022-10-06,Success
17424,2724,34004,2022-08-18,Success
7616,827,25506,2022-11-08,Success
54760,2823,39449,2022-05-03,Rejected by the driver
34313,1189,8969,2022-12-13,Success
38057,758,29508,2022-09-04,Success
19301,2311,6404,2022-11-11,Success
794,1956,17288,2023-03-26,Success
49297,481,22462,2023-02-03,Rejected by the driver
42868,327,4563,2022-07-15,Success
2333,1184,10419,2023-02-15,Success
11160,1213,31409,2022-11-08,Success
49707,334,10543,2022-06-09,Success
48606,841,26641,2022-07-17,Cancelled by the passenger
36466,852,27257,2022-12-02,Success
1252,2309,30661,2022-10-13,Success
44467,1211,13202,2022-12-28,Success
1384,758,17215,2022-10-12,Rejected by the driver
48627,1092,905,2023-01-16,Success
37065,837,29112,2022-03-16,Success
40500,387,10502,2022-09-12,Success
13531,60,10338,2022-12-28,Success
50146,1475,21684,2023-03-27,Success
38605,252,8289,2023-02-17,Rejected by the driver
5202,2284,33519,2022-05-02,Rejected by the driver
30755,2542,16710,2023-01-26,Success
35785,1312,23499,2022-09-28,Success
50617,2973,1707,2022-05-06,Success
44807,2245,5914,2022-10-23,Success
54743,2770,31770,2022-07-29,Success
3522,2913,23333,2022-08-19,Success
37344,864,27567,2022-11-26,Success
12838,522,29756,2022-05-16,Success
48594,2238,13466,2022-11-20,Success
44644,2457,2852,2023-04-01,Cancelled by the passenger
5692,911,21950,2022-11-12,Success
57704,2139,13435,2022-10-23,Success
26955,2832,8304,2022-09-22,Cancelled by the passenger
43660,1440,39261,2022-09-15,Success
25138,1881,15951,2022-03-14,Rejected by the driver
16581,2369,28464,2023-02-25,Rejected by the driver
14280,69,975,2022-07-27,Success
9609,285,26971,2022-07-19,Success
16334,507,6468,2023-01-12,Success
7671,1626,12153,2022-08-18,Success
41791,333,39951,2022-12-25,Success
36535,1709,2092,2022-05-22,Success
8883,2428,32921,2022-10-31,Rejected by the driver
33829,434,2469,2023-01-15,Success
42876,562,13400,2023-01-06,Success
7372,2084,38919,2022-09-13,Success
55555,2144,21333,2022-04-08,Rejected by the driver
30232,2195,28241,2023-02-25,Success
13356,1588,11050,2023-03-06,Success
14368,194,18707,2022-09-01,Success
55272,2565,4475,2023-02-06,Success
42331,2985,39442,2022-11-19,Success
38045,644,25072,2022-08-10,Rejected by the driver
58272,461,20174,2022-07-17,Success
50723,475,35568,2023-02-13,Success
14442,2145,34414,2022-08-13,Success
28065,1515,29627,2022-11-29,Success
27608,2725,31115,2022-06-04,Cancelled by the passenger
9771,1232,36358,2022-04-02,Success
19759,1867,14355,2022-12-06,Success
59740,1376,33735,2022-04-10,Cancelled by the passenger
7368,1985,33256,2022-04-30,Success
48771,2717,21532,2022-08-09,Success
52008,1809,24452,2023-01-09,Success
34926,1317,37912,2022-05-06,Success
41832,384,31133,2022-10-16,Success
48704,1205,14651,2022-08-19,Cancelled by the passenger
2078,2471,24924,2022-10-10,Success
14141,683,20761,2023-02-02,Cancelled by the passenger
33687,608,30584,2022-12-03,Success
57952,2229,37001,2022-03-23,Success
939,2360,21831,2022-03-24,Success
37118,1853,18780,2022-04-02,Cancelled by the passenger
28272,215,13374,2022-11-12,Success
31696,2566,15428,2023-01-15,Rejected by the driver
36865,2371,11109,2022-09-16,Success
10140,474,5355,2023-03-08,Success
52567,2250,15686,2023-02-09,Success
37664,339,14047,2023-02-28,Success
43084,284,1311,2023-04-04,Rejected by the driver
49611,242,9216,2023-03-06,Success
56789,914,10078,2022-09-08,Success
7725,1696,10274,2023-04-03,Cancelled by the passenger
28772,672,32508,2022-08-24,Success
50971,141,15844,2022-06-12,Success
43527,1038,4004,2022-06-28,Success
33242,321,39830,2022-11-13,Success
8180,341,33433,2022-10-18,Rejected by the driver
1145,2347,30858,2023-02-28,Success
33138,2512,37674,2022-05-10,Success
44128,2361,31023,2022-06-26,Success
18749,2448,33011,2023-01-19,Success
19729,1072,3918,2022-07-01,Cancelled by the passenger
52969,773,220,2023-02-28,Success
41713,2127,15740,2022-10-09,Success
14099,1186,31303,2022-12-07,Success
35656,2475,4119,2022-07-03,Success
30042,2564,1018,2022-12-24,Rejected by the driver
57211,1385,10480,2023-04-11,Success
5422,1824,19504,2022-05-25,Success
38214,785,1112,2022-07-05,Success
23924,1038,15785,2022-08-15,Rejected by the driver
47785,2279,33977,2022-03-19,Success
49354,2518,6068,2022-09-01,Success
17464,9,18881,2022-09-04,Success
2103,2185,10077,2022-09-03,Success
21888,2301,4529,2022-11-16,Success
13766,507,28777,2022-09-15,Success
35863,1243,9769,2022-11-10,Success
32457,1410,34235,2023-02-12,Success
46944,545,14342,2023-03-16,Rejected by the driver
11979,1673,17883,2023-04-02,Success
28340,1616,4387,2022-08-01,Success
48568,1798,13186,2022-11-25,Success
9204,2724,18462,2023-02-23,Success
39987,1397,18609,2022-09-25,Rejected by the driver
16973,1284,10739,2022-11-25,Success
34385,250,31086,2022-05-05,Success
58706,430,10856,2023-03-27,Success
50985,2945,31066,2022-08-12,Rejected by the driver
5687,1437,28291,2022-03-12,Success
6005,2613,31137,2023-03-01,Success
22720,795,31734,2022-04-16,Success
19395,987,8919,2022-06-19,Success
19128,947,27654,2023-02-22,Success
46476,1249,10104,2022-04-21,Cancelled by the passenger
14675,320,4595,2022-06-10,Success
10058,647,31847,2022-05-26,Success
35332,1499,12137,2022-12-11,Success
47616,845,21314,2022-06-15,Success
51603,2640,31374,2023-03-29,Success
39937,290,7111,2022-07-09,Success
23104,86,28474,2023-04-02,Success
39452,2653,16865,2022-07-07,Cancelled by the passenger
32738,16,6460,2022-08-12,Success
47102,2923,19128,2022-09-18,Success
55893,2959,8912,2022-11-18,Cancelled by the passenger
54982,2863,33780,2023-01-19,Success
12943,2299,31611,2022-07-03,Success
20769,1549,21930,2022-12-05,Success
30185,2829,6008,2022-06-27,Success
42206,901,18512,2023-03-03,Success
23769,117,38397,2022-09-09,Success
25118,17,13046,2022-09-20,Success
50882,1717,16538,2022-09-22,Success
1470,793,29920,2022-12-03,Success
31703,1833,5313,2022-09-16,Cancelled by the passenger
30460,2785,31567,2022-09-30,Success
44680,503,9212,2022-06-02,Cancelled by the passenger
39845,2797,3588,2023-02-23,Success
16883,947,39664,2022-08-21,Success
58550,2384,7847,2022-04-10,Success
21598,2235,13922,2022-11-22,Success
36114,1343,36385,2022-12-13,Success
32536,426,38716,2023-01-08,Success
17484,1948,19571,2022-11-28,Rejected by the driver
31020,861,3758,2023-03-07,Success
15380,474,33298,2022-12-03,Success
6757,536,10981,2023-03-31,Success
8699,1425,17444,2022-08-22,Success
8505,2761,9799,2022-10-12,Success
56432,2844,32518,2022-08-11,Rejected by the driver
29144,2703,26874,2022-05-19,Success
36256,108,27283,2023-01-23,Success
45521,1545,38602,2022-06-16,Success
55572,1615,15438,2022-07-27,Success
7224,136,25547,2022-09-07,Success
843,178,3325,2022-10-05,Success
6403,498,7206,2022-07-18,Success
50778,2305,31265,2023-03-14,Success
58048,1789,23358,2022-11-16,Success
18910,374,26865,2022-04-30,Success
51940,612,11288,2022-08-06,Cancelled by the passenger
18678,1184,20354,2023-02-24,Success
43310,1242,13347,2022-03-19,Cancelled by the passenger
40788,1015,37714,2022-05-07,Success
23987,109,19615,2023-03-27,Success
56688,629,28708,2022-10-03,Success
27439,1859,12121,2023-04-06,Rejected by the driver
58649,1520,2100,2022-04-22,Rejected by the driver
13264,1524,4029,2023-02-23,Success
58958,2887,5426,2023-03-06,Success
42578,205,6062,2023-04-11,Success
50803,1137,3471,2022-09-24,Rejected by the driver
14573,225,29332,2023-02-20,Rejected by the driver
26597,1019,31540,2022-08-24,Success
55294,1521,12635,2023-03-28,Success
23733,2162,14475,2022-10-14,Success
25187,2252,9449,2022-03-12,Cancelled by the passenger
49312,2589,18914,2022-12-04,Success
29801,2757,23797,2022-09-03,Success
54720,1794,8552,2022-04-29,Success
7830,2179,6475,2022-11-11,Success
45883,667,12113,2022-10-09,Success
22005,1502,2344,2023-03-11,Success
26653,2838,19269,2022-06-05,Success
56083,913,27589,2022-11-27,Success
12493,2048,28224,2022-03-23,Success
39285,2346,37135,2022-04-21,Success
52321,1034,8109,2023-03-05,Cancelled by the passenger
23329,1394,1151,2022-08-16,Success
41899,2011,24861,2023-02-12,Success
53320,735,31757,2023-02-07,Success
321,1026,35210,2022-06-30,Success
10826,1515,16851,2023-02-23,Success
143,1155,1511,2022-09-01,Success
5987,244,24261,2022-06-08,Cancelled by the passenger
19633,2710,7282,2022-10-28,Success
3921,2286,39713,2022-09-06,Success
3092,491,21298,2022-10-10,Success
51396,2469,25121,2022-06-30,Success
21409,241,35465,2022-07-27,Rejected by the driver
54612,713,10959,2023-01-14,Success
6560,518,30700,2022-07-22,Success
39089,1800,35066,2022-05-29,Rejected by the driver
55690,2412,20434,2022-08-05,Success
40422,2760,26214,2022-10-09,Success
31248,1105,26513,2022-09-09,Success
37666,1042,8895,2023-04-08,Success
27856,1711,5954,2022-09-23,Cancelled by the passenger
5911,1738,25162,2023-03-24,Success
1647,226,34395,2023-04-01,Rejected by the driver
45247,2702,27717,2023-04-09,Cancelled by the passenger
55507,1797,34129,2022-09-26,Success
4561,519,6008,2022-12-02,Rejected by the driver
28284,1849,3406,2022-11-29,Rejected by the driver
36839,1186,11034,2022-10-03,Success
24488,2636,14761,2023-02-06,Success
16047,135,5590,2023-03-21,Success
15461,847,7498,2022-11-08,Cancelled by the passenger
1192,2219,16292,2022-10-31,Success
1267,2459,19189,2022-05-08,Success
14125,353,12460,2022-05-07,Success
52844,2484,32714,2022-06-30,Success
38754,63,14021,2023-03-28,Cancelled by the passenger
24588,1159,23781,2022-04-03,Success
4803,2975,1362,2022-04-13,Rejected by the driver
47974,771,23685,2022-12-12,Success
15974,2316,11560,2022-10-28,Success
3424,1250,2340,2022-11-27,Rejected by the driver
28885,1863,5908,2022-11-26,Rejected by the driver
47132,2665,10752,2022-04-23,Success
21191,1748,10033,2022-10-30,Rejected by the driver
41449,655,2679,2022-10-31,Success
48798,2380,4145,2023-02-13,Cancelled by the passenger
55998,2966,11363,2022-07-14,Success
15332,58,32086,2023-03-01,Cancelled by the passenger
39294,2400,29293,2022-06-23,Success
44035,2947,24159,2022-04-21,Success
58227,1801,4513,2023-01-13,Success
10169,2093,17992,2022-04-06,Success
39278,2573,15835,2023-03-30,Success
25455,115,18311,2022-05-20,Success
43268,618,21975,2022-12-03,Success
3284,1869,34342,2023-04-05,Success
30766,2248,12886,2023-03-26,Success
36585,2074,3049,2022-10-16,Success
32468,2534,33690,2022-10-06,Success
37015,1407,25943,2022-04-29,Success
56353,1065,4588,2022-04-24,Rejected by the driver
34454,2101,32002,2023-03-27,Rejected by the driver
16949,1581,13899,2022-08-05,Success
57451,471,18068,2022-11-08,Success
34583,2233,24559,2022-06-10,Rejected by the driver
13376,78,32617,2022-07-18,Success
56232,1970,28015,2022-08-09,Cancelled by the passenger
48994,2474,28866,2022-12-23,Success
58765,205,26238,2022-07-25,Success
16340,2368,33739,2023-01-18,Success
2421,514,24823,2022-10-22,Success
59035,396,31082,2022-12-10,Success
58135,1096,32842,2022-04-12,Success
49782,1756,30908,2022-10-25,Success
55448,743,29989,2022-03-14,Success
44060,837,22642,2022-11-13,Cancelled by the passenger
43584,511,13815,2022-04-20,Success
15225,246,4288,2022-10-22,Success
49211,1921,15035,2022-08-06,Success
13382,413,3487,2022-09-17,Success
16043,773,4143,2022-04-02,Success
26902,1736,17629,2022-07-26,Success
14438,1603,6210,2023-01-02,Success
52116,1796,14854,2022-10-28,Cancelled by the passenger
19647,2970,6984,2023-04-13,Success
17534,1389,32825,2022-08-24,Success
43017,676,7695,2022-08-21,Rejected by the driver
5237,249,16823,2023-04-15,Success
11231,120,28711,2022-11-05,Success
19213,2152,8150,2022-11-20,Cancelled by the passenger
35429,2264,13912,2022-03-26,Success
1637,1126,37305,2022-07-28,Success
37499,890,4945,2023-01-05,Success
13378,2226,5105,2022-10-26,Rejected by the driver
42939,124,29089,2023-04-09,Success
11157,1275,10780,2022-04-03,Rejected by the driver
47942,630,23124,2022-06-05,Success
586,2387,39637,2022-08-25,Success
57508,2991,10266,2022-10-05,Success
33410,789,36875,2022-04-05,Success
3612,845,11502,2022-03-24,Rejected by the driver
1581,402,38538,2022-06-16,Cancelled by the passenger
2437,2779,7824,2022-03-16,Rejected by the driver
51465,1546,14268,2022-05-21,Success
849,709,13265,2022-12-14,Rejected by the driver
55217,1198,19310,2022-05-06,Cancelled by the passenger
12212,52,17329,2022-05-27,Success
713,1643,18842,2022-05-30,Success
59488,2914,30950,2023-03-02,Success
58774,1206,31257,2022-05-05,Rejected by the driver
37322,2795,33099,2022-04-17,Success
51400,234,13790,2023-01-14,Success
11730,496,20514,2023-03-30,Cancelled by the passenger
9194,2439,35397,2022-07-17,Rejected by the driver
12162,2799,19209,2023-04-13,Success
1191,2621,5640,2022-10-22,Success
52988,2930,4263,2022-06-03,Success
17248,767,23789,2022-12-14,Success
37886,2420,32827,2022-09-12,Success
35690,1579,8507,2022-10-20,Success
50108,2759,3322,2023-03-15,Success
51925,2501,24233,2022-08-15,Success
46345,2629,11606,2023-03-11,Success
9087,1597,35812,2022-08-04,Success
47831,2844,9275,2022-05-24,Rejected by the driver
46494,634,34043,2022-04-27,Rejected by the driver
16180,2955,9980,2022-07-31,Success
12553,1563,25641,2023-03-11,Success
54486,2284,35702,2023-01-02,Success
57131,1827,1008,2022-12-11,Success
46933,2009,16670,2022-12-04,Success
26411,2689,5409,2022-10-29,Success
42649,1862,7793,2022-06-19,Success
18781,559,19420,2022-11-15,Cancelled by the passenger
25552,784,18462,2022-09-07,Success
18947,1328,16218,2022-04-18,Success
6258,809,16518,2023-01-26,Success
37930,1702,24075,2023-04-14,Success
16088,1116,14018,2023-04-13,Success
26613,1141,7289,2023-01-05,Cancelled by the passenger
9625,1805,35813,2023-01-24,Success
57515,329,30272,2023-03-13,Success
33886,2396,417,2023-01-17,Cancelled by the passenger
18900,438,31730,2022-06-16,Success
11643,2335,4026,2023-03-28,Success
19151,1107,10099,2022-08-08,Success
13952,1890,14276,2022-11-25,Success
44355,668,12986,2022-05-05,Rejected by the driver
11458,2400,39346,2022-05-20,Success
41052,2596,8925,2022-05-08,Rejected by the driver
32619,1938,20641,2022-05-18,Success
34262,268,7349,2022-10-05,Cancelled by the passenger
10630,649,26535,2022-03-30,Success
85,2526,29023,2022-08-19,Success
10856,2138,22507,2022-05-11,Success
11784,1654,20476,2022-03-29,Cancelled by the passenger
4881,2385,10272,2023-01-25,Success
50543,136,16008,2022-11-18,Cancelled by the passenger
8404,373,1902,2022-06-15,Success
29040,1907,37977,2022-11-05,Cancelled by the passenger
40937,1362,13996,2022-10-16,Success
1282,2310,29581,2022-08-13,Cancelled by the passenger
30728,2425,10772,2022-08-11,Success
22329,1048,21202,2022-12-22,Success
4680,1509,30648,2023-02-03,Success
47958,135,20136,2023-01-20,Rejected by the driver
7021,1744,38185,2022-12-04,Cancelled by the passenger
50826,2837,31526,2022-05-26,Cancelled by the passenger
24482,620,17007,2022-07-29,Success
17707,1277,19226,2022-03-14,Success
27972,2570,35728,2022-09-14,Success
11597,2817,29314,2023-03-22,Rejected by the driver
54191,1029,209,2022-11-16,Success
44860,749,29152,2022-05-09,Success
46086,398,13566,2022-06-21,Success
57614,2373,10286,2023-04-10,Success
26802,1003,6608,2022-12-23,Success
7772,934,14763,2022-11-19,Success
25245,1113,20572,2022-10-16,Rejected by the driver
22174,2976,27648,2023-01-10,Success
39733,702,19080,2022-04-04,Cancelled by the passenger
23996,483,26952,2023-03-02,Success
9849,1245,6575,2022-05-11,Success
35033,2518,6123,2022-06-24,Rejected by the driver
20853,1674,10864,2023-01-14,Success
56756,573,27961,2022-05-06,Cancelled by the passenger
345,996,23370,2022-06-26,Success
1277,1549,20646,2022-06-21,Rejected by the driver
54056,2451,15949,2023-01-12,Success
46911,927,19751,2022-04-01,Success
28240,208,9999,2022-04-03,Success
59787,1074,366,2022-10-07,Success
392,2396,3007,2022-03-20,Rejected by the driver
47173,302,7229,2023-03-25,Rejected by the driver
44280,1382,23223,2022-08-19,Success
40407,2886,39193,2023-04-02,Success
49935,105,36816,2022-05-23,Success
31917,1017,26225,2023-02-14,Cancelled by the passenger
25953,1243,1534,2022-10-23,Success
29427,1670,23647,2022-10-07,Cancelled by the passenger
22177,1204,18948,2022-07-02,Success
3907,2254,39751,2023-03-02,Success
24316,1586,4226,2023-01-02,Success
57432,1234,22402,2022-11-08,Success
55267,143,2844,2022-03-19,Success
47387,483,3408,2022-08-31,Success
9512,335,26520,2022-04-29,Rejected by the driver
58045,841,9231,2022-08-14,Cancelled by the passenger
9189,2799,28693,2022-09-13,Success
24625,899,17733,2022-10-19,Cancelled by the passenger
1658,1455,36846,2022-05-24,Success
28216,972,11964,2022-11-02,Cancelled by the passenger
30838,953,3139,2022-03-28,Success
5753,653,29946,2022-06-07,Success
22594,1488,2415,2022-10-21,Success
44699,1241,17815,2022-09-04,Success
31337,2789,3709,2022-04-25,Success
12668,2364,30395,2022-09-03,Success
45680,79,12698,2022-08-12,Rejected by the driver
59711,642,24977,2022-06-30,Cancelled by the passenger
47224,114,37040,2023-04-03,Cancelled by the passenger
56510,48,5929,2022-11-10,Success
32289,379,21605,2022-08-27,Success
26975,874,36506,2022-10-12,Success
45246,311,5681,2022-06-13,Success
12675,739,21745,2023-02-02,Success
32481,1192,19043,2022-07-18,Success
29069,684,31091,2023-03-21,Success
33161,1855,14526,2023-01-07,Success
12705,444,34184,2022-08-12,Cancelled by the passenger
940,1414,16406,2022-05-21,Success
44442,2324,38782,2022-05-29,Success
29480,1100,16042,2022-07-11,Cancelled by the passenger
19114,2413,6644,2022-04-15,Rejected by the driver
30529,1766,25986,2022-07-08,Rejected by the driver
4078,348,13021,2023-03-03,Success
35067,991,24744,2022-11-14,Success
5514,418,17902,2023-03-24,Success
4201,2470,38235,2022-11-16,Success
24790,706,12082,2023-03-26,Success
12180,2045,5616,2022-07-01,Cancelled by the passenger
41147,1572,6366,2022-11-29,Success
14863,993,4608,2022-08-04,Success
36359,2393,659,2022-06-05,Cancelled by the passenger
26624,140,37130,2023-04-09,Rejected by the driver
27973,207,2158,2022-03-30,Cancelled by the passenger
27538,622,9291,2022-05-06,Success
21770,1609,7536,2023-03-18,Cancelled by the passenger
19991,634,16395,2023-01-20,Success
30306,2889,14884,2022-08-25,Success
100,684,5341,2023-03-01,Success
41946,788,10876,2023-03-25,Success
9712,798,21905,2022-09-17,Success
3127,1943,1786,2022-05-17,Success
19629,2014,39409,2022-11-27,Cancelled by the passenger
43318,622,21833,2022-10-10,Success
5468,569,11051,2023-03-14,Success
26494,2909,21261,2022-08-09,Success
20573,1832,13967,2022-04-07,Cancelled by the passenger
7399,220,15861,2022-07-03,Success
11114,1973,11740,2022-04-11,Cancelled by the passenger
9996,1729,22584,2022-05-10,Rejected by the driver
52639,2352,22493,2022-12-22,Success
48179,1794,12645,2023-01-03,Success
32554,2595,15491,2022-09-20,Success
46616,31,11494,2022-10-05,Success
43823,765,31392,2022-07-10,Success
1255,1567,34811,2022-04-12,Success
37489,727,29298,2022-03-24,Success
37470,2119,37795,2022-05-13,Cancelled by the passenger
816,2450,1292,2022-10-17,Rejected by the driver
49841,850,6744,2022-09-17,Success
35472,2191,17428,2022-08-24,Cancelled by the passenger
42422,725,36527,2023-02-13,Rejected by the driver
27683,921,38893,2022-09-20,Rejected by the driver
28639,2533,8995,2022-05-20,Success
12485,245,30066,2022-11-16,Success
10996,901,2107,2023-03-13,Rejected by the driver
4621,2517,13109,2022-07-02,Success
41135,1589,21771,2022-08-22,Success
42224,214,33667,2022-12-26,Cancelled by the passenger
27821,1036,28229,2022-08-07,Rejected by the driver
8556,1360,35178,2023-02-15,Success
4318,1268,19984,2022-12-30,Success
9908,2106,33484,2022-11-30,Cancelled by the passenger
7064,1634,37848,2022-10-04,Success
4164,2786,8024,2022-07-03,Rejected by the driver
26888,440,2843,2022-07-30,Success
43781,1824,37635,2022-11-24,Success
11423,1450,18236,2023-02-07,Rejected by the driver
4395,33,9644,2022-07-23,Success
24232,2765,32466,2022-10-17,Success
3279,1908,8309,2022-08-22,Success
8759,2251,10237,2022-11-03,Success
33297,1036,33572,2022-12-20,Success
17964,2363,612,2023-04-13,Success
35474,2892,10542,2022-06-07,Success
54122,1440,23989,2023-01-12,Success
14070,1129,13965,2023-02-14,Success
22537,1965,9211,2022-05-13,Success
52883,2596,20341,2022-07-11,Success
35761,550,4582,2022-12-03,Success
23997,767,13254,2023-04-05,Success
19829,658,6233,2023-03-25,Success
14936,1776,35797,2022-03-18,Success
39423,163,14319,2022-05-13,Rejected by the driver
48121,2929,32865,2022-10-20,Success
30677,2386,38202,2023-01-29,Success
54918,1315,644,2023-03-19,Success
12837,976,33903,2022-07-08,Cancelled by the passenger
48982,965,7312,2022-03-19,Success
51117,2300,23491,2022-05-11,Success
791,2816,3263,2022-05-19,Success
33842,1356,15428,2023-01-20,Rejected by the driver
27784,270,13918,2023-04-11,Success
49470,2119,13091,2022-05-12,Success
15316,1415,28337,2022-04-14,Rejected by the driver
21434,2666,22755,2022-06-09,Success
56687,2880,10396,2022-06-24,Success
50015,1530,36227,2022-04-13,Success
22035,26,15729,2022-05-11,Success
15748,2329,35669,2023-03-19,Success
34128,1244,5135,2023-01-18,Cancelled by the passenger
1892,2270,17476,2022-08-17,Rejected by the driver
18102,1877,7854,2022-08-21,Success
39662,2380,15949,2022-03-31,Success
9927,1843,18658,2022-04-11,Success
5683,1100,9064,2022-06-26,Cancelled by the passenger
33055,1454,39963,2022-09-02,Success
10700,1530,20520,2022-07-11,Success
35329,2981,7411,2022-07-18,Rejected by the driver
8420,2804,2113,2023-01-12,Success
51874,1843,20846,2022-04-30,Cancelled by the passenger
55884,931,3843,2022-11-26,Success
6147,2350,29312,2022-06-23,Success
49199,21,10599,2022-05-22,Success
749,1863,38467,2022-07-16,Success
51103,375,10703,2023-04-14,Success
44411,214,20950,2022-04-29,Success
23135,668,25638,2022-09-21,Success
48167,2900,26732,2022-03-25,Success
29171,1423,14043,2022-05-06,Success
18738,2154,22295,2022-03-20,Rejected by the driver
33073,1728,805,2022-07-15,Rejected by the driver
53333,464,23032,2022-03-22,Success
20795,11,12607,2022-04-01,Success
12994,2331,15899,2023-02-12,Success
31514,1812,30660,2022-06-17,Success
28968,434,20712,2023-02-24,Success
53918,360,17294,2023-03-14,Success
46991,943,31102,2023-02-10,Success
45448,789,17347,2022-12-16,Success
10887,2684,34432,2023-03-05,Success
50370,1923,30229,2022-10-13,Success
26988,2162,22978,2022-06-15,Success
47252,2375,37098,2022-07-22,Success
3983,2808,3186,2023-01-20,Success
37020,932,23633,2022-07-06,Success
45911,1002,22366,2022-08-12,Success
13020,514,4585,2022-05-12,Success
46792,1114,25944,2022-10-27,Success
22239,399,15581,2022-10-05,Success
54717,2198,15976,2023-02-04,Success
46071,58,3825,2023-01-08,Success
3810,782,18859,2022-04-01,Success
11412,122,30817,2023-03-09,Success
48772,397,29291,2023-02-24,Success
19474,2264,14450,2022-06-11,Success
43714,1175,27054,2022-12-12,Success
25462,2220,23294,2022-07-12,Success
22546,200,1887,2022-04-20,Success
46586,2508,34700,2022-04-12,Success
2196,663,39131,2023-01-12,Success
4775,699,29493,2022-08-12,Success
16260,225,4067,2022-11-22,Success
6062,13,16881,2022-11-04,Success
47995,2127,8745,2022-06-02,Rejected by the driver
59887,2846,33977,2022-06-09,Success
19125,1305,31886,2023-01-23,Rejected by the driver
55670,602,30306,2023-04-07,Rejected by the driver
32209,1759,24023,2023-04-02,Success
54947,1978,20064,2023-04-06,Success
31628,312,37368,2022-09-28,Success
31068,1465,35409,2023-01-02,Success
4558,705,37813,2022-12-10,Rejected by the driver
55391,926,25992,2022-06-11,Success
45212,625,23006,2023-03-04,Success
36069,2876,17400,2022-11-17,Success
4889,2684,3939,2023-02-19,Rejected by the driver
34421,1819,13025,2022-09-17,Success
30082,1056,10964,2022-12-23,Success
34874,1504,37624,2023-01-13,Success
31240,42,12054,2022-03-19,Success
30351,1126,9566,2022-04-02,Rejected by the driver
49277,849,5797,2022-12-15,Rejected by the driver
16468,2290,18963,2022-11-30,Success
3163,1889,36211,2022-07-16,Rejected by the driver
25107,2213,38811,2022-06-19,Rejected by the driver
19312,468,38321,2022-03-14,Success
10440,2219,37745,2022-10-12,Rejected by the driver
24055,1564,18342,2022-11-14,Success
8747,2527,13568,2022-11-12,Success
7488,33,13635,2023-01-03,Success
26915,2512,37907,2022-03-14,Success
55909,2245,37208,2022-07-14,Success
11167,2534,3946,2022-03-20,Success
29072,1258,5330,2023-01-30,Success
57140,1980,19137,2022-04-12,Success
39520,2008,23890,2022-07-04,Success
41178,178,31982,2022-04-24,Success
25741,13,12871,2023-02-20,Success
29082,1116,26305,2022-05-18,Success
17745,1706,5547,2022-04-04,Success
58171,988,26577,2023-03-24,Success
16800,1510,32871,2022-07-13,Success
47044,1062,7685,2022-08-31,Cancelled by the passenger
45963,2395,17026,2022-09-05,Success
54970,2089,7991,2023-01-13,Rejected by the driver
18681,2695,31867,2023-03-19,Success
3904,2951,35406,2022-08-11,Cancelled by the passenger
54488,1599,14361,2022-05-19,Success
981,2867,29850,2022-08-22,Success
49840,1412,12963,2022-10-14,Cancelled by the passenger
24648,2193,4093,2022-06-23,Success
37151,1659,25484,2023-03-03,Success
17607,2073,29552,2022-11-06,Cancelled by the passenger
41333,362,2204,2023-01-08,Success
32494,1102,8401,2023-01-07,Success
2728,2589,27204,2022-08-27,Success
21655,420,34052,2022-12-09,Success
19280,2750,9138,2022-07-24,Success
54625,443,13999,2022-08-02,Success
26534,275,27468,2022-03-23,Success
23949,2463,28661,2023-01-09,Success
37794,1835,14131,2023-03-21,Success
24148,2394,24534,2022-04-25,Success
9647,2255,37406,2023-03-11,Success
37999,2059,2605,2022-06-09,Cancelled by the passenger
3657,1766,35745,2022-04-18,Success
26537,2155,39912,2022-09-27,Success
45621,109,1403,2023-03-20,Cancelled by the passenger
39369,2258,32886,2022-11-11,Success
56865,128,17963,2022-12-06,Success
32166,1662,24136,2022-04-16,Success
27144,1907,10744,2022-08-29,Success
36101,1623,17647,2023-04-03,Success
24379,1159,19188,2022-10-25,Success
10670,1252,34464,2022-10-15,Success
13417,2372,39181,2022-06-19,Cancelled by the passenger
47302,1858,3078,2023-04-14,Success
30726,399,228,2022-07-23,Success
28836,2246,31426,2022-03-13,Success
22482,2107,21851,2022-03-24,Success
23752,1063,20077,2022-10-06,Success
47286,24,11505,2022-08-09,Rejected by the driver
32022,511,5456,2023-03-30,Cancelled by the passenger
39602,1760,25859,2022-04-12,Cancelled by the passenger
2495,1577,31361,2022-07-08,Success
28875,2197,23399,2022-12-28,Success
19708,1789,15710,2023-01-16,Success
23023,2992,9902,2022-08-12,Rejected by the driver
8562,537,25731,2022-07-04,Success
25140,1744,13218,2023-02-02,Success
29707,1959,29248,2022-03-23,Success
24978,812,25809,2023-03-12,Success
22501,203,23088,2022-10-07,Success
26591,1514,18412,2022-05-01,Success
31453,2223,36558,2022-03-27,Rejected by the driver
32900,2265,16795,2022-04-15,Success
27648,214,31008,2023-01-15,Success
1715,2661,22107,2022-03-29,Success
10438,468,23298,2022-12-25,Success
8821,1438,4526,2022-08-05,Success
54506,369,16686,2022-09-27,Success
50374,1630,36459,2022-10-06,Success
55236,1760,11036,2023-04-07,Success
35463,2099,10342,2022-08-12,Success
443,2835,27653,2022-11-26,Rejected by the driver
30503,267,28404,2022-11-13,Success
40699,1533,5856,2022-08-18,Success
45143,2940,36008,2022-10-05,Success
25152,1162,22654,2022-12-01,Success
27049,1295,19233,2022-09-22,Success
48963,2967,12482,2023-02-23,Success
21718,395,7376,2023-02-26,Success
28124,225,32573,2023-01-22,Success
23971,146,3100,2023-03-30,Cancelled by the passenger
5610,1420,19529,2022-05-09,Success
30609,2107,38591,2022-12-01,Success
59854,2486,3907,2022-04-26,Rejected by the driver
40494,1952,21899,2022-11-09,Success
54328,1444,37584,2023-04-04,Rejected by the driver
40380,2225,11886,2022-11-03,Success
45972,2683,19874,2023-02-22,Success
40398,2279,21129,2022-05-26,Success
34402,1117,36208,2022-07-21,Success
41921,404,27278,2022-06-05,Success
57384,444,11092,2022-09-14,Success
16382,2626,741,2022-05-18,Success
41296,2407,35517,2022-07-02,Cancelled by the passenger
38417,1578,6356,2022-12-17,Cancelled by the passenger
43558,73,8633,2022-09-29,Success
3895,1491,16678,2022-03-21,Success
34035,1114,21890,2022-06-05,Cancelled by the passenger
59558,1976,17411,2022-09-25,Success
7297,2012,22688,2022-09-15,Success
48346,1947,2329,2023-02-01,Success
10080,2364,29908,2022-04-28,Success
55163,925,17089,2022-12-23,Success
36045,927,33505,2022-12-05,Success
37604,1924,36407,2022-12-21,Success
18974,1167,37514,2022-03-13,Rejected by the driver
6632,2597,15789,2022-05-20,Success
43246,2103,34955,2023-01-16,Cancelled by the passenger
59081,712,31708,2022-12-26,Success
53641,1258,3232,2022-03-29,Success
8767,269,18723,2022-05-11,Success
53955,1653,28918,2023-03-30,Success
3882,1303,37681,2022-10-25,Success
47969,2405,2986,2022-12-10,Success
46514,2155,18668,2023-03-21,Success
43475,2626,8615,2022-03-26,Cancelled by the passenger
26329,3000,17547,2022-04-02,Cancelled by the passenger
13524,1582,14218,2022-10-23,Success
58510,2439,20603,2022-11-02,Rejected by the driver
15850,1658,23598,2022-12-26,Cancelled by the passenger
37094,2254,16233,2022-10-20,Success
29476,1216,12902,2022-10-02,Cancelled by the passenger
34371,107,1102,2022-10-20,Success
56926,1124,3108,2022-10-14,Success
20961,481,27252,2022-03-13,Success
36835,1422,12970,2022-10-13,Success
8778,120,17580,2022-10-31,Success
3204,359,27829,2022-03-30,Success
58179,1830,1268,2023-04-11,Success
31261,1507,8170,2022-04-06,Success
7453,2574,17459,2022-09-20,Success
39677,1449,7015,2023-01-28,Rejected by the driver
7276,39,34682,2022-12-26,Success
40281,1848,24467,2022-05-05,Success
48092,664,2453,2022-06-21,Success
21535,2771,36808,2022-07-04,Cancelled by the passenger
13805,2096,14454,2022-10-01,Success
2750,472,25478,2022-08-27,Success
45525,2157,10523,2022-05-27,Cancelled by the passenger
43835,2144,31293,2022-06-02,Success
30372,1712,16945,2022-12-31,Success
31761,1377,7046,2022-08-16,Success
46056,2326,2827,2022-04-21,Rejected by the driver
15345,2598,1609,2022-06-01,Success
13298,2001,31980,2022-12-26,Success
38622,412,8482,2022-10-24,Success
1476,2419,29442,2022-08-19,Rejected by the driver
33472,707,5439,2022-04-17,Rejected by the driver
59153,419,16628,2022-07-08,Success
7579,1525,29399,2022-10-10,Success
8667,1949,20865,2022-04-23,Success
2090,598,34770,2022-09-11,Success
40682,2566,14808,2022-10-03,Rejected by the driver
30336,1769,5187,2022-03-18,Success
49266,2735,27176,2022-07-14,Success
28069,742,34561,2022-05-01,Success
13404,2831,1029,2022-08-13,Success
54450,1163,28262,2023-01-22,Success
23249,2443,16805,2022-09-22,Rejected by the driver
11166,1125,5144,2022-08-22,Success
50217,410,13275,2023-02-28,Success
3050,1062,14048,2023-02-03,Cancelled by the passenger
9757,209,2140,2022-10-31,Success
808,2498,4468,2022-03-19,Success
5101,2892,32774,2022-10-08,Success
30118,2105,22014,2022-12-05,Success
652,1575,31626,2022-09-04,Success
10844,2513,24165,2022-09-25,Success
47225,1007,2107,2022-12-26,Success
5532,487,14089,2022-07-05,Success
16837,477,35689,2022-07-15,Rejected by the driver
36029,478,20124,2022-03-12,Success
15853,2485,14881,2022-04-18,Rejected by the driver
5849,1056,31561,2022-07-16,Success
24167,414,173,2023-02-13,Success
29397,2020,4016,2022-03-27,Success
26995,1430,6528,2022-11-14,Success
46511,2878,7251,2022-08-18,Success
33363,249,25626,2022-12-26,Success
13585,1442,23186,2022-06-12,Success
4795,2016,36707,2022-08-04,Success
23484,1283,36886,2023-03-28,Success
25785,1175,2652,2022-04-20,Cancelled by the passenger
1418,16,6676,2022-11-23,Success
49292,613,8924,2022-05-01,Success
8949,2739,29515,2022-08-11,Success
17126,1762,23565,2022-05-02,Success
2938,2490,16261,2023-03-09,Cancelled by the passenger
36644,2168,18954,2023-01-27,Success
19840,1653,29455,2022-06-12,Success
3891,1273,29171,2023-02-27,Rejected by the driver
15448,1259,18630,2023-02-04,Success
12807,2234,27737,2022-07-07,Rejected by the driver
34685,546,27364,2023-01-16,Success
11035,6,17149,2022-09-29,Success
15154,288,7575,2023-02-18,Rejected by the driver
55531,541,37864,2022-12-17,Success
52811,2735,12414,2022-08-02,Success
47371,2950,7682,2022-08-11,Cancelled by the passenger
10875,2908,37522,2023-04-04,Rejected by the driver
30905,2745,31157,2022-06-16,Success
19815,23,13575,2023-03-22,Success
58866,672,11070,2023-01-03,Success
30383,2540,4993,2022-07-31,Success
55527,802,39569,2022-11-11,Success
41904,584,6843,2022-04-17,Success
47885,1948,33326,2022-04-03,Rejected by the driver
53224,476,7692,2022-11-03,Success
56742,861,22932,2022-09-08,Rejected by the driver
21756,346,31229,2023-04-12,Rejected by the driver
7944,2409,35083,2023-03-26,Success
22943,2514,33043,2022-04-07,Success
24986,2103,17619,2022-12-16,Success
18338,1603,17274,2022-08-19,Success
45160,811,3225,2022-12-13,Success
9989,437,38698,2022-07-26,Success
7736,2338,34591,2022-12-03,Success
8358,2565,6273,2022-03-23,Success
4682,1326,39881,2022-07-05,Success
37364,602,21636,2022-12-18,Rejected by the driver
35479,463,12891,2022-09-14,Success
20247,2899,25823,2022-04-22,Success
29699,2138,38061,2023-01-14,Success
44972,1694,7225,2022-10-30,Success
17492,1337,20801,2022-03-20,Success
58386,1133,9915,2022-05-14,Success
49612,2840,12764,2022-06-10,Success
59393,1619,37915,2022-11-21,Success
886,943,15879,2023-04-15,Rejected by the driver
55598,2517,31597,2022-10-01,Success
56472,471,22435,2023-04-13,Success
38325,1063,21826,2022-11-21,Success
50973,680,33334,2022-06-10,Success
133,970,37670,2023-03-06,Success
23462,260,38689,2022-07-15,Success
24836,2758,8997,2022-07-23,Success
1975,490,9345,2022-11-10,Rejected by the driver
30659,1101,25301,2022-10-09,Cancelled by the passenger
55410,1202,16959,2022-11-09,Success
3324,144,30310,2023-01-05,Success
45021,383,4142,2022-07-02,Success
4343,2210,15730,2022-05-21,Cancelled by the passenger
56895,2736,11987,2023-03-13,Success
17008,1635,35232,2022-05-20,Success
49272,349,15764,2023-03-20,Rejected by the driver
31252,88,20942,2023-01-20,Success
10478,2411,31630,2023-04-13,Success
32371,333,2473,2023-01-03,Success
21233,673,33544,2022-12-07,Cancelled by the passenger
41544,350,10826,2022-06-02,Success
58151,859,4066,2022-12-15,Success
51879,299,39896,2023-01-23,Rejected by the driver
32640,2389,16647,2022-04-12,Success
8514,2211,16909,2022-06-03,Success
59248,574,15192,2022-08-01,Success
7321,723,23779,2023-02-02,Rejected by the driver
38877,2252,22060,2022-06-18,Success
56320,1760,26831,2022-03-30,Success
19959,1655,1379,2022-05-15,Success
47368,123,39627,2023-02-19,Success
38953,1421,29447,2022-11-08,Rejected by the driver
46805,1108,29784,2023-01-22,Success
59330,249,20,2023-01-25,Cancelled by the passenger
5577,1213,18256,2022-07-20,Success
37188,589,7994,2022-04-07,Success
42657,2226,35735,2022-09-23,Success
34752,2886,7002,2022-06-14,Rejected by the driver
25017,2495,23420,2022-03-26,Success
48347,703,30326,2022-06-08,Rejected by the driver
27127,1163,14154,2022-06-11,Rejected by the driver
36887,1935,37601,2022-03-31,Success
50350,1216,38755,2022-08-20,Success
26372,789,13966,2023-03-12,Success
16106,2145,39380,2022-12-05,Rejected by the driver
57471,2802,33459,2022-04-01,Success
55718,1326,7718,2022-12-24,Rejected by the driver
57496,1253,21609,2022-05-31,Success
39400,2933,5219,2022-07-24,Rejected by the driver
23796,996,19550,2022-03-26,Success
27071,974,13566,2023-01-15,Success
35247,905,190,2023-03-07,Success
16460,1456,37637,2023-04-11,Success
21863,2678,15876,2023-03-13,Success
5835,2633,15863,2022-06-03,Rejected by the driver
48056,872,30255,2022-10-01,Rejected by the driver
9504,1026,24238,2022-06-17,Success
20747,1361,6258,2022-09-23,Success
18341,2137,7984,2022-06-09,Cancelled by the passenger
2040,2077,29587,2022-04-21,Success
54132,1424,34017,2023-03-10,Success
17530,2830,26052,2022-12-01,Success
28709,1286,5890,2022-07-19,Success
20888,578,30428,2022-05-04,Success
23379,43,29617,2022-12-07,Success
40580,742,29281,2022-11-30,Success
7967,210,11954,2022-05-25,Success
39773,1162,923,2022-10-14,Cancelled by the passenger
36700,2359,19564,2022-06-06,Success
45897,1722,26942,2023-01-18,Cancelled by the passenger
546,168,20780,2023-03-06,Success
12728,2048,8884,2022-10-13,Success
32899,1517,26961,2022-04-29,Success
4950,1979,24354,2022-05-04,Success
37458,513,23828,2022-07-15,Success
30191,1632,6000,2022-10-24,Success
3329,1268,19429,2022-03-22,Success
40429,570,39922,2023-01-14,Rejected by the driver
39779,1740,9077,2023-03-06,Success
38597,50,3011,2022-06-03,Success
41001,319,7837,2023-01-20,Success
9462,1306,10168,2023-03-29,Cancelled by the passenger
10580,959,4506,2022-10-07,Rejected by the driver
41786,1475,10666,2022-09-03,Rejected by the driver
59244,2057,27741,2022-10-17,Rejected by the driver
52441,686,8028,2022-06-22,Success
52503,162,13629,2023-02-12,Success
48304,2228,12587,2022-06-02,Success
57254,2003,21737,2022-10-29,Success
44075,2289,6321,2022-08-30,Success
39246,67,2291,2022-09-29,Success
23808,2703,39987,2022-08-05,Success
21829,2979,17749,2022-12-25,Cancelled by the passenger
35258,25,13185,2022-10-01,Success
40605,2326,24682,2022-07-31,Success
930,2534,34343,2022-05-24,Success
23976,426,5050,2022-04-25,Success
1748,1112,31403,2022-03-19,Success
7080,1357,35857,2022-10-19,Rejected by the driver
8953,1073,11965,2022-11-19,Success
27191,2064,37486,2023-03-28,Success
39413,343,4947,2022-06-11,Rejected by the driver
57021,1072,36125,2022-03-28,Success
6304,2169,37111,2022-10-08,Success
57904,20,21526,2022-10-04,Success
41076,2022,23247,2022-07-28,Success
42162,2292,14700,2022-11-27,Success
45,413,21333,2022-05-09,Success
58296,717,5248,2022-07-15,Success
16588,1717,38013,2022-10-17,Success
55305,1648,38781,2023-01-16,Success
54523,380,4444,2023-04-12,Success
47572,1119,39235,2022-10-14,Rejected by the driver
49864,1402,30939,2023-04-10,Success
54659,858,30199,2022-05-01,Cancelled by the passenger
18601,2199,19355,2023-03-09,Cancelled by the passenger
57766,2532,10637,2022-03-19,Cancelled by the passenger
9235,2983,17804,2023-01-01,Cancelled by the passenger
34469,2695,25113,2022-04-01,Success
1608,1956,18749,2022-05-16,Success
57693,944,21629,2022-10-15,Success
19968,1249,12002,2022-07-30,Rejected by the driver
31537,2701,19503,2022-12-28,Rejected by the driver
13655,2192,11443,2022-05-22,Success
29311,2388,18097,2022-08-02,Success
31216,1184,36992,2022-04-11,Success
3262,2405,20682,2022-06-10,Success
23241,324,18380,2022-03-19,Success
40378,2776,11143,2022-12-30,Success
39742,2686,35135,2022-09-18,Success
379,443,7356,2022-04-09,Rejected by the driver
53225,2189,33397,2023-01-13,Success
44881,1430,15859,2022-07-27,Success
6415,683,2797,2022-12-28,Success
10616,45,23578,2022-08-25,Success
10816,2502,5648,2023-01-14,Success
18340,2309,15159,2023-01-08,Cancelled by the passenger
11895,1252,8916,2022-08-20,Success
7081,1036,31089,2022-03-26,Success
46960,1359,21338,2022-05-20,Success
51090,405,35277,2023-04-07,Success
26803,1074,13888,2023-01-27,Rejected by the driver
51943,1384,2390,2023-03-26,Success
20149,1657,948,2023-02-15,Success
47335,334,2714,2022-11-07,Success
7128,936,7953,2022-05-18,Success
59435,1830,18886,2022-12-31,Success
22150,1730,15176,2022-03-16,Success
16275,2897,9841,2022-05-21,Success
27724,366,14911,2022-09-23,Success
1434,599,9711,2023-03-28,Cancelled by the passenger
6128,1803,4451,2022-11-04,Success
23773,1254,3972,2023-03-07,Success
678,2522,25351,2022-08-18,Rejected by the driver
29762,2249,9155,2022-07-02,Cancelled by the passenger
8440,2426,31535,2022-04-02,Success
21513,2480,11708,2022-07-22,Success
993,910,28877,2022-10-11,Success
29016,592,11294,2022-08-27,Rejected by the driver
1534,2049,24129,2022-08-09,Cancelled by the passenger
52906,114,10014,2022-03-16,Success
17795,94,5042,2022-04-07,Success
34751,375,24800,2022-08-18,Rejected by the driver
19920,732,26775,2022-06-10,Success
19412,519,13790,2022-08-31,Rejected by the driver
27901,2093,37579,2022-08-25,Success
27166,570,15948,2023-02-14,Success
31467,881,39363,2022-08-30,Success
54907,2273,39259,2023-01-27,Rejected by the driver
32060,122,12077,2022-08-15,Cancelled by the passenger
16587,2977,16370,2022-09-03,Success
23798,2122,25224,2023-03-07,Success
8842,2822,22764,2022-10-19,Success
14602,1144,36082,2023-03-11,Success
32154,2524,36788,2022-04-24,Cancelled by the passenger
7713,1417,27013,2022-05-14,Success
17582,1047,37747,2022-10-12,Rejected by the driver
47832,2421,1689,2023-02-14,Success
32942,885,13248,2022-12-12,Success
4769,1433,33793,2022-10-11,Success
9006,2741,4361,2023-01-06,Success
8817,1613,31894,2022-04-26,Success
15170,1070,15021,2022-07-08,Cancelled by the passenger
19362,2645,560,2022-08-23,Rejected by the driver
31447,1095,34561,2022-06-15,Success
56491,522,19992,2022-05-01,Success
58566,1264,31781,2022-08-21,Rejected by the driver
9019,727,10488,2022-04-21,Success
1072,366,29655,2022-09-17,Cancelled by the passenger
33451,479,14098,2023-03-19,Success
31458,658,33591,2022-09-20,Success
50629,2547,7700,2023-02-07,Rejected by the driver
15752,714,20203,2022-05-02,Success
35476,1996,6153,2022-06-11,Success
43491,2983,6623,2023-02-04,Cancelled by the passenger
1732,504,26291,2022-08-06,Success
1138,1189,37766,2022-04-25,Cancelled by the passenger
55975,861,13017,2022-11-21,Success
56201,1342,34371,2022-12-06,Success
50711,2744,3257,2022-11-12,Rejected by the driver
34083,1810,12401,2023-01-27,Cancelled by the passenger
5686,328,38362,2022-09-30,Success
31015,2103,37356,2023-03-05,Success
5735,1083,38894,2022-08-18,Cancelled by the passenger
21524,464,19475,2022-06-15,Rejected by the driver
3110,2612,664,2022-05-22,Success
59634,2704,4392,2022-06-10,Success
7624,2303,6645,2022-11-06,Rejected by the driver
19580,878,23833,2022-05-04,Success
39551,1634,8626,2022-05-01,Rejected by the driver
9177,1130,5412,2022-09-04,Success
30522,2372,9245,2023-01-23,Success
57391,35,20718,2022-06-29,Success
11689,368,39008,2023-03-15,Success
46221,2152,33539,2022-11-22,Success
1213,2996,6777,2022-11-04,Success
43254,2355,24235,2022-10-15,Success
37490,2881,39575,2022-03-24,Success
58467,2717,1363,2022-03-15,Success
31866,771,5171,2022-09-20,Success
46270,627,38083,2022-11-15,Success
33967,1497,29435,2022-07-09,Cancelled by the passenger
23397,2705,36423,2022-09-10,Success
17910,1442,33225,2022-12-15,Success
26467,2533,23734,2023-04-07,Rejected by the driver
41988,1876,31379,2022-04-25,Success
37479,476,8057,2022-03-23,Success
4541,2611,20482,2022-12-11,Success
30407,135,26932,2022-06-20,Cancelled by the passenger
48979,692,259,2023-01-30,Success
47245,245,12909,2022-06-12,Success
16768,1543,7742,2023-01-14,Success
39445,2866,35819,2022-06-02,Success
5498,2088,32642,2023-01-21,Success
770,2627,10903,2022-11-03,Success
11097,1756,28357,2022-10-30,Success
21451,2167,25262,2023-03-02,Cancelled by the passenger
28802,2097,4288,2022-06-20,Success
55074,964,2204,2023-02-22,Success
18008,1005,34444,2023-03-04,Success
16074,2968,31951,2022-09-15,Success
32647,2023,24320,2022-11-06,Cancelled by the passenger
43179,2058,35468,2023-04-07,Success
42146,1189,34437,2022-08-02,Success
17823,2027,12983,2022-08-26,Success
19824,1604,21829,2022-10-10,Rejected by the driver
50230,1303,32947,2022-10-29,Cancelled by the passenger
17296,704,11470,2023-01-23,Cancelled by the passenger
17573,2273,36476,2022-06-15,Success
37395,2423,26209,2022-05-18,Success
45697,941,7286,2023-01-06,Success
13790,2258,6539,2022-12-20,Success
13511,2339,644,2022-04-05,Success
58650,1919,713,2022-04-24,Success
28488,316,6010,2023-01-10,Success
5607,2326,17262,2023-04-04,Success
36017,2254,20586,2022-09-25,Success
39396,1217,7042,2023-03-17,Cancelled by the passenger
21692,1988,14766,2022-05-19,Rejected by the driver
22194,1585,11374,2023-01-28,Success
15816,374,38016,2022-09-22,Success
15710,2269,8151,2023-03-10,Success
8067,1024,39283,2022-12-10,Success
53877,2097,17870,2022-08-27,Success
31365,2412,30685,2022-03-15,Success
14608,2581,37091,2022-03-13,Success
43935,8,14138,2022-11-07,Success
41524,321,30438,2022-09-28,Success
604,403,28834,2023-03-03,Success
16114,1194,10136,2022-05-30,Success
23704,2416,38711,2022-09-19,Cancelled by the passenger
26110,1825,10857,2023-02-15,Success
8394,617,3212,2022-07-24,Success
44423,1214,37683,2023-02-08,Success
39117,2229,30221,2022-05-17,Rejected by the driver
42603,1688,23364,2022-08-17,Success
25616,547,39750,2022-06-14,Success
614,1034,8924,2023-03-13,Success
19586,704,36885,2022-07-07,Success
40460,60,2328,2022-08-20,Success
15642,2722,4059,2022-04-14,Success
51847,37,16954,2022-03-27,Success
22123,1456,3482,2022-06-12,Success
26973,552,544,2022-04-10,Success
1631,1849,36051,2022-10-09,Success
6371,2450,4967,2022-10-03,Success
39660,225,20314,2023-01-01,Success
30457,2332,5931,2023-03-23,Cancelled by the passenger
16604,2393,28804,2022-10-18,Success
21932,2319,18601,2022-03-16,Rejected by the driver
48494,2626,5883,2022-08-02,Success
36921,596,37559,2023-03-11,Success
35958,2693,23032,2022-12-12,Success
54303,2772,151,2023-01-09,Rejected by the driver
26493,1468,20594,2022-09-06,Success
35696,2501,28454,2022-10-19,Success
23148,493,1387,2022-12-14,Success
754,2625,21931,2023-02-04,Success
24096,27,11491,2022-11-04,Cancelled by the passenger
17303,2524,491,2022-09-28,Success
21138,2255,33277,2022-04-15,Success
29315,514,3887,2023-01-14,Success
54347,2696,27219,2022-09-14,Success
31601,751,505,2022-12-07,Success
26472,648,19172,2022-06-09,Rejected by the driver
20534,2893,36485,2022-08-06,Success
24290,1555,21123,2022-12-18,Success
11984,1120,29557,2022-08-25,Success
55889,2052,29673,2023-02-09,Cancelled by the passenger
40019,1458,17088,2022-09-06,Success
14341,487,37221,2022-11-08,Success
36771,891,845,2022-11-22,Success
42165,1841,30068,2022-03-14,Rejected by the driver
59040,165,23628,2022-04-02,Success
11207,1131,19110,2022-11-25,Success
24280,343,15163,2023-03-23,Rejected by the driver
24233,1906,1435,2023-03-16,Success
5666,2310,15121,2022-12-11,Success
21099,1534,33571,2022-04-21,Success
30054,1400,27278,2022-11-14,Success
59921,505,14333,2023-01-06,Success
28082,2308,14708,2023-01-04,Success
10634,734,1292,2023-01-28,Success
758,2164,17208,2022-12-11,Rejected by the driver
21503,1712,28984,2022-10-21,Success
57701,2025,9689,2023-01-22,Rejected by the driver
10425,497,37042,2023-03-23,Success
35041,885,23147,2022-11-27,Success
2207,1315,6524,2022-03-22,Success
1784,623,18840,2023-01-31,Success
57729,2004,6326,2022-11-18,Success
36379,1528,27660,2022-09-18,Cancelled by the passenger
51854,1494,16137,2022-12-11,Cancelled by the passenger
56591,2070,23462,2022-10-05,Rejected by the driver
33888,1942,3686,2022-07-29,Success
15257,2479,29994,2023-01-02,Success
40541,2190,35874,2022-04-04,Success
25560,835,10498,2022-06-02,Cancelled by the passenger
24144,2130,34730,2023-02-14,Success
1586,2764,29235,2023-02-15,Success
5781,2414,19433,2022-06-26,Success
54434,2832,19230,2023-03-22,Success
47346,1764,13362,2023-01-07,Success
12549,787,29960,2023-04-10,Rejected by the driver
25823,726,9651,2022-08-30,Success
17177,292,11102,2022-03-14,Success
25181,2759,16174,2022-05-02,Cancelled by the passenger
9124,1655,31966,2023-03-23,Success
46447,441,1031,2022-05-11,Success
53684,97,31145,2022-11-01,Cancelled by the passenger
4728,2866,627,2023-01-18,Cancelled by the passenger
35748,1034,13566,2022-10-05,Success
14309,1164,1753,2022-03-16,Rejected by the driver
51567,1843,5074,2022-07-21,Success
17057,561,35845,2023-03-08,Success
2804,2564,10918,2022-10-25,Rejected by the driver
45362,1574,15784,2022-12-13,Cancelled by the passenger
8495,1553,15022,2022-09-27,Cancelled by the passenger
56289,2471,39935,2022-12-23,Success
44418,1733,34776,2022-04-23,Success
57653,1902,15259,2022-09-20,Success
16200,2535,17940,2022-09-27,Rejected by the driver
23599,2520,30909,2023-02-04,Cancelled by the passenger
1175,2439,21882,2022-08-21,Success
20444,936,19170,2022-04-02,Success
949,2464,16808,2022-12-13,Cancelled by the passenger
31233,2272,6254,2022-12-03,Cancelled by the passenger
20054,2592,25736,2022-07-06,Success
21631,1643,4635,2022-11-07,Success
12849,2468,14397,2023-03-07,Success
22043,1702,24262,2022-04-21,Success
5084,2182,10751,2023-04-14,Success
44768,99,27551,2022-11-21,Success
44698,1832,38015,2022-11-13,Success
51416,1918,335,2022-10-16,Success
42020,2889,12976,2022-10-27,Success
57954,2025,30863,2022-06-09,Success
33474,2849,32357,2022-04-04,Success
40206,2020,16831,2022-09-22,Rejected by the driver
11974,476,8604,2023-01-26,Success
5828,572,12758,2023-02-20,Success
14323,1282,35273,2023-02-25,Success
5965,1459,32434,2022-04-26,Success
45025,2421,31673,2022-04-28,Cancelled by the passenger
5400,201,17669,2022-04-16,Rejected by the driver
43663,1988,4634,2022-08-05,Success
44656,854,7641,2022-04-01,Cancelled by the passenger
17036,1772,28437,2022-07-30,Success
39414,2381,4709,2022-10-10,Success
35932,2813,14531,2023-03-01,Success
20719,471,20634,2022-06-16,Success
8810,697,18136,2023-04-08,Success
45927,1941,37960,2022-04-18,Success
44727,1244,14078,2022-11-26,Success
55528,124,27454,2022-04-14,Success
20886,2656,3686,2022-11-15,Success
9965,379,22978,2022-12-29,Success
31900,724,37616,2022-10-09,Cancelled by the passenger
7968,974,8653,2022-05-08,Success
18846,1389,2086,2023-01-31,Success
14623,368,8225,2023-01-06,Cancelled by the passenger
46709,2206,1859,2022-09-17,Success
28722,635,12981,2022-10-28,Success
54041,826,31935,2022-05-22,Success
15888,2579,28530,2022-12-07,Success
32139,1575,24578,2022-10-11,Rejected by the driver
49678,556,23251,2022-03-19,Cancelled by the passenger
31530,1869,32058,2022-10-09,Success
53481,731,10296,2022-07-23,Cancelled by the passenger
20568,1790,34549,2022-05-26,Success
56218,1519,15225,2022-08-21,Success
13717,2753,13261,2022-03-22,Success
57198,2797,18627,2023-01-04,Success
43661,1556,16800,2023-01-16,Success
12879,736,20311,2022-10-17,Cancelled by the passenger
13910,1126,32456,2022-04-13,Success
31250,447,8805,2022-08-27,Success
18068,1822,13683,2022-03-13,Rejected by the driver
16248,47,34396,2022-12-06,Success
20653,364,35817,2022-06-30,Success
15523,554,152,2022-11-26,Success
47103,2734,14338,2022-08-31,Cancelled by the passenger
13890,1071,25401,2022-03-20,Success
26099,1848,3233,2023-03-24,Success
58016,1942,36396,2022-04-05,Rejected by the driver
17331,2316,1774,2023-03-20,Success
29246,496,12982,2022-10-31,Success
41168,239,13013,2023-02-05,Success
54652,336,30768,2022-04-15,Success
42599,1185,23409,2022-08-21,Success
46714,2130,33110,2022-06-05,Success
18197,1622,36512,2022-12-11,Success
42493,1432,19922,2023-04-09,Success
18496,1497,7581,2023-01-12,Rejected by the driver
21674,2511,10851,2023-03-04,Success
492,356,17470,2023-02-13,Rejected by the driver
28036,2074,38137,2022-05-14,Success
3820,1009,6837,2022-09-24,Rejected by the driver
20108,2151,13920,2022-06-01,Success
13392,1468,30505,2022-09-27,Rejected by the driver
15375,2178,6325,2023-03-25,Cancelled by the passenger
51383,2698,27596,2023-02-14,Success
11435,1230,10622,2023-02-20,Rejected by the driver
42091,1857,7025,2022-12-16,Success
29820,1621,22753,2022-03-18,Rejected by the driver
56737,465,3619,2023-03-16,Success
24212,1883,23151,2022-07-05,Rejected by the driver
23335,2683,362,2023-01-23,Success
21089,248,26298,2022-05-15,Rejected by the driver
54258,2049,810,2022-07-20,Success
48396,1692,16938,2022-07-01,Success
56360,2804,36020,2023-01-01,Rejected by the driver
11330,844,39663,2022-12-19,Success
58354,1155,5140,2023-01-05,Success
4739,1496,11408,2022-07-10,Success
19150,1030,32028,2022-05-14,Success
51956,1038,1860,2022-10-16,Success
232,2356,1587,2023-03-10,Success
1108,2422,39771,2022-12-10,Success
58807,602,18039,2023-04-05,Cancelled by the passenger
47715,2214,21564,2023-02-05,Success
24531,2450,27377,2023-03-13,Cancelled by the passenger
42962,1875,33938,2023-03-30,Success
56406,2740,15687,2022-12-07,Success
24825,232,28547,2022-03-13,Success
59556,1513,10738,2022-09-02,Rejected by the driver
30768,1776,31751,2022-06-27,Success
33062,299,3946,2022-11-14,Success
43421,2440,22107,2022-11-10,Success
25993,1843,34934,2023-02-27,Rejected by the driver
16627,841,8362,2022-10-02,Success
29586,1239,799,2022-12-09,Rejected by the driver
57180,2382,102,2022-10-15,Rejected by the driver
29097,1171,22264,2022-07-01,Success
42463,1292,30478,2022-11-06,Success
4417,461,26102,2022-09-03,Success
9431,1624,30693,2022-12-28,Success
53254,166,11537,2022-06-14,Rejected by the driver
48314,2028,11543,2023-01-25,Success
8112,777,6327,2022-07-06,Success
1206,706,39341,2022-11-26,Success
54407,2827,35502,2022-12-17,Rejected by the driver
38980,2771,37779,2022-08-09,Success
36391,20,14022,2022-08-08,Success
47163,358,389,2022-05-28,Success
57707,2579,26070,2022-04-15,Cancelled by the passenger
46155,669,13863,2023-01-06,Success
54530,1054,13405,2022-12-18,Success
47898,1400,32748,2022-08-27,Success
1719,2901,33503,2022-07-21,Success
4109,699,15282,2022-06-30,Success
10109,1147,15927,2023-01-15,Success
53613,2618,23114,2022-07-04,Success
42262,2261,31555,2022-09-22,Success
1663,2349,28485,2022-04-16,Success
57670,2806,31459,2022-03-26,Success
28274,1862,35383,2023-02-18,Success
5620,730,15849,2022-09-20,Success
32196,2626,16790,2022-12-30,Success
59895,573,22055,2022-11-01,Success
41225,633,125,2022-09-29,Success
47400,663,20377,2022-08-19,Rejected by the driver
32687,1361,5322,2022-08-11,Rejected by the driver
31557,2466,4912,2023-03-29,Success
59103,1298,26573,2023-01-13,Success
17897,1250,33225,2022-11-01,Success
29272,2319,5436,2022-12-20,Success
25257,2391,27031,2023-03-24,Success
13398,1840,38362,2022-08-05,Success
22912,1174,11757,2022-12-22,Success
37172,2318,16389,2022-10-01,Success
1852,20,18836,2022-05-08,Success
56499,987,19901,2022-07-08,Success
58352,2090,33571,2022-09-29,Success
14854,363,27032,2022-06-07,Success
24385,1633,12093,2023-01-22,Success
38746,39,38349,2022-10-24,Cancelled by the passenger
51777,1864,38144,2022-10-22,Success
29659,851,4367,2023-04-08,Success
6390,2979,37891,2022-06-17,Rejected by the driver
58823,2375,38402,2022-06-10,Success
911,2066,28007,2023-03-28,Rejected by the driver
59299,2597,38460,2022-05-06,Success
13919,2020,17660,2022-05-14,Success
6809,2672,16995,2022-10-21,Success
52898,1681,7265,2022-08-30,Success
51821,744,23940,2022-04-22,Success
41548,2979,36227,2022-09-01,Cancelled by the passenger
28451,86,8275,2023-01-04,Success
58814,706,17730,2023-02-04,Cancelled by the passenger
20214,2984,2701,2022-11-08,Success
45221,1746,25545,2023-03-09,Success
928,1231,11982,2022-06-16,Success
16233,778,1487,2023-03-06,Success
38579,2951,14519,2022-03-14,Success
45478,2704,35064,2022-11-14,Success
17375,684,34807,2023-02-13,Success
20880,2728,15126,2022-10-07,Success
44076,2411,23691,2023-03-26,Cancelled by the passenger
28613,36,29211,2023-01-20,Success
480,897,33828,2022-12-11,Cancelled by the passenger
19000,1055,35920,2022-11-24,Success
23706,2396,7920,2022-09-13,Cancelled by the passenger
46624,1836,14246,2023-02-26,Success
39943,1445,13846,2022-05-19,Success
1705,1536,22751,2022-05-07,Success
47919,800,18378,2022-09-17,Success
58669,2634,14461,2023-03-24,Success
9091,560,13008,2022-04-20,Success
57618,191,29823,2022-10-14,Success
6711,2909,13825,2023-02-25,Rejected by the driver
43511,810,17866,2022-07-08,Success
16067,747,22521,2022-12-10,Success
20032,784,12470,2023-03-15,Cancelled by the passenger
40356,297,16433,2023-02-23,Success
58363,1393,4194,2022-09-04,Success
17727,2598,14709,2023-01-08,Success
28264,2500,29137,2022-10-20,Success
14426,1011,20507,2022-08-12,Success
32786,1614,29100,2023-01-28,Cancelled by the passenger
32819,351,14478,2023-02-25,Success
46265,1557,23687,2022-11-04,Success
24312,1876,4731,2022-07-05,Success
9979,2984,31599,2022-11-05,Success
23727,2173,29111,2022-12-20,Success
4820,2089,18797,2023-03-22,Rejected by the driver
45481,2252,25192,2023-03-03,Success
20705,94,14174,2022-06-07,Success
49066,2878,4034,2022-03-30,Success
11581,2578,35042,2022-12-06,Success
27531,402,14296,2022-04-20,Success
10442,1685,6687,2023-01-20,Success
5550,715,28742,2023-03-17,Cancelled by the passenger
26402,1774,21288,2022-07-24,Success
58859,401,37976,2022-09-22,Success
19438,205,26531,2022-04-28,Cancelled by the passenger
14870,866,34261,2022-08-26,Success
26842,2963,25549,2023-03-12,Success
35277,312,24869,2022-09-15,Success
37756,1559,35747,2022-09-30,Success
21055,163,9750,2022-11-23,Success
9709,2236,26780,2022-04-14,Success
51176,767,17377,2022-08-25,Rejected by the driver
50255,1795,11909,2022-08-23,Success
17098,2480,25915,2022-05-28,Success
21034,2902,24744,2022-08-03,Success
30936,2397,17099,2022-08-16,Rejected by the driver
32248,1418,31124,2022-06-04,Success
52268,717,6123,2022-04-08,Success
16087,1228,38224,2022-07-06,Success
30886,1447,23931,2022-07-02,Success
44300,1288,35728,2022-10-01,Success
43210,248,153,2022-08-01,Success
36386,540,18757,2022-08-27,Success
9447,191,26687,2023-02-19,Cancelled by the passenger
29085,1688,28571,2023-01-01,Rejected by the driver
34890,2952,6237,2023-02-21,Success
12114,559,1954,2022-05-19,Success
1340,2843,7806,2022-09-01,Success
33552,474,36965,2022-12-27,Rejected by the driver
30519,909,3632,2022-10-20,Rejected by the driver
56325,2821,13864,2022-04-11,Success
50508,944,12322,2023-03-03,Success
59610,2129,24558,2023-01-16,Rejected by the driver
20430,1449,17718,2022-12-19,Cancelled by the passenger
1782,2760,39384,2022-08-26,Success
13563,1273,10093,2022-05-10,Success
57267,646,13159,2022-09-13,Success
28391,2436,15337,2022-09-25,Success
12390,994,3180,2022-07-15,Success
20218,2397,37255,2022-12-04,Success
17645,2088,14767,2023-04-02,Success
58399,1085,3249,2022-07-19,Cancelled by the passenger
27548,506,21140,2022-10-24,Rejected by the driver
31050,344,20877,2022-12-20,Success
25156,772,10159,2022-05-29,Success
47956,2360,36949,2022-05-30,Success
35907,2134,31163,2022-09-30,Success
1131,1501,2923,2023-03-06,Success
54964,767,38799,2022-08-24,Success
10278,2384,30898,2022-04-22,Success
4258,1075,32477,2022-06-06,Success
16155,2806,7741,2022-12-06,Success
13280,2260,2029,2022-10-19,Success
54040,1448,8675,2022-04-08,Cancelled by the passenger
46702,311,26758,2023-02-25,Success
59287,2639,22275,2022-11-26,Success
13331,296,23852,2022-09-18,Success
54639,1518,3794,2022-04-15,Success
30846,351,7307,2022-08-21,Rejected by the driver
12405,292,5669,2022-11-01,Success
22532,15,745,2022-04-01,Success
45243,1606,30905,2022-05-05,Success
53129,1250,16505,2022-12-22,Success
23553,2201,6157,2022-08-24,Rejected by the driver
20051,933,32813,2022-11-08,Success
32580,29,6969,2023-03-18,Cancelled by the passenger
37082,764,27473,2022-08-21,Success
12457,2385,30331,2022-04-19,Cancelled by the passenger
4250,2428,863,2023-02-25,Success
26233,1322,24636,2022-12-05,Success
6100,2024,25436,2022-06-14,Rejected by the driver
13707,1612,27925,2022-10-04,Success
25908,2432,28538,2022-03-27,Success
9361,2964,31852,2022-05-08,Rejected by the driver
6065,2858,30681,2023-04-05,Rejected by the driver
53776,2833,14770,2022-05-16,Success
41205,1496,9973,2023-01-28,Success
12076,1212,21145,2022-11-28,Success
1856,718,21934,2022-07-29,Success
57811,1394,3586,2023-03-15,Rejected by the driver
56953,1754,39138,2022-07-08,Cancelled by the passenger
31623,2175,14730,2022-11-24,Success
14163,2798,15205,2022-09-17,Rejected by the driver
24555,954,15913,2022-06-10,Cancelled by the passenger
53318,2357,35452,2022-11-24,Success
59531,163,9708,2022-12-06,Cancelled by the passenger
6807,263,28849,2023-03-27,Success
41696,2789,3545,2022-11-15,Success
41660,1514,38575,2023-03-01,Success
54491,2015,35383,2022-12-06,Success
55922,2596,729,2022-07-03,Success
55457,2910,10752,2022-09-17,Success
31014,2237,25749,2022-09-02,Success
43403,1293,19936,2022-06-09,Success
54116,874,15302,2022-04-08,Rejected by the driver
23091,1507,28874,2022-09-23,Success
18323,79,20490,2023-02-19,Success
45272,1291,35100,2023-01-30,Cancelled by the passenger
8809,892,30959,2023-01-01,Success
34679,1538,39696,2022-05-11,Cancelled by the passenger
11077,1995,9045,2022-03-20,Success
790,2904,12886,2022-06-30,Success
56684,1931,29989,2022-07-16,Success
37147,2603,13829,2022-09-19,Success
4976,2918,24097,2023-01-30,Rejected by the driver
4865,1923,12082,2023-02-09,Success
39496,1391,27769,2022-09-19,Success
26840,223,7623,2022-05-25,Success
34523,1118,27332,2023-02-18,Success
4504,1793,25441,2022-05-25,Success
19574,564,26691,2023-02-14,Success
25686,836,19277,2023-03-12,Success
27351,1974,3106,2023-02-08,Success
39171,1838,20287,2023-04-12,Success
3223,1761,22225,2023-01-31,Success
10507,1229,39592,2022-05-21,Success
52873,2971,33267,2022-09-16,Rejected by the driver
14572,1758,30362,2022-11-30,Cancelled by the passenger
43134,441,11678,2022-03-21,Success
20418,1034,29934,2023-04-02,Success
21702,229,21668,2022-12-22,Success
45771,1829,39118,2022-08-28,Success
12915,1551,26298,2023-01-15,Success
13231,232,12692,2022-09-27,Success
45383,2620,26788,2022-12-01,Success
32857,1201,19133,2023-02-23,Success
16620,2880,24410,2022-12-09,Success
1161,1567,9112,2022-11-29,Success
1197,617,30991,2022-11-23,Success
7459,1259,28016,2023-02-21,Success
4678,2207,12546,2022-03-24,Success
9458,2341,2348,2022-06-28,Success
43047,2642,28545,2022-04-25,Success
29712,1118,35656,2023-01-04,Cancelled by the passenger
1078,1060,11154,2023-01-22,Success
17768,2628,9924,2023-03-30,Rejected by the driver
55311,684,24333,2022-10-13,Success
41805,2102,8507,2022-07-16,Success
5393,1509,21032,2022-10-19,Success
1622,1489,29655,2022-06-13,Rejected by the driver
13824,2781,13138,2022-12-11,Success
6961,2711,6532,2022-04-06,Cancelled by the passenger
1158,11,37353,2023-03-27,Success
54280,2442,22329,2022-12-19,Rejected by the driver
49478,35,38411,2022-11-23,Success
8293,1034,8589,2022-06-09,Cancelled by the passenger
46013,2594,23615,2022-05-13,Success
30410,1794,15686,2023-01-20,Success
28011,441,7375,2022-08-02,Cancelled by the passenger
53565,1072,39082,2023-01-25,Cancelled by the passenger
55609,2449,18890,2022-12-04,Success
32011,2372,17844,2022-03-18,Success
55753,2930,29162,2022-10-07,Success
54329,601,11046,2022-08-01,Success
13724,1376,12929,2022-11-02,Success
41319,846,1472,2022-11-04,Success
34824,1651,33287,2022-06-15,Success
15189,368,24865,2022-04-14,Success
29964,1964,32741,2022-08-23,Cancelled by the passenger
22333,1322,7176,2022-09-12,Success
44614,2171,2347,2022-11-18,Success
50586,127,30408,2023-03-04,Rejected by the driver
51540,2772,13328,2022-05-16,Success
9896,2760,9199,2022-04-03,Success
28601,2749,24886,2022-05-21,Success
27159,2373,33451,2023-03-02,Success
40340,2698,31241,2022-11-25,Success
16503,2031,39305,2022-07-13,Success
29225,1539,17090,2022-03-19,Success
17711,1659,22678,2023-04-11,Rejected by the driver
35967,1204,5693,2023-02-18,Success
16315,2097,37372,2023-01-09,Success
39899,330,33945,2022-06-05,Rejected by the driver
15955,547,38431,2023-01-19,Success
36562,1987,4217,2023-01-21,Success
29156,1452,20156,2022-09-12,Success
54470,2874,3134,2022-04-12,Success
47513,2158,11961,2022-10-09,Success
26002,2367,22435,2022-05-19,Success
20582,416,16311,2022-05-27,Success
55978,1835,7304,2022-08-09,Rejected by the driver
48428,1870,3881,2022-12-11,Success
23094,2777,25113,2022-05-24,Success
55310,2763,37248,2022-06-25,Success
21087,984,14521,2022-06-22,Success
59055,1063,10187,2023-01-05,Cancelled by the passenger
24259,719,13008,2022-03-22,Cancelled by the passenger
33946,2590,24310,2022-11-13,Success
1231,2234,9908,2022-03-26,Cancelled by the passenger
6305,1119,15382,2022-06-01,Success
29181,1592,27791,2023-01-23,Success
51073,2580,36668,2022-08-19,Success
25877,1820,23859,2022-12-15,Success
47983,268,17554,2023-01-05,Success
14433,634,39138,2022-05-27,Success
59901,2158,22071,2023-04-02,Success
10094,2463,16416,2022-08-20,Success
52967,487,20553,2022-10-18,Success
49668,416,24589,2022-10-29,Rejected by the driver
33636,1158,9255,2022-11-05,Success
57694,1537,31944,2022-12-25,Success
18719,323,30917,2023-01-25,Success
332,2981,21249,2022-12-23,Success
39510,1163,30005,2023-01-03,Success
31904,2269,20961,2022-04-25,Success
37633,757,2282,2022-08-11,Cancelled by the passenger
15174,1710,15301,2022-07-19,Success
12098,2702,26918,2022-08-25,Success
53544,1442,1771,2022-03-24,Success
29609,84,23279,2022-11-08,Cancelled by the passenger
5521,2165,9947,2023-03-25,Success
37358,2281,33825,2022-08-03,Success
6073,2248,27249,2022-06-05,Success
350,326,15639,2022-10-13,Rejected by the driver
47218,2321,36322,2022-07-13,Success
19973,1162,31966,2022-05-15,Rejected by the driver
57038,852,10939,2023-04-15,Success
23611,342,13614,2022-07-07,Success
56993,2302,35118,2022-07-12,Success
36079,89,30849,2022-08-24,Success
49163,1683,35015,2022-10-13,Success
48509,563,8376,2022-05-05,Cancelled by the passenger
7319,560,13351,2023-02-11,Success
55467,599,7119,2022-05-17,Success
30937,647,32324,2023-01-21,Rejected by the driver
48086,2792,8449,2022-10-01,Success
38942,2432,7968,2022-09-20,Success
9060,2429,17347,2022-06-12,Cancelled by the passenger
8951,528,4713,2022-05-10,Rejected by the driver
7036,1100,2033,2022-10-07,Rejected by the driver
28688,919,37841,2022-09-12,Success
1974,1488,26971,2022-09-10,Success
28950,1386,23636,2022-04-07,Rejected by the driver
17613,351,882,2022-06-05,Success
45012,104,17007,2023-03-29,Cancelled by the passenger
55876,2696,21160,2022-09-28,Success
4665,659,26225,2022-09-14,Success
37351,593,13630,2022-05-12,Cancelled by the passenger
38636,1794,22837,2022-09-28,Success
47584,300,3295,2022-10-28,Success
27662,1960,38606,2022-05-06,Success
8073,208,20228,2022-06-22,Success
9976,1238,5960,2022-12-23,Success
43891,2137,24337,2022-09-03,Success
15325,2546,28887,2022-12-11,Success
41774,1220,21328,2023-03-21,Success
41980,420,12716,2023-02-08,Success
16135,2774,6669,2022-08-25,Rejected by the driver
49299,931,39591,2022-08-04,Success
50929,1425,13108,2023-03-21,Success
24419,2041,30807,2022-06-20,Success
33224,2729,28772,2022-12-08,Cancelled by the passenger
7158,2034,26960,2022-09-27,Success
54306,1170,24567,2022-11-22,Success
49963,849,38114,2022-12-14,Success
39699,483,37228,2023-04-07,Cancelled by the passenger
42249,785,9029,2022-04-08,Success
56442,2049,29700,2022-06-01,Success
57947,1354,30588,2023-04-02,Success
32159,1182,10157,2022-03-12,Rejected by the driver
25479,2385,8530,2022-12-22,Cancelled by the passenger
41182,314,25543,2022-06-14,Success
36938,1730,22294,2022-11-13,Rejected by the driver
29204,1645,30618,2022-07-22,Rejected by the driver
33593,2544,27414,2022-04-18,Success
19860,1919,3185,2022-04-28,Success
46412,2870,32753,2022-11-16,Success
13226,2287,15563,2022-11-18,Success
33621,1260,11767,2022-05-23,Cancelled by the passenger
44260,2923,38311,2023-01-08,Success
25613,114,21376,2022-05-05,Cancelled by the passenger
55919,1750,37595,2022-08-16,Success
1766,111,32350,2022-06-02,Success
32653,1101,16613,2022-07-03,Rejected by the driver
21841,1232,13155,2022-04-17,Success
48957,1767,7772,2022-04-24,Success
27721,2190,17390,2022-06-20,Success
6920,350,27697,2022-06-01,Success
40403,68,32246,2022-06-26,Success
43323,1378,11054,2022-12-03,Cancelled by the passenger
845,1046,12490,2022-12-05,Success
8472,2138,21966,2022-06-30,Success
7466,1788,37226,2022-07-21,Rejected by the driver
24237,1179,24346,2022-07-04,Success
50003,2072,31180,2022-07-03,Rejected by the driver
13411,2392,19845,2022-06-25,Success
19640,29,32072,2022-10-15,Cancelled by the passenger
57438,2265,36175,2023-02-09,Success
34856,503,34999,2023-03-02,Success
55185,734,6189,2022-10-31,Success
3831,2425,25962,2022-05-09,Success
51765,2674,28520,2023-03-28,Success
11569,2152,13417,2022-11-02,Success
42705,2507,17522,2023-02-20,Success
58141,2100,9554,2022-04-28,Success
46091,1367,12027,2022-05-04,Success
35758,2534,20760,2022-08-22,Success
11603,504,7163,2022-10-12,Cancelled by the passenger
12714,2777,8338,2022-06-30,Success
41694,983,31872,2022-08-04,Success
51292,1885,14119,2023-01-23,Rejected by the driver
11316,2488,7951,2022-03-16,Rejected by the driver
19508,872,27162,2022-09-04,Rejected by the driver
8539,591,8710,2022-07-27,Success
25681,547,37196,2023-01-29,Success
2886,113,17437,2022-08-31,Success
18554,2090,33826,2022-05-17,Success
12703,1897,30066,2023-02-15,Success
42529,2926,28204,2022-09-03,Cancelled by the passenger
8525,467,9341,2022-05-23,Cancelled by the passenger
40125,275,13615,2022-11-30,Success
8310,2436,39543,2022-06-16,Success
14406,2669,7083,2022-08-14,Success
31683,2170,35611,2023-01-27,Success
30150,2707,1215,2022-05-23,Success
10979,1286,26658,2022-08-02,Success
33160,2472,9637,2022-11-26,Rejected by the driver
55047,2849,35790,2022-11-03,Success
26863,2912,30859,2022-06-15,Success
1159,2084,25081,2023-04-08,Cancelled by the passenger
43713,1677,14925,2022-05-17,Cancelled by the passenger
34457,1688,21204,2023-04-07,Success
51966,62,208,2022-09-01,Success
8111,17,12146,2022-07-09,Success
4173,1695,13161,2023-01-31,Success
44214,2445,19472,2022-09-19,Success
54990,1944,27526,2022-03-16,Success
15236,2622,22983,2022-09-03,Success
11666,1067,32591,2022-09-17,Rejected by the driver
56890,226,28862,2022-07-10,Cancelled by the passenger
3316,2956,6738,2023-02-16,Success
7996,2320,7839,2022-12-20,Cancelled by the passenger
1482,1621,7957,2022-12-10,Success
10916,1563,7479,2022-07-15,Success
21453,2802,39805,2022-09-05,Success
41466,1673,22242,2022-04-10,Cancelled by the passenger
42743,392,35169,2022-08-09,Success
17280,2715,38679,2022-09-07,Success
48628,2807,24665,2022-09-13,Success
41033,2714,18416,2022-08-13,Success
11567,597,3868,2022-12-05,Rejected by the driver
11250,1885,16819,2022-12-05,Success
33927,2555,4680,2023-02-19,Success
41502,2343,11841,2022-12-05,Rejected by the driver
29161,1722,27647,2022-05-01,Cancelled by the passenger
7125,1816,3228,2022-09-24,Success
56328,1218,11985,2022-09-18,Rejected by the driver
46212,1431,13037,2022-05-10,Success
47177,2582,3139,2022-05-22,Success
2686,2157,28115,2022-06-03,Success
23005,538,5829,2022-07-01,Rejected by the driver
27271,1910,12861,2022-06-13,Cancelled by the passenger
30551,2623,8870,2022-12-15,Success
20062,409,27696,2022-11-05,Success
58949,1301,14668,2023-02-20,Rejected by the driver
59538,111,4693,2022-03-27,Rejected by the driver
18400,2770,22540,2022-11-07,Success
37641,2738,25672,2023-01-06,Cancelled by the passenger
29424,1625,20895,2022-04-16,Rejected by the driver
33170,2232,1705,2022-06-16,Success
33103,2158,25224,2022-03-24,Success
35647,1562,28081,2023-03-18,Success
10134,1856,23531,2023-01-18,Success
24394,443,30770,2022-03-18,Rejected by the driver
9406,358,4244,2022-12-27,Success
52033,1785,19174,2022-09-03,Success
58181,2167,2155,2022-11-11,Rejected by the driver
4568,2662,2142,2022-11-27,Success
50852,1655,22287,2022-07-27,Success
53011,869,16197,2022-10-27,Success
13181,1854,284,2022-04-04,Success
34949,1178,36876,2023-01-11,Rejected by the driver
46323,842,12756,2022-08-25,Success
29648,360,1851,2022-04-04,Success
54593,1107,27658,2022-06-20,Success
15126,1471,9912,2023-01-06,Success
51971,2918,39965,2023-01-09,Rejected by the driver
24367,791,20851,2023-02-11,Rejected by the driver
36051,1899,13645,2023-02-23,Success
6650,288,32078,2023-03-16,Success
3708,1201,29822,2022-12-09,Rejected by the driver
58034,1688,25713,2022-03-18,Rejected by the driver
7527,438,19657,2022-12-23,Success
25431,1050,1826,2022-03-24,Success
35480,2401,22461,2022-07-02,Success
12280,305,16210,2023-04-15,Success
34734,2389,15960,2022-12-02,Rejected by the driver
56883,382,14681,2022-07-19,Success
28286,835,13713,2022-11-06,Success
46437,515,38255,2022-12-16,Cancelled by the passenger
10170,2215,6416,2022-08-28,Cancelled by the passenger
54630,101,23114,2022-08-02,Success
25888,228,30805,2022-07-07,Cancelled by the passenger
34919,2631,24587,2022-07-06,Cancelled by the passenger
28552,2523,5398,2023-01-10,Success
3106,2510,16864,2023-02-13,Rejected by the driver
21079,2833,24429,2023-04-04,Success
33452,2276,19293,2022-04-27,Success
32165,75,11407,2023-03-02,Success
32795,2686,13951,2023-04-06,Rejected by the driver
58713,1389,22676,2022-07-09,Success
43073,2800,28109,2023-03-16,Rejected by the driver
18864,198,22126,2023-03-07,Success
13754,121,29048,2022-12-18,Success
6653,2216,24868,2022-11-21,Success
31602,1655,12666,2023-03-24,Success
8168,2080,18102,2022-11-25,Success
49461,311,26095,2022-06-09,Success
3702,806,36303,2022-05-15,Success
31642,1009,3745,2022-11-23,Success
35002,2898,10815,2023-02-23,Success
23218,679,9281,2023-03-31,Success
48442,996,6429,2022-12-25,Success
12522,1183,3621,2022-05-30,Success
40694,2914,22767,2023-02-19,Success
3964,1814,12189,2023-03-13,Success
32919,511,6353,2023-04-08,Success
4281,1842,32991,2022-05-30,Success
19758,1131,21242,2022-06-18,Rejected by the driver
52614,883,35142,2022-07-29,Success
3897,1756,6897,2022-12-22,Rejected by the driver
5855,2605,20951,2022-03-23,Rejected by the driver
58096,2970,29091,2022-12-20,Success
42894,1135,35887,2023-04-03,Success
44310,614,29945,2022-07-16,Success
19734,2521,29659,2023-03-02,Rejected by the driver
18935,980,19612,2022-07-10,Rejected by the driver
51340,2572,7340,2022-07-31,Success
32793,1398,5778,2023-01-01,Success
7272,399,35314,2022-08-17,Success
41867,830,7835,2023-02-10,Success
47131,1988,16229,2022-10-17,Success
14963,1126,12639,2022-11-04,Rejected by the driver
10104,1970,26367,2022-07-25,Rejected by the driver
23459,1598,12446,2022-09-28,Success
28090,2433,2659,2022-11-09,Success
29017,335,28926,2022-09-14,Success
6055,1694,28286,2022-04-16,Success
46998,1484,38331,2022-10-31,Success
15176,2350,5407,2022-08-26,Rejected by the driver
10069,1024,35188,2023-02-01,Success
38076,876,31241,2022-12-14,Success
34694,2893,31867,2022-04-20,Success
5556,2240,37561,2022-03-12,Success
23850,483,2824,2022-12-14,Rejected by the driver
23035,2925,27421,2022-10-08,Success
50744,1594,35898,2022-08-10,Success
2982,2819,34818,2023-04-01,Success
24141,1319,15565,2022-08-21,Rejected by the driver
17890,1781,17058,2022-08-28,Success
5226,1447,16366,2022-06-01,Success
14498,2501,21810,2022-10-19,Rejected by the driver
4440,2641,1628,2022-05-24,Rejected by the driver
2522,1533,38977,2022-04-29,Success
27810,2982,7852,2022-11-29,Success
41266,734,6833,2022-03-26,Success
5501,1915,7539,2022-11-14,Success
18420,14,27537,2022-06-09,Rejected by the driver
4869,2206,25164,2022-04-03,Cancelled by the passenger
1227,2122,3879,2022-10-14,Success
31418,2362,10473,2022-05-31,Success
6102,1529,27617,2022-09-02,Success
46672,180,21584,2022-03-18,Success
56251,804,11678,2023-02-17,Rejected by the driver
13803,1222,36001,2022-05-18,Success
34363,1840,3513,2022-06-16,Success
11446,2826,18628,2022-06-05,Rejected by the driver
5727,1081,7146,2022-07-24,Rejected by the driver
50957,2900,670,2022-05-20,Cancelled by the passenger
3600,1853,1044,2022-05-21,Success
7444,2172,4922,2022-03-28,Success
33417,2149,25186,2022-07-15,Success
1861,1635,38323,2022-11-25,Success
23824,1722,27776,2022-06-23,Success
40610,2950,24976,2023-01-01,Success
40538,578,18159,2023-02-11,Success
51065,85,16380,2022-09-16,Success
53206,2604,32063,2022-09-13,Cancelled by the passenger
5349,2044,13431,2022-10-08,Success
51497,1750,27757,2022-05-29,Success
5091,1802,18445,2022-11-01,Success
6248,1449,17886,2023-02-03,Cancelled by the passenger
12427,1206,28366,2023-02-21,Rejected by the driver
53480,2623,28423,2022-06-11,Success
18025,2928,22584,2022-04-01,Success
21380,2173,11842,2022-12-23,Success
34925,1910,20970,2022-12-07,Success
29047,2983,22177,2022-10-28,Success
20456,1327,3496,2022-11-06,Success
5322,1337,9986,2022-05-13,Success
51997,487,3103,2022-08-28,Success
40941,282,27623,2022-08-30,Success
20312,627,4417,2022-08-28,Rejected by the driver
12284,2101,10154,2022-07-19,Rejected by the driver
46734,1411,22307,2022-12-12,Success
58433,1875,2645,2022-05-04,Success
5811,986,19616,2022-07-21,Success
39558,2226,35312,2022-07-17,Success
4428,619,26386,2023-02-15,Cancelled by the passenger
57895,1529,7992,2022-12-16,Success
13185,1693,3381,2022-08-16,Success
30650,68,10920,2022-08-07,Success
54288,1434,3209,2023-01-17,Success
22105,1217,4594,2022-07-08,Success
2903,2110,21186,2022-08-17,Rejected by the driver
3558,2202,11969,2022-05-18,Rejected by the driver
5346,2988,14648,2022-05-27,Success
30194,1781,24482,2023-01-28,Success
2933,2974,20981,2023-02-28,Success
14628,1015,2070,2022-09-15,Success
38583,2719,17024,2023-01-06,Rejected by the driver
10746,1583,10285,2022-12-11,Success
15091,2507,37633,2022-08-29,Rejected by the driver
45045,324,9026,2023-02-22,Success
26846,2951,17247,2022-09-11,Success
37780,2782,25554,2023-03-25,Cancelled by the passenger
20165,2990,16971,2023-01-13,Rejected by the driver
18662,1054,27436,2022-09-29,Success
26008,276,33802,2023-02-26,Success
59156,2292,16192,2022-05-28,Success
36405,2118,20918,2022-04-20,Success
53527,1175,17452,2022-11-02,Cancelled by the passenger
14389,1960,2370,2023-02-09,Success
44013,194,8432,2022-10-25,Success
26069,71,23691,2022-11-24,Success
20365,1435,14530,2022-10-17,Success
43794,1726,25667,2022-08-03,Rejected by the driver
56388,2687,22751,2023-03-08,Success
50541,1882,31893,2023-04-13,Success
19024,2257,14730,2022-10-16,Success
19361,2869,17331,2023-03-18,Success
27700,976,38262,2022-06-17,Success
30787,339,37632,2022-07-19,Success
10543,377,30210,2022-05-19,Success
48516,2491,22992,2022-07-14,Success
43565,962,10386,2022-06-07,Rejected by the driver
5738,730,34576,2022-06-04,Cancelled by the passenger
5665,213,9997,2022-11-17,Cancelled by the passenger
5161,2445,11686,2022-11-15,Success
6625,746,17544,2022-08-26,Cancelled by the passenger
47407,2176,32244,2022-11-30,Success
5643,1803,21435,2022-05-11,Cancelled by the passenger
57102,2149,4558,2022-11-02,Success
48135,2757,28177,2023-02-06,Success
3860,1551,5767,2022-08-05,Success
55737,357,24660,2023-02-21,Success
14079,2001,12430,2022-10-29,Success
13609,1906,9956,2023-03-22,Rejected by the driver
51858,625,28792,2023-02-19,Success
19988,23,32682,2022-12-14,Rejected by the driver
1621,275,8537,2023-02-21,Success
20198,1201,33401,2022-06-11,Success
54575,2347,11899,2023-02-13,Success
10177,1209,36761,2022-05-15,Success
8454,2434,5791,2022-11-25,Success
35965,2941,38964,2022-12-09,Rejected by the driver
32922,1454,25598,2022-03-30,Success
32519,1584,19117,2022-07-11,Success
322,2213,16009,2022-08-05,Success
24846,2594,33003,2023-03-18,Cancelled by the passenger
35861,1280,23917,2023-01-24,Success
15299,2344,28662,2022-07-31,Rejected by the driver
36944,478,19680,2022-12-13,Success
5648,2154,234,2023-03-21,Rejected by the driver
42644,2950,12244,2022-07-09,Success
14715,2673,29612,2022-07-19,Success
31941,1101,14822,2022-06-09,Cancelled by the passenger
38684,2949,31568,2022-10-16,Cancelled by the passenger
43580,2388,39935,2022-05-22,Cancelled by the passenger
32436,1569,7534,2022-10-03,Success
15358,1394,30273,2023-03-30,Cancelled by the passenger
24785,883,39912,2022-04-22,Success
2774,2910,3951,2022-08-29,Rejected by the driver
4445,2637,21737,2022-12-25,Cancelled by the passenger
27391,34,21462,2022-05-31,Success
56898,1571,36095,2022-12-29,Success
47452,2016,12439,2022-12-08,Success
9473,1144,15281,2022-03-30,Success
15884,611,1864,2022-09-25,Success
294,2322,23034,2022-06-12,Success
13227,669,21825,2022-08-15,Success
28573,804,16982,2023-03-16,Success
2313,788,32955,2022-12-23,Rejected by the driver
50569,1023,7934,2023-02-14,Success
18691,2827,17214,2022-06-08,Success
42716,257,11146,2022-04-01,Success
24969,2308,9806,2022-09-18,Success
11554,1390,9940,2022-03-16,Success
22251,596,17608,2022-05-06,Success
3181,2388,30315,2022-03-29,Success
41443,2322,16987,2022-12-16,Success
11747,2109,22819,2022-11-03,Success
16109,305,992,2022-07-15,Success
8124,322,6188,2022-06-23,Success
4675,1734,6842,2023-03-24,Success
59063,1368,10957,2022-04-27,Success
49885,2799,6506,2022-05-08,Success
52865,1503,20463,2022-05-01,Success
59473,280,10834,2022-10-02,Success
24796,1563,28890,2022-12-26,Success
20856,1532,29496,2022-10-09,Success
16791,1508,16197,2023-03-18,Success
56616,561,2729,2022-09-02,Success
31037,1501,22063,2022-07-09,Success
38128,216,22877,2022-06-08,Cancelled by the passenger
8561,917,23488,2022-09-15,Success
37071,841,9524,2022-03-24,Success
33173,2808,2816,2022-06-16,Success
42620,1679,24426,2023-02-09,Success
40095,2569,19636,2022-11-18,Success
40886,206,7776,2022-06-11,Success
11626,1465,31466,2023-03-04,Success
13499,1288,37904,2022-12-20,Rejected by the driver
51561,2558,33287,2022-11-04,Rejected by the driver
55666,1705,12620,2023-04-08,Success
57702,1585,33645,2023-01-07,Rejected by the driver
29503,1407,8522,2022-12-11,Rejected by the driver
4208,2426,4356,2022-11-22,Success
30250,1338,35924,2022-06-30,Success
46678,426,15560,2023-04-11,Rejected by the driver
15553,1480,14892,2022-06-20,Success
47393,188,25222,2022-09-20,Success
6227,1350,38289,2022-09-01,Success
37201,56,31849,2022-09-12,Rejected by the driver
39378,817,3942,2022-12-20,Success
26767,1821,38067,2023-02-09,Success
41616,1481,21130,2023-01-10,Success
33312,1166,24599,2022-05-31,Success
44582,2580,4741,2022-03-15,Success
38827,1985,14852,2022-05-23,Success
40305,2122,25220,2023-01-10,Success
33579,50,18275,2022-03-16,Success
12721,2874,31518,2023-04-13,Success
55828,2774,19372,2023-03-28,Success
48877,2541,22820,2022-10-13,Success
36434,846,7484,2022-07-27,Success
41,1202,11388,2022-12-25,Success
31072,2886,18399,2023-04-07,Success
55854,654,8090,2022-11-21,Rejected by the driver
51885,2181,226,2022-05-27,Success
24591,2123,23345,2022-09-17,Success
38806,2853,9711,2022-06-06,Cancelled by the passenger
29121,2429,13140,2023-02-12,Success
10568,1416,17320,2023-03-08,Rejected by the driver
7381,2675,13084,2023-01-06,Success
7987,2411,22705,2022-05-24,Success
44846,2650,25004,2022-04-19,Success
46310,1511,12725,2022-04-25,Success
16606,1961,29575,2023-03-17,Rejected by the driver
41216,2784,39571,2022-06-21,Cancelled by the passenger
1747,1102,2511,2022-11-18,Success
3781,2520,12473,2023-02-13,Success
25789,2524,12135,2022-04-18,Success
43269,2518,33486,2022-07-05,Success
45018,280,13541,2022-04-01,Success
57861,520,15054,2022-08-13,Success
41583,2925,32110,2022-04-21,Rejected by the driver
26010,1175,16191,2023-03-29,Success
39875,2882,28295,2023-02-03,Rejected by the driver
39462,1039,23094,2022-06-13,Success
34737,983,19581,2022-10-03,Success
24705,740,37204,2022-09-30,Success
32425,2166,1119,2022-03-23,Success
17374,2787,2892,2022-10-12,Success
46726,1093,9886,2023-03-21,Success
49926,2710,27671,2022-05-23,Success
2667,79,31420,2022-10-04,Rejected by the driver
38277,2155,2388,2022-05-18,Success
6890,1420,35932,2023-01-02,Success
3962,1292,33507,2023-01-19,Success
25776,2581,26664,2022-06-22,Success
42625,2956,6025,2023-02-13,Cancelled by the passenger
47398,1565,3812,2022-07-19,Success
33329,2541,29038,2022-08-09,Success
20401,1221,39259,2023-03-12,Rejected by the driver
4985,603,36747,2022-07-11,Success
22382,860,10016,2022-12-03,Success
56924,801,34051,2022-06-13,Rejected by the driver
37702,1544,18042,2022-08-23,Success
24454,250,24148,2022-03-21,Cancelled by the passenger
3627,65,7857,2022-10-27,Success
45472,1665,30835,2022-11-04,Success
55791,1154,7967,2022-08-16,Success
51311,549,17614,2022-05-25,Success
45765,2733,20178,2022-04-15,Success
46340,1258,20964,2022-11-19,Success
14417,2575,14859,2022-04-19,Success
10085,514,27622,2022-07-30,Cancelled by the passenger
34049,579,36002,2022-10-29,Cancelled by the passenger
38525,474,18397,2022-08-04,Success
27880,2694,35041,2022-07-20,Success
35833,390,31601,2022-03-27,Success
7524,767,33270,2022-12-08,Rejected by the driver
22285,243,29745,2022-12-01,Success
31308,2481,31529,2022-08-02,Success
28804,443,32567,2023-01-13,Success
31982,2396,2629,2022-12-31,Success
877,1749,12222,2022-06-29,Cancelled by the passenger
40467,976,21094,2022-11-18,Success
30674,869,6511,2022-06-04,Rejected by the driver
50913,1246,31503,2022-07-08,Success
14706,2308,24271,2022-03-15,Success
21595,922,14939,2023-01-02,Success
6136,1014,13751,2022-11-17,Success
55418,2177,35942,2022-10-09,Success
11079,1888,22438,2022-04-29,Success
13192,2969,18570,2022-06-17,Success
53351,2171,34577,2022-09-07,Rejected by the driver
12946,1763,6094,2023-01-17,Success
21054,2198,25311,2022-05-13,Success
4237,1336,16189,2023-02-22,Success
20525,2332,11460,2022-10-26,Success
14655,2533,15746,2023-02-03,Cancelled by the passenger
18744,2722,39845,2022-09-29,Success
43925,2674,8936,2023-03-13,Success
40972,2211,8950,2023-03-13,Success
14738,1079,32835,2022-07-02,Success
46853,2264,20428,2022-08-10,Cancelled by the passenger
36333,2068,12849,2022-10-15,Success
36168,2878,38211,2022-05-12,Success
57332,2326,23606,2022-04-18,Success
18576,2400,21664,2022-08-27,Success
39656,1502,24723,2022-05-30,Success
58325,2461,19862,2022-06-05,Success
13000,318,29451,2022-10-27,Success
42195,855,37433,2022-08-25,Success
15334,1548,36134,2022-05-14,Success
6190,2564,36367,2023-01-26,Success
50730,2313,35009,2022-07-25,Success
49595,2263,11628,2023-03-14,Success
14592,2056,37913,2022-10-20,Success
31010,1861,12677,2022-07-23,Success
15899,719,27672,2022-03-14,Success
28711,481,15537,2022-05-29,Rejected by the driver
38415,1047,26786,2022-05-04,Success
56559,1722,35233,2023-01-31,Rejected by the driver
5826,1280,7491,2023-01-06,Success
27754,584,36469,2022-11-27,Success
58234,138,8355,2022-10-10,Success
37631,526,6498,2022-06-16,Success
9814,1457,37263,2022-05-06,Success
46900,1819,14198,2022-06-05,Success
17892,1156,20306,2022-04-15,Success
33644,143,36078,2023-03-04,Success
59175,734,5846,2022-06-25,Success
25872,642,34858,2023-02-11,Success
17357,678,22642,2022-05-21,Success
7046,2877,38262,2023-04-05,Rejected by the driver
40996,2667,39219,2022-09-06,Success
19375,171,10184,2022-05-13,Success
44632,465,3062,2022-09-26,Success
53586,2321,5757,2023-02-02,Rejected by the driver
4324,213,17290,2022-08-19,Success
27506,1865,1444,2022-08-25,Cancelled by the passenger
19529,1541,13180,2022-05-22,Success
58639,1731,22303,2022-10-02,Cancelled by the passenger
18018,179,8587,2022-05-16,Rejected by the driver
37939,228,37043,2023-04-03,Success
11874,2494,7276,2022-08-16,Success
55596,9,30585,2023-03-05,Success
30562,962,18957,2022-07-08,Success
54959,484,9636,2022-10-01,Success
4341,164,29172,2022-03-25,Rejected by the driver
18500,2969,10660,2023-01-08,Success
39221,2704,36138,2022-04-09,Success
27158,503,38960,2023-03-22,Rejected by the driver
48463,2903,624,2023-02-02,Success
18270,1439,30148,2023-02-28,Rejected by the driver
12778,210,36126,2022-12-19,Cancelled by the passenger
13144,858,28820,2023-01-01,Success
18508,799,1384,2022-06-08,Rejected by the driver
41605,910,38147,2022-09-09,Success
55134,1177,9018,2022-12-08,Success
32960,638,39727,2022-04-14,Cancelled by the passenger
44171,1784,15112,2022-08-08,Cancelled by the passenger
44099,468,5589,2022-05-21,Success
4514,1592,17825,2022-09-28,Success
49377,1297,24472,2022-09-12,Success
31974,390,19445,2022-09-01,Success
18919,1644,18801,2022-09-16,Success
21250,2148,24162,2022-03-25,Success
36675,1232,12001,2022-08-30,Success
1372,1669,37393,2022-12-21,Success
1778,2055,7954,2023-01-17,Success
32774,655,9938,2022-05-20,Success
34838,639,6846,2023-02-02,Success
43266,1924,29258,2022-03-24,Cancelled by the passenger
8290,634,15986,2022-07-17,Success
22715,49,39547,2022-04-13,Cancelled by the passenger
53454,1087,17399,2023-01-28,Success
41800,1989,15461,2022-08-10,Rejected by the driver
25554,1930,21977,2022-05-10,Success
43525,390,16371,2022-11-28,Success
15458,1434,8205,2023-02-14,Cancelled by the passenger
15175,18,39349,2022-06-14,Cancelled by the passenger
3066,1079,7726,2022-08-20,Success
48376,1111,27962,2022-06-01,Success
17997,732,13181,2022-07-19,Rejected by the driver
35125,2729,8284,2022-05-28,Success
541,87,19180,2023-02-15,Success
4845,1050,13919,2023-04-09,Success
51336,508,15720,2022-03-24,Success
3498,2245,14158,2022-09-30,Cancelled by the passenger
27323,2167,24592,2022-05-23,Success
49540,441,28775,2023-01-15,Rejected by the driver
55983,2516,39568,2023-02-04,Success
12401,1114,36385,2022-07-04,Success
57901,1457,7383,2022-08-05,Success
6851,1872,35391,2022-06-24,Success
32428,2902,12136,2022-11-11,Success
22430,1007,16801,2022-04-15,Cancelled by the passenger
9400,513,16339,2023-02-08,Success
52694,1779,15504,2023-02-21,Success
44878,1534,27938,2022-05-29,Success
50226,433,9962,2023-03-31,Success
1945,2129,33837,2022-10-01,Success
13486,48,33587,2022-10-22,Success
22833,962,37216,2022-06-09,Success
47133,1258,39955,2022-04-21,Success
40391,71,2622,2022-12-17,Rejected by the driver
33072,888,18651,2022-09-28,Success
14548,1340,24883,2022-06-29,Success
27832,1196,17004,2022-07-06,Success
32980,657,17272,2022-11-26,Success
14684,734,7070,2022-08-24,Success
38616,1892,10367,2023-02-21,Cancelled by the passenger
52472,1117,17268,2022-10-12,Success
23024,1003,9218,2022-07-06,Success
54836,1290,4795,2023-01-01,Success
30584,683,39009,2022-07-04,Cancelled by the passenger
16446,1079,30867,2022-11-22,Success
50327,1297,7631,2023-03-06,Success
13759,1020,22165,2022-06-25,Success
12925,939,33234,2023-03-07,Success
34364,1047,26792,2022-08-29,Success
9385,1417,24821,2022-08-28,Success
14821,721,8899,2023-02-28,Success
24325,1777,5465,2022-04-09,Success
20840,2088,22851,2022-04-29,Success
31022,2891,4539,2022-06-10,Success
35378,1549,26742,2022-07-27,Success
26974,1374,12242,2023-04-01,Success
12184,2908,29087,2022-06-11,Success
18143,2156,14962,2022-05-17,Success
56196,2344,6280,2022-10-16,Success
29140,1672,34299,2022-08-30,Cancelled by the passenger
17063,2868,34053,2022-10-05,Rejected by the driver
24679,2592,15275,2022-05-14,Success
42288,1204,2161,2023-02-04,Success
41448,2002,5586,2022-08-31,Success
38024,1716,3586,2022-06-18,Success
12818,878,22218,2022-04-14,Success
16436,1686,32943,2022-07-07,Cancelled by the passenger
5164,2043,31186,2022-11-19,Success
22746,1274,36150,2022-07-06,Success
53288,1241,8396,2022-05-30,Success
25699,337,6081,2022-11-22,Success
8079,1676,5996,2022-11-15,Rejected by the driver
15670,385,33681,2023-03-07,Success
18211,1472,36863,2022-09-23,Rejected by the driver
3137,331,2099,2022-05-04,Success
58118,382,22038,2023-01-16,Success
49330,771,22582,2022-08-31,Rejected by the driver
8615,1985,13642,2022-03-22,Success
45907,1589,37342,2022-09-16,Success
35219,565,15060,2022-07-27,Success
55570,2619,33399,2022-07-06,Cancelled by the passenger
22582,2261,17255,2022-03-30,Success
53244,638,34009,2022-09-11,Success
55500,1428,17114,2022-04-11,Success
36914,2465,25270,2022-09-27,Success
26627,615,26420,2022-11-10,Success
30349,917,8596,2023-02-14,Success
42516,1303,23457,2022-12-24,Success
42069,1856,6421,2022-11-03,Success
52651,379,26810,2022-05-19,Success
7425,818,401,2022-07-14,Success
52936,1571,13535,2023-03-22,Rejected by the driver
2182,357,37441,2022-07-28,Success
23509,478,22424,2022-09-07,Success
34399,699,16579,2022-09-29,Success
28702,472,736,2022-06-18,Success
39864,472,29464,2022-06-24,Success
1969,1316,152,2022-07-28,Rejected by the driver
13901,1107,36996,2022-05-14,Success
31199,336,29309,2022-12-19,Success
44326,57,38235,2022-07-21,Success
39165,2623,38118,2022-12-04,Success
8169,527,31246,2022-05-05,Rejected by the driver
12558,1852,4889,2022-09-06,Success
53989,2835,685,2022-08-13,Success
53547,2792,7375,2022-06-26,Success
34996,16,32268,2022-06-23,Success
10213,1166,39963,2022-10-26,Success
32701,2451,16762,2022-03-23,Success
16743,2353,3123,2022-07-12,Cancelled by the passenger
38596,1039,32592,2023-03-24,Success
1232,182,14104,2022-06-08,Success
24132,2317,25312,2022-08-14,Success
34976,2640,34488,2022-07-23,Cancelled by the passenger
21647,979,22529,2022-06-15,Success
8626,485,11183,2023-02-08,Success
50077,1744,26074,2022-05-11,Success
41559,60,38525,2022-10-17,Rejected by the driver
23595,807,33784,2022-11-12,Success
57509,2868,24808,2022-09-18,Cancelled by the passenger
30781,2542,8490,2023-04-01,Success
34591,30,19235,2023-01-22,Success
56120,2236,39489,2022-07-30,Success
45850,2314,24434,2022-04-29,Success
32260,336,39813,2022-07-02,Success
54365,1896,3632,2022-08-30,Rejected by the driver
40922,1087,10719,2022-04-29,Success
7477,1735,38317,2023-03-19,Success
36797,2070,9552,2023-03-20,Rejected by the driver
5829,317,23524,2022-11-05,Success
46032,1225,1618,2023-03-01,Rejected by the driver
32971,186,12018,2022-07-07,Success
27276,1121,15681,2022-12-03,Cancelled by the passenger
36989,262,21847,2022-04-03,Success
1842,1500,11137,2022-10-14,Success
39314,2186,33899,2022-11-20,Success
43021,2302,6328,2022-08-20,Success
50455,993,20310,2023-03-23,Success
49894,313,15631,2022-05-03,Rejected by the driver
51113,2218,28603,2022-04-19,Success
32577,1960,7343,2022-10-07,Cancelled by the passenger
17703,1749,14975,2023-02-12,Success
4949,2684,6363,2022-12-30,Cancelled by the passenger
50371,2519,30879,2022-09-26,Cancelled by the passenger
30074,1390,11040,2022-03-17,Rejected by the driver
34476,1897,35283,2022-04-05,Rejected by the driver
8442,2219,39371,2022-06-01,Rejected by the driver
21111,1395,24748,2023-02-11,Success
52857,981,29778,2022-10-20,Success
20280,1617,33311,2023-02-09,Cancelled by the passenger
52851,2955,21159,2022-07-01,Success
31186,2994,1426,2023-01-07,Rejected by the driver
44374,2381,37667,2022-12-24,Cancelled by the passenger
35348,2207,19395,2022-10-01,Success
14969,1288,2586,2022-06-09,Success
53186,856,12053,2022-03-21,Success
34444,2682,3516,2022-10-13,Cancelled by the passenger
27837,808,4529,2022-09-23,Success
31149,704,27371,2022-11-15,Rejected by the driver
35849,958,30932,2022-03-22,Cancelled by the passenger
51721,1607,570,2023-03-15,Success
36287,415,31232,2022-04-05,Success
7324,1149,9070,2022-04-05,Success
54704,2120,29964,2022-08-13,Cancelled by the passenger
47093,870,19051,2022-07-28,Rejected by the driver
19933,415,5732,2023-02-15,Success
12539,2943,36071,2022-05-22,Success
50733,2704,12963,2022-07-08,Success
28176,2407,88,2022-08-03,Rejected by the driver
3546,662,3641,2023-04-05,Success
17114,336,32797,2022-09-27,Success
51623,917,36692,2022-05-13,Success
53150,422,22589,2022-09-30,Success
37363,543,11299,2022-06-30,Success
37268,1903,17991,2023-02-25,Success
32841,1225,12625,2022-07-02,Success
5636,2538,10235,2022-06-09,Rejected by the driver
5143,304,34856,2022-04-07,Success
56618,1594,18707,2023-01-19,Cancelled by the passenger
59699,1851,2528,2022-12-09,Success
45342,1065,12117,2023-01-11,Success
57658,1858,9802,2023-03-08,Success
40885,1934,2862,2022-11-14,Success
23065,1131,24018,2022-12-30,Rejected by the driver
46216,2990,17315,2022-07-23,Cancelled by the passenger
53406,2012,34318,2022-09-25,Success
6911,2750,38955,2022-10-02,Cancelled by the passenger
46021,2428,27200,2022-04-29,Success
27039,2378,13320,2022-08-14,Success
59535,2744,18773,2022-05-15,Success
13466,850,1896,2022-07-11,Success
43568,2035,36157,2022-08-30,Success
29557,1763,15012,2023-04-02,Success
26450,374,10434,2023-01-21,Success
35850,680,7560,2022-09-01,Success
50090,187,24123,2022-09-26,Success
13946,2000,29296,2022-05-10,Success
41777,395,8574,2023-01-21,Success
56921,93,26072,2022-04-05,Success
18147,1525,7911,2022-06-15,Success
54936,667,29377,2022-11-07,Success
14412,2629,34598,2022-09-12,Success
46137,2948,2386,2022-04-16,Rejected by the driver
10160,1977,31475,2023-04-02,Success
28910,2002,10697,2022-11-12,Success
17028,2557,840,2023-03-09,Success
29269,2335,32569,2023-01-22,Success
22245,837,19382,2022-06-19,Success
17941,2374,37496,2022-07-04,Success
43590,1420,710,2023-04-07,Success
58368,2544,14186,2022-05-12,Cancelled by the passenger
4166,435,2950,2022-12-30,Rejected by the driver
30458,5,18503,2022-03-21,Cancelled by the passenger
43633,1851,27667,2023-04-01,Success
34040,1834,18174,2022-09-10,Success
32700,1858,23510,2023-03-12,Success
47912,2059,19987,2023-04-06,Rejected by the driver
4466,2090,3014,2022-12-04,Success
15801,335,19334,2022-08-01,Success
47237,1072,27709,2023-03-12,Success
28213,444,38994,2022-07-20,Success
56359,580,15362,2022-06-18,Rejected by the driver
17439,2490,25306,2022-11-16,Success
17962,44,38578,2022-12-10,Cancelled by the passenger
16478,644,11484,2022-05-10,Success
9745,1861,27612,2022-07-29,Success
29605,2495,15667,2023-04-12,Success
29972,2598,8592,2022-05-07,Success
5150,1684,26508,2022-10-02,Success
15845,2882,7468,2022-11-05,Success
26931,1760,28452,2022-08-14,Success
17522,113,16974,2022-06-21,Success
22920,2704,35255,2022-09-04,Rejected by the driver
41190,1687,24493,2023-02-21,Success
5978,246,35244,2022-06-27,Success
56366,229,4734,2023-02-07,Success
43119,781,23740,2022-08-05,Rejected by the driver
31423,2250,30635,2022-12-16,Success
20172,875,23944,2022-08-30,Success
59146,286,25005,2022-09-28,Success
21209,464,4733,2022-07-05,Success
58956,461,25707,2022-11-03,Success
27612,934,9298,2022-12-26,Success
48623,2402,11633,2022-06-24,Cancelled by the passenger
54083,2964,15034,2022-05-10,Success
58290,1821,30581,2023-02-02,Rejected by the driver
9137,1193,31480,2022-04-26,Success
40054,832,24788,2023-01-31,Cancelled by the passenger
34524,1098,880,2022-06-03,Rejected by the driver
25590,1065,6196,2022-09-27,Success
40938,506,172,2022-06-20,Success
3117,1959,24517,2022-05-18,Success
50275,791,9035,2022-10-21,Cancelled by the passenger
3526,2020,2370,2022-12-27,Success
51235,2230,5637,2023-03-05,Success
28929,665,22849,2022-10-08,Rejected by the driver
16656,26,9276,2022-06-19,Cancelled by the passenger
2351,1644,14532,2023-01-05,Success
24472,401,14125,2022-08-04,Success
44203,2612,3362,2023-03-19,Success
53499,757,2553,2022-05-17,Success
245,2494,15441,2022-06-28,Success
14797,1285,18504,2022-12-31,Cancelled by the passenger
32394,978,28798,2022-12-08,Success
33865,2342,24409,2022-06-04,Success
46083,718,39650,2022-10-19,Success
21134,1142,35771,2023-04-08,Success
12437,1620,17274,2022-05-13,Success
51706,1579,13287,2022-03-25,Success
26746,191,33089,2023-03-27,Success
35111,1219,36532,2023-04-01,Success
31282,2886,7351,2022-06-03,Success
26664,1503,38281,2023-04-05,Cancelled by the passenger
56350,1490,6650,2023-02-18,Success
19383,747,23077,2023-01-06,Success
918,396,6348,2022-11-19,Success
49048,601,3625,2022-10-10,Success
9763,941,4498,2023-03-17,Success
8308,1036,20977,2022-11-16,Success
51089,2308,30301,2022-04-28,Success
49433,253,8805,2023-01-02,Cancelled by the passenger
43236,1755,20493,2022-11-05,Success
29268,1874,28340,2023-04-08,Success
18659,2434,34261,2022-11-27,Success
16967,1856,30009,2022-10-10,Success
17938,2620,14981,2023-02-12,Success
48895,1710,19750,2022-12-29,Success
826,2997,22934,2022-12-14,Success
41453,337,9394,2022-12-08,Success
59133,2120,18904,2022-11-12,Success
44681,1295,25275,2023-03-03,Rejected by the driver
18634,2548,9199,2022-10-25,Success
36353,2363,19887,2022-07-22,Cancelled by the passenger
16160,1365,19263,2022-07-06,Success
45251,1893,22114,2022-03-27,Success
54617,354,37013,2023-02-22,Rejected by the driver
42303,2336,20652,2022-04-26,Success
1289,1475,27085,2022-08-04,Cancelled by the passenger
35716,850,31116,2023-01-06,Success
35702,2886,15635,2022-10-03,Rejected by the driver
44856,1982,3981,2022-12-06,Success
12384,570,11428,2023-01-29,Success
26001,687,16663,2022-04-19,Success
7315,2669,14674,2022-12-25,Success
10502,2030,18351,2022-07-09,Success
55453,2307,38148,2022-10-14,Success
14639,1204,28392,2022-08-01,Success
20800,378,24987,2022-10-06,Success
54878,594,35413,2022-12-20,Success
27433,865,21703,2022-09-26,Success
27149,1587,25871,2022-06-22,Success
14754,1507,30480,2022-12-10,Success
39311,1050,14555,2022-12-02,Cancelled by the passenger
5137,2638,37490,2022-11-26,Cancelled by the passenger
33908,1490,20345,2023-03-08,Success
2042,1588,12456,2023-03-06,Rejected by the driver
37098,1602,851,2022-04-13,Success
958,2625,11311,2022-09-16,Success
15905,2163,38527,2022-03-23,Success
23963,1737,18811,2022-08-13,Rejected by the driver
53934,1135,28840,2022-03-28,Rejected by the driver
23120,1326,39067,2023-04-05,Rejected by the driver
32109,2929,24028,2022-05-23,Success
59893,811,1259,2022-11-06,Success
29168,2423,22792,2022-10-26,Success
44602,1218,2513,2023-04-02,Success
51352,1864,38851,2022-04-20,Success
51496,2026,35443,2022-07-27,Success
59656,1075,8259,2022-04-28,Success
43157,1469,33403,2022-11-11,Success
12918,2244,32874,2023-02-27,Success
6417,1829,17519,2022-11-18,Success
58781,732,39383,2022-12-27,Rejected by the driver
43557,1723,2049,2023-04-01,Cancelled by the passenger
35426,2158,9362,2022-09-12,Success
57748,91,22602,2023-03-16,Rejected by the driver
33471,23,19212,2023-01-03,Rejected by the driver
57626,334,19705,2022-07-18,Success
11592,692,24848,2022-05-17,Success
51883,95,35860,2023-02-06,Success
3340,1008,33911,2022-12-08,Success
9980,158,16176,2023-01-21,Success
54929,2216,36557,2023-02-12,Cancelled by the passenger
5031,1862,28040,2022-10-17,Success
40081,904,28165,2023-04-05,Success
15673,1684,38069,2022-10-13,Success
53485,1347,5682,2022-07-06,Success
52630,2067,4374,2022-05-21,Success
20269,2091,19022,2023-02-05,Success
6219,2012,29036,2022-04-18,Success
58271,1241,1980,2022-04-13,Success
34099,2762,2452,2022-07-10,Success
45653,1504,38860,2022-12-12,Rejected by the driver
37454,2502,22285,2023-01-05,Success
44762,282,22370,2022-06-20,Success
3769,1211,3489,2022-09-21,Cancelled by the passenger
26657,2909,31123,2022-11-05,Cancelled by the passenger
24808,2971,17038,2022-12-09,Success
38288,2758,22487,2022-10-18,Rejected by the driver
26788,348,23824,2022-05-12,Rejected by the driver
24152,673,17693,2022-03-28,Success
107,2967,6473,2022-12-13,Success
41999,56,34103,2022-04-09,Success
29073,18,30403,2023-02-28,Success
12503,87,10242,2023-02-13,Cancelled by the passenger
33067,1897,25762,2022-08-28,Cancelled by the passenger
41069,463,34079,2022-05-30,Success
6278,2912,9824,2022-12-04,Success
1897,592,38333,2022-04-15,Cancelled by the passenger
37063,387,3805,2023-02-07,Rejected by the driver
59187,2427,39804,2022-04-19,Success
37976,2649,35268,2023-02-20,Success
45770,2281,24051,2022-06-10,Success
3441,2032,24359,2022-06-18,Success
27176,2377,5828,2023-02-08,Success
47420,2398,1002,2022-10-14,Cancelled by the passenger
44618,2431,102,2023-03-28,Success
52373,1355,17451,2022-11-25,Success
10398,2281,17917,2022-11-03,Success
56355,757,13468,2022-07-02,Success
14033,166,2948,2022-07-22,Cancelled by the passenger
43889,2630,37614,2022-07-14,Success
49636,405,11547,2022-08-10,Success
8894,2468,37835,2022-11-15,Rejected by the driver
51962,1827,29308,2022-11-09,Success
2911,626,19771,2023-03-03,Success
47076,757,33407,2022-03-30,Success
19892,2043,11019,2023-01-17,Success
44412,2498,9276,2023-03-29,Success
33748,1086,6547,2022-08-12,Success
44832,1790,28286,2022-06-11,Rejected by the driver
22670,2776,15804,2023-02-12,Success
28370,1546,39130,2022-10-16,Cancelled by the passenger
15404,2438,18919,2022-10-18,Success
21649,715,8564,2022-09-15,Success
55952,2085,28413,2023-01-04,Success
39335,1006,23556,2022-07-06,Success
45120,1921,9125,2022-08-13,Success
38085,640,23922,2022-12-01,Success
17649,2792,36255,2023-02-12,Success
25165,2457,35944,2022-04-27,Success
7443,430,7957,2023-02-01,Success
42423,29,1394,2022-06-27,Success
50859,1376,26676,2023-03-22,Rejected by the driver
21244,286,7258,2022-08-10,Success
33346,1394,38687,2022-06-24,Cancelled by the passenger
36953,1175,13518,2022-05-02,Success
38376,209,7847,2022-06-13,Success
41157,2494,28575,2022-08-12,Success
19657,2389,8457,2022-07-06,Rejected by the driver
5295,1617,6955,2022-08-09,Cancelled by the passenger
43460,709,4734,2022-12-31,Rejected by the driver
32061,1058,3357,2022-10-22,Success
10535,2112,36848,2023-03-21,Cancelled by the passenger
26031,1405,28232,2023-02-27,Success
7235,2,19911,2023-01-17,Success
59748,2913,36535,2022-03-20,Success
28785,96,9212,2022-07-29,Cancelled by the passenger
44591,2692,5855,2022-06-10,Cancelled by the passenger
8317,1854,34406,2022-07-17,Success
57867,1746,13425,2022-12-08,Success
7644,740,29322,2022-08-12,Success
15593,2078,15617,2022-04-09,Rejected by the driver
47479,952,10836,2022-07-18,Success
55324,708,26752,2022-07-23,Success
44254,1707,36126,2022-05-17,Success
57773,2383,30800,2022-03-15,Success
41227,1424,35598,2022-04-24,Success
50148,874,14013,2022-11-03,Success
34226,2212,26848,2022-06-12,Success
49109,913,35983,2022-06-14,Success
25537,221,6446,2022-10-21,Success
12667,1827,20826,2022-09-25,Success
26748,310,28483,2022-06-22,Success
49697,2548,7762,2022-09-21,Rejected by the driver
19706,1902,37776,2023-04-06,Rejected by the driver
57698,732,20823,2022-10-26,Success
3594,2107,750,2022-09-27,Success
38453,35,26203,2023-03-02,Rejected by the driver
10354,1778,15165,2022-07-12,Rejected by the driver
38319,553,24161,2023-01-26,Success
54178,792,22678,2023-02-15,Cancelled by the passenger
10715,427,18821,2022-07-16,Success
7741,1906,32217,2023-01-11,Success
10215,1778,28678,2022-06-20,Rejected by the driver
3220,679,21839,2023-03-27,Success
4431,1976,6649,2022-11-21,Success
29301,2156,33353,2022-03-18,Rejected by the driver
43227,958,17456,2022-07-12,Success
34821,1903,15068,2022-12-13,Rejected by the driver
9165,1290,32671,2022-10-10,Success
29401,2867,36485,2022-04-01,Success
6479,1837,6483,2022-07-15,Success
43882,452,28752,2022-09-08,Cancelled by the passenger
42241,817,31127,2022-11-16,Success
7241,730,22629,2023-04-01,Success
9071,1665,10979,2022-07-12,Success
50669,2617,9949,2022-07-18,Success
52320,1057,13967,2022-07-31,Success
21789,1774,36548,2022-08-08,Success
53047,48,31521,2022-06-11,Success
49409,2871,36840,2022-11-15,Success
15958,2896,26714,2022-04-20,Success
12406,338,31213,2022-08-07,Success
10064,2279,3599,2022-07-23,Rejected by the driver
36668,2392,36769,2023-02-04,Success
48667,765,2121,2023-01-01,Success
59749,2877,36361,2022-12-13,Success
41916,1736,22116,2022-06-26,Success
11014,572,24053,2022-12-04,Success
6156,2919,34927,2022-12-07,Success
42316,2269,10423,2022-10-07,Success
36410,1914,36783,2022-07-27,Success
47623,977,14163,2022-12-25,Success
20564,2456,5798,2023-01-15,Cancelled by the passenger
59064,1416,20556,2022-04-12,Success
17945,767,21830,2022-04-02,Rejected by the driver
24809,805,2837,2023-02-11,Success
34008,409,3019,2022-09-23,Success
18196,2861,25189,2023-03-16,Success
15726,1443,16568,2022-07-06,Cancelled by the passenger
56314,18,95,2022-06-06,Success
32539,303,32384,2023-03-22,Success
17178,618,34757,2022-10-03,Success
15487,205,10590,2022-07-28,Success
33999,2994,10801,2022-03-14,Success
40068,318,3675,2023-02-10,Cancelled by the passenger
41417,1146,14366,2022-05-15,Success
6848,266,39219,2022-09-02,Cancelled by the passenger
38960,1443,34881,2022-11-16,Success
43767,2635,31785,2022-04-13,Success
28477,244,39189,2022-10-22,Rejected by the driver
40624,1345,2236,2022-11-03,Success
15689,2277,37914,2023-03-16,Success
46364,2635,26459,2023-02-12,Success
46396,2822,8574,2022-09-04,Success
9159,1732,9363,2022-09-19,Cancelled by the passenger
19167,1737,10893,2023-02-05,Success
34352,1070,9604,2022-12-01,Rejected by the driver
26540,2250,6836,2022-11-07,Rejected by the driver
8047,1503,8063,2023-02-22,Success
54987,2347,13967,2022-12-10,Cancelled by the passenger
18969,489,26853,2022-10-17,Rejected by the driver
42914,2360,13744,2022-07-17,Success
47779,2896,36143,2022-07-16,Cancelled by the passenger
49204,1517,11973,2022-08-03,Success
10199,1643,24437,2022-03-23,Success
49493,2307,11120,2022-04-05,Cancelled by the passenger
8054,1048,11065,2023-02-15,Cancelled by the passenger
55934,2092,14582,2022-10-10,Success
19216,1764,10400,2022-09-03,Cancelled by the passenger
3814,2377,37968,2022-05-16,Success
5471,2,2934,2022-09-29,Success
23597,951,22826,2023-04-05,Rejected by the driver
22270,2362,22382,2022-04-17,Success
9195,2360,11059,2023-02-11,Success
51737,2270,7633,2022-09-03,Rejected by the driver
31763,838,29858,2022-10-02,Cancelled by the passenger
51097,1565,25254,2022-11-19,Success
9377,1404,2694,2023-02-22,Success
8931,1227,25144,2022-12-27,Success
7895,1486,28520,2023-02-26,Success
58477,2139,11551,2022-09-10,Success
44875,446,8251,2023-01-19,Success
51588,1915,2042,2022-04-23,Success
41051,1203,13381,2022-10-28,Rejected by the driver
56913,924,10533,2022-09-26,Cancelled by the passenger
21019,1310,37658,2023-04-04,Success
2478,2840,2020,2023-02-24,Success
59190,883,35882,2022-06-10,Rejected by the driver
51754,160,17007,2023-02-20,Rejected by the driver
6998,2742,25976,2023-01-17,Success
57148,719,36524,2022-08-08,Success
57900,1424,18575,2022-11-04,Success
11008,1412,13072,2023-03-13,Success
28277,993,5858,2022-05-05,Success
50713,2873,23780,2022-06-29,Success
7674,1509,162,2022-07-23,Success
45825,2545,1739,2022-06-15,Success
57512,1483,16115,2022-05-30,Success
45692,58,29318,2022-07-23,Success
35911,423,4904,2023-03-29,Cancelled by the passenger
10101,1823,4433,2023-04-06,Success
43331,287,8965,2023-04-05,Success
59685,2993,25176,2023-01-05,Cancelled by the passenger
56319,2260,3111,2023-02-16,Success
36414,1278,36392,2023-03-17,Success
1994,1148,35995,2022-10-23,Success
4550,1951,17772,2022-10-05,Success
35563,1941,3222,2022-09-11,Rejected by the driver
35100,74,8513,2022-12-10,Success
53856,2025,11885,2022-07-28,Success
7694,2946,20403,2022-12-07,Success
46153,2598,35645,2022-12-20,Success
49494,781,17597,2022-10-03,Cancelled by the passenger
35873,1179,26511,2022-08-27,Success
54519,2180,33322,2023-02-19,Success
5187,2812,34245,2022-04-07,Success
413,1477,19501,2023-02-17,Cancelled by the passenger
51775,256,32303,2022-08-07,Success
33638,298,14415,2023-02-24,Success
9680,1772,34475,2022-04-18,Success
16687,2467,38235,2023-01-13,Rejected by the driver
24008,1506,34627,2022-12-08,Success
21348,1789,28408,2022-05-10,Success
11712,153,13462,2022-09-19,Cancelled by the passenger
38797,1133,39259,2022-03-20,Success
58686,749,31998,2022-09-28,Success
12354,762,24840,2022-12-30,Success
42670,4,24164,2023-03-17,Cancelled by the passenger
36007,1798,35478,2023-01-03,Success
20615,77,3020,2022-12-02,Success
7785,624,6158,2022-08-29,Success
35323,1379,33644,2022-12-11,Success
12929,1429,17790,2023-02-18,Success
55261,2212,973,2022-10-23,Success
17590,2182,29500,2022-12-25,Success
2124,2751,1353,2022-06-24,Success
16761,922,16928,2022-12-09,Cancelled by the passenger
42928,614,30563,2023-02-10,Success
6735,277,18673,2022-09-04,Success
4866,1293,37118,2022-09-03,Success
39380,1634,12749,2022-07-01,Rejected by the driver
15367,908,13974,2022-04-15,Rejected by the driver
57647,570,5035,2022-11-02,Success
15392,2302,39993,2022-09-13,Cancelled by the passenger
59108,1980,9101,2023-01-22,Success
168,1010,20381,2022-05-11,Success
49032,1589,11410,2022-06-15,Success
47419,577,37977,2022-06-19,Success
54775,1980,19486,2022-06-03,Success
28797,1180,10208,2023-02-14,Success
51172,120,3891,2023-01-30,Success
24357,1350,16903,2022-07-03,Success
19441,393,13976,2023-01-16,Success
4871,1253,3114,2023-01-31,Success
10411,2033,23532,2022-04-25,Success
19932,2303,11969,2022-07-07,Success
27218,2052,11747,2022-03-18,Rejected by the driver
49273,2798,20,2022-07-25,Success
48405,1756,35903,2022-08-22,Success
8647,2102,36253,2023-02-06,Cancelled by the passenger
15279,361,32882,2022-09-06,Rejected by the driver
11911,504,11195,2022-10-11,Success
36195,1883,14105,2022-10-22,Success
48364,2617,38210,2022-08-17,Success
58471,2385,21071,2022-12-15,Rejected by the driver
58795,2192,39340,2022-05-20,Success
13696,1822,37007,2023-03-05,Success
39492,502,25078,2023-01-22,Rejected by the driver
49529,2587,31148,2023-02-07,Success
19190,1740,6633,2023-04-11,Success
8374,219,19012,2022-09-16,Success
21043,822,38727,2022-03-18,Success
34317,613,11208,2022-10-22,Rejected by the driver
15869,1164,27525,2022-12-01,Success
6532,990,8625,2022-04-21,Success
44771,1962,27639,2022-07-20,Success
3472,524,12384,2023-02-23,Success
23082,438,1312,2022-04-02,Success
18345,1726,18428,2023-04-07,Success
50107,2689,11470,2022-04-25,Success
50469,2956,19446,2022-07-03,Success
55540,2591,34419,2022-07-22,Cancelled by the passenger
12200,2095,7775,2022-10-16,Rejected by the driver
11557,2247,23125,2023-01-15,Success
52342,1128,12497,2022-07-18,Success
2195,2111,35176,2022-03-29,Cancelled by the passenger
16897,171,19221,2022-12-03,Rejected by the driver
28864,1666,14844,2022-10-09,Success
39024,1577,5661,2022-06-29,Success
21709,228,39409,2022-04-30,Success
14609,72,16267,2022-04-17,Rejected by the driver
32347,933,27107,2022-09-27,Success
52136,1884,6851,2022-06-20,Success
11409,550,8199,2022-06-21,Success
429,802,13560,2022-09-05,Cancelled by the passenger
30469,325,18517,2022-10-05,Success
46082,1094,39432,2023-02-15,Success
11257,2921,38123,2023-01-05,Success
40274,1341,12427,2022-03-17,Rejected by the driver
20938,1064,22169,2022-05-01,Success
51366,2061,28518,2022-09-04,Success
33727,2628,29973,2023-04-11,Success
44378,2387,38870,2023-03-17,Success
11873,883,892,2022-06-09,Success
57965,2953,29803,2023-04-02,Success
57466,6,20988,2022-06-20,Success
36394,1803,22474,2023-04-01,Success
46001,2448,20957,2022-08-27,Success
32386,2613,14076,2022-12-25,Success
7566,667,13499,2022-03-15,Success
9055,2525,20954,2022-03-30,Success
35682,247,23983,2022-09-04,Rejected by the driver
32379,1238,36596,2023-02-23,Rejected by the driver
7410,2938,14244,2022-09-13,Rejected by the driver
28201,447,2668,2022-05-21,Success
26782,1386,25015,2022-12-19,Success
20767,911,7503,2022-09-22,Success
35130,2993,28254,2023-01-08,Success
48932,531,10607,2022-09-10,Success
23267,1073,35802,2022-05-16,Success
36397,1692,29821,2023-03-06,Success
14711,582,31197,2022-06-24,Rejected by the driver
3764,1045,26119,2022-05-20,Success
40944,144,20391,2022-06-13,Success
44024,2829,15759,2023-02-04,Success
33186,2278,36352,2023-01-10,Cancelled by the passenger
44177,1265,23390,2022-08-19,Success
46945,516,13869,2022-12-11,Cancelled by the passenger
57713,806,19427,2022-10-28,Success
4425,118,21815,2022-06-26,Success
6237,2929,1668,2022-09-06,Success
12343,1718,23702,2023-02-03,Rejected by the driver
32812,443,5362,2023-01-12,Success
15993,2531,31002,2022-11-01,Success
677,749,19077,2023-03-16,Success
51859,353,18065,2022-05-22,Success
32009,893,5387,2022-07-06,Success
50790,2569,30790,2022-09-05,Success
46157,652,26835,2022-08-13,Cancelled by the passenger
32871,224,31667,2022-09-12,Success
7202,1000,29846,2022-09-20,Success
7571,2199,24673,2022-10-30,Success
1463,2184,6717,2023-02-15,Success
27956,2689,9805,2022-10-17,Cancelled by the passenger
50938,1280,2990,2022-06-24,Cancelled by the passenger
46018,1212,25731,2022-05-08,Success
42221,909,12547,2022-06-14,Success
17965,1946,14184,2022-09-24,Success
40753,891,20882,2022-10-15,Rejected by the driver
19160,2899,546,2023-02-16,Cancelled by the passenger
34072,1810,19288,2023-04-02,Success
20990,1991,16329,2022-12-29,Success
9617,353,641,2022-04-30,Success
57159,2234,20908,2022-09-25,Rejected by the driver
57846,1132,14880,2023-01-12,Success
56660,2621,19845,2022-03-17,Success
40757,1029,25605,2022-10-29,Success
14872,906,21866,2022-08-13,Success
7839,976,14478,2022-12-01,Success
28336,2516,17300,2022-05-22,Success
23452,541,12770,2023-03-07,Cancelled by the passenger
48476,1014,38509,2022-05-11,Cancelled by the passenger
3263,1383,2838,2022-06-23,Success
3193,92,342,2022-09-22,Success
3051,2636,8559,2022-04-27,Success
41929,1834,21205,2022-08-30,Success
2463,2100,10897,2023-02-07,Cancelled by the passenger
19339,2093,30865,2022-10-31,Success
36053,2814,24577,2022-09-09,Success
17696,671,10703,2023-04-01,Success
8483,2418,2624,2022-10-14,Rejected by the driver
32251,562,39166,2022-04-02,Success
29736,256,31357,2022-12-24,Success
37256,1538,34888,2022-11-18,Success
35880,967,34077,2023-01-21,Success
26512,9,15906,2022-11-03,Success
33164,273,26086,2023-04-10,Success
21641,2684,27193,2022-12-05,Rejected by the driver
11692,1744,12780,2022-07-31,Success
32477,1842,13747,2022-05-18,Success
283,2632,24820,2022-03-21,Success
20140,1569,34705,2022-11-20,Success
24155,2626,2502,2022-10-27,Success
35652,1525,1400,2022-04-03,Success
35521,2542,26143,2022-12-07,Success
58860,1015,39836,2023-03-27,Cancelled by the passenger
6689,1414,26356,2022-09-06,Cancelled by the passenger
25316,1645,35147,2023-04-05,Rejected by the driver
53937,2387,13896,2023-01-12,Success
34559,295,33732,2022-04-09,Success
20144,932,7802,2022-12-28,Rejected by the driver
50202,487,10911,2022-04-01,Cancelled by the passenger
464,2734,19154,2023-02-06,Success
23842,634,20562,2023-01-23,Cancelled by the passenger
23624,1663,19530,2023-03-24,Success
6254,7,34905,2022-11-22,Success
12921,340,21020,2023-03-11,Success
51938,272,29456,2022-09-01,Success
47622,646,23607,2022-10-31,Success
31852,2331,26946,2022-07-18,Cancelled by the passenger
45945,112,32460,2022-04-12,Success
26548,1811,30193,2022-05-01,Success
25080,22,15424,2022-12-20,Rejected by the driver
59369,2526,24539,2022-07-22,Success
58620,1779,39288,2022-11-10,Cancelled by the passenger
57335,19,35424,2022-08-18,Success
37728,32,29290,2022-05-09,Rejected by the driver
13082,720,39018,2022-06-24,Rejected by the driver
54136,343,18650,2023-03-10,Cancelled by the passenger
37996,361,6189,2023-03-07,Success
33562,1401,3464,2022-03-19,Success
6541,2664,36409,2023-01-24,Cancelled by the passenger
27757,1510,17019,2022-10-27,Success
9399,21,1016,2022-10-30,Cancelled by the passenger
41556,2011,4876,2022-04-18,Success
4276,779,27252,2022-12-17,Success
13645,1341,7206,2023-02-04,Rejected by the driver
52601,2313,37244,2022-06-03,Success
11670,757,20733,2022-12-17,Cancelled by the passenger
44388,2165,3383,2022-12-02,Success
20739,871,6011,2023-02-19,Rejected by the driver
37682,2099,29172,2022-07-25,Success
56403,1531,15785,2022-10-10,Success
35789,2547,31070,2022-11-26,Success
21729,2380,30005,2022-05-31,Rejected by the driver
6301,661,964,2022-04-27,Success
26837,572,10659,2023-02-04,Success
6006,1692,16916,2022-11-06,Success
24946,2689,5541,2022-05-14,Success
592,91,35006,2022-06-11,Rejected by the driver
2577,2147,294,2022-05-04,Success
37992,1421,27800,2022-08-06,Cancelled by the passenger
33225,2089,35566,2023-01-07,Cancelled by the passenger
38311,2079,27200,2022-11-09,Success
33029,1904,6230,2022-04-17,Success
29706,1829,1479,2022-05-28,Success
16063,1206,24710,2023-02-10,Success
11742,1945,20796,2022-12-15,Success
32568,1849,27446,2022-06-01,Cancelled by the passenger
56412,2658,18889,2022-12-12,Success
7679,2754,12832,2023-01-16,Success
33608,402,26292,2022-09-24,Success
58888,2764,37151,2022-10-17,Rejected by the driver
34625,2355,1041,2022-05-28,Success
45489,1056,25634,2022-04-07,Success
7052,232,34813,2023-02-05,Success
16823,29,2925,2022-09-02,Success
32310,2009,27245,2022-04-21,Rejected by the driver
46906,53,23356,2022-06-28,Success
33863,823,3756,2023-04-04,Success
32639,1375,30528,2022-04-26,Success
41128,491,3912,2022-05-23,Rejected by the driver
49459,978,23197,2023-04-11,Success
12813,985,5047,2022-08-08,Success
40911,1707,26193,2022-06-27,Success
19819,465,14691,2022-07-30,Success
5243,861,26688,2023-01-21,Success
10346,1943,4768,2023-01-20,Success
22861,1632,1871,2022-10-03,Success
28331,71,39269,2023-03-16,Success
2236,2902,33163,2022-12-14,Success
8396,783,36150,2023-01-26,Success
49764,2264,11603,2022-03-30,Cancelled by the passenger
42728,1099,32549,2023-01-29,Success
16103,2669,1272,2022-03-24,Success
17646,1807,36458,2023-03-14,Success
33546,934,39947,2022-04-10,Rejected by the driver
59298,2561,32941,2023-01-29,Success
2646,94,16078,2022-10-07,Success
37516,1219,14439,2022-05-06,Success
59898,2812,2558,2023-01-12,Rejected by the driver
2266,2720,5844,2022-05-01,Success
9747,2120,21754,2022-06-23,Success
22555,1046,39126,2022-06-01,Success
53518,2454,3729,2022-12-24,Success
17751,744,1624,2023-04-03,Success
24464,2493,21539,2023-02-09,Cancelled by the passenger
3570,2215,410,2023-03-27,Rejected by the driver
36167,2851,1051,2022-08-28,Rejected by the driver
44918,245,29428,2022-06-08,Success
57777,2776,28030,2022-06-03,Rejected by the driver
30858,2968,13477,2022-04-10,Rejected by the driver
34306,279,2413,2023-04-12,Cancelled by the passenger
50958,1528,36917,2023-03-21,Rejected by the driver
26456,861,25662,2023-03-25,Success
55018,781,33070,2022-03-22,Success
126,2189,19980,2022-08-02,Success
17589,1998,7452,2022-12-20,Success
23697,2625,30061,2023-02-24,Success
42063,2751,39583,2022-05-25,Success
43712,1860,98,2022-11-28,Success
29963,2505,13302,2023-03-24,Success
45518,585,17397,2022-10-08,Cancelled by the passenger
1943,634,30304,2022-11-09,Cancelled by the passenger
29831,411,28308,2022-06-12,Success
49797,2319,11628,2022-04-24,Cancelled by the passenger
41469,1809,23626,2022-07-01,Success
31385,1914,4642,2023-02-01,Success
22516,2498,28346,2022-11-06,Success
23923,1768,36260,2022-06-26,Success
27238,1508,4489,2022-08-29,Success
43681,451,25075,2022-10-27,Success
3306,55,4316,2022-07-08,Rejected by the driver
40736,1802,29529,2022-03-27,Success
5991,1551,27221,2023-03-21,Rejected by the driver
36204,2576,38739,2022-05-29,Cancelled by the passenger
6349,1742,12352,2022-09-19,Success
544,2743,33411,2022-03-24,Success
48395,1717,26170,2022-05-01,Success
30524,2680,34007,2022-03-28,Success
26986,223,27981,2023-04-06,Success
47794,2157,33948,2022-04-15,Success
47742,245,39742,2022-10-30,Success
27847,1344,511,2023-02-07,Rejected by the driver
23518,2655,3768,2023-02-03,Success
26536,766,9120,2022-04-14,Success
30967,365,20922,2023-04-13,Success
55865,2978,21410,2022-08-13,Success
30753,2170,20648,2022-03-23,Rejected by the driver
11405,1417,38075,2022-06-27,Success
5761,1156,4792,2022-04-06,Success
50715,2979,27468,2022-09-04,Cancelled by the passenger
41609,1614,16989,2023-02-07,Success
15467,1455,27915,2022-03-30,Success
30545,246,3419,2022-11-03,Success
49576,1473,9866,2022-10-23,Success
25274,1782,5246,2022-07-09,Success
8477,1985,1252,2022-07-14,Rejected by the driver
12009,2114,5342,2023-03-08,Success
58327,173,19844,2022-05-11,Cancelled by the passenger
25302,154,18411,2022-06-12,Cancelled by the passenger
23483,2048,9272,2022-06-08,Success
40907,617,34246,2022-04-10,Success
55071,2604,24231,2023-01-01,Rejected by the driver
23161,1743,17530,2022-12-16,Success
32231,1991,10092,2023-01-16,Success
42855,2250,21073,2023-01-26,Success
9209,1219,6433,2023-01-27,Success
50481,2133,35926,2022-12-18,Success
44266,1715,23995,2022-08-02,Success
38355,1973,29905,2022-03-26,Rejected by the driver
2559,372,3800,2022-11-27,Success
9870,2927,9278,2023-04-08,Rejected by the driver
56155,990,8901,2022-05-27,Success
9861,2677,21542,2022-12-10,Rejected by the driver
53489,2117,19761,2022-10-11,Success
28252,1714,13884,2022-08-06,Success
57194,2282,37454,2022-05-05,Success
46988,1280,15657,2022-05-22,Success
58701,407,17445,2022-10-17,Success
9537,55,11152,2023-03-30,Success
50485,272,17783,2022-07-14,Success
502,2114,26520,2022-09-19,Success
2864,40,17495,2023-02-21,Success
1217,2974,1563,2022-08-29,Success
46200,493,17406,2023-04-13,Success
53415,1199,34357,2022-05-05,Success
33116,1491,28092,2022-12-10,Success
25218,2837,10698,2022-05-05,Success
33680,2500,6422,2023-01-24,Success
45940,2534,4583,2022-06-10,Success
10605,2613,13480,2022-11-23,Success
11743,2790,14724,2022-05-19,Success
26015,311,20103,2022-03-29,Success
13,16,24861,2022-03-12,Success
9922,1605,25262,2022-07-17,Rejected by the driver
14590,1022,13197,2023-02-07,Success
38922,2676,26222,2022-09-24,Success
36267,909,6146,2022-07-10,Success
53697,1342,7577,2022-12-12,Success
45644,2523,39905,2022-07-01,Success
13147,578,15019,2023-03-20,Cancelled by the passenger
9200,1086,10971,2022-11-22,Success
41203,2872,21206,2022-03-22,Success
19919,967,12905,2022-07-02,Success
55149,1621,25111,2022-09-18,Cancelled by the passenger
56506,82,6919,2022-07-28,Success
1731,105,35694,2022-04-22,Success
42123,2423,36214,2022-07-07,Success
13136,920,26552,2023-04-13,Rejected by the driver
25716,1548,9137,2022-11-01,Cancelled by the passenger
37636,1007,32802,2022-10-25,Success
11855,2691,21178,2023-01-01,Success
22467,1999,36132,2023-04-01,Success
52316,266,27275,2023-03-05,Success
30130,53,28412,2022-05-01,Success
9956,1069,4305,2022-03-22,Success
50984,1388,9202,2023-03-23,Rejected by the driver
41450,2323,29850,2022-11-09,Success
21452,782,13782,2022-03-17,Success
22727,389,5955,2022-10-12,Cancelled by the passenger
31965,2503,39162,2022-08-20,Success
19873,405,20884,2022-05-24,Cancelled by the passenger
22111,1317,12462,2022-04-23,Success
18833,529,18102,2022-12-23,Success
13263,2750,20039,2023-04-02,Success
28389,2995,31076,2023-04-08,Success
19695,1324,32015,2023-02-23,Success
46439,935,6622,2022-07-20,Success
16538,1210,30084,2022-10-07,Success
19482,208,34463,2022-07-20,Success
22380,576,27459,2022-08-21,Success
32356,217,28531,2023-03-17,Success
22110,1897,2077,2023-03-04,Cancelled by the passenger
5654,876,8411,2023-03-24,Success
29289,829,39325,2022-08-24,Success
4387,761,36322,2022-10-27,Rejected by the driver
52444,1241,11522,2022-06-10,Success
40477,2811,33326,2023-01-10,Rejected by the driver
29052,554,27018,2022-07-27,Success
45752,1785,17519,2022-03-22,Success
10470,1670,4245,2023-03-09,Success
59686,2492,35167,2022-08-04,Cancelled by the passenger
24293,2906,31723,2022-05-27,Success
7576,2049,17384,2022-06-30,Success
34621,768,5018,2022-03-21,Success
38251,43,18457,2022-06-23,Rejected by the driver
1830,233,35497,2023-03-10,Success
41402,574,38278,2022-06-15,Cancelled by the passenger
17653,2003,34520,2023-03-16,Success
36778,2391,1472,2023-01-31,Success
8533,2748,22522,2022-08-27,Success
47826,244,11923,2022-03-12,Success
40189,1350,16651,2022-11-17,Success
49398,2473,15793,2022-10-10,Success
43792,486,13306,2022-12-10,Success
22846,728,33893,2023-03-13,Rejected by the driver
48991,1563,12245,2023-01-06,Success
12570,2979,32917,2023-04-01,Success
47732,638,36116,2022-07-29,Success
59056,1614,3084,2022-08-12,Success
28927,128,440,2022-05-14,Cancelled by the passenger
5424,326,16450,2022-10-30,Success
35313,2973,15051,2022-06-20,Success
15013,2778,3055,2023-03-16,Success
3809,1980,22460,2022-03-22,Success
30587,2614,16187,2023-03-28,Cancelled by the passenger
58897,1204,5578,2022-03-12,Success
45098,2664,6563,2022-05-21,Rejected by the driver
15394,484,37679,2022-10-14,Success
14690,2386,31605,2022-05-26,Success
42791,1405,26726,2022-05-14,Cancelled by the passenger
32956,2508,24744,2023-02-11,Success
56985,2904,37545,2022-09-06,Success
40793,297,15659,2022-12-29,Success
25227,180,1913,2023-03-09,Success
54538,1699,27353,2023-04-08,Rejected by the driver
30643,417,5806,2023-03-16,Cancelled by the passenger
51684,141,13629,2022-11-29,Rejected by the driver
23303,1157,21226,2023-02-01,Success
18332,2075,37038,2023-04-09,Success
20423,491,31897,2023-01-09,Rejected by the driver
23047,2079,17111,2022-06-06,Rejected by the driver
47350,1000,6687,2023-01-02,Cancelled by the passenger
48365,1048,9950,2022-06-23,Success
15780,1564,10306,2022-04-07,Success
50362,2156,466,2022-11-03,Success
54119,1702,1130,2023-01-27,Success
41598,1912,31901,2022-10-10,Success
28973,708,3319,2022-09-29,Success
34828,2389,31252,2022-09-13,Success
36760,307,30194,2023-04-03,Success
11143,96,23900,2022-06-15,Success
45815,2405,29435,2022-07-07,Cancelled by the passenger
36282,2417,18357,2022-12-03,Success
12729,1561,30167,2022-08-13,Cancelled by the passenger
32075,1018,24643,2023-01-19,Rejected by the driver
49559,773,37101,2022-09-12,Success
18637,1178,23621,2022-03-23,Rejected by the driver
2370,863,33506,2022-10-19,Success
52756,1944,5125,2023-03-10,Success
35310,2431,23801,2022-03-14,Rejected by the driver
54517,2791,11439,2022-03-30,Success
1256,761,10901,2022-08-28,Success
20171,2096,27650,2022-10-31,Success
2542,2574,19425,2022-12-12,Rejected by the driver
48081,1962,37762,2022-11-15,Success
31221,553,19309,2022-07-27,Success
2035,2212,15772,2023-04-01,Success
16543,2665,17746,2022-09-14,Success
26373,718,14379,2022-12-01,Success
17848,1661,5435,2022-12-26,Rejected by the driver
21180,2617,1852,2023-04-15,Success
7915,2514,36726,2022-09-10,Rejected by the driver
935,1800,14205,2023-02-09,Success
5590,1347,34669,2022-05-01,Success
10619,1216,11524,2023-01-16,Success
23626,741,4831,2022-06-08,Success
48393,2070,71,2022-12-03,Success
12239,1566,20019,2023-03-09,Success
49897,2346,12454,2022-07-21,Success
33577,2238,13647,2023-01-28,Success
23829,2397,30307,2022-08-05,Success
14098,1283,4042,2023-01-27,Success
15692,2557,21786,2022-07-17,Success
40940,1427,1018,2022-10-09,Success
19908,758,9944,2022-05-21,Success
25384,414,11519,2022-08-03,Success
51764,1293,18476,2022-07-19,Success
17345,2597,4474,2022-08-18,Success
14404,2641,16265,2022-10-30,Rejected by the driver
28813,2286,10965,2022-03-13,Success
34302,257,38657,2022-12-02,Success
16974,1764,21866,2022-12-26,Success
4372,2259,37946,2022-10-30,Success
40770,2663,39473,2022-06-09,Success
24029,2789,3383,2022-12-10,Success
34370,742,28136,2023-01-19,Success
37079,2728,32808,2022-08-19,Success
57993,706,2288,2022-06-05,Success
58459,2089,11214,2023-02-16,Success
16956,649,12006,2023-02-05,Success
59412,545,8903,2022-07-25,Cancelled by the passenger
53745,1671,26597,2022-10-08,Success
42197,6,33801,2022-04-12,Success
43482,2052,32065,2022-09-14,Success
22631,1105,30625,2022-08-17,Success
25059,2437,24730,2023-02-11,Success
11222,1054,18970,2022-06-21,Success
54054,189,37032,2022-08-30,Success
27416,974,7271,2023-02-25,Success
49239,550,3433,2022-05-03,Success
49925,1983,35993,2022-12-10,Success
54137,514,31710,2023-03-14,Rejected by the driver
49017,563,26731,2022-03-17,Rejected by the driver
7578,274,1183,2022-10-08,Rejected by the driver
50578,2250,14441,2022-08-08,Rejected by the driver
40626,1329,32317,2022-05-23,Cancelled by the passenger
28585,1768,16278,2023-03-15,Success
21402,779,31433,2022-07-22,Cancelled by the passenger
31662,1668,25574,2022-10-18,Success
33123,1060,38259,2023-04-06,Rejected by the driver
56640,2808,22568,2023-02-27,Success
23981,2642,9309,2022-04-09,Success
23045,2638,7659,2022-07-03,Rejected by the driver
29573,2423,13828,2022-08-06,Success
23371,1625,29633,2022-07-26,Success
8657,509,18099,2023-04-01,Success
50080,2245,4459,2022-12-04,Success
24072,629,21073,2022-06-22,Cancelled by the passenger
12209,247,4075,2022-07-26,Rejected by the driver
40527,2087,28709,2022-12-09,Cancelled by the passenger
32867,857,27976,2023-01-19,Cancelled by the passenger
3874,851,34776,2022-08-12,Success
22994,2754,15576,2022-12-28,Success
23847,1748,12971,2022-06-11,Cancelled by the passenger
44947,2843,34039,2022-11-03,Success
13928,1784,19880,2023-04-15,Cancelled by the passenger
17985,1642,29901,2023-01-25,Success
35903,2485,25827,2022-06-09,Success
16306,5,36121,2023-01-30,Success
41678,1181,15810,2022-04-06,Success
10828,470,19596,2023-04-10,Success
7742,2994,19483,2022-10-22,Cancelled by the passenger
2888,1898,33722,2022-04-04,Success
37902,1162,16003,2022-10-28,Success
52658,2126,32839,2022-09-21,Success
15333,2477,2567,2022-03-31,Success
5540,1305,27459,2022-03-13,Success
19292,1686,9067,2022-12-04,Success
56392,2606,13721,2022-11-11,Success
9635,2178,29169,2022-10-31,Success
43776,795,7931,2023-04-07,Success
36517,1410,262,2022-03-14,Success
28617,1944,23491,2022-07-10,Success
29657,1431,7396,2022-09-22,Cancelled by the passenger
55599,1466,2809,2022-06-15,Rejected by the driver
40178,1418,3978,2023-04-01,Success
54597,2039,10094,2023-01-04,Success
41920,1973,3485,2023-03-05,Success
22261,663,15071,2022-03-21,Cancelled by the passenger
51435,768,36532,2022-06-27,Success
54019,302,17149,2023-04-06,Cancelled by the passenger
6591,967,26612,2022-12-14,Cancelled by the passenger
31833,2514,31466,2022-04-30,Rejected by the driver
11891,674,17348,2022-03-20,Success
14739,2782,10854,2023-02-20,Success
9337,69,38915,2022-07-26,Success
39318,1406,23568,2022-12-01,Cancelled by the passenger
58262,1485,29181,2023-02-07,Success
9526,911,21893,2022-08-07,Cancelled by the passenger
45838,932,29471,2022-05-14,Success
55126,2945,13654,2022-08-04,Success
3855,2714,6587,2022-05-17,Success
3982,2667,15495,2022-07-07,Success
16060,2746,7668,2022-10-01,Success
35504,1049,38565,2022-06-09,Success
31679,1715,13732,2023-03-08,Success
18693,992,6562,2022-04-15,Success
1303,1907,37678,2023-01-08,Success
21369,1900,37923,2022-03-31,Success
43188,1429,27991,2022-06-16,Success
41849,2474,16693,2022-08-16,Success
33502,1720,32935,2023-04-11,Success
48903,2807,6384,2023-01-17,Success
3883,934,36607,2022-10-17,Cancelled by the passenger
26804,1536,21819,2022-04-24,Rejected by the driver
11739,1657,6314,2022-04-20,Success
44834,2972,27061,2023-02-19,Cancelled by the passenger
6137,2433,8701,2022-09-19,Success
49055,1376,18699,2022-10-08,Rejected by the driver
4458,2946,5463,2022-11-07,Success
3032,1333,7408,2022-05-24,Success
44142,737,16644,2023-01-25,Success
50376,757,30939,2023-03-10,Success
54016,2582,39026,2022-08-04,Success
46809,730,7974,2023-01-17,Rejected by the driver
36182,29,35693,2022-07-10,Success
23538,146,3784,2022-05-11,Success
16023,2706,20897,2022-04-26,Success
26393,2928,34422,2022-12-10,Success
9085,96,37555,2022-06-05,Success
12851,1888,36144,2022-08-30,Success
41158,352,12321,2023-01-22,Success
56268,450,9132,2022-10-06,Success
27288,2757,33151,2022-12-14,Success
20408,1506,14498,2022-07-18,Success
58652,1644,18508,2022-08-18,Success
20217,2208,25311,2022-06-19,Cancelled by the passenger
28958,1876,15219,2022-11-13,Success
53124,1342,39020,2023-02-16,Success
24833,1073,14880,2022-11-30,Success
41790,2586,10328,2023-02-03,Success
32838,2060,24954,2022-05-04,Success
30815,245,25063,2022-03-30,Success
13943,158,22619,2022-04-06,Success
33011,855,18425,2022-08-25,Success
7762,213,7095,2023-01-04,Rejected by the driver
2394,172,23760,2022-06-20,Rejected by the driver
6575,1471,104,2022-03-16,Success
13322,2665,33764,2022-12-21,Rejected by the driver
30361,2965,826,2022-11-04,Success
51008,1202,31894,2023-04-11,Success
40663,1817,5527,2022-03-29,Rejected by the driver
55367,2210,36322,2022-12-17,Success
4840,2723,20938,2022-07-07,Success
1765,346,3438,2022-12-08,Success
6503,248,24844,2023-01-08,Success
47116,1311,13572,2022-06-01,Success
20984,662,16302,2023-02-14,Success
32337,2634,17835,2022-05-28,Rejected by the driver
13297,1809,16839,2022-09-09,Success
52682,880,9079,2022-04-27,Success
20848,1870,34222,2022-06-05,Success
6290,2437,10749,2022-12-15,Success
52868,436,22525,2022-10-29,Cancelled by the passenger
45885,2579,37078,2022-10-07,Success
36460,2040,18577,2022-10-05,Success
19981,2722,28929,2023-03-20,Success
14808,2160,30616,2022-04-27,Success
8174,577,27904,2022-07-02,Success
32752,1516,5664,2023-02-24,Success
2073,97,16764,2022-07-21,Rejected by the driver
6716,2934,4395,2023-04-07,Success
5418,693,12408,2023-01-24,Success
27966,587,39991,2022-10-05,Cancelled by the passenger
7183,16,34829,2022-09-09,Success
45750,506,26024,2023-02-08,Cancelled by the passenger
4512,612,24526,2022-08-07,Success
53024,490,6417,2022-04-21,Success
38141,2547,35510,2022-08-21,Success
56430,2355,278,2022-08-29,Rejected by the driver
29925,2518,28579,2022-09-28,Success
29484,2312,29800,2022-03-24,Success
58279,2263,21636,2022-05-07,Cancelled by the passenger
52167,1178,5330,2022-03-27,Rejected by the driver
6712,2170,462,2022-06-27,Rejected by the driver
35808,404,9309,2022-06-14,Success
18713,1039,12684,2022-03-24,Success
29979,2649,18431,2022-08-08,Success
18854,2008,3562,2022-11-30,Success
52634,1401,25485,2022-09-19,Cancelled by the passenger
41313,514,20046,2022-04-21,Rejected by the driver
49882,1390,13389,2022-03-12,Success
9146,28,31349,2022-08-16,Success
51526,2713,17996,2022-04-29,Success
34652,374,18132,2023-02-17,Success
58143,586,26530,2023-03-08,Rejected by the driver
14938,2768,22807,2023-02-10,Success
52863,215,14138,2022-04-08,Success
43520,2981,31075,2022-04-09,Success
49233,1551,33978,2022-11-30,Rejected by the driver
19139,2061,25376,2022-05-11,Success
52231,2776,6595,2022-07-16,Cancelled by the passenger
17025,1924,16810,2022-04-30,Success
54226,1532,8629,2022-04-21,Rejected by the driver
32927,1513,13334,2022-09-26,Success
3143,2372,26482,2022-09-28,Success
8260,2498,35048,2023-03-05,Success
24047,2104,34161,2022-03-26,Success
38347,756,12522,2023-04-12,Cancelled by the passenger
35486,1120,27384,2022-09-13,Rejected by the driver
21103,2495,3085,2022-11-21,Success
16920,1262,35724,2022-12-19,Rejected by the driver
15050,1885,21825,2022-05-26,Success
49440,2457,38779,2022-04-25,Success
27358,898,368,2022-05-28,Success
49442,2637,14334,2022-07-27,Success
7048,355,21095,2022-04-11,Rejected by the driver
6539,738,12474,2023-03-06,Success
19747,645,15298,2022-11-22,Success
27082,2730,39530,2022-07-06,Success
39122,2221,15768,2022-09-21,Success
25337,1850,10491,2022-12-14,Success
32649,651,10905,2022-05-22,Success
23398,1040,17700,2022-12-02,Success
6939,1633,23282,2022-12-05,Success
50002,637,16907,2022-08-03,Success
35886,791,19535,2023-02-06,Success
27281,2286,37923,2023-04-12,Success
16389,1659,39270,2022-04-28,Success
48224,2579,38467,2022-03-30,Success
49573,477,5910,2022-03-22,Success
1408,1412,32176,2022-10-29,Success
5783,515,22621,2023-02-08,Success
3354,1209,10696,2023-01-02,Success
39362,574,7685,2022-07-12,Cancelled by the passenger
59247,2233,1521,2022-05-08,Success
19601,876,6198,2022-04-18,Success
13354,2593,20507,2022-03-16,Success
48618,175,16721,2023-03-22,Cancelled by the passenger
31249,2770,34620,2022-04-02,Success
2630,892,10772,2023-03-28,Success
25207,519,39444,2023-03-12,Success
37473,1819,8762,2022-10-26,Success
52667,162,254,2022-03-29,Success
49337,1762,1690,2022-09-04,Cancelled by the passenger
50153,2251,7023,2023-02-11,Success
16052,2669,32701,2022-07-04,Success
57571,2148,3526,2022-03-27,Success
48664,2499,29363,2022-03-30,Success
21042,1310,12595,2022-07-30,Success
28766,2977,15768,2022-09-29,Cancelled by the passenger
34741,1522,29558,2022-08-02,Rejected by the driver
58499,2615,22622,2022-12-05,Rejected by the driver
59329,1551,15301,2022-07-19,Rejected by the driver
1962,1896,22560,2022-11-25,Success
4736,627,25923,2022-10-17,Cancelled by the passenger
12932,983,17633,2023-02-28,Rejected by the driver
23246,645,37222,2022-08-08,Success
23477,2431,11032,2022-10-01,Cancelled by the passenger
28409,543,1187,2022-07-12,Success
32194,1232,39883,2022-07-01,Rejected by the driver
59607,1110,14772,2022-10-04,Success
46462,361,3546,2022-09-05,Success
22306,151,20992,2023-01-27,Success
44271,1435,36788,2023-02-01,Success
50335,1249,20165,2022-07-20,Success
56777,704,37639,2023-03-03,Rejected by the driver
43250,30,1656,2022-04-10,Success
965,2257,15864,2022-11-24,Success
40821,1263,16013,2022-10-23,Success
29431,2883,24927,2022-05-28,Success
16493,2405,12518,2023-03-15,Success
12024,1495,38350,2022-05-14,Success
35453,1271,19392,2022-11-27,Success
18429,540,21648,2022-11-23,Success
58297,2823,17293,2022-11-16,Success
56831,1159,25815,2022-07-17,Success
54681,2679,6473,2022-06-16,Success
30140,979,1173,2023-03-05,Success
27088,1275,10339,2022-11-16,Success
48585,2370,19110,2023-01-10,Success
43906,736,12593,2022-11-29,Success
55123,427,21371,2022-05-03,Success
35359,2927,8616,2022-04-29,Cancelled by the passenger
31095,513,26486,2023-02-12,Success
28545,1072,1484,2022-09-20,Success
660,467,28180,2022-05-14,Success
36745,891,38426,2023-01-28,Rejected by the driver
45501,416,17800,2022-12-20,Success
4437,2415,8145,2022-05-28,Success
51736,1104,8981,2022-11-29,Success
51194,500,12925,2022-07-16,Success
41636,2442,1291,2022-04-27,Success
46897,113,38877,2023-01-27,Success
4190,2504,3980,2023-01-10,Success
58876,863,42,2022-12-27,Success
26718,2534,23300,2022-04-11,Success
8807,1585,39544,2022-08-22,Cancelled by the passenger
48718,769,2076,2022-05-07,Success
22168,1351,12193,2022-10-28,Cancelled by the passenger
41445,1251,33911,2023-02-04,Success
34314,278,13300,2022-07-17,Rejected by the driver
38864,290,14873,2022-03-31,Success
34837,1693,652,2022-03-26,Success
50980,976,36546,2023-03-12,Success
289,2757,5609,2022-09-30,Success
51646,1199,19032,2023-03-19,Success
56538,330,29134,2022-09-16,Success
45248,1828,23764,2022-06-06,Success
25298,2274,688,2023-03-31,Rejected by the driver
6846,2321,12115,2022-04-12,Rejected by the driver
34780,2171,28684,2022-05-14,Success
11186,2763,32009,2022-07-19,Success
17561,2612,39933,2023-04-07,Success
42245,2268,23433,2022-09-15,Success
53298,1761,25126,2022-12-26,Success
58666,1936,33651,2022-03-15,Success
12120,2827,7879,2022-07-22,Success
1786,1050,38137,2022-06-21,Success
9284,512,7646,2022-06-02,Success
836,2032,11484,2022-06-29,Success
29241,1331,2486,2022-09-06,Cancelled by the passenger
36037,2215,15697,2022-05-06,Success
37814,160,16169,2022-05-28,Rejected by the driver
34995,2419,20190,2022-10-03,Success
10872,2743,26160,2023-02-06,Success
33792,1291,32666,2022-05-18,Cancelled by the passenger
17232,2561,14204,2022-08-22,Success
33100,2660,28622,2022-10-10,Rejected by the driver
19201,1084,32889,2022-04-12,Success
12421,2843,3152,2022-11-01,Success
7463,559,915,2022-09-12,Success
21504,2761,23530,2023-02-24,Success
30376,2530,12830,2022-09-18,Success
52642,2937,6031,2022-05-02,Success
21849,1966,25209,2022-04-11,Cancelled by the passenger
40774,1963,14965,2022-08-23,Success
20447,206,32745,2022-05-07,Success
35475,2579,16612,2022-12-28,Success
50854,615,19185,2022-08-18,Success
17895,468,36024,2022-09-21,Success
55039,876,24351,2023-01-29,Success
41129,1531,27818,2022-12-07,Rejected by the driver
47157,2758,1405,2022-07-24,Success
3947,157,34895,2022-04-20,Rejected by the driver
10959,1664,1134,2022-05-31,Success
33338,10,37534,2022-11-13,Success
24649,2091,36973,2022-12-14,Cancelled by the passenger
28262,508,10726,2022-12-26,Rejected by the driver
30613,2638,38195,2022-09-14,Rejected by the driver
44792,1462,37732,2023-01-22,Success
26234,287,38297,2022-04-17,Success
56813,1847,1596,2022-12-02,Rejected by the driver
12868,434,23136,2022-05-02,Success
47298,1758,30467,2022-12-05,Success
36889,1904,36657,2022-11-03,Rejected by the driver
28882,2075,2692,2022-05-04,Success
24414,1190,8338,2022-12-25,Success
55315,82,9293,2022-03-12,Success
10467,1243,37441,2022-05-09,Success
45304,2130,4219,2022-07-16,Success
54170,53,27733,2022-06-18,Success
39876,984,16559,2022-09-15,Success
30701,1483,38681,2023-01-29,Cancelled by the passenger
45297,1007,37619,2022-07-27,Success
32184,1769,20109,2022-10-30,Success
53513,2485,27586,2022-12-20,Success
12056,2473,35135,2022-12-08,Success
38498,1831,10253,2022-08-22,Success
12650,2965,35519,2023-03-30,Rejected by the driver
4012,793,34744,2022-07-07,Cancelled by the passenger
1769,1394,8842,2023-03-25,Success
41428,2317,10060,2022-05-12,Success
54745,336,26198,2022-09-06,Cancelled by the passenger
8028,1985,8907,2022-06-10,Success
29070,2258,13752,2022-04-21,Rejected by the driver
38658,2904,7621,2022-08-15,Rejected by the driver
48357,2264,19144,2022-12-26,Success
40653,1303,38178,2022-10-03,Success
31339,2974,19633,2022-07-21,Cancelled by the passenger
38028,396,38427,2022-10-09,Rejected by the driver
29869,2123,5868,2023-04-04,Rejected by the driver
12724,2045,29389,2022-07-13,Success
2643,2317,39150,2022-12-21,Success
5351,1539,35768,2023-04-10,Cancelled by the passenger
15221,1037,12980,2022-09-11,Cancelled by the passenger
8521,825,34862,2022-09-21,Success
4607,2029,18727,2022-04-01,Success
23415,941,31898,2022-03-18,Success
16429,126,12294,2023-01-23,Success
2403,1318,4501,2023-03-01,Success
59240,627,30698,2023-04-09,Success
22540,443,24190,2022-06-17,Cancelled by the passenger
15266,2032,26809,2023-04-07,Cancelled by the passenger
55235,2026,13322,2022-05-22,Success
21990,1837,4796,2023-02-27,Rejected by the driver
25090,314,10839,2022-08-20,Success
45753,432,28120,2022-10-01,Success
14136,1267,20744,2022-06-27,Rejected by the driver
27961,879,10527,2022-04-07,Success
5185,1854,38205,2022-10-14,Success
31867,587,27377,2022-07-14,Rejected by the driver
35854,441,31684,2023-01-27,Success
55714,532,35935,2022-09-10,Success
34135,2556,29839,2022-06-10,Cancelled by the passenger
15712,341,15666,2022-07-08,Rejected by the driver
22872,1337,36502,2022-09-19,Rejected by the driver
36522,1446,15340,2022-10-21,Success
42730,932,22174,2022-12-07,Success
41504,2484,36986,2022-08-11,Success
25314,708,7777,2022-10-07,Success
43003,1734,11807,2022-04-01,Success
17521,1115,13396,2023-02-14,Success
20046,1681,20231,2022-09-14,Success
38167,2167,37229,2022-06-14,Success
49126,1332,23915,2022-09-14,Rejected by the driver
18366,2219,11637,2023-03-30,Success
44360,1303,10078,2022-04-20,Success
57832,1329,28880,2022-11-18,Success
18924,682,2008,2022-10-30,Cancelled by the passenger
47491,1227,16942,2022-03-30,Success
10881,212,31004,2022-07-05,Success
30973,2400,25522,2022-08-30,Success
37254,2459,33226,2023-03-31,Success
10282,2455,16732,2022-03-12,Success
37654,1938,25666,2022-04-01,Success
27117,117,9427,2022-11-02,Rejected by the driver
18392,542,15465,2023-01-11,Success
5825,1256,10932,2022-04-19,Success
28519,2638,16298,2022-09-04,Rejected by the driver
16371,66,18150,2022-07-01,Success
32302,1233,22621,2022-05-30,Success
41719,826,16244,2023-02-15,Cancelled by the passenger
18187,1936,24441,2022-03-27,Success
943,1594,18543,2022-06-24,Success
40581,1427,39067,2022-07-20,Success
1026,2568,12456,2023-01-02,Success
39399,2285,11154,2022-08-18,Rejected by the driver
15167,1523,27892,2023-03-04,Rejected by the driver
20496,2688,10258,2023-02-06,Success
3240,1323,3190,2022-07-05,Cancelled by the passenger
51969,76,17227,2022-05-25,Success
54567,1766,28273,2022-04-03,Success
12502,2818,3369,2023-02-10,Rejected by the driver
23723,2450,11323,2022-04-01,Success
59512,2554,11962,2022-09-08,Success
48237,812,34719,2022-11-13,Success
3836,507,27846,2022-08-16,Rejected by the driver
27438,2820,13619,2023-02-17,Success
28533,2651,17209,2022-09-22,Rejected by the driver
19915,1667,24275,2022-11-17,Success
25346,1905,39046,2023-03-07,Success
29504,1854,34656,2022-04-01,Cancelled by the passenger
29378,1407,14624,2022-05-10,Success
12298,1687,36597,2022-10-26,Success
22803,1287,35403,2022-10-24,Success
11537,1189,33953,2023-01-14,Success
2539,445,1620,2022-04-02,Rejected by the driver
48620,977,27896,2022-03-16,Success
34276,2175,28739,2023-03-28,Success
48986,537,18464,2022-04-28,Success
3298,2458,4334,2022-10-10,Success
51093,129,18056,2023-01-25,Success
28649,211,29027,2022-06-06,Success
21623,2141,28808,2023-03-13,Success
21608,2705,14910,2022-11-13,Success
3206,1,22600,2022-03-12,Cancelled by the passenger
20822,444,1541,2023-02-23,Rejected by the driver
10239,445,24847,2022-12-04,Rejected by the driver
5050,269,15807,2022-11-09,Success
7930,307,919,2023-01-14,Success
10222,2486,38970,2022-07-24,Success
52146,592,1154,2023-04-01,Success
9122,1102,14124,2023-04-15,Rejected by the driver
42759,1449,1369,2022-04-02,Rejected by the driver
38009,1208,24972,2023-01-14,Success
4039,780,32107,2023-02-22,Success
14479,739,19297,2023-03-22,Success
44043,1178,36518,2023-01-07,Rejected by the driver
51191,1432,5405,2022-03-29,Success
48312,1124,4808,2022-12-22,Success
49038,1762,18748,2022-07-14,Success
18817,675,34888,2022-05-11,Rejected by the driver
35892,1442,5910,2022-10-21,Success
18548,163,31977,2022-09-15,Success
32307,438,30907,2023-03-07,Success
7001,686,2456,2022-04-04,Success
19575,1516,21151,2022-11-12,Success
39557,1585,14367,2022-05-26,Success
7343,2255,23699,2023-03-16,Success
56067,108,27387,2022-06-24,Success
52269,1786,20989,2023-03-17,Success
3003,2522,35775,2022-05-13,Success
54374,386,35852,2022-10-08,Success
41269,2181,31565,2022-04-30,Rejected by the driver
12628,2757,12314,2022-09-02,Success
19055,2295,20349,2022-09-18,Success
20509,2948,38319,2022-08-23,Success
27017,369,24354,2023-01-02,Success
13929,747,10805,2022-07-09,Success
19466,741,36806,2022-06-10,Success
15292,1397,19500,2022-04-18,Success
57725,2462,1180,2023-03-06,Success
23629,290,5612,2022-05-04,Success
13482,14,15828,2022-08-12,Rejected by the driver
54624,2361,26102,2022-08-30,Rejected by the driver
57513,96,16312,2022-12-31,Success
7696,1913,20344,2022-07-22,Success
29331,2164,2397,2022-11-01,Rejected by the driver
7677,1489,26321,2022-06-04,Success
5850,2498,39399,2022-05-06,Rejected by the driver
50997,1098,17869,2022-12-10,Success
17202,2653,37322,2022-05-15,Success
51889,2018,32812,2022-11-04,Success
45884,1812,10051,2022-12-06,Success
40870,446,8687,2022-05-21,Rejected by the driver
54214,2149,39115,2022-09-15,Success
7044,2239,23371,2022-05-08,Success
2787,146,10897,2023-01-09,Success
11904,665,9547,2023-04-14,Rejected by the driver
23571,1313,17483,2022-04-25,Success
9344,561,3138,2023-03-30,Success
27044,1798,13934,2022-10-02,Cancelled by the passenger
45186,1254,15938,2022-05-19,Success
48910,624,36441,2023-03-13,Success
14224,258,26154,2023-03-15,Rejected by the driver
45977,2148,24515,2022-10-26,Cancelled by the passenger
7782,2664,31699,2023-03-10,Success
51361,1192,286,2023-03-22,Success
52746,1501,12311,2022-12-01,Success
5048,1475,19689,2022-09-14,Success
26126,2291,5052,2022-03-20,Success
29749,1751,39685,2022-10-07,Rejected by the driver
1341,2052,26349,2022-04-07,Cancelled by the passenger
19093,2752,33929,2022-07-01,Success
5731,1013,4845,2023-03-29,Success
19182,1761,8838,2023-03-06,Success
16901,2386,28077,2022-03-12,Cancelled by the passenger
12000,2530,29632,2022-11-07,Success
3683,2778,25048,2023-01-05,Success
22950,2888,35280,2022-10-27,Success
52118,405,27310,2022-07-23,Cancelled by the passenger
17636,1470,22820,2022-12-22,Success
14588,2808,30151,2023-03-05,Success
56683,1331,37430,2022-10-14,Success
28206,1557,25711,2022-06-07,Success
26080,1339,15549,2022-09-09,Success
48387,1701,18205,2022-09-18,Rejected by the driver
13004,1690,22856,2022-12-31,Success
45319,2524,12632,2022-05-23,Success
190,2824,30228,2023-02-12,Success
48723,122,39910,2022-06-09,Rejected by the driver
42095,931,9985,2022-04-15,Cancelled by the passenger
26656,2779,5696,2022-04-07,Success
10483,1908,37435,2023-04-05,Rejected by the driver
24019,2996,35944,2022-12-25,Success
38050,1152,28096,2023-01-21,Success
35244,2602,28688,2023-01-16,Cancelled by the passenger
6275,2074,31921,2022-05-11,Success
6761,2263,16951,2022-06-10,Rejected by the driver
20567,2463,27086,2022-08-11,Success
21873,1693,12354,2022-11-19,Success
21675,1241,5793,2022-04-01,Success
4144,2347,23894,2022-07-05,Success
27212,2927,23142,2023-04-07,Success
58437,29,19880,2022-07-27,Success
54069,1639,14861,2022-09-23,Success
37508,2643,32420,2022-05-06,Success
29828,1923,6007,2022-09-01,Success
6802,43,14999,2022-11-24,Success
19913,1979,7586,2022-11-27,Success
56427,254,5874,2022-11-24,Success
44324,1478,34383,2022-03-22,Success
15341,2171,16723,2023-03-02,Success
58169,2701,9500,2022-09-14,Success
29864,1723,6845,2022-05-21,Success
24942,680,9403,2022-07-22,Success
8868,1342,2116,2022-11-20,Success
49429,1751,37929,2023-02-09,Cancelled by the passenger
33306,1890,6243,2023-02-24,Success
18099,2378,4376,2023-03-28,Cancelled by the passenger
18506,2474,18080,2023-03-25,Rejected by the driver
31394,997,19032,2022-07-23,Success
54499,2805,39152,2022-11-02,Success
30430,2730,39426,2022-04-03,Rejected by the driver
7675,1811,3758,2022-03-27,Rejected by the driver
58344,2562,1588,2022-08-14,Success
7379,2756,10591,2023-03-26,Success
9603,791,19354,2022-12-20,Cancelled by the passenger
32566,1832,13384,2023-03-30,Cancelled by the passenger
6748,2040,30831,2023-02-21,Success
18855,2280,2170,2022-09-15,Success
59618,1922,28171,2022-10-20,Success
51635,1883,35916,2023-01-09,Cancelled by the passenger
57790,2956,18760,2022-03-15,Success
40705,1218,36573,2023-01-12,Success
15761,1112,37667,2022-11-28,Success
36300,1848,33070,2022-11-27,Rejected by the driver
12719,165,25251,2023-01-26,Success
31112,165,16859,2022-09-15,Cancelled by the passenger
2372,1836,26058,2023-01-10,Success
3851,173,23629,2022-11-25,Success
11410,162,9552,2022-05-10,Success
26441,854,21047,2022-08-02,Rejected by the driver
34567,326,26750,2022-07-01,Success
23067,1330,32484,2022-10-30,Success
12210,181,7887,2022-07-04,Rejected by the driver
29396,1468,15326,2023-04-09,Success
19112,2300,24556,2022-04-12,Cancelled by the passenger
4067,644,3688,2022-07-17,Success
5270,865,1729,2022-06-01,Success
50087,2674,1656,2022-05-30,Success
6445,318,22540,2022-09-03,Success
31702,2777,5248,2023-01-02,Rejected by the driver
49034,641,35418,2022-08-19,Success
39387,1563,6749,2022-04-02,Rejected by the driver
42132,910,32168,2022-11-21,Success
33522,2848,25948,2022-05-28,Success
36609,1699,29196,2022-09-05,Success
46847,2936,10501,2023-04-02,Rejected by the driver
45090,2137,23439,2022-07-24,Rejected by the driver
10963,1374,4258,2022-06-18,Success
3022,1503,9078,2022-07-31,Success
58114,802,4643,2022-12-06,Cancelled by the passenger
55363,2957,36979,2022-10-14,Success
1524,841,29046,2022-07-09,Success
48006,2418,26801,2023-04-10,Success
22856,2648,19270,2022-09-19,Cancelled by the passenger
34073,203,37985,2022-10-27,Success
45128,258,9270,2023-04-07,Success
49780,672,24614,2022-07-01,Success
44182,762,33134,2022-08-18,Success
10945,2711,13134,2022-11-13,Rejected by the driver
56330,1288,19652,2022-10-27,Success
22295,1634,12217,2022-11-04,Cancelled by the passenger
21304,2810,13445,2023-02-22,Rejected by the driver
4240,2264,32646,2022-11-17,Success
35086,1510,13344,2023-01-31,Success
9313,364,1637,2022-03-14,Cancelled by the passenger
44490,2838,32711,2023-03-13,Success
14094,1588,33687,2022-04-02,Success
34443,929,19505,2022-08-12,Success
51339,743,27820,2023-03-24,Cancelled by the passenger
27257,1976,36925,2022-09-27,Success
41389,284,21443,2023-03-08,Rejected by the driver
35526,1060,38507,2022-06-29,Rejected by the driver
31191,747,14995,2023-01-30,Success
4098,1486,7883,2022-04-27,Success
54626,1775,17044,2022-12-01,Success
24642,1501,10124,2022-06-19,Success
52896,2981,10509,2022-12-30,Rejected by the driver
23000,1689,20186,2022-08-15,Success
41700,703,32467,2022-04-09,Rejected by the driver
47953,588,10336,2022-10-19,Success
16910,2237,29069,2022-07-01,Cancelled by the passenger
25984,193,21326,2022-08-16,Success
24777,816,15437,2022-12-14,Success
44610,2704,22030,2022-05-28,Success
28933,1828,39708,2022-03-28,Success
37138,1706,13081,2022-12-09,Success
50783,2048,21885,2023-03-11,Success
57596,2884,39821,2022-03-19,Success
13746,693,35261,2022-10-01,Success
17973,860,28162,2023-01-04,Cancelled by the passenger
2872,213,20382,2022-03-23,Success
6455,1877,35011,2022-08-26,Success
22973,984,33283,2022-09-02,Success
27374,2431,26627,2022-05-14,Success
42905,1230,24523,2022-12-29,Success
48831,242,31827,2022-04-20,Success
12226,1884,21643,2022-11-08,Success
26698,2648,3054,2022-05-01,Success
50313,798,35811,2022-11-08,Rejected by the driver
54085,510,6563,2022-08-01,Rejected by the driver
135,706,34171,2022-07-26,Success
15103,1539,14028,2022-12-02,Success
49728,2706,12203,2022-04-08,Success
28755,914,29432,2022-12-30,Success
53339,1702,20292,2022-06-08,Success
33373,1774,33623,2022-09-29,Success
38117,2873,36454,2022-05-27,Success
49679,2167,31768,2022-10-24,Success
6534,1269,18034,2022-12-30,Success
24644,655,8782,2022-07-31,Success
37166,14,37057,2022-05-29,Success
57654,2584,25205,2022-08-23,Rejected by the driver
59029,2031,36600,2023-04-03,Success
46307,944,11596,2022-04-22,Success
4460,2496,26852,2022-07-21,Success
27146,502,8486,2022-08-28,Success
1118,848,34484,2022-05-29,Success
8541,2627,5569,2022-07-18,Success
42546,1911,20958,2022-08-30,Rejected by the driver
17886,2303,25228,2022-11-21,Success
16730,1022,19131,2022-07-29,Success
59158,501,16152,2022-08-05,Cancelled by the passenger
27631,603,24149,2022-11-10,Success
33944,2808,16809,2022-11-12,Cancelled by the passenger
45451,2508,26604,2022-09-01,Cancelled by the passenger
23608,2805,12138,2022-04-24,Rejected by the driver
19701,54,25037,2022-05-18,Success
29013,1326,11305,2022-12-23,Success
38931,240,19564,2023-03-26,Success
48064,2727,25531,2023-01-16,Success
29691,1013,7734,2022-09-02,Success
19063,2099,39207,2022-07-02,Rejected by the driver
20563,1640,28679,2022-11-09,Success
3812,1624,17910,2022-11-29,Rejected by the driver
6053,2246,38005,2023-01-07,Success
50641,2220,34350,2022-10-26,Success
25284,1367,22889,2022-07-21,Success
22153,584,18144,2022-04-16,Success
24692,2512,23463,2023-02-25,Cancelled by the passenger
46033,1167,1322,2022-05-18,Rejected by the driver
6723,2806,33582,2022-10-04,Success
568,1865,38266,2022-09-28,Success
4118,1037,10076,2022-12-17,Cancelled by the passenger
7397,2322,28838,2022-03-15,Success
1578,1182,30264,2022-08-07,Success
14363,1298,20981,2022-12-17,Success
5810,1108,39199,2022-04-11,Success
11228,1575,28953,2022-08-06,Success
58837,2298,32616,2022-11-30,Success
4801,1618,25000,2023-02-14,Success
45312,2190,37908,2022-03-19,Success
30037,1785,38491,2022-09-07,Success
4538,1732,29006,2022-10-19,Cancelled by the passenger
46646,2298,28651,2023-04-10,Cancelled by the passenger
5896,1944,9695,2022-11-07,Success
22600,2344,511,2022-05-16,Success
1946,1568,9283,2023-03-22,Success
17978,2243,16403,2022-04-24,Cancelled by the passenger
31605,1615,31285,2022-08-15,Success
1069,2667,37477,2022-12-06,Cancelled by the passenger
37293,338,39560,2022-09-25,Rejected by the driver
32712,1341,35481,2022-05-12,Success
41326,2184,39784,2022-08-22,Success
11023,869,11284,2022-04-27,Success
29449,278,5562,2022-09-30,Cancelled by the passenger
59721,895,28435,2022-06-04,Success
24469,2020,15590,2022-12-11,Success
2064,2044,20683,2023-01-04,Success
2335,2532,11138,2022-11-21,Success
58052,1841,36823,2023-02-18,Success
55731,2629,29627,2022-05-02,Success
54715,2783,15175,2022-10-07,Success
39167,69,6780,2022-08-02,Success
25787,393,27300,2022-08-01,Success
5600,1209,2506,2022-06-24,Success
14318,2454,14822,2023-02-23,Success
10980,2074,28591,2022-03-18,Cancelled by the passenger
12699,1321,31849,2023-03-07,Success
5641,2808,2540,2022-03-27,Cancelled by the passenger
32120,589,23165,2022-04-02,Rejected by the driver
35173,1900,23697,2022-10-25,Success
18410,83,32042,2022-06-02,Success
29879,1481,9419,2022-04-25,Success
17265,2776,19461,2022-06-09,Success
22525,2566,76,2023-03-29,Success
51019,2482,25670,2022-11-10,Success
47084,1227,29844,2022-11-30,Success
58861,1333,37702,2023-02-02,Success
4472,713,10753,2022-08-29,Success
14134,701,4766,2022-07-08,Rejected by the driver
47366,2221,19517,2022-12-08,Rejected by the driver
19169,2694,32142,2022-10-01,Success
56176,2647,1236,2023-01-05,Success
28852,698,20054,2023-03-08,Success
40695,826,17024,2022-10-07,Success
3282,1267,17496,2022-07-15,Rejected by the driver
19138,870,13270,2022-09-01,Success
39956,889,4351,2023-04-07,Success
57988,1053,4076,2022-12-13,Success
42524,753,28133,2022-03-17,Success
27188,770,2239,2022-03-21,Rejected by the driver
9175,2215,5886,2023-02-23,Success
33028,2693,14792,2022-10-21,Success
51961,1392,38294,2022-06-13,Success
17356,2874,14714,2022-06-16,Success
48985,2060,21914,2022-08-21,Cancelled by the passenger
27649,1747,33532,2022-10-13,Success
41202,1797,31443,2022-12-12,Success
52656,1816,36660,2022-10-16,Rejected by the driver
26154,2987,37841,2022-07-05,Success
1168,1291,17090,2022-10-17,Rejected by the driver
33787,736,2830,2022-05-22,Success
31673,1789,172,2022-11-18,Rejected by the driver
8544,797,12347,2023-01-18,Success
7377,1768,24343,2022-06-11,Success
40158,2062,4328,2022-08-13,Success
37888,355,416,2022-04-18,Rejected by the driver
22487,2455,4445,2022-12-11,Success
4171,1513,24315,2022-07-12,Success
41836,535,11420,2023-02-28,Rejected by the driver
44512,1832,36131,2022-05-26,Success
34048,1668,30033,2022-04-06,Cancelled by the passenger
24375,2965,37443,2022-06-06,Success
57478,996,8567,2023-02-16,Success
27547,1553,31879,2022-06-13,Rejected by the driver
19042,112,27527,2023-01-05,Success
644,1711,2019,2023-01-12,Success
52127,896,313,2022-07-25,Success
20236,177,8021,2022-10-30,Rejected by the driver
56590,2061,27159,2022-08-20,Success
49634,2729,19385,2023-03-21,Success
7237,1508,27478,2022-11-27,Success
40865,317,33414,2022-08-22,Cancelled by the passenger
54515,1798,3763,2022-06-27,Cancelled by the passenger
25145,1253,35757,2022-03-12,Rejected by the driver
20299,2012,11727,2022-10-24,Success
55271,49,26677,2022-09-05,Rejected by the driver
45469,454,21395,2022-06-06,Success
6588,1155,872,2022-10-07,Success
47362,1235,14908,2022-10-15,Success
26383,536,6198,2023-01-03,Rejected by the driver
3400,2655,28306,2022-11-28,Success
10573,1006,11817,2023-03-13,Success
51652,1626,10965,2022-07-09,Success
17443,384,35510,2022-06-16,Success
48327,1469,8843,2022-12-26,Success
27573,981,9580,2022-08-19,Success
31674,2492,12818,2022-10-27,Success
35831,1494,34008,2022-07-16,Success
14850,1318,29304,2022-05-22,Success
52267,2032,550,2022-04-06,Rejected by the driver
59476,1637,3039,2022-08-25,Success
56401,2714,18715,2023-02-17,Success
49173,838,30618,2022-12-16,Success
59712,527,5490,2023-03-21,Success
11195,2938,8800,2022-10-28,Success
29206,2070,35343,2023-03-21,Success
10842,2835,15262,2022-08-28,Rejected by the driver
26266,2877,1363,2022-05-02,Success
12555,2156,26714,2022-06-03,Rejected by the driver
11026,1274,30511,2022-06-27,Rejected by the driver
59641,1439,380,2023-03-08,Success
42621,803,16814,2022-03-19,Success
45072,1678,6203,2023-02-25,Success
48392,1463,34766,2022-10-12,Cancelled by the passenger
52698,1978,23255,2022-04-28,Success
56938,490,10999,2022-03-20,Rejected by the driver
3311,2193,5143,2023-01-28,Success
51933,1021,39413,2022-12-15,Success
14691,1883,23870,2022-05-13,Cancelled by the passenger
45170,2983,30393,2023-03-01,Success
53995,2688,20282,2022-05-04,Success
8323,519,1651,2022-06-02,Success
10015,1181,1287,2023-02-07,Success
39653,711,19891,2022-06-14,Success
7860,2441,2184,2022-08-22,Success
25883,2082,36699,2022-05-21,Success
15457,1265,5641,2022-11-02,Success
27831,927,12850,2023-01-27,Success
4238,1069,387,2022-10-15,Success
22472,395,39879,2022-08-14,Success
29676,1555,38862,2022-04-14,Rejected by the driver
57673,2486,17725,2022-12-10,Rejected by the driver
17128,1102,27395,2022-08-10,Rejected by the driver
10686,2227,1454,2022-05-17,Success
33774,632,31909,2023-03-02,Success
12459,1966,2889,2022-12-25,Success
1805,590,8863,2022-05-29,Cancelled by the passenger
54104,2269,31293,2022-10-28,Success
54471,262,18184,2023-02-21,Success
27463,2056,24362,2022-12-29,Success
20649,2249,9729,2022-07-25,Success
4798,2999,5541,2023-01-03,Success
6637,622,31612,2023-02-21,Success
25028,810,30065,2022-04-12,Rejected by the driver
8295,2039,39794,2023-02-08,Success
16608,1491,31576,2022-06-05,Rejected by the driver
6280,1504,27275,2022-03-15,Rejected by the driver
5005,1779,25975,2022-08-08,Cancelled by the passenger
17677,1150,9809,2022-11-02,Success
29486,1066,18381,2022-07-03,Success
36477,1926,3180,2022-05-10,Success
45509,730,29105,2022-10-07,Success
43741,1149,28802,2022-07-20,Success
23835,100,14202,2022-05-12,Rejected by the driver
4319,2901,12675,2022-05-27,Rejected by the driver
56759,464,29799,2022-04-08,Success
20580,569,12046,2022-12-12,Success
22539,747,13809,2022-04-14,Cancelled by the passenger
457,2620,39398,2022-07-08,Success
23794,267,10492,2022-11-12,Rejected by the driver
58124,642,30303,2022-09-01,Success
54402,2779,21791,2023-02-20,Rejected by the driver
56030,978,4212,2022-08-12,Success
21586,2132,1743,2023-03-01,Success
654,349,39196,2022-04-18,Success
46996,127,7964,2023-01-30,Success
35283,370,25128,2022-08-26,Success
12509,2291,11153,2023-01-18,Rejected by the driver
58630,2818,18416,2022-09-03,Success
44828,233,27296,2022-07-03,Success
14496,1286,34224,2022-12-16,Success
17220,1961,37410,2022-04-03,Success
38667,2924,15095,2022-11-20,Rejected by the driver
20657,2764,35126,2022-04-21,Success
15519,1664,19266,2022-10-26,Success
55153,1554,21335,2022-07-21,Success
17328,1572,13094,2022-04-10,Rejected by the driver
4685,1770,28247,2023-02-07,Rejected by the driver
25865,774,39094,2022-10-14,Success
35273,552,19565,2022-09-03,Success
9261,1585,8697,2022-08-01,Success
20737,2841,34447,2023-01-22,Success
15919,2668,4855,2022-04-12,Rejected by the driver
22933,1489,12659,2022-04-25,Success
24945,2395,38499,2022-11-13,Success
35601,2752,26470,2022-05-05,Cancelled by the passenger
9174,1702,17258,2022-12-15,Success
30370,1906,39424,2023-01-22,Success
44325,2498,9331,2022-05-09,Success
20184,1899,32964,2023-02-21,Success
998,2451,22097,2022-04-25,Cancelled by the passenger
40480,2518,39924,2022-06-29,Success
16376,1860,27876,2022-04-02,Success
42838,2459,24151,2022-07-11,Rejected by the driver
30893,1744,4303,2022-06-06,Cancelled by the passenger
41859,2872,14769,2022-07-24,Rejected by the driver
19514,2656,8054,2022-03-30,Success
57421,836,30524,2023-03-09,Rejected by the driver
28749,1285,1660,2022-06-13,Cancelled by the passenger
57419,2406,30929,2023-03-19,Success
39831,2735,38322,2022-10-29,Success
31262,2344,6555,2022-06-10,Success
56662,482,30507,2022-11-29,Success
27408,2377,11746,2022-09-11,Success
21263,1836,7186,2022-11-08,Rejected by the driver
59253,487,23638,2022-05-17,Cancelled by the passenger
42752,228,34713,2022-09-03,Success
49328,490,2731,2022-04-05,Success
46844,2626,25235,2022-09-26,Success
48603,971,37786,2023-01-04,Success
10970,1297,38554,2022-07-24,Success
5704,1083,845,2022-10-13,Rejected by the driver
28449,663,34303,2022-11-07,Success
52332,2335,5186,2022-05-18,Success
48767,1983,5162,2022-12-21,Rejected by the driver
38468,607,36979,2022-10-06,Success
46773,803,18864,2022-03-13,Rejected by the driver
37737,2242,36810,2022-11-20,Success
951,2818,17115,2022-06-21,Success
40212,689,18903,2022-03-27,Success
55871,1263,32825,2022-07-13,Rejected by the driver
40280,2855,17763,2023-02-16,Success
44692,1584,14795,2022-12-23,Success
16983,2255,29075,2022-06-07,Success
35200,2619,34675,2022-05-11,Rejected by the driver
18191,954,31443,2022-09-17,Cancelled by the passenger
987,2992,31896,2023-03-09,Success
28320,2642,30664,2023-03-02,Success
31743,2630,19026,2022-08-04,Success
21874,1485,28036,2022-08-06,Success
20855,2935,24680,2022-04-21,Rejected by the driver
10755,1471,3377,2022-03-15,Rejected by the driver
58874,2870,30353,2022-12-31,Success
2900,2357,8390,2022-09-06,Success
17887,345,27401,2023-02-03,Success
8765,2363,36314,2022-09-22,Success
9878,242,37833,2022-10-07,Success
4338,2704,16338,2022-04-02,Success
37371,1664,10036,2023-03-30,Success
46833,1822,38906,2022-11-28,Success
16123,975,416,2023-02-13,Success
43730,2198,31097,2022-11-07,Success
15340,2838,29802,2023-03-14,Success
22302,1705,2105,2022-11-24,Success
19820,1475,26984,2022-03-28,Cancelled by the passenger
40064,69,6475,2022-04-02,Success
15451,1722,7014,2022-10-18,Rejected by the driver
43648,896,20412,2022-05-08,Cancelled by the passenger
56270,1742,8351,2022-04-17,Cancelled by the passenger
19035,1432,11473,2022-11-01,Success
29154,2899,20668,2023-02-01,Success
17811,851,18784,2022-12-21,Rejected by the driver
41621,2516,25456,2022-06-14,Success
47933,2361,24715,2022-11-04,Success
54609,1595,2188,2023-02-26,Success
43080,1179,7336,2022-04-10,Cancelled by the passenger
10705,1736,38477,2023-02-01,Success
1027,2471,25151,2023-01-08,Rejected by the driver
19153,1458,27783,2022-08-26,Success
34555,759,1791,2023-01-22,Success
38124,2012,10921,2022-09-19,Success
21657,1505,31475,2023-04-02,Success
44794,2684,4020,2022-04-06,Success
15361,2981,30374,2022-05-12,Success
43561,2826,30186,2022-03-29,Success
29470,799,16887,2022-07-27,Success
34622,1986,10477,2023-02-13,Cancelled by the passenger
39385,1819,4713,2022-09-27,Success
5932,2726,39500,2022-03-19,Success
55968,542,31597,2022-03-24,Success
37721,2619,22179,2023-03-05,Rejected by the driver
8918,8,39981,2023-01-12,Success
10420,2143,9865,2023-01-04,Success
6889,334,13980,2022-12-12,Rejected by the driver
30656,405,28432,2022-11-29,Success
18578,367,1331,2022-09-03,Success
33917,567,5293,2023-03-01,Success
59486,2767,1475,2022-04-28,Success
41945,830,29699,2022-03-27,Success
46119,2608,29774,2022-07-06,Success
38647,1058,3296,2023-02-06,Success
945,723,20077,2023-01-14,Cancelled by the passenger
18328,1560,4524,2022-12-15,Success
30047,2726,10104,2023-01-14,Rejected by the driver
8473,1889,14529,2023-01-15,Cancelled by the passenger
46867,145,19980,2022-06-02,Rejected by the driver
18325,761,11073,2023-03-30,Success
12015,803,37894,2022-09-15,Success
55014,528,23719,2022-03-21,Rejected by the driver
39777,106,20244,2022-03-12,Success
35517,1355,18347,2022-05-27,Success
49710,1639,2626,2022-04-12,Success
33703,2928,34108,2022-05-15,Success
48301,2408,25147,2022-05-20,Rejected by the driver
1646,1739,23772,2022-10-09,Success
49552,1841,29721,2023-03-07,Success
54242,916,9432,2022-06-25,Success
21637,100,34545,2022-05-29,Success
4765,2894,13820,2023-04-12,Success
32168,60,9040,2022-08-03,Success
40912,2356,32061,2022-09-11,Rejected by the driver
19808,275,29590,2022-07-06,Success
31841,417,39729,2022-12-16,Success
11352,1681,36423,2022-07-24,Cancelled by the passenger
34599,1460,1687,2022-08-28,Success
56866,2010,34511,2022-07-29,Success
35895,980,25594,2022-12-26,Rejected by the driver
58648,2259,30231,2022-05-27,Cancelled by the passenger
40304,851,19277,2022-11-16,Success
21773,2029,20224,2022-08-31,Success
32587,2848,32462,2022-11-03,Success
4911,1080,4995,2022-09-05,Success
4104,1779,39568,2022-03-25,Rejected by the driver
15219,1467,38723,2022-08-19,Cancelled by the passenger
52398,1956,2139,2022-07-14,Success
6782,117,131,2022-04-18,Success
31361,2825,2034,2023-01-30,Success
18979,822,23184,2023-02-11,Success
52725,795,37624,2022-03-25,Cancelled by the passenger
23435,2522,7486,2022-09-11,Rejected by the driver
36177,29,9172,2022-04-01,Success
57009,390,37416,2022-08-17,Success
51062,809,15502,2022-03-18,Success
52664,1131,5305,2022-09-08,Cancelled by the passenger
10044,254,4556,2023-03-31,Success
52821,2837,14981,2022-10-20,Success
35971,2584,10026,2022-06-28,Success
49300,71,16282,2022-11-30,Success
43939,725,11409,2022-12-23,Success
16295,2885,19411,2023-02-15,Success
2278,2959,29394,2023-03-21,Rejected by the driver
2328,2549,37141,2022-03-24,Cancelled by the passenger
35631,2262,21948,2022-05-30,Success
39022,2418,18170,2022-12-10,Success
59016,2243,28450,2023-03-06,Success
21153,381,23914,2023-01-19,Cancelled by the passenger
44188,358,39081,2022-11-11,Success
56217,1957,36263,2023-04-09,Success
14780,1810,36491,2023-01-28,Rejected by the driver
57946,2266,21774,2022-06-06,Cancelled by the passenger
10926,317,8705,2022-10-19,Success
33904,943,9073,2022-08-28,Success
57015,1830,31989,2022-12-28,Success
14595,2147,25992,2022-07-11,Cancelled by the passenger
16779,2388,2358,2023-04-13,Success
16875,957,29709,2022-08-20,Rejected by the driver
36352,333,34244,2022-10-13,Success
18136,97,38338,2022-08-21,Success
22908,1743,25694,2022-12-09,Success
21562,1601,6521,2022-11-14,Success
22996,1608,14644,2022-03-25,Success
54920,2078,36277,2023-02-13,Success
24052,1355,18224,2022-11-12,Cancelled by the passenger
12638,2926,10091,2023-02-18,Success
19328,2128,11786,2022-06-01,Success
54944,2101,33400,2022-10-11,Success
56223,2100,13790,2023-01-10,Cancelled by the passenger
12030,733,10507,2023-01-08,Rejected by the driver
43447,181,25158,2023-01-18,Success
2875,112,4066,2023-01-11,Success
10183,2981,12933,2022-11-14,Success
21903,2628,37017,2022-05-07,Cancelled by the passenger
17616,1037,8965,2022-07-29,Success
38906,1095,24724,2022-12-22,Rejected by the driver
47797,1901,38367,2022-10-17,Success
4870,2680,35312,2022-05-16,Success
13385,2467,32704,2022-10-10,Cancelled by the passenger
25463,1353,28393,2022-09-23,Success
16592,2105,4676,2022-08-02,Success
11805,2812,36254,2022-05-30,Success
7195,2898,2695,2022-12-02,Success
53435,1020,14687,2022-11-29,Success
13559,2015,7409,2022-08-11,Rejected by the driver
53197,2285,32073,2023-02-06,Success
46407,1293,12319,2022-06-22,Success
49701,2301,7490,2022-08-09,Success
2647,290,6704,2022-06-21,Success
34433,1956,36121,2022-04-22,Success
59003,666,18311,2023-04-03,Success
613,1691,34379,2022-07-16,Success
36543,1768,19189,2022-05-19,Success
29868,1132,9539,2022-08-20,Success
7367,2440,8792,2023-04-03,Success
46584,1772,7663,2022-12-14,Rejected by the driver
40516,2354,2442,2022-12-01,Success
43871,450,23266,2022-06-12,Rejected by the driver
35707,1250,36090,2022-06-28,Cancelled by the passenger
49432,1730,33131,2022-10-11,Rejected by the driver
37296,1919,33078,2023-02-04,Success
42159,2995,18735,2022-05-13,Success
3026,743,4296,2022-07-05,Success
38892,2452,990,2023-04-14,Success
50117,568,32931,2022-07-05,Success
55368,591,5120,2023-01-22,Success
20318,2479,9221,2022-09-20,Success
9202,1191,18603,2022-11-17,Rejected by the driver
4773,341,2187,2023-01-08,Success
3631,2989,9895,2023-02-01,Success
52581,1907,38431,2023-03-13,Success
6242,1428,31210,2022-10-20,Success
32995,1156,26321,2022-08-21,Success
33162,1692,13585,2023-03-03,Cancelled by the passenger
49015,534,27982,2023-01-16,Cancelled by the passenger
16885,407,16973,2022-05-05,Success
2848,2478,12789,2022-08-11,Success
41740,1867,35151,2023-02-06,Success
28644,1120,4786,2022-05-22,Success
51174,2419,30824,2022-07-23,Success
38363,2159,15723,2022-07-11,Success
58565,69,14705,2022-12-18,Success
19753,2367,11432,2022-03-18,Success
52302,672,27158,2022-03-13,Success
21215,2790,10191,2023-01-05,Success
27229,800,37789,2022-05-28,Success
4785,840,884,2022-11-28,Success
10852,1533,25141,2022-04-25,Cancelled by the passenger
21471,2355,4194,2022-04-02,Success
24007,2644,31916,2023-01-08,Success
22014,2040,11051,2022-10-25,Success
32671,1114,8564,2023-03-29,Success
43700,2755,33361,2022-12-11,Success
542,564,31867,2022-06-10,Success
5396,510,12922,2022-08-20,Success
4461,1209,7666,2022-08-24,Success
5133,1584,24872,2022-10-23,Rejected by the driver
15251,592,26493,2023-03-11,Rejected by the driver
49087,2353,1368,2022-12-17,Success
47648,296,9723,2022-08-08,Success
52975,2856,12243,2022-09-05,Success
37251,1976,24079,2022-06-16,Success
18636,2648,9822,2022-05-19,Rejected by the driver
25868,2635,24128,2023-03-22,Success
11999,518,36013,2022-08-03,Success
4816,765,29453,2022-08-06,Success
31556,218,17325,2022-09-17,Success
33350,2561,3319,2022-11-25,Success
17298,2138,34992,2022-08-14,Success
15106,1216,5402,2022-04-06,Success
9162,2381,56,2022-10-08,Success
32728,959,2644,2022-07-30,Success
130,249,37856,2023-04-14,Success
27324,2176,2169,2023-02-22,Success
44390,526,23216,2023-04-15,Success
24260,1735,21618,2023-03-06,Cancelled by the passenger
1160,2322,11882,2023-01-13,Success
54790,1191,5020,2022-11-20,Success
49847,1986,8622,2022-08-24,Success
29497,2383,7830,2022-04-03,Cancelled by the passenger
12737,1429,38296,2023-04-11,Success
53887,1853,39077,2022-08-06,Success
53541,1603,7358,2022-09-08,Success
56382,2030,31388,2022-05-01,Success
49444,519,24392,2022-09-05,Success
59707,2889,18843,2022-09-23,Success
28214,1262,39975,2022-06-27,Rejected by the driver
44702,1819,4846,2023-03-19,Success
43380,510,38852,2022-08-29,Success
8182,2274,3554,2023-03-29,Cancelled by the passenger
56241,1518,17605,2022-04-13,Success
40208,2613,12054,2022-04-29,Rejected by the driver
29825,2048,27796,2023-02-15,Success
11872,2752,3028,2022-09-18,Success
48761,1354,25798,2022-04-21,Success
19259,490,17587,2022-10-12,Success
13218,916,7172,2022-08-26,Cancelled by the passenger
41552,1287,26158,2022-08-23,Success
2257,1303,16929,2023-04-09,Success
20094,1636,28170,2022-03-23,Success
19005,2877,8151,2023-01-18,Success
44752,158,14247,2022-05-30,Success
22359,2542,30823,2022-09-08,Rejected by the driver
38538,100,33816,2022-07-11,Success
18303,2717,28647,2022-11-21,Success
7903,1275,4729,2022-08-18,Success
41692,2667,7771,2023-01-25,Success
1948,600,26005,2022-09-04,Success
57248,786,19204,2022-12-08,Success
39980,2905,27996,2022-06-09,Rejected by the driver
4416,549,36397,2022-11-17,Success
16902,2048,21044,2022-08-14,Success
12507,1660,30029,2023-03-28,Rejected by the driver
44304,537,6719,2022-07-28,Rejected by the driver
30277,775,19083,2022-04-29,Success
3362,1606,25923,2022-10-24,Success
17277,2820,21607,2023-03-24,Success
38316,1366,6409,2022-08-31,Success
22409,133,37203,2022-08-20,Rejected by the driver
50889,763,7481,2022-10-31,Success
59074,140,19846,2022-05-15,Success
22381,2998,37697,2023-03-30,Success
18482,57,27345,2022-03-29,Cancelled by the passenger
22783,1400,5326,2022-10-14,Success
3258,878,12461,2022-11-30,Cancelled by the passenger
23726,750,19392,2022-11-10,Success
38933,1086,38701,2022-06-03,Success
13625,545,15244,2022-03-14,Success
48570,2198,11389,2022-08-06,Success
26359,831,6071,2022-07-23,Success
8670,1512,9913,2023-01-06,Rejected by the driver
11209,2645,38358,2023-01-23,Success
49705,586,3533,2023-02-28,Cancelled by the passenger
2533,824,10600,2022-05-05,Success
5023,898,38826,2022-05-22,Success
33718,2994,15079,2022-09-08,Success
10538,1932,8882,2023-04-05,Cancelled by the passenger
46274,1754,25466,2022-10-08,Success
10433,882,28097,2022-03-26,Success
59085,2168,28624,2022-09-29,Success
46481,521,10859,2022-11-26,Success
26614,8,32419,2022-12-14,Cancelled by the passenger
44328,2453,36055,2022-10-09,Success
11648,1794,20638,2023-01-31,Rejected by the driver
1918,1655,14326,2022-06-08,Cancelled by the passenger
58496,2692,5699,2022-09-24,Cancelled by the passenger
12989,1709,32130,2023-01-21,Success
55673,310,30163,2022-10-04,Success
44587,1320,34220,2023-01-25,Success
20643,1629,7092,2022-04-30,Success
19893,1327,31761,2022-05-18,Success
20426,2846,7278,2022-05-12,Cancelled by the passenger
10386,1372,15952,2022-10-31,Success
2235,539,23974,2022-08-16,Success
46315,800,9932,2022-07-13,Success
7639,580,26514,2022-07-04,Success
36016,2517,8527,2022-08-29,Success
13353,2640,3939,2022-10-21,Success
54805,1728,39867,2022-05-18,Success
31108,1735,26229,2022-10-18,Success
43043,231,27874,2022-07-01,Success
15633,2213,7234,2022-03-24,Success
57624,1610,6929,2023-01-03,Cancelled by the passenger
27060,2797,13554,2022-12-11,Success
6215,2117,10316,2023-01-14,Rejected by the driver
30187,2570,18485,2022-07-10,Success
12954,540,20476,2022-12-04,Cancelled by the passenger
12244,348,38111,2022-07-08,Success
50757,564,17324,2023-03-18,Success
15855,1826,36876,2023-02-20,Success
35566,52,36701,2023-04-05,Success
59279,203,20632,2022-09-10,Rejected by the driver
5743,1271,22748,2023-01-15,Rejected by the driver
32975,2369,561,2022-11-07,Cancelled by the passenger
23420,2097,5311,2022-06-11,Success
18452,636,4430,2022-03-19,Success
50881,879,31999,2022-12-28,Success
9569,913,959,2022-10-24,Success
20135,1987,2173,2022-08-06,Success
51023,2830,3136,2022-05-13,Success
25354,383,27731,2022-05-07,Cancelled by the passenger
43968,2167,10311,2022-07-11,Rejected by the driver
48626,1196,26990,2022-10-22,Cancelled by the passenger
11956,1345,25651,2022-08-01,Success
6793,549,35860,2022-12-01,Success
38386,517,7553,2023-04-02,Rejected by the driver
40295,364,11974,2022-05-15,Success
231,528,35052,2022-05-17,Rejected by the driver
25202,2841,20585,2023-04-05,Cancelled by the passenger
24502,1461,27678,2022-12-17,Success
21104,2403,5413,2022-03-27,Success
51992,2168,20074,2022-05-06,Success
11210,1793,22188,2023-01-22,Cancelled by the passenger
55514,45,10773,2023-01-18,Success
20436,465,35526,2022-12-07,Success
58093,878,4471,2023-02-13,Rejected by the driver
14120,1932,32662,2022-11-26,Success
41568,914,35292,2022-06-03,Success
6858,674,10098,2023-01-31,Success
23294,2310,25037,2022-04-15,Success
26103,1349,37802,2023-03-02,Success
48756,2892,9304,2022-10-04,Success
59678,1242,9385,2022-11-29,Success
59910,1891,34267,2022-11-01,Success
23543,2096,35126,2022-12-09,Rejected by the driver
2783,1560,36761,2022-04-12,Rejected by the driver
40003,601,29408,2022-11-16,Success
7746,1881,35106,2022-06-09,Success
16612,501,20316,2022-08-14,Success
28295,2163,23910,2022-04-10,Success
27306,640,23842,2022-12-21,Success
7010,1658,35955,2022-07-10,Rejected by the driver
44707,2057,24232,2022-04-15,Success
45070,14,10339,2022-09-14,Rejected by the driver
50116,840,39158,2022-09-27,Success
15783,2705,23496,2022-06-27,Success
28426,1133,18317,2022-06-26,Success
2862,2170,39087,2022-08-19,Success
37022,244,1761,2023-02-08,Cancelled by the passenger
33847,1327,14099,2022-11-03,Success
37895,2373,16847,2022-09-17,Success
57803,2517,33631,2022-11-23,Success
750,150,3335,2023-01-29,Success
14071,330,16020,2022-08-22,Success
48641,1768,3302,2022-07-13,Success
44356,1634,34810,2022-09-16,Success
47250,173,28610,2023-01-25,Success
30736,1581,21236,2022-06-23,Cancelled by the passenger
48438,978,23473,2022-10-02,Success
16950,1540,7034,2023-01-23,Success
38758,2451,24701,2022-11-15,Success
31009,2290,24903,2023-01-05,Success
17250,276,28403,2023-01-15,Success
4574,475,3316,2022-11-22,Success
31253,1535,31853,2023-03-07,Success
33721,305,10470,2023-01-27,Rejected by the driver
43218,484,2883,2022-07-23,Success
21413,1329,17891,2022-06-09,Rejected by the driver
55440,2116,33166,2022-04-12,Success
1898,2849,16588,2023-04-02,Rejected by the driver
40329,2716,25398,2022-06-23,Success
28070,990,33937,2022-09-03,Success
43965,1946,37419,2022-10-26,Success
12192,2052,33307,2022-11-03,Success
25938,2262,21684,2023-01-27,Success
29192,1488,16048,2022-03-27,Success
30488,1461,16224,2022-06-13,Rejected by the driver
54975,1838,23874,2022-04-19,Success
33581,129,25800,2023-01-02,Cancelled by the passenger
59708,2673,9570,2022-11-14,Success
18968,1958,27989,2023-03-31,Rejected by the driver
57239,331,23576,2023-01-12,Success
25044,2342,5140,2022-10-27,Success
37391,1569,27604,2022-11-21,Rejected by the driver
11777,2385,36800,2022-12-24,Success
13705,2887,32682,2022-11-20,Success
45200,1750,10809,2022-07-14,Success
1164,2965,12441,2022-04-27,Rejected by the driver
51445,526,23562,2022-10-06,Success
14349,993,34478,2022-09-06,Success
4112,1907,23316,2022-10-21,Rejected by the driver
55360,1546,28383,2022-05-27,Success
18641,1226,11069,2022-11-12,Rejected by the driver
30749,1812,32919,2022-12-21,Success
14493,2682,6633,2023-03-23,Success
28405,2008,9194,2022-12-22,Success
56301,1414,3424,2022-11-26,Success
21819,736,32978,2022-11-15,Success
21306,142,19754,2022-10-06,Success
51841,2801,21528,2022-07-09,Cancelled by the passenger
12428,2285,37116,2023-03-24,Success
55399,2083,35009,2023-03-14,Success
38268,866,21322,2023-01-29,Success
16755,576,18823,2023-04-10,Success
43879,188,27027,2023-03-24,Rejected by the driver
48002,2555,30363,2022-10-25,Success
52476,887,3758,2023-04-11,Rejected by the driver
17274,1388,4625,2022-06-01,Cancelled by the passenger
17966,485,25011,2022-03-24,Success
2066,1263,11080,2022-12-12,Success
57699,584,30541,2022-09-21,Success
58635,462,32186,2023-02-06,Success
23297,563,3870,2022-04-24,Rejected by the driver
33915,2820,26698,2023-01-16,Cancelled by the passenger
13913,1993,31136,2023-01-19,Success
10237,176,5407,2023-01-21,Success
26542,230,15608,2022-11-28,Success
2469,450,30482,2022-07-31,Success
33526,969,33342,2023-03-26,Success
29938,2926,12047,2022-08-28,Cancelled by the passenger
30568,213,25962,2022-11-07,Rejected by the driver
43397,2550,33202,2022-12-26,Success
27033,967,39438,2022-10-02,Success
9117,2337,27412,2022-04-06,Rejected by the driver
57989,1727,10154,2022-05-16,Cancelled by the passenger
45494,2843,5238,2023-04-09,Success
51478,2809,1962,2023-01-27,Success
13749,1340,28751,2023-01-08,Success
12138,1421,29519,2022-07-17,Success
55372,2258,16582,2022-07-31,Success
29126,100,36097,2022-03-31,Success
3431,2324,18517,2022-12-31,Rejected by the driver
30723,2028,16410,2022-09-19,Cancelled by the passenger
22079,19,23619,2023-01-06,Rejected by the driver
28039,1158,12434,2022-08-06,Success
2157,2188,27192,2022-11-26,Success
33870,1201,27184,2022-09-06,Success
23445,250,11682,2023-01-01,Success
32726,2929,7814,2022-12-08,Rejected by the driver
13863,2649,34362,2022-12-21,Rejected by the driver
49827,1369,14505,2022-05-28,Success
16570,2349,11485,2022-06-30,Success
24406,689,8703,2022-03-22,Success
39659,606,7269,2022-07-29,Rejected by the driver
8262,2776,28612,2022-08-16,Success
45667,2052,4648,2022-06-29,Success
5437,2698,22918,2022-04-15,Success
44138,2093,27189,2022-05-22,Cancelled by the passenger
15482,692,31384,2022-06-28,Success
58006,538,29645,2022-07-01,Cancelled by the passenger
31820,1356,16990,2023-03-10,Success
24216,862,37476,2022-03-17,Success
19469,360,10304,2022-05-26,Success
40696,88,5482,2023-01-11,Success
37823,2593,23482,2022-09-16,Success
41840,2761,28217,2023-02-05,Success
28946,1896,24698,2022-11-28,Success
25805,1066,5289,2022-06-04,Success
29367,1644,9597,2023-01-08,Success
30557,1838,13215,2022-08-21,Success
13870,2844,23004,2023-04-12,Success
12779,2462,3225,2022-07-12,Success
10028,1759,7062,2023-03-24,Rejected by the driver
3286,2916,30388,2022-06-19,Success
20895,642,33556,2022-06-20,Success
3978,594,33541,2023-02-15,Success
14612,2438,1863,2022-09-13,Success
11726,2576,34276,2022-11-29,Success
47606,1899,22733,2022-08-14,Success
33545,719,1875,2022-10-15,Success
6976,1185,25780,2022-07-31,Success
21027,328,32077,2023-02-26,Success
39930,1803,27628,2023-02-13,Success
16256,2208,31671,2022-05-05,Success
58472,2930,30049,2022-12-11,Success
5115,556,34541,2022-08-01,Success
31312,488,18474,2022-09-12,Success
51392,1915,17239,2022-08-06,Success
6431,1916,3357,2023-02-02,Success
45532,1347,1553,2022-11-13,Success
26565,1964,15551,2023-02-11,Rejected by the driver
47940,543,5704,2022-07-02,Success
13375,728,18761,2022-12-05,Cancelled by the passenger
56114,2546,36991,2023-01-03,Rejected by the driver
30415,360,7042,2022-05-21,Cancelled by the passenger
55174,2020,38130,2022-05-01,Rejected by the driver
20995,1176,11434,2022-04-30,Success
14587,494,2431,2023-01-24,Success
29064,1206,27285,2022-11-08,Rejected by the driver
15145,2297,32004,2022-06-05,Success
1489,1376,3128,2023-01-25,Success
9729,588,7635,2023-04-09,Cancelled by the passenger
37717,1479,21417,2022-12-26,Rejected by the driver
58132,2977,19658,2023-04-09,Success
36275,2430,32831,2022-08-20,Success
32393,2498,32726,2023-04-13,Cancelled by the passenger
3184,2835,34084,2023-02-17,Success
38730,2933,27977,2022-05-19,Success
1146,679,18304,2022-03-23,Success
2749,159,6240,2022-08-03,Success
32582,1441,39814,2023-02-06,Success
23944,1426,7509,2022-06-30,Success
1263,1800,32957,2022-08-19,Success
57469,2647,24254,2022-06-24,Success
10166,2707,30512,2022-06-05,Rejected by the driver
18386,1281,5774,2023-02-08,Rejected by the driver
44709,272,9388,2022-05-17,Rejected by the driver
31238,759,5836,2022-11-02,Cancelled by the passenger
14378,432,18300,2023-03-03,Rejected by the driver
53250,1629,35126,2022-05-09,Success
5205,1471,33252,2022-06-19,Success
9514,1012,30516,2022-09-16,Success
54428,636,34500,2022-03-16,Success
29266,882,31957,2022-08-12,Success
8173,1592,25732,2022-04-02,Success
9876,1290,2291,2022-07-11,Cancelled by the passenger
20903,2919,31075,2022-06-02,Success
10566,2704,32150,2022-05-17,Success
14303,1172,25195,2022-08-03,Success
43480,2986,7519,2022-06-15,Success
25994,460,4927,2022-12-20,Success
44156,2074,9850,2022-08-15,Success
31241,1127,33060,2022-05-19,Success
4374,2741,15897,2023-01-06,Success
41633,2939,28215,2022-05-09,Success
56254,1005,17497,2022-07-09,Success
2693,2064,24082,2022-06-17,Success
41433,1987,6460,2022-10-30,Success
53824,1091,29965,2022-06-17,Success
44900,859,35712,2022-06-10,Success
5222,2766,34102,2023-02-09,Success
21183,2319,17112,2022-10-19,Rejected by the driver
1099,2085,13766,2022-05-15,Cancelled by the passenger
57101,1814,2948,2022-05-03,Success
49966,2402,26902,2022-12-29,Success
21580,1759,10519,2022-08-31,Success
1302,389,19029,2022-07-25,Rejected by the driver
11173,2499,18394,2022-08-21,Success
16366,2506,24567,2022-09-21,Cancelled by the passenger
43112,1665,30446,2022-06-06,Success
41838,1485,34312,2022-07-11,Success
22088,1938,1858,2022-04-12,Cancelled by the passenger
27626,1216,39073,2022-04-22,Success
67,2155,16957,2023-01-20,Success
10347,2182,30058,2022-04-19,Success
12936,1844,37962,2022-10-27,Cancelled by the passenger
56995,754,22177,2022-04-20,Rejected by the driver
35339,909,34630,2022-08-08,Success
50278,23,29635,2022-12-20,Success
44552,2351,1932,2022-08-16,Success
6475,2834,39163,2022-12-05,Success
3183,2065,8344,2023-02-26,Success
3433,2525,24373,2022-03-16,Success
22322,2958,31837,2022-04-06,Success
56256,1463,10718,2022-08-22,Success
52594,1686,16041,2022-07-18,Success
12610,1123,31787,2022-11-11,Success
49915,797,20150,2022-04-17,Success
38719,2286,36193,2022-09-06,Success
52974,2756,32948,2022-10-05,Success
51846,510,37999,2023-04-13,Success
49620,547,12133,2022-12-28,Success
5681,1256,39200,2022-06-19,Success
16862,588,19890,2022-12-03,Success
14673,122,39872,2022-04-13,Success
28839,628,38930,2022-06-30,Rejected by the driver
36557,1664,29510,2022-03-17,Success
19875,1702,8046,2023-02-24,Success
704,1992,36131,2022-12-23,Success
18205,1993,3237,2022-09-25,Success
54902,2029,20629,2023-04-09,Success
30125,2447,37252,2022-07-31,Rejected by the driver
14435,1255,11620,2022-08-01,Success
21981,1393,26113,2022-11-22,Success
5027,1906,29432,2023-01-15,Success
32704,2264,38632,2023-01-04,Cancelled by the passenger
1314,1090,38371,2022-06-23,Success
42055,560,4928,2022-12-07,Success
51709,1441,22142,2022-12-24,Rejected by the driver
5156,1842,7679,2023-01-13,Success
22566,1819,5295,2022-07-13,Success
15296,1253,9622,2023-04-14,Cancelled by the passenger
52274,1094,13153,2022-07-11,Cancelled by the passenger
9048,82,29099,2022-12-05,Rejected by the driver
11850,2077,21635,2023-01-09,Rejected by the driver
33159,2552,19031,2022-11-20,Success
39762,2163,18885,2022-10-28,Success
12050,1295,33093,2022-12-11,Rejected by the driver
46826,2208,14480,2022-08-27,Success
7990,601,18269,2022-06-28,Success
1459,805,25919,2022-09-02,Success
19748,2013,38535,2022-10-31,Success
15879,510,31943,2022-10-23,Success
5153,1667,32715,2022-03-19,Success
10547,69,22359,2022-12-14,Success
33782,2546,13015,2022-10-27,Rejected by the driver
42255,198,29729,2023-03-31,Success
33601,2418,751,2022-11-10,Success
2570,657,18032,2022-03-21,Cancelled by the passenger
57884,1368,29239,2022-12-26,Success
51475,268,37657,2023-04-02,Success
51784,2797,6211,2022-11-18,Success
24117,919,39195,2022-07-04,Success
24962,1737,8296,2022-06-23,Success
58185,2727,19890,2022-04-06,Success
36061,1926,5666,2022-05-05,Success
49121,2948,10986,2022-11-16,Rejected by the driver
18558,1229,30626,2022-03-18,Success
57000,1277,8766,2022-09-19,Success
59985,2610,12099,2022-12-18,Rejected by the driver
50864,2255,28102,2023-01-27,Success
2584,2542,31230,2023-01-03,Rejected by the driver
4830,2550,13128,2022-09-30,Success
11845,1353,38283,2022-09-26,Success
42029,703,26093,2022-08-17,Success
7047,711,11738,2022-03-16,Success
47449,2073,36576,2022-07-14,Success
18617,448,38683,2022-11-09,Success
29118,461,10617,2022-09-09,Success
6191,105,13930,2023-03-25,Success
7738,23,18432,2023-01-25,Success
53907,1616,7126,2022-04-05,Success
50567,2139,33231,2022-04-17,Success
27171,1055,17302,2022-05-22,Rejected by the driver
19619,775,6275,2023-03-25,Success
43369,1205,8276,2022-06-18,Success
33972,310,27295,2022-05-28,Success
3260,2364,1989,2022-12-22,Success
13103,1561,38327,2023-03-20,Success
27591,2691,22712,2022-12-04,Cancelled by the passenger
9365,589,35039,2022-07-30,Success
32646,1942,39798,2022-12-30,Success
24921,1718,30775,2022-10-07,Success
38710,1791,9106,2022-11-05,Success
10146,564,20815,2023-02-14,Success
57639,2557,4390,2022-11-05,Success
28820,267,19899,2022-05-11,Success
51282,1354,24169,2022-11-08,Success
36591,622,25226,2022-05-05,Success
53391,999,39094,2022-12-17,Success
5629,1836,20359,2022-11-01,Cancelled by the passenger
29202,892,6618,2023-01-31,Rejected by the driver
42251,641,34845,2022-07-31,Cancelled by the passenger
5703,2535,31,2022-07-28,Rejected by the driver
48536,1637,18842,2023-01-03,Success
48741,1702,23484,2022-09-13,Success
37085,2053,36758,2023-02-05,Success
34909,1882,20827,2022-12-24,Cancelled by the passenger
27912,1320,39571,2022-11-05,Success
31470,2555,38746,2022-09-28,Success
31681,2547,23914,2023-03-25,Success
7985,1178,39876,2022-10-28,Cancelled by the passenger
47988,314,7305,2022-04-09,Success
43608,1251,12769,2022-04-10,Success
27128,126,29100,2022-04-07,Success
12191,2577,23681,2023-02-03,Success
14144,1828,28060,2022-07-23,Success
56733,1324,15181,2022-09-28,Success
48923,2707,27834,2022-06-02,Success
7803,2854,5702,2023-02-01,Success
53191,1425,38586,2022-04-05,Success
27204,2515,37077,2023-03-19,Cancelled by the passenger
34665,951,16574,2022-09-16,Success
2358,1219,5693,2023-02-19,Success
41706,2305,3599,2022-08-09,Success
16911,2526,18724,2022-04-28,Success
55211,2323,31228,2023-03-18,Success
22390,906,6765,2023-01-09,Success
7103,579,1739,2022-03-13,Success
23698,2482,34304,2023-02-27,Rejected by the driver
26699,1835,16450,2022-12-27,Cancelled by the passenger
15022,2415,24008,2022-06-22,Success
20989,267,4045,2022-11-26,Success
5337,1749,21192,2023-02-19,Success
4848,366,23645,2022-10-25,Success
33573,212,29096,2023-02-13,Success
18683,1881,18452,2022-11-09,Rejected by the driver
14998,2383,19183,2022-03-15,Success
32591,1655,31432,2022-07-08,Success
54143,361,21851,2022-09-12,Success
43616,1705,13729,2022-04-27,Success
20067,2853,32207,2023-04-15,Success
30056,1235,10073,2022-08-08,Success
20499,985,25324,2022-04-23,Success
19650,1304,24970,2022-10-09,Success
11954,1189,8553,2022-09-17,Rejected by the driver
54928,1931,18108,2022-08-26,Success
26267,1341,29448,2023-03-31,Success
17283,1621,27008,2022-07-07,Success
29747,780,34618,2022-08-05,Success
17010,410,19151,2022-04-26,Success
39616,1634,20105,2022-07-20,Rejected by the driver
59766,1006,9108,2022-03-12,Rejected by the driver
24534,2744,38052,2022-03-16,Success
27106,626,12717,2022-05-31,Success
27279,2753,39119,2023-03-25,Cancelled by the passenger
40148,2137,24220,2023-02-03,Success
45185,554,9321,2022-12-31,Cancelled by the passenger
28378,1196,21537,2023-03-22,Success
45777,1323,16814,2023-02-25,Success
23681,986,5836,2022-08-01,Success
10006,1329,15020,2023-03-14,Success
22889,746,35951,2022-09-30,Success
37825,889,9050,2022-04-22,Success
52312,137,123,2023-01-10,Cancelled by the passenger
28136,1776,27206,2022-05-21,Success
45515,2002,10472,2022-09-23,Success
13620,1409,12086,2023-03-25,Rejected by the driver
46266,1342,25366,2023-02-17,Rejected by the driver
363,2986,20248,2022-09-20,Success
32118,1232,928,2023-03-10,Rejected by the driver
25372,366,31905,2022-06-10,Success
5280,2802,33732,2022-10-20,Success
45089,90,29891,2022-04-08,Cancelled by the passenger
23105,2789,32240,2022-04-25,Cancelled by the passenger
41322,2028,16825,2022-03-19,Rejected by the driver
15781,958,39784,2022-11-21,Rejected by the driver
21251,1586,8761,2022-08-25,Success
52168,2317,36366,2022-04-28,Rejected by the driver
56755,2998,32458,2022-11-21,Success
18226,2993,7071,2022-09-08,Success
14453,305,33744,2022-09-10,Success
29050,376,36594,2022-03-20,Success
3740,628,25934,2022-06-30,Success
20524,672,29679,2023-03-02,Success
46151,2547,6450,2022-03-27,Success
11500,2987,12928,2022-10-10,Cancelled by the passenger
22185,876,28361,2023-01-03,Success
30638,1558,35844,2022-10-03,Rejected by the driver
50769,1576,26943,2022-06-02,Success
1321,1711,26385,2022-10-15,Success
46066,677,1600,2022-03-12,Success
48941,921,15847,2023-03-15,Success
46127,54,20785,2022-09-07,Cancelled by the passenger
52250,1055,2765,2022-05-26,Success
37651,949,27351,2022-06-24,Rejected by the driver
8573,1521,17955,2022-09-21,Success
39252,2915,34955,2022-11-03,Cancelled by the passenger
22495,2934,11624,2023-03-14,Success
26039,2555,1895,2023-04-01,Success
39498,797,6798,2022-09-29,Success
5800,2822,11246,2022-08-12,Success
40154,1412,9655,2022-06-08,Success
12757,518,34893,2022-06-24,Success
59,1900,36154,2023-04-03,Rejected by the driver
36255,2651,27019,2022-09-22,Cancelled by the passenger
49230,784,12933,2022-11-25,Success
20293,2864,15742,2023-03-21,Success
14456,2919,37590,2022-08-20,Rejected by the driver
36074,1349,23347,2022-04-04,Success
40662,549,4645,2023-02-07,Rejected by the driver
14041,821,35742,2022-12-30,Success
6827,2155,14652,2023-02-26,Success
33166,1203,11621,2022-06-26,Success
46525,2193,16563,2022-05-27,Success
32854,1172,39412,2022-12-05,Rejected by the driver
9274,2464,37829,2022-05-07,Rejected by the driver
36565,827,28308,2022-03-13,Success
32125,927,12746,2022-05-15,Success
7102,2797,32766,2022-07-09,Success
49019,906,7194,2022-07-06,Success
40691,455,13205,2023-03-20,Rejected by the driver
5627,2427,35234,2023-02-06,Success
23126,901,38490,2022-12-13,Cancelled by the passenger
19212,1578,1084,2022-10-02,Success
11582,1169,21979,2022-11-30,Success
27268,2330,25005,2023-01-24,Success
50725,2630,39121,2022-06-01,Rejected by the driver
27950,275,10169,2022-04-20,Success
33531,206,36173,2022-04-13,Cancelled by the passenger
19646,1869,26512,2023-02-08,Success
34684,327,32449,2022-11-29,Rejected by the driver
44993,19,17932,2023-01-17,Success
27579,88,7661,2022-08-08,Success
47948,789,18976,2022-09-24,Success
10822,2909,2988,2022-09-11,Success
44833,1734,21532,2023-02-18,Success
56511,309,5716,2022-05-25,Success
11455,2454,7849,2023-02-21,Success
14868,1444,19214,2022-06-24,Success
20836,546,25255,2023-03-25,Success
59522,229,21330,2022-06-11,Success
22599,2205,32698,2022-08-22,Success
50424,2048,32572,2022-05-18,Rejected by the driver
22606,2102,17918,2022-07-02,Success
16301,1925,33482,2022-04-27,Success
50450,106,37388,2022-04-02,Success
5416,1203,39172,2022-09-07,Success
24981,182,28564,2023-01-26,Success
30011,65,4812,2022-08-17,Success
42114,381,18564,2023-02-13,Success
22170,56,6398,2023-02-24,Success
49005,1596,39759,2022-05-29,Success
30765,2146,22592,2022-06-09,Success
2860,2228,39452,2022-10-11,Success
12477,2105,15021,2022-11-22,Rejected by the driver
23426,1137,37585,2022-08-03,Cancelled by the passenger
6367,2216,14297,2023-01-18,Success
27844,2730,23313,2022-09-26,Rejected by the driver
27999,2382,39631,2022-08-22,Success
12352,1464,22836,2022-03-21,Cancelled by the passenger
24347,1400,10738,2022-07-20,Success
54710,969,32256,2022-07-04,Success
30139,2988,6103,2022-06-29,Cancelled by the passenger
18397,508,10829,2022-06-02,Success
53579,1746,24891,2022-06-03,Success
54125,696,16425,2023-03-03,Success
46012,432,30404,2023-03-16,Success
27446,2073,22885,2023-03-30,Success
57657,2460,14640,2023-02-11,Success
38129,1121,19785,2023-04-13,Cancelled by the passenger
23315,1019,2891,2023-01-02,Cancelled by the passenger
21967,2580,20162,2023-01-29,Success
55803,2890,10836,2022-06-07,Cancelled by the passenger
3559,1634,38977,2022-07-16,Success
47128,2720,28965,2022-03-27,Cancelled by the passenger
22561,2155,35406,2022-12-25,Success
25564,1327,32056,2022-12-22,Rejected by the driver
51148,1064,14555,2022-08-06,Cancelled by the passenger
57363,395,5058,2022-10-04,Success
57983,2554,32692,2022-11-29,Rejected by the driver
24618,1260,21048,2022-04-08,Success
8117,821,10648,2023-01-29,Success
13050,333,9507,2022-06-29,Success
23330,1265,38853,2022-09-10,Success
41670,2737,25446,2023-03-28,Success
57827,2991,7584,2022-06-20,Success
34655,1224,9941,2022-07-07,Success
48817,110,6374,2023-02-16,Success
58553,1459,8226,2022-12-02,Success
28742,152,10063,2023-03-18,Rejected by the driver
12710,186,1335,2023-03-01,Success
7581,1026,28786,2022-09-15,Cancelled by the passenger
20031,2063,39626,2022-03-23,Success
36786,289,366,2022-10-05,Success
31096,2117,38503,2022-05-22,Success
22496,1698,28586,2022-05-19,Success
43910,1206,17334,2022-05-09,Success
52729,1928,34377,2022-04-24,Success
31630,2422,35103,2022-03-20,Success
560,26,14117,2023-03-31,Cancelled by the passenger
44183,1720,21897,2022-12-27,Success
34807,613,3107,2022-12-11,Success
16094,2697,13968,2022-07-30,Success
56894,2288,26267,2022-08-05,Cancelled by the passenger
43339,2071,4666,2022-07-13,Success
40575,292,39376,2022-07-25,Success
26757,1314,3660,2023-02-20,Success
30059,344,10687,2022-10-14,Success
7269,727,13608,2022-07-16,Success
378,234,32302,2022-03-26,Success
17359,2637,36539,2022-06-28,Success
892,2035,38506,2022-04-21,Rejected by the driver
37013,1236,22796,2022-10-19,Cancelled by the passenger
21884,891,22418,2023-03-06,Success
54748,2924,26084,2022-11-11,Success
52446,1461,36118,2022-10-27,Success
8451,1436,34850,2022-05-31,Success
7294,226,11963,2023-02-03,Rejected by the driver
49855,1213,8953,2022-06-25,Success
51786,562,23842,2022-05-23,Cancelled by the passenger
59404,2076,21705,2022-11-26,Success
9692,2328,10467,2022-08-08,Rejected by the driver
291,2589,36942,2023-01-21,Success
50923,2836,29818,2023-02-27,Success
40343,2350,10614,2022-11-20,Success
55892,1286,13571,2022-03-24,Cancelled by the passenger
42257,393,37964,2023-03-21,Success
11346,2055,35107,2022-07-08,Success
53904,1144,6161,2023-02-16,Success
5927,2220,19962,2022-07-14,Success
14008,115,23426,2022-11-19,Success
27413,1151,27520,2023-01-23,Success
28985,1754,36722,2022-11-25,Success
41666,958,24217,2022-09-27,Rejected by the driver
25918,2036,8083,2022-12-29,Success
42638,2824,18066,2022-05-12,Success
6023,240,23740,2022-04-25,Success
21749,2090,12688,2022-03-16,Success
9266,1249,37299,2022-05-05,Success
13388,1555,31427,2022-12-18,Success
1835,559,10852,2022-03-27,Success
9821,394,39897,2022-08-04,Rejected by the driver
36586,951,10370,2023-02-26,Success
36491,1797,2327,2022-04-02,Success
48784,1327,772,2023-01-23,Success
2747,114,3143,2022-07-09,Success
19950,1541,31410,2023-02-23,Success
1125,2958,7866,2022-09-10,Success
20683,2551,17163,2022-06-23,Success
52014,2647,20212,2022-07-08,Cancelled by the passenger
16720,895,7616,2023-03-13,Success
53096,1758,10347,2022-12-25,Success
12579,1665,36534,2022-10-11,Success
3039,1557,7771,2023-03-12,Success
7211,1894,5993,2022-10-02,Rejected by the driver
39483,262,22138,2023-02-24,Cancelled by the passenger
39745,2791,36837,2022-03-26,Success
58689,1980,6944,2022-07-08,Success
25988,1567,31203,2022-09-29,Success
5605,624,17504,2022-11-18,Success
47922,2070,33083,2022-09-23,Success
54837,331,26915,2022-07-17,Success
39163,2069,15129,2023-01-17,Cancelled by the passenger
42066,192,32685,2022-06-02,Cancelled by the passenger
37450,813,15388,2023-01-20,Cancelled by the passenger
51968,693,22324,2022-09-18,Success
54028,457,15274,2023-01-12,Success
22559,1590,17599,2022-11-22,Success
48051,1675,38935,2022-09-23,Success
15645,749,15173,2022-08-10,Success
16533,1747,29473,2023-02-02,Success
18291,2019,7929,2022-07-10,Success
24715,666,4016,2022-06-07,Rejected by the driver
30067,247,19672,2023-04-15,Rejected by the driver
27147,2071,12153,2022-08-30,Success
56411,1610,3557,2022-12-05,Success
51162,2368,38706,2022-08-03,Rejected by the driver
15143,487,26922,2023-03-05,Success
14582,925,17470,2022-03-27,Cancelled by the passenger
43877,1224,38602,2023-02-20,Success
48886,10,35716,2022-09-07,Success
55137,1534,24334,2022-11-11,Success
55089,2662,21065,2022-09-21,Success
33511,23,19904,2022-05-23,Success
10491,555,10682,2022-12-14,Success
31970,1123,36857,2022-07-29,Rejected by the driver
36875,55,29621,2022-09-03,Rejected by the driver
52463,2431,10856,2022-11-04,Success
9349,2726,18225,2022-05-01,Success
30453,1460,22568,2022-10-05,Cancelled by the passenger
46816,1556,11718,2022-05-01,Cancelled by the passenger
22653,2169,39144,2022-04-11,Success
54398,511,16104,2023-04-14,Success
47823,913,39086,2022-06-09,Success
35070,2367,23114,2023-03-10,Cancelled by the passenger
24891,2646,38249,2022-05-12,Rejected by the driver
19594,736,10244,2022-11-02,Success
48950,2882,16274,2023-04-07,Success
23749,2552,14854,2023-02-25,Success
49507,1054,29082,2023-04-06,Cancelled by the passenger
12134,2781,8811,2022-12-17,Rejected by the driver
57176,320,2467,2022-04-26,Success
14502,1536,2382,2022-12-05,Cancelled by the passenger
27911,2339,13357,2023-01-24,Success
59827,1778,21750,2023-03-27,Success
23004,2800,23172,2022-10-12,Success
46912,11,6986,2022-07-26,Rejected by the driver
35208,549,30850,2022-12-22,Success
14856,995,19341,2022-09-07,Success
10396,2591,16642,2022-07-13,Success
17791,2134,12661,2023-02-06,Success
58250,1388,17076,2022-05-12,Success
45558,2036,7599,2022-06-25,Success
36354,1072,20318,2022-03-22,Success
54102,745,23849,2022-06-23,Success
33752,2986,16294,2022-10-23,Cancelled by the passenger
15575,8,18960,2023-01-07,Success
50053,1549,13684,2022-08-11,Rejected by the driver
6141,1543,17505,2022-07-16,Success
17004,2268,30375,2022-11-09,Success
31817,2769,30627,2022-04-02,Success
3756,2449,25905,2022-08-18,Rejected by the driver
30266,1150,14033,2022-11-24,Cancelled by the passenger
12717,1000,11023,2022-04-07,Success
4882,1681,26695,2023-03-07,Success
52142,437,21268,2023-03-04,Cancelled by the passenger
6908,2812,28624,2023-02-28,Success
55314,2504,30939,2023-03-28,Success
23567,2793,13308,2022-04-24,Success
28205,737,34408,2022-11-18,Success
4167,1520,34284,2022-12-29,Success
4977,2419,11974,2022-09-10,Success
2302,2321,20635,2022-06-25,Cancelled by the passenger
35073,720,5364,2022-06-15,Success
53548,2757,14779,2022-10-23,Success
55182,733,26970,2022-11-01,Success
49519,1008,37776,2023-03-31,Success
38561,266,21892,2023-03-16,Success
10574,622,18352,2023-04-01,Rejected by the driver
9819,2011,29723,2022-08-06,Success
47920,1266,7116,2022-08-02,Success
53088,2999,4820,2023-02-22,Success
37323,268,8470,2022-09-04,Success
37765,1280,39257,2022-12-20,Success
56296,303,35786,2023-03-20,Success
51594,2435,18762,2022-08-25,Rejected by the driver
22667,2189,22027,2022-06-23,Success
11002,1147,19910,2022-11-13,Success
11715,2654,30660,2023-03-31,Success
30144,1311,26907,2022-07-31,Success
38150,2341,6245,2023-01-02,Success
46375,1854,13678,2022-04-04,Rejected by the driver
39227,692,13850,2022-08-21,Rejected by the driver
48969,1975,30099,2022-03-24,Rejected by the driver
15140,2359,13181,2022-11-16,Success
29065,1476,23692,2022-06-12,Success
2003,961,17346,2023-01-16,Success
26034,1407,31525,2022-08-11,Success
22143,1156,32627,2022-10-29,Success
29745,1851,364,2022-03-30,Success
9555,1451,18665,2022-04-08,Success
28506,593,1825,2023-01-02,Success
40698,554,2270,2023-01-05,Cancelled by the passenger
26770,817,21117,2022-04-13,Success
28869,1385,18359,2022-07-18,Success
41372,2616,9169,2022-04-28,Rejected by the driver
40045,2496,34211,2022-06-25,Success
43287,1962,23053,2022-04-03,Success
51259,323,35436,2022-06-28,Success
48714,25,36635,2023-01-09,Success
2558,1048,36074,2023-03-14,Cancelled by the passenger
32968,1879,4733,2022-11-10,Rejected by the driver
2022,1930,34231,2022-12-19,Success
46621,2808,38624,2022-09-01,Cancelled by the passenger
27388,1119,31164,2022-03-23,Rejected by the driver
40463,499,5824,2022-09-06,Cancelled by the passenger
10864,2952,32066,2023-02-21,Rejected by the driver
6319,1184,16777,2022-08-14,Success
55667,2171,12808,2022-12-30,Success
2213,425,33011,2022-12-11,Success
22022,2151,32364,2022-08-24,Success
25710,2942,22489,2023-03-29,Success
26,58,25496,2022-10-27,Success
20670,27,18973,2022-06-21,Success
12525,2047,8232,2022-06-30,Success
43960,2754,28921,2022-07-06,Success
43484,2171,38210,2022-05-20,Success
29655,1470,8116,2022-07-24,Rejected by the driver
50452,1750,37380,2022-05-29,Success
46964,206,8723,2022-08-08,Success
37294,2248,9377,2022-09-15,Success
34519,2714,26299,2023-04-06,Rejected by the driver
33336,2904,10867,2023-01-10,Success
35458,253,6632,2022-05-02,Success
39068,1016,31635,2022-09-18,Success
57945,596,17297,2022-07-15,Success
28241,224,34319,2022-05-05,Success
43698,768,19752,2023-03-14,Success
27889,1771,20223,2023-03-08,Success
58555,2437,3501,2022-12-26,Success
20693,981,20085,2023-02-08,Rejected by the driver
17230,2603,31741,2022-06-17,Rejected by the driver
9919,1562,24454,2022-03-28,Success
9427,2439,9641,2022-08-28,Cancelled by the passenger
36909,2610,4506,2022-09-05,Success
18246,488,5638,2022-03-21,Success
10639,1954,32678,2023-02-10,Success
20250,740,5831,2022-11-23,Success
17858,105,4818,2022-12-05,Success
26940,2505,31607,2023-02-05,Success
20529,2960,30877,2022-05-14,Success
22209,1455,38624,2022-09-04,Success
30591,2375,2143,2022-07-02,Success
15528,1584,28088,2022-09-12,Rejected by the driver
13309,1804,29862,2022-06-27,Success
33729,256,21595,2022-06-30,Success
15477,33,28439,2022-03-18,Success
27841,2124,13690,2022-05-23,Success
20160,2054,5825,2023-03-03,Success
58240,2068,13283,2022-06-19,Success
43433,2302,34260,2022-12-10,Success
12361,1440,28421,2022-12-11,Success
18648,1424,17810,2022-08-30,Cancelled by the passenger
53366,2777,28939,2022-10-27,Cancelled by the passenger
57580,2307,19460,2023-02-16,Success
59879,2118,3406,2023-02-07,Rejected by the driver
58242,2865,32359,2022-10-21,Success
45348,2930,20539,2022-04-11,Success
18195,180,5017,2023-02-16,Cancelled by the passenger
55469,2349,325,2022-09-20,Success
57554,2826,30088,2023-03-05,Rejected by the driver
2852,2306,18614,2022-04-22,Success
25648,1918,11977,2022-04-09,Success
5837,1844,10420,2023-04-06,Success
36516,936,22020,2022-09-28,Success
3008,137,10815,2022-06-27,Success
24600,1850,30032,2022-06-24,Success
26805,508,27762,2022-03-22,Success
31287,109,29894,2023-03-01,Success
51805,1025,2691,2022-06-05,Success
48828,422,4341,2023-02-18,Cancelled by the passenger
58892,536,25461,2022-06-23,Success
54404,1833,21648,2022-04-23,Cancelled by the passenger
235,1238,32117,2022-06-12,Success
56308,2024,29521,2022-08-14,Rejected by the driver
49516,1836,18428,2022-10-23,Success
15672,2845,19425,2022-06-21,Success
13686,1954,11333,2022-09-23,Success
58246,513,3573,2022-07-19,Success
15587,2542,200,2022-10-01,Success
528,2414,22063,2022-08-08,Rejected by the driver
57858,2594,18883,2022-07-16,Rejected by the driver
33762,361,30655,2022-11-20,Success
19062,683,12350,2022-05-31,Success
43240,1396,34329,2022-04-19,Success
43027,1534,13977,2022-03-16,Rejected by the driver
45361,1731,19486,2023-01-19,Rejected by the driver
8296,1372,38360,2022-07-29,Success
13078,812,36418,2022-07-01,Success
20216,2374,37339,2022-08-15,Success
16487,702,21856,2022-05-21,Success
47964,1549,26050,2022-04-11,Cancelled by the passenger
33825,1779,27232,2022-11-18,Cancelled by the passenger
29290,1948,28236,2022-05-21,Success
50515,2565,23148,2022-12-29,Success
23333,446,9262,2023-03-27,Success
53183,1706,21508,2022-11-21,Success
52404,1851,37397,2022-11-12,Success
45037,2074,32224,2022-12-12,Success
54551,2968,5673,2022-06-17,Success
43867,1446,30112,2023-01-14,Cancelled by the passenger
32776,868,24428,2022-11-06,Success
9378,2063,9545,2022-06-20,Rejected by the driver
36341,1698,31091,2022-07-10,Success
22804,2469,12149,2022-11-11,Success
40393,2988,6484,2022-04-29,Success
59632,1977,32114,2022-10-24,Cancelled by the passenger
40237,1711,5514,2022-06-19,Success
46992,2401,789,2022-04-22,Rejected by the driver
6861,2311,2789,2023-03-03,Success
1914,2302,25669,2022-07-04,Success
49910,887,36498,2022-09-22,Cancelled by the passenger
12144,1463,35351,2022-11-05,Success
45702,796,18572,2023-01-11,Success
53056,1075,33957,2023-03-04,Success
184,2016,25309,2022-05-07,Success
46744,2770,24909,2022-09-05,Success
51061,132,2237,2022-09-27,Success
54253,917,7409,2023-02-07,Success
7261,2184,9067,2022-11-29,Cancelled by the passenger
50193,294,4499,2023-03-03,Success
47275,63,844,2022-05-17,Success
44553,905,37766,2022-10-14,Success
41005,1270,35209,2022-08-23,Success
3331,385,30354,2023-01-04,Success
26286,1216,35060,2022-08-25,Success
16026,1714,17734,2022-06-07,Success
23844,208,10991,2022-09-12,Success
40834,2162,24791,2023-03-14,Rejected by the driver
21703,120,34227,2022-05-13,Cancelled by the passenger
27107,683,39959,2022-05-07,Cancelled by the passenger
57322,624,7758,2023-01-16,Cancelled by the passenger
55859,1716,11305,2022-11-23,Success
36485,2526,32860,2022-07-01,Success
820,2305,26056,2022-05-09,Success
32708,2098,29226,2022-05-06,Success
45879,2162,10389,2022-10-07,Success
22476,1219,30277,2023-02-20,Cancelled by the passenger
25442,2499,17430,2022-11-20,Rejected by the driver
17332,693,37116,2022-06-18,Success
33421,1122,12362,2022-08-02,Success
11803,2281,22234,2022-08-22,Rejected by the driver
41971,890,5151,2022-05-05,Cancelled by the passenger
3636,991,5734,2022-07-04,Success
7037,997,20976,2022-07-08,Success
38714,1755,18199,2022-08-27,Success
42127,939,21330,2022-06-16,Cancelled by the passenger
36106,223,31620,2022-07-28,Rejected by the driver
22671,2274,35364,2023-01-30,Rejected by the driver
5383,2636,6471,2022-07-25,Success
46608,2405,32180,2022-04-21,Cancelled by the passenger
43913,2102,20863,2022-11-03,Success
46643,2131,35579,2023-03-03,Success
30331,2457,31372,2022-10-11,Success
33049,2264,39474,2022-12-11,Success
54978,2590,16729,2023-01-10,Success
40840,469,19421,2022-09-28,Cancelled by the passenger
39206,1977,19376,2022-10-30,Success
43851,1524,11432,2022-07-08,Success
4567,1478,11816,2022-12-25,Success
45581,461,38226,2022-12-13,Success
24976,311,7616,2022-10-28,Success
47625,186,9315,2022-11-01,Success
22138,782,28784,2022-03-26,Cancelled by the passenger
51820,2905,3660,2022-05-20,Success
28431,792,1077,2022-04-07,Cancelled by the passenger
35565,85,32465,2022-05-29,Cancelled by the passenger
25929,151,29076,2023-01-06,Success
21190,1912,20171,2022-10-02,Success
5391,1991,10733,2022-11-20,Success
18510,552,28786,2022-07-02,Success
40067,1157,9617,2023-03-31,Success
22730,2720,9238,2022-11-20,Success
17105,1492,16067,2023-02-22,Success
20914,66,621,2022-04-07,Cancelled by the passenger
52492,1566,39691,2022-05-03,Success
35297,1174,33386,2022-04-06,Success
27500,2250,2796,2022-04-20,Success
56888,1956,29196,2022-03-13,Success
58165,119,11851,2022-06-12,Success
37346,2272,20629,2022-11-23,Rejected by the driver
14168,333,39637,2022-11-06,Success
40602,2816,4784,2022-10-18,Success
12087,852,1846,2022-07-16,Success
26176,414,30913,2022-08-30,Success
5928,262,29118,2022-11-15,Success
55639,276,31178,2022-07-12,Success
20945,323,7454,2022-12-23,Rejected by the driver
52757,822,25328,2022-08-14,Success
44528,1473,31762,2022-12-17,Success
37189,1543,5470,2022-12-02,Success
31442,2711,359,2022-05-21,Success
30818,244,26394,2022-07-18,Rejected by the driver
21285,2211,9138,2022-07-11,Success
38240,2756,36330,2022-06-02,Success
27997,555,17040,2022-08-10,Success
54574,1090,33896,2022-11-04,Success
32407,1098,37822,2022-04-19,Success
23519,2476,33478,2022-06-15,Rejected by the driver
466,757,11337,2022-08-07,Success
30420,843,784,2022-04-30,Success
15391,349,11469,2022-07-03,Success
19980,2389,18014,2022-08-28,Rejected by the driver
47531,521,5911,2023-04-08,Cancelled by the passenger
47490,2101,30199,2023-04-12,Success
43108,1865,9470,2022-09-11,Success
17697,2905,39456,2022-08-08,Success
6421,2652,23879,2022-07-21,Success
24974,1691,37245,2022-05-22,Success
28399,873,17720,2022-06-10,Success
32529,2322,34382,2022-06-19,Success
16182,253,18886,2022-04-05,Success
59450,1609,13463,2022-06-24,Success
5942,2497,16432,2023-03-04,Success
57339,2948,4722,2023-01-28,Success
4283,134,39709,2022-08-17,Success
31553,1041,38749,2023-03-31,Success
3086,947,15356,2022-10-05,Success
41188,2318,33441,2022-09-10,Rejected by the driver
24799,2139,4845,2022-04-23,Success
43836,2391,14517,2023-01-01,Success
10157,2840,29240,2022-09-13,Success
12548,1573,28527,2022-10-15,Cancelled by the passenger
42853,506,15524,2022-07-20,Success
57975,1257,10628,2022-08-08,Success
51237,1084,4526,2022-09-17,Success
33805,1293,8820,2022-12-25,Success
41939,2158,39906,2022-04-03,Success
30499,1058,2625,2022-11-13,Success
1431,646,8053,2022-11-21,Success
40727,1405,29989,2023-01-05,Success
11995,199,28351,2022-10-24,Success
54866,2613,36137,2022-10-22,Success
26081,2476,25345,2022-07-14,Success
41809,1711,29801,2022-04-07,Success
17952,2636,16405,2022-09-21,Rejected by the driver
448,2928,5361,2022-07-18,Cancelled by the passenger
36846,2348,10030,2022-10-09,Success
43330,1569,20257,2022-03-16,Success
59441,1322,8244,2023-02-15,Success
23566,1306,37690,2022-11-12,Rejected by the driver
21720,2077,26387,2022-08-26,Success
47706,1652,21146,2022-12-31,Success
46165,2735,313,2023-04-10,Success
36994,1190,1233,2022-06-20,Success
25220,467,14895,2022-10-30,Success
4491,2733,6391,2023-02-26,Success
9591,1091,37210,2023-04-07,Success
53106,1990,11950,2023-02-01,Success
46493,1745,5567,2022-06-04,Success
12097,754,36819,2022-04-26,Success
31038,740,4550,2022-08-07,Success
25665,2956,14768,2022-10-03,Success
5544,1331,5136,2022-04-12,Success
53698,2664,19378,2023-01-14,Success
37729,148,18044,2022-08-18,Success
52154,771,32717,2023-01-03,Success
54769,539,29516,2022-03-19,Success
32876,1912,13796,2022-07-27,Success
42821,170,34844,2022-05-24,Success
42580,114,5427,2023-03-02,Success
8851,2167,6361,2022-08-27,Success
19566,1520,38802,2022-07-18,Success
28433,2539,36086,2022-11-18,Cancelled by the passenger
12758,44,16469,2022-05-27,Success
44635,2660,5858,2022-08-30,Success
5961,227,36263,2023-01-08,Success
29553,2692,28919,2022-11-07,Success
9596,591,2136,2022-12-25,Cancelled by the passenger
6466,1236,12135,2022-03-17,Rejected by the driver
59736,1939,23830,2022-08-23,Success
46058,993,19701,2022-07-14,Success
35076,2707,34493,2022-09-23,Success
28332,418,4109,2023-02-16,Success
14420,2644,14197,2023-01-19,Success
45093,1525,9115,2023-01-31,Success
51566,1234,7029,2023-03-18,Success
53350,2898,15260,2023-03-17,Rejected by the driver
32100,669,39854,2022-05-04,Success
17080,1857,22552,2022-06-09,Success
12347,2403,34154,2022-03-25,Success
29663,1376,7586,2022-12-04,Success
42530,1508,30252,2022-03-30,Cancelled by the passenger
2745,563,5745,2022-06-15,Success
28492,1634,28744,2023-03-10,Success
28014,1218,17181,2022-12-04,Cancelled by the passenger
51849,1327,24842,2022-09-07,Success
16380,1969,15383,2022-05-11,Success
14204,1732,34014,2022-06-14,Success
32158,1135,23905,2022-09-01,Success
5305,1849,39035,2023-01-03,Success
18661,2291,28517,2022-10-14,Success
35341,2068,5824,2022-03-18,Success
10338,1079,39475,2022-07-12,Success
40185,1558,14400,2022-12-14,Rejected by the driver
21505,2601,20724,2023-04-04,Success
31786,1853,37025,2022-10-02,Success
22587,1451,15982,2023-03-11,Rejected by the driver
10958,915,16575,2022-04-02,Success
52037,1347,4095,2022-07-11,Success
35434,2058,25932,2022-07-01,Success
18198,1201,28674,2022-07-28,Rejected by the driver
25544,2624,8253,2023-02-19,Success
29000,1202,18916,2023-01-30,Success
31266,2603,24821,2022-05-20,Success
24512,76,33018,2022-10-03,Cancelled by the passenger
5107,2465,20284,2022-05-15,Rejected by the driver
40273,1219,15313,2022-12-28,Success
44568,1401,33257,2023-01-30,Success
35312,1983,31411,2022-11-22,Success
10106,1184,30587,2023-03-02,Success
9127,2970,19421,2022-05-20,Success
59939,1798,35811,2022-11-14,Success
26545,188,22749,2023-02-09,Success
27697,1744,33346,2022-06-11,Success
19064,264,16936,2022-09-22,Success
7271,2732,28494,2022-06-18,Success
55495,498,7962,2022-05-23,Success
45995,69,16096,2022-11-25,Success
53712,2837,29597,2022-10-08,Rejected by the driver
58495,769,29041,2022-10-16,Rejected by the driver
21107,2008,34019,2023-03-15,Success
38876,1010,38569,2023-02-28,Success
41615,2893,591,2022-08-12,Success
22745,1913,31278,2022-09-01,Rejected by the driver
48107,647,34114,2022-09-15,Success
9949,1595,4031,2022-05-09,Success
25767,156,3726,2023-01-29,Cancelled by the passenger
43838,1020,1237,2023-01-08,Success
5721,2655,3620,2022-10-28,Success
22563,2431,4756,2022-06-28,Success
19917,2302,25633,2022-10-02,Success
48973,2772,11393,2023-04-07,Rejected by the driver
12458,949,13258,2022-06-21,Success
36881,2658,38241,2022-10-23,Success
37190,614,34700,2022-08-02,Success
33453,1890,14009,2022-03-19,Cancelled by the passenger
31472,1519,18150,2022-12-24,Success
26806,583,11519,2023-02-20,Success
27236,2867,22712,2022-06-06,Success
13651,2249,28835,2022-10-31,Success
42497,736,11235,2022-10-06,Success
52183,1378,16229,2022-04-02,Success
1236,2307,5130,2023-03-16,Success
10765,693,2407,2023-03-19,Success
16078,192,17450,2022-08-24,Success
59606,179,4061,2023-01-27,Success
6458,1091,11818,2022-03-13,Success
31457,2711,2730,2022-12-17,Success
50195,1949,29558,2023-02-10,Cancelled by the passenger
267,1170,9435,2022-06-15,Success
47978,2362,5197,2023-01-18,Cancelled by the passenger
28677,460,9452,2022-04-02,Success
40049,2966,8263,2022-06-07,Success
52860,1887,28197,2023-03-29,Success
2517,2301,4373,2023-02-18,Success
50302,2787,18625,2022-03-24,Cancelled by the passenger
11341,92,33691,2022-05-17,Success
14358,439,7246,2022-03-26,Success
18922,655,38746,2022-11-20,Cancelled by the passenger
5525,2181,29810,2022-04-03,Success
19447,167,20310,2023-04-12,Success
36229,782,12821,2022-04-07,Success
35626,1448,37968,2022-06-16,Success
397,1147,6260,2022-05-14,Success
20565,272,5827,2022-07-13,Success
50139,1195,21644,2022-07-29,Success
24594,1161,32847,2022-04-11,Success
52703,511,18024,2022-11-13,Success
3503,2466,8720,2023-01-27,Success
11583,781,25305,2022-10-31,Rejected by the driver
54115,2424,32425,2023-02-01,Cancelled by the passenger
47078,384,10246,2022-12-02,Success
19693,217,3177,2022-03-23,Success
48878,2976,36144,2022-07-17,Success
3923,1818,7186,2022-12-12,Success
13289,1221,36941,2023-03-03,Cancelled by the passenger
5908,976,26503,2022-04-24,Success
39996,1078,12439,2023-02-04,Success
56234,1388,12770,2022-08-24,Success
41533,28,22423,2023-04-01,Cancelled by the passenger
22944,1769,26561,2022-04-17,Rejected by the driver
49836,53,24635,2023-02-17,Cancelled by the passenger
14729,654,21609,2022-09-17,Success
5899,87,15230,2023-03-04,Cancelled by the passenger
59131,616,544,2022-11-20,Success
40926,1698,31133,2022-12-20,Cancelled by the passenger
10241,1608,22477,2022-12-10,Success
31360,1324,27741,2022-08-28,Success
20755,1824,12836,2022-09-05,Success
3197,619,28594,2022-08-06,Success
16322,306,16823,2022-07-29,Success
255,2615,3596,2022-07-24,Success
30251,2266,28579,2023-02-13,Rejected by the driver
27489,1915,28876,2022-04-10,Rejected by the driver
33141,1698,10115,2022-12-04,Success
32868,1008,38608,2022-11-11,Success
23871,2048,13274,2023-03-24,Rejected by the driver
34657,422,20905,2023-04-02,Success
43149,2514,39369,2023-02-08,Success
34168,2677,12423,2023-04-10,Success
41857,1536,37485,2022-03-27,Success
15923,1468,37168,2023-03-21,Success
46756,1156,18540,2022-07-07,Success
43729,2823,29717,2023-01-30,Success
16826,794,596,2022-07-25,Cancelled by the passenger
46391,187,105,2022-07-25,Success
40828,339,26156,2023-03-21,Rejected by the driver
24747,1633,16676,2023-01-14,Success
38566,374,26667,2022-11-27,Success
58420,817,22338,2022-09-25,Success
34256,1332,9570,2023-02-02,Success
40959,2742,22384,2022-05-11,Success
38865,1952,27262,2023-01-09,Success
25705,1613,27001,2022-07-28,Success
38799,2003,14158,2022-11-13,Rejected by the driver
15652,1193,11842,2022-05-14,Cancelled by the passenger
15981,1443,19622,2022-11-10,Success
15564,97,12790,2022-12-16,Success
48241,1719,10177,2023-02-22,Success
3687,2995,35751,2022-08-23,Cancelled by the passenger
39253,94,4230,2022-12-19,Cancelled by the passenger
13161,931,39253,2022-09-04,Success
14446,826,26731,2022-08-09,Rejected by the driver
59094,2149,16691,2022-12-31,Success
42273,2453,22366,2022-11-10,Success
28138,1213,17992,2022-05-15,Success
45056,681,21235,2023-01-11,Success
56143,1823,18236,2022-08-20,Success
29903,1686,37388,2022-03-20,Success
19890,1024,39372,2022-11-10,Success
27667,439,33413,2022-06-14,Cancelled by the passenger
4914,1903,3063,2023-03-01,Rejected by the driver
56200,320,8724,2022-10-17,Success
13210,2416,30022,2023-01-30,Success
42317,2170,4301,2023-03-18,Success
24255,705,30708,2023-03-19,Success
8176,726,1646,2022-05-13,Rejected by the driver
45429,1462,13509,2023-02-10,Success
14801,2283,22519,2022-05-18,Success
39287,1810,30738,2022-03-15,Cancelled by the passenger
50013,2436,32300,2022-05-08,Success
57093,2709,35495,2022-07-25,Success
10110,531,7011,2023-01-05,Cancelled by the passenger
12671,1325,38960,2023-01-12,Success
58830,1978,34598,2022-12-01,Cancelled by the passenger
48520,713,31166,2022-09-30,Cancelled by the passenger
14976,475,20790,2022-04-13,Cancelled by the passenger
53511,1322,130,2022-05-30,Success
25695,516,11424,2023-04-15,Success
11038,1733,14264,2022-03-28,Rejected by the driver
43577,2982,25001,2023-01-03,Success
58371,437,13527,2023-01-13,Success
33590,1491,12205,2022-12-01,Success
54232,16,25243,2022-12-01,Success
55695,2438,12758,2023-04-01,Success
54823,1254,7743,2023-03-08,Success
2215,1836,12083,2022-06-14,Success
28731,70,1268,2022-07-12,Cancelled by the passenger
32664,201,11458,2022-10-31,Success
36912,1807,14296,2022-09-04,Cancelled by the passenger
6874,2470,37619,2023-03-05,Success
17713,180,35877,2023-01-18,Success
3454,2565,23048,2022-11-02,Success
12161,328,39879,2022-12-30,Success
8648,712,14954,2023-01-21,Success
30358,1995,39307,2022-07-15,Cancelled by the passenger
59963,1890,29501,2022-07-03,Success
51104,1130,6741,2023-02-27,Success
15501,272,31486,2022-05-26,Success
47895,1466,1884,2023-03-18,Cancelled by the passenger
4174,1329,2719,2022-04-02,Success
12899,822,32911,2022-12-23,Success
18569,2332,1252,2023-01-13,Success
36510,2013,30948,2022-05-29,Success
53488,2737,9329,2022-07-06,Success
10118,2300,6,2022-10-26,Cancelled by the passenger
34839,396,23118,2022-06-07,Success
7041,889,37995,2023-02-15,Success
45225,1424,17429,2022-07-18,Success
19033,2518,19204,2022-05-07,Success
53536,40,20856,2022-07-13,Success
43216,2858,34050,2023-04-11,Success
36907,1512,9563,2023-01-11,Success
21264,1918,17703,2022-05-06,Success
717,1326,25917,2022-10-11,Cancelled by the passenger
12070,1391,24012,2022-05-24,Success
47280,1249,31706,2023-02-02,Cancelled by the passenger
5266,2050,16367,2022-08-10,Success
40459,362,12362,2022-08-06,Rejected by the driver
56399,180,2884,2022-12-14,Success
38016,769,13755,2022-10-11,Success
19309,1610,14497,2022-12-22,Success
30845,301,39908,2022-08-20,Rejected by the driver
55999,2518,19176,2022-06-19,Success
4399,2299,39204,2023-03-21,Success
35720,2551,15899,2022-07-21,Success
56709,1802,671,2022-05-23,Rejected by the driver
40874,58,23119,2022-05-19,Rejected by the driver
43061,662,28482,2023-04-14,Success
39893,1844,24007,2022-12-26,Success
39657,2606,38305,2022-07-24,Success
59599,2571,10468,2023-01-26,Rejected by the driver
7587,1453,8127,2022-07-11,Success
34847,287,22016,2023-04-15,Rejected by the driver
50027,1047,37881,2022-09-16,Success
2214,831,18197,2022-06-19,Success
33594,1794,2939,2022-06-09,Success
53913,90,31752,2023-03-10,Success
35308,2361,4789,2023-03-22,Success
31202,40,37034,2022-04-06,Rejected by the driver
18346,1184,12686,2023-03-16,Rejected by the driver
1030,2657,16845,2023-03-24,Rejected by the driver
11667,794,38499,2022-09-04,Rejected by the driver
20604,2019,18895,2022-03-29,Success
58306,628,27614,2022-10-03,Cancelled by the passenger
12599,2465,34445,2022-11-04,Success
13339,556,7634,2023-03-20,Rejected by the driver
43753,1179,13978,2023-04-15,Success
17940,364,37651,2022-05-16,Cancelled by the passenger
53189,556,31614,2022-04-29,Cancelled by the passenger
24792,2667,25027,2022-11-28,Cancelled by the passenger
56182,423,14339,2023-02-05,Rejected by the driver
55735,1358,36908,2022-11-23,Success
29829,2153,22681,2022-05-08,Success
20111,148,16842,2022-09-17,Success
26835,1289,20737,2022-09-07,Success
648,1990,24592,2022-10-08,Rejected by the driver
37679,1644,35375,2022-06-07,Success
20070,1426,17624,2023-01-03,Rejected by the driver
57761,1795,9424,2023-02-08,Rejected by the driver
4959,487,7296,2022-08-14,Success
53243,1870,12735,2022-04-27,Success
29393,338,10009,2022-12-11,Rejected by the driver
36776,720,12775,2023-02-24,Success
2443,1725,11169,2022-07-31,Success
37053,1669,36151,2022-10-15,Cancelled by the passenger
56041,2013,27154,2022-12-10,Success
58778,2191,14389,2022-05-13,Rejected by the driver
51607,2629,32992,2022-10-19,Success
6498,2292,83,2022-04-30,Success
34321,312,36175,2022-06-12,Success
43771,950,22105,2022-03-30,Rejected by the driver
23988,2215,35284,2022-06-10,Rejected by the driver
26313,2892,34052,2022-06-12,Success
28273,2913,27658,2022-10-11,Cancelled by the passenger
16520,2064,2153,2022-04-13,Success
11709,780,27362,2023-02-26,Success
17554,2810,4890,2022-06-29,Success
38712,808,9005,2022-12-06,Cancelled by the passenger
24011,222,37426,2022-08-07,Success
27897,1997,11633,2022-08-06,Success
22311,2587,35006,2023-03-03,Success
28468,2140,3133,2022-09-06,Success
1700,2453,13819,2023-03-04,Success
57754,2151,21895,2022-08-22,Success
49962,2027,31760,2023-04-13,Cancelled by the passenger
51372,2704,36043,2022-08-15,Success
42745,2302,18290,2022-07-18,Rejected by the driver
52933,612,11311,2022-04-09,Success
38564,2045,27060,2022-04-24,Rejected by the driver
1772,649,514,2023-03-18,Success
7121,1392,35278,2022-09-17,Success
15078,2221,23380,2022-05-30,Success
9347,2443,37161,2022-11-08,Success
45553,1519,11564,2022-04-09,Success
39522,2328,33193,2022-12-26,Success
54017,161,32060,2022-10-10,Success
7550,2546,13580,2023-02-11,Success
5584,2682,2561,2022-04-26,Rejected by the driver
32253,1420,37895,2022-05-06,Success
34418,2563,5612,2023-01-31,Cancelled by the passenger
32736,2304,986,2022-03-12,Success
35118,615,33672,2022-05-18,Rejected by the driver
4203,656,27263,2022-06-24,Success
7870,2419,6379,2022-10-14,Rejected by the driver
37453,2410,39960,2022-06-11,Success
46213,1111,8425,2022-07-05,Success
17420,1479,9971,2022-06-27,Success
22137,620,17619,2022-07-03,Success
2991,518,32606,2023-04-04,Success
30868,1104,3221,2022-04-07,Success
50647,2309,32320,2023-02-17,Success
58239,1446,31529,2022-08-25,Success
22494,337,2331,2022-05-29,Success
8517,2325,807,2022-12-09,Success
22003,2825,21683,2022-10-05,Success
4696,2225,36251,2023-03-24,Cancelled by the passenger
4490,663,1526,2022-10-21,Cancelled by the passenger
40902,1013,34821,2023-03-22,Success
12002,2161,34643,2023-03-23,Success
45328,507,6661,2023-01-27,Cancelled by the passenger
50901,59,38605,2022-10-02,Success
17660,2321,1842,2022-05-03,Success
14214,934,38305,2022-08-25,Success
3112,2262,14411,2022-08-11,Success
44492,2934,8947,2023-01-17,Rejected by the driver
26095,2477,26048,2022-05-15,Cancelled by the passenger
3726,33,27342,2022-09-25,Success
54797,1476,20425,2022-12-09,Success
52162,2551,17912,2022-06-28,Rejected by the driver
34851,1942,25055,2022-12-29,Success
44820,528,36463,2022-03-24,Cancelled by the passenger
47897,2146,25305,2023-04-14,Success
55678,2205,14142,2023-01-27,Success
19550,2610,37349,2023-02-04,Success
23634,2785,24792,2023-03-11,Success
20878,1321,35974,2022-06-25,Success
16776,2885,11538,2022-07-12,Success
6995,1755,32093,2022-11-10,Success
54151,997,4218,2022-04-04,Success
2845,827,4438,2022-07-21,Success
1087,118,17444,2022-10-25,Success
34552,1352,8319,2022-09-07,Rejected by the driver
17652,263,37767,2022-09-23,Success
3178,1679,26685,2022-03-15,Rejected by the driver
28961,1223,13829,2022-08-12,Success
56450,1228,15160,2022-03-31,Success
10796,1711,17097,2023-04-04,Cancelled by the passenger
13180,2190,37108,2022-12-01,Success
39546,46,24124,2022-08-17,Success
16737,1519,28268,2022-08-27,Success
16093,971,18813,2023-03-01,Success
39504,1357,35678,2022-04-17,Success
37379,614,14177,2022-09-03,Success
57450,738,2115,2023-02-09,Rejected by the driver
16423,112,35628,2023-03-18,Success
54033,385,6450,2022-12-26,Success
24184,1283,29567,2022-04-15,Success
18425,1441,20834,2022-04-30,Success
17314,865,21672,2023-03-28,Success
21297,492,15874,2022-04-24,Rejected by the driver
30588,2612,30700,2022-12-05,Success
28156,99,33313,2022-07-05,Success
2420,295,10952,2022-05-13,Rejected by the driver
26111,636,38154,2022-04-21,Success
33032,2391,7206,2022-07-23,Success
12341,194,27050,2022-08-29,Success
48398,1600,5832,2022-05-26,Success
13700,2172,12270,2022-07-19,Success
10805,2710,33044,2023-03-21,Success
40074,100,17956,2023-02-05,Success
7005,2507,22761,2022-12-18,Success
16267,1202,5302,2022-10-29,Cancelled by the passenger
53874,907,13395,2022-04-21,Success
5298,709,36575,2022-10-18,Rejected by the driver
44842,2076,22697,2022-11-24,Rejected by the driver
27097,192,8128,2022-06-23,Rejected by the driver
44462,1483,4425,2023-04-14,Success
29653,2656,23563,2022-11-09,Success
14665,2676,31710,2022-12-02,Success
1381,1147,1655,2023-01-22,Success
9196,2293,11959,2022-05-09,Rejected by the driver
3079,2369,28725,2022-05-31,Success
59942,1085,15486,2022-04-03,Success
27959,1059,9639,2023-01-31,Success
56752,698,11238,2022-03-27,Success
21600,584,16708,2022-05-25,Success
48285,333,37984,2022-10-29,Cancelled by the passenger
3975,1847,39164,2022-09-08,Success
46700,864,15246,2022-09-08,Success
5901,1790,18231,2022-07-14,Success
16202,303,31566,2022-03-13,Success
35316,1899,38803,2022-04-25,Cancelled by the passenger
15410,552,25982,2023-04-02,Success
29137,340,32789,2022-09-15,Success
49085,604,20827,2023-01-25,Success
5937,384,16167,2022-12-06,Success
49476,1646,19085,2023-04-01,Rejected by the driver
30980,969,4983,2022-10-02,Success
32937,2225,38216,2022-12-14,Success
10410,2471,7534,2022-11-01,Rejected by the driver
48896,2616,18426,2022-12-11,Rejected by the driver
15833,2249,36955,2022-08-24,Success
20139,2140,12335,2022-09-20,Success
16401,1692,12769,2023-03-05,Success
31826,2142,31533,2022-07-17,Success
42122,893,34534,2022-04-01,Success
45031,1921,33640,2022-06-03,Success
23887,869,35303,2022-12-23,Success
4381,2993,21935,2022-08-01,Success
56173,16,23449,2022-08-24,Success
33355,1912,18521,2023-04-13,Success
37877,1805,1855,2023-03-05,Cancelled by the passenger
43964,2394,28639,2023-02-24,Rejected by the driver
5912,706,36096,2022-09-09,Success
7273,828,30915,2023-01-23,Success
25714,2102,17122,2023-01-11,Success
18745,656,33293,2022-08-21,Success
208,206,16340,2023-04-14,Success
17656,542,4604,2023-04-05,Success
38062,2936,21106,2022-12-15,Success
23239,1946,3559,2023-01-11,Rejected by the driver
22046,2965,4299,2022-09-03,Success
59235,1749,9407,2022-06-14,Success
29962,829,16274,2022-10-31,Success
37019,2717,21594,2022-05-11,Rejected by the driver
19252,478,20787,2022-08-15,Success
26447,1097,30445,2023-03-18,Success
3603,2601,39215,2022-06-07,Success
3958,556,14011,2022-10-21,Success
54375,1496,20340,2022-04-28,Success
7861,2144,2532,2022-08-07,Success
38749,2319,25755,2022-05-16,Cancelled by the passenger
17015,1971,16908,2022-05-31,Success
22963,1889,22509,2023-01-27,Success
47808,1232,6661,2023-03-31,Success
23377,1829,27578,2022-03-24,Success
36004,413,28213,2022-09-02,Success
3976,195,5931,2022-03-24,Success
31319,1777,8515,2022-11-07,Cancelled by the passenger
50520,1228,15948,2022-12-15,Success
31046,1543,10219,2022-10-10,Success
31736,741,30659,2023-02-27,Rejected by the driver
57077,1916,38035,2022-12-18,Success
15904,2697,22639,2022-07-12,Success
5003,1982,6136,2022-05-26,Success
629,2648,15299,2022-06-13,Success
4827,2291,26686,2022-09-23,Rejected by the driver
42803,1547,36816,2022-07-15,Success
56197,307,27835,2022-06-27,Success
56710,2644,8307,2023-02-10,Success
23021,1518,25406,2022-06-07,Rejected by the driver
28810,1054,32089,2022-08-13,Success
14917,1328,27879,2023-02-22,Success
3256,2875,6315,2023-02-24,Success
36050,2894,28973,2022-05-08,Success
16412,183,10993,2022-05-24,Success
42711,2237,25688,2022-07-30,Success
6060,779,2197,2023-02-24,Cancelled by the passenger
39493,2625,34380,2022-04-07,Rejected by the driver
23657,87,8467,2022-06-21,Success
8252,999,20939,2023-01-28,Rejected by the driver
52327,659,14398,2022-08-10,Success
12669,2410,22651,2023-03-20,Success
54009,2737,30539,2022-11-19,Cancelled by the passenger
23916,446,208,2022-08-22,Success
23765,694,24936,2022-07-12,Success
50670,1519,27955,2022-10-05,Success
17301,2825,27821,2022-10-16,Success
23745,614,25026,2022-12-14,Rejected by the driver
14694,142,34225,2022-06-25,Cancelled by the passenger
9928,2273,21293,2022-12-31,Success
20143,2370,30728,2022-08-13,Success
45332,758,34988,2022-06-24,Success
33155,1537,22229,2022-10-12,Success
58457,753,24305,2023-03-16,Success
31092,1266,39430,2022-11-05,Cancelled by the passenger
58315,449,6887,2022-03-12,Rejected by the driver
29279,1498,14752,2023-02-04,Success
12996,2113,39000,2023-01-10,Success
4761,2734,9512,2023-02-18,Success
36433,1131,20485,2022-12-22,Success
11376,602,33326,2022-07-25,Rejected by the driver
15403,1308,22847,2022-09-11,Success
50484,420,11409,2022-08-23,Success
36553,1471,5188,2023-04-09,Success
20533,2996,1041,2022-12-11,Success
4569,888,14250,2023-03-01,Success
19982,1443,7737,2022-11-28,Success
14845,2443,7107,2022-08-08,Success
7325,573,31681,2023-01-16,Rejected by the driver
34445,44,4095,2022-07-17,Success
33878,121,38594,2022-10-01,Cancelled by the passenger
40546,924,24187,2022-12-06,Success
30978,2284,20920,2022-06-27,Success
30357,991,15797,2023-01-07,Success
39501,1427,36126,2022-09-11,Success
45772,796,29028,2022-12-16,Success
14881,2310,10707,2022-09-09,Success
23740,133,10097,2023-03-12,Success
10453,574,7157,2022-03-30,Success
36297,336,12841,2022-04-04,Success
18868,1885,16611,2022-05-15,Cancelled by the passenger
6295,1936,7469,2022-04-16,Success
32788,1774,8786,2023-03-31,Success
10925,1311,19532,2023-03-17,Success
47580,570,1957,2022-12-22,Success
16519,1980,11637,2023-01-30,Success
12381,50,12697,2022-05-19,Rejected by the driver
33869,1223,30865,2022-04-02,Success
22553,2365,33861,2022-11-21,Success
20279,1064,28418,2022-07-30,Success
13305,764,11417,2023-01-29,Cancelled by the passenger
5147,2144,465,2022-06-21,Success
21728,2329,3136,2022-05-23,Success
24028,1459,26511,2022-05-12,Success
28858,2138,8479,2022-10-26,Success
4439,752,7443,2022-05-02,Rejected by the driver
19424,2081,172,2022-10-18,Success
6701,375,29468,2022-08-09,Success
960,1658,35975,2023-04-06,Rejected by the driver
49906,2674,14119,2023-03-22,Success
22488,979,6479,2022-03-12,Success
36947,2196,534,2023-01-10,Success
41035,913,31630,2022-09-22,Success
56151,2418,22363,2022-11-09,Success
41160,1030,33437,2023-02-07,Rejected by the driver
21350,1000,6440,2022-08-18,Rejected by the driver
30001,296,7484,2023-02-16,Cancelled by the passenger
49294,1675,17739,2022-05-05,Success
12292,2060,16244,2022-07-29,Success
35734,1883,16053,2022-04-05,Success
18059,1558,12097,2022-04-16,Rejected by the driver
6967,1417,7684,2022-10-25,Success
55989,2859,36372,2022-12-15,Cancelled by the passenger
34966,2763,33666,2023-02-26,Success
2737,2344,2845,2022-09-26,Success
42761,1403,14066,2022-12-16,Success
385,134,34812,2022-12-29,Success
6790,2107,38458,2022-12-31,Success
47971,2310,21232,2023-03-09,Success
44737,5,21461,2023-01-10,Cancelled by the passenger
19020,2275,156,2022-12-07,Success
16997,2373,12155,2022-08-21,Success
48450,2468,7019,2022-11-05,Cancelled by the passenger
53465,2947,8724,2023-03-07,Success
17905,1956,37907,2022-06-10,Rejected by the driver
23569,1714,7417,2023-03-10,Rejected by the driver
42751,2439,18101,2023-03-02,Cancelled by the passenger
31741,1339,32083,2023-04-07,Success
57439,2807,33352,2022-04-27,Success
53176,1155,30213,2022-06-07,Success
15986,50,4283,2022-03-28,Success
9318,476,28054,2023-03-23,Cancelled by the passenger
37381,1829,31131,2023-03-14,Cancelled by the passenger
52079,2066,34468,2022-08-23,Success
33332,1980,33505,2023-02-25,Cancelled by the passenger
24457,551,4153,2022-11-24,Rejected by the driver
2895,1326,27889,2022-04-24,Success
40146,958,13090,2023-03-21,Success
4599,2111,35770,2022-10-21,Success
37131,2498,2509,2022-05-19,Success
21427,1165,19876,2023-04-15,Success
12479,387,6787,2022-12-10,Success
4622,2517,1534,2022-09-05,Success
17273,461,19147,2022-11-26,Success
51624,913,26243,2022-11-14,Success
1623,2782,27753,2022-09-04,Success
400,121,21125,2023-03-17,Success
45343,698,29595,2022-04-19,Success
14524,2705,29500,2023-01-10,Success
32322,2822,16312,2022-03-21,Cancelled by the passenger
37288,1241,14697,2023-01-23,Success
13414,508,9983,2022-09-22,Success
41122,2391,400,2022-07-12,Success
49908,1404,33065,2023-02-08,Success
14891,1421,18480,2023-01-21,Success
42960,1697,39505,2022-06-02,Success
46009,734,21526,2022-11-23,Success
5890,1140,2211,2022-04-19,Success
14829,1211,31018,2022-10-18,Success
49848,2800,31384,2022-11-20,Success
10040,2547,36060,2022-08-03,Success
59527,2151,31187,2022-05-29,Success
27693,472,27831,2022-04-15,Success
13215,545,2254,2023-04-14,Success
23370,615,3980,2022-03-22,Cancelled by the passenger
5661,635,6703,2022-12-10,Success
48026,1850,33015,2022-12-14,Success
21156,2562,22616,2023-03-22,Success
26309,2862,9668,2022-05-25,Rejected by the driver
19156,2018,16011,2023-03-31,Success
9824,1806,17404,2022-07-15,Rejected by the driver
53122,2162,14075,2023-03-09,Success
2062,1711,31443,2023-01-04,Success
54774,1346,25513,2022-05-30,Success
59511,2581,38300,2022-12-27,Success
48846,1357,6177,2022-12-19,Success
43929,2564,2847,2022-11-17,Success
30280,1685,29007,2022-06-05,Rejected by the driver
6146,1521,16072,2022-04-20,Rejected by the driver
2821,499,6009,2023-01-30,Rejected by the driver
48197,1065,8254,2023-03-17,Success
49646,2853,19828,2023-01-23,Success
22578,1433,30989,2023-02-09,Success
12817,127,25422,2023-03-25,Success
23554,2400,23006,2022-04-19,Success
10096,1853,33540,2022-08-15,Rejected by the driver
46519,1619,39988,2022-09-01,Success
55762,1556,8948,2022-07-28,Success
52138,2603,23426,2022-03-17,Rejected by the driver
26306,1957,32925,2022-11-29,Success
13178,2272,37024,2022-06-13,Success
56763,906,34809,2022-07-03,Rejected by the driver
17929,703,33972,2022-04-27,Cancelled by the passenger
56145,2252,25812,2023-03-18,Rejected by the driver
10917,974,4161,2023-01-29,Success
39675,57,24616,2022-05-17,Success
42612,1523,17272,2022-12-13,Success
8413,550,38526,2022-12-04,Success
16616,1805,5353,2022-10-21,Success
28537,2937,30904,2022-09-16,Success
41911,1471,422,2022-09-05,Success
39839,1677,32085,2023-03-01,Success
49567,1460,1524,2022-11-14,Success
4438,60,37875,2022-05-18,Success
53533,262,31065,2022-11-21,Success
35578,1377,5445,2022-03-12,Success
36725,1021,30262,2023-01-24,Success
17302,1611,27324,2022-12-31,Success
50603,417,32991,2022-09-18,Success
10489,2304,4353,2023-01-18,Success
32456,1056,14206,2023-03-10,Success
50926,449,14714,2022-03-16,Success
52954,1400,13106,2022-10-13,Success
10297,1281,15880,2023-04-13,Success
8361,1679,29769,2022-05-18,Success
22751,2841,24126,2022-07-25,Success
20257,2858,20676,2023-03-19,Success
7685,1163,11828,2023-01-04,Success
59706,501,875,2022-03-25,Success
50396,1191,8795,2022-09-18,Rejected by the driver
15229,2510,6524,2022-09-11,Success
8001,2966,9636,2022-06-13,Cancelled by the passenger
7245,408,25681,2023-03-07,Cancelled by the passenger
29330,275,34616,2023-03-10,Success
34929,2692,3906,2023-01-31,Cancelled by the passenger
13079,849,35140,2022-04-01,Success
6770,150,8303,2022-10-23,Success
45586,2924,3563,2022-07-21,Success
13485,2008,29661,2023-04-05,Success
55992,2981,27348,2022-03-14,Success
20715,1821,18093,2023-02-28,Cancelled by the passenger
18639,1560,7492,2023-01-31,Success
18288,617,39012,2022-06-03,Success
2230,2238,39466,2022-04-15,Success
53478,2061,32660,2022-11-20,Success
30198,773,36002,2022-12-10,Cancelled by the passenger
1036,1252,25078,2022-11-24,Success
14718,2799,1821,2022-06-17,Success
15706,2159,19704,2022-08-08,Success
1628,712,22013,2022-08-06,Success
42011,869,19110,2022-05-08,Success
13425,2944,12761,2022-05-20,Success
38081,1094,15162,2022-08-05,Success
21024,35,14316,2022-11-27,Success
19118,2826,38331,2022-12-27,Success
9286,1650,19862,2023-02-17,Success
59201,2853,12161,2022-07-31,Success
22498,1236,14184,2023-02-01,Success
50988,1624,22235,2022-03-29,Success
55262,1911,11077,2022-05-29,Rejected by the driver
56610,1773,6528,2022-07-10,Rejected by the driver
48323,2770,37367,2022-03-19,Success
15713,564,477,2022-07-06,Success
45401,1227,33994,2022-08-25,Success
6685,225,6984,2022-08-22,Rejected by the driver
22980,720,15504,2023-02-28,Success
41275,1322,1504,2023-04-13,Rejected by the driver
56053,900,28916,2022-12-21,Success
46562,145,3449,2022-03-13,Rejected by the driver
31876,2421,29238,2023-02-22,Rejected by the driver
46355,7,23669,2022-07-08,Rejected by the driver
53538,523,27244,2022-09-04,Success
49708,1711,25252,2022-12-29,Success
28771,818,6256,2022-05-08,Rejected by the driver
39971,2494,31912,2022-10-28,Success
34412,2076,33985,2022-09-11,Success
54962,2298,21017,2022-09-06,Success
8786,1680,13406,2023-02-25,Rejected by the driver
42110,1589,17529,2022-10-10,Rejected by the driver
51512,1573,30564,2023-01-09,Rejected by the driver
494,2025,18630,2022-12-05,Cancelled by the passenger
11646,2334,15191,2022-11-11,Success
33569,310,38246,2022-11-07,Cancelled by the passenger
22272,1066,5505,2022-05-11,Success
51520,612,29722,2023-02-16,Success
7660,366,17279,2022-06-29,Success
51274,250,17552,2022-09-21,Rejected by the driver
21114,1596,37589,2022-11-10,Success
499,55,1576,2023-03-06,Success
10950,1363,33253,2023-01-22,Success
507,774,20395,2022-11-05,Success
40826,731,22670,2022-12-18,Rejected by the driver
19675,2269,13904,2023-04-04,Rejected by the driver
44633,1200,39530,2022-05-05,Success
57462,2981,9657,2023-02-24,Success
25444,758,33945,2022-07-27,Rejected by the driver
18732,2384,18496,2022-08-09,Rejected by the driver
44165,1794,24547,2022-06-07,Success
2183,1725,39853,2022-09-03,Cancelled by the passenger
19473,1054,23446,2022-07-10,Success
44056,2016,19282,2022-12-19,Rejected by the driver
2479,2622,23814,2022-04-09,Success
3633,2726,31573,2022-05-10,Success
48584,19,23027,2022-09-22,Success
26287,1270,4523,2022-04-04,Success
46865,2844,2148,2022-12-25,Success
15377,490,11461,2022-07-10,Cancelled by the passenger
18771,577,30683,2022-03-20,Cancelled by the passenger
12296,1370,16615,2022-06-15,Success
20231,2030,11475,2022-08-16,Success
23140,907,14102,2022-07-24,Cancelled by the passenger
17625,1209,17098,2022-10-23,Success
44911,2669,21600,2022-08-09,Success
37545,2194,7213,2022-10-27,Rejected by the driver
46117,2673,19639,2023-02-12,Rejected by the driver
23935,735,9387,2022-05-05,Success
52647,2047,21209,2022-12-18,Success
48958,2312,29802,2022-08-24,Success
43995,798,16302,2023-01-08,Rejected by the driver
24657,2198,27153,2023-03-21,Success
536,2873,15336,2022-09-08,Success
6612,703,8795,2022-06-01,Success
5062,1601,11766,2022-12-19,Success
48134,1712,26643,2022-03-17,Cancelled by the passenger
29100,303,17619,2023-01-06,Success
47167,2431,15973,2022-03-31,Success
24987,2777,11879,2023-03-01,Success
37447,2320,33468,2022-12-15,Success
44394,2247,23109,2022-09-19,Cancelled by the passenger
35325,2419,2126,2022-07-20,Success
30051,2142,3133,2022-12-28,Success
47203,2817,20163,2022-11-12,Success
32224,2150,19838,2022-10-02,Cancelled by the passenger
23523,918,8594,2022-04-26,Rejected by the driver
31059,2005,27044,2022-08-11,Success
30181,989,26172,2022-05-24,Rejected by the driver
5695,385,16782,2022-04-08,Success
50474,1774,3629,2023-01-20,Success
40519,176,36165,2022-11-28,Success
54527,1594,37450,2022-12-17,Success
55227,1339,16792,2022-09-05,Success
40845,2429,23110,2023-04-12,Success
20487,628,25293,2022-07-19,Success
5016,2682,7224,2022-12-13,Cancelled by the passenger
17467,1733,27187,2022-10-01,Success
28484,1458,19000,2022-09-21,Rejected by the driver
46053,2288,29520,2023-02-08,Success
2585,176,5289,2022-10-25,Success
52002,2675,35479,2023-01-01,Success
56126,2980,17203,2022-12-19,Rejected by the driver
94,2164,21789,2022-09-28,Rejected by the driver
54782,2760,38675,2022-11-17,Rejected by the driver
6257,1931,8097,2023-04-09,Rejected by the driver
11444,955,1008,2022-09-01,Success
19100,1693,37870,2022-08-27,Rejected by the driver
28758,948,9922,2022-10-12,Success
7771,861,1764,2023-03-21,Rejected by the driver
41002,736,35957,2022-11-03,Rejected by the driver
922,844,4875,2022-08-20,Cancelled by the passenger
46631,91,30022,2022-03-24,Success
12997,1253,17429,2022-06-22,Success
9074,2588,27820,2022-10-21,Success
55619,1220,22550,2022-09-07,Cancelled by the passenger
3879,1548,39802,2022-10-27,Success
55356,2595,4578,2023-01-07,Success
182,82,13408,2022-11-06,Success
38394,551,11984,2023-04-05,Success
54973,1689,39202,2022-11-12,Success
39133,933,10417,2022-03-21,Success
26573,1925,26364,2022-04-25,Success
47697,669,30497,2023-01-28,Rejected by the driver
57359,413,36936,2022-10-27,Success
42308,711,15280,2022-10-22,Rejected by the driver
52454,683,5903,2022-10-21,Success
53872,1157,32480,2023-03-10,Success
17012,278,880,2022-11-21,Success
22680,229,1533,2022-05-25,Success
26671,1903,35433,2022-07-10,Rejected by the driver
23984,87,24567,2023-04-03,Success
49983,2429,12044,2023-02-19,Success
45175,1869,12871,2022-07-14,Success
8812,317,31961,2022-07-22,Success
35542,1962,16407,2023-03-26,Success
36513,1747,10798,2022-04-26,Success
24855,766,6315,2023-03-06,Success
7689,1892,20893,2023-03-01,Success
40649,2610,22804,2023-01-15,Rejected by the driver
53207,231,13399,2022-12-26,Success
4988,903,27089,2022-05-19,Success
55542,2448,19859,2022-07-25,Success
55784,1565,38686,2023-01-02,Success
13853,2547,1037,2022-05-27,Rejected by the driver
18791,1594,13173,2022-08-29,Success
54511,2421,10630,2022-12-01,Success
50934,1736,1420,2022-05-04,Success
15352,1662,38676,2022-09-10,Success
29792,1187,29570,2022-11-22,Success
25438,674,21615,2022-03-17,Cancelled by the passenger
7169,885,30175,2023-01-03,Cancelled by the passenger
17295,2089,29453,2023-03-07,Rejected by the driver
45300,1448,25137,2023-04-03,Success
48368,2532,8369,2022-09-12,Success
44830,2896,19917,2022-08-06,Rejected by the driver
40424,1149,38248,2023-02-19,Success
37407,954,38353,2022-12-16,Success
24885,1173,17843,2022-08-01,Success
28471,2813,16449,2023-03-09,Success
7214,497,36597,2023-02-04,Rejected by the driver
38473,2023,8893,2023-01-06,Success
3622,1565,11741,2022-10-26,Success
45327,1940,4336,2022-09-25,Success
50430,232,7775,2023-01-30,Success
10891,274,452,2022-07-04,Cancelled by the passenger
15594,2577,21016,2022-05-24,Success
17992,1242,462,2023-03-11,Success
598,2529,33923,2022-04-04,Success
34178,2143,13675,2022-10-03,Success
21913,367,39336,2023-02-08,Success
26406,2988,18721,2023-01-29,Success
40914,1184,6555,2023-01-31,Success
28271,2010,4481,2022-10-31,Rejected by the driver
25637,2144,22619,2023-03-31,Success
35979,416,28273,2023-03-08,Success
30270,596,26633,2023-02-23,Success
1734,2022,28288,2022-06-24,Success
22836,1529,23572,2022-06-01,Rejected by the driver
56230,2924,27141,2023-03-20,Success
38762,2272,30912,2023-01-19,Success
45288,527,17888,2022-09-04,Rejected by the driver
52064,1867,15735,2023-02-12,Success
8775,1075,29120,2023-04-02,Success
20550,2001,14164,2022-04-28,Rejected by the driver
47650,684,26650,2023-01-23,Rejected by the driver
22273,162,20587,2022-12-18,Success
5201,561,20770,2022-10-23,Success
48652,695,21954,2022-05-26,Success
28016,2635,30260,2022-03-25,Success
57282,142,26942,2023-02-02,Rejected by the driver
42445,1207,35227,2022-03-14,Success
36948,1116,35287,2022-04-03,Success
54553,1774,32180,2023-02-08,Success
38782,2679,23382,2022-05-15,Success
41025,1384,18831,2022-04-07,Success
32203,819,17772,2023-01-18,Success
15100,2341,18502,2023-01-06,Cancelled by the passenger
41494,2774,8586,2022-11-14,Cancelled by the passenger
30445,1583,33070,2022-07-02,Success
40861,2323,3954,2022-04-27,Success
56961,1011,37081,2022-11-02,Success
46421,1365,3547,2023-01-09,Success
22586,478,5940,2022-12-11,Success
54965,2067,23819,2022-04-19,Success
39178,2009,9199,2022-06-06,Rejected by the driver
59924,2238,24735,2023-04-09,Rejected by the driver
600,558,1401,2022-08-23,Success
45894,1112,27676,2022-04-21,Success
47445,238,20246,2022-06-16,Rejected by the driver
14945,1121,10588,2022-12-08,Success
3515,1868,34143,2023-01-28,Rejected by the driver
59509,235,33853,2022-09-27,Success
40632,1366,25147,2022-11-03,Cancelled by the passenger
39478,2117,8609,2022-10-29,Success
57424,2605,18242,2022-09-18,Success
31153,2627,9874,2023-03-18,Success
11615,559,5135,2022-08-03,Success
54645,1191,33954,2022-12-09,Success
39266,2918,9929,2022-06-06,Success
176,1459,9551,2022-12-04,Success
17460,2939,16663,2022-03-26,Success
35338,2947,22182,2022-08-01,Success
58957,1268,10870,2023-03-20,Success
11982,2589,39530,2022-05-25,Success
461,110,9062,2022-03-31,Success
14744,1743,39684,2022-05-04,Success
47033,2726,26073,2022-06-29,Success
47090,912,22012,2022-08-20,Success
58173,1959,18281,2022-04-24,Success
15535,909,18514,2023-03-04,Success
13947,680,26008,2022-08-21,Cancelled by the passenger
18281,651,23811,2022-04-17,Success
57213,291,14605,2023-03-04,Cancelled by the passenger
8793,334,5342,2022-04-09,Success
23125,2696,10129,2023-02-06,Success
32304,2031,29784,2022-11-01,Rejected by the driver
11148,2242,5418,2022-04-20,Success
10732,893,38519,2022-07-31,Success
52484,2969,4754,2022-11-03,Success
12592,2922,17624,2023-04-10,Success
20814,1398,37268,2023-03-01,Success
36923,1831,2591,2022-04-21,Success
54644,2968,2893,2022-07-31,Rejected by the driver
36752,194,16232,2022-12-20,Success
59690,1548,6627,2022-03-28,Cancelled by the passenger
14450,2666,17265,2023-03-16,Success
3119,2008,11359,2022-06-13,Success
54571,2006,28723,2022-12-25,Success
13893,2392,28692,2023-04-07,Success
32633,1904,2070,2022-05-07,Success
48702,995,36747,2022-03-26,Rejected by the driver
9614,2456,4593,2022-12-04,Success
8932,2042,15934,2023-01-05,Cancelled by the passenger
53484,2533,13785,2023-01-15,Cancelled by the passenger
23219,1165,10859,2022-03-22,Success
4275,996,22624,2023-01-08,Rejected by the driver
37922,2436,38667,2022-11-03,Success
41992,369,36032,2022-08-04,Success
29010,1986,10162,2022-08-07,Success
11929,1391,1989,2022-09-30,Success
10447,106,10628,2022-10-05,Rejected by the driver
48201,2616,6448,2023-04-13,Success
7508,2099,13062,2022-07-10,Success
47401,483,23112,2022-03-14,Success
26792,736,26517,2023-01-03,Success
51142,447,36517,2022-07-31,Success
1367,2168,26964,2022-09-13,Success
11833,407,16790,2023-04-05,Success
53087,2236,4823,2022-05-25,Success
25990,2399,35790,2022-05-09,Success
29889,288,22973,2023-01-28,Success
5699,2962,17585,2023-03-24,Success
48093,219,18812,2022-11-18,Rejected by the driver
57691,721,8596,2022-12-18,Success
27138,2982,20069,2022-09-13,Success
8166,39,13243,2022-05-30,Success
47135,318,21274,2023-03-14,Rejected by the driver
23030,2376,25971,2022-05-19,Success
28328,2624,614,2022-10-31,Success
59307,1327,32170,2023-01-29,Success
2125,384,33018,2022-12-04,Success
48977,939,33453,2022-08-21,Success
29600,834,6483,2023-04-08,Success
17083,2764,37432,2022-09-07,Success
48168,1170,9444,2022-08-16,Rejected by the driver
24731,41,9704,2023-01-17,Cancelled by the passenger
56641,1936,13490,2022-12-16,Success
30195,1247,13297,2022-09-24,Success
12336,629,16914,2023-03-20,Success
10689,1826,1890,2022-08-11,Cancelled by the passenger
24519,1593,5248,2022-09-29,Success
58481,1966,8382,2022-11-06,Success
52646,1803,7705,2022-08-02,Success
762,1099,21681,2023-04-04,Success
12205,1034,38249,2023-04-13,Success
10259,1355,36141,2022-10-08,Success
47017,584,39352,2023-03-23,Rejected by the driver
50154,2329,34619,2022-06-28,Success
18715,1332,24192,2022-08-17,Success
25989,314,8556,2022-03-29,Success
3103,1389,18375,2022-09-05,Success
51040,883,10647,2022-07-11,Rejected by the driver
43335,1519,23781,2022-08-16,Success
33737,331,10557,2023-03-04,Success
37390,1739,22821,2022-06-23,Success
59533,2905,33271,2022-04-08,Success
30565,1599,36642,2022-10-09,Success
46043,1248,8199,2022-08-16,Cancelled by the passenger
38224,1952,24999,2023-03-09,Rejected by the driver
19335,2534,20119,2023-01-04,Cancelled by the passenger
42931,2236,1222,2022-09-14,Rejected by the driver
43404,2182,28509,2022-06-21,Success
58107,2548,36694,2023-03-03,Rejected by the driver
34676,1880,8794,2023-01-19,Success
49504,2179,15241,2022-04-13,Success
47338,1181,21015,2022-07-16,Success
5200,2658,10813,2022-08-19,Cancelled by the passenger
25802,922,5547,2022-07-19,Success
36102,1544,31983,2022-10-18,Success
32180,514,32311,2023-02-23,Success
18685,64,12894,2023-01-06,Success
34077,653,39593,2023-01-09,Cancelled by the passenger
33106,368,22110,2022-07-23,Success
42568,2017,2669,2022-12-08,Success
35000,222,35047,2022-07-25,Success
27290,2807,11428,2022-11-10,Success
10443,1610,5514,2022-04-20,Success
10532,2217,20421,2022-11-28,Cancelled by the passenger
34477,2075,23239,2022-03-21,Success
51451,2786,25706,2022-10-26,Success
13205,2083,13149,2022-12-03,Cancelled by the passenger
4612,15,19888,2022-06-07,Rejected by the driver
32879,2150,27528,2022-03-24,Rejected by the driver
50627,750,18160,2022-05-27,Success
5949,703,6742,2023-02-04,Rejected by the driver
39424,646,8243,2022-09-29,Success
4493,688,1498,2023-02-12,Success
8009,182,28088,2022-09-22,Success
21022,1795,25572,2022-10-03,Rejected by the driver
38573,2652,38892,2022-11-16,Success
9495,246,23513,2022-10-18,Success
23716,1541,16915,2022-10-26,Success
53800,112,11934,2022-11-25,Cancelled by the passenger
3390,854,10348,2023-02-09,Success
7219,1467,15382,2022-10-06,Rejected by the driver
58053,2066,34801,2022-08-11,Success
365,267,7555,2022-08-14,Success
24226,777,17874,2022-07-05,Cancelled by the passenger
46062,305,28015,2022-12-14,Success
56340,494,6285,2023-03-24,Success
17557,1379,25837,2022-09-08,Cancelled by the passenger
43502,84,30436,2022-10-07,Success
24716,1253,9100,2022-06-13,Success
39315,2532,31419,2023-03-09,Success
25547,402,35888,2023-02-28,Success
8354,1568,30978,2022-12-06,Success
29170,2593,16635,2023-01-09,Success
6436,669,6943,2022-10-31,Success
9487,2008,6960,2022-11-02,Success
14515,198,4313,2022-05-15,Success
37552,1658,22837,2022-05-29,Success
26790,775,18658,2022-05-28,Success
48111,1439,2315,2022-04-17,Success
12025,728,17542,2022-06-05,Cancelled by the passenger
1752,2169,29235,2022-08-23,Success
42465,2919,37686,2022-03-30,Rejected by the driver
24541,1274,11940,2022-09-05,Success
13527,2387,4327,2022-04-23,Cancelled by the passenger
26921,2350,26691,2022-09-20,Success
38153,2628,6554,2022-06-08,Rejected by the driver
26366,163,22877,2023-01-05,Cancelled by the passenger
418,2662,11992,2022-08-20,Success
12060,525,2718,2022-12-05,Cancelled by the passenger
8677,2257,6520,2023-01-26,Success
47189,2577,23370,2022-12-16,Rejected by the driver
36998,550,35256,2023-03-27,Success
51099,554,22114,2022-10-26,Success
58964,2445,25041,2022-12-06,Success
27170,2253,27116,2022-12-12,Cancelled by the passenger
56854,201,23403,2022-04-22,Success
25770,2179,38090,2022-09-22,Rejected by the driver
36660,100,9024,2022-05-12,Rejected by the driver
23242,2378,8677,2022-06-23,Success
37831,995,12520,2022-04-21,Rejected by the driver
49326,2385,35770,2023-02-04,Success
42659,1289,21295,2022-06-03,Success
44990,2173,38090,2023-03-30,Cancelled by the passenger
31598,128,12759,2023-03-28,Success
20790,638,36814,2022-06-07,Success
57495,2417,20519,2022-06-16,Success
32334,2349,26205,2023-03-09,Rejected by the driver
20671,1085,39351,2022-12-07,Rejected by the driver
51710,584,19176,2022-03-19,Success
17410,693,28809,2022-05-16,Success
54564,1352,21430,2023-01-29,Success
44741,1484,4247,2023-03-20,Success
6261,889,34288,2022-08-09,Success
23560,2313,23719,2022-05-19,Cancelled by the passenger
29002,781,37484,2022-04-18,Success
44750,2995,20536,2022-05-15,Success
47121,1721,33458,2022-04-29,Success
17059,1875,23401,2022-05-02,Rejected by the driver
28334,1617,15362,2022-05-10,Success
59717,2693,37181,2023-01-24,Rejected by the driver
29039,2092,6874,2022-10-06,Rejected by the driver
49655,1670,21970,2022-11-07,Success
20969,1681,16074,2022-07-19,Success
2265,503,2559,2023-02-07,Success
49491,1345,39771,2022-05-19,Success
25709,318,14316,2022-07-29,Success
41839,144,1711,2023-02-18,Rejected by the driver
19642,1803,10374,2022-08-19,Success
16979,2859,8256,2022-04-24,Cancelled by the passenger
19401,2859,27035,2023-02-05,Cancelled by the passenger
52823,1488,2061,2023-02-10,Success
38492,1932,16928,2022-11-28,Rejected by the driver
59132,563,35253,2022-05-11,Success
15001,201,29017,2022-10-08,Success
5982,2444,29171,2023-01-18,Rejected by the driver
49240,2315,32657,2022-07-24,Success
38771,823,26710,2022-10-07,Cancelled by the passenger
50388,632,1903,2023-01-12,Rejected by the driver
9587,2312,39325,2022-06-22,Success
17400,2756,31165,2022-07-19,Success
9890,706,22351,2022-12-27,Cancelled by the passenger
39356,2709,18097,2022-07-31,Success
23429,2311,13232,2023-03-30,Success
45687,788,27250,2023-01-26,Success
20697,2115,28723,2022-09-22,Success
39756,2486,38224,2022-05-23,Success
12662,1804,39698,2022-12-12,Success
40069,956,19634,2022-03-25,Success
38786,974,2462,2022-10-23,Success
34883,2689,36509,2022-03-18,Rejected by the driver
28178,513,18159,2022-06-22,Rejected by the driver
49709,1158,3346,2022-03-28,Success
5055,1315,180,2023-01-05,Success
3463,454,20600,2022-05-15,Success
32305,984,21978,2022-11-25,Rejected by the driver
29535,480,22647,2022-11-02,Success
29038,2722,13505,2023-02-16,Success
9253,1298,5306,2023-03-17,Rejected by the driver
17469,2098,10893,2022-05-02,Rejected by the driver
54689,1847,12388,2022-06-07,Success
10570,1654,16350,2023-01-31,Cancelled by the passenger
54765,2079,34644,2022-12-22,Success
26896,1654,12320,2023-03-07,Success
18623,2026,28007,2022-08-30,Cancelled by the passenger
57104,2638,36749,2022-09-11,Success
2473,2128,21942,2022-05-01,Success
40888,1437,12677,2023-01-26,Success
20048,2096,23241,2022-11-13,Cancelled by the passenger
4754,416,14783,2022-12-21,Success
58426,1110,32564,2022-12-15,Cancelled by the passenger
43629,2603,19934,2022-06-20,Success
47147,565,29891,2022-06-06,Success
7886,49,26008,2022-09-27,Success
8431,2045,34431,2022-06-07,Success
53760,2010,6855,2022-06-02,Success
18223,2687,35403,2022-12-07,Success
14978,132,4571,2022-09-11,Cancelled by the passenger
57919,277,31994,2022-11-01,Success
58502,2329,2936,2022-12-28,Success
43799,2863,30008,2022-12-22,Success
58535,2962,10638,2022-08-14,Success
45818,1051,17818,2022-11-23,Success
34687,728,4607,2022-09-08,Cancelled by the passenger
20366,721,5010,2023-02-05,Success
53828,425,15600,2022-07-24,Success
6487,211,18538,2022-11-17,Success
14369,337,6361,2022-08-30,Rejected by the driver
28678,1180,21548,2023-02-18,Rejected by the driver
57485,2083,6113,2022-05-21,Success
26094,1238,5461,2022-07-24,Success
11392,353,9779,2022-06-02,Success
16225,910,5151,2023-03-25,Success
2263,1749,7282,2022-06-27,Success
32766,2904,38311,2022-08-31,Success
46278,1378,11919,2023-01-26,Success
15368,2538,9093,2022-11-22,Cancelled by the passenger
35737,2465,9102,2023-01-04,Success
33909,1101,22663,2023-01-30,Rejected by the driver
1443,285,27005,2023-02-07,Cancelled by the passenger
38610,918,14091,2022-10-05,Rejected by the driver
8208,1094,5140,2022-10-01,Success
7838,2125,556,2022-07-05,Success
31784,1042,31880,2022-05-14,Success
8375,1620,12227,2022-12-21,Success
58844,899,10464,2022-11-09,Rejected by the driver
1583,2127,14359,2023-01-03,Success
45994,2688,11704,2022-10-28,Success
1989,1132,22937,2023-03-20,Success
51534,1013,20006,2022-12-19,Rejected by the driver
43405,1056,35807,2022-05-25,Success
49791,2274,12220,2022-08-04,Rejected by the driver
57531,2128,22698,2023-02-04,Success
56526,1483,39836,2022-06-20,Rejected by the driver
35377,1263,19955,2023-01-24,Rejected by the driver
21448,2574,19299,2022-04-18,Rejected by the driver
53534,2556,7903,2022-03-13,Success
54342,276,22966,2023-01-06,Success
27062,2166,36647,2023-04-10,Rejected by the driver
57235,2831,5306,2022-12-26,Success
38439,2379,22755,2022-09-09,Success
10306,1046,12946,2022-06-16,Success
18462,337,6962,2022-03-21,Success
11775,126,25920,2022-03-27,Success
19792,1516,13751,2022-11-27,Rejected by the driver
41116,70,7170,2023-03-07,Cancelled by the passenger
37427,130,8855,2022-03-30,Success
40277,225,20379,2023-02-26,Success
39747,421,15156,2022-07-27,Success
22526,1434,16249,2022-09-09,Success
2733,34,31099,2022-08-13,Success
20685,2927,80,2022-07-08,Cancelled by the passenger
42693,1921,20070,2022-12-10,Success
5974,2246,8260,2023-01-08,Success
35572,2954,2405,2022-07-04,Success
13480,462,30010,2023-01-16,Success
406,692,10291,2022-08-12,Success
21924,475,13402,2023-01-27,Success
4770,2457,3942,2022-06-14,Rejected by the driver
15858,1898,11006,2022-05-10,Success
18885,608,20601,2022-05-25,Success
59361,651,17316,2023-04-14,Cancelled by the passenger
15768,2127,26121,2023-03-18,Success
41780,1681,5038,2022-05-18,Cancelled by the passenger
19720,1853,14309,2022-12-30,Success
1060,1950,28740,2022-07-25,Success
5545,2489,26701,2022-07-26,Cancelled by the passenger
37418,2113,33012,2022-09-02,Success
9842,85,19659,2022-11-27,Success
45162,1708,31745,2022-05-08,Success
59202,2574,20314,2022-12-11,Success
9773,100,25185,2022-04-16,Success
16298,2646,28774,2022-05-12,Success
8907,2583,23126,2022-09-03,Success
41431,812,17323,2023-01-31,Success
16337,3,30739,2022-09-16,Success
13243,1516,7695,2023-03-09,Rejected by the driver
37356,2772,9317,2022-09-19,Success
39070,1780,20506,2023-02-27,Success
56076,817,33933,2022-10-05,Rejected by the driver
30647,600,25066,2022-05-10,Success
2188,2417,1401,2023-03-02,Success
36126,105,12819,2022-05-19,Success
49391,1257,753,2022-11-30,Success
36787,1926,38716,2022-09-24,Success
54387,827,18191,2022-05-16,Success
4837,797,16393,2022-08-22,Success
18878,1793,123,2022-09-30,Success
41523,1525,38280,2022-04-11,Success
31039,22,5821,2022-10-07,Success
15441,968,14019,2022-05-05,Rejected by the driver
12676,795,1144,2023-02-16,Success
47185,24,21823,2022-04-26,Success
51379,42,6767,2022-11-21,Rejected by the driver
25518,2351,31002,2022-03-30,Success
38402,1413,16559,2022-08-24,Success
50156,551,17672,2022-05-27,Success
2151,2183,36321,2022-07-20,Cancelled by the passenger
55194,1102,4499,2023-02-28,Success
39209,772,3244,2022-09-02,Rejected by the driver
10624,844,31927,2022-12-15,Success
23978,101,12343,2022-11-06,Success
7439,1815,20608,2022-06-04,Rejected by the driver
4413,594,26907,2022-12-22,Success
35791,2989,8923,2022-08-19,Success
8748,1358,13431,2023-01-23,Success
18237,745,33145,2022-10-02,Cancelled by the passenger
23049,763,18471,2022-07-07,Success
6345,1901,7479,2023-01-27,Rejected by the driver
58596,1250,8847,2022-07-23,Success
49242,158,21922,2023-01-18,Success
13467,292,16427,2023-01-07,Success
55445,2323,6619,2022-06-04,Success
198,1433,21523,2022-08-03,Success
4242,1511,15737,2022-05-11,Rejected by the driver
24042,141,30896,2023-01-05,Success
15932,1536,13400,2022-09-29,Cancelled by the passenger
14992,1356,36502,2023-03-09,Success
32471,1154,38313,2023-02-22,Success
57730,1495,36761,2022-11-15,Success
8833,2332,11252,2022-09-05,Rejected by the driver
3346,1697,26825,2023-04-12,Cancelled by the passenger
30295,1338,17028,2022-11-10,Success
12830,2696,38553,2022-06-30,Success
20209,1273,36041,2022-05-09,Success
41563,2368,4776,2022-10-02,Success
286,357,25061,2023-01-08,Success
38520,2365,24189,2022-06-08,Cancelled by the passenger
1690,2627,19482,2023-03-07,Success
55809,1845,23513,2023-02-21,Rejected by the driver
16245,2778,8468,2023-01-31,Success
30721,2986,4691,2022-11-11,Success
30831,1852,6080,2022-05-14,Rejected by the driver
2718,2551,10417,2022-08-18,Rejected by the driver
25675,1851,4112,2022-10-02,Rejected by the driver
53237,2462,16191,2022-06-14,Success
38599,1351,16704,2022-06-15,Success
30334,64,4403,2022-12-10,Rejected by the driver
26168,2572,35462,2023-03-07,Rejected by the driver
14511,2509,35768,2022-10-05,Success
10158,1292,11869,2022-11-10,Rejected by the driver
1891,556,37929,2022-12-19,Success
8334,211,30294,2022-12-31,Success
5894,697,20928,2022-05-20,Success
29571,1545,19755,2022-11-11,Cancelled by the passenger
31483,281,4582,2022-09-01,Success
44887,2,29574,2023-03-12,Rejected by the driver
45099,2947,8707,2022-05-28,Cancelled by the passenger
7350,2629,13694,2023-04-03,Success
15782,2019,29592,2022-12-13,Success
30038,1460,10207,2022-09-10,Success
51541,146,32335,2022-07-18,Success
19408,154,38602,2022-08-24,Success
41470,2188,31207,2022-05-27,Success
18412,1398,6030,2022-07-18,Success
42767,2728,14654,2022-07-06,Success
9539,98,32812,2022-08-31,Success
6854,1055,25994,2023-01-03,Success
38406,716,26185,2022-08-05,Success
54756,181,2422,2022-07-06,Success
12193,1459,8082,2022-08-28,Success
12852,29,24138,2022-10-11,Success
19583,2257,29660,2022-12-17,Success
4968,765,23959,2022-08-15,Success
14209,1830,17786,2022-04-24,Rejected by the driver
2291,1507,3943,2022-09-15,Success
22538,503,18016,2022-06-28,Success
7349,2307,19979,2022-10-02,Success
13605,2033,13344,2022-11-20,Success
41185,1794,531,2022-09-07,Success
28007,1723,13456,2022-12-16,Success
33717,246,16157,2022-03-25,Success
3070,1266,33833,2022-06-10,Cancelled by the passenger
40133,474,24634,2022-10-08,Success
47862,2065,14698,2022-10-03,Success
29036,1318,8848,2023-02-19,Success
21113,2175,19451,2022-09-02,Rejected by the driver
13145,465,18406,2023-03-14,Success
34405,976,12486,2022-06-28,Rejected by the driver
15351,2759,27740,2022-05-09,Success
30783,47,27897,2022-07-21,Success
6450,2248,1000,2022-07-31,Success
2290,1351,14214,2022-10-06,Cancelled by the passenger
25689,1308,34815,2022-11-01,Success
6292,131,21639,2022-08-23,Success
6504,2695,26952,2022-03-18,Success
10484,1436,4079,2022-07-12,Success
1899,1945,33629,2022-12-01,Success
59031,1899,3880,2022-07-20,Success
39189,2149,30569,2022-04-01,Success
7045,311,13714,2023-03-30,Success
16551,2234,13483,2022-12-30,Rejected by the driver
21308,1953,29009,2023-03-22,Success
4497,318,10485,2022-07-21,Success
48579,1704,37601,2022-08-10,Rejected by the driver
37291,2937,18042,2022-07-31,Rejected by the driver
42715,1503,34907,2023-01-23,Success
5119,2846,1875,2022-07-21,Success
12513,1418,311,2022-09-26,Rejected by the driver
27152,384,6122,2022-06-03,Rejected by the driver
53113,213,29084,2023-03-17,Success
15401,2223,18899,2023-02-17,Cancelled by the passenger
50309,1409,35479,2022-07-02,Success
25329,709,3493,2022-04-19,Success
26636,1202,24493,2022-06-05,Success
56293,2267,25357,2022-08-18,Success
32772,2344,27504,2023-03-18,Success
10124,702,25512,2022-07-20,Success
35501,1552,3985,2022-10-02,Success
2140,2339,23980,2023-01-29,Success
41235,1609,34821,2022-07-18,Cancelled by the passenger
58642,476,35797,2022-04-11,Rejected by the driver
35481,1004,25156,2022-04-30,Success
43953,2655,17741,2022-06-19,Success
55082,1879,18486,2023-04-05,Rejected by the driver
27023,1016,23526,2022-11-24,Success
36979,1477,3581,2022-06-14,Success
13549,128,34592,2023-03-19,Success
7026,767,28381,2022-07-22,Success
37606,945,37796,2023-02-24,Rejected by the driver
50413,2105,5361,2023-03-23,Success
18251,2902,34962,2022-12-16,Success
6165,2345,22698,2023-02-03,Success
3833,2803,4450,2022-04-08,Success
13246,1327,23844,2023-03-16,Success
14461,2572,15273,2022-09-23,Success
48356,1229,27134,2022-03-28,Success
27938,586,25343,2022-12-24,Cancelled by the passenger
39346,2137,36028,2022-10-24,Success
48572,2433,21803,2022-11-18,Success
6864,1452,33947,2023-01-08,Success
33518,2995,20489,2022-05-15,Success
36080,2230,30789,2022-06-03,Success
57731,1947,10047,2022-11-12,Success
5110,2740,36321,2022-08-18,Success
55711,1043,37313,2023-02-05,Success
18552,1797,19316,2023-03-24,Success
47367,631,11637,2022-06-14,Cancelled by the passenger
8520,2859,6208,2022-11-07,Cancelled by the passenger
5454,1005,12795,2022-04-02,Rejected by the driver
13343,1052,17451,2022-09-25,Rejected by the driver
45015,98,22018,2022-09-05,Success
20861,803,31193,2022-05-16,Cancelled by the passenger
59421,2535,11063,2022-10-19,Success
32527,1001,19381,2022-03-18,Success
53998,1500,9957,2022-03-12,Success
46196,2429,26518,2022-12-27,Success
53142,2865,9208,2022-12-29,Success
15945,1607,10359,2022-04-12,Success
13515,2474,13990,2022-04-17,Success
14463,2146,17684,2022-11-01,Success
53626,1033,11324,2022-04-09,Success
21133,2612,26291,2022-11-23,Success
33330,255,27007,2023-01-31,Cancelled by the passenger
23287,2483,28706,2022-05-07,Success
9371,10,39310,2022-08-26,Rejected by the driver
9939,998,35305,2022-03-27,Cancelled by the passenger
48715,1713,39025,2023-03-30,Success
872,2611,21862,2022-10-16,Success
48659,628,35692,2023-01-26,Success
35239,1117,34432,2023-03-29,Cancelled by the passenger
28759,2691,39371,2023-02-17,Success
29764,2587,11532,2022-07-29,Success
4062,722,16864,2022-11-17,Success
58776,784,39620,2022-04-11,Success
44135,1584,15600,2022-04-19,Success
5733,471,34101,2023-04-02,Success
43921,2072,33221,2022-05-07,Rejected by the driver
59727,862,21989,2022-08-27,Success
30114,1332,11083,2022-11-22,Success
7417,1215,13672,2022-12-05,Success
32889,1357,39606,2022-09-06,Success
19278,491,28822,2023-03-16,Success
7823,1017,21014,2022-06-29,Success
36252,1165,15950,2023-01-12,Success
34776,2747,23788,2022-08-07,Cancelled by the passenger
58569,670,26357,2022-03-14,Cancelled by the passenger
13838,2527,38240,2022-04-03,Success
9901,2455,18269,2023-02-27,Success
11625,2988,23057,2022-10-04,Rejected by the driver
7244,792,15921,2022-04-21,Success
45548,669,16216,2023-02-13,Cancelled by the passenger
8199,401,8948,2022-08-15,Success
10261,2537,36960,2022-12-19,Success
36458,977,31173,2022-03-20,Success
13601,365,10250,2023-03-01,Success
52330,664,19458,2022-03-27,Success
50266,180,18695,2022-12-04,Success
19588,1535,33262,2022-08-01,Success
25740,2579,25868,2022-08-03,Success
27743,1064,7609,2022-08-18,Rejected by the driver
19219,1905,22140,2023-01-28,Success
56179,14,26054,2022-04-26,Rejected by the driver
160,2009,24055,2023-01-25,Success
26048,2952,23876,2022-10-02,Success
19331,2844,18913,2022-10-04,Success
25308,2687,24436,2022-11-09,Success
45739,2049,21959,2022-07-11,Success
9040,1177,21054,2022-04-05,Success
31868,2675,10221,2022-09-28,Success
5499,2346,17507,2022-10-16,Success
4184,904,13922,2022-08-04,Rejected by the driver
1284,97,29043,2022-11-10,Success
59331,605,16224,2023-03-24,Success
26631,2219,39207,2023-03-04,Rejected by the driver
56576,1697,14974,2022-10-02,Cancelled by the passenger
14617,889,39640,2022-09-09,Cancelled by the passenger
377,2111,11530,2022-10-02,Success
37554,1821,2754,2022-04-13,Cancelled by the passenger
5343,988,16751,2022-09-14,Success
23163,497,29875,2022-07-10,Success
30429,1919,32522,2022-11-11,Success
25428,2545,36312,2022-11-15,Success
30222,652,13146,2022-09-21,Rejected by the driver
15728,2512,24758,2022-09-10,Success
38935,1263,12592,2022-08-27,Rejected by the driver
19341,2627,18281,2022-07-15,Success
56008,660,32089,2022-05-26,Success
4076,103,37814,2022-11-11,Success
43044,890,33277,2023-03-25,Success
48163,1838,13656,2022-12-04,Success
50696,62,4844,2023-01-06,Success
55283,1409,9186,2022-10-21,Cancelled by the passenger
37619,2251,31772,2022-11-23,Cancelled by the passenger
58884,2168,23462,2022-09-28,Success
25307,2632,29698,2022-07-24,Success
19705,733,18225,2022-08-31,Success
1550,2815,1651,2023-02-13,Success
21204,805,29562,2022-09-11,Rejected by the driver
39395,2205,15841,2022-10-26,Rejected by the driver
53162,1941,3501,2022-07-10,Success
22530,1631,20761,2023-02-13,Rejected by the driver
27181,1713,35501,2023-02-28,Success
53331,544,17017,2022-09-24,Success
51830,2014,4061,2023-04-09,Success
48808,2682,13205,2022-04-03,Cancelled by the passenger
55623,2767,31637,2022-09-11,Rejected by the driver
12334,2902,19743,2022-03-15,Cancelled by the passenger
28112,1102,29767,2022-12-13,Success
48313,2311,19493,2022-09-01,Success
23275,815,29455,2022-03-26,Rejected by the driver
40248,2724,31345,2022-12-03,Success
28182,270,9441,2022-04-19,Success
1382,1883,20337,2022-10-03,Success
21284,793,2943,2022-11-01,Rejected by the driver
27206,1469,38530,2022-03-18,Success
28144,2761,12358,2022-06-12,Success
39297,1625,32233,2022-07-20,Cancelled by the passenger
35768,2365,33548,2023-02-16,Success
54730,2684,34820,2022-06-06,Cancelled by the passenger
47780,1144,23191,2023-04-01,Success
46248,1927,29218,2022-08-08,Success
52610,566,37827,2022-09-19,Success
54272,841,21191,2022-12-25,Success
31730,504,33067,2022-07-30,Success
46661,354,24363,2023-02-23,Success
46069,2758,12381,2022-08-29,Success
15567,1047,39797,2022-05-31,Success
47833,2181,21035,2022-06-18,Cancelled by the passenger
15660,1881,24428,2022-11-22,Success
57770,1486,25641,2023-01-04,Success
47777,891,28255,2023-03-06,Success
50568,881,2432,2022-04-29,Success
31814,1152,1035,2022-12-20,Success
56436,341,21569,2022-12-21,Success
31490,297,36358,2022-07-24,Success
19262,2875,36974,2022-09-10,Success
22215,1309,1305,2022-12-14,Success
50915,645,328,2022-05-29,Success
18904,2609,17218,2023-04-04,Success
56283,555,25962,2023-01-26,Success
21514,946,4689,2022-10-07,Success
59667,667,25240,2022-06-08,Success
6643,2,15333,2022-10-16,Success
43699,2114,35476,2022-04-02,Success
41766,2170,26546,2022-11-30,Success
10429,2720,9992,2022-07-08,Success
19841,2345,33925,2022-07-28,Success
55006,1416,32259,2023-01-27,Success
54386,1071,21871,2022-06-27,Success
10541,1400,11363,2023-04-14,Success
53089,896,30243,2023-04-09,Success
10279,851,9391,2022-12-13,Success
47328,1094,28097,2022-08-24,Rejected by the driver
2492,779,16943,2022-12-22,Success
34516,2744,28750,2022-07-07,Cancelled by the passenger
20010,2897,6553,2022-04-13,Success
49803,318,32807,2022-08-24,Success
54241,2015,29086,2022-11-22,Success
18694,1463,7490,2022-07-22,Rejected by the driver
34797,2569,29166,2022-11-29,Success
45566,1081,32782,2022-12-04,Success
53251,2861,30954,2022-05-10,Success
1228,2168,33199,2022-12-18,Success
6596,367,6875,2022-11-27,Success
53284,1855,20549,2022-03-19,Cancelled by the passenger
18166,1414,19511,2022-03-24,Success
31752,2510,15167,2023-03-02,Success
6990,2783,24874,2022-12-28,Success
50539,1065,38265,2022-11-20,Success
10178,1087,1064,2022-04-15,Success
54045,2343,32955,2022-09-28,Rejected by the driver
11992,1220,15511,2022-10-18,Rejected by the driver
21184,1739,37284,2023-03-22,Cancelled by the passenger
53981,175,4083,2022-08-06,Success
19397,228,33214,2022-06-05,Success
40702,2274,38613,2022-07-20,Success
49833,2611,15830,2022-06-04,Success
51615,1007,25421,2022-03-18,Success
21274,2762,31801,2023-02-16,Success
16765,1655,1730,2022-12-25,Rejected by the driver
13402,921,16195,2022-07-18,Cancelled by the passenger
57883,2618,6095,2022-06-05,Success
48294,1811,17532,2022-08-13,Success
10129,836,12920,2022-05-25,Cancelled by the passenger
54313,2150,13840,2023-02-19,Success
53924,2786,18737,2023-01-21,Cancelled by the passenger
39212,235,1664,2022-07-28,Rejected by the driver
50476,209,28119,2022-06-15,Success
47364,2057,12416,2023-01-25,Success
28657,2959,3298,2022-04-21,Success
15455,1069,27187,2022-05-05,Rejected by the driver
12426,2452,30411,2023-02-28,Success
2134,67,10052,2023-04-11,Success
42164,2921,32575,2023-03-10,Cancelled by the passenger
4972,2253,27039,2022-07-23,Success
51632,2347,5659,2023-04-12,Success
45646,2955,2011,2023-04-08,Success
13260,2830,23528,2023-01-03,Success
38828,1114,20635,2022-05-24,Success
21492,2061,31386,2022-12-02,Success
10870,1463,30205,2022-10-23,Success
26731,2772,8236,2022-06-10,Success
56295,1777,17879,2022-12-14,Success
34152,1026,7013,2022-06-15,Success
11456,1455,31068,2022-05-25,Success
11827,2957,354,2023-03-07,Cancelled by the passenger
46968,1536,29057,2023-02-05,Success
34756,2683,32430,2022-08-31,Success
28925,232,3424,2022-05-08,Success
1223,2309,18100,2022-03-22,Success
1940,1086,24525,2022-07-01,Success
9307,2949,6888,2022-09-24,Success
9120,748,35106,2022-10-12,Success
53492,402,10596,2022-06-02,Rejected by the driver
50409,1430,25379,2022-08-12,Success
7074,1617,1640,2022-12-16,Success
25975,19,13932,2022-04-13,Success
23758,1712,30302,2022-09-23,Success
15555,2729,29698,2022-12-08,Success
40097,324,37216,2023-04-11,Success
5877,1982,25558,2022-04-07,Success
12001,1895,7105,2022-07-31,Success
89,1590,34639,2022-05-31,Success
13875,2102,31137,2022-05-05,Success
17434,2037,2390,2022-11-17,Success
50129,603,6816,2023-03-22,Success
7856,1903,15533,2022-10-30,Success
3073,2868,4135,2022-06-10,Success
52778,2651,21584,2023-04-10,Success
20714,150,30699,2023-04-09,Cancelled by the passenger
43207,1855,29874,2022-04-17,Success
53963,368,32246,2023-02-18,Rejected by the driver
26895,2011,16740,2023-02-27,Success
38976,1904,24471,2023-04-12,Success
3309,1271,34694,2023-01-04,Success
30255,2081,1275,2022-10-10,Success
35732,177,20419,2022-07-01,Success
46064,385,18780,2023-03-13,Success
13525,2420,19365,2022-08-01,Success
18248,110,23631,2022-05-27,Success
44163,1263,21250,2023-03-21,Success
16372,371,10916,2022-04-13,Cancelled by the passenger
7123,544,35026,2022-09-22,Success
50387,1779,13929,2023-04-02,Success
32349,2759,31657,2022-04-06,Success
23254,100,36099,2022-12-14,Success
5365,1945,32211,2022-09-11,Success
59080,2136,672,2023-04-09,Success
29198,874,6351,2022-08-19,Rejected by the driver
55787,2912,24105,2022-03-22,Success
46915,1346,23440,2022-06-06,Success
7557,1794,38468,2023-02-26,Success
12104,300,20956,2022-04-18,Cancelled by the passenger
58109,500,37243,2022-10-17,Cancelled by the passenger
44287,2723,32940,2022-11-25,Cancelled by the passenger
22367,893,14050,2022-09-16,Cancelled by the passenger
25361,2966,20749,2022-08-10,Success
58328,2089,36316,2022-07-26,Success
23886,349,12414,2023-04-14,Success
2544,2095,9003,2022-09-08,Success
46989,49,5529,2023-01-19,Success
2822,1756,35530,2023-03-06,Success
58373,1486,17180,2023-02-09,Success
56605,2225,27381,2022-04-30,Cancelled by the passenger
51410,1624,37647,2023-03-24,Success
39186,1550,34,2022-10-01,Success
11939,2598,37221,2022-11-26,Rejected by the driver
3161,1438,37662,2023-03-21,Success
31087,233,38563,2022-08-31,Success
22571,383,29022,2022-12-27,Success
34733,2378,13588,2023-01-09,Success
39021,2138,16576,2022-07-17,Success
39593,1161,1997,2022-10-22,Success
