ride_id,driver_id,passenger_id,date,status
55444,2543,18029,2022-08-17,Success
29328,1398,19350,2023-01-20,Success
1541,1735,19552,2022-10-21,Success
45010,2226,31242,2022-10-02,Success
50333,470,11325,2022-10-14,Success
44810,907,38435,2022-03-16,Cancelled by the passenger
14697,434,10959,2022-10-02,Rejected by the driver
38789,665,10270,2022-09-19,Rejected by the driver
55201,1545,21305,2022-04-22,Success
13112,1200,8793,2023-02-06,Success
55155,2487,30655,2022-05-30,Success
1921,1664,33254,2023-04-15,Success
57442,2400,36302,2022-04-01,Success
5954,131,6453,2022-11-20,Cancelled by the passenger
58164,1936,30828,2022-07-08,Success
34933,2113,4991,2023-01-16,Cancelled by the passenger
34528,345,22326,2023-02-17,Success
1410,1341,6090,2022-03-25,Success
55107,1579,13692,2023-01-26,Cancelled by the passenger
32239,1159,27705,2022-04-20,Success
9944,745,18675,2022-05-09,Success
7593,2320,12731,2023-03-26,Success
37626,2298,34250,2023-01-24,Success
45737,811,24211,2022-07-30,Success
44894,1692,39791,2022-07-17,Cancelled by the passenger
51112,533,38339,2022-11-25,Success
20112,2202,26821,2022-10-24,Success
27964,2576,13369,2022-08-29,Success
58317,449,19493,2023-02-26,Success
38581,743,15712,2022-05-03,Success
58071,1331,29947,2022-05-21,Rejected by the driver
54301,1400,248,2022-04-04,Success
29066,1609,25908,2022-07-01,Cancelled by the passenger
37649,1264,24888,2022-09-05,Success
41856,2855,18266,2022-08-21,Success
45382,2972,21075,2022-04-14,Rejected by the driver
38959,1930,19844,2022-09-30,Success
35464,337,20717,2022-09-13,Success
49778,1720,1756,2022-05-19,Success
54829,188,5014,2022-07-03,Success
33112,2245,14653,2022-12-12,Success
21551,139,32118,2023-01-01,Rejected by the driver
20267,776,12557,2022-08-11,Success
13726,812,34383,2023-01-07,Success
41194,1611,14607,2022-11-27,Success
1472,688,38496,2022-07-15,Success
7841,1311,1836,2022-07-10,Success
21139,392,39547,2023-01-27,Success
39922,2034,26039,2022-09-27,Success
49346,1195,35252,2022-11-26,Cancelled by the passenger
15595,2307,16882,2022-10-08,Success
35551,2724,8885,2022-04-09,Rejected by the driver
3739,1044,31397,2022-10-16,Success
57470,1810,5227,2022-10-08,Success
37382,210,7921,2022-11-06,Success
38606,1597,37070,2022-05-11,Rejected by the driver
18784,2815,2240,2022-07-10,Success
42155,613,22,2023-03-10,Success
55031,1945,34367,2022-07-26,Success
44259,1787,17330,2023-01-07,Success
15347,1709,27933,2023-02-04,Success
12723,2811,34779,2023-02-04,Cancelled by the passenger
44017,2944,23139,2023-03-29,Cancelled by the passenger
56609,634,834,2023-01-05,Success
3273,2825,26752,2022-11-28,Success
2941,2080,19910,2022-10-01,Success
54204,2726,35930,2022-11-10,Success
32099,2975,14853,2022-07-23,Success
41914,528,21103,2022-05-14,Cancelled by the passenger
19955,1358,12024,2022-09-26,Success
32543,1605,18136,2022-04-18,Rejected by the driver
25352,1140,12506,2023-02-27,Cancelled by the passenger
50048,2721,1679,2022-10-16,Success
22312,2150,30433,2023-03-28,Success
8970,2292,24846,2023-01-15,Success
56988,1778,29555,2023-03-08,Success
21328,465,35731,2022-11-26,Success
16154,2306,9617,2022-10-09,Cancelled by the passenger
48707,2083,19285,2022-03-13,Rejected by the driver
36558,1961,35178,2022-05-18,Success
47829,771,7398,2022-03-20,Rejected by the driver
2481,150,5795,2023-04-05,Cancelled by the passenger
4735,1026,11784,2022-11-17,Success
20081,2425,11373,2022-06-02,Success
54022,1974,3215,2022-10-24,Success
50990,251,13755,2022-04-17,Success
26993,503,12267,2022-08-08,Success
39857,1270,3500,2023-02-09,Success
31857,2640,6160,2023-01-04,Success
28890,1094,12211,2022-11-07,Success
48984,1006,29891,2023-02-14,Success
9358,516,25974,2022-08-24,Success
18608,786,25947,2022-03-16,Rejected by the driver
55932,2744,22159,2022-12-01,Success
31328,2450,19974,2022-03-26,Success
3553,2905,35543,2023-03-11,Cancelled by the passenger
10004,2863,11226,2022-12-01,Cancelled by the passenger
9899,1024,31612,2022-05-11,Success
24241,2089,1178,2022-05-26,Success
37858,2537,23413,2022-08-15,Rejected by the driver
17794,1664,4306,2022-03-13,Success
53991,1031,297,2023-01-24,Success
23527,2666,30981,2022-10-15,Success
17995,2814,16431,2022-10-14,Rejected by the driver
28350,1657,39525,2022-12-10,Success
16385,889,3404,2022-12-19,Success
5377,2662,37956,2023-02-02,Success
44556,2957,8069,2022-10-25,Success
52837,2170,30364,2023-03-13,Rejected by the driver
17218,2429,3789,2022-11-02,Success
50754,268,2824,2022-09-29,Cancelled by the passenger
54821,1050,9210,2023-04-04,Success
19853,1468,21705,2023-01-09,Success
6116,1454,8547,2023-04-01,Cancelled by the passenger
49026,707,8682,2022-07-16,Success
22107,1930,23669,2022-04-15,Success
6176,2863,6956,2022-12-05,Success
10262,1397,17408,2022-11-24,Success
31501,233,20834,2022-07-28,Success
19975,236,39868,2022-06-01,Success
52461,2489,36107,2022-08-16,Success
41130,2383,34274,2022-08-11,Success
10990,150,19750,2022-06-30,Success
19867,2152,22710,2022-08-09,Success
58735,1933,14422,2022-08-11,Success
55900,1157,36450,2022-07-31,Success
19648,1235,38608,2023-03-12,Success
28569,968,25335,2023-02-28,Success
2262,2496,5953,2022-06-29,Success
34758,228,13573,2022-11-29,Success
51688,2411,24227,2023-02-16,Success
53086,890,32905,2022-09-02,Success
17440,1730,25963,2022-03-24,Success
5293,2732,29229,2022-05-01,Rejected by the driver
45214,2336,14830,2023-02-20,Success
6674,2895,17295,2023-01-22,Success
26207,1821,15893,2022-10-11,Success
38543,1850,9482,2022-03-17,Success
19804,2056,100,2022-05-16,Cancelled by the passenger
54153,2789,3891,2022-07-11,Success
36704,2566,22721,2022-10-21,Success
55243,2740,23339,2022-08-25,Success
1203,2057,18766,2022-11-02,Success
52195,321,16889,2023-03-15,Success
9090,1599,25856,2022-04-21,Success
48947,622,9770,2023-04-08,Success
49637,300,2281,2022-07-29,Success
42937,659,14025,2022-07-24,Rejected by the driver
17397,1537,30779,2023-02-01,Success
48484,2992,1815,2022-09-26,Cancelled by the passenger
46568,624,23385,2022-09-12,Success
15857,263,4937,2022-06-26,Rejected by the driver
9301,1859,25451,2022-12-24,Success
16264,283,10974,2023-01-23,Rejected by the driver
30135,2894,9855,2022-08-16,Success
11505,2248,16507,2022-04-28,Success
10056,465,28401,2022-09-03,Success
31157,1829,38377,2022-04-22,Success
52644,1450,28840,2023-03-09,Rejected by the driver
25338,2751,22698,2022-11-05,Success
14660,31,20096,2023-03-04,Success
43951,1876,23485,2022-10-28,Success
14556,853,36178,2023-01-30,Rejected by the driver
38309,2531,17489,2022-12-02,Success
59838,2977,21531,2022-12-09,Success
12260,1927,25039,2023-02-01,Success
955,1507,35341,2022-05-16,Success
42944,359,36024,2022-12-04,Success
18708,1183,8878,2023-01-24,Success
39345,594,8883,2022-05-30,Success
27163,480,22078,2022-08-11,Rejected by the driver
14394,723,32247,2023-03-14,Success
54873,2418,21923,2022-11-24,Success
10725,1898,14332,2023-01-16,Cancelled by the passenger
45696,2161,21342,2022-03-21,Success
15275,143,4740,2022-12-05,Success
11199,615,39528,2022-05-12,Success
59196,482,17357,2022-05-24,Success
4325,1336,34419,2022-03-21,Success
16960,383,17926,2022-04-19,Rejected by the driver
703,805,35026,2022-09-03,Rejected by the driver
22247,2597,21494,2022-03-24,Rejected by the driver
14319,662,5568,2023-01-24,Cancelled by the passenger
1359,425,11213,2023-02-17,Rejected by the driver
52819,861,37608,2022-08-22,Cancelled by the passenger
58018,1464,38686,2022-09-27,Success
44459,1263,10209,2022-03-19,Success
24564,652,27234,2022-11-10,Success
58597,1779,13280,2023-01-31,Rejected by the driver
7879,2753,2396,2022-07-23,Success
58133,2164,39363,2022-05-25,Success
9466,2117,27951,2022-12-11,Success
9634,834,22073,2022-04-28,Success
45292,2769,21530,2022-11-17,Success
32324,2161,9291,2023-02-06,Success
36523,2846,14233,2023-01-14,Rejected by the driver
15600,2377,38124,2023-01-08,Success
9081,613,9315,2023-04-09,Success
34627,2134,10458,2022-08-07,Rejected by the driver
43340,1295,4514,2022-08-11,Success
35191,618,39051,2022-05-10,Success
48217,845,22924,2022-06-02,Success
48499,1084,38608,2022-07-09,Success
39143,2271,25656,2022-12-01,Success
7905,1452,11240,2022-08-07,Success
15800,2976,902,2022-05-16,Success
7857,2081,25821,2022-07-12,Success
6140,1881,14563,2022-10-16,Success
56887,948,19371,2023-03-30,Success
48020,1334,9187,2023-02-07,Success
20310,1882,38829,2022-05-21,Success
21261,48,33964,2023-03-10,Success
13637,2280,38716,2022-09-11,Success
54260,80,6474,2023-02-01,Success
32071,1055,22843,2023-02-22,Success
13586,2332,22429,2023-01-15,Success
1473,2903,37827,2022-08-29,Success
44186,2138,10973,2022-08-29,Success
4101,418,37459,2022-11-15,Success
6014,270,39475,2022-08-23,Success
2999,2980,867,2022-10-11,Success
11978,1357,18368,2022-08-24,Success
45937,2786,6939,2023-03-01,Success
30539,558,3675,2022-11-16,Success
1519,1852,27146,2023-01-18,Rejected by the driver
31106,7,22074,2023-01-30,Success
6120,2720,12620,2022-07-08,Success
21361,242,23909,2022-12-20,Success
857,622,15551,2022-04-03,Success
47066,727,4047,2022-05-16,Rejected by the driver
48867,1350,20217,2022-09-03,Success
15976,1883,4474,2023-01-28,Success
43466,1414,8156,2023-01-10,Cancelled by the passenger
49858,1415,38159,2022-12-19,Success
14965,1898,38855,2022-06-30,Success
16553,1102,9173,2022-04-12,Success
27121,2358,32139,2022-07-31,Success
47244,1857,24707,2022-08-17,Success
34551,2480,28623,2022-12-01,Success
20045,1410,17571,2023-04-10,Rejected by the driver
59758,2452,11521,2022-05-21,Cancelled by the passenger
8474,2999,1810,2022-04-07,Success
16586,2207,8748,2023-01-10,Success
20968,2153,36211,2022-09-13,Cancelled by the passenger
36515,1841,25524,2022-12-19,Cancelled by the passenger
26241,2848,8963,2023-03-17,Success
11619,1708,33669,2022-12-21,Success
38193,463,24018,2022-07-31,Success
4503,51,1918,2022-05-08,Cancelled by the passenger
14088,2581,15923,2022-09-23,Success
16506,948,35603,2022-08-30,Success
8103,430,1827,2022-08-10,Success
50012,2877,22112,2022-11-20,Success
47391,1385,19504,2023-04-03,Success
28465,2356,16892,2023-02-28,Success
5874,557,13705,2023-01-03,Success
5357,994,28839,2022-04-24,Success
25873,1896,17581,2022-12-11,Success
52825,1899,10155,2022-10-24,Success
35008,2442,20821,2022-08-02,Success
53130,478,32809,2022-11-08,Success
10377,959,26884,2022-06-07,Success
49582,2252,11126,2023-01-26,Cancelled by the passenger
43952,2161,14764,2022-12-05,Cancelled by the passenger
57355,89,4822,2022-12-01,Success
8127,2751,3740,2023-03-11,Success
24940,445,2193,2022-12-24,Success
5864,2316,14270,2022-09-29,Success
28507,945,22519,2022-05-23,Success
14076,2053,32664,2022-10-21,Success
30521,1759,5616,2022-12-13,Success
31593,19,32616,2022-11-18,Success
37336,2399,22194,2022-03-29,Success
20349,2154,33418,2022-06-06,Success
7436,476,10067,2022-07-21,Rejected by the driver
25755,2090,9291,2022-10-04,Success
20740,1430,26543,2023-01-14,Rejected by the driver
25773,2863,4604,2022-11-29,Success
46408,2286,24455,2022-10-21,Rejected by the driver
6707,1262,14260,2022-11-21,Success
53069,2076,37298,2023-03-24,Success
13957,2143,32452,2022-12-23,Success
2878,412,25714,2022-11-26,Success
10768,2010,16073,2022-10-11,Success
35801,1615,20653,2022-06-16,Cancelled by the passenger
5165,47,3464,2022-12-31,Success
36120,1349,25372,2022-04-07,Success
37374,2912,22499,2022-07-27,Success
49695,1546,30170,2023-01-25,Cancelled by the passenger
20167,382,14918,2022-05-15,Rejected by the driver
46725,277,39792,2022-05-18,Success
5497,1171,20939,2022-10-16,Success
21004,2906,31867,2023-01-14,Success
58826,1888,21547,2022-12-21,Success
57961,2460,873,2022-03-26,Rejected by the driver
56310,1449,35328,2023-02-24,Success
58609,491,15294,2023-01-19,Success
55575,2450,15618,2022-03-12,Cancelled by the passenger
26654,2101,12698,2022-09-28,Cancelled by the passenger
4508,2860,36225,2022-05-08,Success
12861,76,10456,2022-12-16,Rejected by the driver
45356,864,33045,2023-01-24,Success
51126,2226,6817,2022-03-18,Success
19045,1869,21111,2023-04-04,Success
4115,1428,21707,2022-09-26,Success
44109,2490,36630,2022-10-09,Success
34910,366,6389,2022-03-12,Success
21877,257,2702,2022-05-03,Rejected by the driver
59563,710,31101,2023-03-11,Success
52068,1104,36568,2022-11-05,Success
7151,435,12690,2023-01-27,Success
12648,2318,34754,2022-09-03,Success
54541,2458,19522,2023-03-06,Success
6789,1732,12453,2022-06-30,Success
29622,2677,19202,2022-07-15,Rejected by the driver
30590,1592,1390,2022-11-22,Success
24732,1231,10205,2022-07-21,Success
58447,210,37602,2023-01-12,Success
19322,1502,38027,2022-09-08,Cancelled by the passenger
14139,2653,31963,2023-02-10,Success
33758,1901,6718,2023-01-28,Rejected by the driver
55108,541,23068,2023-03-23,Cancelled by the passenger
35671,2306,25393,2023-02-26,Cancelled by the passenger
20664,2078,39121,2022-04-01,Success
43479,1945,32729,2022-05-14,Success
5060,494,2529,2022-03-20,Cancelled by the passenger
55680,1805,23317,2022-09-17,Success
28327,1808,20987,2022-11-28,Success
53001,948,30227,2023-02-17,Success
58850,138,8007,2022-12-21,Success
27234,2122,17449,2022-10-02,Success
28900,2771,37292,2022-07-02,Success
57236,518,8872,2022-12-21,Success
59940,261,13222,2023-02-24,Success
37903,2327,292,2022-09-07,Success
30490,1505,31735,2022-09-25,Success
11331,1285,4291,2022-07-03,Success
16772,2421,22790,2023-01-11,Rejected by the driver
36970,1508,33767,2022-12-11,Rejected by the driver
9373,1283,27893,2022-12-15,Rejected by the driver
36896,1251,17591,2022-10-03,Cancelled by the passenger
6360,1328,10867,2022-04-07,Success
9231,372,23937,2022-10-08,Success
43892,861,10799,2022-08-23,Success
38340,12,6361,2022-09-01,Success
49135,2793,38578,2022-07-23,Success
13186,1679,1427,2022-11-03,Success
21699,1958,30291,2022-09-16,Success
42157,940,13003,2022-09-18,Success
38429,378,34050,2022-09-05,Success
20224,1353,24495,2022-12-31,Success
8696,1428,18136,2022-12-16,Success
50237,628,14184,2022-11-07,Success
27345,1983,5930,2022-03-23,Success
25745,137,5577,2022-12-07,Cancelled by the passenger
42831,2552,9547,2023-02-16,Success
3576,956,1423,2022-10-29,Cancelled by the passenger
16426,593,14286,2023-02-23,Success
8191,1287,21881,2022-07-26,Success
33796,600,1103,2023-03-10,Success
39772,889,21487,2022-08-24,Success
59576,1951,36987,2022-09-25,Success
31713,1294,7366,2022-09-29,Success
32295,1150,33198,2022-04-10,Success
34235,1262,39729,2022-05-07,Success
42720,1692,11799,2023-01-01,Success
21885,368,31701,2022-06-04,Success
33232,1088,6673,2022-10-20,Success
16187,2780,19605,2022-09-02,Success
7700,1181,30909,2022-12-09,Rejected by the driver
21727,25,7428,2023-01-25,Success
16610,57,33951,2022-10-06,Rejected by the driver
47863,2424,19259,2022-03-27,Success
52351,272,15044,2022-11-17,Success
4667,588,9821,2022-11-05,Success
43072,1239,22632,2023-03-12,Success
23390,1699,34386,2023-02-26,Success
47411,1122,7825,2022-09-19,Rejected by the driver
17455,671,19389,2022-07-14,Success
34131,1487,35434,2022-06-23,Success
20434,1376,34835,2022-07-22,Success
41909,562,26638,2022-12-14,Success
56825,2206,21038,2023-02-05,Success
8753,1840,17978,2023-01-05,Cancelled by the passenger
32336,1484,32341,2022-09-18,Rejected by the driver
23545,521,15317,2022-09-11,Success
48558,2098,4023,2022-09-04,Success
36136,1861,5227,2022-04-07,Rejected by the driver
50323,138,8756,2022-08-27,Success
18936,386,39673,2022-08-18,Cancelled by the passenger
7710,938,24580,2022-06-29,Rejected by the driver
3436,1221,30957,2022-05-27,Rejected by the driver
17961,2252,17854,2022-07-08,Success
11718,6,1729,2022-11-04,Success
53475,1373,17662,2022-08-02,Cancelled by the passenger
9187,2075,8050,2023-02-19,Success
19756,1981,28252,2022-03-16,Success
23670,1026,20218,2022-05-19,Success
58605,1736,16690,2022-10-08,Cancelled by the passenger
36346,426,11100,2022-05-25,Success
24887,2650,34417,2022-09-16,Success
24062,1576,2853,2022-11-07,Success
24,1609,35879,2022-12-27,Rejected by the driver
22047,1022,3848,2022-08-07,Cancelled by the passenger
19976,980,13276,2022-03-30,Success
40816,506,35482,2022-04-15,Success
38785,2450,39334,2022-04-20,Success
52758,634,2227,2022-10-15,Success
59200,2728,9182,2023-01-19,Success
35459,2977,21578,2022-12-16,Success
9340,312,15247,2022-04-19,Success
325,2849,2402,2023-01-19,Success
5689,549,12927,2022-09-25,Success
7531,1374,36603,2022-03-29,Success
25889,2607,16613,2022-07-04,Success
12533,2238,24666,2023-04-10,Cancelled by the passenger
31407,2894,19366,2022-07-02,Success
2352,2282,25273,2022-10-23,Success
36542,1092,8878,2022-07-04,Success
13828,1854,12155,2022-08-27,Success
5875,553,19287,2022-09-19,Success
10436,2519,14053,2023-02-04,Success
38359,1874,159,2022-12-28,Cancelled by the passenger
29282,2069,27971,2022-04-19,Success
25091,1014,3390,2023-03-21,Success
44062,1362,9397,2022-07-29,Success
34137,1592,36681,2022-08-23,Success
29772,816,11296,2023-04-06,Success
18528,1733,6515,2022-03-12,Success
41738,2658,28542,2022-06-07,Cancelled by the passenger
27694,1604,29047,2022-12-01,Rejected by the driver
38357,1971,29398,2022-04-05,Success
23653,696,12979,2022-10-08,Rejected by the driver
49619,1064,36468,2022-07-21,Success
35593,559,26995,2022-09-26,Success
771,2891,28534,2022-12-07,Success
48962,1016,35703,2022-04-26,Rejected by the driver
39846,1824,34975,2022-04-21,Success
42772,1872,1307,2022-11-19,Success
18572,1243,30096,2022-04-13,Cancelled by the passenger
26773,1112,21733,2022-09-12,Success
51178,2044,29367,2022-03-25,Success
17158,2158,14211,2022-10-18,Success
43708,2744,13930,2022-06-02,Rejected by the driver
25623,647,11745,2022-11-09,Success
39970,1875,20362,2022-05-05,Rejected by the driver
2598,1836,7774,2022-08-17,Cancelled by the passenger
44479,98,28336,2022-11-09,Success
27385,1706,17825,2023-02-21,Success
27984,2104,24547,2022-04-15,Success
30207,1426,16291,2023-03-04,Rejected by the driver
11889,2788,25318,2022-08-07,Rejected by the driver
41184,1246,16451,2022-04-19,Success
59105,2633,20709,2023-03-06,Rejected by the driver
11705,2870,20570,2022-04-14,Success
16562,2517,4917,2023-03-10,Success
1477,1586,6168,2023-02-08,Success
33714,1463,26540,2022-05-06,Success
4120,1815,38969,2022-09-19,Success
11178,153,16855,2023-01-22,Cancelled by the passenger
26577,1048,20512,2022-05-28,Success
33169,2346,28658,2023-03-17,Rejected by the driver
22992,2603,27545,2022-10-17,Rejected by the driver
40499,1216,16979,2022-12-21,Rejected by the driver
43855,1512,17918,2023-02-12,Success
53506,664,31676,2022-07-20,Success
13970,8,26399,2022-03-30,Success
41256,2737,18270,2022-08-09,Success
26444,1516,28925,2022-06-29,Success
18004,2985,31100,2022-06-14,Success
16178,1264,684,2023-01-14,Rejected by the driver
42900,592,23090,2022-05-19,Rejected by the driver
30628,1198,1632,2022-11-18,Success
20589,2500,25147,2022-07-19,Success
5227,1458,18375,2022-08-27,Success
11488,1263,29410,2022-04-08,Rejected by the driver
48145,77,29735,2022-12-07,Success
33005,1105,28929,2022-11-11,Success
44246,82,12525,2023-03-11,Success
5796,2720,32390,2022-09-05,Success
56783,84,26954,2022-03-24,Success
55588,1509,35518,2022-03-19,Cancelled by the passenger
3449,1407,18326,2022-04-06,Success
59377,2421,26054,2023-02-06,Success
12785,1573,37739,2022-07-25,Rejected by the driver
2763,1016,8643,2022-07-18,Cancelled by the passenger
57801,8,15934,2022-07-21,Rejected by the driver
58883,1549,12448,2022-12-03,Rejected by the driver
13098,503,3853,2022-11-09,Success
59545,499,15158,2022-11-13,Rejected by the driver
46830,1980,11851,2022-09-16,Success
58409,1320,26231,2022-08-17,Cancelled by the passenger
18607,2656,14393,2023-01-04,Success
3699,2451,7512,2023-04-02,Success
26762,1186,24273,2022-04-28,Success
39295,595,17487,2023-01-26,Success
43946,883,6376,2022-10-06,Rejected by the driver
35586,1280,13151,2022-12-28,Rejected by the driver
35687,1093,861,2022-12-16,Success
23939,1594,33171,2022-12-02,Cancelled by the passenger
21094,1528,27457,2022-09-20,Success
8613,5,1809,2023-02-20,Success
52745,1855,1527,2023-02-11,Success
38742,2488,18543,2022-09-08,Success
3024,2857,19009,2022-09-02,Success
43958,2931,1774,2022-10-30,Success
56082,2940,7112,2022-04-16,Success
40441,2691,33518,2022-03-21,Success
41277,571,3855,2022-12-17,Success
28691,1753,29624,2023-01-11,Success
15497,2982,20684,2023-02-14,Rejected by the driver
25381,1603,2579,2022-05-23,Success
21522,1554,4915,2022-09-21,Rejected by the driver
2169,2133,25766,2022-09-05,Success
38699,412,17105,2022-04-05,Cancelled by the passenger
2488,51,28543,2022-05-19,Success
48813,8,14438,2022-12-18,Success
13490,1589,38037,2022-03-28,Rejected by the driver
52088,335,6495,2022-09-10,Success
35799,1590,19449,2022-09-24,Success
48865,1150,32622,2022-05-09,Success
32690,1902,4685,2023-01-12,Cancelled by the passenger
17465,2195,24443,2023-03-21,Success
46665,19,16917,2023-01-25,Cancelled by the passenger
23702,2022,31379,2022-12-02,Success
39668,1148,23415,2023-03-11,Success
40014,2372,21602,2022-07-08,Success
52056,232,786,2023-03-08,Success
46926,1191,22654,2023-01-27,Success
41750,1037,25939,2022-08-25,Success
4301,743,10499,2022-04-17,Success
11094,1581,26598,2023-04-03,Success
55456,2414,7749,2022-04-19,Success
58654,2532,36571,2022-07-13,Success
2712,1333,34268,2022-04-09,Success
4651,607,21111,2022-12-26,Success
27444,2837,38694,2022-03-30,Success
59866,2612,33073,2022-06-16,Success
56674,924,11254,2022-03-12,Rejected by the driver
5459,1312,10728,2022-06-16,Success
56549,1371,21652,2023-02-07,Success
59624,2956,10548,2022-06-15,Cancelled by the passenger
12559,1081,9471,2023-02-12,Rejected by the driver
50678,1650,37192,2022-12-22,Success
48089,150,25437,2022-07-24,Success
11450,339,17254,2022-08-24,Success
47383,359,10226,2022-10-25,Success
20630,1802,5531,2022-06-23,Success
44639,1502,16285,2022-04-23,Success
26944,2822,39383,2022-07-18,Success
12062,698,23408,2022-09-09,Success
51666,887,28592,2023-04-07,Success
16045,288,17308,2022-06-12,Success
347,2353,18301,2022-09-24,Rejected by the driver
17599,640,29885,2022-04-21,Success
19409,920,34575,2023-03-26,Success
39650,2894,12765,2023-04-14,Success
20348,392,17840,2022-06-12,Success
42034,1828,18758,2022-10-02,Success
34729,1756,13387,2023-01-14,Success
18234,1587,16028,2022-05-16,Cancelled by the passenger
45075,2505,7963,2023-01-07,Success
16338,583,3928,2022-06-27,Success
20909,121,4902,2022-06-07,Success
3696,1659,17411,2023-01-20,Success
55595,1387,3096,2023-01-05,Success
48331,1930,5134,2023-03-26,Success
54516,2216,35234,2022-10-21,Success
27642,288,28206,2022-03-27,Success
33559,2819,12104,2022-10-04,Success
56373,2812,1745,2023-03-19,Rejected by the driver
43862,2696,19583,2023-01-31,Success
628,532,10012,2022-03-19,Success
19605,86,7056,2022-09-28,Success
12912,1766,3750,2022-06-05,Success
52877,1002,35106,2023-04-05,Rejected by the driver
5868,2360,39441,2022-10-03,Rejected by the driver
29213,2161,26338,2022-06-15,Success
38011,1293,19685,2023-03-10,Success
52683,761,11936,2023-04-15,Success
43181,1707,4930,2022-10-04,Cancelled by the passenger
26533,2170,15267,2023-01-28,Rejected by the driver
36067,866,14063,2023-01-13,Rejected by the driver
37246,1442,39016,2022-03-25,Cancelled by the passenger
49992,2784,18852,2022-09-25,Cancelled by the passenger
45648,672,24914,2022-12-08,Success
31508,261,21214,2022-07-12,Cancelled by the passenger
56638,642,5560,2023-03-02,Rejected by the driver
48040,2344,9385,2022-11-11,Rejected by the driver
22686,2812,7570,2022-09-22,Success
5318,29,38423,2022-11-22,Rejected by the driver
2683,1659,10427,2022-09-15,Success
43861,2222,24181,2022-09-11,Success
32731,537,7971,2023-04-06,Success
31515,2201,39500,2023-02-28,Success
19270,1282,17763,2022-12-21,Rejected by the driver
23402,2828,24889,2022-12-05,Success
24711,2788,37244,2022-07-04,Success
31446,1198,13014,2022-08-10,Success
55337,2449,28960,2022-07-15,Success
50862,411,10578,2022-05-06,Success
30489,1436,30956,2023-02-11,Success
29463,130,20185,2022-04-22,Success
29407,1305,19151,2022-06-26,Success
35806,22,26832,2022-09-15,Cancelled by the passenger
56262,602,36655,2022-03-17,Success
33214,2100,14394,2022-11-03,Success
56168,1392,26002,2022-03-30,Success
28745,2333,1874,2022-04-27,Success
15057,422,10543,2022-03-21,Success
9630,1313,17105,2022-09-17,Success
58241,192,20171,2022-07-20,Success
50459,1817,24072,2023-01-23,Success
55133,2591,10170,2022-08-09,Cancelled by the passenger
17857,660,20334,2022-08-25,Success
4973,159,15190,2022-11-02,Success
52791,1270,22234,2022-05-17,Success
52563,1100,38756,2022-09-20,Success
24477,2581,34004,2022-12-11,Rejected by the driver
15772,1212,9660,2022-12-04,Success
38540,2424,22861,2022-10-05,Success
20313,2533,37442,2023-02-02,Success
5278,221,21565,2022-07-25,Success
49271,2640,28726,2022-08-22,Success
51057,1531,2314,2022-12-16,Success
59821,300,29464,2022-08-04,Success
26439,2126,36883,2023-04-12,Success
52657,2823,29581,2023-03-13,Cancelled by the passenger
49237,1567,19499,2022-11-08,Success
26620,2985,30796,2022-09-17,Success
51002,2186,39252,2022-12-25,Success
14568,1489,12630,2022-10-19,Success
32446,825,28593,2022-08-14,Success
59057,2191,18042,2022-04-17,Rejected by the driver
46923,411,27683,2022-12-11,Cancelled by the passenger
38008,252,18748,2023-03-18,Success
18491,1378,14452,2023-01-06,Success
55583,1625,18577,2022-04-29,Cancelled by the passenger
15964,1267,32,2022-06-27,Success
21376,1607,12520,2022-07-23,Rejected by the driver
21929,2352,18660,2022-08-09,Success
30365,2189,4645,2022-07-27,Success
53419,2146,4097,2022-12-19,Rejected by the driver
11147,713,32922,2023-02-01,Rejected by the driver
56004,1582,13587,2022-05-29,Success
34438,135,35544,2022-08-01,Success
55749,2581,2893,2022-05-12,Rejected by the driver
54921,2129,13468,2022-11-11,Cancelled by the passenger
6651,2846,5563,2022-06-07,Success
22348,334,12716,2022-03-25,Success
23985,1396,14700,2022-08-16,Success
13630,977,6041,2022-08-06,Success
24207,858,32348,2022-10-12,Success
53790,1571,34734,2022-12-30,Success
43096,2237,33267,2022-07-22,Success
13827,324,17673,2023-02-08,Rejected by the driver
31091,2168,1764,2022-07-04,Success
3077,177,24642,2023-03-06,Success
21364,2907,39219,2022-10-14,Rejected by the driver
4908,459,13566,2023-03-31,Success
31392,525,3230,2023-02-18,Success
22839,2374,295,2022-12-13,Rejected by the driver
54095,2416,27828,2022-04-17,Success
42125,2032,26530,2022-06-06,Success
52822,1132,11282,2023-01-28,Success
13589,1525,35579,2022-08-30,Success
58663,2510,11011,2023-02-26,Cancelled by the passenger
9622,508,967,2022-12-13,Success
8736,2560,27894,2023-03-18,Cancelled by the passenger
26913,1891,32433,2022-08-17,Success
25301,1968,17822,2022-10-01,Success
19231,2700,20421,2022-10-04,Success
28421,2982,6735,2023-02-14,Cancelled by the passenger
9941,2049,5892,2023-01-14,Success
51753,471,26483,2023-01-10,Success
37421,25,15117,2023-01-20,Success
45830,1811,26774,2023-02-10,Rejected by the driver
5816,2163,23004,2022-12-23,Success
6713,1773,29960,2022-05-03,Success
8407,1270,2790,2022-04-26,Success
21519,531,27600,2023-02-10,Success
52237,293,30229,2022-11-13,Rejected by the driver
4222,1050,5110,2022-06-27,Success
10055,1059,23673,2022-08-27,Success
22655,1362,34810,2022-06-24,Success
23513,472,25315,2022-04-22,Cancelled by the passenger
21766,26,9529,2022-03-17,Success
53922,666,20064,2023-01-20,Success
58562,1814,11822,2022-12-28,Cancelled by the passenger
59470,2961,18366,2023-03-15,Success
14047,1460,21395,2022-12-21,Success
37893,2435,27025,2023-01-31,Success
43046,1014,19214,2023-01-16,Success
4829,168,36760,2022-03-17,Success
13747,1607,23067,2022-05-20,Success
8350,599,17852,2022-10-20,Success
42379,186,7045,2022-09-15,Success
30176,1385,37212,2023-04-09,Success
25804,2422,31389,2022-08-28,Success
43863,767,15112,2022-12-26,Success
3654,330,24366,2022-06-11,Success
11822,2926,17855,2022-06-16,Success
43541,298,35504,2023-04-04,Success
56074,1916,23482,2023-01-06,Success
56042,873,10171,2022-10-20,Rejected by the driver
58075,2824,9293,2023-03-03,Success
37610,1800,26965,2022-07-05,Success
39563,1857,36495,2023-02-11,Success
22579,513,31978,2022-07-17,Success
3261,727,24166,2022-07-12,Success
4249,157,10715,2022-08-12,Success
7536,878,26487,2022-03-15,Success
20285,1429,36494,2022-05-23,Success
20079,571,36733,2022-11-23,Success
17124,2358,26405,2022-11-15,Success
39537,2096,10264,2023-04-14,Cancelled by the passenger
16167,1191,10812,2022-03-26,Success
17221,2597,53,2022-08-08,Success
56882,22,8440,2023-02-03,Success
4099,1574,38014,2022-05-24,Success
1445,2901,34923,2022-06-23,Success
19967,1260,9333,2022-07-29,Rejected by the driver
53855,2454,21491,2022-08-11,Success
41279,1628,16539,2022-08-24,Success
9699,1763,33063,2023-02-01,Success
23590,1183,9604,2022-09-25,Success
34673,2633,38797,2022-04-12,Success
14558,143,24990,2022-12-17,Success
16482,2237,8010,2022-03-26,Success
6495,1588,7724,2022-05-25,Success
24782,1154,22795,2022-06-17,Rejected by the driver
35138,2993,13315,2023-01-27,Success
41512,2907,21198,2023-03-12,Success
34505,2142,24257,2023-04-15,Success
8805,1372,15101,2022-04-09,Success
4782,84,22162,2023-01-01,Success
47874,982,18947,2022-03-14,Success
51459,558,3543,2022-11-26,Success
36378,1576,10855,2022-06-01,Rejected by the driver
27274,440,15749,2022-07-24,Success
30816,2622,14149,2022-04-25,Success
29973,1712,38226,2022-08-24,Cancelled by the passenger
20763,2660,35901,2023-02-18,Success
29045,1355,4300,2022-10-19,Success
15653,525,10810,2022-07-08,Rejected by the driver
3806,90,13850,2022-10-18,Rejected by the driver
47557,663,27005,2023-01-05,Cancelled by the passenger
42272,911,19659,2023-01-24,Rejected by the driver
53809,2899,15559,2023-03-08,Success
14701,1542,6521,2022-12-21,Success
18131,1145,27307,2022-05-01,Success
14983,2402,4442,2022-11-15,Success
30932,2595,31084,2022-08-18,Success
33837,2204,23182,2023-02-12,Success
23497,2630,21887,2023-01-24,Success
42002,2425,2026,2022-10-19,Success
32488,1975,4074,2023-04-08,Success
42892,1201,5948,2022-05-27,Success
53281,1900,5184,2022-04-23,Success
18881,2940,35025,2023-04-09,Success
24689,2499,37293,2022-05-22,Success
39637,640,9577,2023-04-15,Rejected by the driver
56501,2629,18615,2022-03-18,Success
37657,890,37577,2022-05-02,Success
30328,2749,17199,2022-06-09,Success
13037,406,6733,2023-02-17,Success
49111,526,32586,2022-05-02,Rejected by the driver
28724,1721,23504,2022-07-09,Cancelled by the passenger
36736,165,19717,2022-06-14,Rejected by the driver
2769,208,25164,2023-02-07,Success
14449,544,9993,2022-08-26,Rejected by the driver
28346,320,23349,2023-04-01,Success
3450,2112,230,2022-11-11,Cancelled by the passenger
34463,2190,25446,2023-02-01,Success
32521,338,19535,2023-02-14,Rejected by the driver
22711,1023,39133,2022-07-11,Success
51850,2276,9749,2022-05-27,Cancelled by the passenger
32066,1658,119,2022-04-17,Cancelled by the passenger
4344,1035,20188,2022-04-04,Success
16992,2103,9082,2022-12-06,Success
30142,91,11702,2022-10-17,Success
2742,2258,25095,2023-01-16,Cancelled by the passenger
48980,2413,31375,2022-12-04,Success
48283,1085,24488,2022-05-17,Success
44267,1842,17744,2023-03-21,Cancelled by the passenger
3842,134,34189,2022-07-06,Success
2350,2170,7153,2022-04-07,Success
33844,2729,17496,2022-09-19,Success
47803,2557,17157,2022-06-09,Success
42996,1079,34620,2022-09-15,Success
45210,1287,25694,2022-12-10,Rejected by the driver
43086,2027,23648,2023-01-29,Success
13065,357,17932,2022-11-22,Success
52976,1409,31371,2022-08-16,Success
17527,1732,12903,2022-10-18,Rejected by the driver
4149,658,993,2022-04-11,Rejected by the driver
29992,899,425,2022-09-12,Success
49431,889,39663,2022-10-16,Success
19018,2539,12824,2022-08-16,Success
26418,2783,39744,2023-01-28,Success
25946,2458,23149,2023-02-12,Rejected by the driver
6690,126,6423,2023-04-11,Success
44134,1991,23190,2022-05-07,Success
53651,1792,15501,2022-06-01,Success
47574,280,24691,2022-09-10,Rejected by the driver
22425,1509,8675,2022-03-27,Success
57872,2746,33304,2022-08-12,Success
55875,1743,9798,2023-01-28,Success
27671,1298,22334,2023-01-02,Success
24373,2711,32453,2022-08-25,Success
44425,732,39874,2022-05-20,Cancelled by the passenger
57092,2601,29358,2022-07-11,Cancelled by the passenger
22945,1085,4536,2022-04-07,Success
19476,636,37623,2022-07-01,Cancelled by the passenger
26528,279,37708,2022-07-09,Rejected by the driver
1278,1810,39426,2022-12-11,Cancelled by the passenger
28536,1593,23900,2022-07-04,Rejected by the driver
2301,2722,31460,2022-06-28,Success
46111,1339,32141,2022-03-15,Success
53898,2431,10190,2023-01-21,Success
48062,2593,30397,2023-04-07,Success
28661,2626,30569,2023-02-04,Success
49892,380,34933,2022-05-29,Success
17499,187,6222,2023-03-17,Success
54780,2781,33975,2023-01-10,Rejected by the driver
42849,2101,32569,2023-02-11,Success
54222,1769,35790,2022-07-14,Cancelled by the passenger
46581,2599,10653,2022-12-26,Success
23849,1109,27288,2022-11-05,Success
3,383,28419,2022-04-14,Success
26218,1068,27958,2023-01-19,Success
7185,2407,21108,2022-07-06,Rejected by the driver
57651,768,34729,2022-05-09,Success
34230,225,13443,2022-08-12,Success
32201,1337,33189,2022-11-07,Cancelled by the passenger
20394,775,39743,2022-10-11,Success
48711,555,9907,2022-08-10,Rejected by the driver
18061,2091,26268,2023-02-21,Success
11433,1971,403,2022-03-19,Rejected by the driver
40637,1868,39240,2022-05-24,Success
18106,2082,22119,2022-06-22,Cancelled by the passenger
20558,2753,29743,2022-08-07,Rejected by the driver
41949,1185,24510,2022-05-25,Rejected by the driver
36929,1316,24731,2022-04-28,Cancelled by the passenger
23917,1419,28048,2022-10-20,Success
28708,2320,30439,2023-04-04,Success
12839,2371,30525,2022-04-28,Success
16139,932,22467,2023-02-17,Rejected by the driver
13758,2425,15590,2022-10-05,Success
39788,465,23830,2022-10-02,Success
20638,501,8112,2022-07-15,Rejected by the driver
42984,2281,11013,2022-08-02,Cancelled by the passenger
17815,2679,8635,2022-06-22,Success
56485,422,2785,2022-09-09,Success
1291,2527,21440,2022-11-21,Success
2814,923,36951,2023-04-12,Success
2555,2663,17734,2022-12-31,Success
39879,32,20385,2022-07-15,Success
58054,1473,13313,2023-02-20,Success
45286,2021,17002,2022-12-28,Success
56751,1940,6710,2022-03-16,Rejected by the driver
39596,131,24748,2023-01-21,Success
36032,540,28848,2023-03-26,Success
19762,1083,6372,2022-04-21,Rejected by the driver
52512,354,31773,2022-07-03,Success
57735,936,27109,2023-01-30,Success
37218,1308,17648,2022-05-09,Success
16127,185,12814,2022-06-10,Success
55736,320,28621,2022-10-19,Success
57202,677,5367,2023-04-03,Success
12981,2757,13916,2023-03-04,Rejected by the driver
15231,2560,21980,2023-03-24,Success
46510,147,27194,2022-11-25,Success
51370,1741,19981,2022-12-27,Rejected by the driver
18737,364,36758,2022-12-14,Rejected by the driver
37448,1635,28603,2022-07-26,Success
25850,864,6721,2022-11-04,Cancelled by the passenger
36631,207,10228,2022-10-20,Success
21068,184,11742,2022-03-25,Success
824,1875,16324,2022-07-09,Success
52529,147,20253,2022-09-26,Success
46014,2723,18172,2022-12-02,Rejected by the driver
26385,1500,6462,2023-02-10,Success
57025,2743,12038,2022-03-21,Success
15704,1894,7917,2022-04-07,Success
52905,1923,16742,2022-10-08,Cancelled by the passenger
6196,661,34508,2022-03-30,Cancelled by the passenger
35772,2720,18774,2022-10-16,Cancelled by the passenger
36479,2289,18952,2022-08-24,Success
24303,218,36668,2022-11-20,Success
28253,1720,9923,2022-09-04,Success
32581,2403,23183,2023-04-09,Success
16189,807,31432,2022-07-08,Success
29262,1582,23172,2023-02-26,Success
44850,786,33104,2022-05-05,Success
39151,2002,32942,2022-04-02,Success
13669,756,5849,2022-11-16,Cancelled by the passenger
12892,1820,37951,2022-09-26,Success
16232,1020,21175,2022-11-24,Rejected by the driver
58194,195,6050,2022-08-08,Success
15708,1244,5862,2023-04-11,Success
53757,2738,28632,2022-06-09,Success
58890,1228,29813,2022-11-12,Success
49102,626,11779,2022-12-07,Cancelled by the passenger
4583,1554,37167,2022-09-05,Success
54981,164,16943,2023-01-16,Success
25499,1720,29915,2022-11-23,Rejected by the driver
8548,1860,30468,2022-08-10,Success
32783,2367,19294,2022-04-26,Success
9875,2243,11554,2022-07-27,Success
5854,741,24058,2022-10-09,Success
2762,1038,22305,2022-11-06,Rejected by the driver
30718,1601,23391,2022-10-04,Success
8818,937,28765,2023-03-20,Success
54646,255,24045,2022-04-14,Success
18090,1613,36594,2022-08-26,Success
31893,2647,10022,2022-11-04,Success
27994,2118,24088,2022-10-16,Success
15811,2869,18814,2022-05-18,Success
45839,2002,21845,2022-06-26,Success
18768,417,31160,2023-01-04,Success
26550,381,36201,2022-09-29,Success
27900,1542,24007,2022-12-16,Success
47462,548,24767,2023-01-09,Success
52258,636,24810,2022-09-30,Success
29814,959,38749,2022-06-29,Success
47194,1649,5004,2022-12-04,Success
36713,2799,2943,2022-08-17,Success
33643,2942,35043,2022-12-06,Success
50457,1284,18569,2022-12-04,Success
10145,526,11325,2022-11-19,Success
30804,69,3740,2023-03-31,Success
41847,2314,32267,2023-04-15,Success
2383,904,37612,2023-01-18,Rejected by the driver
30027,1970,33347,2022-05-15,Success
40798,1204,20149,2022-06-11,Success
42539,2218,26536,2022-03-19,Rejected by the driver
17983,2917,11299,2022-07-25,Success
28963,1529,38307,2022-09-07,Rejected by the driver
50349,2560,35284,2022-12-13,Success
18436,348,18686,2022-04-06,Success
38850,778,35052,2022-04-03,Cancelled by the passenger
14160,1363,9955,2022-09-11,Cancelled by the passenger
50020,1223,1371,2022-06-01,Cancelled by the passenger
27255,1215,14293,2022-06-24,Success
17598,1009,30850,2022-03-14,Success
48284,803,23310,2022-12-30,Success
35777,2370,27645,2022-11-23,Success
58492,110,5686,2023-01-09,Success
22082,2468,6680,2022-10-28,Success
53601,867,17044,2022-07-19,Success
56316,111,30458,2023-02-18,Success
35432,2162,39699,2022-11-29,Cancelled by the passenger
6621,276,14066,2022-07-12,Success
35440,2506,23092,2022-10-23,Cancelled by the passenger
43249,2912,8492,2022-06-02,Cancelled by the passenger
11620,87,24419,2022-05-18,Rejected by the driver
29308,1584,7501,2022-04-24,Success
3403,1381,32753,2022-06-23,Success
35764,2729,11049,2023-01-09,Success
27084,877,9597,2022-07-04,Success
36524,1075,27373,2022-08-18,Rejected by the driver
775,2055,34111,2023-03-18,Success
27647,2890,1698,2022-04-09,Success
47538,2074,24192,2023-02-18,Success
21546,1907,1961,2022-09-01,Success
46045,2461,1890,2022-08-29,Success
44662,1657,1719,2023-03-10,Success
15650,442,32897,2023-01-02,Success
38466,1973,37859,2022-11-30,Success
46815,2228,706,2023-04-14,Success
10367,2388,37201,2022-03-20,Success
41860,1830,27819,2022-07-02,Success
44643,1953,6414,2022-11-14,Success
43585,2403,38000,2022-11-25,Cancelled by the passenger
36152,571,34598,2022-03-21,Success
7982,1426,34781,2022-11-28,Success
53416,2926,29558,2023-02-28,Success
20757,2325,17440,2023-04-06,Rejected by the driver
2186,2837,8075,2023-01-28,Success
59779,1935,18,2022-05-02,Rejected by the driver
53116,2095,34138,2022-11-22,Success
33647,2528,30169,2022-12-09,Success
25123,2697,16955,2022-12-02,Success
42412,985,19501,2022-03-12,Rejected by the driver
807,2415,19821,2022-09-04,Success
25168,323,8670,2022-03-13,Success
15871,1193,18953,2022-05-08,Success
31580,828,28502,2023-01-03,Success
55276,2273,8201,2022-04-23,Success
44795,204,39137,2022-03-22,Success
19715,911,25789,2022-11-30,Cancelled by the passenger
32476,1096,27781,2023-01-23,Success
40945,1214,32330,2023-02-27,Success
13813,662,21429,2022-06-26,Success
15072,1588,34048,2022-03-31,Cancelled by the passenger
58022,1681,23422,2022-11-22,Success
45984,1853,25267,2022-06-12,Success
42643,746,22347,2023-02-01,Success
34490,1853,14359,2023-02-02,Success
55029,902,39008,2022-04-29,Rejected by the driver
506,927,16821,2022-05-15,Success
47519,1120,30724,2023-04-08,Success
44944,1301,37086,2022-10-10,Rejected by the driver
53412,1395,12871,2023-01-01,Success
44470,119,11348,2023-02-26,Success
25286,129,18986,2022-08-10,Success
58621,1594,33623,2022-11-02,Success
44244,61,13862,2023-03-20,Rejected by the driver
39160,2861,10087,2022-08-10,Success
55297,2322,25223,2022-07-26,Cancelled by the passenger
16398,2887,35205,2022-08-16,Success
18788,2080,39889,2022-09-14,Success
20021,2963,22484,2022-06-06,Success
14867,225,1411,2023-01-08,Success
50636,1714,8202,2022-03-21,Success
54395,1778,26012,2022-03-16,Success
56951,2514,38593,2023-02-19,Success
27518,1374,20479,2023-03-19,Success
39940,1244,3868,2022-09-30,Success
2576,1377,36889,2022-08-15,Success
58425,760,29222,2023-01-22,Success
52633,1660,3157,2022-03-23,Success
58525,1290,6397,2023-01-19,Success
19850,2654,35373,2022-07-09,Rejected by the driver
14171,1759,23308,2022-07-10,Success
5032,2761,11527,2022-10-21,Success
36691,2148,33340,2022-06-03,Success
396,1447,31230,2022-08-25,Rejected by the driver
59485,101,28663,2022-10-22,Success
29816,1405,39462,2022-04-02,Success
58644,2805,18657,2022-05-30,Rejected by the driver
34881,1100,32907,2022-05-19,Success
27505,41,38575,2022-07-24,Rejected by the driver
70,1622,29879,2022-05-23,Success
30213,1057,11488,2022-07-24,Success
37050,2835,23061,2022-03-17,Success
33375,84,26174,2022-09-23,Success
26823,2248,30483,2023-01-13,Success
23754,2182,34507,2022-11-10,Success
16626,1865,995,2023-02-23,Cancelled by the passenger
34391,2551,12341,2022-11-16,Rejected by the driver
8726,2722,36998,2022-11-22,Success
28592,1369,34708,2023-03-21,Rejected by the driver
17267,476,36751,2022-07-31,Success
6149,1452,325,2023-01-07,Success
4993,723,30119,2023-04-06,Success
33406,2441,18869,2022-07-26,Cancelled by the passenger
10154,1595,16769,2023-03-28,Rejected by the driver
1746,1913,16037,2022-12-06,Success
35704,743,35586,2022-04-12,Success
44778,1062,35842,2022-07-21,Cancelled by the passenger
57044,2859,39442,2022-10-03,Success
19284,1539,9587,2022-08-18,Success
17473,2567,31578,2022-09-27,Rejected by the driver
48507,1533,4947,2023-04-08,Success
24620,1599,33590,2023-01-24,Rejected by the driver
33819,2914,6957,2022-03-15,Success
18123,2196,2021,2022-03-24,Success
32964,758,11764,2022-05-30,Rejected by the driver
37739,1328,27711,2023-01-02,Success
7068,2517,26492,2023-02-22,Success
59505,171,2501,2023-03-11,Success
45766,453,31915,2022-03-19,Success
43667,146,22344,2023-02-15,Success
45262,441,37874,2023-04-09,Success
59313,2145,32347,2022-12-16,Success
2144,2721,4739,2023-03-06,Success
49861,2927,16160,2022-07-21,Success
29583,2814,512,2022-03-15,Success
10125,2476,18775,2022-10-05,Success
58139,2180,27809,2022-05-05,Cancelled by the passenger
4571,2605,15866,2023-02-22,Cancelled by the passenger
1014,317,29469,2023-02-04,Cancelled by the passenger
35639,2663,33589,2022-11-19,Success
56901,2712,865,2022-08-12,Success
5002,1895,12769,2022-04-28,Rejected by the driver
13408,552,13668,2022-05-09,Success
6994,2846,34799,2022-05-26,Success
11509,574,19056,2022-10-23,Cancelled by the passenger
22317,668,20313,2022-12-28,Success
10457,651,378,2023-01-04,Cancelled by the passenger
15097,760,31685,2022-05-29,Success
39915,2765,20808,2022-07-29,Success
10206,974,23145,2023-02-04,Success
14297,2852,22220,2022-08-11,Success
44577,1314,4284,2022-05-23,Success
30914,1758,1948,2022-09-12,Success
1808,546,36382,2023-02-12,Success
5421,2004,16761,2022-06-27,Success
50434,1697,10045,2022-09-05,Rejected by the driver
1400,1303,8715,2022-05-30,Success
24073,2362,6419,2023-03-31,Cancelled by the passenger
37567,764,31651,2022-11-11,Success
12047,469,13593,2022-12-10,Success
17780,335,11826,2023-03-20,Success
7699,2484,20927,2022-11-12,Cancelled by the passenger
38112,2832,20512,2022-09-02,Success
974,814,738,2022-07-23,Success
16663,2675,34221,2022-06-10,Success
5795,2713,36989,2022-05-05,Success
8017,2815,13130,2022-04-27,Success
28609,2516,8150,2022-04-13,Success
6133,538,34518,2022-03-22,Success
44068,2680,25102,2022-04-01,Success
18170,1411,28923,2023-02-04,Success
31239,2963,10140,2022-10-04,Cancelled by the passenger
50575,2036,18394,2022-08-06,Success
240,2609,23887,2022-05-25,Success
14087,1230,12385,2022-04-08,Cancelled by the passenger
6044,2753,27045,2022-10-21,Success
48186,300,500,2022-09-12,Success
19590,1379,31168,2022-08-15,Success
28577,2462,23609,2022-12-22,Cancelled by the passenger
43881,754,15261,2023-03-23,Success
53360,1403,9173,2022-11-16,Success
58444,423,34164,2022-04-28,Cancelled by the passenger
25594,2639,13718,2022-04-06,Success
41717,253,16029,2022-07-19,Success
6090,1057,28633,2022-05-01,Rejected by the driver
3332,903,32676,2022-09-24,Success
21399,749,14477,2022-08-22,Rejected by the driver
556,2037,32381,2022-12-08,Success
28549,299,16418,2023-04-03,Success
9157,1217,9717,2022-10-07,Success
8449,2178,33613,2023-04-12,Success
28442,1965,2451,2022-08-23,Success
49538,1480,3710,2023-02-22,Cancelled by the passenger
9063,1095,29861,2023-02-07,Success
32152,2371,12551,2022-04-20,Rejected by the driver
3663,439,18830,2022-10-06,Cancelled by the passenger
30837,1745,39355,2022-11-20,Success
41100,174,25983,2022-08-21,Success
17164,1459,36098,2022-10-23,Success
36602,2934,4518,2022-08-09,Rejected by the driver
55147,971,39913,2023-03-13,Success
3116,750,7711,2022-05-17,Rejected by the driver
34706,2232,23577,2023-03-29,Success
35347,2628,9955,2022-10-16,Success
49795,1154,23975,2023-03-22,Success
30779,105,33983,2023-02-21,Rejected by the driver
17947,2798,6891,2023-02-12,Success
34287,1070,22936,2022-08-11,Success
10186,104,20173,2022-06-19,Success
55331,1489,1814,2022-05-13,Rejected by the driver
57124,285,28972,2022-03-22,Success
12004,1540,34825,2023-03-16,Rejected by the driver
18950,2224,1988,2022-12-15,Cancelled by the passenger
50509,411,16810,2022-09-19,Success
28543,757,7505,2023-02-08,Success
30654,1636,11754,2023-04-12,Rejected by the driver
24575,1957,14683,2022-06-22,Success
51018,1164,33506,2022-04-19,Success
6742,232,37226,2022-03-29,Success
150,415,26415,2022-10-13,Cancelled by the passenger
14606,2431,30377,2022-06-24,Cancelled by the passenger
29608,1795,17881,2022-04-14,Success
32550,458,37011,2022-05-04,Success
36086,1144,8454,2022-10-17,Success
40573,2012,14408,2022-05-10,Success
31525,764,32355,2022-03-12,Success
25977,156,20111,2022-07-11,Success
42801,165,8995,2023-01-25,Cancelled by the passenger
17632,1145,19849,2023-03-16,Success
15422,2216,20256,2022-05-31,Success
3678,571,35420,2022-07-02,Success
4252,2567,35309,2022-09-24,Success
10274,950,34153,2023-03-06,Rejected by the driver
16474,1655,15381,2022-04-01,Success
2501,434,30190,2023-02-06,Success
16156,1012,22501,2022-11-18,Success
53896,2446,13044,2022-03-28,Rejected by the driver
34943,2773,21678,2023-01-02,Cancelled by the passenger
42852,2246,30766,2022-04-14,Success
41581,519,22171,2022-12-15,Success
30956,1975,1050,2022-10-15,Success
52139,2803,30959,2022-11-16,Success
11124,1315,17308,2023-03-04,Success
52020,510,39375,2022-04-11,Rejected by the driver
58428,2248,14210,2022-07-02,Success
58222,1662,25685,2022-06-05,Success
11372,1219,10076,2022-05-21,Success
5189,1451,37300,2022-04-03,Success
23423,2467,4117,2022-03-14,Success
30675,1051,24210,2022-05-16,Success
45504,717,38795,2022-11-16,Success
22218,155,4406,2023-03-20,Success
16829,2603,20916,2022-07-10,Cancelled by the passenger
36884,1865,19122,2022-05-24,Success
59269,2626,25261,2022-04-21,Success
9092,866,28021,2023-01-08,Rejected by the driver
51555,1702,30982,2022-10-28,Cancelled by the passenger
49558,2398,28592,2022-03-24,Success
5113,2445,32502,2022-04-12,Cancelled by the passenger
31142,1694,8366,2022-07-09,Success
13632,2284,4921,2022-03-19,Success
37669,1040,34351,2022-10-22,Success
13540,235,34656,2022-10-25,Success
17005,176,9459,2022-11-23,Success
10601,2541,31919,2023-03-23,Cancelled by the passenger
34814,1025,26572,2023-01-29,Success
21390,2826,10586,2022-04-23,Cancelled by the passenger
58828,2701,21722,2023-04-11,Success
58676,469,18475,2022-09-15,Cancelled by the passenger
22798,2462,27011,2023-02-10,Rejected by the driver
15453,360,1302,2023-02-18,Success
29804,863,19952,2022-07-07,Cancelled by the passenger
35550,1038,19778,2022-05-09,Success
28646,486,11433,2022-08-04,Success
47343,333,29477,2023-03-19,Success
33158,2453,33172,2023-02-04,Success
7979,1872,18418,2022-06-02,Cancelled by the passenger
56012,2483,33849,2022-05-22,Success
7149,1264,6217,2023-04-12,Rejected by the driver
3595,994,29500,2022-10-24,Success
50514,147,26214,2023-02-02,Success
57383,1162,31124,2022-06-22,Cancelled by the passenger
52612,1377,32971,2022-05-28,Cancelled by the passenger
19672,1878,38677,2022-11-14,Success
29627,1275,33003,2022-06-16,Success
43503,650,20795,2022-07-17,Rejected by the driver
43470,2991,23879,2023-04-05,Success
43807,2387,36094,2023-04-11,Cancelled by the passenger
24182,1930,1943,2022-09-23,Success
3078,471,1314,2023-02-14,Rejected by the driver
38084,1800,38428,2022-11-25,Cancelled by the passenger
53638,1308,25588,2023-01-03,Success
25034,622,9779,2022-04-18,Success
9404,1326,21131,2022-09-08,Success
46267,2931,23941,2022-05-07,Success
28375,1122,7515,2022-03-23,Success
57627,2202,21346,2023-02-24,Success
41501,2461,31840,2022-11-01,Success
16037,188,8490,2023-03-05,Success
53891,1131,37082,2022-06-07,Success
3848,1265,659,2022-06-15,Success
35559,519,6170,2022-04-17,Success
39595,1909,26306,2023-03-31,Success
7826,406,30723,2022-08-29,Success
47175,255,2332,2022-04-04,Success
43787,1138,19750,2022-03-28,Cancelled by the passenger
38731,985,32034,2022-04-01,Success
24296,2724,24186,2022-05-17,Success
57541,377,24385,2022-05-11,Rejected by the driver
2624,118,38887,2023-04-08,Success
15244,2736,35849,2023-03-03,Success
46160,1238,36290,2022-04-07,Cancelled by the passenger
55248,1730,4338,2022-11-25,Success
4984,991,37540,2022-07-30,Success
6686,464,3160,2022-09-22,Cancelled by the passenger
23780,1511,34911,2023-01-07,Success
27287,1945,39395,2022-04-08,Success
57930,2872,32602,2022-04-12,Success
24281,1082,21034,2022-10-19,Success
31093,1430,7501,2022-11-03,Cancelled by the passenger
4332,1450,13918,2022-10-17,Success
35924,641,23326,2022-03-12,Success
28627,887,29578,2022-06-10,Success
24165,235,35024,2022-08-04,Success
20776,74,27035,2022-09-17,Cancelled by the passenger
47459,555,19708,2022-06-15,Success
43570,2593,28642,2022-11-13,Success
13988,663,2385,2023-01-21,Success
4356,694,7704,2022-03-24,Rejected by the driver
47523,606,20071,2022-10-02,Rejected by the driver
49527,1564,18062,2022-12-25,Rejected by the driver
52724,550,9664,2022-11-20,Success
37070,497,37168,2022-09-05,Success
6271,500,30341,2022-11-24,Success
51154,672,14955,2022-12-08,Success
37955,1964,20803,2022-05-22,Success
9748,100,15612,2022-12-01,Cancelled by the passenger
34989,413,32743,2022-04-22,Success
37353,621,16042,2022-08-29,Success
40931,1878,7761,2022-05-01,Success
13222,1309,10268,2023-04-05,Success
5999,1110,1334,2022-09-02,Success
58200,958,35184,2023-01-24,Success
51717,2794,34947,2022-10-03,Success
29523,390,17608,2023-01-13,Rejected by the driver
40213,670,22832,2022-10-06,Success
27246,284,5979,2023-01-03,Rejected by the driver
53779,1811,4045,2022-09-19,Rejected by the driver
7227,2067,35010,2022-07-19,Success
47197,2412,34877,2022-12-15,Success
55316,368,17773,2022-05-29,Success
15499,1290,33923,2023-02-13,Cancelled by the passenger
20964,2669,24497,2022-12-29,Success
51247,459,39735,2022-09-29,Success
13799,2820,7899,2022-08-30,Success
43750,1298,4864,2022-04-17,Success
8698,1952,35104,2022-09-23,Success
40012,2813,6315,2022-04-23,Success
33623,541,4638,2022-11-20,Success
5020,1186,1006,2023-03-03,Success
51024,2132,30762,2022-12-03,Success
47041,1347,7669,2022-09-06,Success
22338,425,2250,2023-04-09,Success
32286,1218,4373,2022-07-17,Success
27201,1833,4811,2022-10-30,Rejected by the driver
19243,434,10748,2022-04-09,Success
12481,2389,317,2022-10-21,Rejected by the driver
6556,387,27878,2022-06-09,Success
31901,996,33668,2023-01-04,Success
3338,758,11738,2022-10-03,Success
49437,1603,18260,2022-08-21,Success
57243,1453,10445,2022-07-02,Rejected by the driver
34316,222,565,2022-06-02,Success
4463,1721,6846,2022-04-06,Success
40030,2203,14205,2022-05-08,Success
2734,708,24312,2022-06-16,Success
58531,1377,2730,2023-03-11,Rejected by the driver
41649,647,35095,2022-06-30,Rejected by the driver
1774,1208,39802,2022-10-30,Success
25730,2046,23468,2022-10-20,Success
9285,890,24580,2023-01-15,Success
39291,1825,20335,2022-11-02,Success
51165,1700,17493,2022-09-08,Success
14662,250,32268,2023-02-10,Success
6496,2718,978,2022-06-18,Rejected by the driver
18225,2371,459,2022-03-15,Success
35614,408,37114,2022-08-23,Success
36648,2272,38077,2023-02-11,Success
18723,484,7629,2022-05-27,Cancelled by the passenger
44921,1371,28822,2022-05-22,Success
59457,2916,39760,2022-10-22,Success
21516,1995,26189,2022-08-14,Cancelled by the passenger
46795,2121,1864,2022-12-13,Cancelled by the passenger
25487,91,7889,2022-05-04,Success
20249,1521,38188,2022-11-03,Cancelled by the passenger
47052,1325,162,2022-08-24,Success
52331,2601,14920,2023-04-15,Success
21831,775,38286,2023-01-02,Success
30186,366,38886,2023-01-25,Cancelled by the passenger
22871,460,11550,2022-05-12,Success
7050,936,29963,2023-03-17,Success
15454,770,5362,2022-11-01,Cancelled by the passenger
22528,2025,24262,2022-03-18,Success
27594,1065,8689,2023-01-24,Success
19426,2077,25829,2022-05-09,Success
43280,2062,34737,2022-08-25,Success
55435,1496,39643,2022-04-29,Success
17260,2379,27490,2022-03-25,Success
15389,604,28925,2023-02-02,Success
33191,497,22070,2022-05-10,Rejected by the driver
2730,2234,39959,2023-04-12,Rejected by the driver
1514,1766,7326,2022-07-08,Success
20823,1634,33234,2022-09-25,Success
36464,12,20992,2022-05-21,Success
58199,2041,7577,2023-03-25,Cancelled by the passenger
11457,255,14533,2022-05-26,Rejected by the driver
9559,237,12729,2022-07-08,Success
30764,2463,30629,2023-04-13,Success
2193,1105,25714,2022-04-11,Success
5491,807,37727,2023-01-13,Success
43066,1639,26282,2022-10-23,Cancelled by the passenger
29708,389,35117,2022-07-22,Success
57299,2583,7059,2022-11-26,Success
14806,235,2411,2023-03-24,Success
42690,1352,33422,2022-05-14,Success
6396,2299,34024,2022-07-30,Success
618,1900,8822,2022-05-27,Success
57789,2276,6597,2023-02-28,Success
12115,351,11868,2023-03-23,Success
57036,2245,37267,2023-01-30,Success
59338,1389,17588,2022-10-14,Success
46685,778,4396,2023-03-13,Success
29256,1104,27675,2022-07-23,Success
19807,927,15610,2023-04-13,Success
10490,522,7344,2022-07-18,Success
43113,2220,32066,2022-08-28,Success
31762,1683,18794,2023-04-11,Success
49037,1310,21531,2022-06-29,Cancelled by the passenger
50717,1728,28103,2022-11-30,Success
9728,1553,33359,2022-12-18,Rejected by the driver
41032,982,37750,2022-06-13,Rejected by the driver
27735,1107,39864,2023-02-02,Cancelled by the passenger
15891,992,39941,2022-09-26,Success
17648,1269,29102,2022-11-02,Success
3572,1961,880,2023-01-12,Success
34629,1942,26213,2022-12-07,Success
37315,2332,39177,2023-02-28,Rejected by the driver
32875,470,20915,2023-03-17,Success
559,704,27195,2022-07-19,Success
7011,117,18521,2023-02-21,Cancelled by the passenger
51095,1153,5828,2023-04-10,Success
20522,897,34286,2022-04-21,Cancelled by the passenger
30443,752,17913,2022-10-09,Rejected by the driver
11453,2591,33498,2023-02-25,Success
41153,1784,8975,2022-08-12,Success
53921,2192,10002,2022-08-19,Success
13509,1906,37039,2022-03-29,Rejected by the driver
28384,761,13353,2022-03-27,Cancelled by the passenger
10255,796,35891,2022-06-27,Success
56206,2975,26202,2022-05-29,Success
53179,1062,4329,2023-03-18,Success
50657,2205,26458,2022-10-08,Rejected by the driver
23770,2935,275,2022-10-20,Cancelled by the passenger
40814,2723,1976,2023-01-02,Success
33535,99,22772,2022-11-06,Success
7327,1666,16869,2022-04-18,Success
43385,1491,20927,2022-11-04,Success
21084,2272,35537,2022-12-08,Success
51771,413,30283,2022-08-01,Rejected by the driver
10871,1752,8271,2023-04-14,Cancelled by the passenger
20734,2489,1120,2022-07-17,Success
50516,1905,11211,2023-01-28,Success
13055,312,5335,2022-05-06,Rejected by the driver
50379,1080,13046,2022-08-30,Success
16580,2903,28298,2022-04-24,Success
16051,1004,32273,2022-06-09,Success
56847,2312,32129,2023-02-06,Rejected by the driver
30523,2725,37143,2022-10-11,Rejected by the driver
43409,2428,27841,2023-02-21,Success
17813,2626,14252,2022-04-21,Success
21385,2839,34526,2022-03-29,Success
50716,149,39890,2022-05-09,Cancelled by the passenger
29863,70,6574,2023-01-01,Success
20034,2967,19767,2023-01-10,Success
48110,1568,19424,2022-06-08,Success
6310,584,7307,2023-04-02,Success
3330,295,922,2022-12-03,Cancelled by the passenger
12974,1417,27613,2023-03-18,Success
11421,2009,1327,2022-12-28,Success
40188,2863,35667,2023-04-14,Success
7097,2672,30005,2022-09-18,Success
53516,2780,10959,2022-09-04,Success
48758,355,14211,2022-12-31,Success
57782,943,13747,2022-06-12,Success
53321,56,4438,2022-12-27,Success
23124,455,17373,2022-07-21,Success
5986,2473,34285,2022-08-16,Success
19965,1257,39604,2023-01-12,Success
22673,893,38708,2022-03-28,Success
14152,69,14573,2022-05-24,Success
53468,1953,31263,2022-07-08,Success
28283,622,26021,2022-06-20,Rejected by the driver
33030,2534,32611,2022-08-22,Rejected by the driver
49547,353,24823,2023-02-04,Success
16685,1387,1768,2022-06-27,Rejected by the driver
47891,970,22251,2023-01-24,Success
12211,843,26493,2022-11-11,Success
42469,2761,39005,2023-04-15,Success
58208,1001,21783,2023-04-08,Success
26054,1643,19953,2022-04-25,Rejected by the driver
47332,1192,15164,2022-07-24,Rejected by the driver
13905,2785,27562,2022-08-20,Success
43873,2029,16900,2023-01-24,Success
13978,1723,9238,2022-10-11,Success
11869,1946,30951,2022-11-27,Success
41744,2664,7780,2023-01-11,Success
56272,1724,17019,2023-01-25,Success
55198,1341,24165,2023-01-09,Success
5886,2505,34704,2023-03-28,Cancelled by the passenger
2019,319,35273,2022-06-19,Success
9492,2884,7805,2023-01-13,Rejected by the driver
15577,2982,3,2022-07-29,Success
50758,1458,36362,2022-04-01,Cancelled by the passenger
15196,505,337,2022-04-22,Success
54536,1884,4741,2023-02-09,Success
20274,1342,33373,2022-11-06,Success
13802,466,34338,2022-07-14,Cancelled by the passenger
50233,2199,13041,2023-03-05,Cancelled by the passenger
10456,2409,36162,2022-07-11,Success
51241,10,9551,2022-12-28,Success
20583,2962,34423,2022-04-29,Success
13591,2227,34694,2022-05-15,Success
36295,172,32697,2022-03-31,Success
8560,1479,31494,2022-09-18,Success
57373,1773,25532,2022-08-28,Success
11224,2944,4180,2023-02-25,Cancelled by the passenger
39670,798,34207,2023-03-10,Success
57006,2433,4629,2022-03-24,Success
30913,2071,6966,2022-09-19,Rejected by the driver
31647,2130,18878,2023-04-07,Success
26781,2044,28609,2022-08-24,Success
3462,68,15986,2022-12-15,Cancelled by the passenger
54926,2284,25689,2022-06-29,Rejected by the driver
42126,2411,39526,2022-09-06,Success
8706,2934,34833,2022-06-28,Success
11969,1441,32366,2022-09-02,Success
50236,626,1111,2023-03-08,Success
37824,1007,26409,2023-02-03,Success
37325,2289,31279,2023-04-06,Success
19453,1292,29086,2022-12-22,Success
37498,589,29486,2022-09-28,Rejected by the driver
42143,1141,4067,2022-11-05,Success
57215,109,31301,2022-08-15,Rejected by the driver
10546,2572,24558,2023-04-03,Success
35871,411,6072,2022-12-08,Cancelled by the passenger
10187,2202,22400,2022-10-10,Success
9351,710,17759,2022-04-06,Success
9372,3000,37913,2022-07-05,Success
32564,1570,17690,2023-01-02,Success
15098,2972,35446,2022-07-08,Rejected by the driver
50494,533,27481,2022-07-08,Success
2753,1754,27354,2022-03-17,Success
43116,1899,26360,2022-09-24,Cancelled by the passenger
40812,2431,38965,2023-02-24,Cancelled by the passenger
45559,1976,6675,2022-07-31,Success
56192,2599,27153,2022-08-31,Cancelled by the passenger
37324,1321,11486,2022-10-21,Rejected by the driver
33117,2275,12680,2023-02-06,Success
10629,2157,6259,2023-02-22,Rejected by the driver
16564,568,15577,2023-02-09,Success
35167,2074,39966,2023-04-04,Success
42198,1842,24099,2022-04-07,Cancelled by the passenger
11853,12,30764,2022-08-05,Rejected by the driver
852,675,27703,2022-10-01,Rejected by the driver
59353,876,11715,2022-10-16,Success
40174,974,18112,2023-03-09,Success
41174,114,4947,2023-03-16,Success
18526,1157,19112,2022-05-12,Cancelled by the passenger
42202,2679,7031,2022-08-13,Success
57210,670,1775,2022-09-21,Rejected by the driver
54417,2584,35167,2022-06-19,Success
44974,69,4759,2022-12-31,Success
56757,2795,16940,2022-06-14,Success
37980,1612,16637,2022-04-06,Cancelled by the passenger
43694,607,8896,2022-09-17,Success
2401,2613,19535,2022-09-06,Rejected by the driver
45144,1598,5804,2022-08-23,Success
48602,1384,34762,2023-01-20,Cancelled by the passenger
55033,644,7813,2022-04-26,Success
9856,803,7408,2023-03-28,Rejected by the driver
19934,1831,23194,2022-08-15,Success
1999,972,5044,2022-09-09,Success
23251,1313,5934,2023-02-16,Success
19626,1614,11302,2022-10-20,Rejected by the driver
346,1389,20980,2022-05-08,Rejected by the driver
54493,1961,19934,2022-11-09,Success
47802,2350,6362,2023-03-14,Success
17642,871,21926,2022-09-16,Success
1376,2339,20755,2022-08-19,Success
53200,2769,15566,2022-07-13,Success
46281,2543,24511,2022-10-20,Success
58205,316,24976,2022-11-30,Rejected by the driver
23132,1242,39290,2022-12-31,Success
43832,178,27259,2022-12-07,Success
48177,752,11573,2022-04-10,Success
15898,2129,3959,2022-06-07,Rejected by the driver
18206,44,36061,2023-01-28,Success
42961,1439,24935,2022-05-03,Success
16912,2668,39624,2023-04-04,Success
3376,2832,34657,2022-12-15,Success
41784,2374,39827,2023-03-10,Success
18009,36,27788,2022-08-13,Cancelled by the passenger
16285,1753,3580,2022-10-26,Cancelled by the passenger
39932,305,20167,2022-08-31,Rejected by the driver
14326,1758,33834,2022-09-17,Success
20240,1055,33600,2022-04-22,Rejected by the driver
56631,2134,18167,2022-10-02,Rejected by the driver
4983,1975,2537,2022-08-27,Success
48789,187,20487,2022-07-21,Success
8183,122,10094,2023-01-13,Success
45512,2993,38219,2022-09-28,Cancelled by the passenger
52336,2013,30262,2022-09-02,Success
57510,532,34904,2022-11-10,Rejected by the driver
31518,1775,20806,2023-03-15,Success
52235,541,33689,2023-01-18,Success
47849,1584,12745,2022-11-20,Success
37951,2840,5762,2022-09-13,Success
10587,2985,17391,2023-03-06,Success
23907,239,27509,2022-05-05,Cancelled by the passenger
22623,1521,27832,2023-01-16,Rejected by the driver
29347,2514,3960,2023-03-28,Success
24134,2331,8870,2023-03-03,Cancelled by the passenger
18437,1101,2279,2022-04-07,Rejected by the driver
437,1674,2167,2022-05-13,Success
22969,1875,33999,2022-10-23,Cancelled by the passenger
45520,1534,15149,2023-03-19,Success
2592,2842,33353,2022-09-13,Success
38559,1266,13287,2022-03-15,Cancelled by the passenger
32999,2895,2378,2022-04-24,Rejected by the driver
43357,235,8607,2023-02-08,Success
23314,2224,35858,2022-10-18,Success
15714,904,34955,2022-11-28,Cancelled by the passenger
45914,1045,38727,2022-05-16,Success
17387,532,38816,2023-01-07,Success
15929,1115,27569,2022-08-19,Success
44343,176,7647,2023-01-05,Success
58978,821,38434,2022-12-28,Success
34638,2655,17745,2022-07-26,Cancelled by the passenger
43205,656,37738,2022-11-21,Rejected by the driver
15737,981,34468,2022-11-13,Success
1313,285,3192,2022-11-06,Success
15114,721,11007,2022-08-20,Success
49317,1904,38079,2022-05-23,Success
3101,2691,32804,2022-08-03,Success
5467,491,13417,2023-01-04,Success
52182,2207,19086,2022-09-19,Success
48550,382,28909,2022-11-26,Success
21078,2129,33811,2023-01-18,Success
57914,2474,26529,2023-01-28,Rejected by the driver
56699,477,7701,2022-04-17,Success
32458,1523,36764,2022-04-02,Success
34089,2232,7853,2022-12-12,Rejected by the driver
19061,1293,4931,2022-04-09,Rejected by the driver
7623,2031,14131,2022-08-11,Success
54859,2560,11131,2022-12-30,Success
15089,2026,11300,2022-10-28,Success
41162,1527,3550,2022-12-15,Success
56920,797,6415,2023-04-04,Success
26198,828,34666,2022-05-29,Success
21049,1058,12421,2022-10-28,Rejected by the driver
43418,988,37138,2023-03-17,Success
54664,1506,34577,2023-01-30,Rejected by the driver
17830,2594,37660,2022-11-05,Success
55213,2634,17200,2022-05-01,Success
20478,1729,9811,2022-07-31,Success
59550,2816,33589,2022-08-08,Success
3832,1119,32547,2022-08-13,Success
39608,1138,17091,2023-02-14,Success
19733,21,31744,2022-10-17,Success
10172,261,2051,2023-01-21,Success
37694,1647,38661,2023-03-16,Success
48997,1709,4842,2022-12-25,Success
26970,1196,39644,2022-11-30,Success
27555,2366,8736,2022-10-09,Rejected by the driver
23701,333,2202,2022-03-14,Success
34508,1208,38904,2022-07-09,Success
37449,2007,8878,2022-12-11,Cancelled by the passenger
944,2859,22449,2022-07-09,Success
45730,2658,22185,2022-08-09,Success
58144,296,13240,2023-02-24,Success
7083,1592,19726,2022-04-13,Success
29846,2182,14995,2022-12-05,Rejected by the driver
47635,2137,1118,2023-02-12,Success
44118,116,38158,2023-03-11,Cancelled by the passenger
11125,630,38308,2022-06-29,Success
27114,1275,35296,2022-12-11,Success
21774,1528,30904,2023-01-10,Success
7964,2184,7574,2022-09-03,Success
38184,7,25294,2022-03-15,Success
57108,2625,6602,2022-10-18,Cancelled by the passenger
12789,1807,2272,2023-03-28,Rejected by the driver
9158,1464,28310,2022-08-26,Success
55574,1530,26647,2022-11-22,Success
59762,1282,28245,2023-03-01,Success
26839,2852,29613,2023-02-10,Cancelled by the passenger
27129,194,14664,2022-06-17,Success
38766,238,19893,2022-05-28,Success
30789,1078,30954,2022-07-31,Cancelled by the passenger
44592,1013,4036,2022-08-19,Success
1494,2411,22216,2023-02-19,Success
20197,1034,15045,2023-03-03,Success
35887,2091,34380,2022-10-28,Success
39737,1807,201,2022-09-05,Success
26630,992,4291,2022-09-27,Success
38620,1777,10079,2022-09-15,Success
43664,141,14031,2023-02-19,Rejected by the driver
17219,1963,34221,2022-04-26,Success
25727,1936,23625,2022-09-28,Success
2365,2711,15112,2022-11-24,Rejected by the driver
38463,964,7654,2022-03-18,Rejected by the driver
20898,2296,12196,2022-12-07,Success
48124,2228,17766,2022-08-18,Success
46180,932,29375,2023-03-14,Success
24581,2690,33450,2023-01-10,Success
22712,2465,36178,2022-05-01,Success
44534,2128,12899,2023-03-09,Success
21982,1263,32641,2022-04-26,Success
48728,2889,36921,2023-04-13,Success
6915,2358,6452,2023-03-17,Cancelled by the passenger
13722,1617,31633,2022-10-10,Success
56956,744,20717,2022-04-02,Success
43445,2497,6672,2023-02-22,Rejected by the driver
27603,1698,19747,2023-03-12,Success
42926,2465,10317,2022-09-05,Success
49301,2026,20536,2022-12-14,Success
43429,815,18243,2022-08-05,Success
55266,2992,9908,2022-03-27,Success
2656,2825,23391,2022-07-27,Cancelled by the passenger
52104,2635,27148,2022-05-09,Success
38235,2017,30353,2022-06-06,Success
40835,1725,9097,2022-11-22,Success
48832,1978,13944,2022-09-23,Success
41763,1964,34203,2022-12-29,Success
7532,1757,16082,2022-09-29,Success
49736,899,21923,2022-08-13,Success
23070,1843,39783,2022-08-08,Rejected by the driver
46895,2854,328,2022-05-19,Success
2587,1220,32928,2023-03-03,Success
24434,1880,1981,2022-06-03,Success
28750,2223,27260,2022-10-08,Success
6340,1794,14773,2022-05-17,Cancelled by the passenger
407,1304,26666,2023-03-17,Cancelled by the passenger
3189,480,22570,2022-12-01,Success
15206,2559,10852,2022-12-09,Success
44172,2624,13,2022-08-05,Rejected by the driver
53397,1252,23764,2023-01-14,Success
46990,1458,10874,2022-09-21,Success
23188,2037,14302,2022-10-11,Rejected by the driver
13597,252,10385,2022-08-15,Success
27431,118,8395,2022-07-08,Success
33226,2958,33975,2023-03-31,Success
34296,2319,5704,2022-05-05,Success
9176,2431,39578,2022-04-09,Success
42707,548,3501,2022-04-30,Success
45636,1165,5403,2022-12-19,Success
3675,2872,38790,2023-03-13,Success
17262,1652,6145,2023-01-10,Success
33231,1918,16298,2022-05-14,Success
2323,2217,3035,2022-04-01,Success
42684,2068,33532,2022-05-20,Success
4974,2172,21166,2023-02-17,Success
2775,1770,18020,2022-03-15,Success
25053,2786,14023,2022-11-24,Success
27873,2622,15071,2023-02-21,Success
29335,1293,38874,2022-08-06,Cancelled by the passenger
47266,2615,8196,2022-03-12,Rejected by the driver
55056,363,13189,2023-02-25,Rejected by the driver
15649,1399,30957,2022-03-25,Success
52940,2843,38605,2023-04-12,Rejected by the driver
38392,1814,22383,2022-11-23,Success
13994,96,24803,2022-08-21,Cancelled by the passenger
6853,953,10838,2022-07-05,Success
59761,593,22632,2022-04-17,Cancelled by the passenger
9388,629,22377,2022-12-19,Success
46073,2180,24110,2023-03-12,Success
45915,1854,21368,2022-09-21,Success
10511,236,2074,2022-06-20,Success
35112,436,17829,2022-06-06,Success
29370,2877,29725,2022-04-19,Success
10486,2616,26998,2022-07-24,Cancelled by the passenger
5693,1118,28341,2022-09-13,Success
29383,15,38916,2022-09-15,Success
21638,1538,25205,2022-05-20,Success
51460,2737,10880,2022-07-02,Success
41192,93,23296,2022-09-23,Success
52145,378,34503,2023-02-13,Success
26607,2227,1527,2023-02-20,Success
21687,740,31180,2023-02-24,Success
2378,1949,10147,2023-01-08,Success
57146,366,38289,2022-08-04,Success
16968,706,13320,2022-08-20,Success
44495,1526,36534,2023-03-26,Success
16353,1652,19136,2022-09-16,Rejected by the driver
31574,19,10737,2022-04-26,Success
5494,586,17207,2022-05-26,Success
4116,2803,20543,2022-05-12,Success
34710,1848,8019,2022-12-22,Cancelled by the passenger
7875,246,18600,2023-01-13,Success
13061,959,39620,2022-03-20,Success
50688,396,2742,2022-10-18,Success
59179,122,1528,2022-03-20,Success
47603,777,8280,2023-02-24,Success
47162,2840,28835,2022-04-28,Rejected by the driver
27460,2758,10443,2022-12-04,Success
8027,1426,839,2022-04-20,Success
47781,2585,22674,2022-12-20,Success
15959,2134,5545,2023-02-07,Success
46523,1810,35642,2022-07-17,Success
33707,2107,11907,2023-02-07,Success
45224,476,5792,2022-10-21,Success
39853,889,39026,2023-02-27,Success
4668,1593,5840,2022-08-20,Success
53729,2375,21531,2022-09-03,Success
58914,2433,30724,2022-07-25,Success
8936,1479,37634,2022-03-26,Success
871,2543,26100,2022-07-30,Cancelled by the passenger
54976,973,1512,2023-04-01,Success
54557,2470,35403,2022-03-23,Success
16813,920,9350,2022-12-15,Cancelled by the passenger
17417,2395,16227,2022-12-30,Success
41566,1272,14652,2023-02-03,Cancelled by the passenger
59501,878,11853,2022-10-31,Success
11284,940,15024,2022-12-05,Success
38180,1810,31309,2022-04-24,Success
42340,175,6158,2023-01-20,Success
12400,87,14858,2022-07-20,Success
52426,603,18031,2022-05-23,Success
37446,2019,24855,2022-03-12,Success
49871,733,30168,2022-10-17,Success
743,2360,27170,2022-03-26,Success
27295,2949,32751,2023-04-15,Success
2368,2521,36173,2022-04-10,Success
4103,1672,5648,2022-10-14,Success
18830,2782,17899,2022-04-23,Cancelled by the passenger
3850,2353,13979,2022-11-18,Success
2247,1873,21729,2022-04-30,Success
35095,135,36486,2022-03-30,Rejected by the driver
36656,2482,3509,2023-04-03,Rejected by the driver
3487,76,18544,2022-12-22,Success
301,1463,34990,2022-06-19,Rejected by the driver
22880,220,38332,2022-05-22,Success
47348,106,2527,2022-11-01,Success
26642,65,2477,2023-03-28,Rejected by the driver
13030,2718,11782,2023-04-11,Rejected by the driver
7960,2773,32023,2022-10-08,Success
29916,272,6717,2023-04-15,Rejected by the driver
11699,914,14667,2022-04-15,Rejected by the driver
4789,1370,38077,2022-03-17,Success
39790,2465,37728,2022-05-12,Success
10211,2798,6310,2022-03-24,Rejected by the driver
33499,2412,9250,2022-07-12,Cancelled by the passenger
13352,1749,36316,2023-01-11,Success
45416,1262,33337,2023-02-06,Success
27202,2815,12353,2023-02-22,Success
28393,1179,39315,2022-12-08,Rejected by the driver
6663,75,22061,2023-02-14,Rejected by the driver
46321,2303,18369,2023-03-13,Success
48541,2590,27064,2022-11-01,Success
38825,2587,5868,2022-06-23,Success
50664,2019,24082,2023-01-10,Success
7210,2970,29371,2022-07-10,Cancelled by the passenger
26192,2133,33991,2022-04-24,Cancelled by the passenger
9214,1346,20120,2022-12-14,Cancelled by the passenger
39765,962,39549,2023-02-10,Success
30501,2019,35948,2022-08-31,Success
28035,2960,29455,2022-04-17,Rejected by the driver
23663,1462,15014,2022-04-28,Success
37622,1095,24625,2022-05-17,Success
28361,1000,33757,2023-04-11,Cancelled by the passenger
18411,2135,37578,2022-03-23,Success
51675,1895,14887,2023-02-11,Success
25325,718,11102,2022-04-03,Success
15350,846,4732,2022-03-31,Success
16004,2205,27617,2022-10-26,Cancelled by the passenger
54732,1490,10465,2023-01-14,Rejected by the driver
10707,663,13245,2022-10-16,Success
183,889,4760,2023-01-09,Success
6114,814,33733,2022-09-03,Rejected by the driver
35637,2937,4279,2022-06-17,Success
30716,506,11309,2022-06-28,Rejected by the driver
40132,441,6498,2022-11-01,Success
4130,412,25326,2022-06-09,Success
26172,824,3415,2022-07-09,Success
3986,692,36792,2022-03-13,Success
4278,2985,15593,2023-03-17,Success
28211,771,34956,2022-11-15,Success
22241,1046,12982,2023-04-09,Success
37570,1611,34908,2022-08-21,Rejected by the driver
54322,1317,27560,2022-07-15,Success
55288,1208,23563,2022-05-15,Success
10033,903,21230,2023-02-02,Success
30970,1840,15940,2022-11-09,Success
31225,1588,28529,2022-11-16,Success
11144,882,20112,2022-04-16,Success
12973,1990,20661,2022-05-02,Success
6729,2614,4949,2022-05-30,Cancelled by the passenger
971,660,37755,2022-04-17,Success
42345,2510,10759,2022-10-08,Success
56441,1050,39508,2022-10-08,Success
59704,2914,4367,2022-11-26,Cancelled by the passenger
25855,2697,13044,2023-04-06,Success
43506,2689,27771,2022-10-11,Rejected by the driver
47349,2341,27221,2022-06-22,Success
14508,715,8265,2022-05-06,Cancelled by the passenger
2528,90,13410,2022-10-02,Success
39724,2006,22441,2022-11-22,Success
7357,1176,22328,2022-03-24,Success
46808,2551,8864,2023-04-07,Success
51429,2198,31439,2022-05-12,Success
46063,1006,1709,2022-10-21,Success
18029,209,3085,2023-02-06,Success
19374,2891,38544,2022-05-22,Success
18092,1828,27679,2023-01-26,Cancelled by the passenger
55967,2369,3951,2022-07-30,Success
54423,1249,3516,2022-10-27,Success
44057,1238,23298,2022-07-30,Success
47722,1463,14087,2022-09-11,Success
6563,828,25112,2022-08-21,Success
7528,2852,39673,2023-03-13,Success
41479,2583,38799,2023-01-15,Cancelled by the passenger
39199,2728,14738,2022-06-26,Success
8637,1392,23194,2022-05-14,Success
57601,249,11703,2022-04-13,Rejected by the driver
393,2690,236,2022-05-04,Success
9689,931,35661,2022-05-14,Success
58418,1119,23989,2022-11-29,Success
31119,2697,13411,2022-12-06,Success
41872,2215,35049,2022-06-09,Success
14114,926,57,2023-01-29,Success
53017,2025,4037,2023-01-12,Cancelled by the passenger
43858,1336,29900,2022-05-19,Success
53892,1595,27761,2022-04-17,Success
21007,2827,9659,2022-04-29,Success
21417,2428,6680,2023-03-03,Success
30362,130,13555,2022-06-16,Success
20290,676,34151,2023-03-26,Success
26962,2396,31199,2022-08-20,Success
42523,762,39119,2022-04-23,Rejected by the driver
884,2617,8274,2022-05-02,Success
25055,1180,30450,2022-07-26,Success
50036,1495,24042,2022-04-27,Success
59671,2902,17962,2023-03-22,Rejected by the driver
9282,1339,3183,2023-02-17,Success
50021,1251,16683,2022-12-16,Cancelled by the passenger
36747,2822,8370,2023-01-03,Success
58557,2405,7952,2023-04-06,Cancelled by the passenger
18499,1371,37242,2022-06-14,Success
41379,2130,33000,2023-01-17,Success
2353,400,2817,2022-10-08,Success
15099,1288,13364,2023-02-04,Success
28179,1014,23445,2022-05-11,Success
49596,2746,27400,2022-04-06,Success
11729,2374,25644,2023-04-04,Rejected by the driver
31403,1441,989,2022-08-22,Success
48955,1591,8586,2023-03-04,Cancelled by the passenger
52761,1219,8390,2022-08-14,Rejected by the driver
44891,188,4496,2022-04-29,Success
39836,345,37684,2022-06-04,Success
15276,2555,35871,2022-10-14,Success
3535,1914,9376,2022-06-09,Success
20873,2776,24685,2022-12-07,Rejected by the driver
24499,1215,28056,2022-09-06,Cancelled by the passenger
54986,2087,24122,2022-11-27,Cancelled by the passenger
31427,715,9139,2022-07-31,Success
37121,2421,36211,2022-06-27,Success
19136,2184,11817,2023-02-14,Success
394,2366,33856,2022-09-23,Success
49654,92,24704,2023-01-20,Success
42333,1680,8847,2022-10-31,Rejected by the driver
46433,1236,20732,2023-03-04,Rejected by the driver
51338,2740,36678,2023-04-15,Success
9139,2809,33900,2022-07-13,Success
27795,2000,22424,2023-02-14,Rejected by the driver
59689,800,23841,2022-12-13,Cancelled by the passenger
7440,1173,28567,2023-04-02,Cancelled by the passenger
31008,1171,29110,2022-06-02,Success
6424,2465,22717,2023-04-10,Cancelled by the passenger
1034,2512,18363,2022-06-17,Success
53136,610,27787,2022-06-04,Success
26935,451,23199,2022-07-07,Rejected by the driver
53048,2813,21626,2022-04-26,Success
41762,757,19617,2022-12-23,Success
15829,1642,4445,2023-03-25,Rejected by the driver
59358,1951,25922,2022-12-15,Cancelled by the passenger
2459,1033,14022,2022-09-25,Success
27066,70,1319,2023-02-18,Success
57575,2355,7306,2022-08-21,Success
8376,29,10670,2023-01-23,Success
57122,2337,33270,2022-10-02,Success
59722,2277,18263,2023-04-12,Cancelled by the passenger
51893,1839,28075,2023-01-28,Success
22068,2879,7717,2023-01-28,Success
47122,1281,38990,2023-01-13,Success
40635,2892,28519,2022-12-27,Success
55499,2650,32693,2022-09-20,Success
1055,106,34435,2022-03-29,Cancelled by the passenger
45335,1050,23019,2023-04-06,Success
33234,334,35841,2022-05-26,Cancelled by the passenger
53379,1828,34331,2022-11-05,Success
6262,1088,20241,2022-11-09,Success
2076,2458,27208,2023-01-31,Success
28223,2036,5807,2022-10-26,Rejected by the driver
43786,2534,29234,2023-04-08,Rejected by the driver
747,745,13697,2022-09-13,Success
5034,2433,26351,2022-10-16,Success
8321,2474,6837,2022-08-29,Rejected by the driver
55897,813,8341,2023-01-19,Success
58163,1057,32262,2022-07-26,Success
34651,676,13440,2023-04-10,Rejected by the driver
21961,1288,24111,2022-09-20,Success
25303,2625,5271,2023-02-23,Success
36111,2008,32431,2022-11-04,Rejected by the driver
42505,2928,3902,2022-10-07,Rejected by the driver
37472,1408,22297,2022-05-10,Cancelled by the passenger
8356,199,39677,2023-01-24,Rejected by the driver
39860,1365,21675,2022-04-05,Success
40563,439,24001,2022-12-02,Success
14843,2266,7574,2022-04-18,Success
18231,830,30026,2022-11-23,Success
6083,242,15535,2022-10-17,Success
31485,529,16962,2022-07-29,Rejected by the driver
8381,2240,18422,2023-02-25,Cancelled by the passenger
22961,2829,26835,2023-01-25,Success
8098,2527,13957,2022-06-14,Rejected by the driver
40075,1091,7688,2022-11-11,Success
25551,2298,29994,2022-09-05,Success
22331,1626,30751,2022-11-16,Success
32110,8,21372,2022-12-26,Success
29163,2630,208,2023-03-10,Success
23085,2847,27380,2023-01-06,Success
3655,2849,35264,2022-04-19,Success
18605,320,17153,2022-11-19,Success
2765,1014,23306,2023-02-09,Rejected by the driver
47471,2823,21185,2022-10-20,Rejected by the driver
30861,856,24361,2022-09-24,Success
839,1417,19504,2022-06-21,Success
14681,966,26772,2022-04-28,Cancelled by the passenger
40115,18,14609,2022-03-13,Cancelled by the passenger
34082,2797,31464,2023-02-02,Success
36442,2503,30865,2022-07-16,Success
43252,774,34012,2022-04-27,Success
59677,243,8236,2022-09-14,Rejected by the driver
20327,2397,4725,2022-07-28,Success
3303,1563,4413,2022-08-18,Rejected by the driver
11170,2001,33614,2022-05-24,Success
41034,1530,14070,2022-12-01,Success
56693,1215,16412,2022-05-06,Success
53546,1180,29172,2022-11-10,Rejected by the driver
53650,2777,18827,2022-08-02,Success
59778,758,1666,2022-05-30,Success
45801,2116,22401,2022-03-19,Cancelled by the passenger
29183,1040,27061,2022-05-10,Success
58662,2162,28221,2022-11-22,Success
2357,1766,37341,2022-06-04,Success
49439,125,1728,2023-02-09,Success
6977,368,26342,2022-10-01,Cancelled by the passenger
19671,1609,30468,2022-10-08,Cancelled by the passenger
50816,1507,17225,2022-05-07,Success
3785,1136,274,2022-09-02,Rejected by the driver
56599,247,10246,2022-06-09,Cancelled by the passenger
23281,2355,3370,2022-10-16,Success
1919,541,19833,2022-07-21,Rejected by the driver
5108,143,2934,2022-10-13,Success
46254,442,29136,2022-10-22,Rejected by the driver
44437,2637,1636,2023-04-03,Cancelled by the passenger
39903,1972,6732,2022-08-16,Success
29326,1129,35426,2022-11-09,Success
43360,289,37307,2023-04-11,Success
13745,1812,25056,2022-06-12,Success
20316,1312,27011,2023-01-30,Success
50257,2617,13227,2022-06-17,Success
32452,1216,18741,2022-07-02,Success
15602,1539,34305,2022-08-18,Success
50718,2970,32575,2022-10-31,Success
28080,2836,20888,2023-04-14,Success
51715,350,25214,2022-08-05,Success
27395,541,34588,2022-08-06,Rejected by the driver
59487,664,21480,2022-03-26,Rejected by the driver
7314,709,38286,2022-12-03,Success
52939,2917,6280,2022-05-21,Success
25317,2595,27420,2023-03-29,Success
53432,2382,37056,2022-03-29,Success
43950,551,19647,2023-04-10,Rejected by the driver
57528,893,38827,2022-05-31,Success
59097,2704,7316,2022-04-30,Cancelled by the passenger
39184,1617,34391,2022-06-06,Rejected by the driver
44546,2323,21404,2022-08-09,Rejected by the driver
59328,2489,6480,2022-08-21,Rejected by the driver
56649,2494,6574,2022-09-26,Rejected by the driver
57278,1882,36411,2023-03-04,Success
53814,2551,7858,2022-05-27,Success
55682,1543,34743,2023-01-20,Success
27000,2014,24511,2023-01-01,Success
33768,2711,14609,2023-01-29,Success
41290,776,29937,2022-12-12,Success
7222,1669,11451,2022-06-27,Success
9299,2825,639,2022-03-29,Success
19554,2162,4352,2022-08-19,Cancelled by the passenger
28245,1372,21377,2023-03-25,Success
54773,1066,6877,2022-07-11,Rejected by the driver
32722,2641,18072,2022-10-10,Success
59072,1795,5321,2022-04-13,Rejected by the driver
54317,487,17964,2023-03-27,Success
1807,553,4345,2023-03-07,Cancelled by the passenger
37547,2083,26171,2022-08-05,Success
24812,1247,21921,2022-03-19,Rejected by the driver
19168,652,3052,2022-08-01,Success
42362,1564,4488,2022-12-10,Rejected by the driver
34740,103,22602,2022-11-13,Success
2321,2542,22076,2023-01-09,Cancelled by the passenger
16473,260,31489,2023-03-21,Success
21216,2528,23142,2022-07-18,Success
1173,2142,30450,2022-06-24,Success
36715,1577,11101,2022-04-12,Success
18815,561,15975,2023-03-02,Success
27929,551,6162,2022-08-18,Rejected by the driver
4111,609,7110,2022-10-04,Cancelled by the passenger
50727,774,35762,2023-03-03,Cancelled by the passenger
18945,1355,38812,2022-09-22,Success
51466,1861,5178,2022-06-24,Success
18628,774,12513,2022-12-10,Success
41855,1114,16326,2023-02-23,Success
46879,1904,16895,2022-09-09,Success
9891,1397,12694,2022-07-30,Rejected by the driver
42550,2403,39161,2022-11-28,Success
38609,1895,816,2022-05-10,Cancelled by the passenger
21454,2677,17531,2022-11-07,Success
16136,1417,24077,2023-03-14,Cancelled by the passenger
43422,2615,11116,2022-03-21,Success
40369,2176,2614,2023-01-15,Success
46238,1351,28450,2023-03-03,Success
7737,1240,30905,2022-08-06,Rejected by the driver
2032,1185,37043,2022-04-27,Success
14215,555,23585,2022-08-16,Cancelled by the passenger
10611,1306,12347,2022-10-17,Success
35045,2647,3725,2022-07-12,Cancelled by the passenger
51975,868,31320,2023-01-13,Rejected by the driver
40047,1530,3183,2022-07-13,Success
38729,377,31641,2022-10-13,Rejected by the driver
54229,778,19501,2023-02-13,Success
24308,1194,36787,2022-08-05,Success
8030,388,16426,2023-02-08,Success
44048,1664,17736,2022-12-29,Success
45939,319,8730,2022-03-12,Success
16130,1963,15998,2022-05-24,Success
41908,2982,36739,2022-10-26,Success
14348,2065,23987,2022-07-16,Success
56834,517,30366,2023-02-08,Success
18040,1957,3433,2022-12-04,Success
49131,1623,35831,2023-04-08,Success
51138,2933,27375,2022-03-18,Cancelled by the passenger
26332,403,25472,2023-04-07,Success
31677,1967,29352,2022-12-25,Rejected by the driver
15262,2366,14740,2023-02-06,Success
29784,2447,9669,2023-03-25,Success
1930,477,21635,2023-03-23,Rejected by the driver
13930,1355,35480,2023-01-02,Rejected by the driver
10495,1996,29736,2022-04-07,Success
21292,1094,5046,2022-09-25,Success
59598,2985,5952,2022-07-30,Cancelled by the passenger
27803,2127,138,2022-12-06,Success
21767,1012,2713,2022-06-01,Success
33148,2243,32866,2022-06-09,Cancelled by the passenger
47611,2864,959,2023-01-18,Rejected by the driver
8450,614,5092,2022-06-11,Success
37471,1786,22808,2022-07-13,Success
2348,2779,15450,2022-09-09,Rejected by the driver
22904,973,6483,2022-04-09,Success
53520,458,16607,2022-05-13,Rejected by the driver
45107,2889,30624,2022-06-29,Success
53962,513,34017,2022-03-29,Success
22556,1723,11466,2023-02-09,Success
56848,1445,20337,2022-07-08,Success
28447,2639,14355,2023-03-28,Success
33215,1557,26844,2022-12-18,Success
32843,638,21298,2022-08-30,Success
27801,1951,16915,2022-10-13,Rejected by the driver
33381,1023,27221,2022-08-27,Rejected by the driver
34293,2639,36442,2023-02-16,Rejected by the driver
13809,2409,27015,2022-12-17,Rejected by the driver
41169,501,25373,2022-05-02,Success
27320,2745,10974,2022-10-21,Rejected by the driver
33271,1652,39451,2022-06-07,Success
29093,1876,23580,2022-06-13,Success
37998,344,39719,2022-11-18,Success
34951,341,39090,2022-12-15,Success
45471,1422,31064,2022-06-22,Cancelled by the passenger
47949,151,22215,2022-11-20,Success
37135,2743,16843,2022-05-28,Success
56701,958,7369,2023-03-22,Success
41641,1783,1766,2023-03-08,Success
28948,1327,11985,2022-05-16,Cancelled by the passenger
51625,1562,8863,2022-06-27,Success
41629,1230,31659,2022-03-31,Success
51166,445,19279,2022-10-23,Success
37769,405,38621,2023-02-06,Success
29800,2570,28390,2022-05-20,Success
55286,1942,34269,2022-04-02,Rejected by the driver
42216,622,36343,2022-11-26,Success
24515,768,19225,2022-07-02,Success
30786,383,14585,2022-08-27,Rejected by the driver
16787,1256,28031,2022-05-03,Rejected by the driver
37153,51,14328,2023-02-28,Success
28231,1953,31726,2023-02-09,Cancelled by the passenger
26558,1764,16099,2023-03-04,Cancelled by the passenger
59739,2925,39602,2022-03-28,Success
4220,1529,16896,2023-03-28,Success
2707,1282,13357,2022-08-14,Success
6363,2180,15323,2022-03-28,Success
33677,927,39168,2022-03-17,Success
18022,1962,10660,2022-07-19,Success
51181,273,38028,2023-02-28,Cancelled by the passenger
38313,1210,4953,2022-06-12,Success
11136,2738,37462,2022-12-04,Rejected by the driver
32043,666,12640,2022-05-07,Success
32778,835,22939,2022-05-02,Success
25425,1095,15599,2022-08-12,Cancelled by the passenger
50710,2881,32506,2023-01-08,Success
7398,1399,3714,2023-03-30,Cancelled by the passenger
10321,2889,22634,2022-12-17,Success
35805,2863,24475,2022-07-01,Success
53862,2041,24880,2023-01-30,Cancelled by the passenger
44980,1697,27687,2022-04-28,Rejected by the driver
14861,1525,11138,2022-08-25,Success
33747,21,37174,2022-03-27,Success
17885,2629,13170,2022-10-28,Rejected by the driver
11673,1157,5685,2022-08-17,Success
3870,111,18908,2022-11-23,Success
4231,1925,28568,2022-04-21,Success
28909,1537,6125,2022-06-09,Success
20174,1610,15558,2022-06-29,Success
16350,1890,14652,2023-01-16,Cancelled by the passenger
4225,2672,3335,2023-03-22,Success
15862,2770,10241,2022-08-01,Success
29832,2970,11934,2022-08-26,Success
31503,2199,15186,2022-05-01,Success
44147,1093,34347,2022-09-20,Success
8963,2150,14710,2022-08-24,Cancelled by the passenger
51752,172,12804,2023-03-11,Cancelled by the passenger
14474,1525,4005,2022-07-25,Success
3852,1799,20440,2022-10-08,Success
13985,2859,35729,2022-10-21,Success
59526,2941,4144,2023-01-29,Success
26397,1448,18162,2022-10-31,Success
35078,749,16424,2023-01-01,Success
46052,1822,17194,2023-03-26,Success
41687,2952,9213,2022-03-24,Success
12007,2322,7955,2023-03-02,Success
56203,1171,9927,2022-04-14,Success
16417,1902,11989,2023-03-09,Success
9369,989,38275,2023-01-04,Cancelled by the passenger
16996,2040,24346,2022-06-05,Rejected by the driver
26868,2686,22283,2022-09-23,Success
20364,1301,9262,2022-07-25,Success
23230,1776,18138,2022-12-26,Success
59725,28,8401,2022-05-09,Success
21619,291,4648,2022-09-02,Rejected by the driver
24810,340,15006,2022-04-02,Success
19536,2936,35680,2022-08-15,Success
42857,1262,32386,2022-12-09,Rejected by the driver
18568,1823,18773,2022-07-08,Success
55478,2050,9508,2023-03-25,Success
46363,818,25717,2023-02-12,Success
8864,1886,6165,2022-06-08,Success
48631,11,518,2023-04-04,Success
8596,2065,27807,2022-11-10,Rejected by the driver
21269,1130,14351,2022-03-26,Success
59627,739,11669,2022-10-01,Success
36964,1338,14510,2022-08-28,Success
1095,2957,21506,2022-12-23,Success
55458,2183,29023,2022-11-11,Success
10046,2068,33539,2023-03-26,Rejected by the driver
36494,2195,27285,2022-12-01,Success
51495,1557,2158,2022-10-02,Success
26035,1222,15674,2023-02-17,Rejected by the driver
31748,2316,18599,2022-03-22,Rejected by the driver
42254,2659,50,2022-12-04,Success
43004,1345,19396,2022-12-10,Rejected by the driver
27169,2471,30874,2022-10-23,Success
58943,370,19001,2023-02-26,Success
5008,2876,24223,2022-12-26,Success
23521,1,2847,2022-09-29,Rejected by the driver
39410,1088,3407,2023-03-05,Success
55654,1974,3968,2022-09-13,Cancelled by the passenger
24920,704,34248,2023-01-10,Rejected by the driver
37988,2763,24909,2022-06-25,Success
1190,2430,34341,2023-04-07,Success
27269,437,13333,2023-02-22,Rejected by the driver
5447,526,14973,2023-02-07,Cancelled by the passenger
35211,2575,4727,2022-10-04,Rejected by the driver
38632,2410,23550,2022-12-02,Success
10299,2857,22469,2022-05-30,Rejected by the driver
8641,877,20004,2023-02-28,Rejected by the driver
9238,935,25465,2023-01-09,Success
47640,2527,28715,2023-02-28,Success
25757,493,37156,2022-03-29,Success
30158,2420,25348,2022-11-06,Success
727,2893,24852,2022-06-27,Success
27214,18,4221,2022-08-23,Success
315,1910,21923,2022-08-25,Cancelled by the passenger
35470,2821,26624,2022-09-04,Success
22223,2162,23282,2022-12-05,Success
19102,639,38388,2022-10-08,Success
39727,1097,7264,2022-07-02,Cancelled by the passenger
41349,1551,34660,2023-04-06,Success
10508,1098,25600,2022-07-19,Success
42051,2675,30483,2022-10-25,Success
46294,151,27940,2023-02-21,Success
1933,1304,18386,2022-09-25,Success
51781,1588,36154,2022-07-08,Success
43977,1354,13655,2022-09-27,Success
23424,146,36040,2023-03-12,Success
15397,420,20149,2022-05-03,Cancelled by the passenger
493,109,35143,2022-05-11,Success
35668,2235,11636,2023-01-19,Success
834,1384,30894,2023-03-20,Rejected by the driver
50959,866,1389,2022-09-18,Cancelled by the passenger
40620,1760,5105,2023-01-25,Success
3138,2647,3849,2022-07-13,Cancelled by the passenger
17980,2677,38905,2023-03-15,Cancelled by the passenger
45615,2396,54,2022-04-28,Success
26522,2466,10873,2022-06-18,Success
14103,855,6698,2023-03-02,Success
22308,2041,2659,2022-08-06,Success
42243,145,19126,2022-09-07,Success
30719,294,23170,2022-12-23,Success
29360,1687,12071,2022-08-03,Success
33414,1847,15163,2023-01-17,Success
9257,2990,30837,2022-08-28,Cancelled by the passenger
49624,516,9053,2022-03-22,Success
50698,2603,8389,2022-09-12,Success
13272,2001,9795,2023-03-14,Rejected by the driver
27775,884,14664,2023-02-11,Cancelled by the passenger
51059,2762,32386,2022-09-08,Success
3109,801,22209,2023-04-07,Success
14704,1384,2127,2022-06-06,Rejected by the driver
58941,1461,8998,2022-12-07,Success
8713,669,13784,2022-04-14,Success
49302,2008,21138,2022-09-30,Success
41315,462,5801,2022-06-14,Success
4320,641,29760,2023-02-24,Success
36677,139,34061,2023-01-11,Success
21583,2877,36911,2023-01-22,Success
49468,1432,37206,2022-05-28,Success
21382,1464,16109,2022-07-17,Success
35004,2410,32384,2023-03-30,Success
37830,2834,23116,2022-09-15,Cancelled by the passenger
49869,696,11267,2022-10-21,Success
80,2820,22894,2022-08-21,Success
29703,1515,18734,2022-06-03,Success
17821,242,10952,2023-04-07,Rejected by the driver
34680,2487,38330,2022-06-30,Success
43630,2503,1787,2023-01-13,Success
41451,876,20335,2022-09-21,Success
45703,397,34327,2022-03-19,Success
25966,2175,566,2022-08-14,Success
59109,2404,17315,2022-08-06,Success
28485,1743,39424,2023-04-01,Success
36886,792,24402,2022-09-27,Cancelled by the passenger
47656,1004,20217,2022-11-08,Rejected by the driver
22747,456,28868,2023-03-27,Success
29837,103,36535,2022-03-20,Cancelled by the passenger
4643,1843,16219,2022-11-03,Success
26693,2074,1873,2023-04-14,Rejected by the driver
56672,1259,7447,2023-04-05,Success
24321,2356,27855,2023-02-23,Success
7570,2203,5322,2023-03-21,Success
50211,611,12842,2022-12-19,Success
29717,1324,27094,2022-09-11,Success
48552,808,13002,2022-05-22,Success
13555,1767,15324,2022-09-03,Success
1887,2878,33443,2022-08-04,Success
25815,811,13884,2022-05-10,Success
41529,1386,29645,2022-11-20,Rejected by the driver
18072,2716,26944,2022-09-01,Success
37510,2105,17206,2023-02-18,Cancelled by the passenger
17758,1232,25969,2022-05-18,Success
47204,2086,30077,2022-08-07,Success
23385,1459,1199,2022-06-08,Rejected by the driver
30427,2046,8670,2023-03-02,Success
33997,666,26489,2022-11-30,Cancelled by the passenger
20115,1617,2119,2022-04-03,Success
31545,2583,11948,2023-03-12,Success
30483,114,36107,2022-05-05,Success
2944,2833,12749,2023-01-09,Success
42723,298,5960,2022-08-09,Success
25040,939,12090,2022-03-13,Success
47588,2105,30692,2022-09-05,Success
22122,1549,575,2022-08-06,Success
23206,1395,19002,2023-04-11,Cancelled by the passenger
54171,2089,32144,2022-09-09,Success
13293,1361,36003,2022-10-02,Cancelled by the passenger
24061,57,10371,2023-02-24,Success
10957,177,10966,2022-10-17,Rejected by the driver
25892,1420,20764,2022-06-24,Success
47267,1962,4228,2022-08-26,Success
55603,513,3867,2023-03-10,Success
46782,1795,16640,2022-09-03,Success
9346,2488,8825,2023-01-15,Success
40037,179,31762,2022-06-25,Success
59878,2760,30796,2022-08-16,Success
45453,1637,5779,2022-08-24,Cancelled by the passenger
4821,861,37063,2023-01-17,Success
37568,911,36314,2022-10-09,Success
3649,294,15775,2022-08-14,Success
4596,1681,31407,2022-03-18,Rejected by the driver
41515,342,24400,2022-08-11,Success
10257,1867,19824,2022-06-12,Success
38179,451,34698,2023-02-14,Success
8769,486,25291,2022-07-07,Success
44110,450,27430,2023-01-22,Rejected by the driver
45026,2115,25602,2022-06-08,Success
58988,1765,34122,2022-06-30,Success
2828,2991,19906,2022-05-22,Rejected by the driver
29693,230,34517,2022-09-27,Success
14597,2039,5229,2022-05-20,Rejected by the driver
14911,2033,11957,2022-10-02,Success
40867,1356,9689,2023-01-09,Success
31952,2922,9658,2023-04-12,Success
16410,461,15881,2023-02-25,Success
53977,129,19180,2022-11-01,Success
56725,762,39634,2022-09-05,Success
21117,2539,17675,2023-02-04,Success
59166,2639,16159,2022-12-31,Success
4922,377,2121,2022-09-03,Success
43031,434,35257,2023-01-17,Success
4415,155,26022,2023-01-23,Rejected by the driver
20026,764,15277,2022-04-07,Success
18908,897,8498,2022-12-22,Rejected by the driver
54908,2213,26518,2022-10-25,Success
57757,1330,22046,2022-12-27,Success
41038,1691,118,2022-12-21,Success
22094,2983,22240,2023-02-17,Success
24471,2138,37241,2023-01-09,Success
8076,1339,31765,2022-11-14,Success
25810,2056,7727,2022-11-15,Success
21962,2578,12076,2022-05-04,Success
3027,2092,28631,2023-03-13,Cancelled by the passenger
16669,1588,33162,2022-12-01,Success
13839,288,3998,2023-03-10,Success
6460,2411,2145,2022-07-19,Success
38440,2687,39149,2022-11-10,Cancelled by the passenger
8692,2992,4446,2022-06-30,Success
35454,1896,39931,2022-08-25,Rejected by the driver
51205,1847,11436,2022-05-22,Cancelled by the passenger
48945,2239,23502,2022-06-21,Cancelled by the passenger
45323,583,29229,2022-06-29,Success
1339,2620,6782,2022-03-25,Success
6627,1917,1254,2022-08-09,Success
15774,1751,36018,2023-02-11,Success
20555,2953,10220,2022-10-28,Success
17082,1455,30741,2022-03-23,Success
29159,1689,25795,2023-03-29,Success
40298,985,18887,2022-07-05,Success
28053,2497,25145,2022-04-17,Cancelled by the passenger
16325,1853,21401,2023-01-19,Success
55929,1290,13684,2022-03-29,Success
52560,2585,22150,2023-01-21,Cancelled by the passenger
48739,1537,289,2022-12-26,Success
27400,1100,19035,2023-02-04,Success
37230,1795,27682,2023-01-22,Success
25096,1955,325,2022-12-31,Success
12385,2846,21070,2022-09-03,Success
38541,1732,6132,2022-07-05,Success
22564,2943,2671,2023-01-20,Success
35623,2611,25848,2022-04-13,Success
50415,976,12719,2023-02-16,Success
359,2141,1393,2022-08-05,Success
17233,1043,5627,2023-01-19,Success
26369,663,21152,2022-11-27,Cancelled by the passenger
8064,2048,26440,2022-08-05,Rejected by the driver
6019,2474,37981,2023-03-28,Success
42099,788,17844,2022-08-27,Success
9030,1045,1652,2022-05-23,Success
15423,1556,29558,2023-01-24,Success
5955,1152,23315,2023-02-10,Rejected by the driver
6337,2480,25815,2022-04-02,Success
6142,1532,21107,2022-06-08,Success
49149,894,25702,2023-01-28,Success
1483,1706,9060,2022-09-12,Success
40228,210,15714,2022-08-13,Success
16729,1991,21748,2022-11-01,Rejected by the driver
40550,2360,32159,2022-10-26,Cancelled by the passenger
33548,746,29721,2023-03-30,Success
23529,1970,25562,2022-06-12,Success
36440,2345,18503,2022-04-05,Success
13244,2560,1131,2022-06-24,Success
3598,1052,25015,2022-12-11,Success
54514,6,1516,2022-12-19,Success
59048,2641,31154,2022-03-31,Success
7854,1050,1668,2022-07-28,Success
22002,2980,1916,2022-11-29,Success
8798,294,28247,2023-01-31,Success
792,2817,33488,2022-10-30,Cancelled by the passenger
31722,830,27618,2022-09-08,Success
40943,2793,31797,2022-04-04,Success
42404,2452,5061,2022-12-25,Cancelled by the passenger
55342,2308,230,2022-05-10,Success
46777,713,22300,2022-12-20,Success
34501,1562,23033,2023-03-12,Success
18031,2882,13426,2022-06-02,Success
59250,2077,32289,2022-10-22,Success
4248,93,23465,2022-10-25,Success
59238,1005,9791,2022-09-13,Success
37738,2083,835,2022-10-19,Success
44949,1522,1913,2022-05-07,Success
38688,1542,35447,2022-06-28,Cancelled by the passenger
19285,949,18533,2022-05-22,Success
2625,25,8963,2022-12-25,Success
43733,2760,9176,2023-02-10,Success
51425,921,1709,2023-03-05,Success
16435,944,33958,2022-08-14,Success
47429,2034,2355,2022-11-16,Rejected by the driver
22965,472,20625,2022-04-10,Success
3304,2610,1365,2022-05-31,Success
42131,2912,29214,2023-01-12,Rejected by the driver
2296,1172,32128,2022-09-16,Success
10600,1337,36525,2022-04-28,Success
38114,1100,16124,2022-07-10,Success
35209,2584,22063,2022-11-22,Cancelled by the passenger
40979,173,340,2023-01-02,Success
1849,1098,1709,2022-09-06,Success
32346,2152,17171,2023-01-04,Rejected by the driver
22316,66,14429,2022-09-23,Rejected by the driver
44483,2278,28601,2022-08-13,Success
4715,2494,16390,2023-02-01,Success
20480,1869,28503,2022-09-14,Rejected by the driver
45754,1338,29632,2022-06-24,Success
57710,2593,31513,2023-03-17,Rejected by the driver
789,335,31189,2022-05-03,Success
57728,704,39049,2022-06-27,Rejected by the driver
5434,81,20823,2022-07-23,Cancelled by the passenger
33240,2090,37611,2023-01-05,Success
14906,216,10307,2022-03-23,Success
6303,2651,5277,2022-09-09,Success
39568,2437,10424,2023-03-29,Rejected by the driver
28523,494,37769,2022-05-20,Success
12043,2952,18294,2023-03-04,Success
29728,2986,17494,2022-05-17,Cancelled by the passenger
46839,550,31753,2022-09-11,Success
46540,590,39178,2022-04-14,Success
53671,2956,32701,2022-04-17,Success
26606,82,25797,2023-02-03,Cancelled by the passenger
10333,2875,28331,2022-09-15,Success
7380,2313,25901,2022-05-14,Rejected by the driver
52566,78,25537,2022-10-21,Success
15731,142,25347,2022-07-26,Success
31151,1943,3064,2023-04-11,Success
27401,1145,38482,2022-06-16,Success
58875,2881,27808,2022-06-23,Success
56352,2647,8519,2023-02-01,Success
42186,336,8532,2022-05-20,Success
43581,1106,29672,2022-05-01,Success
29670,251,39782,2022-11-16,Success
15552,1627,28994,2022-11-19,Success
17076,671,33603,2023-02-01,Success
20232,797,28891,2022-07-05,Rejected by the driver
26897,226,13248,2022-07-31,Success
15514,2836,19437,2023-02-13,Success
47156,2083,36678,2022-07-15,Success
5417,1788,32273,2022-09-12,Success
35351,808,7639,2022-08-01,Success
50082,2609,11893,2022-07-15,Success
47274,1779,35155,2023-01-14,Success
34515,1682,22621,2022-06-21,Success
46418,2763,5405,2022-12-09,Rejected by the driver
39571,2271,8850,2022-12-19,Success
17765,1953,3617,2022-10-28,Success
57417,455,16570,2022-12-21,Success
34174,358,4597,2022-07-30,Rejected by the driver
46456,1276,1884,2022-08-25,Success
33725,2582,25894,2022-09-01,Success
2968,1314,17697,2022-07-06,Success
19874,2447,16879,2022-09-25,Success
12653,799,1476,2023-02-02,Success
21870,331,39185,2023-02-11,Success
50355,880,3977,2023-03-25,Success
27434,2562,25330,2022-06-10,Rejected by the driver
16076,1583,23171,2022-03-26,Success
32103,1559,24232,2022-05-26,Rejected by the driver
56807,161,30511,2022-03-22,Success
13732,21,12797,2022-12-13,Success
53451,1602,22442,2022-03-29,Success
35603,345,34878,2022-05-23,Cancelled by the passenger
12117,1730,19862,2022-11-27,Success
2091,1904,30061,2022-05-01,Success
43281,1778,37579,2022-08-13,Success
33275,987,3440,2023-03-14,Success
52087,1260,8973,2022-03-18,Success
59783,2368,19308,2022-12-27,Success
57855,1291,8710,2022-03-14,Success
16407,2960,2801,2022-09-14,Rejected by the driver
12891,1450,30808,2022-05-08,Success
56462,2559,7226,2022-12-28,Cancelled by the passenger
53439,2863,3521,2023-01-16,Cancelled by the passenger
37349,1884,21687,2022-11-15,Success
13966,1403,12512,2023-02-21,Success
36404,931,697,2022-04-18,Success
50530,946,11511,2022-10-26,Rejected by the driver
56135,2048,18966,2022-03-26,Rejected by the driver
32959,1218,13589,2022-08-24,Rejected by the driver
6405,2702,3266,2022-09-11,Success
2070,1731,39361,2022-09-02,Cancelled by the passenger
10409,493,37368,2022-07-25,Rejected by the driver
57903,2941,33461,2022-08-01,Cancelled by the passenger
3159,1863,9209,2022-05-07,Success
50828,1190,1973,2022-08-24,Success
3213,2154,8999,2022-12-17,Success
44166,2870,20464,2022-12-10,Cancelled by the passenger
36815,2028,215,2022-12-30,Success
50410,899,23880,2023-02-20,Cancelled by the passenger
31694,2114,16582,2023-01-01,Rejected by the driver
11541,2233,31248,2023-01-09,Success
50800,590,16547,2023-03-15,Success
2816,1513,34959,2022-07-10,Success
44005,2740,17054,2022-11-23,Success
9304,2013,7960,2023-03-17,Rejected by the driver
28799,976,20972,2022-11-13,Success
861,2711,22885,2023-01-11,Success
8581,2805,16897,2023-01-03,Success
49649,2981,8387,2022-10-24,Success
51521,1647,34221,2023-01-11,Success
22796,1236,17536,2022-06-10,Rejected by the driver
17549,667,3864,2022-12-01,Success
48050,1901,16560,2022-12-09,Success
37853,2586,23725,2022-06-21,Success
40502,1107,19072,2022-05-05,Success
49256,353,30592,2022-04-05,Success
36059,2380,14051,2022-10-11,Success
47789,2821,32654,2022-08-24,Success
56059,1110,21564,2022-03-17,Cancelled by the passenger
38424,260,29722,2022-08-19,Rejected by the driver
26422,699,38186,2022-04-08,Rejected by the driver
15330,2887,24815,2022-05-25,Success
9981,1781,13279,2023-04-01,Success
51075,1571,19102,2022-11-08,Success
47916,412,34819,2022-06-12,Success
21576,1138,35276,2022-10-17,Cancelled by the passenger
26687,2829,26897,2022-06-18,Success
29286,365,1866,2022-12-10,Success
56005,957,39649,2023-01-07,Success
18653,1583,35659,2022-09-11,Success
49745,2222,26997,2022-04-05,Success
24354,706,31300,2022-11-25,Success
41120,1384,38153,2022-10-25,Rejected by the driver
38772,2224,29073,2022-04-18,Success
11237,284,7249,2022-09-25,Success
54697,30,32643,2022-12-02,Success
20395,2917,10260,2022-04-25,Rejected by the driver
37233,571,22498,2022-05-01,Cancelled by the passenger
21665,1141,13549,2022-09-14,Success
29340,1372,13992,2022-10-15,Success
34148,2808,3690,2022-09-08,Success
45193,1306,386,2023-04-05,Success
768,2480,1375,2023-03-24,Success
23300,2128,38330,2022-10-02,Success
36973,378,25822,2022-09-13,Success
46479,2682,34995,2022-07-24,Cancelled by the passenger
27369,399,29165,2022-12-13,Success
51554,52,1411,2022-05-05,Success
17505,514,10170,2022-12-30,Rejected by the driver
39705,1110,1727,2022-12-08,Success
45266,2055,11751,2022-04-22,Success
12079,2991,38170,2023-02-26,Rejected by the driver
52749,1858,8706,2022-09-26,Success
54182,2411,5898,2022-07-27,Success
39340,781,29808,2023-01-12,Success
39511,2933,2293,2022-10-03,Success
43324,2052,9875,2022-03-14,Success
49565,1617,1436,2022-07-20,Rejected by the driver
38673,2171,31115,2022-08-02,Success
38763,226,183,2022-03-17,Success
58762,1570,8870,2022-04-06,Success
40713,2039,16871,2022-09-12,Success
22200,881,17361,2023-01-13,Success
15637,2256,7841,2022-05-20,Success
22158,561,2692,2022-07-25,Success
11824,2853,3605,2022-06-15,Success
4655,1695,6728,2023-02-03,Success
51390,563,34422,2022-05-21,Cancelled by the passenger
36730,2017,19954,2022-04-25,Success
42805,1025,28428,2023-04-02,Success
19003,80,22181,2022-07-01,Rejected by the driver
341,2453,36042,2022-10-12,Success
13086,784,13351,2022-10-02,Rejected by the driver
7307,272,31905,2022-10-03,Success
9368,2018,30016,2022-06-11,Success
7910,2667,35869,2022-10-03,Rejected by the driver
8352,890,15692,2022-08-04,Success
41506,1356,6247,2023-04-04,Rejected by the driver
38219,864,23187,2023-01-01,Success
33563,1110,27108,2022-06-05,Success
57362,246,13749,2022-12-07,Success
36576,542,37978,2022-12-14,Cancelled by the passenger
46095,2884,4681,2022-12-06,Success
39432,2838,696,2022-04-22,Rejected by the driver
45742,796,30022,2022-06-11,Success
58244,2320,15584,2022-08-08,Success
41996,2774,32878,2023-01-17,Success
21704,1003,30405,2022-03-16,Success
10221,1105,25390,2022-11-02,Success
56313,942,19066,2022-06-02,Success
15954,2590,36631,2022-12-22,Success
22954,2780,16677,2022-11-25,Success
33436,17,23738,2022-11-08,Success
41200,2726,27357,2022-04-17,Cancelled by the passenger
46163,1791,27079,2022-04-03,Rejected by the driver
33020,2395,20778,2022-11-10,Success
44687,2782,19391,2022-05-14,Success
23419,2682,17803,2023-02-18,Rejected by the driver
7779,283,10813,2022-09-03,Success
8254,2861,34104,2022-08-03,Success
39702,728,5784,2022-10-05,Success
33807,1631,10905,2022-12-27,Success
14593,1575,39636,2023-02-25,Success
3804,1546,36411,2022-09-29,Rejected by the driver
50750,1347,20137,2023-01-08,Success
17664,525,32913,2022-07-20,Success
1575,1229,27315,2023-03-19,Success
33102,2975,2899,2022-07-01,Cancelled by the passenger
55581,590,10445,2022-04-19,Success
28856,762,35495,2022-09-06,Success
37542,736,5823,2022-11-14,Rejected by the driver
46676,244,24706,2023-03-20,Rejected by the driver
7323,1377,2858,2023-03-26,Success
25582,940,8127,2022-05-15,Success
35299,578,18020,2023-02-05,Success
27299,1812,9615,2022-05-28,Success
23273,1072,22603,2022-05-09,Success
43555,2123,5908,2022-07-13,Success
25069,2273,2431,2022-09-05,Success
3068,912,21489,2023-01-01,Success
24328,1070,14237,2022-12-14,Cancelled by the passenger
51661,2272,29822,2023-02-21,Success
22069,145,19474,2022-07-21,Success
12267,2993,23593,2022-08-13,Success
44626,1918,39493,2022-09-12,Success
17061,778,14778,2022-05-12,Cancelled by the passenger
51231,323,25005,2023-01-06,Success
49189,939,23021,2023-03-09,Success
32019,2095,25023,2023-02-27,Success
58977,694,29328,2023-03-09,Success
8284,1521,20476,2022-05-23,Success
48242,2439,20993,2022-11-19,Success
21273,2848,26286,2022-08-24,Cancelled by the passenger
33650,1968,31978,2022-10-10,Success
21548,414,32161,2022-12-07,Success
13998,140,3017,2022-07-02,Success
54508,2882,20931,2022-05-26,Success
38318,931,29175,2023-02-25,Cancelled by the passenger
8962,1577,31547,2023-02-28,Success
7911,2693,35646,2022-07-04,Cancelled by the passenger
15465,1296,11781,2023-01-17,Cancelled by the passenger
24084,348,16372,2022-08-18,Success
59679,2869,30790,2022-05-28,Success
7596,2934,36772,2022-04-08,Success
21501,2203,1537,2023-04-07,Success
25397,992,28535,2022-11-25,Success
6746,1747,29942,2022-07-12,Success
24788,300,29064,2022-11-01,Rejected by the driver
41833,1660,15906,2022-09-30,Success
55780,1804,2146,2022-05-03,Success
46057,1807,4655,2022-11-28,Rejected by the driver
17334,1373,28950,2022-12-04,Success
27794,21,39859,2022-04-14,Rejected by the driver
3849,853,19548,2022-10-21,Success
54803,1003,27122,2022-03-19,Cancelled by the passenger
54864,356,26056,2022-09-27,Success
46072,1194,26866,2023-03-31,Success
11882,135,12270,2022-07-25,Success
30597,2740,16250,2022-03-18,Success
28490,2760,31261,2023-01-30,Success
11837,661,5720,2023-04-14,Success
35562,2929,28330,2022-09-01,Success
17963,437,14740,2022-12-11,Cancelled by the passenger
45758,227,21509,2022-10-04,Success
22970,2550,38141,2022-12-18,Success
28217,150,26325,2022-06-05,Success
9481,1355,3613,2022-12-26,Success
53367,32,20577,2022-09-26,Rejected by the driver
23466,2553,5131,2022-05-20,Rejected by the driver
48691,518,9862,2023-02-24,Success
56158,1104,16215,2022-08-08,Success
39422,1671,4195,2023-01-13,Rejected by the driver
29027,1615,15884,2022-08-04,Rejected by the driver
8787,2689,37733,2022-09-03,Success
8388,1154,5320,2022-05-29,Success
280,1368,10773,2023-01-04,Success
47796,1432,9398,2023-04-07,Success
14656,269,29199,2023-04-13,Cancelled by the passenger
40053,2077,10511,2022-03-26,Success
28744,1138,32017,2022-09-22,Success
25016,1539,10744,2022-07-12,Success
55580,1738,35266,2022-09-19,Success
54971,519,23288,2023-02-02,Rejected by the driver
1639,760,1042,2022-03-18,Success
34392,1869,31892,2022-08-08,Rejected by the driver
43610,1706,27257,2022-04-12,Success
30583,2495,20678,2022-10-16,Success
53865,1839,32818,2022-09-11,Rejected by the driver
58177,1967,24374,2022-05-27,Success
48791,967,17490,2022-11-09,Success
2556,1220,855,2022-05-04,Success
7059,1315,1247,2023-02-20,Success
29968,1527,2040,2022-04-21,Success
26225,2945,7122,2023-02-14,Cancelled by the passenger
18439,1661,11907,2022-08-03,Success
49899,2076,15095,2022-07-19,Success
16170,1803,14388,2023-02-08,Success
42991,2204,1988,2022-07-26,Success
11570,1168,1872,2023-03-01,Success
49693,1355,34091,2022-06-28,Success
20331,475,5898,2023-03-02,Rejected by the driver
36425,2465,19767,2022-08-25,Success
5181,199,16691,2023-01-18,Success
18024,2080,13347,2022-10-27,Success
49336,372,21668,2023-03-16,Success
28319,1900,29859,2022-07-01,Success
11123,241,2028,2022-05-20,Success
35804,1441,29443,2022-04-24,Cancelled by the passenger
30810,1513,4329,2022-07-01,Success
13631,2531,2334,2022-03-13,Success
20410,2870,29367,2022-08-12,Success
59734,1019,39603,2022-08-04,Success
32945,2734,37889,2022-12-19,Success
50280,1276,31599,2022-07-14,Success
51169,1679,13227,2023-02-05,Rejected by the driver
10800,2528,10961,2022-03-26,Success
56909,2426,29022,2022-03-18,Success
57950,569,209,2023-03-21,Success
19006,11,21661,2022-05-06,Success
13658,93,32473,2022-06-15,Success
43498,1052,14901,2022-06-22,Rejected by the driver
45268,1903,26862,2023-03-26,Success
56389,1722,35480,2023-01-16,Rejected by the driver
38451,264,24228,2023-01-09,Success
32177,542,1425,2022-03-15,Success
45529,2898,32973,2022-03-13,Success
51798,954,8614,2022-09-26,Success
50159,2701,1731,2022-09-13,Success
42106,483,19694,2022-11-25,Success
59977,91,39901,2023-01-03,Rejected by the driver
16517,19,32521,2022-07-23,Success
35815,63,836,2023-02-03,Success
52004,2940,11700,2022-06-24,Success
37891,2173,35846,2022-06-21,Cancelled by the passenger
57928,664,11232,2023-01-28,Success
7291,1553,36712,2022-12-11,Success
4602,987,28954,2023-02-13,Success
9734,359,27264,2022-05-23,Success
10558,2154,18086,2023-03-15,Success
55567,2461,15679,2023-01-30,Cancelled by the passenger
3364,2450,23279,2023-01-11,Cancelled by the passenger
24763,524,1967,2022-11-07,Success
57821,2647,11384,2022-10-18,Cancelled by the passenger
15937,254,472,2022-11-12,Success
10220,2705,13965,2023-01-08,Success
17154,1133,9119,2023-01-15,Success
45412,1791,32702,2022-12-03,Success
23039,60,16967,2022-10-08,Success
20654,106,10094,2022-10-12,Rejected by the driver
18674,1360,16249,2022-08-22,Success
56945,2125,15453,2022-07-27,Cancelled by the passenger
56065,503,2425,2022-11-08,Cancelled by the passenger
829,194,7998,2022-07-28,Success
47745,1407,10174,2022-04-09,Rejected by the driver
49063,267,18166,2022-06-25,Success
53812,1824,37203,2022-05-10,Success
4666,1911,27831,2023-04-13,Rejected by the driver
38560,1157,24079,2022-08-30,Success
38968,501,37527,2022-03-30,Success
1544,1565,15829,2022-09-25,Success
47440,2023,31114,2022-10-17,Success
4113,1254,17883,2022-11-29,Success
13877,2345,29973,2022-03-28,Success
50591,2947,22595,2022-04-18,Cancelled by the passenger
14436,1654,19937,2023-01-11,Cancelled by the passenger
9983,372,2371,2022-08-25,Success
14243,310,34094,2022-10-19,Rejected by the driver
3177,1569,27510,2023-02-06,Rejected by the driver
38275,840,15273,2023-01-02,Success
55370,2061,4745,2022-12-03,Success
45354,1035,13466,2022-03-23,Success
38497,435,32454,2023-04-08,Success
21865,1276,17395,2022-12-16,Success
46804,2948,27266,2022-10-25,Success
47497,1186,11242,2022-10-27,Success
9255,1138,18494,2022-11-27,Cancelled by the passenger
44409,1344,5808,2022-11-05,Cancelled by the passenger
6571,2590,23864,2022-06-10,Rejected by the driver
43594,2977,12218,2023-03-25,Success
36880,1688,17104,2022-11-16,Rejected by the driver
40131,1121,23902,2022-11-05,Success
12106,198,9169,2022-10-08,Success
55269,2937,25588,2022-04-18,Success
28983,586,22281,2022-06-19,Success
37064,2582,35447,2023-01-10,Success
25003,1692,38243,2023-04-07,Success
4266,186,18635,2022-03-27,Success
4391,2867,21552,2023-03-24,Success
24895,175,6454,2022-10-26,Success
2752,721,15323,2022-03-27,Success
41594,1505,17344,2022-11-26,Cancelled by the passenger
12444,2682,9874,2022-08-15,Rejected by the driver
22103,2615,29789,2022-03-12,Rejected by the driver
33528,666,21696,2022-08-20,Success
48624,957,20509,2022-12-29,Success
29561,138,22515,2022-08-07,Success
5473,383,37077,2022-09-10,Success
27250,1237,27060,2022-10-18,Success
22615,1176,11942,2022-07-11,Success
47709,1009,21428,2023-03-16,Success
43326,693,3914,2022-05-03,Success
54672,1652,36368,2022-11-26,Success
33965,1481,15935,2023-04-09,Success
51132,1493,17175,2022-07-31,Rejected by the driver
3729,2128,14760,2022-09-26,Cancelled by the passenger
5903,1596,18122,2023-02-16,Success
41361,1692,37685,2022-04-11,Success
52157,1074,22263,2022-11-20,Success
33299,2195,17634,2022-12-20,Success
2843,1060,2357,2023-04-07,Success
44365,2311,31826,2022-04-29,Success
42908,1206,38956,2022-11-12,Success
6609,273,26738,2023-01-19,Success
41253,810,30651,2022-11-20,Success
47527,805,25199,2022-12-28,Cancelled by the passenger
53328,2965,771,2022-06-12,Rejected by the driver
35522,1572,6315,2022-05-15,Success
8935,248,32154,2022-07-14,Success
41673,2354,574,2022-11-15,Success
47714,1863,39280,2022-06-23,Success
30414,2352,37034,2023-02-08,Success
14927,103,4280,2023-04-03,Cancelled by the passenger
42142,684,21208,2023-03-23,Success
15854,469,20920,2022-07-07,Cancelled by the passenger
16601,392,2072,2022-08-30,Success
1461,2313,31742,2023-01-08,Success
9343,2360,18785,2023-01-17,Success
34046,2956,39322,2022-10-09,Success
39880,1062,12551,2022-05-21,Success
22848,2853,20017,2022-12-09,Success
47873,945,31841,2023-01-17,Success
7672,589,9683,2023-04-06,Success
23166,469,2690,2023-04-04,Rejected by the driver
39270,1824,6543,2022-06-08,Success
1449,1155,2877,2022-07-12,Rejected by the driver
56397,346,10019,2022-05-22,Success
2634,526,23238,2022-07-28,Success
27924,1934,12718,2022-07-03,Rejected by the driver
11972,1814,22156,2023-03-17,Success
3712,1228,14973,2023-02-09,Success
52537,2064,31819,2022-11-21,Rejected by the driver
6773,2473,9020,2022-05-23,Success
45460,1130,13720,2022-07-08,Cancelled by the passenger
13236,2627,11105,2022-03-18,Success
13258,372,15989,2022-11-15,Success
26084,675,6899,2022-12-19,Success
47023,2284,25807,2023-04-13,Success
23454,851,21468,2022-07-05,Success
21878,1991,23801,2022-06-27,Success
40196,628,22052,2022-04-20,Success
57771,1118,496,2023-02-12,Success
54036,1555,29961,2022-12-05,Rejected by the driver
22131,969,23006,2023-03-21,Success
31099,1201,21681,2022-04-16,Success
12708,213,5190,2023-01-12,Success
28828,1748,4141,2022-07-11,Success
54481,2780,37387,2022-12-29,Rejected by the driver
57043,2257,25198,2022-06-04,Cancelled by the passenger
7837,1848,31151,2022-09-21,Success
58700,2938,34206,2022-10-18,Success
55617,43,34682,2022-10-31,Success
10267,2766,4157,2022-11-14,Success
19089,1165,19636,2022-11-13,Success
30111,1337,15637,2022-04-21,Rejected by the driver
14200,2350,12793,2022-05-03,Success
13777,1564,39864,2022-11-20,Rejected by the driver
39431,380,22660,2023-04-12,Success
8515,1935,6983,2022-09-05,Success
55815,1842,28449,2023-03-02,Success
59191,2296,30159,2023-04-10,Rejected by the driver
25933,2967,19493,2023-04-05,Success
17310,2798,16629,2022-06-27,Cancelled by the passenger
32791,1562,18051,2022-09-04,Success
27968,225,29802,2023-03-20,Rejected by the driver
23080,1241,5861,2022-07-13,Success
47883,2458,6539,2022-08-14,Success
52960,1818,33903,2023-02-01,Success
19253,550,16907,2022-06-15,Rejected by the driver
10030,4,8330,2022-10-29,Success
27315,2254,25078,2022-10-27,Success
49920,1738,30924,2022-07-20,Success
45948,376,30676,2022-07-18,Success
16432,1439,32737,2022-09-24,Success
11047,59,14459,2023-01-16,Success
31606,338,9060,2022-04-06,Success
27665,1841,38438,2023-02-19,Success
41564,539,13324,2022-12-30,Success
51581,2288,20523,2022-10-09,Success
20469,1060,865,2022-08-07,Success
7922,2751,15653,2023-03-06,Success
30197,2133,29849,2022-04-21,Success
7317,516,26457,2022-12-05,Rejected by the driver
6050,2341,5540,2022-05-21,Success
59862,1515,30733,2022-06-22,Success
50522,1069,31193,2023-04-07,Success
53682,759,32667,2022-04-09,Rejected by the driver
1067,2991,1423,2022-07-21,Success
16526,878,29483,2023-03-18,Success
3513,1830,1880,2022-03-25,Success
42367,212,22186,2022-06-04,Success
42602,2701,16025,2022-08-12,Success
19057,2401,33744,2023-04-03,Cancelled by the passenger
15502,764,25904,2022-05-24,Success
1763,2078,30557,2022-03-27,Rejected by the driver
35877,1090,38738,2022-03-22,Success
52480,558,17384,2023-02-05,Success
41986,365,25568,2022-04-07,Success
26171,2725,16181,2023-03-22,Success
29416,2964,10108,2022-12-17,Success
27414,1286,14045,2022-03-16,Success
15802,1938,28675,2022-10-02,Success
52418,525,31280,2022-06-01,Success
46579,768,7318,2022-07-06,Success
5504,2228,10685,2022-03-24,Success
58284,1936,24640,2022-12-23,Success
48460,530,9223,2023-04-02,Rejected by the driver
38372,56,32270,2023-02-20,Success
26240,1896,12154,2022-08-09,Cancelled by the passenger
42901,2551,38668,2022-12-06,Success
20631,1361,20419,2022-08-10,Cancelled by the passenger
43118,945,10537,2022-11-07,Success
6253,2477,26926,2022-08-27,Success
34294,95,4178,2022-08-28,Rejected by the driver
39207,3,10160,2022-05-09,Cancelled by the passenger
59172,644,16568,2023-01-15,Rejected by the driver
15166,632,26881,2022-05-17,Rejected by the driver
2107,1694,21869,2022-08-30,Success
36626,2782,38021,2023-03-17,Success
26938,556,36500,2022-05-23,Success
6153,817,34089,2022-06-24,Success
6228,2530,10698,2022-12-17,Cancelled by the passenger
56229,1742,24133,2022-03-25,Success
32881,1386,4465,2022-08-28,Success
44600,2143,30967,2023-01-01,Success
30246,26,8188,2022-09-20,Rejected by the driver
54833,2698,266,2022-12-08,Success
48622,2085,38114,2022-10-18,Success
44357,788,13877,2022-07-31,Rejected by the driver
39028,1098,31342,2022-07-24,Success
6585,2045,36742,2022-06-19,Success
47761,2635,31084,2022-10-15,Success
12163,2400,26861,2022-12-05,Cancelled by the passenger
50972,943,21176,2022-12-10,Success
51783,186,2759,2022-03-21,Success
53782,2308,767,2022-11-15,Rejected by the driver
55124,1386,37066,2022-12-20,Success
35824,2705,24339,2022-09-05,Success
48870,1429,8288,2022-05-30,Rejected by the driver
25895,1947,38194,2022-11-29,Success
49790,1324,10555,2022-06-12,Success
7663,1805,13604,2022-06-16,Success
34056,2828,24186,2022-11-10,Success
34239,2600,5737,2023-03-20,Success
48072,1145,16902,2022-08-29,Success
21825,2535,2065,2022-08-03,Cancelled by the passenger
40942,1219,8805,2023-03-23,Success
41425,1963,29796,2023-02-11,Success
48379,1075,20493,2022-10-26,Success
51542,1197,19617,2023-02-12,Success
50607,78,15898,2022-06-30,Success
4932,381,31441,2022-06-18,Success
40210,722,37546,2023-02-21,Rejected by the driver
9808,1195,34142,2023-04-15,Success
21725,858,13253,2022-11-15,Success
9746,2080,3685,2022-10-07,Success
39459,1044,8902,2022-08-13,Rejected by the driver
29844,2868,26349,2023-01-27,Success
25912,1185,516,2022-10-09,Success
30500,2113,8590,2023-01-07,Cancelled by the passenger
58335,2042,1792,2023-02-19,Success
58603,1363,30916,2022-12-24,Success
51741,921,20187,2022-11-26,Rejected by the driver
46079,2373,17940,2022-09-27,Cancelled by the passenger
42572,899,14020,2022-07-20,Success
7992,543,32335,2022-11-16,Rejected by the driver
10326,609,1344,2022-04-06,Rejected by the driver
10656,1714,39091,2022-08-22,Cancelled by the passenger
57687,563,6454,2022-12-06,Success
12232,1506,18402,2022-04-27,Cancelled by the passenger
52990,1245,5493,2022-05-12,Rejected by the driver
35709,1671,5033,2022-05-06,Success
7708,2479,16698,2022-06-20,Cancelled by the passenger
6904,1383,16610,2022-04-15,Success
22666,2285,31010,2022-10-11,Rejected by the driver
43161,1530,22518,2022-05-12,Success
21391,1265,18490,2023-03-25,Success
26949,1805,14160,2022-05-06,Success
48700,637,31249,2022-06-25,Success
22314,483,6634,2022-08-17,Success
10091,1398,18931,2022-11-03,Success
21040,1823,21033,2022-03-16,Success
41619,2895,21312,2022-05-09,Cancelled by the passenger
12617,2317,26892,2022-09-03,Success
10885,763,33708,2022-04-24,Success
5507,2674,26748,2022-08-21,Cancelled by the passenger
43880,1222,23785,2023-02-08,Success
40288,2842,29415,2023-02-14,Success
11851,2275,26788,2022-11-04,Success
34822,2899,32320,2022-12-20,Success
11528,2519,27657,2023-03-08,Success
45005,2514,17134,2023-03-19,Success
48510,1030,10687,2022-06-07,Success
5513,493,2431,2022-12-19,Cancelled by the passenger
27792,1377,34419,2022-04-09,Success
43985,1511,18222,2023-02-17,Success
12,801,33927,2022-07-01,Success
51908,1695,29139,2022-10-14,Success
51569,2923,1012,2022-11-27,Success
8895,2406,31956,2022-03-26,Success
8789,2778,4143,2022-11-14,Success
16539,1082,6122,2022-12-28,Rejected by the driver
50917,1120,27985,2022-04-02,Cancelled by the passenger
36696,2350,8737,2022-09-14,Success
11842,2144,27751,2023-01-10,Rejected by the driver
39950,2070,27076,2022-06-23,Rejected by the driver
18319,2983,9827,2022-07-10,Success
4809,1883,7236,2023-03-20,Cancelled by the passenger
2482,2634,14382,2023-04-11,Success
24230,1304,14506,2022-04-09,Success
41775,834,19234,2022-07-15,Success
39559,1797,30358,2022-09-08,Success
27211,2971,4202,2022-12-23,Success
6210,359,32652,2022-08-09,Success
33204,1255,23223,2023-02-21,Cancelled by the passenger
19966,90,38961,2022-06-11,Success
49184,1258,25466,2023-03-10,Success
33882,586,17038,2023-02-16,Success
22843,1877,30672,2022-08-20,Success
59220,2777,31107,2022-06-17,Rejected by the driver
8345,1073,21965,2022-06-11,Success
32612,1135,5804,2023-04-09,Success
50991,2829,21223,2022-04-25,Cancelled by the passenger
39092,1064,39411,2022-04-14,Cancelled by the passenger
34983,2367,32591,2022-08-16,Success
43645,2319,35180,2022-05-12,Success
38202,1843,30735,2022-08-07,Success
38902,1025,4207,2023-03-25,Success
24430,1651,4760,2022-05-31,Rejected by the driver
16217,1981,24987,2022-03-26,Success
21129,2087,25683,2022-09-20,Rejected by the driver
25036,2219,20347,2022-11-06,Rejected by the driver
30286,551,33768,2022-04-22,Success
5267,2006,5525,2022-05-06,Success
29824,392,38944,2023-03-05,Success
55505,2660,18970,2022-09-08,Rejected by the driver
39364,1110,9757,2022-09-21,Success
7750,119,29225,2022-09-09,Success
4901,786,22529,2022-11-12,Rejected by the driver
15113,1494,8330,2022-06-10,Success
19616,135,4195,2022-12-07,Success
44354,215,22050,2022-05-17,Success
52771,1846,38518,2022-07-13,Success
53830,234,34368,2022-10-31,Success
40377,1104,12885,2022-10-08,Cancelled by the passenger
31138,247,1702,2022-05-06,Success
5168,715,18931,2022-08-09,Success
3565,1761,22240,2023-03-10,Success
41542,2176,21747,2023-03-14,Success
12970,2775,1897,2023-01-02,Rejected by the driver
4565,1973,6145,2022-08-22,Success
24552,2045,23217,2022-04-28,Success
19360,383,7722,2023-04-08,Success
30527,1212,36168,2022-07-21,Success
21799,2485,16322,2022-07-14,Cancelled by the passenger
6370,1266,21489,2022-08-10,Success
311,1401,12172,2023-02-11,Success
7625,434,13188,2022-09-02,Success
36940,464,7163,2023-03-24,Cancelled by the passenger
34315,2084,14977,2022-05-03,Success
57256,2312,27455,2022-08-28,Cancelled by the passenger
20163,2176,22195,2022-10-17,Success
41046,697,4863,2022-08-26,Success
3670,248,4824,2022-04-25,Success
40651,2295,34980,2023-03-17,Success
3388,1249,31773,2022-11-08,Success
712,1499,14126,2023-02-25,Success
50809,1072,25486,2022-09-17,Success
50853,457,12522,2022-08-19,Success
5755,1507,14181,2022-10-21,Success
41779,1642,35683,2022-12-09,Success
53514,2833,22298,2022-03-30,Success
52993,2253,35845,2022-07-04,Cancelled by the passenger
44014,66,22458,2022-07-11,Cancelled by the passenger
24218,2563,31034,2022-05-05,Success
51591,1376,36616,2023-02-18,Success
44179,774,1259,2023-01-08,Rejected by the driver
41734,294,19389,2023-04-07,Cancelled by the passenger
8223,2972,17428,2022-12-29,Success
27293,1796,36219,2022-06-17,Success
18549,600,18151,2022-09-13,Rejected by the driver
30663,2802,11363,2022-04-24,Cancelled by the passenger
14068,321,8123,2022-12-15,Rejected by the driver
22146,1053,21270,2022-11-14,Success
53663,1643,24699,2022-05-07,Success
43093,951,1575,2022-05-01,Rejected by the driver
28899,225,32290,2022-12-08,Success
44838,1154,1300,2022-05-07,Rejected by the driver
17279,1330,4353,2022-10-19,Cancelled by the passenger
54487,2575,27635,2022-04-19,Success
34258,197,32404,2022-08-07,Cancelled by the passenger
26163,1463,2733,2023-04-11,Success
34731,1197,7459,2022-04-25,Success
31720,2131,31449,2023-01-18,Success
36094,1316,24869,2022-12-20,Success
5752,1068,24655,2022-07-31,Success
36228,2818,31143,2022-05-23,Success
49670,477,8352,2022-04-29,Cancelled by the passenger
37720,934,7018,2023-01-10,Success
16289,2529,989,2022-08-03,Success
55280,1628,10417,2022-03-22,Success
24140,2605,31801,2022-03-19,Success
6749,173,13297,2022-12-19,Success
8499,2198,20710,2023-03-14,Success
45007,1515,31699,2023-04-02,Success
8794,2116,13464,2022-12-05,Success
39308,719,30469,2022-05-12,Rejected by the driver
45379,498,15092,2022-12-10,Success
2261,2068,30089,2022-06-10,Success
35272,697,36966,2023-04-13,Success
58680,2692,14202,2022-10-08,Success
2137,1914,17145,2022-12-07,Success
9300,718,29459,2023-03-12,Success
7194,1206,7493,2022-06-09,Success
20441,2464,19026,2023-03-07,Success
5789,655,11524,2022-05-11,Success
30240,1230,3028,2023-02-20,Success
34050,990,15196,2022-03-21,Cancelled by the passenger
14634,2133,7824,2022-07-08,Cancelled by the passenger
19937,2813,25811,2022-09-13,Rejected by the driver
15566,1565,27955,2023-01-15,Success
11894,541,20324,2022-11-24,Success
56435,1588,9697,2022-04-21,Success
13223,1154,34000,2023-01-29,Rejected by the driver
19171,171,17587,2022-10-16,Success
37030,2677,38976,2022-08-07,Success
1692,1586,12874,2022-03-27,Success
34000,2521,30527,2022-09-14,Cancelled by the passenger
3162,2946,27475,2023-03-07,Success
3248,74,7260,2022-10-15,Success
16467,623,37138,2022-04-26,Cancelled by the passenger
57280,1432,35662,2022-11-21,Rejected by the driver
21379,2386,16288,2023-02-16,Success
8242,1890,20775,2023-04-12,Rejected by the driver
6449,1790,6727,2022-07-16,Rejected by the driver
42701,944,11281,2022-04-14,Rejected by the driver
27783,2710,31566,2023-03-28,Success
23893,1035,22335,2023-02-25,Success
50845,48,28248,2022-04-02,Success
21476,1951,30816,2022-08-18,Success
54552,1203,5778,2022-12-28,Rejected by the driver
39469,2183,33908,2023-01-05,Rejected by the driver
9706,2041,22130,2022-03-21,Cancelled by the passenger
23906,226,7486,2022-12-05,Success
8839,1303,17859,2022-12-04,Success
14164,366,20152,2022-04-01,Cancelled by the passenger
36403,974,28280,2022-09-12,Success
21057,2259,39080,2022-04-22,Rejected by the driver
49749,1912,6686,2022-04-18,Success
46688,448,2590,2022-12-04,Success
54500,2611,18696,2022-09-30,Success
31384,1991,35357,2023-01-05,Success
7424,1657,37399,2023-01-17,Success
5803,141,36880,2022-09-07,Success
31660,1272,25874,2022-08-16,Rejected by the driver
5492,939,641,2022-12-31,Success
44007,2179,851,2022-11-27,Success
31779,730,2374,2022-11-20,Success
25468,1296,23605,2022-09-29,Success
2136,2748,11663,2022-10-16,Success
4594,712,34297,2022-04-23,Rejected by the driver
42932,2704,5582,2022-07-31,Success
10049,273,9927,2022-11-06,Success
59669,2200,13448,2023-02-05,Success
45086,940,22200,2022-09-15,Cancelled by the passenger
9474,794,37272,2022-10-07,Success
34188,2362,34606,2022-12-03,Success
13491,751,25591,2022-10-11,Success
20632,333,1461,2023-01-12,Success
23263,2534,38052,2022-06-21,Success
16455,510,2955,2022-11-17,Success
2311,1077,24014,2022-05-11,Success
39412,1107,9434,2023-01-07,Success
47595,842,27930,2022-06-16,Success
4066,319,23397,2022-03-16,Success
43019,2660,3402,2022-03-25,Success
2642,1168,8535,2022-08-21,Success
21384,2991,34451,2022-12-23,Rejected by the driver
14825,2073,20261,2022-10-31,Success
28304,743,31150,2023-03-01,Success
28992,2797,27903,2022-12-22,Success
33514,2022,10933,2022-05-18,Cancelled by the passenger
5892,1767,24068,2023-02-02,Success
18200,211,3923,2023-01-18,Success
12471,2141,2422,2023-02-26,Success
34511,1246,30647,2022-11-14,Rejected by the driver
17785,1320,6018,2022-04-19,Rejected by the driver
52177,704,37867,2022-06-26,Success
43467,616,8478,2022-08-13,Success
49408,1016,26060,2022-07-12,Success
39251,722,32585,2022-06-10,Success
25175,762,26280,2023-04-02,Success
20328,2250,1618,2022-11-13,Rejected by the driver
48777,2790,28350,2022-09-15,Success
14027,2315,14678,2022-12-31,Success
12679,1450,29015,2023-01-08,Success
21430,1847,34533,2022-07-18,Success
6343,239,14356,2022-10-05,Success
8265,1579,16835,2022-12-03,Success
32437,1590,26359,2022-10-26,Success
54727,1412,25308,2023-01-15,Rejected by the driver
10032,2822,13034,2022-05-05,Success
49860,722,33577,2022-04-26,Cancelled by the passenger
20065,1319,36992,2022-05-30,Success
16085,1783,2113,2023-04-12,Success
34875,2505,34236,2022-07-02,Success
9497,2639,12798,2022-08-05,Success
8167,353,17997,2022-11-08,Success
42964,11,20677,2023-03-08,Success
48766,1679,34389,2022-06-10,Success
18862,727,19599,2022-10-15,Success
3538,47,22409,2022-03-19,Success
30170,1647,1380,2022-12-25,Success
20691,1524,12489,2022-06-24,Success
41795,894,26617,2022-08-31,Success
13764,1444,23517,2022-03-22,Cancelled by the passenger
32023,2855,20799,2022-05-21,Rejected by the driver
669,2908,9136,2022-12-18,Success
57342,2963,19193,2022-04-06,Success
56177,1716,5166,2022-09-12,Success
46593,2216,37717,2022-09-20,Rejected by the driver
53542,2215,29598,2022-05-29,Success
57308,889,8938,2022-12-04,Success
40088,163,13240,2022-05-20,Success
20151,2084,29021,2022-08-06,Rejected by the driver
34022,1670,14212,2023-02-18,Rejected by the driver
49399,1301,15754,2022-08-27,Success
57401,1384,8976,2022-04-25,Rejected by the driver
14052,487,259,2022-06-15,Cancelled by the passenger
57410,108,10214,2022-11-13,Success
35983,447,14675,2022-03-26,Success
25494,1844,14794,2022-08-07,Success
6444,2593,38162,2023-01-08,Success
3931,2236,15481,2022-04-25,Success
9061,2957,7894,2023-01-17,Rejected by the driver
57674,1214,28740,2022-04-28,Success
6826,1960,11524,2023-03-13,Success
34452,2885,22475,2023-03-06,Success
25535,1005,19969,2022-05-27,Success
12337,2679,19650,2023-02-17,Success
44536,253,26350,2022-04-26,Rejected by the driver
14030,2092,32928,2022-11-24,Rejected by the driver
22086,365,28640,2022-07-15,Success
14650,2529,19023,2022-08-20,Success
15215,452,4757,2022-11-20,Success
36184,2936,36843,2022-10-26,Success
27736,2484,25507,2022-09-16,Success
51417,446,16735,2023-02-03,Success
54649,1497,26829,2022-12-19,Success
46994,2129,33082,2022-03-17,Rejected by the driver
46686,358,11116,2023-02-12,Success
41301,2665,14965,2022-09-16,Cancelled by the passenger
870,2763,29458,2023-01-31,Success
31506,4,7017,2022-04-17,Rejected by the driver
22205,2242,32896,2023-04-02,Rejected by the driver
46059,1713,18612,2022-11-06,Success
35599,539,14090,2022-10-13,Success
51316,941,20817,2022-12-04,Success
1521,1432,28803,2022-06-18,Cancelled by the passenger
6351,2355,15168,2022-03-18,Success
59255,2888,16765,2022-08-22,Success
22697,2597,22201,2023-03-06,Success
26961,1019,9701,2022-06-03,Success
46759,355,15575,2022-06-07,Success
15478,2600,4063,2022-06-26,Success
8921,1273,33471,2022-11-21,Success
38907,861,7136,2022-10-20,Rejected by the driver
50151,561,34516,2022-09-13,Success
16367,2252,23336,2022-05-08,Cancelled by the passenger
40988,2870,37283,2022-05-16,Success
40780,2560,21454,2022-12-07,Rejected by the driver
54413,213,14211,2022-08-12,Success
55411,923,38498,2023-03-21,Success
9973,992,30917,2023-02-06,Rejected by the driver
50622,731,12908,2022-11-25,Success
1247,47,33941,2022-10-13,Success
33289,2295,27755,2023-03-13,Rejected by the driver
30115,1558,37322,2023-01-11,Rejected by the driver
428,250,1654,2023-03-01,Success
5797,2740,37660,2023-02-20,Success
35506,319,15253,2023-01-22,Success
11996,1261,17199,2023-03-10,Rejected by the driver
58226,648,37564,2022-08-07,Success
3042,1623,34390,2022-04-22,Success
55849,2154,15041,2023-03-06,Success
36525,320,24214,2023-01-20,Success
46081,471,6762,2022-10-10,Cancelled by the passenger
5657,1617,18054,2022-06-13,Success
12905,1105,5051,2022-12-26,Success
10621,979,19371,2023-02-05,Rejected by the driver
26364,1741,24518,2023-02-28,Rejected by the driver
15819,2597,1124,2022-04-23,Success
53004,795,21271,2022-10-02,Success
43535,2356,29463,2022-08-05,Success
17208,2390,38875,2022-07-04,Success
56274,1817,35170,2022-04-27,Success
11806,187,9514,2022-03-25,Success
54994,2449,18149,2022-10-07,Success
34594,2657,34173,2023-04-12,Success
45035,1687,38796,2022-03-24,Success
22099,2631,29074,2022-05-06,Success
36193,62,20106,2022-08-25,Success
41265,833,32764,2022-12-03,Success
52850,423,27040,2023-04-14,Success
2916,324,23155,2022-11-04,Success
24291,2339,19137,2022-03-27,Rejected by the driver
4961,2752,3021,2023-01-14,Success
23536,2584,29295,2022-11-14,Success
46620,2611,14977,2022-05-30,Cancelled by the passenger
4452,770,17634,2023-01-09,Rejected by the driver
29314,1998,22047,2022-08-23,Success
7282,169,181,2022-05-31,Rejected by the driver
54319,467,8276,2022-12-04,Success
35060,1584,17862,2022-07-21,Success
25729,1005,32844,2022-10-16,Success
39643,1644,1522,2022-05-04,Success
45761,113,33075,2022-09-23,Success
23199,327,32363,2022-03-17,Cancelled by the passenger
44367,2584,7335,2022-06-21,Success
859,2494,31970,2023-03-03,Success
15866,2205,3663,2023-02-27,Cancelled by the passenger
58756,1174,12625,2022-03-16,Success
50595,428,4318,2022-08-11,Rejected by the driver
11278,901,4436,2022-09-03,Success
9475,720,12901,2022-06-29,Rejected by the driver
12953,2127,911,2023-03-10,Rejected by the driver
27220,2814,8486,2022-12-08,Success
4810,194,21599,2022-10-24,Success
37944,1841,13190,2023-04-01,Success
31474,1526,35172,2023-01-07,Success
19498,2641,2191,2022-12-04,Success
34185,550,33135,2022-03-18,Success
30485,591,31687,2022-06-27,Rejected by the driver
6384,1082,31352,2022-07-11,Cancelled by the passenger
18952,1287,13736,2023-04-12,Cancelled by the passenger
59012,545,39458,2022-09-27,Success
43410,1296,29494,2023-02-17,Success
54643,693,8432,2022-10-14,Rejected by the driver
43966,744,20091,2022-08-23,Success
28833,1138,31798,2022-04-13,Success
42512,1069,381,2023-04-10,Success
18469,659,32180,2022-04-25,Cancelled by the passenger
11897,536,492,2022-12-28,Success
11575,1638,36554,2022-04-06,Success
37827,491,15204,2023-04-05,Success
29495,1289,270,2022-12-05,Success
54393,1684,15824,2023-03-01,Success
11880,1620,34374,2022-04-17,Cancelled by the passenger
37387,1518,3212,2022-07-08,Success
37901,1125,24824,2022-11-15,Success
58840,2461,36244,2023-02-14,Success
30386,680,38071,2022-06-09,Success
3406,2222,21476,2022-08-11,Cancelled by the passenger
11145,549,8775,2022-11-27,Success
4797,2832,8099,2022-04-13,Success
2619,882,16821,2022-12-04,Rejected by the driver
48547,1785,38675,2022-06-07,Rejected by the driver
17735,1206,13272,2022-11-30,Success
46252,2301,3291,2022-09-29,Success
59326,296,8377,2023-04-08,Success
36261,1903,32374,2023-02-19,Cancelled by the passenger
48823,1345,5245,2022-06-26,Success
3405,2307,15783,2022-08-17,Success
16425,55,37149,2023-01-08,Success
48565,404,10603,2022-09-18,Success
47718,149,4265,2023-04-12,Success
49796,2076,31536,2022-05-19,Success
863,412,39319,2023-02-26,Success
5581,266,10507,2022-10-23,Success
38186,778,10810,2022-10-10,Success
20210,1410,35452,2023-02-24,Success
2367,2828,23423,2022-05-03,Success
36160,1263,7115,2022-04-28,Success
222,2871,26665,2022-04-23,Rejected by the driver
25119,2599,31589,2022-05-18,Success
5019,223,33895,2022-08-31,Success
729,1965,10415,2023-03-21,Success
42658,972,13158,2023-02-19,Success
6680,2646,16863,2022-06-01,Success
26610,926,9600,2022-04-28,Cancelled by the passenger
33924,2346,7685,2022-04-14,Cancelled by the passenger
44428,2729,27511,2022-11-07,Success
6274,1958,4967,2022-08-07,Success
12602,893,10364,2023-04-09,Success
46720,2866,20897,2022-09-07,Success
5945,2653,16557,2023-04-12,Rejected by the driver
3005,482,2783,2023-03-14,Success
47663,2507,21650,2022-05-27,Cancelled by the passenger
44793,1310,29734,2022-09-30,Rejected by the driver
18013,2523,21523,2022-03-25,Success
47684,2130,804,2022-09-16,Success
18466,1192,26944,2022-08-24,Success
19548,2941,2689,2022-03-23,Success
51119,437,33016,2022-09-04,Rejected by the driver
46049,2515,8776,2022-04-26,Rejected by the driver
8686,675,33030,2023-01-03,Success
56022,569,30540,2022-12-28,Rejected by the driver
24506,1063,7401,2022-08-24,Success
17726,1748,32706,2022-07-22,Success
16655,2237,30068,2022-11-12,Rejected by the driver
51015,1502,2946,2022-03-25,Success
45169,2580,27038,2023-01-30,Success
23673,1705,20831,2023-03-06,Cancelled by the passenger
54335,1960,13625,2023-03-08,Success
17196,1615,12410,2023-02-14,Success
13170,2293,21290,2023-03-19,Success
50069,1239,6770,2022-11-26,Success
47259,375,11422,2022-05-11,Rejected by the driver
58308,353,15629,2022-12-18,Rejected by the driver
18089,2979,24139,2022-05-08,Rejected by the driver
13492,2791,9369,2023-04-04,Success
59060,1246,2609,2022-08-22,Success
52653,2925,21326,2022-07-12,Rejected by the driver
51483,470,7495,2022-11-02,Rejected by the driver
16073,2539,3517,2022-12-17,Cancelled by the passenger
22349,645,29090,2023-01-14,Success
9058,2029,38717,2023-04-04,Success
7148,2231,1078,2022-08-12,Success
45483,2990,19194,2022-09-13,Success
21846,2798,23180,2022-09-27,Success
4469,725,31146,2022-12-13,Success
38821,2951,33735,2022-05-19,Success
47800,264,24863,2022-05-09,Success
42009,173,273,2022-03-25,Success
20063,1378,24517,2022-12-19,Success
47470,2977,13017,2022-04-08,Rejected by the driver
37544,1825,28574,2023-03-03,Success
25775,917,30935,2023-03-14,Success
6692,2075,31921,2023-04-03,Success
6669,1946,11564,2023-02-23,Success
2253,449,27918,2022-06-26,Rejected by the driver
12586,1256,32756,2023-01-20,Success
24905,2859,14335,2022-06-18,Cancelled by the passenger
38233,912,19197,2022-05-06,Success
44733,2623,13076,2022-06-03,Success
10419,2623,25152,2022-06-24,Success
32990,1194,32360,2023-04-01,Success
8914,491,29021,2022-03-23,Success
48143,1991,39101,2022-04-28,Success
17415,2103,5542,2022-11-17,Success
38988,657,11171,2023-01-21,Success
2147,29,18501,2022-10-12,Success
18333,1583,37852,2022-03-17,Success
48517,84,32653,2023-03-04,Success
42406,2319,32891,2023-01-03,Rejected by the driver
26159,2029,15623,2022-07-02,Success
11724,1037,13157,2022-07-28,Success
45119,2977,28969,2022-05-04,Success
20561,1411,21035,2022-10-21,Success
34081,2158,24894,2022-06-22,Success
12243,1032,39387,2022-12-08,Success
41752,1090,33413,2023-03-31,Success
15234,1822,16983,2022-11-18,Success
4557,87,26599,2022-07-27,Success
45097,2477,12307,2023-01-05,Success
32424,1073,32475,2022-11-21,Success
54997,1011,32382,2023-02-21,Success
16932,178,31046,2022-09-17,Success
54349,2880,38864,2023-02-08,Success
50189,783,33004,2022-03-20,Success
3803,1186,39195,2022-08-23,Cancelled by the passenger
51813,675,6880,2022-07-14,Rejected by the driver
43937,527,17746,2022-04-28,Success
47143,2087,34453,2023-01-31,Success
42826,765,29021,2022-08-25,Cancelled by the passenger
23563,385,33510,2022-11-08,Success
16374,2084,39409,2022-11-18,Success
17955,2165,27505,2023-01-01,Rejected by the driver
2635,216,37828,2022-08-01,Success
5967,1770,6747,2023-01-18,Success
15686,1772,23616,2022-06-08,Cancelled by the passenger
8126,1713,12779,2022-04-11,Success
55851,2465,19679,2022-03-14,Success
5384,357,38048,2022-07-12,Cancelled by the passenger
47755,1397,15481,2023-03-23,Success
9779,2589,16242,2023-02-11,Success
20442,266,26187,2022-07-20,Success
25204,1193,3907,2023-04-01,Success
25299,1100,3628,2023-01-14,Success
43550,533,36938,2023-04-06,Success
13319,1695,17815,2022-11-14,Success
39139,1437,19355,2023-04-11,Cancelled by the passenger
37638,700,36091,2022-03-29,Rejected by the driver
48243,2638,10393,2022-11-19,Success
48193,2990,18952,2022-11-15,Success
55408,327,24209,2022-06-01,Cancelled by the passenger
10516,2200,6015,2022-11-09,Success
54400,965,39362,2022-04-07,Success
26919,1982,28819,2022-11-05,Success
41396,736,23304,2022-06-08,Rejected by the driver
44133,3,7133,2022-06-08,Success
47118,516,26898,2022-11-24,Success
34832,1292,18203,2022-10-14,Rejected by the driver
22975,911,21635,2023-01-18,Rejected by the driver
47234,2659,19582,2022-11-24,Success
53984,1991,35292,2022-07-14,Success
42385,2027,38633,2022-10-11,Success
9121,545,16859,2022-08-20,Success
52553,2774,21581,2022-07-20,Success
8319,1602,34915,2022-10-09,Success
36060,814,35159,2022-05-08,Success
46870,1923,23891,2022-08-04,Success
57134,2353,29767,2022-11-10,Success
28980,142,34916,2023-03-22,Success
52528,1570,19892,2023-02-23,Success
30339,313,16524,2023-01-31,Success
15287,1765,2107,2023-04-07,Cancelled by the passenger
31156,1889,37277,2022-07-14,Success
6189,2379,38982,2022-05-22,Success
44784,1583,18124,2022-06-18,Success
33053,215,37031,2022-08-14,Success
54029,885,8302,2022-06-12,Success
49469,106,39177,2022-09-05,Success
50301,1474,14658,2022-12-12,Success
38796,1565,25686,2022-10-06,Success
25390,592,19401,2022-06-24,Rejected by the driver
10731,2939,15944,2022-11-21,Cancelled by the passenger
9807,1339,36181,2022-06-28,Success
42357,980,20918,2023-02-22,Success
31581,2304,21870,2022-06-29,Success
59384,680,35262,2022-08-20,Success
48247,2793,31093,2022-10-18,Success
46258,238,6489,2023-03-17,Success
51219,199,9482,2022-10-01,Success
8335,773,17987,2023-01-05,Success
15108,1901,39003,2022-05-05,Success
32169,1668,9225,2022-08-30,Success
52902,1478,37565,2023-01-24,Success
52071,1264,9474,2022-12-17,Success
17755,1989,30601,2023-02-13,Success
59092,500,2826,2023-04-15,Success
45811,1797,24068,2022-10-22,Rejected by the driver
14671,1630,27485,2022-05-29,Rejected by the driver
53610,2065,27560,2022-08-29,Success
10680,1606,10405,2022-05-26,Cancelled by the passenger
42604,2270,2421,2022-09-13,Success
52855,1019,20711,2022-03-21,Success
11474,1673,150,2022-07-23,Success
46779,438,14829,2022-11-14,Success
39224,266,24079,2022-09-13,Success
55831,141,17141,2023-01-16,Cancelled by the passenger
46188,1896,2658,2022-11-17,Rejected by the driver
11343,2843,3407,2022-12-30,Success
23338,790,26709,2022-10-15,Success
51153,1723,39208,2022-11-02,Success
32804,2106,3176,2022-12-22,Success
5907,2495,28378,2022-10-19,Success
32538,2803,5671,2022-07-29,Success
1572,566,26511,2022-08-12,Cancelled by the passenger
10271,384,28012,2023-02-15,Success
19494,266,10720,2022-10-05,Success
15565,797,11022,2023-01-21,Cancelled by the passenger
24949,952,28439,2022-05-14,Success
2563,2597,24972,2022-12-13,Success
17070,2761,6654,2022-04-27,Success
57585,1365,23330,2023-01-12,Success
33892,2333,9326,2023-02-22,Success
15342,2630,3098,2022-05-14,Success
1552,468,3026,2022-10-05,Cancelled by the passenger
919,214,32647,2022-07-08,Success
49449,2862,33050,2022-05-26,Cancelled by the passenger
24725,2023,30645,2022-10-02,Rejected by the driver
6400,1622,5107,2022-11-08,Success
38101,2872,6688,2022-06-27,Success
18551,2732,17314,2022-10-18,Success
16824,466,24139,2022-10-03,Success
47819,2961,5929,2022-10-20,Success
21772,2094,2122,2022-07-14,Cancelled by the passenger
479,1098,8338,2022-04-12,Success
28878,1416,37639,2022-08-17,Success
34513,878,21122,2023-03-06,Success
45719,2643,39203,2023-03-06,Success
16841,628,14590,2023-01-14,Success
23537,1838,17209,2022-09-09,Rejected by the driver
6830,1889,14827,2022-04-09,Success
42577,2610,25235,2022-12-13,Success
11454,2930,27112,2022-05-13,Success
17814,2589,1149,2022-04-30,Success
45253,1910,16341,2022-08-02,Success
8489,830,35491,2022-12-19,Success
25545,690,36913,2022-11-30,Success
53297,2874,1278,2022-09-14,Success
2922,1315,33828,2022-03-25,Cancelled by the passenger
53903,2489,12105,2023-03-05,Success
42872,1682,16657,2023-04-05,Success
40055,1833,28266,2022-04-17,Rejected by the driver
18587,2677,23047,2022-04-28,Success
241,411,34244,2022-11-13,Success
45543,1710,16866,2023-03-19,Success
42823,2804,12638,2022-09-17,Cancelled by the passenger
44054,1523,1189,2022-09-09,Success
2007,2514,26557,2022-03-25,Cancelled by the passenger
12013,1335,25723,2022-07-10,Success
50314,1707,34429,2022-05-01,Success
42941,1043,35176,2022-12-29,Success
12518,1116,37878,2022-04-13,Rejected by the driver
5374,1206,34595,2022-09-28,Success
37618,1776,35116,2023-03-25,Success
26673,294,21910,2022-07-22,Success
46376,308,16121,2022-05-05,Success
28415,387,19246,2023-04-08,Rejected by the driver
39669,792,38933,2022-06-13,Rejected by the driver
47317,1421,31796,2023-01-17,Cancelled by the passenger
32634,1173,17650,2022-12-04,Rejected by the driver
39138,141,6860,2022-08-13,Success
22859,1598,17497,2023-02-20,Success
50243,412,30911,2023-01-11,Success
5766,1881,28687,2023-04-11,Success
34750,2241,26532,2022-11-17,Success
54389,1438,35581,2022-04-08,Success
22542,1869,38915,2022-07-02,Success
41975,2205,29614,2022-05-15,Success
17954,2177,8972,2022-06-14,Success
5404,2943,5411,2023-03-28,Success
3084,652,9549,2022-11-26,Success
17570,2425,3003,2023-04-15,Success
2053,749,2333,2023-03-21,Success
38580,925,3503,2022-10-18,Rejected by the driver
3616,1604,38785,2023-02-10,Success
32315,2444,27334,2022-03-22,Success
9436,556,11048,2022-05-26,Success
58422,2875,23692,2023-03-01,Success
43407,1083,14255,2022-10-20,Rejected by the driver
8673,2835,38784,2022-10-20,Success
49158,2597,8093,2023-02-23,Success
3209,1445,13226,2022-12-11,Success
15527,2825,4547,2022-09-15,Success
56682,1590,35426,2022-06-06,Success
57845,2959,34810,2023-01-08,Success
59633,1053,19812,2022-12-21,Success
8084,907,31576,2022-05-15,Success
39850,2548,5076,2023-03-25,Cancelled by the passenger
43974,2818,18033,2022-11-16,Success
24787,1432,27079,2022-10-19,Success
31709,306,12404,2023-02-02,Success
52319,2636,4390,2023-02-11,Success
52155,2673,9202,2022-03-30,Success
50446,2835,13727,2022-11-30,Success
34790,852,7882,2022-04-07,Cancelled by the passenger
32965,1256,23951,2022-05-07,Success
29818,1714,15831,2022-11-02,Success
22165,1982,6419,2022-11-08,Rejected by the driver
10675,2555,25200,2023-03-08,Success
53604,1573,10379,2022-11-17,Cancelled by the passenger
53587,2739,183,2022-07-31,Success
51256,92,20004,2022-08-13,Rejected by the driver
14654,1469,12462,2023-01-12,Success
46731,575,29803,2022-08-16,Rejected by the driver
25342,2373,20520,2022-10-17,Cancelled by the passenger
57307,906,18264,2022-07-08,Success
32659,2611,30930,2022-06-06,Success
12484,1245,16010,2022-03-28,Success
12480,2894,15616,2023-01-02,Success
24735,311,14954,2023-03-26,Success
24508,2468,17528,2023-04-14,Cancelled by the passenger
34920,653,25908,2023-04-03,Success
6054,1484,30155,2022-04-14,Cancelled by the passenger
47503,871,35382,2022-06-15,Rejected by the driver
4671,2085,16661,2023-03-13,Success
43493,2901,20050,2022-12-29,Success
24719,2062,7695,2022-10-30,Rejected by the driver
28764,668,18043,2022-08-19,Success
34440,186,16898,2022-07-14,Success
46077,2273,13810,2022-04-09,Success
12389,793,26154,2022-11-06,Success
8094,315,20793,2022-08-07,Success
53143,2218,19172,2023-01-23,Rejected by the driver
48401,1629,7827,2022-09-16,Success
23607,2714,4476,2022-11-14,Success
56950,461,39758,2022-11-18,Rejected by the driver
52436,2768,23235,2022-05-31,Success
26382,2663,24971,2023-02-11,Success
36212,1650,4275,2022-09-22,Success
23739,2460,12344,2022-10-14,Success
36876,2215,3456,2023-03-20,Rejected by the driver
46574,1476,27627,2022-08-19,Success
43742,2203,15825,2023-04-06,Success
39888,706,824,2023-01-28,Success
17799,2348,9685,2022-11-18,Success
28452,2539,15989,2023-02-03,Rejected by the driver
702,2327,27033,2023-02-03,Success
34386,451,29276,2023-03-12,Success
8536,1546,37019,2022-09-01,Success
54337,116,33192,2022-04-24,Success
57715,2516,11907,2022-03-12,Success
11765,1314,10019,2023-03-23,Success
292,2135,32337,2022-05-17,Success
49771,3,26788,2022-09-16,Rejected by the driver
665,2812,31434,2023-03-13,Success
43040,474,31954,2022-09-10,Success
32493,2420,35447,2023-01-23,Success
22065,394,39132,2022-11-23,Cancelled by the passenger
201,1566,28902,2022-04-17,Success
38396,1791,18596,2022-03-22,Success
32987,1455,16835,2022-05-20,Success
26977,1046,38476,2022-12-08,Success
23479,577,2696,2023-03-30,Success
45817,2759,27290,2023-01-09,Success
45065,482,24718,2022-12-09,Cancelled by the passenger
6739,1309,20755,2022-06-23,Rejected by the driver
11468,1847,13189,2022-04-01,Success
43564,2963,35339,2023-03-25,Success
36547,2050,10844,2023-04-14,Success
40123,228,29418,2022-07-05,Success
57252,2692,39781,2022-11-08,Cancelled by the passenger
40191,1546,38539,2022-05-23,Success
409,1836,32082,2023-03-19,Rejected by the driver
6779,11,28379,2022-08-08,Success
43938,762,34421,2022-04-12,Cancelled by the passenger
40824,1224,13719,2022-08-10,Success
29155,754,12291,2022-10-15,Success
41854,1424,20623,2022-05-07,Success
36112,2939,24961,2022-11-30,Rejected by the driver
25771,2769,14958,2023-01-10,Success
13987,177,29042,2022-11-23,Rejected by the driver
4180,563,19242,2022-07-02,Success
41846,1755,4161,2023-03-28,Success
13543,1680,24012,2023-03-22,Success
37676,1553,13653,2023-01-21,Success
8522,2293,6168,2022-04-16,Success
58058,257,22140,2022-07-28,Cancelled by the passenger
39714,1199,26717,2022-05-29,Success
47506,2502,4477,2022-05-03,Success
28462,2283,6658,2023-04-13,Success
49174,798,21584,2022-09-26,Rejected by the driver
51221,2544,3872,2022-07-21,Rejected by the driver
35893,447,28534,2022-10-09,Success
46088,1165,4077,2022-11-19,Success
33413,2052,4963,2022-12-01,Rejected by the driver
50942,985,21080,2022-08-04,Success
32584,1813,22215,2022-11-11,Rejected by the driver
55811,2448,10724,2023-03-07,Success
5887,446,23036,2022-08-23,Success
13663,1187,5924,2022-04-04,Success
20354,387,26249,2022-04-04,Rejected by the driver
45500,1572,6829,2022-04-21,Rejected by the driver
9233,1028,396,2022-07-24,Success
15356,2427,33688,2022-03-24,Success
41880,167,29147,2023-03-30,Success
29009,614,7519,2023-01-30,Success
28782,1958,15603,2023-01-01,Success
33619,1905,24127,2022-06-29,Success
8302,1015,12536,2023-03-29,Success
38790,181,30875,2023-01-05,Success
40585,869,20312,2022-05-28,Rejected by the driver
59500,2856,4790,2022-11-30,Success
52221,844,1319,2023-03-08,Success
59572,516,27209,2022-04-10,Cancelled by the passenger
52122,512,24666,2022-12-05,Success
23682,2713,39245,2023-02-24,Success
637,746,12533,2022-10-30,Rejected by the driver
21823,2670,31802,2022-12-29,Success
24043,214,15366,2022-10-16,Success
40562,2280,24697,2022-09-14,Success
50850,1645,12073,2022-12-24,Success
26861,642,18511,2023-01-23,Rejected by the driver
50213,936,31941,2023-03-24,Rejected by the driver
56116,268,30529,2023-01-27,Success
44452,2682,1056,2023-02-28,Cancelled by the passenger
5368,1986,30829,2023-03-17,Rejected by the driver
39807,2741,14895,2022-12-29,Success
11369,2835,15926,2022-10-10,Success
23688,2268,23050,2022-04-15,Cancelled by the passenger
22475,37,12093,2022-07-22,Success
6988,2423,4260,2022-09-01,Cancelled by the passenger
16150,1095,34383,2022-09-10,Success
37295,58,15073,2023-04-06,Rejected by the driver
34205,1720,34228,2022-07-10,Rejected by the driver
31145,1222,10594,2022-05-19,Rejected by the driver
34281,2599,24638,2023-03-28,Success
57972,206,9310,2022-07-27,Success
9220,2318,29367,2022-08-24,Success
16484,375,9457,2022-12-29,Rejected by the driver
5760,2924,11025,2022-03-29,Success
46223,2195,28609,2023-02-22,Cancelled by the passenger
2523,19,22562,2022-07-30,Success
54696,644,18517,2022-09-30,Rejected by the driver
21722,1447,24992,2023-03-21,Rejected by the driver
43788,700,20974,2022-10-07,Success
14175,1635,1918,2022-12-29,Rejected by the driver
10847,866,22233,2022-12-29,Cancelled by the passenger
4511,1345,38663,2022-08-12,Cancelled by the passenger
36321,2492,5594,2022-03-29,Success
59466,934,1913,2022-04-24,Rejected by the driver
44824,546,18847,2022-10-09,Success
19289,630,10353,2022-05-23,Success
54967,1511,21281,2022-08-19,Success
37452,1872,19491,2022-11-12,Success
52915,1949,27291,2023-02-04,Success
13954,1150,9798,2022-03-21,Success
3097,2230,12362,2023-02-08,Rejected by the driver
24315,265,9567,2022-12-20,Success
7743,77,13071,2022-06-06,Success
54198,49,25693,2022-12-10,Success
9933,1360,37845,2022-06-30,Success
45428,487,35731,2022-07-03,Success
16286,781,32869,2022-12-26,Cancelled by the passenger
30254,2611,3973,2022-05-15,Success
14888,2695,39883,2023-03-23,Success
41701,1380,26568,2023-04-05,Success
38430,2364,4106,2022-08-25,Success
39614,1315,8429,2023-02-21,Success
14035,1796,7534,2022-03-22,Success
43778,986,27659,2022-07-03,Success
53734,947,24778,2022-08-12,Success
35202,1237,1074,2022-10-03,Success
11849,1490,28591,2022-11-24,Success
23891,1391,30355,2022-11-29,Cancelled by the passenger
19578,1735,15879,2022-08-06,Success
6607,375,11162,2022-11-23,Rejected by the driver
17838,384,34068,2022-08-29,Cancelled by the passenger
44540,1507,16878,2023-03-10,Success
47319,1288,28111,2023-01-26,Success
16693,1432,32924,2022-09-08,Success
53025,494,11325,2022-10-03,Success
46026,2961,841,2022-06-02,Success
12690,522,3283,2022-04-22,Success
14170,2579,1705,2022-07-10,Success
49954,1694,32308,2022-05-13,Success
42736,2350,2309,2022-05-01,Success
20988,2426,30304,2022-10-19,Success
37488,1232,17268,2022-11-04,Success
12613,853,20084,2022-09-12,Success
24857,334,29307,2022-06-09,Success
10472,2970,14098,2022-03-15,Cancelled by the passenger
33272,1503,8266,2022-09-24,Success
45865,248,11678,2022-05-12,Success
8351,2676,18688,2022-07-11,Rejected by the driver
56769,801,25401,2022-05-06,Cancelled by the passenger
36162,2905,16590,2022-03-29,Success
17381,2178,2811,2022-07-24,Success
14714,2662,17087,2022-05-29,Success
58221,1120,20148,2022-04-12,Success
24323,2433,37916,2022-06-08,Success
38660,1404,37582,2023-02-22,Success
49046,1912,18052,2022-03-15,Success
8016,1719,26465,2022-12-13,Success
18465,324,36281,2022-10-22,Success
36224,907,12826,2022-11-16,Success
48178,2324,39788,2022-04-22,Success
52507,741,5981,2022-04-14,Success
14791,1951,1960,2022-09-07,Cancelled by the passenger
41111,405,32704,2023-03-30,Success
2785,2593,19229,2022-09-21,Success
17137,2815,34570,2022-06-09,Cancelled by the passenger
39946,2863,36632,2023-03-01,Success
54435,555,2638,2022-09-06,Success
10285,143,28425,2023-02-14,Success
6592,2751,22957,2023-03-10,Success
34714,1582,39694,2023-02-25,Rejected by the driver
6835,1268,26142,2022-12-28,Success
4536,2955,2253,2022-12-17,Success
33353,468,18301,2022-10-17,Success
23564,601,2604,2023-01-13,Success
55759,1751,9932,2022-08-08,Success
59614,811,3154,2023-02-11,Rejected by the driver
40981,2080,17263,2023-04-13,Success
37425,2171,11263,2023-03-03,Cancelled by the passenger
7193,1283,23589,2022-06-04,Success
24491,697,33910,2022-10-04,Success
22938,2265,36706,2022-06-24,Success
6667,1994,13338,2022-06-12,Cancelled by the passenger
53726,308,29744,2022-09-30,Success
36814,252,10858,2022-03-27,Success
25353,265,6765,2022-09-28,Success
9287,605,37829,2023-04-13,Success
31657,872,21442,2022-09-02,Success
27888,2017,11167,2022-05-01,Success
42922,2013,13232,2022-10-20,Success
37171,2829,21133,2022-03-20,Rejected by the driver
54266,1842,30748,2022-12-05,Success
44218,1196,4069,2022-11-27,Rejected by the driver
42421,2413,24007,2022-09-03,Success
13088,2464,21330,2023-02-06,Success
27289,2543,14631,2023-02-27,Success
59774,2118,21436,2022-06-01,Success
49159,995,13072,2023-02-06,Cancelled by the passenger
37889,255,3889,2023-03-22,Success
32833,966,5872,2022-08-23,Success
11393,2672,19683,2022-07-24,Success
33996,781,30799,2022-11-27,Success
43721,2490,15078,2022-04-25,Rejected by the driver
917,2545,36331,2023-03-24,Success
45324,2543,12449,2023-04-06,Success
16691,2044,18808,2022-10-03,Success
7691,2590,33228,2023-03-15,Success
47392,1978,7202,2022-12-13,Success
26569,2447,27999,2022-09-19,Success
29195,2096,38527,2023-02-13,Success
57193,437,33558,2023-01-07,Success
41272,1812,38067,2022-12-19,Success
59648,2316,37077,2022-04-20,Success
41496,1362,28641,2023-03-08,Success
26713,460,10185,2022-07-20,Rejected by the driver
27110,968,29355,2022-05-01,Success
56386,1519,16027,2022-08-21,Success
48004,2932,20049,2022-06-20,Success
13521,2435,33996,2023-04-01,Cancelled by the passenger
23578,2975,28469,2022-04-16,Success
2419,2341,33732,2022-11-20,Success
27845,424,8258,2023-03-06,Success
13254,617,22321,2022-09-27,Success
54174,155,38468,2023-01-04,Success
12605,1807,15547,2022-03-24,Success
36779,121,29747,2022-12-10,Success
23625,41,22345,2023-02-06,Success
23490,451,5805,2023-03-18,Success
553,2945,34011,2022-12-28,Success
40957,875,32610,2023-01-06,Cancelled by the passenger
58724,387,21823,2022-10-11,Success
56038,989,13851,2022-10-07,Success
30986,1461,16620,2022-03-23,Success
7252,1437,1132,2023-03-06,Rejected by the driver
29896,338,4647,2022-07-14,Success
43294,2293,5033,2022-05-01,Rejected by the driver
15746,2442,17011,2022-07-05,Success
54814,2718,22096,2023-02-09,Success
31883,886,18692,2022-05-24,Success
19230,2216,8196,2023-01-28,Success
19097,2560,31965,2022-04-24,Success
37303,882,30875,2022-11-24,Rejected by the driver
56420,1137,11682,2022-09-18,Rejected by the driver
6648,2198,6260,2022-12-14,Success
12466,2287,26249,2023-01-17,Cancelled by the passenger
57088,970,36943,2022-09-18,Rejected by the driver
34279,1368,17040,2022-09-13,Cancelled by the passenger
48212,2920,31775,2022-04-22,Rejected by the driver
13058,1276,13557,2022-11-04,Rejected by the driver
15912,2629,13421,2022-12-02,Cancelled by the passenger
38255,2980,7214,2022-07-04,Success
46480,381,30654,2022-11-25,Success
33434,1726,23443,2022-12-12,Rejected by the driver
6531,2288,5988,2022-09-19,Rejected by the driver
34047,2253,26373,2023-01-09,Rejected by the driver
44130,2914,7437,2023-03-06,Success
977,2159,26557,2022-08-25,Cancelled by the passenger
36418,127,11017,2022-03-15,Cancelled by the passenger
33689,2098,30931,2022-07-03,Success
52742,1306,28140,2022-08-27,Success
3791,863,4914,2022-03-28,Success
34216,2640,14415,2022-04-15,Success
22590,214,12326,2022-05-09,Success
36740,210,24710,2022-03-23,Rejected by the driver
34270,1762,28260,2023-03-30,Rejected by the driver
41284,2717,15107,2023-03-03,Success
14075,1096,1685,2023-01-23,Success
55524,2534,17005,2022-07-11,Success
48839,1544,32081,2023-02-22,Cancelled by the passenger
5068,2463,36750,2022-11-17,Success
11900,1884,15505,2022-10-22,Success
36071,1029,17291,2022-10-17,Success
34273,189,17954,2023-04-03,Success
10904,1354,3168,2022-10-03,Success
41274,2791,26180,2022-03-24,Success
20106,688,22441,2023-04-13,Success
11348,496,33835,2022-03-27,Success
19948,703,35163,2022-04-29,Rejected by the driver
44337,1266,4201,2022-09-03,Rejected by the driver
44322,913,25138,2023-04-12,Success
32796,881,21588,2022-07-31,Success
27142,2043,38217,2022-04-12,Rejected by the driver
46458,1937,6273,2023-02-15,Success
49056,625,13739,2023-02-21,Success
42487,2662,16975,2022-05-21,Cancelled by the passenger
37155,1617,29419,2023-03-27,Cancelled by the passenger
28825,2235,36296,2023-02-28,Success
4422,2797,34905,2022-09-05,Success
33243,1448,28753,2022-12-28,Cancelled by the passenger
1605,1777,33288,2023-01-01,Success
37539,740,12253,2022-11-12,Success
24121,94,23713,2022-10-13,Rejected by the driver
18368,541,21267,2022-07-09,Success
1179,805,2386,2023-02-17,Rejected by the driver
31810,414,5152,2022-06-18,Success
10083,2262,5019,2022-04-17,Success
50340,17,14605,2022-03-28,Success
3569,1052,16942,2023-04-13,Success
18168,605,21013,2023-02-10,Success
54795,2788,15806,2022-07-06,Success
1750,1144,23244,2022-05-03,Rejected by the driver
14677,835,32504,2022-10-01,Success
38571,521,29213,2023-02-17,Rejected by the driver
45216,2750,5888,2023-03-16,Success
10661,144,22757,2022-06-02,Success
36219,1375,5764,2022-05-24,Success
36932,1060,18770,2023-01-28,Success
47633,2163,16359,2022-05-15,Success
22298,2502,3505,2022-08-05,Success
37878,2761,25261,2022-09-22,Success
13506,1777,27713,2022-04-09,Success
29983,2677,22817,2022-10-04,Success
57207,437,13614,2023-01-28,Success
52885,1532,28669,2022-05-01,Success
43176,418,12661,2022-06-06,Success
34435,2729,30266,2022-05-10,Success
53445,739,35249,2022-11-09,Success
47430,1072,15907,2022-04-14,Rejected by the driver
23736,314,24497,2022-07-19,Success
7153,836,7258,2023-01-03,Success
22643,1364,14661,2023-01-23,Success
39040,1900,16191,2022-03-28,Success
7503,584,17683,2022-09-09,Cancelled by the passenger
35346,2259,14463,2023-03-17,Success
12356,2361,36184,2022-09-28,Success
26736,1211,21058,2022-08-09,Success
22805,381,3252,2022-07-16,Success
51108,2919,5739,2022-10-03,Rejected by the driver
11194,521,15708,2022-07-07,Rejected by the driver
30487,255,14494,2022-04-10,Success
47793,1018,34031,2022-03-30,Success
1832,1410,5567,2022-03-21,Success
40205,2434,7231,2022-12-29,Cancelled by the passenger
4105,2242,1958,2022-06-01,Rejected by the driver
33867,999,2283,2022-07-20,Success
15014,2444,11267,2022-08-26,Success
26978,1297,20612,2023-02-21,Cancelled by the passenger
19107,55,35588,2023-03-01,Success
34688,2397,19106,2022-11-21,Success
49842,2786,21962,2022-09-18,Success
57616,2433,17010,2022-12-03,Success
15085,1058,33322,2023-02-10,Success
6099,2592,25259,2023-03-26,Success
53592,464,21436,2022-09-23,Success
56122,2288,35631,2022-03-25,Success
21340,2855,7398,2022-10-12,Success
21496,1843,21222,2022-05-30,Success
52209,2916,6835,2023-01-26,Success
5575,1260,20674,2023-03-19,Success
50587,1848,18088,2022-09-13,Success
21393,1879,4366,2022-10-21,Success
31884,860,34537,2022-08-18,Cancelled by the passenger
35649,1532,29251,2023-01-09,Success
27054,2142,541,2022-03-31,Success
24682,781,15199,2022-11-26,Cancelled by the passenger
32621,1915,6204,2023-01-08,Rejected by the driver
30673,1796,17135,2023-03-02,Success
21673,2838,19973,2022-08-09,Rejected by the driver
40401,783,31695,2022-07-10,Success
54993,114,12804,2022-07-25,Success
709,525,39235,2022-05-07,Cancelled by the passenger
29594,2880,4934,2022-08-20,Success
26543,2850,8251,2022-07-15,Success
4714,1666,21952,2022-07-11,Success
24449,2724,28765,2022-07-18,Success
6521,2946,10523,2022-08-20,Success
4,405,32999,2022-06-28,Success
19487,2519,5142,2023-01-16,Rejected by the driver
39651,2748,1489,2022-09-10,Success
23956,63,3536,2022-07-08,Rejected by the driver
8131,295,26206,2022-05-27,Success
32511,2534,36594,2023-03-03,Success
41650,862,5099,2022-09-03,Success
8320,93,32014,2022-06-19,Success
37095,520,2609,2023-04-03,Success
12569,1433,3348,2022-10-15,Cancelled by the passenger
47356,542,31404,2022-03-25,Success
37402,792,8441,2022-05-07,Rejected by the driver
13671,2357,29972,2023-01-09,Success
14046,1625,27599,2023-01-25,Success
26751,1865,22234,2022-04-21,Success
44419,916,22964,2022-06-26,Success
46737,2338,6605,2022-12-14,Success
15830,2560,26002,2022-04-11,Success
57536,1662,16083,2022-04-30,Success
16108,1495,30856,2023-01-09,Cancelled by the passenger
9297,531,35264,2022-05-23,Success
58902,2066,34991,2022-05-23,Cancelled by the passenger
8406,938,38978,2023-03-11,Cancelled by the passenger
40447,699,6522,2022-09-12,Success
37292,967,15864,2023-03-04,Rejected by the driver
47171,471,35279,2023-01-30,Rejected by the driver
25858,2468,39743,2022-12-15,Success
16782,1598,2125,2023-02-19,Success
25295,1604,30919,2022-12-24,Success
59908,2727,31353,2022-04-03,Success
28959,335,22545,2023-02-06,Success
47750,550,9840,2022-05-06,Success
21939,1839,32860,2023-01-17,Success
22593,2735,12020,2023-02-03,Rejected by the driver
54142,2729,19883,2022-12-30,Success
25005,1800,28985,2022-07-27,Success
31850,1578,38058,2022-11-30,Success
48849,163,7746,2022-04-15,Success
55563,896,32390,2022-06-20,Success
23899,492,33113,2022-11-26,Success
41347,787,25657,2022-09-17,Rejected by the driver
35549,2829,30764,2022-08-15,Success
38759,2873,1230,2023-03-12,Success
26918,1490,7294,2022-12-28,Success
31440,2046,953,2022-04-10,Success
59376,1829,10250,2022-08-19,Success
44137,1789,18161,2023-01-15,Success
2086,1786,28579,2022-09-17,Success
52181,306,376,2022-06-10,Rejected by the driver
46192,2374,26777,2022-08-05,Rejected by the driver
4269,582,14059,2023-02-24,Success
26147,2065,3228,2023-02-23,Success
30763,591,16924,2023-04-09,Success
33207,835,2906,2023-03-23,Cancelled by the passenger
11255,1960,15054,2023-02-18,Success
43153,604,20771,2022-05-29,Success
38873,55,2388,2023-01-06,Success
46673,1736,37383,2022-08-16,Success
44782,2599,20944,2022-04-29,Success
32834,1764,18284,2022-08-10,Success
16302,907,39119,2022-11-25,Success
23926,2254,7680,2022-09-26,Success
25553,561,37460,2022-12-26,Success
1573,1242,26638,2023-02-17,Success
27100,372,33672,2022-11-08,Success
13567,1973,38064,2022-08-12,Success
3746,1980,20286,2022-10-18,Success
58543,914,17987,2022-03-12,Success
43955,2976,33906,2023-02-13,Success
39870,2631,26891,2022-10-07,Success
22402,1318,30631,2022-05-27,Success
58390,990,11800,2022-11-19,Success
24284,203,33990,2023-03-22,Rejected by the driver
35588,740,38766,2022-06-24,Success
6085,2133,25157,2022-10-27,Success
14390,1215,7350,2023-02-07,Success
28322,2398,16186,2023-03-30,Success
21733,2456,36977,2022-10-27,Success
10515,604,19222,2022-12-10,Success
18962,1522,27625,2022-12-02,Success
36171,2022,24183,2023-02-26,Success
31731,2130,9226,2022-08-07,Success
6135,800,5469,2022-07-11,Success
20122,592,38966,2022-07-29,Success
51525,1051,20480,2023-03-09,Success
54913,776,35017,2023-03-09,Success
6208,2114,20047,2022-11-03,Success
27905,2597,27690,2022-12-23,Success
9547,2388,33461,2022-08-14,Success
4807,2193,21774,2022-10-28,Rejected by the driver
45954,291,23420,2022-09-18,Rejected by the driver
14809,807,28122,2022-10-10,Success
21166,1777,22179,2022-11-04,Success
50462,2880,38480,2022-04-01,Success
13676,1014,36410,2022-05-12,Success
13209,1836,6326,2022-04-04,Cancelled by the passenger
45603,2092,17422,2022-07-28,Success
21358,1571,7266,2022-12-05,Success
57117,387,25158,2022-09-02,Success
5888,2167,6988,2022-10-30,Success
34107,2114,36887,2023-02-07,Success
23008,2397,28200,2022-04-14,Success
31291,915,32194,2023-04-12,Success
59881,163,8585,2023-03-21,Success
57112,1827,35955,2022-05-18,Success
27930,1346,17555,2022-12-10,Rejected by the driver
34783,1207,31669,2023-04-01,Success
5722,137,27105,2023-01-01,Cancelled by the passenger
45920,1900,20170,2022-04-19,Success
17828,1041,7579,2022-05-18,Rejected by the driver
16673,2894,30411,2022-05-05,Cancelled by the passenger
16569,309,18029,2023-03-22,Success
9750,1310,7816,2022-09-08,Success
59011,1598,5180,2023-02-03,Success
5984,456,39607,2022-12-17,Success
24661,568,20609,2022-06-21,Success
14018,1125,14393,2022-11-24,Success
21893,2189,27890,2023-01-26,Success
52568,409,33625,2023-02-27,Cancelled by the passenger
28571,1616,8888,2022-07-27,Rejected by the driver
3648,2842,23228,2022-12-04,Success
169,1840,29726,2022-10-27,Success
32063,350,16470,2023-02-20,Success
25343,298,23952,2022-07-13,Success
9421,1705,26087,2022-08-31,Success
1486,2253,33723,2022-10-20,Success
12722,2171,14770,2023-03-26,Success
25733,203,17018,2022-09-14,Success
35396,2862,33871,2022-08-22,Success
4370,1199,32783,2023-01-20,Success
3004,2329,30236,2023-03-19,Success
20260,2556,285,2023-03-15,Success
30223,2465,31891,2022-04-08,Success
5223,1314,705,2023-01-11,Success
46402,2376,17059,2022-06-12,Success
10985,439,22627,2023-03-22,Success
42334,2088,7241,2022-11-08,Success
58939,1830,26074,2023-01-03,Success
7828,183,8897,2022-08-11,Success
6356,1537,31795,2023-03-10,Success
36775,1811,13714,2022-11-15,Success
40421,69,7606,2023-01-19,Success
10699,2747,28530,2022-09-27,Success
51295,757,15275,2023-03-13,Success
33340,711,5557,2022-04-14,Rejected by the driver
34791,624,2881,2022-09-14,Rejected by the driver
42789,1434,35310,2022-06-21,Rejected by the driver
50780,1784,19747,2022-12-06,Cancelled by the passenger
41285,1875,547,2022-06-09,Success
28790,2714,22617,2022-04-21,Success
48037,2439,38160,2023-02-15,Success
16162,1141,18679,2022-04-25,Success
44038,1648,26051,2022-08-31,Success
27300,2431,22432,2022-05-17,Success
27954,688,34953,2023-01-30,Success
45173,129,38151,2022-06-25,Success
29063,779,16827,2022-08-21,Success
51860,1192,18591,2022-04-05,Success
6579,2452,10666,2022-12-29,Cancelled by the passenger
44473,2671,36139,2023-03-25,Success
45168,1309,36321,2022-04-13,Success
27326,231,27232,2022-09-23,Rejected by the driver
44962,840,14719,2022-09-12,Success
27682,2750,15021,2022-07-04,Success
2967,1835,18848,2022-08-20,Success
13617,1704,22477,2022-12-14,Success
48315,781,28860,2022-07-18,Success
41785,1933,126,2022-07-21,Success
28563,1489,35684,2022-10-11,Success
14193,915,30267,2022-09-06,Success
17742,2482,11916,2022-08-07,Success
2133,2898,22197,2022-09-09,Success
29387,2745,20309,2022-06-13,Success
22169,373,20991,2022-04-10,Success
42503,218,10573,2022-07-30,Success
32716,1943,37817,2023-01-15,Success
18759,2311,33308,2023-01-27,Success
35836,492,24895,2022-08-14,Success
19349,2640,9795,2022-07-08,Cancelled by the passenger
39104,2730,14100,2022-10-09,Rejected by the driver
12186,2588,19159,2022-11-21,Rejected by the driver
688,1873,16400,2022-05-27,Success
2132,291,34918,2023-01-13,Success
17553,1134,24718,2022-07-28,Success
52945,1489,8398,2022-06-14,Success
49853,1574,24915,2022-08-03,Success
50645,2395,7044,2023-01-01,Success
26311,2598,8817,2023-03-10,Cancelled by the passenger
16017,813,16143,2023-01-21,Rejected by the driver
29102,1716,30652,2022-03-30,Success
38675,2707,9248,2022-12-25,Success
22398,2608,3011,2023-01-23,Success
34711,793,18140,2022-06-18,Success
48780,776,25955,2023-03-04,Success
13043,1987,6198,2022-10-14,Success
54032,2619,15191,2022-07-22,Success
31289,1138,26967,2022-07-13,Success
53388,1778,15558,2022-10-19,Success
19012,1889,26727,2022-07-04,Success
23979,1082,16225,2022-06-01,Success
28175,2761,24161,2023-03-03,Success
2519,1019,6208,2022-07-18,Success
11794,1458,34286,2022-11-11,Rejected by the driver
30851,657,7765,2022-07-04,Success
46877,1410,3120,2023-03-15,Success
43670,2765,18691,2022-12-12,Rejected by the driver
43777,2970,35078,2022-10-17,Success
53670,1247,13003,2022-05-31,Cancelled by the passenger
12603,1186,34945,2023-03-06,Success
19378,176,23885,2023-04-01,Success
49783,490,21033,2022-08-08,Success
21235,2276,12728,2022-08-23,Success
24996,752,22548,2022-04-13,Success
17937,1363,23390,2023-01-08,Success
27041,1017,23770,2022-05-14,Success
58320,2250,6502,2022-12-26,Success
46161,511,4984,2022-06-01,Success
671,2407,32436,2023-01-13,Rejected by the driver
9384,69,4252,2022-12-13,Success
14512,1997,1213,2022-12-24,Success
44100,2175,19179,2022-06-05,Rejected by the driver
31002,1983,36697,2022-04-21,Rejected by the driver
4464,1228,26005,2022-08-06,Success
35554,2336,15307,2022-06-09,Success
14722,2726,19623,2022-03-14,Cancelled by the passenger
41210,447,14612,2023-02-10,Rejected by the driver
59246,2743,33137,2023-03-15,Success
18801,1001,33311,2022-09-16,Success
33172,896,990,2023-02-03,Cancelled by the passenger
46930,196,37631,2022-10-31,Success
54834,722,23064,2023-03-24,Success
12990,2721,3142,2022-08-22,Success
20592,591,16260,2023-02-18,Success
36381,2404,21091,2022-11-02,Success
3720,1062,6379,2022-11-09,Success
18863,604,25094,2023-02-27,Cancelled by the passenger
27688,2727,6584,2022-12-01,Cancelled by the passenger
724,652,30947,2022-04-15,Success
28600,653,30666,2022-10-01,Rejected by the driver
44044,834,26435,2022-12-28,Cancelled by the passenger
56069,1059,20445,2023-03-20,Success
37882,2479,24268,2022-04-17,Success
51168,1380,39239,2022-05-16,Success
21628,700,17845,2023-01-29,Success
49334,443,31056,2022-09-05,Success
44471,987,15596,2023-01-16,Success
59954,2897,19729,2022-04-20,Success
49130,1917,31418,2022-12-24,Success
31144,1049,2676,2022-07-16,Success
43411,2014,4068,2022-09-20,Success
6801,2587,20820,2022-11-24,Success
36130,806,11132,2022-11-19,Success
55138,175,1012,2023-02-06,Success
58081,1096,36649,2022-04-06,Cancelled by the passenger
50288,2171,9823,2022-07-12,Cancelled by the passenger
31254,976,8528,2022-07-28,Cancelled by the passenger
11902,1626,1957,2022-09-16,Success
21765,2276,25797,2022-05-27,Rejected by the driver
52908,874,32231,2022-03-22,Success
14391,2333,20966,2022-08-12,Success
19879,775,24958,2022-03-31,Success
44932,2882,30611,2022-06-28,Success
10162,2494,29580,2022-04-08,Rejected by the driver
45131,693,36833,2022-05-28,Rejected by the driver
8110,1377,34941,2023-03-12,Success
44049,1385,684,2022-12-11,Rejected by the driver
21834,950,38515,2022-04-18,Cancelled by the passenger
28219,611,1678,2023-01-12,Cancelled by the passenger
37149,1458,22574,2022-10-14,Success
8711,2047,20455,2022-08-12,Success
12959,2918,10862,2022-11-18,Success
13350,720,10980,2022-03-28,Success
39806,1520,17517,2022-11-15,Rejected by the driver
19241,1804,26716,2022-11-01,Rejected by the driver
57943,984,23441,2022-08-02,Success
54494,2309,9135,2022-03-30,Rejected by the driver
13409,1181,25024,2022-10-29,Cancelled by the passenger
21487,1050,9408,2022-07-16,Success
49688,215,29810,2022-08-08,Success
52632,2072,11547,2022-10-26,Success
39101,844,28683,2022-10-21,Success
32145,1055,21272,2022-05-16,Success
31227,281,19803,2022-06-12,Success
42049,60,6228,2023-01-24,Success
51708,132,10282,2022-04-25,Cancelled by the passenger
11206,405,29361,2022-04-26,Success
20319,146,38589,2022-12-31,Rejected by the driver
35575,898,21453,2022-04-10,Rejected by the driver
48223,2931,15024,2022-05-10,Cancelled by the passenger
2322,1198,30164,2022-09-04,Success
53049,2669,31437,2022-09-26,Success
53334,25,27028,2022-08-15,Success
20125,2251,9524,2022-05-25,Success
55114,2840,5862,2022-06-13,Success
15308,1680,11983,2022-07-04,Success
6760,1044,38673,2022-11-22,Success
970,2425,37272,2023-03-02,Success
6013,52,15415,2022-08-21,Success
2740,1920,21304,2022-11-10,Success
3222,1558,14881,2022-03-16,Success
21769,309,5903,2022-08-26,Success
29918,773,39954,2023-01-28,Success
28965,1501,7464,2023-04-14,Success
2362,1185,22495,2022-07-16,Rejected by the driver
16416,2897,11538,2022-11-18,Success
25327,130,18676,2022-04-30,Success
13121,2739,4824,2022-03-18,Success
40373,1560,4967,2022-10-02,Success
38380,2125,35690,2022-11-13,Rejected by the driver
42804,2789,12589,2023-01-31,Success
17212,675,3086,2022-04-17,Success
50807,1113,2205,2022-05-07,Success
51190,1588,7727,2023-03-11,Cancelled by the passenger
49054,1294,26768,2023-03-23,Success
28746,1194,6788,2023-01-25,Success
16463,1639,35809,2022-12-19,Cancelled by the passenger
21776,2373,5270,2023-03-20,Success
17371,262,17547,2023-02-12,Success
37280,1922,32328,2023-01-24,Success
43537,1364,3173,2022-05-12,Success
2242,488,35211,2023-04-12,Success
35080,2744,28099,2022-09-15,Success
23261,2677,31892,2022-12-05,Rejected by the driver
53115,2842,14155,2022-06-25,Success
34289,2635,33727,2022-08-06,Success
9681,929,1424,2023-04-02,Cancelled by the passenger
16905,747,5754,2023-02-21,Success
29611,2879,27732,2022-10-08,Rejected by the driver
42828,2681,4141,2023-02-02,Cancelled by the passenger
35589,2577,37591,2023-02-26,Rejected by the driver
35613,69,501,2022-07-27,Success
34978,2876,18900,2023-02-19,Success
26933,1175,13177,2022-04-09,Success
9644,2127,4073,2022-07-16,Rejected by the driver
7487,2950,31919,2023-02-15,Cancelled by the passenger
29544,2709,20162,2022-04-19,Success
10815,2949,26734,2023-02-21,Success
35793,1864,31309,2022-03-22,Success
46645,2931,28495,2022-06-26,Success
29629,2998,2523,2022-04-30,Success
34667,895,6872,2022-10-27,Rejected by the driver
56675,2925,2326,2023-01-23,Rejected by the driver
4611,2506,31728,2022-04-29,Success
36449,820,35746,2022-03-25,Success
17825,606,5584,2022-12-28,Success
57577,2634,20063,2022-08-13,Cancelled by the passenger
42450,1330,17221,2022-06-29,Success
30039,1293,33242,2023-02-14,Success
32897,201,31938,2022-10-07,Cancelled by the passenger
57582,1026,32923,2022-09-03,Success
4681,404,7760,2022-08-21,Rejected by the driver
58604,1575,9028,2023-03-24,Rejected by the driver
11976,2139,13430,2022-03-19,Success
25779,2192,8710,2022-11-01,Success
14693,985,3509,2022-11-21,Success
42989,1101,15053,2022-08-29,Success
43391,154,20765,2022-11-28,Success
21969,1750,26220,2022-10-28,Success
42038,882,14532,2022-03-12,Rejected by the driver
11548,2381,34657,2022-10-03,Success
12769,2833,16905,2022-05-16,Rejected by the driver
35688,111,17724,2022-09-30,Success
11868,1891,22223,2023-04-03,Success
57870,473,22081,2023-03-06,Success
29941,632,32890,2023-01-17,Rejected by the driver
21680,1416,38214,2023-03-21,Success
11756,2988,32413,2022-07-14,Success
15979,1462,5448,2022-05-14,Rejected by the driver
30327,173,20242,2022-03-27,Success
44573,595,27085,2022-08-16,Success
28843,1010,17715,2022-10-02,Success
4693,2987,1506,2022-04-18,Rejected by the driver
52968,1739,16124,2022-08-11,Success
3043,1693,35740,2022-04-11,Cancelled by the passenger
38259,2772,25558,2022-09-30,Success
36232,1520,2435,2022-06-27,Success
57448,496,28684,2022-10-28,Success
340,2498,32966,2023-04-03,Rejected by the driver
8128,2832,3626,2023-04-09,Success
57334,2090,23198,2022-04-19,Cancelled by the passenger
50646,304,22523,2022-05-06,Cancelled by the passenger
39245,1487,18402,2022-03-25,Success
59213,549,29249,2022-06-17,Success
31313,2069,8315,2022-09-30,Cancelled by the passenger
49686,2359,37586,2022-12-22,Success
58519,124,28719,2022-10-29,Success
15061,2207,20365,2022-10-02,Cancelled by the passenger
21748,1069,1947,2022-03-23,Rejected by the driver
43299,791,22881,2022-09-15,Rejected by the driver
3214,1793,19486,2022-07-13,Success
10848,1713,37076,2022-06-29,Success
11092,1907,34011,2022-09-02,Success
10384,702,15331,2022-09-27,Success
15202,2201,1497,2022-05-14,Success
55078,2974,36244,2022-12-02,Success
2727,826,17864,2022-11-22,Success
39954,1893,6134,2022-12-23,Rejected by the driver
46512,1018,17324,2022-07-20,Cancelled by the passenger
25,2382,5144,2022-11-17,Success
58126,2549,39101,2023-01-18,Rejected by the driver
43643,702,32208,2023-04-04,Success
28058,2315,12942,2022-08-26,Cancelled by the passenger
4467,1833,1521,2022-05-16,Success
32136,1552,28112,2022-06-30,Cancelled by the passenger
33966,2716,32492,2022-06-10,Rejected by the driver
12820,92,1083,2022-10-14,Cancelled by the passenger
5307,2504,9584,2022-04-15,Success
39529,2400,38847,2022-06-21,Success
46626,2994,7246,2022-07-09,Success
31075,2397,28514,2022-11-23,Rejected by the driver
59223,528,36248,2022-11-10,Rejected by the driver
57796,679,23934,2022-04-07,Success
50145,2007,8223,2022-10-10,Success
45736,1594,25606,2022-10-03,Success
28109,1254,22377,2022-07-16,Success
54001,36,12253,2022-04-15,Rejected by the driver
50794,2284,21230,2022-12-23,Success
9428,534,17018,2022-07-13,Success
53965,2481,14164,2022-11-21,Success
38074,2742,20544,2023-01-21,Success
35659,2923,878,2022-03-18,Success
1917,2428,37769,2023-01-23,Success
16263,2306,726,2023-01-31,Rejected by the driver
1378,1880,730,2023-01-12,Success
25087,674,33268,2023-01-28,Success
18512,2624,4292,2023-02-23,Success
35577,994,3145,2022-05-23,Success
2143,656,2850,2022-03-28,Success
13274,2901,12974,2022-07-29,Success
7078,126,27940,2022-06-08,Success
24844,879,8619,2022-12-09,Success
20175,1528,26677,2022-04-27,Success
30120,1573,36109,2022-06-28,Rejected by the driver
13725,2326,25425,2022-08-11,Success
25816,257,12340,2023-03-15,Success
23642,1210,4255,2022-09-19,Cancelled by the passenger
40864,240,25088,2022-08-25,Success
36322,531,8354,2022-07-19,Success
28969,154,25221,2022-11-06,Rejected by the driver
22459,351,32362,2022-12-29,Success
24324,2726,17568,2022-06-01,Success
44436,7,37348,2023-03-09,Success
44542,359,34946,2023-04-04,Success
41898,121,30580,2023-01-01,Cancelled by the passenger
59816,1219,18182,2022-05-07,Success
56117,1506,3641,2022-04-04,Success
25288,2697,23286,2022-07-26,Success
9509,229,21340,2022-12-23,Success
19901,929,18122,2022-09-11,Rejected by the driver
27224,2322,16814,2023-02-17,Success
22611,600,9595,2022-10-27,Success
39328,820,39170,2022-10-17,Success
24350,2731,18399,2022-09-26,Success
25830,1713,16345,2022-11-14,Success
7362,1500,22689,2023-01-19,Cancelled by the passenger
1301,1628,10920,2022-06-20,Success
20011,1674,16692,2022-04-18,Success
48128,552,8754,2022-12-16,Success
38781,2059,10146,2022-04-01,Rejected by the driver
7163,703,125,2022-07-11,Success
49617,2055,7187,2022-11-14,Success
57273,2408,2713,2023-04-07,Success
32741,500,3831,2022-10-22,Success
4400,2463,8742,2023-02-06,Rejected by the driver
11810,30,33884,2022-12-14,Success
26819,125,34709,2022-11-27,Success
19043,1803,3248,2023-01-08,Success
37457,1784,38424,2023-04-06,Success
46334,914,13250,2022-05-06,Success
27113,1957,12346,2022-12-11,Success
8240,2139,2842,2022-06-21,Success
42562,1361,21434,2022-08-15,Success
9118,2885,3526,2022-07-31,Success
53384,1590,6472,2022-12-23,Success
18078,2554,6222,2022-08-14,Success
18086,910,29086,2022-09-23,Success
28365,1194,25758,2023-03-03,Success
18573,1866,31152,2022-06-15,Cancelled by the passenger
12353,2120,38751,2023-04-03,Success
40367,1327,21297,2022-06-16,Success
1437,2516,35433,2022-06-14,Success
35705,1396,9010,2022-04-11,Success
17539,1670,21297,2022-10-22,Success
25153,1934,2978,2022-07-30,Success
15070,2533,39146,2023-01-31,Success
57628,237,21065,2022-09-24,Success
16238,2166,32588,2022-12-04,Success
19609,2458,7171,2022-09-29,Cancelled by the passenger
5564,1942,27966,2022-05-19,Success
51647,2380,33686,2022-11-12,Success
45491,329,2590,2022-10-06,Success
43202,1560,34728,2022-12-13,Success
33695,520,11238,2022-07-17,Success
12986,823,35678,2022-07-16,Rejected by the driver
16308,998,36702,2022-06-09,Success
26675,386,12429,2022-03-28,Success
10554,1374,5562,2022-10-02,Success
20688,783,10947,2022-10-10,Success
41292,2225,13720,2022-07-08,Success
5297,789,25678,2022-09-10,Success
25541,1257,18193,2022-09-16,Rejected by the driver
6332,2618,8884,2022-10-04,Success
30945,823,27969,2022-08-07,Success
3977,1918,32158,2023-01-06,Success
51558,1924,11119,2022-04-09,Rejected by the driver
8100,2733,28625,2022-12-11,Success
40331,1417,397,2022-07-11,Rejected by the driver
59314,2668,34069,2023-01-24,Success
8435,2611,34849,2022-07-22,Success
43655,2777,33007,2022-09-17,Success
4921,1826,37910,2023-02-25,Cancelled by the passenger
33731,1638,39998,2022-08-18,Success
57727,1616,2008,2022-07-05,Success
40900,844,14401,2022-06-27,Success
26446,980,503,2022-04-21,Success
24627,404,10870,2022-11-10,Success
40815,122,927,2023-03-16,Success
45580,232,4148,2022-05-03,Cancelled by the passenger
38887,2900,17307,2023-01-22,Success
40140,1749,26582,2022-11-10,Success
53959,2044,16267,2022-07-30,Success
56131,1962,38675,2022-07-11,Success
47249,1142,25490,2022-08-14,Success
13220,103,19151,2022-08-05,Success
57147,118,38313,2022-10-01,Success
32208,777,1489,2022-12-03,Success
46436,1824,20118,2022-12-12,Success
5823,2908,17906,2023-02-12,Success
36963,962,34058,2022-08-10,Success
54081,2275,36491,2023-04-15,Success
26585,2386,11962,2022-11-25,Success
37097,51,28717,2022-05-26,Rejected by the driver
46715,2930,31427,2023-01-10,Cancelled by the passenger
37334,1669,7583,2022-06-14,Success
20948,1324,11920,2022-12-29,Success
12311,1067,38545,2022-05-23,Success
28308,1466,18237,2023-01-03,Cancelled by the passenger
16676,2776,3597,2023-04-02,Success
35146,1617,35108,2023-01-06,Success
29976,2081,4772,2022-07-29,Success
30963,269,32821,2023-03-30,Success
42557,2464,34105,2023-03-22,Cancelled by the passenger
57145,153,13582,2022-12-10,Success
27698,2546,3572,2022-03-13,Success
42301,455,32144,2023-03-03,Success
2846,1079,37858,2023-04-15,Success
15747,1523,37410,2022-11-01,Cancelled by the passenger
10880,457,170,2022-03-26,Success
27045,2428,38244,2022-07-22,Cancelled by the passenger
40382,350,26965,2022-11-13,Success
25921,1105,26960,2023-01-02,Rejected by the driver
34697,240,29937,2022-05-24,Rejected by the driver
26115,2021,4192,2022-06-22,Success
51066,875,15849,2022-07-25,Success
39832,53,22007,2022-07-29,Success
9152,831,10301,2022-12-30,Success
46704,2983,13688,2022-05-19,Success
13550,2615,7122,2022-03-30,Success
28164,328,30188,2022-07-05,Success
33540,1878,22137,2022-07-26,Rejected by the driver
36570,1366,22929,2022-11-27,Cancelled by the passenger
52412,1112,10543,2022-11-08,Success
56037,2345,22863,2022-05-03,Success
39327,2421,25488,2022-12-12,Cancelled by the passenger
42812,245,11723,2023-01-18,Success
32279,2952,22718,2022-12-20,Success
9290,2348,10102,2022-10-26,Cancelled by the passenger
46803,2257,6710,2023-03-15,Success
29767,2533,1377,2022-06-07,Success
1792,880,6422,2022-11-01,Success
42757,2565,10660,2023-01-26,Cancelled by the passenger
19449,2981,20588,2022-08-29,Success
54631,1155,25412,2023-03-19,Cancelled by the passenger
969,2889,36151,2022-11-12,Success
27871,2061,36282,2022-03-18,Success
22291,259,9234,2022-07-21,Success
10575,417,32282,2023-01-13,Success
51449,823,9740,2022-04-01,Success
23495,671,6143,2022-04-27,Success
8105,2708,6396,2022-04-18,Success
4960,119,16156,2022-08-23,Success
13184,192,12498,2023-03-05,Success
36277,514,19519,2022-09-13,Rejected by the driver
41139,1205,12997,2023-03-17,Success
55781,236,25629,2022-08-20,Success
12105,2672,10649,2023-02-28,Success
3539,2077,27186,2022-12-23,Rejected by the driver
4890,1693,6798,2023-03-24,Rejected by the driver
56452,1971,2810,2022-05-02,Success
29897,2564,8198,2023-02-25,Cancelled by the passenger
49485,2243,19017,2022-05-27,Rejected by the driver
24831,1545,15513,2023-01-31,Rejected by the driver
23083,2352,9393,2022-11-26,Success
36375,2500,20354,2022-06-16,Cancelled by the passenger
54838,1350,12808,2022-03-22,Success
29104,193,11795,2023-01-25,Success
23404,1962,22750,2022-11-30,Success
30179,1803,14953,2022-10-11,Success
39,2787,24972,2022-03-18,Success
40302,1883,29242,2022-10-14,Cancelled by the passenger
40565,834,1813,2022-05-31,Success
44729,2006,31990,2022-12-18,Success
25520,1256,3439,2022-06-21,Success
25870,1635,27297,2022-05-21,Success
6935,703,33028,2022-07-30,Success
12591,727,25437,2022-07-08,Success
10563,1944,15269,2022-05-22,Success
18743,2573,39217,2022-07-24,Rejected by the driver
57118,1917,33741,2022-05-27,Success
57525,1835,25337,2022-09-01,Success
30993,2599,21209,2022-07-02,Success
41310,1635,11333,2022-12-21,Success
47340,1779,29165,2022-11-01,Success
10696,2267,22510,2022-12-05,Success
7275,1098,6291,2023-02-11,Success
36950,2049,37360,2022-05-16,Success
24171,1700,37593,2023-01-27,Success
44347,1519,31808,2023-01-05,Success
25275,2894,5814,2023-04-01,Cancelled by the passenger
30871,757,12167,2022-03-31,Success
45535,2679,37562,2022-09-15,Success
56846,2585,8680,2022-11-05,Success
26706,2409,22168,2023-02-02,Success
39517,180,39228,2022-12-09,Rejected by the driver
21449,417,27750,2023-01-11,Success
33075,1799,26998,2022-03-13,Rejected by the driver
2645,942,9928,2022-11-26,Cancelled by the passenger
47570,1379,22385,2023-03-15,Success
59636,403,15086,2022-04-13,Success
33550,1256,24002,2022-06-24,Success
56372,872,26905,2022-07-05,Success
29589,1467,17470,2022-08-19,Success
18680,860,6711,2023-01-25,Success
5000,2307,19915,2023-03-29,Rejected by the driver
56963,2977,34946,2023-01-05,Success
44903,2693,14270,2023-01-23,Cancelled by the passenger
56422,2823,30864,2022-09-22,Rejected by the driver
12494,470,26200,2022-06-15,Success
25483,1460,19990,2023-01-18,Success
39499,2034,2637,2022-12-15,Success
8784,495,3483,2022-04-12,Success
32416,2538,26528,2022-04-03,Rejected by the driver
28822,2288,16707,2022-11-06,Success
23574,1869,22482,2022-08-09,Success
59093,1038,28953,2022-10-19,Rejected by the driver
39298,669,5941,2022-04-22,Cancelled by the passenger
4159,1423,18885,2022-05-22,Success
46703,1233,17712,2022-08-02,Success
15697,663,18922,2022-12-18,Success
35632,2840,34390,2023-04-10,Success
58932,1625,38620,2022-07-27,Success
18642,2806,11537,2022-05-31,Success
43190,2962,13577,2022-08-05,Success
13538,1483,15215,2022-05-06,Success
34064,334,17706,2022-05-30,Success
12071,1821,13320,2023-01-20,Success
33694,805,15483,2023-03-26,Cancelled by the passenger
25492,282,16581,2023-02-01,Success
16031,391,1207,2022-12-26,Cancelled by the passenger
31021,831,10548,2022-05-06,Success
2364,394,6288,2022-05-02,Success
1634,2254,6200,2023-02-27,Success
21578,1505,36839,2023-04-01,Success
51507,578,15787,2022-11-28,Success
4414,2466,4151,2022-05-06,Success
57891,2382,2007,2022-10-26,Cancelled by the passenger
49013,2788,3139,2022-03-12,Cancelled by the passenger
45276,288,5164,2023-02-06,Success
24444,1571,16806,2022-06-09,Success
26239,1234,33220,2022-06-27,Success
26989,2810,3210,2022-12-07,Rejected by the driver
38033,1331,30725,2022-06-25,Cancelled by the passenger
4376,941,3243,2022-11-14,Success
34830,2162,20836,2022-05-02,Success
30866,2045,10116,2022-05-11,Success
21527,1382,2064,2022-12-25,Rejected by the driver
20748,604,26228,2022-10-14,Success
608,2338,36381,2022-09-01,Success
3476,25,8617,2022-04-29,Success
25137,789,135,2022-04-29,Success
55019,1661,38483,2022-12-15,Success
7115,663,38334,2022-10-20,Success
498,1757,35082,2022-03-25,Success
34387,682,34358,2022-08-04,Success
19203,1493,14028,2022-12-26,Cancelled by the passenger
30020,1354,22442,2022-10-27,Success
47951,2490,22439,2022-10-22,Success
24960,2601,16783,2023-02-02,Cancelled by the passenger
51711,2447,38858,2022-10-29,Success
43139,507,14619,2023-02-14,Success
24227,967,24659,2022-06-28,Cancelled by the passenger
24124,2712,29657,2023-03-03,Rejected by the driver
33428,475,7972,2023-04-06,Success
31274,1039,19056,2023-02-23,Success
56573,2885,36873,2023-03-20,Success
3088,1368,14728,2022-08-07,Success
31892,2751,39483,2023-03-26,Success
36040,308,26407,2022-12-17,Success
41933,1799,16564,2022-10-22,Success
53067,374,6893,2023-02-02,Success
27141,167,8977,2022-12-25,Success
36357,800,38205,2023-02-11,Success
5009,1699,39514,2022-05-21,Success
24485,315,34891,2022-05-03,Success
59027,57,14692,2023-03-26,Success
30273,1354,7987,2022-11-05,Success
19520,558,18609,2022-06-13,Success
28233,1904,20355,2023-03-06,Success
45849,1478,5615,2022-03-20,Success
30611,1285,28239,2022-05-16,Success
20851,1875,21188,2022-12-07,Success
1436,1571,7295,2022-05-25,Success
46245,1263,4898,2023-03-11,Success
39554,125,126,2023-01-21,Success
46663,1146,18417,2023-01-09,Success
10896,2118,18558,2022-07-07,Cancelled by the passenger
20893,756,36158,2022-07-27,Success
5163,1030,13706,2022-07-03,Success
15628,359,23091,2023-03-17,Success
3954,460,5214,2022-06-11,Success
55778,719,13623,2022-11-20,Success
29591,1931,473,2022-06-01,Rejected by the driver
17056,1699,21465,2022-08-11,Rejected by the driver
45442,1729,14447,2023-02-02,Success
38399,1909,4164,2022-05-28,Success
59073,1611,36129,2022-12-28,Success
46533,814,38625,2022-03-27,Rejected by the driver
37709,988,21700,2022-10-11,Success
24334,1701,10952,2022-06-14,Success
52460,1582,278,2022-08-01,Success
46850,309,20600,2022-09-28,Rejected by the driver
56255,1222,8339,2022-03-21,Success
22497,791,4070,2023-02-10,Rejected by the driver
34930,2620,30762,2022-06-06,Cancelled by the passenger
25611,56,32940,2022-10-19,Success
36727,1656,18706,2022-03-15,Success
3834,140,2672,2022-05-08,Success
46548,2968,27570,2022-07-02,Success
49340,2904,23272,2022-11-12,Success
51427,559,24336,2023-01-07,Success
50215,791,33577,2022-04-13,Success
22300,988,35747,2022-03-20,Success
53608,2729,14388,2022-10-18,Success
5838,429,29528,2022-05-02,Rejected by the driver
50293,1846,9332,2022-07-08,Success
13851,1425,3066,2023-04-14,Success
16764,2889,32105,2022-10-24,Success
58948,171,18606,2022-03-18,Success
55724,1991,987,2022-11-27,Cancelled by the passenger
50197,1915,33961,2023-03-03,Rejected by the driver
3995,788,38088,2023-04-11,Success
34554,1375,33420,2022-03-16,Success
40545,1045,23915,2022-08-03,Cancelled by the passenger
29423,2022,11680,2022-07-25,Rejected by the driver
27824,1254,2325,2022-10-31,Rejected by the driver
59856,1980,30266,2022-10-02,Success
21993,1145,3435,2022-05-08,Success
46594,2558,29611,2022-10-28,Success
30791,943,32078,2022-11-12,Success
27133,1412,31815,2022-08-01,Success
22083,460,28890,2022-03-30,Success
53436,1195,10613,2022-09-03,Cancelled by the passenger
53167,2915,8472,2022-11-05,Success
23292,1354,36041,2022-09-30,Success
14657,1288,7915,2022-10-07,Success
45974,2644,8914,2022-12-02,Success
24934,595,3470,2022-11-09,Success
45979,879,22508,2022-06-04,Success
24736,2729,30215,2023-02-05,Cancelled by the passenger
27520,1501,26630,2023-02-20,Rejected by the driver
47059,2120,15965,2022-11-06,Success
3827,493,35795,2022-04-06,Success
26924,118,36656,2022-11-26,Success
27913,1636,30826,2022-09-21,Success
35571,991,23498,2022-06-07,Success
33532,248,33329,2022-06-13,Success
699,2701,37729,2022-09-01,Rejected by the driver
47921,1394,177,2022-08-16,Success
32676,2561,21411,2023-03-13,Success
26601,1116,23178,2022-05-13,Success
50287,166,20518,2022-12-22,Success
11856,2397,7740,2022-10-10,Cancelled by the passenger
54822,2764,21764,2022-10-23,Success
9884,224,10447,2022-10-24,Success
26516,1058,7062,2022-11-29,Rejected by the driver
29705,1326,33668,2023-03-12,Success
49868,1070,34141,2022-05-10,Success
25839,2444,16506,2022-06-14,Success
24162,2128,18464,2022-03-17,Success
44290,2351,7107,2022-06-29,Success
31951,2924,3524,2023-04-13,Success
54485,1644,23683,2022-05-04,Cancelled by the passenger
40678,1850,33834,2022-08-21,Rejected by the driver
31733,288,14743,2022-10-15,Rejected by the driver
21868,975,7279,2022-06-02,Rejected by the driver
14894,2668,26105,2022-12-18,Rejected by the driver
2131,1984,28350,2022-11-24,Success
36910,1769,37814,2022-08-10,Rejected by the driver
38715,2145,30288,2023-03-21,Rejected by the driver
43766,1523,21831,2022-10-05,Success
53576,1501,37705,2022-05-09,Success
10466,1149,23241,2022-04-06,Success
42884,562,23913,2023-02-25,Cancelled by the passenger
50258,1226,659,2023-03-18,Success
6879,1568,628,2023-03-21,Success
27860,2633,23958,2023-02-20,Success
27481,363,3306,2022-07-02,Success
41853,1203,1913,2022-09-15,Success
38993,1337,5137,2022-06-06,Success
29122,2789,1631,2022-11-27,Success
51867,1951,31131,2023-02-16,Success
36935,2382,20019,2023-03-09,Success
58664,143,12568,2022-04-02,Cancelled by the passenger
10493,1623,14844,2022-06-30,Success
31040,701,31959,2022-06-09,Cancelled by the passenger
11860,1630,9052,2023-03-15,Cancelled by the passenger
18803,2276,35182,2022-03-27,Success
27361,1050,9,2022-09-11,Success
27473,2560,24196,2022-07-28,Success
14305,1053,16514,2022-04-13,Cancelled by the passenger
46716,305,23700,2022-10-30,Success
55881,599,17656,2022-06-13,Success
23721,2262,9891,2023-03-20,Cancelled by the passenger
43517,2420,10383,2022-04-26,Rejected by the driver
59067,2849,5007,2022-07-31,Success
10806,680,5864,2022-10-27,Success
34510,1952,35473,2022-04-18,Cancelled by the passenger
18055,2139,30644,2023-02-28,Rejected by the driver
30664,700,18968,2022-04-05,Success
50566,2079,22006,2023-02-25,Success
42163,1548,797,2022-09-02,Success
41509,2776,29301,2023-01-13,Cancelled by the passenger
28412,1171,18167,2022-03-23,Success
879,1754,3573,2023-04-04,Rejected by the driver
49551,394,34686,2022-08-12,Success
31902,338,33613,2022-05-14,Rejected by the driver
38499,538,34982,2023-01-30,Rejected by the driver
39485,1973,26827,2023-02-23,Success
45576,1476,37457,2022-05-16,Success
13426,567,12458,2022-12-25,Success
55923,2932,5158,2023-02-10,Rejected by the driver
34686,389,14496,2022-10-04,Rejected by the driver
13334,1448,35150,2022-09-04,Rejected by the driver
16079,2034,22229,2022-12-12,Cancelled by the passenger
55833,1603,26645,2022-05-08,Success
21644,1387,3711,2022-09-21,Rejected by the driver
54466,584,24006,2022-09-27,Rejected by the driver
36200,2520,14228,2022-10-30,Rejected by the driver
57411,1551,25317,2023-01-19,Rejected by the driver
28200,1427,32884,2022-06-05,Success
58737,2228,27502,2022-03-15,Success
10539,1695,20149,2023-02-13,Success
5647,597,2693,2022-10-03,Success
58487,1390,23754,2023-01-09,Rejected by the driver
55192,2438,22551,2023-03-01,Success
17867,2956,16500,2022-05-16,Success
38529,357,33286,2022-12-16,Cancelled by the passenger
31925,1402,4732,2023-04-07,Success
3192,1465,726,2022-10-17,Success
23627,1813,14963,2022-04-13,Rejected by the driver
17610,2210,37452,2023-04-12,Rejected by the driver
33755,1016,33052,2022-12-22,Success
57862,1414,28277,2022-12-06,Success
4617,2134,36932,2022-07-16,Success
8622,580,28234,2022-11-12,Success
43274,1964,1823,2022-12-31,Success
3087,2514,34413,2023-01-28,Success
53902,2268,21439,2022-06-03,Success
8846,1105,28774,2023-03-14,Success
4513,2739,33014,2022-08-12,Rejected by the driver
26960,2549,5384,2022-06-24,Success
6289,1057,24201,2022-10-29,Success
55868,2167,35730,2022-12-02,Success
57385,849,25987,2023-02-08,Success
26529,2392,25232,2022-03-24,Success
48684,2578,32173,2022-10-21,Success
23651,1030,4584,2022-03-16,Success
48433,60,8053,2022-11-23,Success
40661,384,14328,2022-07-31,Success
29819,1337,28429,2022-12-11,Success
55247,2145,22958,2022-03-13,Rejected by the driver
17244,2496,36860,2022-09-28,Success
19872,2661,38652,2022-06-23,Success
12395,2813,25632,2022-07-09,Rejected by the driver
53210,2519,17951,2022-05-06,Success
23086,1538,23121,2023-02-09,Success
50998,2261,37999,2022-07-30,Success
40536,183,9734,2022-04-23,Success
41677,826,21974,2022-12-13,Success
8872,610,32231,2023-02-16,Success
27641,2080,5602,2023-04-06,Cancelled by the passenger
5799,564,13797,2022-07-19,Success
43759,1529,19691,2022-08-22,Success
30354,2506,5219,2023-02-16,Success
52828,2971,25878,2022-07-09,Success
1749,1651,13520,2022-07-19,Success
54219,662,3274,2023-02-22,Success
30109,1099,33766,2022-04-04,Success
17986,7,29376,2023-03-14,Rejected by the driver
39683,2854,6246,2022-06-29,Rejected by the driver
26344,442,28996,2022-12-24,Rejected by the driver
44424,771,27861,2022-05-03,Success
27842,2507,26909,2023-03-20,Cancelled by the passenger
26203,1081,38949,2022-06-24,Rejected by the driver
19184,544,21282,2023-02-11,Success
40246,1502,14922,2023-01-17,Success
26947,2373,28339,2023-01-02,Success
15795,1671,36137,2022-09-24,Success
23068,1681,27694,2023-01-19,Rejected by the driver
9628,1793,790,2023-02-20,Success
25726,2998,16520,2022-04-05,Cancelled by the passenger
40433,69,27170,2022-06-10,Success
8965,637,8720,2023-01-03,Success
34578,1796,32940,2022-07-27,Success
21337,2474,3637,2022-09-02,Success
54655,1550,30509,2022-04-30,Rejected by the driver
27442,2647,17812,2023-02-16,Success
38517,2556,9078,2022-05-24,Success
10430,581,5386,2023-01-08,Success
26708,244,30641,2023-01-15,Success
8372,1831,32377,2022-09-16,Success
48788,1055,20340,2022-09-29,Success
19458,1851,18645,2023-02-22,Rejected by the driver
42149,1910,8714,2022-07-25,Success
32720,1549,21134,2022-04-05,Success
477,2359,29565,2023-03-12,Success
32575,1025,27786,2023-03-02,Rejected by the driver
18760,1147,13303,2022-12-04,Success
42391,676,31652,2022-09-11,Cancelled by the passenger
42583,2852,23064,2022-08-05,Success
934,1846,4344,2023-03-25,Success
8623,38,35787,2022-12-10,Success
40440,2703,12721,2022-06-20,Success
44713,2036,27407,2022-04-12,Success
33311,1207,23956,2023-02-15,Cancelled by the passenger
49463,2583,5147,2022-05-12,Success
43164,1149,25837,2022-07-17,Success
12281,2708,16442,2022-05-16,Success
35193,2022,18758,2022-07-05,Success
5105,572,20025,2023-03-10,Success
35822,607,3541,2023-02-22,Success
18825,2073,16680,2022-04-09,Cancelled by the passenger
50815,1125,15105,2022-04-02,Success
56208,2597,18263,2022-03-19,Success
17946,1725,23672,2022-08-22,Success
57078,1057,20686,2022-09-20,Success
16951,2030,25900,2022-06-15,Success
32903,1866,34317,2022-12-11,Success
24947,1062,4613,2022-09-22,Success
53085,1500,17166,2022-05-14,Rejected by the driver
58339,266,35714,2022-06-03,Rejected by the driver
38344,2361,7275,2022-06-05,Success
46577,817,27802,2022-05-14,Success
32027,2194,37956,2023-01-20,Success
29858,2019,4208,2022-09-30,Success
3465,1810,32397,2023-03-27,Rejected by the driver
54292,77,38981,2023-01-13,Success
38265,787,22831,2022-04-09,Success
34715,814,19459,2022-07-15,Rejected by the driver
39454,2611,20647,2023-04-07,Success
3762,5,20198,2023-03-20,Cancelled by the passenger
47501,1282,9172,2022-07-25,Cancelled by the passenger
45167,782,36260,2022-04-16,Success
45953,2030,33481,2022-10-28,Cancelled by the passenger
24829,2433,28742,2022-05-26,Success
35,1774,21759,2022-10-13,Success
46038,1288,37514,2022-07-02,Cancelled by the passenger
53008,1669,13431,2022-04-26,Success
54688,2606,12033,2022-09-09,Success
33384,2568,11510,2022-09-21,Success
26226,2436,39090,2023-02-26,Success
40202,2101,18070,2023-02-28,Success
20527,1218,16318,2023-02-10,Cancelled by the passenger
8424,2179,38891,2023-04-09,Success
58918,1421,1573,2022-04-14,Success
20941,1089,15484,2022-06-23,Success
26941,1706,16492,2022-12-03,Success
32732,2148,23691,2022-12-24,Cancelled by the passenger
2708,1553,2853,2022-12-09,Cancelled by the passenger
18006,2530,21698,2023-02-28,Rejected by the driver
12072,1683,33758,2023-03-11,Success
54839,108,37501,2022-03-24,Success
54453,1114,12954,2022-07-20,Success
13986,2395,17447,2023-04-15,Success
38601,1657,26743,2023-01-21,Rejected by the driver
51296,989,24833,2022-07-31,Success
35520,723,37526,2022-07-01,Success
45003,2500,27310,2022-07-06,Cancelled by the passenger
44088,432,7986,2023-01-14,Success
21201,910,1309,2022-12-26,Success
6844,2573,29855,2023-02-26,Success
10803,2131,31361,2023-04-14,Success
40029,358,1159,2022-12-29,Success
53309,2577,17414,2022-04-08,Success
11698,992,36075,2022-09-21,Success
35739,2893,1846,2022-08-12,Rejected by the driver
4196,2921,30364,2022-06-07,Success
40497,2208,20721,2022-12-18,Success
54077,2667,37695,2023-01-25,Success
44508,997,35720,2022-03-18,Success
54950,1584,31228,2022-03-14,Success
49823,2805,38725,2022-11-28,Success
18615,976,10824,2022-07-28,Cancelled by the passenger
13495,1574,38460,2022-08-30,Rejected by the driver
28092,615,21697,2022-05-08,Success
31141,674,34917,2022-11-22,Rejected by the driver
12843,397,19902,2022-06-11,Success
26358,1844,38306,2022-05-01,Success
31163,1403,5857,2022-07-14,Success
12323,1327,9459,2022-04-05,Success
24589,744,32945,2022-08-11,Success
32810,209,27200,2022-11-16,Success
1938,2854,25630,2023-04-14,Success
29539,381,12836,2023-03-25,Success
35050,1517,3314,2022-10-11,Success
6144,2998,39136,2022-05-10,Success
31737,1717,23110,2022-11-21,Success
21536,1776,17436,2022-06-15,Success
27418,2962,5580,2023-03-29,Success
47164,2289,8566,2022-03-22,Success
48299,2653,29470,2022-04-24,Success
46369,1494,22124,2022-09-06,Success
37530,2796,26662,2022-12-30,Rejected by the driver
1106,2379,27370,2023-04-15,Success
26950,946,26614,2023-02-24,Success
8504,2034,14412,2023-02-20,Rejected by the driver
53964,57,11655,2022-12-13,Cancelled by the passenger
14904,2112,10061,2022-12-28,Success
46565,591,28456,2023-03-09,Success
25052,990,10054,2023-01-01,Success
10510,2601,10631,2023-04-11,Rejected by the driver
37180,1460,8095,2023-01-09,Success
15037,2046,8151,2022-04-23,Success
36582,1320,37699,2022-10-21,Success
18872,2723,23533,2023-02-16,Rejected by the driver
52780,2428,4063,2023-01-26,Success
11762,1666,34524,2023-03-21,Success
47435,273,7124,2022-05-28,Rejected by the driver
20758,154,15695,2022-07-02,Success
15970,2304,22682,2022-05-24,Success
34899,1998,23412,2023-03-29,Success
4468,949,5570,2022-07-10,Cancelled by the passenger
51668,1230,21632,2022-07-20,Success
41952,2762,31181,2022-09-01,Success
16101,893,36461,2022-07-23,Success
26318,2892,649,2022-04-09,Success
8036,309,18660,2022-11-05,Cancelled by the passenger
17620,1002,31786,2023-04-01,Cancelled by the passenger
26721,944,37585,2022-06-07,Success
52941,1869,14932,2023-01-31,Rejected by the driver
19994,1043,9756,2022-06-24,Success
18891,2013,18532,2023-03-02,Success
44396,1249,24818,2022-11-23,Success
14981,2234,15584,2022-07-25,Success
33893,703,6006,2022-10-25,Success
35021,1091,28304,2023-03-12,Success
47893,1099,39888,2022-05-31,Success
26473,2331,37513,2022-09-08,Rejected by the driver
40810,1089,31946,2022-09-20,Success
48686,2937,3971,2022-05-09,Success
7296,1130,36118,2023-03-01,Success
25244,2944,1904,2022-03-23,Success
3844,1639,22057,2022-12-25,Cancelled by the passenger
12257,2872,19696,2022-07-13,Success
1020,586,548,2022-07-05,Success
59948,823,20002,2022-06-30,Success
3402,2538,39959,2022-05-08,Success
1694,1236,20152,2022-05-23,Success
21255,970,11527,2022-11-22,Rejected by the driver
49666,1662,29234,2022-11-01,Success
50519,1227,23187,2022-05-30,Success
34472,723,16348,2023-02-25,Rejected by the driver
12682,661,39955,2022-10-23,Success
12399,351,10512,2022-06-06,Success
1515,1193,12667,2023-03-17,Success
20208,819,36359,2022-07-19,Success
49968,1679,17229,2022-06-15,Rejected by the driver
33874,1954,9700,2022-11-04,Success
1598,2923,7221,2022-11-25,Success
16281,1998,36942,2022-08-31,Success
38798,578,2561,2022-06-14,Success
56543,664,36484,2023-02-06,Success
43237,2116,16747,2022-06-27,Rejected by the driver
57484,1427,3713,2022-10-20,Success
1394,702,7154,2022-05-18,Success
18307,804,30194,2022-11-15,Success
47675,1119,17887,2023-04-09,Rejected by the driver
31524,770,29548,2022-07-19,Success
1511,2912,9318,2022-10-15,Success
4485,1701,6058,2023-01-03,Success
15511,1310,20433,2022-04-06,Success
24194,1257,35242,2022-03-30,Rejected by the driver
6320,416,19806,2022-03-16,Success
52892,359,12961,2022-09-13,Rejected by the driver
45803,293,5226,2022-04-05,Success
18438,169,18796,2022-06-12,Cancelled by the passenger
26740,1907,32011,2022-11-23,Success
8554,2669,33636,2022-12-20,Success
25085,40,3516,2022-06-14,Rejected by the driver
2461,2301,13385,2023-02-06,Success
26830,763,10369,2022-12-04,Rejected by the driver
52901,2863,24894,2023-03-02,Success
27732,1537,8612,2023-01-18,Success
50009,578,3984,2022-11-15,Rejected by the driver
38373,2557,27282,2022-09-24,Success
33345,1923,37281,2022-06-07,Success
11645,2884,35250,2022-05-15,Rejected by the driver
33664,2282,8654,2022-04-28,Success
9866,1191,32217,2022-07-10,Cancelled by the passenger
29805,2460,12925,2023-02-27,Rejected by the driver
24036,2287,19163,2022-11-14,Success
11970,603,13265,2022-10-26,Cancelled by the passenger
28172,2881,39433,2022-03-14,Success
3502,1296,36409,2023-03-16,Success
10931,1243,20575,2022-09-15,Success
12349,210,29660,2022-05-25,Success
10385,635,6202,2022-04-05,Success
13842,338,13477,2022-12-02,Success
18458,292,34088,2022-10-27,Success
25742,2636,5213,2022-04-15,Rejected by the driver
21069,1942,958,2022-06-17,Success
16981,1037,39470,2022-09-25,Success
58521,1622,26962,2023-03-29,Cancelled by the passenger
12506,355,12628,2023-01-22,Success
30877,294,30199,2022-06-28,Success
37907,2801,30648,2022-08-09,Success
25243,817,34509,2022-07-15,Rejected by the driver
23153,562,36409,2022-11-26,Success
21904,1976,39683,2022-03-23,Rejected by the driver
58362,545,30210,2023-04-11,Success
18511,2311,39156,2023-03-10,Success
17354,2627,698,2023-02-22,Success
14357,708,11442,2022-03-29,Success
22189,2465,15462,2023-03-05,Success
2629,2684,1045,2023-03-20,Success
38479,883,24915,2022-10-08,Success
55986,2568,37130,2023-01-14,Success
33684,2351,7766,2022-06-07,Success
57583,1983,36764,2022-12-28,Success
51146,336,34279,2022-11-15,Rejected by the driver
30094,1161,6833,2022-05-10,Cancelled by the passenger
33745,2665,4148,2023-02-01,Success
23630,1018,9929,2023-04-04,Cancelled by the passenger
28686,410,28486,2022-04-10,Rejected by the driver
36549,2749,4849,2022-05-21,Success
57979,217,319,2022-05-27,Cancelled by the passenger
8162,2636,1731,2023-02-21,Rejected by the driver
36502,1836,35095,2023-04-10,Success
15483,870,38717,2022-03-28,Success
24024,1529,35202,2022-09-04,Success
19147,2670,12827,2022-09-27,Success
3714,2762,35959,2022-10-24,Rejected by the driver
32932,374,25676,2023-04-07,Success
36720,1979,18284,2022-07-06,Cancelled by the passenger
23503,1772,36389,2022-08-30,Success
51313,2064,21286,2022-06-21,Success
43865,1440,24971,2022-11-25,Success
26752,569,30823,2023-02-05,Success
42963,2499,12694,2023-03-22,Success
30368,644,9265,2022-07-22,Success
47055,115,19892,2022-11-28,Rejected by the driver
26635,2196,8018,2022-03-15,Cancelled by the passenger
9762,1139,9049,2022-04-01,Success
31747,1422,18167,2022-06-13,Success
57053,2803,28012,2023-02-09,Rejected by the driver
15138,2978,22542,2022-12-11,Success
54220,2380,4929,2022-08-18,Success
24980,507,6529,2022-09-30,Success
58413,874,31589,2022-09-27,Success
49640,1313,34962,2022-05-21,Success
34222,2935,33951,2023-02-27,Success
9925,22,37659,2023-01-26,Success
1363,1893,38216,2022-04-19,Success
33457,904,7077,2022-05-02,Success
34054,2751,25660,2023-04-01,Success
36918,306,34692,2022-10-21,Success
42158,1724,25239,2022-05-05,Success
3366,620,25876,2022-11-17,Success
9464,2572,37617,2022-06-15,Success
33101,610,6725,2023-03-03,Success
44444,2880,15167,2022-06-06,Success
37394,1107,10723,2022-11-12,Success
4872,479,32069,2023-01-20,Success
13795,2685,25278,2023-02-23,Success
1221,1784,30393,2023-03-14,Success
30599,130,27263,2023-02-01,Success
58125,1874,33141,2022-04-05,Success
45008,2743,29294,2022-12-23,Success
24982,2775,22979,2022-03-20,Success
58801,1067,36436,2022-10-27,Cancelled by the passenger
27819,2414,6985,2023-01-03,Success
55109,2096,14349,2022-05-27,Success
36982,1534,2934,2022-07-31,Cancelled by the passenger
31273,402,20603,2022-04-16,Cancelled by the passenger
54636,2068,6083,2023-02-21,Rejected by the driver
43601,2162,38182,2022-11-11,Success
31930,955,30744,2022-05-29,Cancelled by the passenger
57955,2950,23478,2022-12-16,Success
33656,32,21863,2022-10-27,Rejected by the driver
46860,1603,2247,2022-09-07,Rejected by the driver
3759,1590,38140,2022-10-27,Success
49502,673,23245,2022-12-11,Success
6441,1529,26359,2022-04-25,Success
9561,244,34519,2022-07-08,Rejected by the driver
15913,1449,11783,2022-08-16,Success
36305,1435,17920,2022-05-15,Success
14723,910,5830,2022-09-23,Success
58780,1866,12673,2022-07-07,Success
10674,2062,34410,2022-10-08,Success
29482,985,28624,2022-11-11,Success
52421,199,36600,2022-07-05,Success
47911,12,4453,2023-03-14,Success
10103,1870,21222,2022-09-17,Success
55927,1338,17396,2022-08-30,Success
12366,1344,25560,2022-09-22,Success
52220,1045,19242,2023-02-20,Success
19350,999,27331,2022-11-19,Cancelled by the passenger
37898,1573,19858,2022-08-31,Success
23139,2560,32439,2022-12-18,Success
31973,2104,16003,2023-02-14,Success
45804,384,15734,2022-10-13,Rejected by the driver
25198,1931,38058,2023-01-05,Success
45853,2356,16287,2022-11-28,Success
5530,2165,11768,2023-01-02,Cancelled by the passenger
24306,173,8657,2022-09-01,Success
59070,2784,12026,2023-03-26,Success
19396,1673,5545,2022-09-07,Cancelled by the passenger
56034,370,22721,2023-01-04,Rejected by the driver
18643,2120,30204,2022-07-15,Success
4302,658,8422,2022-07-10,Success
27689,649,3295,2023-03-10,Success
57395,1541,18738,2023-03-06,Rejected by the driver
49255,871,9592,2022-09-07,Success
31849,589,17586,2022-07-26,Success
47596,2874,34740,2022-07-16,Success
27375,1208,33519,2022-03-13,Success
16107,1051,31317,2023-01-14,Success
309,2266,30253,2023-02-24,Rejected by the driver
6552,2771,31237,2022-05-22,Success
46260,200,32809,2022-08-07,Success
23069,808,3482,2022-06-11,Success
17644,388,37416,2022-06-06,Success
14158,896,25456,2023-02-25,Success
25884,2596,13283,2022-07-12,Success
8916,1625,32775,2022-07-17,Success
3359,1030,19744,2023-01-08,Rejected by the driver
24371,1818,34199,2022-12-18,Success
26872,393,19028,2023-03-18,Success
44404,2238,24456,2022-05-24,Success
21918,1459,19447,2022-05-02,Rejected by the driver
36804,2674,12471,2022-10-15,Success
4847,192,10699,2022-08-15,Success
49755,1262,9716,2022-10-01,Cancelled by the passenger
30172,216,27459,2023-02-26,Rejected by the driver
7426,93,2430,2022-08-24,Rejected by the driver
48181,464,36010,2022-07-30,Rejected by the driver
48103,436,13884,2022-11-30,Success
41680,1261,8498,2023-02-11,Success
41688,2716,10126,2022-05-29,Rejected by the driver
41145,862,30625,2022-08-31,Success
44519,80,5170,2022-06-08,Success
10363,1970,27113,2023-01-16,Success
4378,987,11254,2022-12-20,Rejected by the driver
44953,2773,37503,2022-04-11,Success
17403,287,39643,2022-05-19,Success
38521,727,34452,2022-11-12,Success
26695,2599,9790,2023-02-24,Rejected by the driver
17242,1841,30607,2022-03-24,Success
14181,751,12187,2022-08-10,Success
36216,567,9704,2023-03-03,Success
28971,2877,39473,2023-01-17,Success
29711,1273,16421,2022-09-25,Rejected by the driver
39528,2827,18023,2022-05-08,Success
52530,247,18250,2023-01-06,Success
57739,366,193,2023-04-03,Success
13789,1170,915,2022-07-06,Success
39324,2080,11146,2022-07-10,Success
22926,2172,28335,2022-08-12,Success
9551,1520,38207,2022-03-27,Rejected by the driver
13109,1322,15071,2023-04-11,Success
27244,1539,12670,2022-11-18,Success
17414,552,16634,2022-11-12,Success
21525,2559,3698,2022-09-26,Success
49379,1522,22639,2022-06-28,Success
27207,1577,1362,2022-06-26,Success
33182,2499,10003,2022-06-29,Success
22486,476,36340,2022-05-22,Success
797,1454,25887,2022-04-26,Success
47037,986,6055,2022-08-07,Success
693,385,4253,2022-03-23,Rejected by the driver
3784,1032,8209,2022-10-12,Success
16003,536,38703,2022-11-15,Success
1869,2955,25001,2023-03-17,Success
26525,1615,35933,2022-07-22,Success
26833,1350,1443,2023-03-30,Success
14530,1535,31880,2023-01-27,Success
28849,588,3826,2022-08-19,Rejected by the driver
31931,409,34906,2023-02-28,Cancelled by the passenger
13635,2088,37141,2022-03-27,Cancelled by the passenger
39049,1249,27868,2022-06-01,Success
16090,2108,25998,2022-08-11,Success
19523,1998,19482,2022-03-25,Success
22012,2293,9514,2022-06-09,Success
27893,790,28436,2022-03-12,Cancelled by the passenger
56434,2832,5191,2022-08-15,Cancelled by the passenger
19545,722,18949,2023-01-28,Success
16914,1920,38060,2022-10-08,Success
18179,306,22715,2022-04-26,Success
16104,1169,17029,2022-06-24,Rejected by the driver
41844,1753,3617,2022-08-12,Success
44223,2494,21336,2022-06-03,Success
25715,2981,8012,2022-09-21,Success
30775,2187,16348,2022-03-13,Success
37593,2214,23763,2022-07-26,Success
44219,1803,32379,2022-06-10,Success
27691,1679,10512,2022-12-14,Success
24670,1376,25079,2023-01-02,Success
40066,1512,4383,2022-05-23,Rejected by the driver
17667,4,7806,2023-04-13,Success
11180,1369,16616,2022-09-19,Cancelled by the passenger
31579,2708,1947,2022-06-18,Success
41435,1344,11401,2022-04-15,Success
55190,1403,27578,2022-03-14,Success
16635,1784,5026,2022-04-06,Cancelled by the passenger
5569,200,7032,2022-09-08,Success
40803,1650,14503,2022-06-05,Rejected by the driver
49929,2342,33302,2022-07-01,Success
35160,627,30423,2022-12-27,Success
23610,2683,12018,2022-07-16,Success
1961,1842,20385,2023-03-18,Success
25082,745,2029,2022-04-10,Success
31701,2363,21769,2022-12-06,Success
13430,2759,7556,2022-04-13,Rejected by the driver
22067,15,3054,2022-10-26,Success
8838,2615,12157,2022-12-17,Success
6942,243,29095,2022-05-01,Success
8179,2748,21136,2023-04-01,Success
33834,2350,38867,2023-01-20,Success
40822,1728,31663,2022-08-17,Rejected by the driver
52874,2060,32775,2022-07-31,Success
33736,2379,18615,2022-08-20,Success
31652,2371,1935,2023-01-05,Success
39180,1648,16023,2022-12-23,Success
15996,582,74,2022-06-18,Success
50482,963,11378,2022-12-27,Success
55656,1139,29830,2022-08-07,Success
17766,1700,31298,2022-12-17,Success
13522,2574,35832,2023-02-02,Success
14989,1233,25588,2022-08-30,Success
21206,1239,27050,2022-05-07,Success
57634,1864,13082,2022-07-18,Success
6145,73,21777,2023-01-13,Success
57619,1645,9170,2022-07-04,Success
25157,345,29125,2023-02-06,Success
53346,559,37235,2022-08-28,Success
12404,814,2107,2022-11-14,Rejected by the driver
42973,766,33244,2022-05-10,Success
34957,2908,2139,2022-05-18,Success
17531,2755,10867,2022-06-18,Success
59413,284,12132,2022-11-06,Success
50681,172,33941,2022-11-20,Rejected by the driver
42692,735,33383,2023-04-06,Rejected by the driver
10738,2091,26966,2023-02-23,Success
35136,2923,17308,2022-07-26,Success
57684,998,10172,2023-01-08,Success
45355,1048,36696,2022-05-08,Success
20003,1279,8361,2022-11-24,Success
37914,2199,19714,2023-03-26,Success
47031,80,30092,2022-05-09,Success
56984,2623,2695,2022-11-05,Success
21732,2647,26923,2022-11-23,Cancelled by the passenger
21200,631,17219,2022-04-22,Success
26261,2424,3727,2022-07-07,Success
53585,372,10979,2022-11-03,Success
23428,1899,20251,2023-03-10,Cancelled by the passenger
47215,420,37913,2022-07-15,Rejected by the driver
5102,102,5457,2022-03-13,Success
29403,2797,3464,2023-02-03,Success
4297,299,266,2022-10-24,Success
42737,2762,6622,2022-03-29,Success
20429,828,26169,2023-04-04,Success
26272,2788,4593,2022-03-15,Success
29899,1183,22135,2023-03-22,Success
23910,2210,27540,2023-01-12,Success
21957,1362,11702,2023-02-28,Success
22460,1519,16749,2022-09-04,Success
12449,1875,18779,2022-05-21,Success
9180,1298,16219,2022-05-18,Success
51909,1086,23996,2023-02-19,Success
17214,1511,17493,2022-03-20,Success
49978,1002,27937,2023-02-11,Success
28879,1026,23048,2022-11-13,Cancelled by the passenger
51745,2347,1947,2022-08-06,Success
13920,2581,29443,2022-03-25,Success
47760,2607,9941,2022-11-23,Rejected by the driver
34102,352,9825,2023-02-24,Success
33031,2839,25337,2023-01-01,Cancelled by the passenger
3730,1922,6062,2022-12-31,Rejected by the driver
56740,1408,36922,2022-08-06,Success
24438,2072,3562,2022-08-06,Success
6308,1218,39783,2023-04-10,Rejected by the driver
4424,2488,18635,2022-10-28,Success
53784,115,29861,2022-09-23,Rejected by the driver
20206,2411,21063,2023-01-29,Rejected by the driver
4499,2270,16284,2023-04-13,Success
11298,896,17236,2022-07-30,Success
45321,2643,15797,2023-02-19,Success
53923,198,7766,2022-04-26,Success
47558,198,8066,2022-05-06,Success
36185,353,17018,2022-07-25,Success
38156,2148,38141,2023-03-30,Success
51843,1639,29480,2022-07-05,Cancelled by the passenger
7799,1836,7265,2022-12-26,Success
34470,2212,14432,2022-03-13,Success
4299,1600,35514,2022-12-04,Success
38147,2926,7256,2022-04-17,Success
55300,2961,35780,2023-03-13,Success
31505,2474,359,2022-05-12,Success
46675,1069,9784,2022-05-24,Rejected by the driver
23958,956,36055,2023-02-10,Success
49995,355,10960,2023-02-07,Cancelled by the passenger
40418,1520,2063,2022-03-15,Rejected by the driver
59619,443,10424,2022-03-17,Success
44097,522,817,2022-10-07,Rejected by the driver
52289,2520,3314,2022-07-17,Success
43669,1766,39431,2022-04-12,Success
47813,2267,27654,2023-01-25,Rejected by the driver
2089,108,36018,2022-06-24,Success
31061,1109,30447,2022-06-24,Rejected by the driver
34610,2120,13753,2022-10-21,Success
45207,2211,2868,2023-03-06,Success
4406,2360,24911,2023-03-23,Success
19538,647,22536,2022-10-23,Success
29078,2091,34330,2022-08-25,Rejected by the driver
59155,1869,5680,2022-12-29,Success
49137,2757,29871,2022-05-07,Success
40349,1078,4774,2023-01-31,Success
8391,1192,6290,2023-04-01,Success
27881,820,20500,2022-04-01,Success
48719,2495,22007,2022-12-13,Success
28311,2818,16272,2023-04-14,Success
8763,2199,33082,2023-02-18,Success
28823,2947,16779,2023-04-12,Success
5106,1624,26794,2022-05-16,Success
54162,1632,32245,2022-11-30,Success
5554,2149,38961,2022-09-22,Cancelled by the passenger
17956,2327,8838,2022-05-12,Success
39658,1717,2671,2022-03-28,Success
49685,576,37525,2023-02-28,Success
17688,424,13913,2023-01-21,Success
55479,1618,4266,2022-11-03,Cancelled by the passenger
18272,2606,3529,2022-08-08,Success
52451,2561,21306,2023-01-23,Success
21782,1910,5447,2023-01-01,Rejected by the driver
12782,125,37133,2022-10-25,Cancelled by the passenger
39202,2394,3442,2022-08-17,Success
4904,1357,19127,2022-09-20,Success
27057,2442,3521,2023-01-10,Cancelled by the passenger
30385,1061,26434,2023-01-09,Success
26996,2076,13194,2023-01-26,Success
4495,2644,9575,2022-11-15,Success
43485,1933,12342,2023-01-02,Success
12749,2969,32636,2022-04-29,Success
25974,1236,39223,2023-03-19,Rejected by the driver
58162,2598,25904,2023-01-14,Rejected by the driver
49561,2579,22770,2023-04-03,Success
29919,678,21157,2023-03-20,Rejected by the driver
9208,2589,20398,2022-05-20,Success
50981,327,8818,2022-06-07,Rejected by the driver
11695,2922,12497,2023-02-11,Success
39303,221,35707,2022-07-19,Success
36315,2376,38451,2022-09-02,Success
8669,2191,34922,2023-02-15,Success
45958,2497,25266,2022-07-22,Success
36790,335,24766,2022-05-22,Success
15574,737,35986,2022-08-11,Success
55420,2063,38121,2022-10-28,Cancelled by the passenger
16368,1407,18882,2022-11-13,Success
13405,2692,30635,2022-03-18,Success
33137,1068,5804,2023-02-15,Rejected by the driver
48713,227,13466,2022-12-11,Rejected by the driver
51872,1040,21200,2022-09-05,Success
35433,1742,16887,2023-02-23,Rejected by the driver
48374,1626,589,2022-05-31,Success
58432,2565,22863,2022-04-16,Rejected by the driver
744,1083,24174,2022-09-20,Success
51318,1085,5730,2022-04-26,Success
57023,2477,20325,2022-09-14,Success
11090,2524,21257,2022-10-17,Success
38852,1604,11379,2022-10-26,Success
18865,213,18143,2022-09-27,Success
6837,1416,28565,2022-09-02,Success
45823,2886,3143,2023-03-31,Success
18844,2107,25205,2022-09-01,Success
54351,2586,3736,2022-08-05,Success
49948,999,15575,2022-07-17,Success
34816,759,669,2022-08-28,Success
36682,2609,5279,2022-11-18,Success
44868,2027,9719,2022-06-17,Success
17266,1888,26126,2022-10-14,Success
45575,676,23538,2022-10-03,Cancelled by the passenger
37408,2555,14809,2023-01-08,Success
59018,1192,34600,2023-01-02,Success
9106,2565,21932,2022-08-13,Success
45684,95,21983,2022-11-03,Success
48899,2911,23009,2022-03-27,Success
5367,2380,17671,2022-10-14,Success
46275,227,3465,2022-06-17,Success
30359,2794,37373,2022-09-17,Success
57190,1969,16799,2023-03-23,Success
13648,1361,2324,2022-03-12,Success
37076,1159,9784,2023-01-03,Success
2438,2256,7405,2023-02-06,Success
55112,2830,22848,2022-11-25,Success
4255,1329,25253,2023-02-07,Cancelled by the passenger
22635,2039,34457,2022-09-15,Success
16936,661,28151,2022-05-07,Success
31085,2400,9882,2022-07-20,Success
32656,2374,22136,2022-05-13,Rejected by the driver
17174,1091,9890,2023-02-14,Rejected by the driver
57230,1245,19172,2022-07-26,Success
8919,1713,29281,2023-02-18,Success
9937,1271,980,2022-10-09,Success
49386,2920,9896,2023-03-01,Rejected by the driver
16840,1191,37609,2022-11-25,Rejected by the driver
27828,2879,12740,2022-11-19,Cancelled by the passenger
43314,471,24763,2023-02-05,Cancelled by the passenger
20339,2452,35686,2023-02-08,Success
23783,902,25543,2023-01-28,Rejected by the driver
42268,1242,17108,2022-12-02,Success
57399,2528,21637,2022-08-29,Success
27717,2266,19449,2022-10-11,Success
15183,1979,37987,2022-06-24,Success
40751,1503,21550,2022-11-21,Success
14102,2430,30151,2022-08-18,Success
36085,928,23159,2022-11-26,Success
52164,2468,1544,2022-04-09,Rejected by the driver
12052,743,17228,2022-12-10,Success
52021,1131,504,2022-03-31,Rejected by the driver
54011,2921,38604,2023-03-26,Success
11127,1011,31386,2023-03-03,Success
33228,62,28665,2023-03-20,Rejected by the driver
27539,2542,15675,2023-01-11,Success
1426,12,15165,2023-02-10,Success
58012,2326,39679,2022-10-14,Success
40978,2836,15935,2022-05-29,Rejected by the driver
47626,906,25853,2022-07-11,Success
16287,1453,37775,2023-01-25,Rejected by the driver
551,2702,35110,2023-03-27,Success
21173,28,39328,2023-03-12,Success
18765,1652,26621,2022-10-31,Success
8386,2631,37245,2022-07-17,Success
13872,2579,28679,2022-03-31,Success
18622,774,10465,2022-07-20,Success
5821,1094,11245,2022-11-17,Success
37311,2195,21611,2022-08-08,Success
5872,2765,24010,2022-10-10,Success
8704,1113,10474,2022-06-03,Success
6039,1154,27401,2022-11-16,Rejected by the driver
26677,2671,16422,2022-05-03,Success
23587,1793,26137,2022-05-10,Success
21187,1518,20345,2022-11-16,Success
14478,2183,25528,2022-07-05,Success
39923,2724,35587,2023-02-17,Success
41892,1036,30651,2022-06-10,Rejected by the driver
37817,892,17976,2022-09-05,Success
33959,1230,24453,2022-11-05,Success
40860,662,36968,2022-08-21,Success
53936,2395,1530,2022-11-07,Success
25304,865,3895,2022-12-01,Success
47072,351,19800,2022-08-01,Success
1048,976,38823,2022-11-21,Success
21018,1040,13825,2023-04-03,Success
20901,924,33746,2022-10-22,Success
37341,767,2309,2022-12-24,Rejected by the driver
44174,210,14215,2022-11-20,Success
37531,1817,15489,2022-05-31,Success
37482,486,29008,2022-11-24,Cancelled by the passenger
48768,2181,36113,2022-07-27,Success
31778,252,32437,2023-01-23,Success
56614,2633,13232,2022-08-12,Success
16918,297,35025,2022-12-30,Cancelled by the passenger
49480,445,3343,2022-09-05,Cancelled by the passenger
19258,1675,19306,2023-02-14,Rejected by the driver
17926,1969,32035,2022-04-17,Success
51545,523,39647,2022-03-14,Success
44766,514,26468,2023-03-21,Cancelled by the passenger
22925,2248,25166,2022-10-01,Rejected by the driver
58347,1322,18365,2022-12-05,Success
8125,1046,1418,2022-10-01,Success
35945,1560,28305,2022-10-31,Success
10357,2389,39816,2022-11-30,Success
51616,525,7716,2022-04-10,Success
2681,2908,28899,2022-11-12,Success
45869,863,6225,2022-12-11,Success
32068,236,3825,2022-10-25,Success
38709,2188,24989,2022-07-20,Success
2527,567,22433,2023-03-09,Rejected by the driver
11591,1860,39458,2022-05-18,Success
53035,2713,12279,2022-03-28,Success
5725,2986,39632,2022-11-24,Rejected by the driver
31181,1990,1401,2022-03-20,Success
44239,2873,1672,2023-03-16,Success
33245,91,16719,2022-08-15,Success
1292,1181,34441,2023-02-11,Cancelled by the passenger
57001,467,11682,2023-03-02,Rejected by the driver
28091,1648,1986,2022-07-24,Success
55659,2409,15720,2022-08-20,Success
54424,429,10000,2022-04-22,Cancelled by the passenger
59631,585,14517,2022-06-26,Rejected by the driver
35399,259,4702,2022-03-31,Success
4521,1187,8470,2023-03-05,Success
47562,173,11143,2022-04-17,Success
11397,587,32561,2022-07-13,Success
9962,2092,32493,2022-03-22,Success
12125,2119,30439,2022-12-23,Cancelled by the passenger
587,1648,32141,2022-06-04,Rejected by the driver
25658,1315,30618,2023-02-01,Success
12713,1271,9934,2022-07-02,Success
43018,260,34601,2023-01-29,Rejected by the driver
19080,1819,24896,2023-01-30,Success
46637,502,35013,2022-10-24,Success
27875,2739,18353,2022-10-01,Success
24057,1930,35404,2023-04-07,Success
21383,1277,619,2022-05-02,Success
37012,2609,21269,2022-03-27,Success
13093,849,22367,2022-11-04,Cancelled by the passenger
16832,1279,35548,2022-06-20,Success
8277,2331,37898,2022-10-28,Success
18597,2226,37104,2022-05-11,Success
17088,2635,18160,2022-10-29,Success
55051,2993,22064,2022-05-10,Success
15301,1314,7359,2022-06-24,Success
39828,1898,7718,2022-12-08,Success
27319,599,11309,2023-02-05,Rejected by the driver
22371,574,2225,2022-07-12,Success
50428,802,25995,2023-04-10,Rejected by the driver
13214,569,6815,2022-05-28,Rejected by the driver
6754,2407,25799,2023-03-15,Success
50057,602,2518,2022-06-08,Success
20618,2339,5037,2022-09-04,Success
20446,1999,16543,2022-06-06,Success
33276,1374,25995,2022-12-30,Cancelled by the passenger
37792,2437,28453,2022-05-14,Success
24122,2089,21958,2022-05-04,Cancelled by the passenger
15582,1704,31311,2022-09-19,Success
58253,1711,38404,2022-12-06,Cancelled by the passenger
38809,2231,27713,2022-08-14,Success
58817,358,11036,2022-12-27,Rejected by the driver
40644,313,14127,2022-05-13,Success
56584,1185,13844,2022-09-28,Success
5104,278,14895,2022-07-14,Success
24313,183,5718,2022-08-04,Success
4695,1040,19,2023-03-05,Success
32724,2866,12587,2022-09-17,Cancelled by the passenger
5931,945,36738,2022-05-19,Success
58026,448,9404,2022-06-06,Success
38999,726,23438,2023-02-20,Success
35684,2034,4885,2022-06-12,Success
22214,1843,11743,2022-04-09,Cancelled by the passenger
23722,1721,19547,2022-10-09,Success
28436,521,16537,2023-03-29,Success
34074,931,26051,2022-12-07,Cancelled by the passenger
29371,398,29944,2022-11-29,Success
2651,2403,19671,2022-11-17,Success
45053,2275,39205,2023-02-14,Success
21812,749,36052,2022-06-02,Success
31811,781,7182,2023-03-15,Rejected by the driver
32957,25,6235,2022-09-20,Success
58402,1750,26987,2022-05-07,Cancelled by the passenger
18245,2258,34587,2022-05-11,Success
34722,248,17214,2022-08-16,Success
26942,2857,35118,2023-04-13,Success
32691,313,39747,2023-01-21,Success
6968,1174,3191,2022-09-22,Success
38304,2159,39496,2022-12-19,Success
10673,1422,38784,2022-12-10,Success
47899,951,19908,2022-09-28,Success
36108,1238,27662,2022-11-08,Success
58770,2625,23270,2022-11-07,Success
16321,534,6329,2022-06-26,Cancelled by the passenger
26894,581,18267,2023-02-05,Success
16175,267,33144,2022-08-29,Success
3244,2648,25170,2023-02-07,Cancelled by the passenger
7053,1868,14712,2023-02-16,Success
20200,589,11405,2023-03-16,Success
48807,2910,13249,2022-11-05,Success
27885,697,27750,2022-04-25,Success
53649,898,36039,2022-09-03,Success
9827,2593,6264,2023-03-29,Cancelled by the passenger
30026,1428,21567,2022-11-02,Success
37192,713,22977,2022-06-05,Cancelled by the passenger
50086,483,30086,2022-08-15,Cancelled by the passenger
59705,512,15169,2022-09-21,Success
55878,1816,33185,2023-03-18,Success
53559,1206,39221,2022-11-13,Success
53239,2313,8299,2022-12-19,Success
40352,1788,34106,2022-11-27,Success
43059,658,10251,2022-06-01,Success
36526,1430,37387,2022-11-28,Success
21620,2011,21282,2022-04-23,Rejected by the driver
29803,959,28616,2022-11-09,Cancelled by the passenger
20552,652,8498,2022-11-27,Success
6561,768,7142,2022-04-17,Success
24720,2972,39172,2022-06-09,Success
6620,911,9024,2022-10-16,Success
41179,1579,19430,2022-04-08,Success
8689,2519,21782,2022-12-21,Success
12743,2418,11318,2023-04-15,Rejected by the driver
32596,83,32992,2022-07-29,Success
14423,1521,29189,2022-09-14,Success
57069,1846,2739,2022-12-08,Rejected by the driver
3126,613,14576,2022-10-21,Success
50269,1156,30621,2023-01-24,Cancelled by the passenger
7304,1192,37854,2023-01-11,Rejected by the driver
58104,531,20381,2022-12-03,Success
8146,2776,20120,2022-08-30,Success
56045,1264,16746,2023-03-12,Success
9390,2056,10812,2023-03-09,Success
33209,1833,36852,2022-12-25,Success
31948,1039,17125,2022-04-27,Success
5833,107,8426,2022-10-16,Success
10905,543,36328,2022-03-19,Success
57358,73,31405,2023-03-18,Rejected by the driver
24851,2987,28434,2022-06-09,Rejected by the driver
40733,1782,2292,2022-10-20,Success
11213,1832,29658,2022-06-22,Success
42680,2464,19691,2022-09-09,Cancelled by the passenger
55874,1300,16049,2022-09-01,Success
52144,1812,1033,2022-05-17,Success
59230,1364,249,2022-06-20,Success
9016,342,12175,2022-05-07,Cancelled by the passenger
15810,1501,23361,2022-05-16,Success
9082,83,16328,2023-02-05,Rejected by the driver
51911,2825,32984,2023-01-07,Success
30985,391,12076,2023-02-28,Success
3283,55,33386,2022-04-29,Rejected by the driver
31599,2707,12471,2022-09-30,Cancelled by the passenger
37348,1494,36872,2022-08-24,Success
728,1030,10515,2022-07-07,Success
54724,290,37522,2022-12-24,Cancelled by the passenger
8633,37,31495,2023-01-22,Success
47187,913,11124,2022-06-19,Success
23481,1781,28374,2022-12-26,Success
42336,1002,23875,2022-06-13,Success
47676,1195,29242,2022-07-10,Cancelled by the passenger
46762,499,38845,2022-08-12,Success
40515,248,11327,2022-09-27,Cancelled by the passenger
58400,1304,34896,2022-05-03,Cancelled by the passenger
36443,1467,16901,2022-11-07,Success
39988,2858,31310,2022-09-18,Success
14516,1700,15348,2022-08-27,Rejected by the driver
10294,2025,7746,2022-03-17,Success
42633,1913,17904,2023-01-11,Success
57818,2047,14632,2023-02-22,Success
28040,2731,27081,2022-06-29,Success
55207,557,35780,2023-03-07,Success
44150,159,20901,2022-10-01,Success
54477,2700,9713,2022-04-16,Success
16254,2329,11939,2022-08-13,Success
32131,619,1446,2023-01-08,Cancelled by the passenger
20307,539,10336,2022-06-11,Rejected by the driver
1358,1489,17872,2022-04-09,Rejected by the driver
4953,1024,29446,2023-01-03,Cancelled by the passenger
45400,562,16905,2022-10-11,Cancelled by the passenger
40587,1350,12777,2022-06-26,Success
48906,1410,2017,2022-04-30,Cancelled by the passenger
43636,196,7610,2022-07-23,Rejected by the driver
34781,1027,17737,2023-01-30,Cancelled by the passenger
36330,1511,23997,2023-02-05,Success
23472,2336,2665,2023-03-20,Success
32703,2973,39265,2022-10-07,Success
43203,2886,24691,2023-01-20,Success
35582,2275,36759,2022-08-15,Success
53192,265,5259,2022-06-25,Success
57096,1238,14271,2022-11-23,Success
2844,836,5516,2022-11-18,Success
9913,681,37810,2023-02-25,Success
8933,1546,11293,2022-04-30,Success
54371,1991,39386,2022-07-25,Success
11781,1859,32811,2023-01-11,Rejected by the driver
30525,1828,22643,2023-04-02,Success
25655,1633,517,2022-03-31,Success
17934,604,23885,2023-01-07,Success
46002,2333,1845,2022-06-11,Success
4915,49,16448,2022-08-13,Success
36145,1641,15463,2022-03-30,Success
38270,1860,33738,2023-03-19,Success
43679,1253,3416,2022-04-10,Success
54584,2355,30508,2022-05-10,Rejected by the driver
13650,1502,8483,2022-10-01,Cancelled by the passenger
35083,1549,25829,2022-03-14,Success
42969,279,1362,2022-11-27,Success
15015,1010,27802,2022-08-10,Cancelled by the passenger
18394,190,17757,2022-03-27,Success
148,80,14702,2022-11-18,Success
29980,2667,11448,2023-01-05,Rejected by the driver
58074,474,20424,2023-04-07,Cancelled by the passenger
21839,2115,17012,2023-02-02,Success
28616,1262,8706,2022-11-15,Success
38919,2756,3713,2022-05-16,Success
49510,2534,4211,2022-04-28,Success
50686,2185,7722,2023-04-09,Cancelled by the passenger
4030,2708,9898,2022-10-04,Cancelled by the passenger
12208,1749,32312,2022-10-30,Success
32792,374,7840,2022-05-06,Rejected by the driver
35465,780,26568,2022-03-31,Success
18960,1498,2191,2022-06-04,Success
17739,2109,30514,2023-03-14,Success
15062,489,29139,2022-11-08,Success
45768,1726,36866,2023-03-05,Rejected by the driver
24702,2388,10178,2023-03-21,Success
39935,1745,33047,2022-09-18,Success
43526,904,18674,2022-05-28,Success
868,2161,37058,2022-09-24,Success
31665,1107,620,2023-01-27,Success
22452,1566,24691,2023-04-05,Cancelled by the passenger
11524,500,19553,2022-04-26,Success
42547,2012,35896,2023-01-24,Success
7547,918,36276,2023-04-10,Success
44720,1392,26005,2022-10-30,Success
32403,1030,3632,2022-08-01,Success
34802,291,30529,2022-03-28,Success
52400,2769,34243,2022-06-17,Success
10695,2135,17488,2022-08-29,Success
15186,1914,30734,2023-01-24,Success
27048,1796,28154,2022-05-26,Success
39891,603,17968,2022-04-29,Success
16752,601,24991,2023-02-03,Success
20179,1586,13032,2023-03-24,Cancelled by the passenger
17024,215,34002,2022-08-18,Success
45857,2440,32973,2022-06-17,Success
6195,884,38759,2022-03-30,Success
53305,1250,27403,2022-04-05,Rejected by the driver
51681,2344,6106,2022-09-07,Success
29604,1834,31029,2022-10-09,Success
40588,1135,7858,2022-08-31,Success
21014,2723,15173,2022-04-25,Success
22853,415,6326,2022-06-27,Rejected by the driver
1220,1930,27298,2022-04-04,Success
36629,497,26251,2022-11-01,Success
26674,2220,7825,2023-03-09,Success
16546,986,20645,2023-02-18,Success
52572,1947,38813,2023-04-14,Success
37534,1245,26800,2023-02-21,Success
13025,2480,39708,2022-06-22,Success
58835,68,5489,2022-11-09,Success
6095,2352,787,2022-03-14,Rejected by the driver
21949,2198,34886,2022-06-11,Rejected by the driver
56908,1662,9636,2022-06-10,Success
12909,1212,10431,2022-10-04,Success
49234,758,4756,2022-11-19,Success
38680,376,34937,2022-07-29,Cancelled by the passenger
51472,2237,39787,2022-06-27,Success
15618,2813,29094,2023-01-02,Rejected by the driver
12964,2197,36360,2022-04-03,Success
53044,114,12317,2022-12-22,Success
30234,2930,7233,2022-04-22,Success
12278,108,7532,2023-02-23,Rejected by the driver
17977,641,19821,2023-02-19,Success
38655,2220,27419,2022-06-17,Success
6704,1224,23292,2022-03-25,Success
10369,2019,23118,2022-09-21,Success
47228,821,30786,2022-10-08,Success
58509,2903,27712,2022-05-20,Cancelled by the passenger
51048,717,38772,2023-02-12,Success
20792,2615,17018,2022-04-28,Rejected by the driver
46841,282,22181,2022-12-04,Success
12063,74,38916,2022-08-13,Cancelled by the passenger
13862,703,34281,2023-03-29,Rejected by the driver
10095,1039,32139,2022-08-18,Rejected by the driver
53185,38,31906,2022-06-04,Success
50007,2446,39494,2022-03-17,Cancelled by the passenger
20662,13,1627,2023-02-13,Cancelled by the passenger
36367,14,32702,2022-05-29,Rejected by the driver
51827,332,37002,2022-07-19,Success
32033,1419,35043,2022-11-28,Success
43609,815,23153,2022-11-10,Success
37259,1149,23385,2022-07-25,Success
50307,788,30188,2022-08-24,Success
6526,1771,23078,2023-03-14,Success
18616,1333,24589,2022-11-26,Success
24889,1173,31542,2022-07-08,Success
6959,2805,24018,2022-08-26,Success
52505,970,7017,2023-03-03,Success
26187,2139,2416,2023-02-19,Success
45181,731,29452,2022-10-20,Success
15988,2737,9781,2023-02-28,Success
59423,2588,20643,2022-07-18,Success
9059,2432,34048,2022-10-22,Cancelled by the passenger
41943,1836,38226,2022-04-26,Rejected by the driver
49989,1644,32608,2022-06-30,Rejected by the driver
7843,63,15120,2022-10-08,Success
50175,1395,23923,2022-08-29,Success
47484,880,34729,2022-09-19,Success
1867,2522,27106,2023-03-31,Success
4317,2010,438,2022-04-04,Cancelled by the passenger
36577,1800,18312,2022-10-16,Cancelled by the passenger
18673,75,32614,2022-07-02,Cancelled by the passenger
39740,1675,4098,2022-08-29,Success
2187,1815,27029,2022-09-30,Success
9938,787,13340,2022-11-10,Success
24459,1579,12892,2023-04-01,Cancelled by the passenger
53794,428,29888,2022-07-25,Success
5086,2537,36743,2022-11-06,Success
4292,1390,39686,2023-03-01,Success
13622,2884,1321,2022-05-16,Success
37620,1435,28512,2022-04-30,Success
57206,596,4383,2022-09-26,Cancelled by the passenger
18454,1724,5246,2022-06-05,Cancelled by the passenger
35259,893,19994,2023-03-18,Success
48256,1817,5280,2023-01-31,Cancelled by the passenger
41806,1930,6980,2022-06-01,Cancelled by the passenger
24583,2534,38039,2022-04-14,Success
20403,1739,35497,2022-05-06,Success
58087,1433,34841,2022-09-18,Cancelled by the passenger
15722,1864,11543,2022-10-27,Success
46760,2253,7280,2022-12-21,Rejected by the driver
47474,1321,32043,2022-11-11,Cancelled by the passenger
33391,1808,35616,2022-07-08,Success
25262,837,28622,2022-05-29,Success
42974,2891,6837,2023-03-10,Success
38273,2208,37272,2022-05-04,Success
59226,239,2749,2023-03-20,Success
56713,1149,22689,2022-06-27,Success
2591,496,31297,2022-11-25,Success
12429,2500,10837,2023-04-11,Rejected by the driver
59149,2922,27127,2022-09-27,Success
56513,1823,12283,2022-11-18,Success
8952,1504,10655,2023-02-06,Success
40547,306,28558,2022-08-11,Success
19496,51,5335,2022-03-20,Success
5135,1608,7603,2022-12-18,Rejected by the driver
40758,460,13481,2022-12-05,Success
37714,443,11004,2022-04-10,Success
46296,1009,33483,2023-01-25,Cancelled by the passenger
14506,504,35810,2023-04-02,Rejected by the driver
33058,1657,28635,2023-03-08,Success
59870,640,12416,2022-05-27,Cancelled by the passenger
35152,2478,7878,2022-06-27,Success
59649,2828,19855,2023-01-04,Success
32382,1651,17621,2022-03-17,Success
47901,2489,18091,2022-06-04,Success
12121,2258,38697,2022-10-06,Success
49010,1913,31581,2023-02-12,Success
26735,380,26565,2022-12-09,Success
42842,52,2156,2022-10-31,Success
49944,2278,2128,2023-03-22,Success
106,609,22554,2022-08-07,Success
9033,2896,34215,2022-11-08,Success
43976,1675,16872,2023-02-13,Success
54692,182,13859,2022-10-04,Success
39236,1765,37684,2023-03-07,Success
10642,1535,31562,2022-04-27,Success
52816,2919,16257,2022-03-18,Cancelled by the passenger
15520,2605,17217,2022-07-11,Success
56990,2015,14777,2022-12-01,Rejected by the driver
35736,2349,35835,2022-07-29,Success
23821,1233,30196,2022-07-24,Success
344,1257,36104,2022-05-11,Success
53551,1158,11704,2023-01-18,Rejected by the driver
18318,1998,32630,2022-09-17,Cancelled by the passenger
10016,1336,25210,2022-07-08,Cancelled by the passenger
1706,1987,30680,2023-04-10,Rejected by the driver
42120,2392,10052,2022-09-08,Success
27974,730,20123,2023-01-13,Cancelled by the passenger
6894,268,36721,2022-12-02,Cancelled by the passenger
48814,2164,9665,2022-11-02,Success
42014,528,6560,2022-08-31,Success
46807,1408,25524,2022-04-26,Success
533,338,2398,2022-08-31,Success
18100,1914,31811,2023-01-20,Success
51076,1035,10453,2022-04-01,Success
19015,2795,26314,2023-02-03,Success
20602,244,38989,2022-10-06,Cancelled by the passenger
37523,2760,12946,2022-06-29,Success
23746,1290,32558,2022-12-02,Cancelled by the passenger
45108,1332,17289,2022-09-04,Success
50896,534,34530,2023-01-28,Success
37442,2968,16072,2023-01-16,Success
13125,2146,22060,2022-09-14,Success
56602,2022,14465,2022-12-29,Success
53761,2545,33261,2023-03-07,Success
9314,668,11024,2023-01-01,Success
55055,805,27908,2023-02-18,Rejected by the driver
28918,2512,38366,2022-04-25,Success
23205,885,11953,2022-12-13,Cancelled by the passenger
23507,1491,39787,2022-07-02,Success
4746,1236,35606,2022-04-23,Rejected by the driver
57573,718,19433,2023-03-24,Success
15056,819,19408,2022-12-01,Cancelled by the passenger
5155,2808,37787,2022-03-29,Rejected by the driver
28000,1349,26215,2022-11-25,Success
54596,852,22495,2022-10-15,Success
26615,537,19878,2023-01-10,Rejected by the driver
29280,34,21490,2022-07-16,Success
11690,2872,16094,2022-10-18,Success
27222,352,36216,2023-01-15,Success
50490,2872,1709,2023-03-10,Success
56071,576,24505,2022-06-18,Success
29309,2037,37727,2022-09-03,Success
54573,2173,7847,2023-03-20,Cancelled by the passenger
34324,1756,206,2023-03-03,Success
35548,2379,20987,2022-10-25,Success
56670,2615,37918,2022-05-16,Rejected by the driver
16075,463,25323,2022-08-21,Success
24653,2755,26668,2022-04-29,Cancelled by the passenger
26589,1648,24625,2022-07-28,Success
59691,1892,34551,2022-10-20,Success
56512,1617,16266,2022-06-07,Success
45030,103,37736,2023-02-21,Cancelled by the passenger
2102,483,29124,2022-12-06,Success
19541,1611,34209,2022-03-24,Cancelled by the passenger
30793,817,24038,2022-11-16,Success
51265,2536,642,2023-03-21,Success
28155,535,7602,2022-06-07,Rejected by the driver
20178,1408,35359,2022-10-26,Rejected by the driver
35375,2674,20467,2022-11-10,Rejected by the driver
32129,310,9898,2022-12-29,Success
42300,1146,28259,2022-11-03,Success
27745,1438,37254,2022-11-12,Success
14097,1779,36838,2022-11-07,Success
10481,2012,18147,2022-04-20,Rejected by the driver
9638,2102,9575,2022-04-25,Success
41411,356,33918,2022-06-27,Success
36113,2882,19640,2023-01-28,Success
20192,405,23624,2022-10-05,Success
44331,231,21793,2022-10-21,Success
19970,1412,20001,2022-10-09,Success
58707,669,22434,2023-03-18,Rejected by the driver
18930,1928,38654,2022-11-18,Success
20491,655,11372,2023-01-16,Success
14557,1743,7603,2023-02-21,Success
31298,2552,36477,2022-04-07,Success
36643,1678,37706,2022-09-16,Success
39603,543,26856,2023-03-25,Success
13445,1546,1366,2022-10-22,Success
43195,657,21525,2022-07-08,Cancelled by the passenger
45284,607,18178,2022-03-17,Success
21272,1549,22259,2022-12-26,Success
46224,2959,31036,2023-02-07,Success
19610,977,38149,2022-09-17,Success
23788,865,13961,2022-10-26,Success
164,2909,32837,2022-04-24,Success
39833,2211,25654,2022-07-22,Success
52718,1524,1169,2022-06-23,Success
3797,644,26758,2022-10-28,Success
21277,2855,22225,2023-01-18,Success
36096,2216,29708,2022-06-27,Cancelled by the passenger
18042,1919,29370,2023-02-01,Success
5197,1030,12302,2022-03-19,Success
25277,1963,31585,2022-06-10,Success
9480,2980,957,2022-10-24,Success
40002,2876,11552,2022-08-16,Rejected by the driver
2373,2840,37677,2022-09-01,Success
43487,636,16929,2023-04-07,Success
45900,1114,2935,2023-02-21,Success
35254,2342,9959,2022-11-21,Success
3504,104,32113,2022-12-30,Cancelled by the passenger
42030,1494,12701,2022-11-28,Cancelled by the passenger
26345,1201,15464,2022-08-17,Success
43885,1303,13420,2022-05-29,Success
39569,252,20251,2022-06-26,Rejected by the driver
34669,18,10130,2022-07-30,Rejected by the driver
16909,632,14992,2023-02-20,Success
22408,718,2766,2022-05-08,Success
14499,1120,25776,2022-03-20,Rejected by the driver
53639,945,14451,2022-05-19,Success
58643,255,12288,2022-06-13,Rejected by the driver
51380,1989,1877,2022-12-11,Success
28379,1622,6942,2022-06-19,Success
8399,2240,27627,2022-08-11,Success
18098,505,776,2022-10-20,Rejected by the driver
6167,2499,25510,2022-11-16,Success
11478,2647,16563,2023-03-12,Success
26531,596,2727,2022-06-27,Success
44482,631,23584,2022-06-22,Success
2652,2690,29652,2022-05-23,Success
50068,2110,17590,2022-08-21,Success
58797,1946,15996,2022-12-18,Cancelled by the passenger
21659,703,22484,2022-05-02,Success
1419,2101,20377,2023-02-20,Success
31620,1472,30471,2022-10-25,Cancelled by the passenger
54436,1982,26436,2022-06-07,Success
17695,395,39455,2022-11-24,Success
25936,2217,6464,2022-12-14,Success
37832,1628,38308,2022-12-04,Success
50329,752,14197,2022-12-26,Cancelled by the passenger
55160,70,11014,2022-04-30,Success
9256,2357,32622,2023-02-22,Success
24199,899,33393,2022-06-30,Success
27354,2365,24423,2022-07-02,Success
38168,1018,7634,2022-09-10,Success
16437,392,14171,2023-01-26,Success
29491,784,26174,2022-12-31,Success
57139,1846,18181,2022-03-12,Success
4330,670,8851,2023-01-26,Cancelled by the passenger
734,2946,18969,2022-11-23,Success
593,162,13873,2022-05-23,Success
27811,2604,18075,2022-07-10,Success
19652,2903,26247,2022-06-18,Rejected by the driver
45514,266,22527,2023-03-19,Success
12321,969,38301,2022-10-20,Success
36402,2447,28941,2022-06-21,Rejected by the driver
37535,952,21161,2022-03-19,Success
6960,405,33728,2022-05-16,Success
29587,1795,17811,2023-01-18,Rejected by the driver
43088,848,10935,2022-12-14,Success
16046,2052,23628,2022-04-13,Cancelled by the passenger
53822,2686,8114,2022-11-16,Success
6897,2010,35676,2023-03-30,Rejected by the driver
1688,1076,26946,2022-07-17,Cancelled by the passenger
8482,2356,23901,2022-05-07,Success
17188,660,9970,2022-12-18,Cancelled by the passenger
58108,2793,38147,2022-06-09,Success
29321,42,38316,2022-04-12,Success
44041,1678,13592,2023-01-23,Success
9529,829,20533,2022-04-18,Success
44558,607,12716,2022-12-02,Rejected by the driver
16642,1572,4701,2022-10-03,Success
5990,1624,7697,2022-10-05,Rejected by the driver
53908,1985,15090,2022-08-13,Success
36376,2503,32129,2022-03-18,Rejected by the driver
52198,918,23043,2022-10-04,Success
5021,1452,37660,2022-09-10,Success
28551,2882,55,2022-11-26,Success
18419,39,22443,2023-01-28,Rejected by the driver
6273,1246,37999,2023-01-09,Rejected by the driver
37366,1739,35167,2022-06-29,Success
28208,173,20520,2022-09-27,Success
59591,2215,39531,2022-06-17,Success
50177,2517,953,2023-04-07,Success
26143,428,19472,2022-06-27,Cancelled by the passenger
59123,2584,21814,2022-11-27,Success
25774,1577,32974,2023-03-25,Success
24070,453,24295,2022-04-02,Success
7284,1132,24647,2022-09-09,Success
34865,1524,16584,2022-07-30,Rejected by the driver
46454,1744,9163,2022-10-14,Cancelled by the passenger
30602,962,30604,2022-08-04,Success
51804,1657,19166,2023-02-21,Success
13256,310,31359,2022-05-16,Rejected by the driver
39575,2267,713,2022-06-01,Success
52326,61,1363,2023-03-27,Success
49752,1796,37441,2022-04-11,Rejected by the driver
22769,1152,30373,2022-12-23,Success
48077,1153,5590,2022-04-25,Success
17390,2015,28634,2023-04-07,Success
7778,2005,29515,2022-06-17,Success
32285,1280,4942,2022-05-04,Success
43143,2553,22573,2022-07-03,Cancelled by the passenger
44986,277,33803,2023-03-26,Success
15873,2624,34961,2023-02-16,Success
17801,177,34623,2022-05-09,Rejected by the driver
45293,252,21691,2022-06-08,Success
989,738,39318,2022-08-13,Success
45941,709,21369,2022-06-08,Success
11533,179,21396,2022-07-03,Cancelled by the passenger
52279,2053,6203,2022-11-07,Success
30300,2579,39028,2022-08-04,Cancelled by the passenger
14986,2558,11476,2022-12-26,Success
47431,1145,5986,2022-06-19,Success
49653,2351,26159,2022-12-14,Success
20864,12,34557,2023-01-03,Success
41484,970,25514,2022-07-11,Success
27857,1474,10448,2022-04-28,Rejected by the driver
54699,2021,28805,2022-05-15,Success
5453,1427,25920,2022-12-21,Success
47981,2109,20219,2022-04-24,Success
56569,1480,26459,2022-12-22,Success
28268,1476,33174,2022-11-07,Success
25915,2883,36936,2022-07-28,Success
21752,2395,35860,2022-09-23,Success
14050,2144,19991,2023-01-28,Success
5208,2920,33701,2023-01-21,Success
38216,256,7594,2023-03-30,Success
36242,2646,1157,2022-11-18,Cancelled by the passenger
343,577,39113,2022-04-24,Success
30052,1755,171,2023-03-10,Success
6670,2732,12825,2023-01-19,Success
36584,2424,5671,2022-12-08,Success
41966,1260,18222,2022-11-02,Success
26741,2744,35492,2022-04-01,Success
13063,73,38910,2022-09-29,Success
13097,2021,5568,2023-01-21,Success
4524,646,31417,2022-08-18,Success
42219,113,9440,2023-03-02,Success
26932,349,33649,2023-02-01,Success
40135,264,38342,2022-05-02,Success
35841,1722,28315,2022-07-28,Success
36194,549,27451,2022-04-06,Rejected by the driver
28093,1287,14318,2022-10-05,Cancelled by the passenger
8412,2221,20895,2022-04-22,Success
11471,1575,25493,2022-07-28,Success
21174,2552,3479,2022-08-03,Rejected by the driver
11150,1853,31697,2022-08-23,Success
19300,1756,15901,2022-06-20,Success
22066,397,8108,2022-05-14,Success
26121,1158,34319,2022-10-24,Success
20966,1639,14878,2022-07-16,Cancelled by the passenger
18544,2186,33700,2022-11-04,Success
41932,1093,17626,2023-04-14,Success
36837,500,10295,2022-04-30,Success
55966,1559,29886,2022-12-25,Success
56390,706,35342,2022-03-16,Success
6611,1798,12432,2022-04-17,Success
18570,1332,150,2022-05-19,Success
21140,2408,17390,2023-03-18,Success
14430,2668,33049,2022-12-30,Success
5140,817,4332,2022-04-01,Success
48682,1479,13116,2022-09-06,Success
53691,2601,9476,2022-05-05,Success
30417,2740,11926,2022-10-03,Success
57167,1412,6067,2023-04-07,Cancelled by the passenger
13876,75,38177,2023-03-06,Rejected by the driver
33035,1595,669,2022-11-27,Success
44292,1622,28740,2022-11-24,Success
18343,691,20936,2022-07-11,Success
5656,1603,19290,2022-11-27,Success
43175,1303,20697,2023-02-15,Success
16179,506,34622,2022-06-22,Rejected by the driver
30950,1361,18417,2022-07-25,Success
26794,2364,12502,2022-07-15,Success
49568,1709,10156,2022-09-07,Success
20104,2617,6702,2023-02-02,Success
27920,491,33792,2022-06-05,Success
35677,1984,4879,2022-09-12,Success
35134,968,35089,2023-01-10,Success
39652,2953,4662,2022-12-18,Success
39969,2947,7449,2022-03-12,Success
37203,1786,36881,2022-03-22,Rejected by the driver
17447,2453,18426,2022-07-02,Success
13036,716,34091,2022-10-24,Success
43206,494,384,2022-09-02,Success
9755,1342,34565,2022-10-10,Rejected by the driver
41817,2679,34460,2022-08-27,Cancelled by the passenger
13403,2862,32111,2023-01-11,Success
23789,2387,31361,2022-10-06,Success
2407,1615,13878,2023-01-15,Success
52589,2656,20394,2022-03-31,Cancelled by the passenger
51363,758,21236,2022-09-27,Rejected by the driver
24819,1255,20229,2022-11-20,Success
42196,905,1404,2023-04-11,Rejected by the driver
53453,2399,15009,2023-03-03,Success
31656,2301,21839,2023-03-27,Success
14107,1201,20881,2022-11-12,Success
37856,1774,26338,2022-08-01,Success
9328,1307,16127,2022-11-28,Success
28761,653,32501,2022-12-18,Cancelled by the passenger
27313,2567,29284,2022-04-09,Success
30836,2829,38173,2022-10-12,Rejected by the driver
37245,1665,31127,2023-04-04,Success
46576,1970,33036,2022-10-14,Rejected by the driver
8373,2168,23727,2023-03-08,Success
48234,1537,22382,2022-07-22,Success
35281,716,5647,2022-04-24,Rejected by the driver
4453,2932,429,2022-09-29,Success
5503,702,9597,2022-12-12,Cancelled by the passenger
7423,1305,22898,2022-10-21,Rejected by the driver
37046,2957,10610,2022-04-03,Rejected by the driver
30048,637,12336,2023-02-05,Cancelled by the passenger
13740,1999,36638,2022-12-16,Success
58712,2973,6208,2022-11-18,Success
20490,373,18206,2022-12-18,Success
53450,1720,38909,2023-03-05,Cancelled by the passenger
31519,472,22607,2022-06-06,Success
35238,1620,10915,2022-03-20,Success
59897,2115,39395,2022-11-23,Cancelled by the passenger
11621,1125,28939,2022-06-30,Success
47211,1375,6806,2023-02-21,Success
10007,75,25109,2022-12-12,Cancelled by the passenger
58534,2525,15039,2022-09-21,Cancelled by the passenger
54415,1434,20319,2022-08-25,Success
36738,2260,12579,2022-09-22,Success
45901,1417,11389,2022-06-02,Success
38296,1710,29567,2023-01-27,Cancelled by the passenger
23293,2923,19802,2022-07-03,Success
14817,2443,13232,2022-12-31,Success
23902,2912,377,2023-04-05,Success
48245,1469,13965,2022-11-28,Cancelled by the passenger
28009,1561,2418,2022-07-17,Success
16731,90,33283,2022-11-22,Success
15088,1538,38928,2022-12-02,Rejected by the driver
29453,1342,18390,2022-07-25,Success
29114,2799,38130,2022-06-17,Success
19859,1061,6730,2022-12-11,Success
273,527,35028,2022-08-09,Cancelled by the passenger
9725,1062,17955,2023-01-28,Rejected by the driver
26370,2233,20271,2022-11-13,Success
21330,106,6477,2022-07-20,Cancelled by the passenger
34897,1566,11487,2022-12-09,Rejected by the driver
17920,1673,4057,2023-02-13,Success
43033,1090,5191,2022-09-20,Success
27770,2721,8865,2022-06-05,Success
53380,265,21475,2022-09-05,Rejected by the driver
11272,1311,15471,2022-05-10,Success
57388,1000,4528,2022-11-18,Success
33344,2675,24382,2022-10-13,Success
41944,2585,9139,2022-09-24,Success
20120,2062,10696,2022-12-22,Success
31919,634,5468,2022-07-15,Cancelled by the passenger
42341,2990,34264,2022-09-20,Success
57277,771,13343,2022-12-29,Success
3562,416,9409,2022-07-12,Rejected by the driver
45259,61,28338,2023-04-01,Success
52814,126,20204,2022-08-12,Success
10973,2237,25940,2022-12-20,Success
9791,2108,23693,2022-07-19,Cancelled by the passenger
316,1232,37104,2023-02-17,Success
19347,891,10712,2023-02-20,Success
13992,732,7147,2022-05-22,Success
58101,930,22898,2023-02-09,Cancelled by the passenger
48432,1330,387,2023-01-28,Success
59183,282,23822,2022-06-28,Success
47859,1266,21124,2023-02-14,Success
20322,374,5366,2023-02-25,Success
13500,1730,18854,2022-08-05,Cancelled by the passenger
40420,2895,23268,2022-03-19,Success
30121,885,8447,2023-03-03,Success
49763,2882,16439,2022-04-13,Rejected by the driver
15153,1819,19578,2023-03-11,Cancelled by the passenger
3793,2394,3861,2022-04-29,Rejected by the driver
19704,2724,35216,2022-03-31,Rejected by the driver
22849,356,26023,2022-07-16,Success
5039,2035,12461,2023-02-14,Success
16183,1144,22567,2022-03-28,Rejected by the driver
6108,94,30602,2023-03-24,Success
42449,2456,24499,2022-06-20,Success
16716,342,4462,2022-04-27,Success
41489,2849,8127,2023-01-08,Success
53838,1481,35655,2022-05-27,Success
53335,2833,13297,2023-03-31,Success
54465,1652,30434,2023-03-10,Success
38823,772,23270,2023-02-02,Success
23858,1625,1066,2023-03-31,Cancelled by the passenger
483,1948,35622,2023-03-01,Success
32948,1029,30895,2023-03-09,Rejected by the driver
37802,1617,22697,2022-03-31,Success
3716,543,39235,2022-09-30,Rejected by the driver
9,1176,29115,2022-08-04,Rejected by the driver
40872,2378,28156,2022-06-15,Success
21869,1503,34550,2022-04-04,Success
30711,2241,16187,2022-06-21,Success
30813,2850,30033,2023-03-30,Success
8684,2371,14796,2022-09-02,Cancelled by the passenger
1771,156,26277,2022-08-07,Rejected by the driver
18070,857,19033,2023-02-17,Cancelled by the passenger
38768,2762,31708,2022-07-05,Success
11366,797,6755,2022-07-31,Success
19870,2266,19253,2022-03-30,Success
29977,89,9671,2022-05-17,Success
54747,190,26756,2023-01-27,Cancelled by the passenger
45275,1296,21267,2022-06-25,Success
12544,1224,13735,2022-06-12,Rejected by the driver
28088,2314,38981,2022-12-04,Success
33781,783,26311,2022-04-14,Success
33632,794,15402,2022-10-09,Cancelled by the passenger
38722,2441,30367,2022-03-27,Success
35776,1315,18711,2022-03-14,Success
41218,1356,31018,2023-03-03,Success
12598,137,16453,2022-06-18,Success
6339,1418,6932,2022-10-27,Success
21222,1159,27479,2022-06-26,Success
52191,118,18766,2022-12-19,Success
41047,1248,16253,2022-08-13,Success
59236,1284,5670,2023-03-23,Success
23751,878,7958,2023-04-02,Success
15654,1363,39492,2023-03-03,Cancelled by the passenger
51128,558,16471,2022-09-16,Success
1727,180,219,2022-08-29,Success
3404,2588,855,2022-04-10,Success
53652,548,27227,2022-10-22,Success
21802,340,11021,2023-03-03,Cancelled by the passenger
26958,179,23571,2022-08-03,Cancelled by the passenger
33496,522,27077,2023-01-24,Success
44622,1774,575,2022-04-12,Success
33943,2032,523,2023-01-16,Success
9659,2018,32311,2023-04-09,Success
45435,2699,11561,2023-04-08,Success
45843,768,4826,2022-04-17,Rejected by the driver
57516,2788,15896,2022-07-31,Rejected by the driver
45405,756,38965,2022-07-12,Success
50736,2011,336,2022-04-07,Success
3187,642,12386,2022-10-10,Success
23320,2462,35489,2022-10-09,Success
40690,802,26396,2022-10-03,Success
31823,163,1161,2022-07-02,Success
47726,2390,5720,2023-02-20,Success
49525,1577,16659,2023-01-08,Success
24924,1311,15653,2022-04-21,Success
13099,2799,2476,2023-02-27,Success
12029,725,14275,2022-12-09,Success
16989,1170,36515,2022-05-26,Cancelled by the passenger
15128,957,5779,2022-07-19,Rejected by the driver
28564,854,22372,2022-06-21,Success
42610,1741,1175,2022-12-11,Success
48136,2896,33023,2022-05-02,Cancelled by the passenger
1703,1266,20875,2022-09-02,Success
12249,2273,28782,2022-06-17,Cancelled by the passenger
41816,823,37471,2023-02-02,Success
48426,2372,7959,2022-10-05,Success
57221,2687,20030,2023-02-09,Success
27119,1391,1561,2022-12-16,Success
33368,1508,39906,2023-01-14,Success
1913,991,36173,2023-03-30,Success
6378,1490,947,2022-09-20,Success
5015,2658,3133,2022-07-06,Cancelled by the passenger
59660,1548,1093,2022-11-19,Cancelled by the passenger
58195,2723,36878,2023-01-03,Cancelled by the passenger
27618,1077,24639,2022-09-03,Success
33828,1727,38447,2022-07-12,Success
40963,1176,21918,2022-09-05,Success
5213,1271,11624,2022-05-06,Success
36401,2277,8096,2023-01-20,Success
16921,1863,16375,2022-12-07,Success
4004,682,20721,2022-07-08,Success
30898,2706,20339,2022-09-15,Success
49758,1827,14605,2022-08-10,Success
29324,1441,32562,2022-11-28,Success
53841,2480,33176,2022-08-16,Success
23447,1099,33454,2023-03-14,Success
8479,1143,21165,2023-01-19,Success
44877,1764,23751,2022-10-31,Rejected by the driver
57743,608,22457,2022-04-15,Success
24944,1612,21408,2022-10-02,Cancelled by the passenger
17259,2794,9077,2023-04-05,Success
22440,631,27906,2023-04-09,Success
2293,1981,36372,2023-04-08,Success
33497,343,7478,2023-03-30,Success
40072,179,4533,2023-02-27,Success
11164,1763,30650,2023-01-27,Success
48160,2622,25568,2022-07-19,Success
26557,1393,4445,2023-02-14,Success
23546,2067,6847,2022-06-18,Success
52592,2123,35352,2022-09-08,Success
1352,1080,32328,2022-03-29,Success
38015,1194,12735,2022-08-19,Success
13429,959,2945,2022-09-02,Rejected by the driver
52238,1056,29963,2022-07-20,Success
2209,2018,26049,2023-02-05,Success
725,2606,22138,2022-10-14,Success
35938,629,4716,2022-08-16,Success
22998,854,7591,2023-03-22,Rejected by the driver
56258,2790,36569,2022-06-29,Cancelled by the passenger
7894,1971,7237,2022-10-14,Success
32431,2301,3149,2023-02-02,Success
27564,1279,17635,2022-09-09,Success
3494,1756,38803,2023-01-10,Success
5618,478,3155,2022-10-18,Success
32988,922,14681,2022-12-29,Success
40261,1154,14614,2023-01-12,Cancelled by the passenger
49447,1129,33295,2022-04-26,Success
34380,1744,10448,2022-08-22,Success
5790,633,13671,2022-05-20,Success
32859,1466,24969,2022-09-23,Success
18916,1121,28492,2023-01-27,Success
425,1235,22062,2022-10-27,Success
18221,1201,36555,2022-12-11,Success
32312,521,28817,2022-12-29,Success
17658,277,31229,2023-04-01,Success
9000,2663,17718,2022-12-05,Rejected by the driver
53430,1019,20729,2022-03-31,Success
45132,1768,10570,2023-01-25,Success
9684,317,11823,2022-10-03,Rejected by the driver
55931,2461,30252,2022-12-09,Success
53938,2379,29539,2022-07-07,Success
4185,2747,26249,2022-09-01,Success
3383,1297,32243,2022-11-24,Success
14377,1013,37737,2022-11-03,Success
23999,2711,29715,2022-12-23,Rejected by the driver
28307,2075,15205,2023-04-01,Success
23863,2171,30819,2022-11-18,Success
11520,1469,1974,2023-03-16,Success
23022,2870,12408,2022-03-17,Cancelled by the passenger
26061,1672,32634,2022-12-16,Rejected by the driver
22884,1903,17906,2022-12-02,Success
3489,1913,22570,2023-02-05,Success
7917,765,21728,2022-08-04,Cancelled by the passenger
26481,12,19487,2022-12-03,Success
35976,1031,11206,2022-12-07,Success
21433,1273,4590,2022-09-17,Success
4683,759,23611,2022-04-23,Success
50292,564,26628,2023-01-09,Success
41483,1368,38108,2022-09-13,Rejected by the driver
46784,2860,23345,2022-11-10,Cancelled by the passenger
34757,2701,24324,2022-05-25,Success
14482,905,10252,2022-06-04,Rejected by the driver
55591,1091,18781,2022-12-29,Success
30885,508,28508,2022-11-15,Success
1979,2605,286,2022-10-07,Success
36882,95,14900,2022-09-05,Success
34905,281,2930,2022-03-17,Cancelled by the passenger
30593,1937,11216,2022-04-10,Success
34804,1189,20403,2022-11-10,Success
57534,1943,33989,2022-11-28,Success
32614,1900,37417,2022-10-15,Cancelled by the passenger
55558,617,30180,2022-04-23,Success
38904,1274,9144,2022-09-23,Success
1831,1910,32542,2022-09-26,Cancelled by the passenger
35253,355,30418,2022-09-05,Cancelled by the passenger
17578,1822,24804,2023-03-23,Rejected by the driver
40051,1293,36379,2022-07-04,Success
5001,1541,7671,2023-03-10,Success
46789,2788,36152,2023-02-05,Success
2228,613,23878,2023-02-15,Success
8316,2584,30322,2023-01-06,Success
47073,639,4038,2022-12-01,Rejected by the driver
56643,2128,39826,2022-03-23,Rejected by the driver
33140,311,8576,2022-08-31,Success
4462,723,36874,2022-10-26,Success
51772,1169,8013,2022-04-18,Success
38747,2242,5559,2023-04-06,Success
31184,1775,6075,2022-10-14,Success
51855,1275,27523,2022-11-23,Success
59480,211,27052,2022-05-11,Success
5572,88,6322,2023-03-25,Success
56711,148,18922,2023-04-02,Success
42393,2059,7189,2022-07-22,Success
35235,1809,23381,2023-01-25,Rejected by the driver
22262,2338,14052,2022-03-17,Success
27674,1817,8338,2022-06-13,Success
2682,1858,5527,2022-09-26,Success
37422,731,18705,2022-05-05,Success
43762,2197,39199,2022-03-17,Success
55057,1046,14036,2022-03-29,Cancelled by the passenger
6678,2024,9870,2022-08-01,Success
47262,2555,10063,2022-09-30,Cancelled by the passenger
12798,2143,467,2022-05-27,Success
31004,2946,4110,2022-03-13,Success
50235,2149,19803,2022-04-13,Success
53295,2831,20749,2022-05-18,Rejected by the driver
21567,2820,36902,2022-10-04,Success
18976,2519,36737,2022-08-01,Success
6629,1868,26971,2022-03-21,Success
28685,1047,5303,2022-04-22,Success
37107,1190,29563,2022-10-21,Success
32758,1652,8248,2022-09-14,Success
58588,1976,18858,2022-08-07,Rejected by the driver
29927,456,36733,2022-08-12,Success
2312,123,16095,2023-04-12,Success
51359,21,12264,2022-09-16,Success
32053,1838,2112,2022-06-24,Rejected by the driver
8330,965,1763,2023-01-26,Success
23834,188,35688,2022-05-25,Success
40680,2811,25850,2023-03-08,Success
37670,1803,39960,2022-09-10,Success
49258,1744,33256,2022-04-09,Success
1429,493,23880,2022-05-26,Success
30083,2912,36365,2022-06-06,Success
2510,2060,19739,2023-01-23,Success
51183,1848,26476,2022-07-05,Success
56981,166,22464,2023-01-13,Success
31666,1792,15271,2022-11-17,Success
37770,1971,26283,2023-03-15,Success
6557,1346,12019,2022-11-25,Success
38593,2528,33426,2022-10-05,Success
37916,1083,37910,2022-11-02,Success
54327,1321,2804,2022-11-03,Success
44801,1178,5055,2022-08-31,Success
28737,1918,26757,2022-12-13,Success
28904,2559,21425,2023-01-19,Success
7318,754,23447,2022-06-30,Rejected by the driver
11944,2143,10574,2023-03-17,Success
34950,1872,17760,2023-04-01,Success
47379,1800,19039,2022-12-24,Success
29111,1277,1767,2022-12-06,Success
46129,2314,7894,2022-07-19,Rejected by the driver
1829,217,10657,2023-03-23,Success
6840,2857,34796,2023-01-28,Success
11890,1235,30877,2022-12-17,Success
46828,187,38689,2022-11-09,Success
15163,933,17643,2023-02-07,Cancelled by the passenger
903,1517,7398,2022-04-17,Rejected by the driver
55374,52,26722,2023-03-17,Success
48512,2202,22786,2023-01-04,Success
16152,2971,27666,2023-01-01,Cancelled by the passenger
19811,2691,15938,2022-10-28,Success
18380,811,9367,2023-03-13,Rejected by the driver
35427,2882,37089,2022-06-04,Rejected by the driver
538,1702,25864,2022-12-13,Success
12216,2442,19899,2023-03-15,Success
22905,626,1059,2022-05-13,Success
5246,687,35809,2022-07-27,Success
1062,2532,11926,2022-05-26,Rejected by the driver
8085,927,34802,2022-09-26,Success
39016,2706,37886,2023-01-26,Success
56829,2975,25536,2022-06-04,Success
26047,2632,39291,2023-02-25,Cancelled by the passenger
8037,1113,1018,2022-07-02,Rejected by the driver
46189,257,15196,2022-10-27,Success
58717,1783,21248,2022-05-04,Cancelled by the passenger
12825,1471,14414,2023-02-05,Rejected by the driver
57671,2340,26558,2023-03-11,Success
12171,1625,10575,2022-09-06,Success
37585,685,25575,2023-02-05,Success
37412,2479,20165,2022-12-19,Rejected by the driver
30160,1167,26728,2022-08-24,Rejected by the driver
46684,2808,9993,2022-06-15,Rejected by the driver
26398,1356,34245,2022-05-09,Success
57487,1346,39835,2022-12-20,Success
22360,1312,39315,2023-01-18,Success
38921,746,23662,2022-07-30,Success
8305,698,3328,2022-03-24,Success
47816,2394,6216,2022-07-10,Rejected by the driver
10407,568,30306,2022-05-07,Rejected by the driver
58771,2988,7266,2022-05-17,Success
40163,672,3574,2023-02-16,Success
32829,2419,15241,2023-03-12,Success
21147,1974,37415,2022-08-24,Success
47277,1562,33814,2022-05-19,Success
13067,1086,16638,2022-07-28,Success
2294,2527,3828,2023-01-14,Success
53689,492,22715,2022-09-04,Success
4545,2054,5968,2022-03-24,Success
269,1784,21293,2022-12-17,Success
39895,498,5353,2023-01-08,Success
26502,234,39042,2022-06-13,Success
41858,2360,20160,2022-04-08,Success
51360,2815,15673,2022-07-17,Success
49027,2245,36203,2022-05-16,Success
42721,746,38697,2022-04-14,Success
22629,315,2053,2023-04-07,Success
46303,780,15029,2022-11-01,Success
6568,1001,12724,2023-01-07,Success
37646,2524,38449,2022-08-18,Success
58715,243,15327,2022-10-07,Cancelled by the passenger
33265,2473,3768,2022-04-25,Success
13154,2460,3491,2022-09-14,Success
15778,666,27021,2023-02-23,Rejected by the driver
18337,1578,22884,2022-04-16,Success
54509,746,23487,2023-03-08,Rejected by the driver
27292,1515,27485,2022-06-30,Success
31541,114,16870,2022-11-20,Rejected by the driver
44148,2558,7844,2023-01-10,Success
33599,2499,30452,2022-11-08,Success
32683,2892,15026,2023-01-11,Cancelled by the passenger
25690,653,33977,2022-05-20,Success
6511,2740,30894,2022-08-27,Cancelled by the passenger
15003,2214,22353,2022-11-08,Success
37686,1247,14875,2022-04-29,Cancelled by the passenger
5730,2833,6214,2022-06-14,Rejected by the driver
51882,1575,16710,2022-06-07,Success
27085,409,2904,2022-10-28,Success
40226,1848,5102,2022-08-21,Success
57199,2839,31351,2022-07-03,Rejected by the driver
55242,741,20099,2022-07-18,Success
10832,1932,6824,2022-06-18,Success
11769,2030,16707,2023-03-18,Success
35910,1398,2796,2022-08-16,Cancelled by the passenger
20043,12,20920,2022-11-20,Success
52304,1789,27726,2022-05-07,Success
59732,2030,26918,2022-11-26,Cancelled by the passenger
54049,1560,19992,2022-04-19,Success
6315,1236,22371,2022-03-13,Success
53686,2894,8949,2022-09-02,Cancelled by the passenger
47456,2579,19477,2022-10-25,Success
26980,2357,958,2022-04-18,Success
53292,2677,19830,2023-04-03,Success
47239,1240,21757,2022-11-10,Cancelled by the passenger
15495,1376,826,2022-05-02,Rejected by the driver
8806,2221,29214,2023-02-25,Rejected by the driver
10431,19,13923,2023-02-25,Success
21599,2077,25403,2022-06-25,Success
23236,317,18762,2023-01-30,Rejected by the driver
17568,2931,35902,2023-02-28,Success
49702,2331,19749,2023-02-21,Success
15578,1529,21771,2022-03-17,Success
43448,2165,16794,2022-10-16,Success
35972,513,36898,2022-10-31,Cancelled by the passenger
17428,354,37714,2023-02-06,Rejected by the driver
14841,550,4702,2022-08-24,Success
12011,1052,37973,2023-03-11,Success
35719,247,32903,2022-12-25,Rejected by the driver
24229,2083,14740,2022-08-13,Success
21151,1248,39591,2023-04-12,Success
3737,95,26864,2023-01-04,Success
11623,2840,9806,2023-03-08,Success
15559,2501,23818,2022-04-26,Cancelled by the passenger
45698,1441,1083,2022-06-02,Cancelled by the passenger
30799,605,1772,2023-01-19,Rejected by the driver
14371,944,22171,2023-03-02,Success
28168,444,14331,2023-01-24,Success
40153,2280,20323,2022-08-31,Success
15942,468,31976,2023-04-02,Success
23966,2120,9024,2022-03-14,Rejected by the driver
1295,2125,23893,2022-07-29,Success
14699,1137,29480,2022-05-01,Success
48031,50,35620,2022-05-19,Cancelled by the passenger
25435,65,28705,2022-10-19,Rejected by the driver
4560,1031,23464,2023-04-01,Success
16392,2140,20372,2022-09-16,Success
6833,214,31170,2022-06-27,Cancelled by the passenger
51349,2794,15748,2022-03-27,Success
15259,1106,37771,2023-01-19,Success
30416,2466,24153,2023-03-03,Cancelled by the passenger
33549,2008,10764,2023-02-02,Success
19485,869,35952,2022-05-25,Success
33389,705,24392,2023-01-24,Success
56459,2372,34858,2022-07-11,Success
411,2644,21621,2023-03-16,Success
43392,1121,29743,2023-02-05,Success
57261,577,10972,2023-01-01,Success
7329,1674,39358,2022-08-14,Success
54669,2655,16344,2022-09-02,Success
51408,214,20339,2022-10-31,Success
9575,693,26356,2022-08-13,Rejected by the driver
41132,2933,27783,2022-03-25,Success
39065,175,6357,2023-02-24,Success
25222,2621,9553,2022-09-15,Cancelled by the passenger
58832,1960,18440,2022-08-04,Rejected by the driver
41141,1067,32563,2023-02-18,Cancelled by the passenger
59562,191,19355,2022-04-16,Success
29061,661,5844,2022-08-13,Rejected by the driver
27701,2683,32079,2022-06-26,Success
17153,1269,14882,2022-06-02,Success
20369,2770,30974,2022-11-19,Success
23531,2138,24827,2022-08-08,Success
2074,2535,14571,2022-12-01,Success
54440,2411,3525,2022-04-18,Success
5946,514,20172,2023-01-09,Success
45605,2797,24757,2023-03-30,Success
27239,684,39550,2022-05-03,Success
20788,2625,6318,2022-04-13,Cancelled by the passenger
59609,1241,21333,2022-11-01,Success
40756,2903,9451,2022-08-04,Success
390,179,7091,2022-06-20,Success
15909,310,5037,2022-11-28,Success
24037,597,17499,2022-08-31,Success
5812,1004,492,2022-10-25,Rejected by the driver
12379,1959,28398,2023-01-30,Success
14652,1184,21849,2022-11-05,Success
51884,313,17326,2022-10-31,Success
11574,2512,4814,2022-07-04,Success
13156,1533,39258,2022-03-17,Success
51678,1307,829,2022-09-15,Success
53240,1856,3233,2022-09-09,Success
53144,2929,26331,2022-08-28,Success
57718,2429,4167,2023-03-26,Success
55612,1631,33208,2022-09-05,Success
20536,1026,36845,2023-01-17,Success
24939,2858,14572,2022-12-25,Success
55650,1635,2158,2022-03-25,Cancelled by the passenger
24567,502,24042,2022-08-25,Success
864,724,27373,2022-10-27,Success
24533,438,23583,2023-01-24,Success
36325,1419,32571,2022-10-07,Success
45813,2481,34545,2023-01-24,Success
12122,38,2678,2023-03-15,Success
29946,2929,1644,2022-12-18,Success
51580,1695,21911,2022-12-25,Success
42753,1669,167,2023-01-05,Success
4542,2617,37745,2022-10-26,Success
56849,1076,9368,2022-09-03,Success
52153,88,11928,2022-07-19,Success
49420,1109,12972,2022-09-29,Success
53473,2303,830,2023-03-29,Rejected by the driver
4814,756,27563,2022-07-28,Success
26604,916,38694,2022-04-02,Success
58842,1935,3726,2022-07-28,Success
20519,2305,29879,2022-09-17,Success
29193,1555,24446,2022-09-17,Success
16055,515,37332,2023-02-02,Rejected by the driver
8739,377,4514,2022-08-16,Cancelled by the passenger
13624,342,26941,2022-04-04,Success
43379,2480,31598,2023-01-22,Success
31049,2280,35584,2022-04-06,Rejected by the driver
52455,2967,34847,2023-02-23,Success
50673,1749,14497,2023-02-20,Success
588,1238,10772,2022-09-25,Cancelled by the passenger
25358,2729,8248,2022-06-06,Success
35939,789,31285,2023-03-26,Success
814,1870,10046,2022-04-05,Success
45462,1277,13468,2022-07-08,Cancelled by the passenger
13748,178,29501,2022-05-27,Success
8920,2113,39937,2022-07-23,Rejected by the driver
7373,2263,4774,2022-08-21,Success
9527,487,1068,2023-01-10,Success
58546,2206,19713,2022-07-15,Success
20526,2283,15301,2023-02-03,Success
24002,2658,31136,2022-09-23,Success
17541,1443,24202,2023-03-09,Cancelled by the passenger
10723,924,34827,2022-07-10,Rejected by the driver
28789,1174,23361,2022-09-20,Success
48303,2306,34014,2023-02-01,Success
34358,1988,4170,2022-05-02,Success
973,2200,27841,2022-11-18,Rejected by the driver
42199,476,35761,2022-04-06,Success
8221,454,5215,2022-11-09,Success
9501,1768,19111,2022-12-05,Rejected by the driver
23677,1637,20165,2022-11-08,Success
55189,1274,13236,2023-03-31,Success
23266,2687,38372,2023-04-12,Success
58270,2951,9240,2022-08-27,Success
44747,2463,23691,2022-08-30,Success
17479,2432,24654,2022-05-11,Success
23983,1821,6438,2023-03-31,Success
15666,1470,35089,2023-01-14,Success
59304,667,1970,2023-01-06,Success
43509,1748,2504,2022-12-25,Rejected by the driver
3585,1476,3344,2022-11-12,Success
46776,1099,13168,2023-02-22,Success
7415,398,20363,2022-09-07,Success
13737,2262,8686,2023-03-06,Success
13132,2382,16897,2022-09-12,Success
23343,2648,1827,2022-12-03,Success
48039,2259,22373,2022-03-28,Success
30092,413,34671,2022-03-29,Success
13551,499,26997,2022-12-13,Success
9826,762,32567,2023-03-12,Success
28330,2143,3631,2022-10-09,Success
21792,591,35780,2022-04-12,Rejected by the driver
48548,905,34624,2022-04-15,Success
40011,2803,32877,2023-03-26,Cancelled by the passenger
51995,1693,28485,2022-05-23,Success
43717,2998,28586,2022-05-12,Success
21710,2433,13303,2022-06-08,Success
213,1285,39499,2022-10-18,Success
24067,1032,17670,2022-12-05,Success
59492,1690,32707,2022-06-28,Success
40859,1178,1800,2023-04-15,Success
40869,815,23611,2022-03-24,Rejected by the driver
37564,106,35785,2022-03-24,Success
16866,1114,37049,2022-12-15,Rejected by the driver
43818,970,17591,2023-01-01,Success
7130,437,7768,2022-09-04,Success
36900,1625,3150,2023-01-17,Cancelled by the passenger
32178,2971,14338,2022-06-28,Success
3391,2058,32441,2023-01-17,Success
51979,880,2075,2022-08-30,Rejected by the driver
20922,731,8277,2022-10-06,Cancelled by the passenger
30005,1868,24415,2022-07-11,Rejected by the driver
35882,67,15425,2022-11-04,Rejected by the driver
24191,224,20599,2022-04-16,Rejected by the driver
31558,2040,13780,2023-01-21,Rejected by the driver
31452,2128,6426,2023-01-20,Success
20052,2898,8649,2022-12-10,Cancelled by the passenger
11585,2399,27954,2022-04-20,Success
38706,2148,39076,2022-06-06,Success
48228,925,1685,2022-03-22,Success
4121,461,31272,2022-04-26,Rejected by the driver
7688,179,33664,2023-03-11,Success
13341,1104,14997,2022-03-19,Success
29542,1141,23981,2023-03-21,Success
14924,752,17684,2023-02-02,Cancelled by the passenger
46786,2196,22684,2022-08-07,Success
29920,1928,10648,2023-04-14,Rejected by the driver
44743,1398,19506,2022-12-06,Success
41517,1354,31996,2022-04-29,Success
2412,1089,15593,2022-10-14,Rejected by the driver
19403,2244,24126,2022-06-25,Success
42895,2319,26397,2022-10-26,Success
46558,517,16987,2023-01-27,Success
13461,2433,22207,2023-03-02,Success
7787,1294,36476,2022-05-20,Success
16963,2087,24650,2022-11-10,Success
26291,1360,32786,2022-05-27,Success
21287,123,6517,2022-07-31,Success
55203,1365,35388,2022-06-17,Rejected by the driver
3297,644,6887,2023-03-11,Success
39878,400,6893,2022-11-24,Success
3367,2882,22081,2022-12-27,Success
1297,1393,28838,2022-09-13,Success
44572,2424,29162,2022-11-24,Success
31844,94,176,2022-06-25,Cancelled by the passenger
30088,246,17037,2022-03-15,Rejected by the driver
56428,2759,10571,2022-09-08,Success
8629,3000,32360,2022-11-15,Success
46956,1292,11467,2022-12-08,Success
47524,823,2214,2022-04-18,Success
33008,183,21028,2022-04-01,Success
51405,333,36009,2022-11-27,Success
17770,2859,30768,2022-03-15,Success
33063,657,412,2023-01-29,Success
51000,573,35886,2022-06-08,Rejected by the driver
44735,1163,8215,2022-07-09,Rejected by the driver
59229,2476,23143,2022-10-25,Success
21459,2048,14050,2022-12-19,Success
8486,1713,37925,2022-06-10,Success
18721,885,7722,2022-10-26,Success
23416,334,35775,2022-10-23,Success
4404,232,39121,2022-03-21,Success
15807,667,489,2022-09-22,Cancelled by the passenger
45126,2699,4427,2023-04-09,Success
42698,2282,17651,2022-04-21,Success
55767,31,32667,2022-07-07,Success
28086,2957,22199,2022-03-21,Success
53950,2019,23253,2023-02-17,Rejected by the driver
33394,1306,25970,2022-10-02,Success
45759,945,12812,2022-10-06,Success
45513,1356,30705,2022-10-11,Success
58348,137,29835,2022-06-24,Success
27058,480,7124,2022-09-30,Success
9987,2209,27084,2023-02-23,Success
30419,2533,31120,2022-07-12,Success
12887,630,4309,2022-12-02,Success
22468,1249,21763,2022-08-09,Success
520,2720,2541,2022-09-07,Success
44563,2361,20653,2023-01-17,Cancelled by the passenger
33910,292,19949,2022-03-17,Success
26898,1386,23084,2022-09-20,Success
15756,1158,23210,2022-07-21,Success
17094,718,21088,2022-07-25,Cancelled by the passenger
24060,2213,22892,2023-03-02,Success
9025,2386,157,2022-06-22,Success
17099,2119,5315,2022-06-14,Success
51476,406,8780,2023-01-29,Success
51504,2723,16203,2022-03-12,Success
7124,2830,9850,2022-05-31,Success
53804,2206,26026,2023-04-14,Success
26500,1863,3199,2022-08-12,Success
14774,2473,14628,2022-11-21,Success
254,2791,6664,2022-12-27,Cancelled by the passenger
2153,238,336,2022-05-28,Success
55940,174,34914,2022-09-05,Success
39928,942,8943,2023-01-30,Success
32814,2432,16529,2023-03-06,Rejected by the driver
37493,734,1796,2022-06-26,Success
44265,1947,20799,2022-04-14,Success
44952,2980,5584,2023-01-09,Success
34481,758,30907,2022-04-04,Success
1566,1500,15105,2022-04-03,Success
49296,1959,23766,2023-03-28,Success
119,2585,175,2023-03-01,Rejected by the driver
661,2021,35823,2023-01-25,Success
53521,102,12120,2022-10-09,Success
1590,827,2039,2022-09-16,Success
52861,1426,23967,2022-07-18,Success
24455,2231,4661,2022-08-22,Cancelled by the passenger
5853,2207,18777,2022-11-16,Rejected by the driver
35274,1628,16877,2023-02-03,Success
17674,1268,36187,2023-03-28,Success
38052,2906,32453,2022-10-26,Success
52409,2241,30439,2022-12-29,Success
9352,398,19205,2023-03-09,Success
2891,1432,6946,2023-02-24,Rejected by the driver
36208,1469,11126,2022-08-13,Success
6825,2086,31940,2022-11-20,Success
53968,931,9127,2022-11-25,Success
10923,2457,18177,2023-01-26,Success
58979,2859,10952,2023-02-25,Cancelled by the passenger
44298,2298,24467,2022-09-02,Success
18050,863,37476,2022-10-05,Success
7662,1361,12658,2022-09-05,Success
58350,321,1981,2023-03-11,Success
3281,2222,39360,2022-10-09,Rejected by the driver
13292,2681,35229,2022-05-20,Success
25844,2638,24412,2022-08-19,Cancelled by the passenger
430,878,51,2022-09-03,Success
1687,676,1142,2023-01-19,Success
22461,422,1536,2023-02-12,Success
619,584,27903,2023-01-12,Success
8693,963,6429,2022-10-12,Rejected by the driver
31988,1238,11015,2022-12-15,Success
50239,2565,28769,2022-11-25,Success
250,2683,6882,2022-11-21,Success
44611,1931,33429,2022-10-09,Success
22422,769,25355,2022-04-20,Success
10748,1136,15887,2022-09-21,Success
22953,1007,21991,2022-04-07,Rejected by the driver
26032,1169,27898,2023-01-30,Success
11876,867,1813,2023-01-14,Rejected by the driver
26660,909,2031,2022-11-23,Success
6379,126,26593,2022-11-09,Success
41255,1374,27409,2023-02-18,Success
57864,1600,3073,2022-06-16,Success
34228,1450,15032,2023-02-27,Success
56063,1339,15254,2022-08-14,Rejected by the driver
37774,144,19307,2022-08-26,Success
50095,2720,12188,2023-02-16,Success
5749,524,16466,2022-09-18,Success
58616,14,23957,2022-08-12,Success
3758,13,33289,2022-10-10,Success
42314,2101,29507,2022-06-14,Cancelled by the passenger
13599,287,6244,2022-03-14,Success
4353,1789,23890,2022-10-06,Success
1484,2478,14937,2022-12-21,Success
34961,140,20364,2023-04-11,Success
35701,485,11124,2022-08-28,Success
41112,519,30719,2023-01-25,Success
4282,359,3890,2022-12-20,Success
43978,1049,24612,2022-10-16,Cancelled by the passenger
28456,1460,19963,2022-09-28,Success
2796,352,29725,2023-01-21,Success
35666,274,7895,2022-09-29,Rejected by the driver
33958,519,6810,2022-08-30,Success
57387,119,4653,2023-04-14,Rejected by the driver
22743,2648,1375,2022-05-07,Success
18141,2832,36032,2022-11-16,Cancelled by the passenger
50685,680,24302,2022-06-30,Rejected by the driver
16451,2700,4152,2023-02-17,Rejected by the driver
53994,227,36044,2022-08-12,Success
40629,2511,15982,2022-06-16,Success
10827,2402,4316,2022-08-30,Success
27178,2935,6534,2022-08-19,Success
39113,2454,7699,2022-12-13,Success
47642,500,1105,2022-12-17,Success
55277,908,7148,2022-10-22,Success
38030,1208,6239,2023-02-23,Rejected by the driver
12450,766,27234,2022-08-17,Success
54693,1439,8785,2022-05-20,Success
40809,2380,10613,2023-01-19,Success
26853,1303,29008,2022-05-24,Success
11767,1249,38364,2022-07-14,Success
4748,953,16763,2023-03-28,Success
13008,2072,35357,2022-09-11,Success
55785,2903,15119,2023-03-11,Success
26663,10,6505,2022-11-04,Success
41012,2372,37206,2022-05-14,Success
48519,1828,11004,2023-01-10,Success
16068,2440,20906,2022-04-10,Success
56782,1249,31192,2023-02-02,Success
31044,1328,18532,2022-03-21,Success
45209,2988,7263,2022-08-21,Rejected by the driver
23174,1385,15373,2022-11-17,Success
13329,2725,26389,2022-06-05,Success
34862,513,29048,2022-04-22,Rejected by the driver
50386,2196,11270,2022-04-22,Success
53102,1069,18695,2022-11-30,Rejected by the driver
14405,2613,35433,2022-05-29,Rejected by the driver
45372,154,12883,2022-05-29,Cancelled by the passenger
14410,349,36600,2022-05-01,Cancelled by the passenger
14242,1366,10128,2022-06-10,Success
31408,916,26777,2022-10-17,Success
30935,2475,7343,2022-11-04,Success
32561,1552,17458,2022-06-30,Success
41089,2327,23566,2022-12-24,Success
8968,2329,22252,2023-03-26,Success
59354,516,16462,2022-08-20,Success
3685,2955,12106,2022-05-15,Success
43376,2233,27942,2022-12-05,Success
29827,2051,23566,2023-01-14,Success
33105,199,20584,2022-08-18,Success
24553,753,23273,2022-07-08,Success
3435,494,26018,2022-09-21,Success
21145,1183,7150,2022-06-03,Rejected by the driver
16507,1487,8643,2023-01-06,Success
6425,1905,38034,2023-02-23,Success
39527,2116,9980,2022-08-06,Success
6675,1744,18432,2022-10-04,Success
1633,263,22734,2022-11-23,Success
10978,202,18654,2022-07-12,Rejected by the driver
30242,1434,36531,2023-01-24,Success
44559,2910,17388,2022-05-09,Success
37205,878,10952,2022-08-31,Success
55576,172,9851,2023-02-20,Success
6401,2085,17886,2022-06-27,Success
43701,1379,16815,2023-02-15,Rejected by the driver
10251,2977,31699,2022-04-14,Success
3927,857,30960,2022-06-17,Success
31103,1440,25353,2022-11-01,Success
31963,1217,28979,2022-12-19,Success
57504,2915,13211,2022-10-25,Success
56910,1531,19136,2023-02-07,Success
58586,327,13460,2022-09-21,Success
26683,1558,19790,2022-05-14,Success
5831,1161,14415,2023-01-23,Cancelled by the passenger
19154,2822,37108,2023-04-02,Cancelled by the passenger
1906,1373,1002,2023-03-16,Success
36149,350,4138,2023-01-11,Success
17792,2870,34110,2022-08-14,Cancelled by the passenger
59332,1757,28057,2022-11-14,Rejected by the driver
11029,1122,37426,2022-03-27,Rejected by the driver
7731,1318,30815,2022-09-29,Success
33218,2842,34527,2022-12-28,Success
18650,763,26503,2022-06-13,Success
28715,557,4612,2022-08-03,Success
5698,2843,12568,2023-02-01,Success
26580,2583,15675,2022-07-20,Success
35547,1068,28579,2022-06-25,Cancelled by the passenger
13730,1233,17123,2022-06-07,Success
53668,189,1558,2022-05-11,Success
1088,294,19616,2022-03-23,Success
25635,470,30913,2022-07-09,Success
35206,2063,30578,2023-03-14,Success
2807,2978,8216,2022-09-25,Success
50947,1226,6409,2022-06-16,Cancelled by the passenger
7167,7,1424,2022-08-19,Success
23301,2814,24346,2023-04-03,Success
54694,914,35824,2023-01-06,Success
36967,2713,33284,2023-02-11,Cancelled by the passenger
45002,1089,38421,2022-10-15,Success
37565,1704,24044,2022-09-13,Success
48417,1419,15098,2022-12-14,Success
26148,1761,10913,2023-01-17,Success
37881,2933,10831,2022-08-12,Success
28991,181,21736,2022-11-14,Success
36183,1167,9094,2022-06-24,Rejected by the driver
37182,1725,6142,2023-01-28,Success
28209,627,35478,2022-03-24,Success
33128,354,27456,2022-11-28,Cancelled by the passenger
54430,292,7184,2022-12-07,Success
20072,1925,16679,2023-02-24,Success
25759,2068,32269,2022-04-17,Success
22008,2591,24460,2023-03-08,Cancelled by the passenger
28101,2858,18696,2022-09-30,Success
29952,1919,29715,2022-08-16,Rejected by the driver
33086,658,27158,2022-09-11,Rejected by the driver
39548,1107,31865,2023-02-12,Success
48342,791,23727,2023-04-15,Success
23122,1873,7581,2022-11-27,Success
2961,2327,32566,2022-09-26,Cancelled by the passenger
41338,2106,16407,2023-02-13,Success
8624,2093,25308,2023-02-22,Rejected by the driver
47884,896,27175,2022-08-19,Rejected by the driver
27534,1135,19011,2022-11-17,Rejected by the driver
19979,2863,1927,2022-06-12,Success
3093,2832,26834,2022-08-12,Success
40260,1478,15167,2022-12-08,Success
16439,85,23120,2023-01-08,Rejected by the driver
20781,553,26873,2022-05-01,Rejected by the driver
16249,2655,12090,2022-10-16,Success
31133,2730,5915,2022-08-28,Cancelled by the passenger
36753,2004,25207,2023-04-02,Cancelled by the passenger
5767,1062,6292,2022-04-16,Cancelled by the passenger
52372,1551,18925,2022-07-12,Success
58020,2678,23139,2022-11-04,Success
49506,111,29629,2022-05-08,Success
20256,246,32113,2022-04-16,Success
37970,361,23314,2022-04-17,Success
49539,1054,1249,2022-12-18,Success
11593,548,15272,2022-08-15,Success
28001,2974,19284,2023-01-22,Success
46683,1967,29830,2023-01-08,Cancelled by the passenger
49727,2679,21047,2022-03-31,Success
29813,2177,38248,2022-10-04,Success
20806,1992,3821,2023-02-19,Success
13794,750,27846,2023-02-25,Cancelled by the passenger
12858,2262,30481,2022-04-25,Success
18896,97,8211,2022-12-18,Rejected by the driver
57721,593,39308,2022-08-23,Success
28830,10,34749,2023-01-11,Success
57547,1277,21554,2022-11-09,Cancelled by the passenger
50782,657,10347,2023-03-13,Cancelled by the passenger
32151,134,34958,2022-08-26,Success
32249,787,39698,2022-06-02,Success
5988,796,37528,2022-06-12,Cancelled by the passenger
48873,636,37356,2022-03-14,Cancelled by the passenger
9331,1610,38752,2022-07-26,Success
20459,2430,10731,2022-08-11,Success
54180,2997,25171,2022-08-28,Success
12673,2444,1863,2022-08-31,Success
7949,959,12266,2023-03-29,Success
30127,1884,25122,2022-12-20,Success
4943,739,6442,2023-03-09,Cancelled by the passenger
15951,2427,13377,2022-11-30,Rejected by the driver
16132,232,23869,2022-10-16,Rejected by the driver
5462,1928,27357,2022-12-22,Cancelled by the passenger
44942,345,38877,2022-12-31,Success
37237,2689,14345,2022-07-28,Success
19996,345,2248,2023-03-06,Success
52043,2656,23429,2022-09-13,Success
55146,1015,11802,2022-09-15,Success
6443,1905,38221,2023-01-26,Rejected by the driver
10242,2987,16692,2023-01-10,Rejected by the driver
8946,2593,5248,2022-07-13,Success
41323,1586,2577,2022-07-12,Rejected by the driver
20505,892,9268,2022-06-03,Success
202,648,31833,2022-07-31,Success
1985,1416,5509,2023-04-07,Success
58391,2743,9879,2022-04-23,Rejected by the driver
51279,2803,16537,2023-01-03,Cancelled by the passenger
34467,2697,9291,2022-09-10,Success
17820,2204,27781,2022-11-09,Success
41143,2578,22853,2022-10-22,Success
51696,779,18259,2023-02-23,Success
52060,495,3057,2022-07-03,Success
8377,2973,2505,2023-01-02,Success
50377,2057,28452,2022-11-07,Success
52261,211,24423,2022-07-06,Success
22867,481,12508,2023-01-28,Rejected by the driver
49051,1451,18671,2022-09-11,Success
39017,517,3946,2022-09-08,Cancelled by the passenger
48967,1708,32524,2023-01-23,Success
56718,1342,19161,2022-06-17,Rejected by the driver
31707,2280,2397,2023-01-10,Success
17718,2735,20739,2022-10-26,Success
46699,751,22014,2023-01-09,Cancelled by the passenger
15346,1098,9507,2022-09-22,Rejected by the driver
42847,2484,19991,2022-08-25,Success
7247,2284,13521,2022-12-17,Success
46605,1724,20905,2022-07-04,Success
7604,1937,17701,2022-12-18,Success
12635,2375,21284,2022-07-09,Success
59819,354,29161,2022-05-18,Success
53290,203,25481,2022-07-02,Success
823,1077,27225,2023-01-30,Rejected by the driver
9943,2448,39153,2022-06-06,Cancelled by the passenger
29649,1575,37352,2023-03-17,Success
13255,2205,9772,2022-08-02,Success
58982,1606,101,2022-05-23,Success
56250,2225,5317,2022-12-11,Success
19639,2882,33630,2022-05-27,Success
29392,2883,3774,2022-10-15,Success
47545,2578,23741,2022-12-12,Success
4555,972,18275,2022-07-25,Success
5397,120,28296,2022-07-15,Success
43992,1422,39914,2022-08-22,Success
29506,602,2742,2022-08-19,Success
9992,2765,16309,2022-05-24,Success
46527,1949,38511,2022-05-03,Success
30308,1901,38156,2022-11-20,Success
22100,1228,13640,2023-02-22,Success
11229,1505,1854,2022-07-28,Success
19570,2206,22269,2022-06-23,Success
34945,2863,34205,2023-01-25,Success
36717,218,20529,2022-05-17,Success
49610,1600,12682,2022-03-26,Success
47842,1121,4200,2022-10-03,Success
45738,2379,26540,2023-02-21,Rejected by the driver
16657,2015,27235,2022-06-12,Success
9203,2511,25967,2022-09-17,Cancelled by the passenger
32916,359,38185,2023-04-09,Success
7640,661,37675,2022-04-21,Rejected by the driver
6483,2806,36915,2023-04-15,Success
29857,1413,17295,2022-08-08,Success
43602,2722,20235,2022-07-07,Success
13471,68,33482,2022-03-13,Success
14334,2392,2370,2022-10-15,Success
41415,2144,2851,2022-11-25,Success
38780,2615,29670,2022-05-09,Success
14063,653,14539,2022-07-24,Success
59319,2095,20286,2023-01-25,Cancelled by the passenger
53100,151,12402,2022-08-17,Success
45115,350,12168,2023-01-10,Success
8322,1684,17269,2023-03-31,Success
46778,497,16737,2022-11-18,Success
29430,1732,37312,2023-02-05,Rejected by the driver
5747,42,18730,2023-04-14,Success
36518,232,21898,2023-03-16,Success
57420,2804,23848,2022-07-17,Success
48752,1327,33205,2023-04-15,Cancelled by the passenger
26107,1554,34106,2023-02-02,Success
54984,2702,33548,2023-03-28,Cancelled by the passenger
15396,758,26712,2022-04-21,Rejected by the driver
11303,2859,24893,2023-03-25,Success
33615,2219,4004,2022-10-12,Success
31585,2952,26060,2022-11-08,Cancelled by the passenger
7286,1685,32680,2022-09-13,Success
8206,1957,39565,2022-05-26,Cancelled by the passenger
13048,2963,29999,2022-06-02,Success
10770,231,32506,2022-06-01,Success
19049,757,21974,2022-12-08,Rejected by the driver
27820,1803,29114,2023-01-15,Success
18730,2363,9383,2022-05-02,Rejected by the driver
44636,2822,12336,2022-05-23,Success
56040,1562,34151,2022-09-21,Success
6247,2659,30665,2023-02-12,Success
11104,2910,10209,2023-01-29,Success
46035,619,32769,2022-09-27,Success
50774,885,38287,2022-06-05,Success
4172,925,16768,2023-01-20,Success
52982,979,19670,2023-02-26,Success
14295,2250,36567,2022-06-03,Success
51364,2781,24192,2022-12-22,Success
45789,1939,18018,2022-05-06,Success
3497,2164,20372,2022-03-28,Cancelled by the passenger
54213,1425,12663,2022-05-19,Cancelled by the passenger
46287,268,28219,2022-08-06,Success
35992,1584,8880,2022-05-03,Success
59543,2771,17494,2023-03-25,Success
25434,719,16187,2022-06-07,Cancelled by the passenger
10520,2649,19904,2022-10-04,Success
12806,238,10252,2023-03-28,Success
34887,604,19862,2023-03-09,Success
5775,2168,27764,2022-04-04,Success
31441,2259,5035,2022-05-20,Success
8816,2952,38628,2022-09-13,Cancelled by the passenger
47402,1759,22591,2022-08-04,Success
11863,2616,847,2022-05-21,Rejected by the driver
50879,604,17223,2023-03-25,Success
38885,354,32907,2022-09-23,Cancelled by the passenger
23572,742,22836,2022-12-17,Cancelled by the passenger
2404,422,18742,2022-08-11,Success
29684,1558,2338,2022-05-03,Success
41070,2511,22221,2022-05-25,Success
42970,1195,22039,2023-01-16,Cancelled by the passenger
13496,2684,18652,2023-01-15,Success
12853,2882,30409,2023-01-10,Success
29283,707,16127,2023-01-11,Success
17800,1878,25974,2022-12-03,Success
47646,2038,19146,2022-07-11,Success
27321,270,12431,2022-07-18,Cancelled by the passenger
39489,874,13699,2023-02-04,Success
19964,684,7454,2022-08-08,Success
31523,1555,4285,2022-11-28,Success
6899,1002,37758,2022-04-22,Cancelled by the passenger
54071,2730,20380,2022-12-03,Success
59871,535,30936,2022-05-24,Success
57857,657,16594,2022-11-14,Success
19868,1345,23997,2022-04-01,Cancelled by the passenger
5624,1156,28004,2022-07-10,Success
10594,1365,14377,2022-11-05,Cancelled by the passenger
41513,461,4006,2023-01-21,Success
32210,2080,37515,2023-02-20,Cancelled by the passenger
54130,1113,36134,2022-08-03,Success
16140,471,38743,2022-07-05,Rejected by the driver
1854,1592,35787,2022-11-01,Success
38,1613,34063,2022-10-06,Success
2551,1644,15230,2022-05-06,Success
39353,2332,5132,2023-01-17,Success
58209,2405,24594,2023-02-04,Success
32665,1352,5579,2022-09-21,Success
57270,1036,35869,2022-07-06,Cancelled by the passenger
44705,516,24239,2022-04-21,Success
3029,736,31703,2022-09-17,Success
11589,1981,14887,2022-09-25,Success
49120,1032,12063,2023-01-17,Success
36810,1916,16658,2023-03-10,Success
14021,2602,7665,2023-02-07,Success
38067,1314,1705,2022-12-20,Success
23889,2177,17516,2022-03-29,Success
18965,2769,25768,2022-08-17,Success
24039,2259,432,2023-03-21,Rejected by the driver
6957,1618,12988,2023-03-26,Success
49753,1224,36571,2023-01-29,Success
59915,1205,31664,2022-12-31,Cancelled by the passenger
10877,778,21227,2022-05-04,Rejected by the driver
51046,1141,11084,2022-06-28,Success
3949,2841,30857,2022-10-09,Success
43505,262,17407,2023-03-13,Success
39397,2826,38415,2022-12-25,Rejected by the driver
18523,2716,37068,2023-03-26,Success
51914,615,26318,2023-03-29,Success
18396,2447,11095,2022-03-22,Success
9731,2429,27531,2023-01-03,Success
16501,1302,27345,2022-07-01,Rejected by the driver
33444,1629,10498,2023-04-08,Success
44658,2112,15465,2023-01-13,Cancelled by the passenger
9212,2943,32597,2022-04-24,Success
50491,2947,25521,2022-05-26,Success
49691,2553,11072,2022-12-30,Success
48142,2992,34783,2022-12-02,Success
46711,663,21352,2022-07-15,Success
48059,947,10535,2023-01-14,Success
11440,1774,16200,2022-04-06,Success
31789,887,14664,2023-03-29,Cancelled by the passenger
30239,2510,33020,2022-05-11,Cancelled by the passenger
7341,1764,18889,2022-04-06,Success
24380,2774,1761,2022-10-25,Success
8239,2301,24922,2023-03-07,Rejected by the driver
51648,1911,23988,2022-10-05,Success
36008,2878,39615,2022-03-25,Success
12894,2629,34490,2022-05-09,Rejected by the driver
25624,2543,38382,2022-07-22,Cancelled by the passenger
59934,1476,6439,2023-02-27,Rejected by the driver
54594,1122,24230,2022-08-01,Cancelled by the passenger
41631,645,499,2022-03-21,Success
1505,1206,34564,2023-01-27,Rejected by the driver
34103,2815,12134,2023-03-11,Success
59513,1597,17880,2023-03-23,Cancelled by the passenger
20398,2777,32697,2022-07-20,Success
31899,1562,36711,2022-04-26,Success
55090,2002,27334,2022-04-07,Success
58089,1821,13397,2023-01-24,Cancelled by the passenger
39447,780,26567,2022-11-11,Success
52402,1777,1954,2023-01-16,Success
33257,307,1310,2022-05-06,Success
10413,2658,10232,2022-05-25,Success
56302,83,17476,2022-03-13,Success
30856,1794,33465,2022-12-08,Success
16300,2391,26964,2023-02-17,Success
52383,1765,16357,2022-04-05,Success
14939,291,34620,2022-04-23,Cancelled by the passenger
15766,2924,8484,2022-10-02,Success
13477,2787,3475,2023-02-06,Success
5791,2486,31205,2022-10-24,Cancelled by the passenger
56404,768,36471,2022-07-01,Cancelled by the passenger
37978,102,12528,2022-05-18,Success
22325,328,10938,2022-11-22,Success
1406,2111,14210,2023-03-17,Success
46100,584,28446,2022-12-05,Rejected by the driver
58587,2103,32274,2022-06-30,Success
6382,656,20570,2022-05-12,Success
23208,2002,24249,2022-04-21,Rejected by the driver
48722,1139,12279,2022-12-11,Success
44194,2004,6922,2022-09-15,Success
15936,1982,14072,2022-10-07,Success
40582,2498,25768,2023-02-03,Cancelled by the passenger
24174,389,32877,2022-07-19,Cancelled by the passenger
12834,1537,38494,2022-12-22,Success
4760,665,24181,2022-06-17,Success
8606,650,9204,2022-08-22,Rejected by the driver
6430,1498,1870,2022-10-04,Success
36492,1531,11906,2022-04-19,Success
51824,2800,2838,2023-01-12,Success
40058,2291,26148,2022-09-05,Success
31288,728,32369,2023-01-07,Rejected by the driver
20870,1712,38128,2023-03-05,Success
29238,1857,22644,2022-09-22,Success
3602,2797,38186,2022-12-23,Success
4842,571,38854,2022-09-27,Success
49368,714,12518,2023-04-09,Rejected by the driver
29575,1214,36994,2022-05-07,Success
21392,1384,3205,2022-04-05,Success
1195,2508,3830,2022-12-23,Success
10027,1309,32646,2022-04-12,Success
43125,1767,28465,2022-10-17,Success
53033,1757,33498,2022-05-01,Cancelled by the passenger
42700,1359,16796,2022-08-18,Success
33846,973,17249,2023-03-31,Success
54650,1656,11594,2023-02-14,Rejected by the driver
45960,2513,17078,2022-11-15,Success
7486,2323,39575,2022-04-30,Cancelled by the passenger
47098,2291,21722,2023-02-08,Success
46578,724,15195,2022-07-19,Success
54408,1884,18690,2023-01-27,Rejected by the driver
11848,2876,13986,2022-04-09,Success
32064,2996,8796,2022-06-16,Success
13199,891,7517,2022-05-18,Success
287,827,8614,2022-05-03,Success
36559,1516,3778,2022-07-30,Success
25424,1176,4198,2022-04-30,Success
7935,2408,14483,2022-12-10,Success
12689,2821,37864,2022-09-05,Rejected by the driver
32563,1841,30994,2022-08-23,Cancelled by the passenger
43494,28,28988,2022-10-01,Cancelled by the passenger
36026,2326,30237,2022-09-23,Cancelled by the passenger
59062,1793,19955,2022-05-20,Success
7165,2928,39324,2023-01-14,Cancelled by the passenger
32594,2471,3097,2023-01-28,Success
31251,1408,1007,2022-06-25,Rejected by the driver
2329,1400,4736,2022-03-17,Success
57953,1276,37974,2023-01-09,Success
46966,1641,33781,2022-03-19,Success
5452,2597,26863,2022-03-26,Success
8403,2172,20879,2022-03-29,Success
42560,2117,16012,2022-11-05,Success
59770,2633,6152,2022-10-27,Rejected by the driver
9136,1410,28060,2023-02-21,Success
23582,2618,2263,2022-05-29,Success
14674,152,36051,2022-06-17,Success
37768,2532,34308,2023-03-23,Rejected by the driver
40997,2928,27909,2022-07-15,Success
24409,562,11942,2023-02-16,Success
51750,1358,7323,2022-03-12,Success
20621,332,34210,2022-05-09,Success
44496,413,36659,2022-08-05,Rejected by the driver
6566,1622,14398,2022-10-19,Success
16413,1021,2775,2023-01-12,Success
19513,1139,31630,2022-06-26,Rejected by the driver
6893,966,31640,2023-02-08,Cancelled by the passenger
53970,1838,4880,2022-12-02,Rejected by the driver
33320,2428,34943,2022-07-24,Rejected by the driver
42415,1726,6183,2022-06-10,Success
3295,2882,24969,2022-07-31,Cancelled by the passenger
55306,2988,17880,2022-08-31,Success
34493,863,27574,2022-09-30,Rejected by the driver
954,2488,5082,2023-04-15,Cancelled by the passenger
58813,2416,13022,2022-10-02,Success
33971,2685,5321,2022-08-09,Success
33,245,14738,2023-02-12,Rejected by the driver
39967,2227,26710,2022-06-18,Success
3898,1189,37977,2022-11-12,Success
14135,2943,1689,2022-04-20,Success
36519,2608,28363,2022-10-22,Cancelled by the passenger
27317,2392,5899,2022-12-09,Success
26990,2787,17708,2022-11-08,Success
36030,2200,3538,2023-03-27,Success
31544,1578,16881,2022-07-15,Success
24662,2435,6204,2023-01-05,Rejected by the driver
30113,2457,126,2022-04-20,Success
16726,1563,34450,2022-03-15,Cancelled by the passenger
47345,2719,11911,2022-07-18,Rejected by the driver
27765,1877,18367,2022-11-19,Success
18754,2753,33494,2022-07-05,Success
53557,1057,34050,2022-08-28,Success
35851,2398,32778,2022-05-08,Success
26102,551,14820,2022-06-13,Success
3292,182,31478,2023-01-02,Success
19801,2962,5996,2023-04-04,Success
41105,1507,14905,2022-12-22,Cancelled by the passenger
8508,2823,37145,2023-02-02,Success
48540,720,16110,2023-02-23,Cancelled by the passenger
54149,2446,18952,2022-03-31,Cancelled by the passenger
5676,750,26368,2022-05-01,Success
37018,2086,26733,2022-03-24,Success
51810,69,15811,2022-05-03,Success
37359,229,5336,2022-10-06,Rejected by the driver
1843,1491,18101,2022-12-07,Success
15443,1292,38950,2023-03-25,Rejected by the driver
15228,2525,28142,2022-11-22,Success
2936,1946,1096,2023-03-15,Success
19334,478,32384,2022-12-16,Success
4886,425,18035,2022-07-16,Success
27360,1356,28120,2022-09-02,Success
55987,2791,16827,2023-02-08,Success
23463,113,35346,2022-11-11,Success
12308,968,27051,2022-09-27,Success
57444,491,22216,2022-11-05,Rejected by the driver
31972,705,33939,2022-06-28,Success
491,2257,11763,2022-04-09,Success
55564,2944,4952,2022-10-12,Success
4087,2806,26994,2022-04-02,Rejected by the driver
50004,2689,25251,2022-08-06,Success
1180,264,33808,2022-04-11,Success
44581,913,37176,2022-04-03,Success
24816,911,15450,2022-07-07,Success
14581,1569,9658,2023-04-07,Success
38582,368,17708,2022-11-19,Success
35950,1005,9364,2022-06-06,Cancelled by the passenger
17169,1149,33995,2022-04-25,Cancelled by the passenger
6072,2832,38871,2023-03-04,Rejected by the driver
45028,780,16337,2022-07-13,Success
34203,1713,25580,2023-03-01,Success
57414,1069,30708,2022-11-30,Rejected by the driver
41067,2923,17086,2022-05-25,Success
48068,195,26666,2022-08-15,Success
13100,52,11859,2022-06-13,Rejected by the driver
38021,1089,23123,2023-01-14,Success
18516,1848,31368,2022-12-03,Success
2087,2435,24683,2022-07-19,Rejected by the driver
6698,337,26943,2022-09-18,Rejected by the driver
31374,754,27762,2022-09-11,Success
20,2433,38478,2022-04-11,Success
33832,2766,31402,2022-05-31,Success
52314,935,13860,2023-01-25,Success
27091,1737,30328,2022-06-29,Success
8427,245,37116,2022-12-30,Rejected by the driver
50112,2850,39255,2022-12-30,Success
44884,685,5277,2022-11-12,Success
30600,2015,1817,2023-03-17,Success
50598,1095,34772,2022-06-19,Success
17723,2472,8511,2022-11-30,Success
43473,797,28201,2022-04-13,Success
47918,1349,15022,2022-08-30,Success
9673,382,11542,2022-09-29,Rejected by the driver
38119,1446,32675,2023-01-01,Success
21507,1773,39920,2023-04-02,Success
28129,2777,36249,2022-09-21,Success
9278,1887,14485,2022-05-10,Success
9580,2317,2147,2022-03-13,Success
41778,1439,14822,2023-02-22,Rejected by the driver
40292,605,21832,2023-03-18,Success
7773,2542,25291,2022-08-04,Success
35646,1534,19318,2022-05-11,Success
19591,368,22871,2022-03-15,Success
6965,168,15599,2022-11-15,Success
53935,330,21353,2023-03-13,Success
39953,1721,33776,2022-11-14,Success
38500,1111,19961,2022-12-10,Success
12490,2805,10867,2022-06-16,Success
25031,2734,25701,2022-04-14,Success
49021,2657,35365,2022-05-13,Cancelled by the passenger
18365,1506,26958,2022-06-23,Success
14834,537,14354,2022-10-25,Success
2721,249,33472,2022-06-05,Success
58728,2746,3366,2023-02-06,Cancelled by the passenger
23226,949,33171,2022-06-11,Success
55741,2649,25057,2022-07-29,Success
23258,704,38963,2022-10-20,Success
16284,2193,13422,2022-10-23,Rejected by the driver
19645,1388,8375,2022-12-24,Rejected by the driver
32737,1441,24653,2022-07-25,Success
44930,732,25519,2022-06-07,Success
31757,1989,28770,2022-09-02,Success
27596,2593,13665,2022-05-30,Success
42302,1634,35749,2022-07-11,Success
11723,464,12022,2022-08-19,Cancelled by the passenger
17249,2615,13339,2022-03-15,Success
28805,2951,4845,2023-02-18,Success
30177,2891,32871,2022-08-25,Success
33024,945,8556,2022-07-19,Success
45055,2545,15628,2022-09-28,Success
55686,971,19041,2022-04-14,Rejected by the driver
19572,702,27283,2023-02-21,Success
39564,1493,27573,2022-03-24,Rejected by the driver
18278,2020,2304,2022-10-12,Success
8049,1308,8865,2022-10-21,Cancelled by the passenger
1085,724,20811,2023-03-10,Success
2168,16,31037,2022-09-08,Success
16317,1571,21762,2022-04-02,Success
21499,324,19125,2022-07-25,Success
39753,1750,21574,2022-06-06,Success
3191,1411,11430,2022-10-05,Success
17297,178,33678,2023-03-13,Success
37483,2721,5480,2022-07-05,Cancelled by the passenger
59143,343,30499,2023-02-24,Success
31083,2426,30280,2022-10-07,Success
53121,472,806,2022-05-05,Rejected by the driver
35926,1943,21560,2022-12-24,Success
53232,1531,5936,2022-04-22,Success
18039,1786,10387,2022-07-26,Success
56062,2020,30788,2022-06-09,Success
57232,2773,37561,2023-01-15,Success
25162,447,19726,2022-03-31,Rejected by the driver
11546,2327,22155,2022-10-11,Rejected by the driver
13742,1344,12164,2023-01-27,Success
48888,13,13267,2022-08-12,Success
38537,594,26499,2023-04-08,Success
48305,1265,8436,2022-12-07,Success
48275,1193,15358,2022-12-31,Rejected by the driver
56244,2867,1469,2022-07-19,Cancelled by the passenger
29695,214,35501,2022-11-02,Success
32672,452,16325,2023-01-03,Cancelled by the passenger
2337,1516,27823,2023-03-14,Success
8397,1008,32773,2022-10-14,Success
58393,2979,24126,2022-08-04,Success
3774,885,9401,2022-07-02,Cancelled by the passenger
19220,2703,16257,2023-01-03,Success
18778,675,19138,2022-11-03,Success
4349,129,27602,2022-10-12,Rejected by the driver
36781,1983,10579,2023-02-12,Rejected by the driver
5117,1338,28099,2022-04-12,Rejected by the driver
3669,348,23272,2022-04-06,Success
9677,2828,3874,2022-12-17,Cancelled by the passenger
14376,2173,11433,2022-07-16,Cancelled by the passenger
55973,2153,2867,2022-08-20,Success
48695,1136,28846,2023-01-07,Success
2499,2083,34875,2023-02-03,Success
46942,1053,12392,2022-07-02,Success
52107,262,12654,2023-03-02,Success
34218,665,34877,2022-07-15,Success
28966,1567,17846,2022-04-16,Success
8099,613,22046,2022-03-16,Cancelled by the passenger
27592,63,17685,2022-03-12,Rejected by the driver
26389,915,26845,2022-11-04,Rejected by the driver
30702,596,27420,2022-08-12,Success
21717,424,2229,2022-11-06,Success
57346,859,5324,2022-06-05,Success
7646,2710,8490,2022-11-04,Rejected by the driver
38044,2445,996,2022-04-25,Success
55270,2287,33680,2022-08-21,Rejected by the driver
11260,1855,21112,2022-08-30,Success
59714,2276,20613,2022-08-24,Success
8058,1873,2055,2022-04-24,Success
59078,2785,3598,2022-08-15,Cancelled by the passenger
5308,1786,12963,2023-03-07,Cancelled by the passenger
8145,1206,27508,2023-03-03,Success
44923,599,33939,2022-06-02,Success
31445,355,15507,2022-08-25,Success
39620,220,19999,2022-11-14,Cancelled by the passenger
23843,2130,17443,2023-04-08,Success
18948,2261,184,2022-10-15,Rejected by the driver
34992,1461,6605,2023-02-26,Success
20090,1280,221,2023-02-23,Success
24300,2825,13833,2022-04-30,Success
36356,518,12957,2023-04-08,Success
42348,2256,5401,2022-05-10,Success
3624,2875,32328,2022-10-01,Success
53584,541,28856,2022-06-22,Success
14909,1003,38842,2022-05-01,Success
23618,1114,14938,2022-05-23,Rejected by the driver
20262,2895,1065,2022-12-25,Success
51816,83,4738,2022-06-29,Rejected by the driver
56804,1701,31072,2023-03-19,Success
58575,531,10059,2022-06-26,Cancelled by the passenger
21135,432,26279,2022-07-31,Success
31320,466,24067,2022-04-30,Success
17380,2492,23096,2022-12-03,Success
16445,2777,16427,2023-01-21,Rejected by the driver
31210,1566,29830,2022-06-04,Success
46670,1310,31782,2022-06-02,Rejected by the driver
20980,2880,33934,2022-10-15,Success
52509,2349,20374,2023-01-06,Success
54343,1389,38464,2022-09-30,Success
37653,181,11731,2022-08-13,Rejected by the driver
58172,839,3617,2022-11-22,Success
15408,438,37316,2022-04-14,Success
24247,118,9186,2022-12-10,Success
54427,2006,32551,2023-03-26,Success
42067,1763,33472,2022-05-22,Cancelled by the passenger
46080,818,6500,2023-02-18,Rejected by the driver
53002,1834,39606,2022-04-17,Success
44153,2263,10535,2022-04-27,Rejected by the driver
29455,2950,4819,2022-11-22,Success
12793,958,1889,2023-01-14,Success
29537,286,34027,2022-07-22,Success
23619,991,27308,2022-08-06,Success
28821,1722,4850,2022-06-25,Success
30911,640,11596,2023-04-13,Rejected by the driver
17796,2376,8362,2022-09-01,Success
37086,137,1457,2022-12-07,Success
56722,2162,31447,2022-06-10,Success
24626,848,33964,2022-11-07,Success
50437,234,9645,2022-11-18,Success
32489,223,26425,2022-06-17,Success
39477,1741,8527,2022-05-05,Success
26678,1582,28082,2022-08-27,Cancelled by the passenger
5455,2191,27820,2022-10-03,Rejected by the driver
43189,800,12610,2022-04-26,Cancelled by the passenger
10677,1878,4841,2022-07-26,Success
32643,797,8406,2022-04-03,Success
5701,1590,18278,2022-09-07,Success
51677,1856,34087,2022-04-17,Cancelled by the passenger
43962,195,21449,2022-11-22,Rejected by the driver
50878,838,30443,2022-09-21,Success
8243,2242,29181,2023-02-09,Success
25012,1337,25376,2022-07-01,Success
47196,813,35369,2023-01-28,Success
13333,2660,6566,2023-02-16,Cancelled by the passenger
25955,800,7108,2023-01-26,Success
6376,1522,20489,2022-07-12,Cancelled by the passenger
29298,1032,4823,2022-07-15,Rejected by the driver
29902,382,9264,2022-12-18,Success
35608,978,22694,2023-01-27,Success
21498,657,1140,2022-05-23,Success
22469,647,22560,2022-04-11,Success
29055,218,3631,2022-10-25,Success
35913,1747,38886,2023-04-06,Success
4496,818,32491,2022-03-20,Success
23506,2067,25820,2022-07-26,Cancelled by the passenger
40061,244,10217,2022-03-18,Success
15135,1812,23808,2023-01-28,Success
45440,2182,32393,2023-01-22,Success
58377,1890,37755,2022-04-27,Success
8565,2211,2139,2022-09-13,Success
55452,737,33097,2022-09-01,Rejected by the driver
4307,124,14400,2023-03-10,Success
18532,2955,35927,2022-07-17,Success
7058,617,29544,2022-09-16,Success
4700,1929,34424,2022-12-05,Success
4826,2149,24875,2022-04-20,Success
34530,1813,17788,2022-11-07,Cancelled by the passenger
39258,2283,25569,2023-01-30,Success
57155,2716,37154,2022-05-17,Success
19863,2242,12197,2023-04-04,Success
53562,782,23934,2022-08-09,Success
38726,1191,18913,2023-02-14,Cancelled by the passenger
28457,2879,18991,2022-04-12,Success
59164,706,5476,2023-02-19,Success
10899,2940,14349,2022-11-07,Success
11914,1161,24538,2023-03-05,Success
25638,1514,23990,2023-01-09,Rejected by the driver
56220,2339,34601,2022-06-09,Success
54528,1991,19330,2022-07-13,Success
21603,2629,4184,2023-03-11,Success
4951,1121,33179,2022-08-23,Cancelled by the passenger
36161,2783,22203,2022-11-18,Success
785,2984,13951,2022-09-16,Success
20356,2800,24418,2022-04-09,Success
27282,802,33887,2023-03-08,Success
799,1122,31079,2023-01-31,Success
18986,376,24385,2022-04-11,Success
46855,1899,25725,2022-07-21,Success
36906,423,31536,2023-01-01,Success
57788,1599,34530,2023-03-28,Cancelled by the passenger
5359,1598,38251,2023-01-28,Rejected by the driver
46409,2095,35429,2023-03-23,Rejected by the driver
10313,1480,25904,2023-03-03,Success
51973,406,19413,2022-05-28,Success
14149,2873,5668,2023-03-30,Success
45357,2826,25318,2023-02-05,Success
9171,2102,17546,2022-07-13,Rejected by the driver
486,702,11511,2022-11-03,Success
11862,3000,18028,2023-01-08,Success
26322,1130,13975,2023-02-13,Cancelled by the passenger
3837,732,10706,2023-03-19,Success
10236,2321,7295,2022-08-07,Success
35946,1914,37717,2023-04-07,Success
1456,2547,8510,2022-04-18,Rejected by the driver
26488,1488,37933,2022-09-17,Success
3146,1588,12707,2022-09-25,Success
25598,2839,30855,2022-11-06,Success
47358,1018,7653,2022-06-07,Success
19696,2070,16996,2022-07-24,Rejected by the driver
26375,2970,26083,2022-04-29,Rejected by the driver
11311,2412,28103,2022-12-11,Success
19622,826,7235,2023-03-28,Success
43637,2749,20763,2022-08-30,Success
11931,620,6481,2023-02-21,Success
20472,1540,36933,2022-06-14,Rejected by the driver
52848,2188,39561,2023-02-07,Success
8888,2273,7277,2022-12-05,Success
1931,1340,8468,2022-09-11,Success
19433,2612,25651,2022-12-11,Rejected by the driver
24102,2172,37792,2022-10-13,Success
49473,854,5366,2022-12-12,Success
57750,660,27436,2022-04-13,Rejected by the driver
52918,1779,39651,2023-03-02,Success
50739,1840,12291,2022-07-22,Success
55886,99,29290,2022-05-10,Success
6407,2606,16696,2022-09-04,Success
4310,607,13305,2022-10-01,Success
14459,2962,26687,2022-08-04,Success
48332,612,3887,2022-06-10,Success
22370,2026,35087,2022-12-23,Success
24422,421,33358,2022-09-17,Rejected by the driver
56257,2713,18372,2022-07-26,Success
48496,2812,29542,2023-01-25,Success
52252,2708,430,2022-09-01,Cancelled by the passenger
49281,928,3247,2022-04-27,Success
17526,1962,14076,2023-03-15,Success
25094,2007,13740,2023-01-16,Success
16750,1578,25348,2022-09-29,Success
53732,1854,39992,2022-11-27,Success
49380,2749,3376,2023-03-27,Rejected by the driver
5770,1825,32453,2022-05-25,Success
22454,1192,36831,2022-10-24,Success
30884,2130,28490,2022-11-22,Success
59995,2919,18763,2022-12-11,Success
41251,2620,16390,2023-01-07,Success
52442,1284,7988,2022-11-14,Success
28075,2642,25009,2023-03-06,Rejected by the driver
53112,1543,12983,2022-09-13,Success
56904,1845,5900,2022-06-09,Success
51160,1143,27232,2022-05-02,Success
5232,1192,5070,2022-06-15,Success
44240,2816,7530,2023-01-13,Success
9995,2414,9621,2023-01-16,Rejected by the driver
3344,6,13797,2022-07-19,Success
1982,2408,6424,2023-01-17,Success
59440,1819,35053,2022-09-21,Success
50132,372,9423,2022-08-28,Cancelled by the passenger
49975,217,14228,2023-02-05,Cancelled by the passenger
32773,2947,22547,2022-05-15,Success
22102,2593,27729,2022-04-25,Success
23750,2,12637,2022-09-16,Cancelled by the passenger
28479,1372,22162,2023-01-29,Rejected by the driver
37440,1278,8354,2022-11-13,Success
45146,2234,15348,2022-09-06,Rejected by the driver
26553,1048,16811,2022-05-02,Success
14953,511,22211,2022-11-27,Rejected by the driver
44578,823,26119,2022-08-25,Success
50753,1641,10880,2023-01-21,Success
24869,2528,29024,2022-07-09,Cancelled by the passenger
21534,631,3842,2022-08-08,Rejected by the driver
44288,1961,21441,2022-10-26,Success
47774,1423,7405,2022-10-28,Success
50325,749,37171,2023-03-25,Success
9794,1961,1542,2022-07-10,Success
53449,2404,9499,2022-10-30,Success
55645,171,7294,2022-09-11,Rejected by the driver
18800,1073,14027,2022-04-14,Success
45597,1955,25494,2022-03-27,Rejected by the driver
52419,2823,2110,2022-07-21,Success
11247,2241,36996,2022-09-12,Rejected by the driver
5013,2348,26969,2022-05-17,Success
42384,2889,12028,2023-01-08,Rejected by the driver
25021,2090,22373,2022-05-18,Success
38496,239,10788,2022-05-16,Success
812,869,19363,2022-07-20,Success
28680,381,12131,2023-02-12,Success
20049,2741,3109,2022-05-25,Success
14607,2044,14218,2023-03-15,Cancelled by the passenger
20629,265,30135,2022-12-17,Success
16327,2634,34490,2022-03-14,Success
33726,2813,13503,2022-03-28,Success
17058,1469,28400,2022-11-14,Rejected by the driver
18091,1826,8451,2023-04-08,Success
8092,166,28966,2022-09-09,Success
10460,2339,20033,2022-03-30,Success
26659,974,32661,2022-04-11,Cancelled by the passenger
6948,1873,17380,2022-11-05,Success
45211,2011,33813,2022-10-14,Success
8340,1418,582,2023-01-02,Rejected by the driver
28440,2215,26731,2022-06-08,Success
52827,2185,30809,2022-07-12,Success
6423,1704,34194,2023-02-15,Success
47114,2764,28288,2022-09-29,Success
10914,2916,24665,2023-03-01,Success
13368,1249,17672,2023-03-31,Cancelled by the passenger
10504,773,23261,2023-02-23,Success
39655,121,17080,2022-07-18,Success
5570,2884,33184,2022-07-06,Cancelled by the passenger
17706,644,22485,2022-12-12,Rejected by the driver
40183,75,5837,2022-08-29,Success
30705,1338,15216,2023-02-02,Success
12046,907,19769,2022-10-01,Success
21450,1742,5140,2023-04-09,Success
20185,578,5320,2022-03-29,Success
43562,1025,35960,2022-08-01,Success
9009,651,7312,2023-02-13,Success
57976,1446,8849,2022-06-29,Success
51876,1223,32827,2022-12-01,Success
6268,325,18501,2022-04-17,Success
24898,757,13875,2022-10-08,Success
49263,564,26083,2022-04-19,Success
53234,1210,38699,2022-09-11,Success
32257,824,26729,2022-03-26,Success
57890,2052,20716,2022-04-30,Cancelled by the passenger
36959,271,17244,2022-11-13,Success
43296,2754,22561,2023-03-19,Cancelled by the passenger
13493,1653,35193,2022-09-24,Rejected by the driver
14651,5,24084,2023-02-13,Success
57037,1120,39110,2023-04-14,Success
2579,211,8680,2022-06-27,Success
55463,1685,24136,2022-11-17,Success
28816,914,10743,2022-03-23,Success
46121,315,23335,2022-06-06,Success
18539,2198,17807,2022-04-05,Cancelled by the passenger
51964,2515,4225,2022-05-25,Cancelled by the passenger
43652,2351,9229,2022-11-11,Success
5548,2321,30621,2022-08-08,Success
8469,2278,5273,2023-01-25,Success
52891,1166,7208,2022-03-26,Success
35909,480,29433,2022-03-12,Success
43094,891,10580,2022-05-05,Success
34,2048,37240,2023-01-30,Success
24937,1431,12590,2022-10-18,Success
56651,351,15259,2022-05-30,Success
17412,2734,16797,2023-01-06,Success
2513,2271,20150,2022-11-18,Success
53101,2346,34414,2023-01-24,Rejected by the driver
20482,327,4262,2022-05-04,Success
4689,531,10473,2022-07-07,Success
52734,1404,25982,2022-11-22,Success
30906,2178,15412,2022-08-19,Success
42277,515,25402,2022-11-30,Rejected by the driver
34859,2535,10463,2023-04-04,Success
45694,290,23673,2023-01-06,Success
23407,1802,11523,2022-11-22,Success
47199,1541,14650,2022-06-03,Rejected by the driver
6979,1258,12565,2023-03-11,Rejected by the driver
50965,1014,9278,2022-06-01,Success
2356,2204,19782,2022-10-15,Rejected by the driver
4195,1208,3876,2022-03-18,Success
43619,66,12355,2022-12-03,Success
34434,204,9695,2022-04-17,Success
43451,1392,5354,2022-12-22,Success
40740,1186,37355,2022-04-20,Success
49012,2960,7760,2022-06-19,Success
44814,770,7062,2022-04-13,Success
14823,1375,12243,2022-04-27,Success
32939,2087,30485,2022-10-04,Success
56667,2243,25572,2022-10-05,Success
19869,1047,10816,2023-03-09,Success
10399,136,18013,2023-03-07,Cancelled by the passenger
54206,926,21638,2023-02-13,Success
21606,1455,2658,2023-02-01,Success
57807,1612,27521,2022-11-04,Cancelled by the passenger
48662,2554,15178,2022-05-30,Success
13373,448,9523,2022-10-14,Success
33069,2585,32417,2023-02-13,Success
25056,1931,3291,2023-02-17,Success
31256,1537,4954,2022-04-21,Success
14907,1854,4130,2022-06-12,Success
9735,2413,8496,2022-05-15,Success
912,1793,9184,2022-07-24,Rejected by the driver
14756,1400,19300,2023-01-27,Success
57494,520,11665,2022-05-14,Success
20082,600,11605,2023-04-02,Success
48441,1928,34591,2022-06-26,Success
39973,2745,29679,2022-10-03,Cancelled by the passenger
40379,2803,17758,2022-09-13,Rejected by the driver
37984,2734,5028,2022-07-28,Cancelled by the passenger
12486,2573,17986,2022-09-30,Success
5691,2845,20343,2022-07-27,Success
21458,2649,2207,2023-03-29,Success
25415,1634,990,2022-08-01,Success
47498,1442,30064,2022-06-13,Rejected by the driver
6829,351,14527,2022-05-31,Success
25015,1731,33370,2022-07-09,Success
9854,1179,11167,2022-09-04,Success
11088,1176,25221,2022-03-14,Cancelled by the passenger
37846,2381,5448,2022-11-23,Success
1611,2064,39547,2022-11-19,Success
31260,650,38998,2023-02-06,Cancelled by the passenger
34431,1310,29503,2023-02-26,Success
28017,1282,29330,2023-03-30,Success
10075,1408,4906,2022-09-13,Success
30844,604,5506,2022-10-03,Success
16644,2860,4683,2022-04-13,Cancelled by the passenger
5634,1133,12789,2023-03-17,Success
32185,2716,32573,2022-05-03,Success
51793,13,20438,2022-04-14,Success
15452,1040,27371,2022-03-27,Success
52093,1064,31258,2022-12-04,Success
6266,2945,30009,2023-02-26,Cancelled by the passenger
925,2891,1515,2023-03-25,Success
20245,1957,13500,2022-03-24,Success
50265,220,14085,2023-02-07,Success
23576,2207,20962,2022-09-21,Success
55675,949,30582,2022-07-20,Success
11292,2063,24639,2022-05-25,Success
2870,2883,33329,2022-12-14,Success
2283,1384,32992,2023-02-06,Rejected by the driver
38452,1972,22341,2022-08-31,Success
41441,238,10937,2022-09-19,Success
42816,204,38906,2022-04-24,Success
47330,1167,27743,2023-04-11,Rejected by the driver
47944,2704,15046,2022-10-25,Success
34967,19,37234,2023-01-23,Cancelled by the passenger
41278,1888,15592,2023-01-11,Success
41497,1659,39317,2023-02-11,Success
37167,408,13968,2023-02-11,Success
4085,2297,22788,2023-02-05,Cancelled by the passenger
7827,1771,24791,2022-12-14,Success
32670,2549,10608,2023-01-30,Success
53899,2407,6976,2022-03-31,Rejected by the driver
28735,1711,39040,2023-01-12,Rejected by the driver
48419,663,17577,2022-06-01,Rejected by the driver
50419,2582,37672,2022-07-14,Success
16489,747,35485,2022-10-23,Cancelled by the passenger
19448,658,2590,2023-04-09,Success
33980,1050,30780,2022-08-09,Success
26487,852,22075,2022-11-17,Success
36009,2693,24123,2022-08-23,Success
31869,258,172,2022-07-17,Success
19373,229,11282,2022-07-09,Success
17343,639,30629,2022-06-08,Success
45040,1862,17115,2022-06-09,Success
58397,1831,13547,2023-01-27,Rejected by the driver
31129,236,24411,2022-12-07,Success
25584,2297,36691,2023-01-29,Success
28031,745,9720,2022-07-23,Success
46241,120,4566,2022-04-10,Success
7206,941,27185,2022-08-19,Success
11152,458,20575,2022-06-23,Success
4082,2895,18256,2023-03-24,Success
4873,2592,22901,2023-02-20,Success
54181,1692,21279,2022-06-12,Success
33365,846,6181,2022-11-04,Rejected by the driver
20170,2833,1835,2022-09-18,Success
18689,1027,39937,2022-03-28,Success
36514,381,2967,2022-07-06,Success
48380,1838,39829,2023-03-11,Success
43054,1072,10286,2022-12-13,Rejected by the driver
39155,1549,18302,2022-08-29,Success
37749,2781,36561,2022-06-08,Success
46356,19,38278,2022-03-29,Success
7386,1230,24374,2022-03-28,Success
52714,1046,32970,2022-12-29,Success
18953,1181,2086,2022-10-19,Success
34834,2952,23982,2022-10-28,Rejected by the driver
10612,2301,25647,2023-02-25,Success
29456,1645,15983,2022-10-16,Success
17685,2995,17032,2022-07-24,Cancelled by the passenger
55073,1765,20859,2022-11-02,Success
16414,2845,25469,2022-11-27,Success
44589,765,5871,2023-01-31,Success
54955,2664,10428,2022-07-04,Cancelled by the passenger
21881,132,277,2022-08-09,Success
45906,1418,25217,2022-07-30,Rejected by the driver
42373,2313,14240,2023-02-12,Rejected by the driver
18893,428,33756,2022-08-03,Success
18117,2395,29965,2022-11-03,Success
31569,1722,8889,2022-04-30,Rejected by the driver
48545,2651,34920,2022-05-25,Success
2871,956,237,2022-03-28,Success
12857,1563,35154,2022-08-17,Success
36847,2030,8237,2022-08-31,Success
35984,502,30290,2022-12-04,Success
847,1113,16753,2023-01-26,Success
56841,550,16125,2023-02-17,Cancelled by the passenger
9507,1181,19687,2022-07-06,Success
13340,575,1781,2023-03-01,Success
45889,1823,16482,2022-09-13,Success
43051,1165,19839,2022-08-15,Success
12372,2455,35441,2022-08-05,Rejected by the driver
7302,1028,9638,2023-03-31,Success
53332,373,30598,2022-08-18,Success
28671,904,14228,2022-06-02,Success
33831,832,14765,2022-08-07,Success
15298,1799,13476,2022-11-15,Success
43244,338,2800,2022-03-29,Success
21887,2212,36570,2022-08-11,Success
19743,36,28005,2022-05-01,Cancelled by the passenger
32433,2809,31509,2023-03-02,Success
29923,2288,15011,2022-10-26,Success
28728,1710,13558,2023-04-15,Success
37113,875,20045,2022-05-31,Success
57831,2284,30517,2023-02-28,Success
52479,536,36896,2023-01-10,Success
32205,1550,34854,2022-10-30,Success
23129,2607,33653,2022-11-12,Success
54855,377,10871,2022-09-16,Success
19900,1118,38748,2022-10-16,Success
17923,2533,26779,2022-12-17,Rejected by the driver
30402,465,37596,2022-12-22,Rejected by the driver
42569,2030,9737,2022-08-09,Rejected by the driver
33382,1602,7094,2022-11-06,Rejected by the driver
42940,2897,17313,2022-12-05,Success
50264,2351,35030,2022-05-16,Cancelled by the passenger
18033,2448,32114,2022-07-17,Rejected by the driver
264,2548,8725,2022-04-28,Success
14563,516,22485,2022-12-14,Cancelled by the passenger
14761,1306,10805,2022-06-18,Success
27878,2077,1278,2022-03-13,Cancelled by the passenger
41246,818,17212,2022-11-04,Success
13384,784,36209,2023-01-02,Success
57367,293,38858,2023-04-08,Cancelled by the passenger
27476,2541,23716,2023-02-20,Success
18404,2729,4286,2022-09-19,Success
49973,204,32364,2023-03-02,Success
17747,2262,9302,2022-10-07,Success
18724,1133,34344,2023-01-22,Success
32213,1533,7381,2022-09-28,Rejected by the driver
46092,833,13924,2022-03-21,Success
54991,1694,39958,2022-04-16,Cancelled by the passenger
11662,2433,19678,2023-01-18,Cancelled by the passenger
1439,788,12026,2022-06-02,Success
39607,144,5177,2022-11-06,Success
47108,2937,31339,2022-06-08,Rejected by the driver
44228,562,8050,2022-05-31,Success
33907,1280,39267,2023-01-03,Success
54068,1382,32604,2022-07-15,Success
46211,2476,11907,2022-10-18,Success
15337,1247,3860,2022-06-30,Success
34309,1238,11884,2022-04-16,Cancelled by the passenger
25467,2265,2638,2022-09-20,Success
30340,2879,17028,2023-03-28,Success
54858,789,12334,2022-11-05,Success
45155,1570,5390,2022-08-22,Success
38443,945,31632,2023-04-10,Success
53766,2271,36977,2023-03-18,Success
28137,1183,8657,2022-08-27,Success
49238,884,21314,2022-05-14,Rejected by the driver
30217,563,17897,2022-05-11,Success
55334,438,2403,2022-10-31,Success
53151,2537,28584,2022-03-25,Success
13514,1214,23763,2022-12-17,Success
25188,1282,27103,2022-12-26,Rejected by the driver
54476,1618,3347,2022-07-10,Success
58568,64,27531,2022-06-19,Success
1360,84,7209,2022-05-14,Cancelled by the passenger
8802,23,28516,2023-01-08,Success
47080,1797,17306,2022-06-21,Success
44028,339,4620,2023-01-07,Cancelled by the passenger
4515,1357,4128,2023-02-16,Success
32654,917,248,2022-06-16,Success
16292,607,13431,2022-04-30,Success
58215,1765,1475,2022-03-23,Success
9855,2863,29820,2022-09-27,Rejected by the driver
52101,33,30617,2022-09-22,Cancelled by the passenger
24527,1536,37200,2022-12-08,Success
56225,2466,7517,2022-06-21,Success
56712,756,33422,2023-02-19,Cancelled by the passenger
34486,1583,10885,2023-01-13,Rejected by the driver
19837,1687,5108,2023-02-24,Success
9362,2163,27249,2022-10-26,Success
40395,1508,29310,2022-05-11,Cancelled by the passenger
23196,2252,4983,2023-03-10,Success
1657,2853,6164,2022-10-21,Success
8927,865,36993,2022-05-01,Success
26628,914,27121,2022-10-04,Success
41606,366,12477,2022-12-30,Success
37049,2257,38133,2023-02-19,Success
7650,1445,18658,2022-12-11,Cancelled by the passenger
46390,679,1562,2022-10-07,Success
13391,893,30251,2022-10-12,Success
23353,582,18415,2022-04-17,Success
36268,2514,24036,2023-03-28,Rejected by the driver
58974,889,15407,2022-05-17,Success
3408,804,21581,2022-11-18,Success
42438,541,24789,2022-11-03,Success
59882,453,27982,2022-12-04,Rejected by the driver
55511,1823,9348,2022-10-19,Rejected by the driver
26638,2852,16467,2023-03-06,Success
44761,2075,26171,2022-09-25,Success
35751,2956,27482,2023-04-14,Success
55732,2173,23120,2022-11-03,Success
57115,2341,20163,2022-07-16,Success
48596,1607,37321,2022-09-12,Success
37789,535,2941,2023-03-14,Success
9008,1413,36926,2022-12-25,Rejected by the driver
15156,1790,28251,2022-04-11,Success
44211,1375,28166,2022-12-26,Success
48255,2651,37213,2023-02-11,Success
54746,2964,17993,2023-03-09,Success
50118,1883,24634,2022-05-07,Rejected by the driver
35180,1864,1474,2022-11-27,Cancelled by the passenger
40152,1871,14281,2022-09-21,Success
17516,2667,37489,2023-02-25,Cancelled by the passenger
42947,2742,26539,2023-01-18,Success
12510,1254,13853,2023-01-01,Success
9586,2996,34217,2022-04-17,Success
16774,564,37543,2022-05-24,Success
9469,733,9737,2022-08-12,Cancelled by the passenger
21705,1245,21915,2022-12-21,Success
42174,1574,10846,2023-03-22,Success
52895,666,152,2022-11-19,Rejected by the driver
21456,46,28269,2023-01-09,Success
34133,1984,34449,2022-08-16,Success
8434,1312,11871,2022-04-16,Success
29211,2556,30425,2023-01-20,Cancelled by the passenger
4037,214,12145,2022-10-21,Success
10838,1745,38880,2022-10-16,Success
23339,244,2126,2023-02-10,Success
8108,2637,39499,2022-04-25,Cancelled by the passenger
28988,2215,27222,2022-04-13,Rejected by the driver
25453,1058,20600,2023-04-02,Success
20917,688,6550,2023-02-26,Success
20750,2191,9642,2022-10-08,Rejected by the driver
54642,1179,34056,2022-11-28,Success
38335,1006,495,2023-03-13,Rejected by the driver
31886,2757,9907,2022-10-01,Success
54015,1351,2301,2023-01-22,Success
41091,238,36716,2022-06-11,Success
55059,508,4603,2022-12-18,Cancelled by the passenger
26279,2295,5055,2022-12-08,Success
18032,1411,22933,2022-10-30,Success
8702,1225,2046,2022-06-05,Success
37685,2486,5785,2022-11-14,Success
16457,1099,11922,2022-05-01,Success
24267,2550,15970,2023-01-17,Success
26343,2025,25219,2022-08-21,Success
32274,414,14965,2023-01-28,Success
20951,1820,17601,2022-07-12,Success
25654,915,31309,2022-05-05,Success
9422,2462,15920,2022-11-27,Success
49748,981,434,2022-06-20,Cancelled by the passenger
3534,625,14645,2022-05-27,Rejected by the driver
44241,248,144,2022-06-29,Success
20343,2425,34772,2022-07-29,Cancelled by the passenger
53953,1767,22187,2022-06-06,Success
51091,803,16209,2022-08-09,Success
10450,448,26394,2023-01-16,Success
59150,1997,12265,2022-10-22,Success
6212,621,10253,2022-10-24,Success
5415,1439,23831,2022-06-16,Success
38262,1921,19038,2022-03-18,Success
18381,531,37232,2022-08-27,Success
47735,101,30763,2022-12-10,Success
9797,384,39317,2022-04-16,Success
22885,2470,32449,2022-03-16,Cancelled by the passenger
9737,2115,36517,2022-07-12,Success
2947,1770,19,2023-01-07,Success
42702,117,23019,2022-08-27,Success
2015,2601,17919,2022-04-27,Success
13134,2169,29543,2022-12-21,Cancelled by the passenger
29690,1729,26677,2022-05-24,Success
35553,166,37561,2022-06-21,Rejected by the driver
50612,131,12328,2023-03-12,Success
11946,1687,13630,2022-11-25,Success
43702,2471,28605,2022-06-14,Success
12660,801,17091,2022-06-21,Rejected by the driver
44652,794,15999,2022-12-20,Success
11220,100,39046,2023-03-13,Success
26796,1202,39923,2022-07-06,Rejected by the driver
32426,2838,22351,2023-01-08,Success
37591,539,38672,2022-06-16,Success
33206,2162,7002,2022-12-14,Success
20053,1435,4358,2022-05-10,Success
44667,1279,36218,2022-11-06,Success
37054,207,14786,2022-07-08,Success
57808,12,33222,2022-06-01,Cancelled by the passenger
34649,1203,37263,2022-12-25,Success
58582,1266,9952,2022-08-19,Success
20091,231,12110,2023-03-04,Cancelled by the passenger
10736,629,17720,2022-03-23,Rejected by the driver
44561,835,18034,2022-11-01,Cancelled by the passenger
51609,291,24135,2022-03-16,Success
10617,1574,26423,2023-04-15,Cancelled by the passenger
41217,2880,18987,2022-06-25,Success
28243,24,22061,2022-09-26,Success
40881,1114,1940,2022-10-20,Success
50343,2321,22780,2022-03-26,Success
50024,2205,9689,2022-05-16,Success
41691,369,25516,2023-02-15,Success
17245,1416,10180,2022-09-10,Success
38703,925,17220,2022-05-12,Success
27208,602,20162,2022-05-23,Success
32610,694,24340,2023-03-10,Rejected by the driver
17286,1852,10507,2022-04-28,Success
31959,1349,19702,2022-05-12,Success
50930,809,9256,2022-07-29,Success
29893,678,7570,2022-11-27,Success
5390,767,13749,2022-09-04,Success
49168,1781,38026,2023-01-05,Rejected by the driver
2554,2891,2042,2022-11-09,Success
46277,2926,28850,2022-10-05,Success
48044,1346,4609,2022-08-26,Success
23914,1095,12381,2022-10-22,Success
58405,1556,1141,2022-12-29,Rejected by the driver
34770,2975,13536,2022-08-25,Rejected by the driver
35164,2328,35898,2022-03-15,Success
30774,30,9980,2022-12-21,Success
21721,1505,39536,2022-12-01,Success
59703,1894,25838,2022-11-18,Success
17533,1670,16137,2023-03-21,Success
5442,2523,32335,2022-07-01,Success
898,2636,31142,2023-03-12,Rejected by the driver
41514,2788,20185,2023-01-31,Success
50126,113,18503,2022-04-08,Success
10928,1322,2518,2022-11-09,Cancelled by the passenger
59100,2409,21701,2023-03-23,Success
42124,1749,22568,2023-02-09,Success
56665,733,34107,2023-03-12,Cancelled by the passenger
39456,1689,7162,2022-06-12,Cancelled by the passenger
15331,739,25438,2022-12-11,Success
4181,1282,1510,2022-12-11,Cancelled by the passenger
56949,1619,3401,2022-09-19,Rejected by the driver
38195,2236,18753,2022-11-10,Success
20847,159,21431,2023-02-15,Success
50346,162,1827,2023-01-02,Rejected by the driver
566,2717,13692,2022-03-24,Success
54613,749,33568,2022-08-13,Success
41799,515,30252,2022-08-20,Success
58102,2336,20150,2022-08-01,Success
55860,1832,4388,2022-08-21,Rejected by the driver
29325,516,36462,2022-09-27,Rejected by the driver
30063,2001,16754,2022-04-26,Success
57778,457,3952,2022-03-24,Success
21466,2854,36920,2022-06-01,Success
24511,1586,10425,2022-08-30,Success
28438,1846,39467,2023-03-05,Success
40486,2384,29407,2022-08-03,Success
59288,740,22486,2022-04-20,Success
47812,1247,37975,2022-08-26,Success
49660,1970,32878,2022-10-10,Success
50914,2330,35315,2023-01-13,Success
25427,499,9016,2022-10-14,Success
42371,2968,3308,2022-11-18,Success
48911,549,25392,2023-01-16,Success
57990,529,20681,2022-07-04,Cancelled by the passenger
46432,1064,1998,2023-01-18,Success
1767,1665,2001,2022-10-20,Success
55607,2516,21268,2023-02-01,Success
36137,1367,34750,2023-04-08,Success
39407,704,2162,2023-01-08,Success
54799,692,38629,2023-01-22,Success
22343,2878,12226,2022-12-16,Success
8053,795,27281,2022-07-04,Cancelled by the passenger
26395,861,23837,2022-09-21,Success
44040,1366,7127,2022-12-01,Success
13710,476,14855,2023-04-09,Cancelled by the passenger
23957,2992,32624,2022-03-22,Success
24349,786,32620,2022-04-01,Cancelled by the passenger
33202,404,27719,2022-11-13,Success
40176,463,22096,2022-12-27,Success
59936,308,12758,2023-01-25,Success
18553,1684,10548,2022-10-21,Success
45014,466,10143,2022-04-25,Success
11727,1597,23106,2022-12-31,Success
29131,2888,24679,2022-12-12,Cancelled by the passenger
17449,1731,37815,2023-02-24,Success
25063,2657,28491,2022-08-25,Success
15599,732,32087,2023-02-03,Cancelled by the passenger
49435,991,30808,2023-01-08,Rejected by the driver
44474,1362,2811,2023-04-13,Success
31244,2193,31741,2022-05-08,Success
48936,2923,8688,2022-12-15,Success
35301,1875,8433,2022-04-20,Success
29505,2816,39032,2022-05-18,Rejected by the driver
24507,1598,8348,2023-03-13,Success
53132,1796,31792,2022-08-03,Cancelled by the passenger
5386,805,11042,2022-06-13,Cancelled by the passenger
12014,130,39115,2022-11-27,Success
38134,2968,15643,2023-03-19,Success
39461,2199,9460,2022-12-05,Success
19928,2927,36346,2022-05-06,Rejected by the driver
54776,688,20772,2022-07-15,Success
51051,181,23476,2022-08-20,Success
54635,860,8,2022-10-18,Success
16987,787,15380,2022-04-09,Success
24250,627,13773,2022-06-05,Success
18832,2222,16386,2022-11-28,Cancelled by the passenger
14759,1994,6996,2022-07-27,Success
1309,2640,12727,2023-01-23,Success
33132,2913,9830,2022-07-22,Success
46371,1170,25229,2022-04-02,Success
18019,2446,5604,2022-03-20,Success
54145,2625,27039,2022-11-26,Success
53042,2055,24384,2022-06-21,Success
29352,1681,3006,2023-03-05,Cancelled by the passenger
15372,490,13989,2022-11-13,Success
37517,2632,3152,2022-05-14,Success
12037,2029,9283,2022-12-07,Rejected by the driver
17914,2053,23217,2023-03-07,Success
32326,461,5917,2023-01-18,Success
28570,2727,9351,2022-08-04,Success
14897,2039,29761,2022-03-19,Success
18213,471,37624,2022-06-30,Success
4793,1238,11021,2022-10-30,Cancelled by the passenger
34206,224,32811,2022-06-09,Success
56480,2585,9596,2022-05-22,Success
53479,2630,29804,2022-10-14,Success
53258,2224,5068,2023-03-30,Success
2098,156,26764,2022-09-28,Success
3551,1602,31515,2022-06-20,Success
950,1908,30938,2022-07-07,Success
54714,918,14213,2022-07-12,Success
8943,2561,19565,2022-05-07,Success
46570,1803,30575,2022-08-26,Success
52408,387,37549,2023-02-01,Success
52728,991,30668,2022-12-17,Cancelled by the passenger
41268,1631,34764,2022-06-15,Success
51582,2637,32058,2022-11-06,Success
16486,1747,5910,2022-06-17,Cancelled by the passenger
8276,908,19878,2023-01-13,Success
14,2885,30077,2023-01-29,Success
27332,309,34864,2022-10-07,Cancelled by the passenger
55532,1922,29382,2023-01-28,Success
37840,1749,31203,2022-06-03,Success
49133,2218,26392,2022-03-22,Cancelled by the passenger
54425,2566,21208,2022-11-10,Success
30035,2403,15172,2022-10-14,Rejected by the driver
58847,1397,15149,2023-01-18,Success
21305,904,34623,2022-08-22,Rejected by the driver
47968,2824,35016,2022-09-29,Rejected by the driver
32888,82,24855,2023-03-17,Success
49856,2521,30607,2022-11-02,Cancelled by the passenger
19525,2136,16012,2023-04-03,Success
38332,1153,7814,2022-10-26,Success
18399,663,6084,2022-05-26,Success
18901,766,20623,2023-02-19,Rejected by the driver
47644,2534,19638,2022-06-24,Success
27771,2971,31596,2022-06-26,Success
9053,1632,14201,2022-04-01,Cancelled by the passenger
39684,2015,29104,2022-09-23,Rejected by the driver
39398,186,38851,2023-03-28,Success
23025,1110,36880,2023-03-06,Success
11861,1354,25235,2023-03-26,Success
51052,857,10091,2022-09-25,Success
10585,1489,21656,2022-09-21,Rejected by the driver
47028,658,12507,2023-03-04,Cancelled by the passenger
53720,2615,22363,2022-06-06,Success
32492,1886,3959,2022-11-10,Success
567,72,19051,2022-08-24,Success
1587,1522,17849,2023-02-01,Rejected by the driver
24580,925,7419,2022-08-19,Success
59186,1955,16279,2023-03-22,Success
20359,720,18409,2022-07-25,Success
47045,1381,31675,2023-03-06,Success
50667,1843,9213,2023-04-12,Rejected by the driver
27195,2109,37524,2022-06-12,Cancelled by the passenger
8843,452,16770,2022-03-20,Success
58592,1975,37372,2022-03-12,Success
49909,2646,31095,2022-10-12,Success
320,2069,23603,2022-05-27,Success
1977,1578,930,2023-01-08,Success
38263,649,34976,2023-02-24,Success
44208,629,29229,2022-09-16,Success
57783,1158,5842,2023-01-05,Success
56095,346,15436,2022-12-10,Success
30513,1938,825,2022-04-23,Rejected by the driver
50186,584,16902,2022-09-13,Success
49384,40,12861,2022-05-30,Success
39905,1100,14773,2022-11-27,Success
50310,1616,26117,2023-03-14,Success
16290,1931,18156,2022-05-06,Success
4614,1915,39333,2023-03-18,Success
20040,95,7379,2022-04-25,Success
36192,1858,17915,2023-02-10,Rejected by the driver
821,2406,5961,2022-06-17,Success
46028,1637,38812,2022-08-22,Cancelled by the passenger
3049,802,2018,2022-07-10,Rejected by the driver
33077,2329,26116,2022-05-24,Success
55038,499,32093,2022-06-04,Success
29660,2231,25507,2023-02-16,Success
5563,1343,36893,2023-01-25,Cancelled by the passenger
6134,2384,3373,2023-03-08,Success
31195,2484,14746,2023-02-24,Success
32385,2075,34881,2022-04-10,Success
21122,2281,21437,2022-04-11,Success
4300,782,39664,2022-10-27,Success
50700,2845,35751,2022-05-23,Success
16954,316,19280,2023-01-01,Success
30268,2105,9520,2022-04-17,Success
28165,2032,22768,2022-05-04,Success
45257,2836,411,2022-10-03,Success
31174,2436,26754,2022-09-15,Success
2249,160,29421,2023-03-16,Success
40307,2757,10836,2022-12-05,Success
8013,2969,16147,2023-02-20,Success
52950,1410,27282,2023-02-27,Rejected by the driver
54345,981,28144,2022-10-21,Success
21771,1477,31736,2022-07-30,Success
50453,306,28593,2023-01-10,Success
33439,2369,36522,2022-08-14,Success
25857,172,35969,2022-06-02,Success
32818,1825,36763,2023-01-10,Success
42282,407,21927,2022-09-17,Success
49626,164,31439,2022-09-28,Success
59946,23,18436,2022-09-01,Success
18826,2620,8554,2022-05-16,Success
39120,1126,37052,2022-10-09,Success
25331,24,19295,2023-01-19,Cancelled by the passenger
37206,1617,22116,2023-04-07,Success
4684,1588,21982,2023-01-26,Success
57018,2184,839,2022-06-19,Success
56489,498,2401,2022-10-03,Cancelled by the passenger
1425,2678,29472,2023-01-22,Rejected by the driver
19997,2017,13582,2022-12-24,Success
43754,447,7813,2022-08-22,Cancelled by the passenger
26021,1785,13684,2022-11-16,Success
10846,1182,21462,2022-10-27,Success
7101,2194,6127,2023-02-05,Cancelled by the passenger
52890,1792,4568,2022-08-01,Success
55013,2136,13310,2022-10-09,Success
4031,2106,5372,2022-08-01,Rejected by the driver
45106,913,33002,2022-06-11,Success
15294,2860,39646,2022-07-24,Success
49844,2680,26231,2022-08-03,Success
34597,1987,12073,2022-10-19,Success
50207,2642,21857,2022-10-12,Success
45917,1698,5531,2023-01-12,Cancelled by the passenger
52085,2386,18429,2022-04-06,Cancelled by the passenger
57262,1753,16713,2022-09-08,Success
57602,1084,29281,2022-12-26,Success
5125,822,1740,2022-04-30,Success
41553,386,20786,2022-05-17,Success
45560,849,5964,2022-05-20,Rejected by the driver
18697,1039,16026,2023-03-26,Rejected by the driver
58838,1110,23294,2022-03-31,Success
53556,2577,24241,2022-11-16,Success
57544,424,35358,2022-06-23,Rejected by the driver
27739,1871,25959,2022-10-19,Success
55431,1448,26665,2022-04-26,Rejected by the driver
46946,1750,14321,2022-12-03,Success
13691,2030,14345,2022-10-20,Success
5603,939,37986,2023-02-21,Success
43870,2138,31992,2022-11-10,Success
663,1792,27522,2023-01-24,Success
28404,1836,16412,2022-06-07,Success
7975,2325,28778,2022-10-03,Success
51161,188,34121,2022-09-27,Success
23877,1006,17891,2022-06-05,Rejected by the driver
51778,2921,21729,2022-04-06,Success
38416,661,2794,2022-11-14,Rejected by the driver
42386,580,7923,2023-01-02,Success
32695,1890,10928,2022-09-26,Success
55325,335,9798,2022-09-01,Rejected by the driver
16186,1307,8677,2022-03-25,Success
32648,2996,36816,2022-04-09,Success
18391,1399,39757,2022-09-23,Success
21851,2492,33639,2023-02-09,Success
51729,2968,9323,2022-05-17,Success
25848,1867,34829,2022-07-08,Success
40531,1852,28891,2023-01-21,Success
16860,1118,15608,2022-03-17,Success
13889,2773,5243,2022-08-02,Success
33835,2045,25582,2022-03-23,Success
21915,302,2345,2022-12-25,Cancelled by the passenger
27780,2788,28956,2022-12-26,Success
5186,2736,36724,2022-11-03,Cancelled by the passenger
40360,1070,15669,2022-07-01,Success
15773,2523,15166,2023-02-10,Success
36573,1818,20530,2022-07-10,Success
3375,206,23402,2023-01-18,Success
41862,2115,32384,2022-04-09,Success
2092,1082,26587,2022-10-30,Cancelled by the passenger
10572,2876,12027,2022-08-30,Success
35103,2752,35438,2022-08-17,Success
224,1924,26402,2022-10-08,Success
59674,1081,23002,2023-01-26,Success
35969,1880,39448,2022-06-20,Success
37690,1952,37907,2022-08-14,Success
36695,449,30328,2022-11-27,Success
21030,537,39233,2023-01-11,Success
34447,1511,11420,2023-02-01,Success
41960,833,16912,2022-07-14,Success
57906,1337,38593,2022-04-25,Success
53683,1962,21613,2022-04-19,Success
38822,2672,37862,2022-12-03,Cancelled by the passenger
16817,1884,15985,2022-04-14,Rejected by the driver
54731,354,39155,2022-11-07,Success
41276,1327,25587,2022-08-01,Success
5302,2521,14045,2022-07-31,Success
6533,1154,22626,2023-02-07,Success
47181,619,11437,2022-04-05,Rejected by the driver
22000,2511,37597,2022-03-25,Rejected by the driver
3432,977,6933,2022-12-16,Success
7819,1333,2909,2022-10-28,Success
17027,768,21275,2022-05-21,Cancelled by the passenger
49076,569,28109,2022-12-22,Success
47475,2526,2359,2022-06-05,Success
31167,378,20907,2022-11-19,Success
39225,274,1533,2022-06-10,Cancelled by the passenger
48727,2355,39085,2023-02-18,Rejected by the driver
16848,2569,28,2023-01-13,Success
49982,2537,18050,2022-07-30,Success
31753,1664,18732,2022-09-06,Success
31412,1962,28098,2022-08-26,Success
29636,817,10665,2022-07-08,Rejected by the driver
43706,2233,28822,2022-06-18,Success
6941,1053,5752,2023-04-05,Success
49822,2500,4089,2022-09-04,Success
28874,2334,9027,2022-12-04,Success
50652,1869,28444,2022-11-30,Success
10365,72,23399,2022-04-30,Cancelled by the passenger
57668,1277,30633,2022-07-19,Success
49870,1910,4625,2022-11-23,Rejected by the driver
12772,2796,19515,2022-11-08,Success
4838,2864,22822,2022-12-10,Success
25910,2491,12737,2022-03-28,Success
45326,854,32373,2022-05-26,Cancelled by the passenger
26890,2704,22212,2022-06-30,Success
35305,1224,4133,2022-04-28,Cancelled by the passenger
18120,2617,23349,2023-04-02,Success
18932,1671,35653,2022-09-17,Cancelled by the passenger
27362,409,3744,2022-12-29,Success
31834,348,34238,2022-03-23,Cancelled by the passenger
29125,1229,21276,2022-10-18,Success
7004,2506,2178,2022-05-12,Success
37091,30,17951,2022-05-23,Success
31066,2319,24481,2022-09-11,Success
26783,1961,21880,2022-04-30,Success
21090,2193,3938,2022-11-17,Success
7132,317,34976,2023-03-11,Success
38182,42,14694,2022-07-19,Success
20199,2373,21602,2022-05-30,Cancelled by the passenger
45443,758,1412,2023-02-16,Success
59504,62,37169,2022-08-06,Success
42566,1241,29658,2022-08-03,Success
55244,708,27673,2023-03-20,Rejected by the driver
46932,2523,12150,2022-03-30,Success
56550,1134,33282,2022-12-21,Success
5076,2788,4364,2022-07-09,Rejected by the driver
4588,1422,17318,2023-03-07,Success
20591,107,27740,2022-11-29,Success
18876,2443,38617,2022-10-17,Success
53028,968,22063,2022-08-23,Rejected by the driver
45961,2223,25215,2022-03-25,Success
11963,2939,18958,2022-08-03,Success
31034,1319,7982,2023-02-12,Success
53180,1727,31102,2022-07-12,Success
19051,2896,2932,2022-06-11,Success
33362,2816,29931,2023-01-18,Success
16717,49,3206,2022-09-08,Success
882,2658,39298,2022-07-07,Rejected by the driver
57276,2066,24177,2023-04-15,Success
51527,626,24709,2023-01-31,Success
27793,1254,11860,2023-02-25,Rejected by the driver
25736,2110,11821,2022-04-29,Success
51947,1119,27056,2022-12-31,Success
23946,2885,27059,2022-05-14,Rejected by the driver
13667,262,33245,2023-01-18,Success
40980,1058,18466,2022-11-26,Success
42921,893,16362,2022-05-16,Success
49157,2400,16644,2022-09-29,Cancelled by the passenger
33377,1086,33789,2022-12-16,Success
49088,2914,3272,2022-04-09,Cancelled by the passenger
56181,2725,25816,2023-03-06,Success
53530,693,33767,2022-08-17,Success
2202,2169,518,2022-03-23,Success
26349,2009,24176,2023-03-02,Success
1499,1302,24129,2023-02-06,Success
36435,2041,22143,2022-12-23,Success
8024,1235,19699,2022-06-05,Success
41863,34,28035,2022-04-30,Cancelled by the passenger
26926,1541,9994,2022-11-14,Success
29178,1590,33795,2022-07-13,Success
53945,1305,10792,2023-01-24,Success
35936,1789,12233,2022-07-21,Success
26759,1992,27290,2023-03-29,Success
53249,1431,24722,2023-02-06,Success
34245,90,20521,2022-04-16,Success
6832,410,32064,2022-11-21,Success
37732,2205,38001,2023-03-01,Success
23432,1304,1748,2022-06-20,Rejected by the driver
30976,82,2063,2023-02-18,Success
1391,2179,20825,2022-05-22,Success
6086,1812,38856,2022-12-07,Success
11367,75,8533,2022-07-13,Rejected by the driver
32013,1446,32306,2022-03-14,Success
17068,605,19135,2022-08-07,Rejected by the driver
48673,1266,24958,2023-04-15,Cancelled by the passenger
10833,2557,31079,2022-12-02,Cancelled by the passenger
31938,1589,4852,2023-01-12,Cancelled by the passenger
24624,2818,36859,2022-09-06,Success
57985,1117,29102,2022-11-22,Rejected by the driver
20302,645,34344,2022-05-30,Success
36801,2703,18782,2022-10-30,Success
11418,1638,14569,2022-10-08,Success
31208,2716,11079,2022-11-03,Cancelled by the passenger
23756,859,31827,2022-04-09,Cancelled by the passenger
32054,1470,38016,2023-02-17,Success
31410,2171,6676,2022-03-30,Cancelled by the passenger
31187,2608,2895,2023-03-04,Success
59118,1996,34997,2022-03-29,Cancelled by the passenger
40366,757,30652,2022-12-18,Success
3544,1979,9533,2022-06-28,Cancelled by the passenger
43942,1615,1016,2022-10-15,Success
26229,1837,23702,2022-12-07,Success
12742,591,29960,2022-08-20,Success
29210,1829,16085,2022-09-25,Success
37813,1132,17637,2022-07-03,Cancelled by the passenger
44004,2173,22818,2022-05-14,Cancelled by the passenger
50279,1250,22882,2023-03-25,Success
48366,60,27062,2022-08-18,Success
48929,2440,28745,2022-07-27,Success
5671,2107,12305,2022-09-15,Rejected by the driver
11317,456,13388,2022-05-03,Success
51240,669,36566,2022-03-16,Rejected by the driver
51584,1943,4517,2022-05-17,Success
1253,1495,30740,2022-06-03,Success
24435,985,6040,2022-12-06,Success
51050,53,34296,2023-02-18,Success
23825,536,7263,2022-04-26,Success
38505,1605,13841,2023-04-02,Success
1296,2266,12122,2022-12-30,Success
19883,2419,2967,2023-01-07,Success
17717,952,12272,2023-04-10,Success
358,2829,15929,2022-10-26,Rejected by the driver
2921,1344,24180,2022-11-30,Success
19710,1138,14273,2022-04-18,Success
35374,1600,32674,2023-03-03,Success
5440,1573,35061,2022-12-06,Rejected by the driver
1546,2632,32248,2022-05-19,Rejected by the driver
22639,680,20670,2023-03-02,Success
15824,1890,27268,2022-08-25,Success
55333,38,14208,2023-03-04,Success
8601,2549,26696,2022-10-22,Success
8940,1087,21250,2022-06-22,Success
46301,1007,30101,2022-09-21,Cancelled by the passenger
37724,724,18744,2023-01-06,Success
13196,1783,10650,2022-07-12,Cancelled by the passenger
51977,1879,32735,2022-12-30,Success
18989,855,7,2022-11-09,Success
53926,1974,30141,2022-07-11,Success
55250,2748,38424,2022-03-27,Success
20849,836,17224,2023-01-17,Success
27051,992,8824,2023-01-27,Success
39006,1259,21982,2023-04-09,Success
57032,33,38332,2022-05-30,Success
6688,95,11346,2022-12-09,Cancelled by the passenger
38735,2033,25364,2022-09-25,Success
2811,725,16636,2023-02-23,Success
53319,2304,11489,2022-07-08,Success
13706,314,28071,2022-04-21,Success
46184,660,12689,2023-02-16,Cancelled by the passenger
12541,1157,21487,2022-10-09,Cancelled by the passenger
18790,399,7654,2023-01-31,Success
36707,1580,22260,2023-01-15,Success
8837,27,8875,2022-07-02,Success
58891,2375,30891,2022-09-21,Success
48238,1529,29320,2022-03-15,Success
28455,869,26686,2022-11-07,Success
37967,612,21018,2022-11-10,Success
35101,2649,8374,2022-08-04,Success
26875,2812,15024,2023-01-10,Success
7433,1859,27003,2023-02-26,Success
30030,1409,19423,2022-05-10,Rejected by the driver
17201,1228,21985,2022-06-16,Success
24091,324,24481,2022-12-24,Cancelled by the passenger
38721,115,19181,2022-11-10,Success
8658,2787,31491,2023-02-17,Success
37935,117,959,2022-04-23,Rejected by the driver
28930,2825,306,2022-05-28,Success
22152,2481,37974,2022-06-19,Success
46653,951,34245,2022-04-03,Success
22106,240,17907,2022-09-25,Success
37975,2975,30653,2023-02-28,Success
31943,305,5239,2022-09-25,Success
1353,594,9485,2022-12-12,Rejected by the driver
58084,70,34534,2022-05-14,Success
26007,135,18742,2023-03-24,Success
7391,1652,26836,2022-11-15,Rejected by the driver
22806,488,38165,2023-02-14,Success
48032,2859,35096,2022-07-27,Success
6785,1825,31804,2022-12-30,Success
37929,2100,5143,2022-07-28,Cancelled by the passenger
39383,2677,38973,2023-04-03,Success
49093,2631,32536,2023-03-15,Success
30682,2174,25476,2023-04-01,Success
40813,825,36615,2022-10-22,Success
2389,1234,38600,2022-10-24,Rejected by the driver
52318,492,35277,2022-04-15,Success
38694,1401,31260,2022-10-03,Success
54860,1476,30632,2022-07-13,Success
38252,26,5239,2022-12-19,Success
12862,2236,14034,2022-11-23,Success
52570,2188,35227,2022-11-02,Success
1571,859,8692,2022-11-25,Success
6922,655,2115,2023-03-08,Success
4738,920,22389,2023-04-14,Success
53727,2569,15201,2022-07-08,Cancelled by the passenger
46746,289,3830,2022-10-24,Success
13505,1228,18603,2022-10-20,Success
11221,2839,34663,2022-10-19,Rejected by the driver
55178,1661,33283,2022-08-02,Success
6009,2351,1833,2022-12-14,Success
26423,2912,11087,2022-08-18,Success
50031,2140,3257,2023-03-31,Success
25459,1309,36285,2022-12-03,Success
23357,1653,28824,2022-07-15,Cancelled by the passenger
28100,50,39427,2022-05-08,Success
22544,1220,26547,2022-12-27,Cancelled by the passenger
17257,2473,2113,2023-01-27,Success
30258,789,20452,2022-10-13,Success
30666,1818,4026,2022-05-07,Success
22179,1866,19357,2022-12-02,Success
46384,785,2304,2022-03-31,Success
20510,1497,34129,2023-04-10,Success
13119,1288,25631,2022-06-25,Rejected by the driver
40593,2737,17084,2022-10-11,Success
2618,2872,21441,2022-03-18,Success
7063,1541,2406,2023-02-03,Success
9289,2568,7234,2022-05-14,Success
22274,1968,3939,2022-08-19,Success
1781,2787,31097,2023-02-25,Success
22193,434,38444,2022-08-22,Success
23781,1839,35662,2022-08-15,Rejected by the driver
13815,2759,23145,2023-01-05,Success
47799,1365,35787,2022-12-04,Success
22166,1478,33839,2022-10-17,Success
52611,1671,25999,2022-12-17,Success
30070,230,17854,2022-09-06,Success
2274,1122,7179,2022-08-23,Success
48206,2543,232,2022-12-14,Success
54034,1250,9497,2022-07-16,Success
16386,924,20815,2023-04-01,Rejected by the driver
8423,2706,19363,2022-08-19,Success
46228,1492,32910,2022-08-31,Success
7208,2626,34018,2022-10-08,Success
36036,1172,14316,2022-06-16,Cancelled by the passenger
22334,686,15713,2022-12-25,Success
26256,1331,39588,2022-11-17,Rejected by the driver
1963,1998,27094,2022-05-09,Success
34973,1806,20213,2023-03-26,Success
30874,599,6776,2022-09-26,Success
8019,2713,28735,2022-10-15,Success
44258,630,19542,2022-12-03,Success
54815,722,14186,2023-01-14,Success
2239,2096,11331,2022-06-15,Success
45222,2402,28587,2022-06-25,Cancelled by the passenger
14591,597,25092,2022-05-09,Success
21572,2269,6306,2022-10-26,Cancelled by the passenger
16766,599,38142,2023-01-19,Success
2931,1079,12387,2022-06-27,Success
39343,2585,31919,2022-08-31,Rejected by the driver
4858,144,33399,2022-12-29,Success
11154,2787,25372,2022-04-29,Success
35922,964,11836,2022-11-07,Rejected by the driver
42930,1654,35079,2022-05-03,Success
51335,352,38731,2022-03-15,Rejected by the driver
47681,2054,342,2023-01-04,Success
21731,886,37212,2022-11-11,Rejected by the driver
49658,2091,37255,2022-03-24,Success
29008,2171,1466,2023-04-04,Cancelled by the passenger
59429,1313,10615,2023-04-02,Success
26270,2222,680,2022-10-14,Success
35980,1600,19802,2023-04-06,Success
26737,2184,20374,2022-09-21,Success
41164,1757,2081,2022-03-24,Cancelled by the passenger
39587,2484,9286,2022-07-04,Success
45399,1319,13471,2022-04-05,Rejected by the driver
6410,1734,26304,2022-04-18,Success
32745,213,12203,2023-04-14,Success
46800,775,10915,2022-07-05,Success
44786,2891,25680,2022-07-20,Success
44945,757,31084,2022-03-25,Success
47577,1151,26930,2023-01-30,Success
15035,1673,29583,2022-07-12,Cancelled by the passenger
22163,92,30344,2023-01-02,Cancelled by the passenger
7371,1923,6010,2022-05-25,Rejected by the driver
53835,2549,22653,2022-06-17,Success
14492,2713,14011,2022-10-14,Success
4971,1934,36560,2023-04-11,Success
33932,1318,35694,2022-04-12,Success
49542,656,31842,2022-09-20,Cancelled by the passenger
21197,1354,5732,2022-04-23,Success
50157,645,28088,2022-05-09,Success
25046,1564,28983,2022-06-05,Success
2029,1212,25095,2022-07-11,Success
47365,1095,32630,2023-03-10,Success
51953,808,39620,2022-10-11,Cancelled by the passenger
6113,1648,38475,2022-03-27,Rejected by the driver
54539,1360,4068,2022-11-17,Success
49739,199,9748,2023-01-04,Success
3802,1094,26679,2023-01-22,Cancelled by the passenger
40218,118,31751,2022-05-23,Success
23936,1567,27185,2022-08-19,Success
49566,695,18884,2022-03-15,Success
36831,2214,17563,2022-03-12,Success
38875,1955,26988,2023-02-21,Cancelled by the passenger
8088,1961,4265,2022-08-11,Success
32807,2695,17656,2023-01-16,Success
52768,750,30180,2022-03-14,Cancelled by the passenger
41249,1978,36258,2022-05-06,Success
31495,1817,18657,2023-02-18,Rejected by the driver
22480,653,12158,2022-09-16,Success
32657,525,9611,2022-04-24,Cancelled by the passenger
41074,46,28519,2022-04-15,Cancelled by the passenger
16480,103,2728,2022-04-09,Success
55638,575,38438,2022-12-24,Success
36421,412,3054,2022-12-14,Rejected by the driver
11991,799,20387,2022-05-31,Success
17808,2256,27420,2022-05-13,Success
58613,1924,15859,2022-11-08,Success
37198,809,4137,2022-07-13,Success
40761,334,11859,2022-12-28,Success
18027,1916,7611,2023-04-06,Cancelled by the passenger
41745,1792,4217,2022-06-26,Rejected by the driver
34672,2886,17156,2023-03-04,Cancelled by the passenger
29459,133,7227,2023-03-30,Success
56735,154,33558,2022-12-09,Success
44034,2295,9341,2022-08-14,Success
19364,551,6015,2022-11-29,Success
45016,1335,32460,2022-10-16,Rejected by the driver
32498,2813,19898,2023-04-08,Success
30373,877,31063,2023-03-20,Success
43082,1370,13584,2023-03-25,Success
52924,2773,7434,2022-10-11,Success
57745,799,10266,2023-04-15,Cancelled by the passenger
2111,1592,9741,2022-09-22,Success
6175,282,4202,2022-05-21,Success
45239,869,5267,2022-05-17,Success
16797,2684,39857,2023-04-15,Success
59564,2342,34777,2023-03-25,Success
37908,1337,39741,2022-07-03,Success
35207,1138,10203,2022-08-01,Success
17450,91,6643,2022-08-01,Success
29812,1821,31378,2022-10-11,Success
17874,1955,27454,2022-05-31,Rejected by the driver
37913,2542,17855,2022-08-22,Success
18517,2025,2331,2022-04-29,Success
11638,2578,15177,2022-08-02,Success
52842,2095,3607,2022-09-21,Rejected by the driver
26431,2274,35451,2022-11-02,Rejected by the driver
59683,2543,10468,2022-04-05,Success
52348,1290,1420,2023-03-28,Cancelled by the passenger
21844,1328,32847,2023-01-03,Rejected by the driver
11329,2210,32947,2023-02-21,Success
12720,893,24422,2022-10-04,Success
9452,1950,8207,2022-11-25,Rejected by the driver
686,2593,20538,2022-11-11,Success
5157,2000,31336,2023-01-13,Success
30058,255,14838,2022-03-30,Success
55665,1615,14011,2022-09-20,Success
53275,98,29310,2023-03-04,Success
12169,852,5989,2023-02-28,Success
5613,1051,3149,2022-08-02,Rejected by the driver
11236,2100,26209,2022-08-25,Success
55955,2389,16493,2022-04-27,Success
14111,1290,29718,2022-05-31,Success
19077,2265,17366,2023-03-11,Success
53103,220,28048,2022-09-20,Success
46313,520,28941,2023-01-05,Success
15290,1013,33017,2022-10-28,Success
59061,2363,31217,2023-03-29,Cancelled by the passenger
57034,2460,961,2022-07-23,Success
14794,473,21781,2022-06-12,Rejected by the driver
9959,2005,5059,2022-10-26,Success
40150,1648,38452,2023-02-07,Rejected by the driver
52686,533,37287,2022-10-31,Cancelled by the passenger
40139,16,20879,2022-03-31,Cancelled by the passenger
33607,43,30944,2023-03-21,Success
46971,241,1828,2023-03-29,Success
30615,1340,20130,2023-03-17,Success
4995,260,25354,2022-06-28,Success
50317,2160,23614,2022-03-30,Success
12330,269,28844,2022-10-15,Success
22744,2513,25622,2022-10-01,Success
22844,2591,13640,2023-01-17,Success
37273,165,11382,2023-03-15,Success
28429,115,21786,2023-02-17,Cancelled by the passenger
46044,2407,11559,2022-08-08,Success
46743,1392,7135,2022-11-28,Success
13660,281,26386,2022-07-20,Cancelled by the passenger
28356,1246,38029,2022-12-08,Success
56864,1844,31855,2022-10-01,Success
6439,2912,38096,2022-08-18,Cancelled by the passenger
35960,43,20341,2023-04-12,Success
16021,645,38835,2022-08-03,Cancelled by the passenger
33466,755,3105,2022-10-26,Success
13612,2104,28357,2022-06-26,Success
12198,1857,23835,2023-01-04,Rejected by the driver
331,1926,29904,2022-05-23,Success
33334,2166,18972,2023-02-17,Success
6958,2024,29368,2022-09-16,Success
6839,186,2280,2022-10-09,Cancelled by the passenger
38855,780,9935,2022-07-22,Success
50122,1182,31634,2022-08-21,Success
6438,2793,27829,2023-03-05,Success
38207,2064,13321,2022-07-01,Success
38243,1693,39054,2023-03-06,Success
56100,2695,26953,2023-01-14,Cancelled by the passenger
29799,839,19459,2022-05-05,Success
4726,2140,10142,2023-04-05,Success
35826,1342,8539,2022-04-09,Success
31231,748,17764,2023-02-20,Success
6106,2181,23340,2022-12-08,Success
53442,2357,763,2022-04-22,Success
14155,304,39844,2022-11-05,Success
33838,1170,7945,2022-08-12,Success
14899,1435,861,2022-04-23,Success
9179,521,31712,2022-07-27,Rejected by the driver
54197,2744,36648,2023-02-05,Cancelled by the passenger
16741,179,24745,2022-04-09,Success
21663,277,33927,2023-02-10,Rejected by the driver
45385,2030,12634,2022-04-17,Success
31766,2775,34143,2022-04-09,Cancelled by the passenger
28061,2299,13055,2023-03-06,Success
4729,1318,22827,2023-02-19,Success
22734,1561,35296,2022-06-13,Success
52649,122,39008,2022-06-01,Rejected by the driver
28098,706,27511,2022-06-13,Success
14178,2446,10555,2022-05-07,Rejected by the driver
11864,1160,37286,2022-08-19,Success
49536,1231,8153,2023-01-10,Success
51780,2300,23149,2022-10-29,Success
47494,506,17553,2022-06-22,Success
10635,987,10926,2023-01-03,Rejected by the driver
31911,2293,37616,2022-05-01,Cancelled by the passenger
49859,1445,6177,2023-02-18,Success
12077,1336,20601,2022-07-27,Success
8370,831,35192,2022-06-16,Success
54830,1699,30939,2022-05-21,Success
29090,2413,30720,2022-07-19,Success
52054,1395,30985,2022-09-24,Rejected by the driver
39265,1506,7203,2023-02-09,Rejected by the driver
6901,2918,8864,2022-05-24,Rejected by the driver
1402,2598,36681,2022-08-25,Success
38930,191,4178,2022-05-01,Rejected by the driver
6001,579,9578,2022-06-04,Success
30699,920,27735,2023-02-01,Success
20549,1167,7467,2022-12-21,Cancelled by the passenger
39927,377,9411,2022-07-06,Success
34642,836,1334,2023-04-05,Success
9531,2838,17509,2023-02-11,Cancelled by the passenger
17029,560,34697,2022-10-17,Success
35162,1832,8065,2022-05-16,Success
39464,2163,5999,2022-04-29,Success
11399,116,14897,2022-10-22,Cancelled by the passenger
4169,1905,17728,2023-02-28,Success
56517,562,36458,2022-08-14,Success
24376,680,4963,2022-05-04,Success
50315,978,37970,2022-10-14,Success
32372,397,21666,2022-06-18,Rejected by the driver
55721,17,19766,2022-03-19,Success
42606,1982,12136,2022-09-17,Success
57563,1252,17641,2022-10-03,Success
46249,2042,31088,2022-11-21,Success
26774,2608,36883,2023-03-10,Success
17192,2206,2789,2022-07-06,Success
44250,1476,4396,2022-12-29,Rejected by the driver
44748,2576,18867,2022-12-08,Success
16952,1392,4120,2022-04-04,Success
10469,1084,14690,2022-08-13,Success
19537,1269,6677,2022-12-20,Success
46218,2845,2440,2022-12-15,Success
35881,2117,12617,2022-06-14,Success
47264,2590,29111,2023-03-02,Success
44476,2828,21837,2022-03-31,Success
16820,184,39114,2022-07-17,Cancelled by the passenger
57695,2616,38674,2022-04-18,Success
6223,2670,29341,2022-12-25,Success
55206,87,72,2022-07-16,Success
19021,2985,18144,2023-02-15,Success
24204,903,16866,2023-02-16,Rejected by the driver
28285,1120,11613,2022-12-29,Success
37987,1985,2218,2022-07-28,Success
34237,402,18995,2023-04-04,Success
5358,235,31685,2022-06-17,Success
23738,1069,17100,2022-04-09,Success
51448,1646,20209,2022-08-22,Cancelled by the passenger
6849,2494,31285,2022-08-09,Success
23818,2693,10736,2022-06-20,Success
10349,2389,10205,2022-10-25,Success
29244,1955,32955,2022-04-13,Success
6162,54,4678,2022-04-22,Rejected by the driver
28261,378,39585,2022-07-06,Success
47359,24,23157,2022-06-27,Success
31551,1844,11368,2022-11-26,Success
51599,2685,8801,2022-04-17,Success
3000,2150,33232,2022-04-16,Success
1304,1846,13756,2023-02-26,Success
18562,2902,33036,2023-02-25,Success
22960,1241,22520,2023-02-24,Success
51378,1177,16564,2022-07-19,Rejected by the driver
3480,2583,36427,2022-06-25,Success
9205,1366,7639,2022-11-13,Success
28511,788,7041,2022-09-24,Rejected by the driver
46103,1700,29079,2023-04-05,Success
11345,252,36414,2022-11-29,Success
59467,299,23523,2023-02-09,Success
12647,1207,31135,2022-11-02,Success
16732,1518,13496,2022-09-29,Success
7543,1070,11665,2023-02-18,Cancelled by the passenger
5257,122,19965,2023-01-27,Success
50277,2830,39595,2023-02-21,Success
19649,2369,4402,2022-08-15,Success
59024,2109,13146,2023-03-05,Success
49924,1344,8207,2022-03-18,Success
8671,2944,10366,2022-11-28,Rejected by the driver
20928,2325,706,2023-04-02,Success
38834,330,33263,2022-06-07,Success
2873,2304,27992,2022-08-21,Success
10284,1065,30839,2023-02-07,Rejected by the driver
5378,299,13000,2023-01-23,Success
10530,502,15051,2022-07-13,Success
42239,2654,18067,2022-04-01,Rejected by the driver
57347,2368,26633,2022-04-12,Success
35342,2359,22505,2023-01-12,Rejected by the driver
56681,2147,32307,2022-05-06,Success
2448,2162,24322,2022-07-14,Success
8506,2797,26281,2023-02-07,Cancelled by the passenger
38047,2899,27342,2023-01-07,Success
1328,1313,20686,2022-10-18,Success
34236,969,36655,2022-12-01,Success
51329,156,11901,2023-03-16,Success
51424,1432,890,2023-01-12,Rejected by the driver
5591,2957,15001,2022-07-25,Success
40211,135,35036,2023-04-15,Success
11492,2566,32170,2023-01-07,Success
21952,263,24578,2023-03-10,Success
15101,895,29452,2023-03-12,Success
21473,280,21158,2022-12-16,Success
38027,1096,17394,2022-06-14,Success
647,51,7593,2022-12-31,Success
32886,2014,20864,2022-07-19,Success
49550,2095,11440,2023-03-09,Success
38118,1072,33038,2022-08-22,Success
11555,2318,21757,2022-11-06,Success
18909,1731,425,2022-03-21,Rejected by the driver
1620,515,1383,2023-01-19,Success
52636,1929,37509,2022-04-17,Success
15080,1929,11157,2022-06-02,Cancelled by the passenger
7963,578,11392,2022-05-20,Success
50466,1333,729,2022-11-15,Rejected by the driver
51248,2349,9017,2022-11-25,Success
12572,2882,22027,2022-08-03,Cancelled by the passenger
43657,2124,36619,2022-08-11,Success
12455,1066,34639,2022-03-30,Success
24075,2682,8173,2022-08-09,Success
12910,2646,35745,2022-07-02,Success
681,2760,39631,2022-12-30,Success
32667,806,5675,2022-04-28,Success
23147,470,12829,2022-05-01,Success
25336,851,32061,2022-08-18,Success
40887,2924,4127,2022-05-06,Success
17591,342,29696,2023-03-05,Success
48531,185,38948,2022-09-11,Success
36783,794,13556,2023-01-25,Cancelled by the passenger
26304,2309,29542,2022-05-15,Rejected by the driver
55959,1940,16256,2022-05-12,Cancelled by the passenger
11605,1446,14774,2023-02-03,Success
56167,1835,5398,2022-12-09,Rejected by the driver
38059,2116,29048,2022-12-01,Success
18515,464,15034,2022-03-16,Success
51774,708,21360,2022-08-01,Rejected by the driver
58942,380,34120,2022-05-20,Rejected by the driver
42150,2862,31267,2022-08-11,Cancelled by the passenger
48503,1862,23415,2022-12-10,Success
30032,1479,27063,2022-04-05,Cancelled by the passenger
8448,974,4852,2023-04-02,Success
54062,1641,22765,2022-09-25,Rejected by the driver
21807,1714,6518,2022-06-14,Rejected by the driver
34975,2947,32246,2022-06-15,Cancelled by the passenger
1383,1722,16695,2022-10-17,Success
55758,617,14469,2022-05-05,Success
39926,64,25646,2022-09-24,Success
36463,2762,30229,2022-10-23,Success
27982,1866,12267,2022-04-04,Success
35225,2280,12759,2022-05-14,Success
20879,1883,25321,2023-03-24,Success
3420,831,24895,2022-05-17,Success
10597,2011,39223,2022-10-12,Success
7740,262,30861,2022-05-07,Success
48381,2266,5622,2022-04-29,Success
27737,1734,28860,2022-07-06,Success
34858,2404,28512,2022-07-28,Cancelled by the passenger
41214,32,3008,2022-09-05,Success
21845,1067,19250,2023-03-04,Success
54098,1260,14660,2022-05-29,Rejected by the driver
58911,627,33064,2022-09-29,Rejected by the driver
52112,1148,13292,2023-01-20,Success
5121,1589,17914,2023-03-15,Rejected by the driver
46333,2541,7354,2022-04-29,Success
22596,151,34452,2022-06-15,Cancelled by the passenger
7156,2232,8758,2022-05-12,Success
47077,1628,23193,2022-12-19,Rejected by the driver
7667,2499,26194,2023-01-08,Success
30138,2008,4503,2022-05-04,Success
16502,1398,22104,2023-02-17,Success
12505,1333,183,2023-02-24,Success
31704,718,13053,2022-12-09,Success
17898,1474,22453,2023-01-23,Success
5917,1364,18089,2022-12-24,Success
16086,1574,22746,2022-09-03,Cancelled by the passenger
40738,1932,34795,2022-11-14,Cancelled by the passenger
44790,305,36864,2023-02-15,Success
15314,1784,14692,2023-02-09,Rejected by the driver
30850,242,2519,2022-10-16,Success
53259,1972,20529,2022-09-09,Rejected by the driver
49807,2365,32453,2022-08-09,Success
59820,309,39182,2022-06-12,Rejected by the driver
5192,2508,26689,2023-03-20,Success
38724,893,21280,2022-05-29,Success
33530,1534,34760,2022-03-30,Cancelled by the passenger
50900,1132,9097,2022-12-30,Rejected by the driver
36107,2960,5992,2023-01-17,Success
23552,2181,22002,2022-12-28,Success
27712,263,33231,2022-05-17,Success
51006,2067,16146,2023-01-15,Cancelled by the passenger
50444,1495,14680,2022-05-14,Cancelled by the passenger
30979,1749,30551,2022-04-29,Success
7946,713,14458,2022-08-26,Success
11122,439,24346,2023-01-02,Success
3629,2938,7830,2023-02-06,Success
11921,2361,18902,2022-09-30,Rejected by the driver
31758,243,33579,2022-09-18,Rejected by the driver
24539,2847,6651,2022-10-17,Success
30335,1983,24385,2023-01-13,Success
46617,1357,34382,2022-04-03,Success
49818,700,34868,2022-10-11,Rejected by the driver
3613,2071,17516,2023-03-20,Success
38607,2691,22032,2023-03-06,Success
35787,2887,32950,2022-09-25,Success
10591,2824,25500,2022-06-22,Success
42321,2132,557,2022-08-29,Rejected by the driver
57540,1879,20994,2023-04-10,Success
15338,1846,6564,2023-01-11,Cancelled by the passenger
16617,932,32132,2022-03-28,Success
46583,472,24979,2022-09-24,Success
57178,2164,31207,2023-04-10,Success
1006,2246,9006,2022-12-26,Success
45634,1483,36865,2022-06-26,Success
676,1727,33813,2023-01-16,Success
16561,1140,19933,2022-11-18,Success
10953,1056,26790,2022-07-26,Success
56879,2149,21675,2022-04-26,Success
50974,2503,39154,2022-04-01,Cancelled by the passenger
4856,2772,11390,2023-02-03,Cancelled by the passenger
54262,1012,17261,2022-07-24,Success
54000,1235,37714,2022-04-16,Rejected by the driver
36819,471,17712,2022-09-06,Success
41486,1865,20324,2022-05-23,Success
11411,1860,39500,2022-08-20,Success
17198,1162,6331,2022-07-17,Success
35391,460,25375,2022-08-10,Success
55437,2654,8926,2022-06-03,Success
50743,1760,39354,2023-01-17,Cancelled by the passenger
7844,2001,33358,2023-03-04,Rejected by the driver
27876,1899,12127,2023-01-27,Success
4994,2631,8081,2023-01-03,Success
34514,1103,25544,2022-09-09,Success
48625,1968,9668,2022-11-05,Rejected by the driver
38211,2732,39858,2022-07-25,Success
59221,490,13052,2022-10-20,Success
44330,2408,9555,2023-01-13,Rejected by the driver
43028,1470,11609,2022-08-03,Success
40622,467,34913,2022-07-22,Success
35660,1174,141,2022-12-13,Success
23057,397,10607,2022-08-14,Success
42741,2419,31775,2022-12-01,Success
34221,2431,31459,2023-02-13,Rejected by the driver
11050,1303,4783,2023-03-12,Success
3677,354,1520,2023-01-08,Rejected by the driver
36098,1676,32047,2022-06-10,Success
30043,2550,15031,2022-05-15,Success
34464,1071,38634,2022-08-29,Success
46070,1533,11282,2022-06-28,Success
33973,337,23413,2023-01-02,Success
39802,1145,5955,2023-02-07,Cancelled by the passenger
21609,1544,3959,2022-11-17,Rejected by the driver
24448,2108,39983,2022-08-02,Success
59902,2069,20330,2022-03-16,Cancelled by the passenger
45101,2842,20047,2022-12-11,Success
43165,282,7277,2022-12-22,Success
55537,2778,20880,2022-05-07,Success
29936,19,18229,2022-07-06,Cancelled by the passenger
52772,215,16060,2023-01-18,Rejected by the driver
24223,274,9429,2023-02-05,Success
49289,796,11590,2023-03-28,Success
28863,2694,3251,2022-11-26,Cancelled by the passenger
16010,649,24636,2022-12-15,Rejected by the driver
37377,56,19721,2022-11-19,Success
19634,681,30639,2022-11-23,Rejected by the driver
18763,1550,2350,2022-04-06,Success
34913,1248,8592,2023-01-22,Success
6032,31,22634,2022-03-24,Success
33419,2328,7918,2022-06-04,Success
51121,1223,23598,2023-03-19,Success
36445,2154,10726,2022-09-10,Success
55707,210,14460,2022-07-01,Success
17087,439,4522,2022-07-05,Success
51272,183,19378,2022-03-25,Success
47576,1826,11838,2023-03-12,Rejected by the driver
55438,1709,15989,2022-09-08,Success
31507,1959,4364,2022-05-15,Success
34400,1964,28809,2023-01-14,Success
57562,546,9123,2023-02-13,Success
36482,1942,23883,2023-02-22,Success
26714,593,21947,2022-12-04,Success
53039,269,18064,2023-02-12,Success
42021,1336,30380,2022-09-07,Cancelled by the passenger
27396,646,6422,2022-10-20,Success
51699,2349,25787,2022-10-29,Rejected by the driver
19385,2330,21542,2022-09-18,Success
12474,1596,10795,2022-07-12,Success
16557,2787,3595,2022-12-10,Success
26310,1277,26322,2022-10-18,Rejected by the driver
25682,952,2635,2022-07-19,Success
16833,2363,25021,2023-03-05,Success
14995,555,20818,2022-07-17,Success
39934,2471,23638,2022-11-04,Success
54394,717,27842,2022-08-16,Success
41704,2766,18867,2022-09-17,Success
15241,1098,21248,2023-01-24,Success
57533,777,4473,2022-07-13,Success
19236,1717,12763,2023-02-12,Success
58775,1012,5630,2023-02-16,Success
20068,1518,22726,2022-08-13,Success
13944,841,29934,2022-03-26,Success
12893,1111,2003,2022-11-27,Success
47571,61,18601,2022-04-13,Success
26455,2480,10913,2022-07-01,Cancelled by the passenger
25657,638,5068,2023-03-19,Success
54245,1755,24111,2023-04-01,Success
28173,462,17865,2022-08-04,Success
6783,242,1113,2023-01-17,Rejected by the driver
48926,2523,22717,2022-08-14,Cancelled by the passenger
6155,2107,2033,2022-07-13,Cancelled by the passenger
7155,1053,11737,2022-09-04,Success
7485,1236,19784,2022-09-15,Cancelled by the passenger
14488,16,15261,2023-03-16,Rejected by the driver
41924,1461,35762,2023-03-17,Cancelled by the passenger
730,2483,1591,2022-11-08,Success
58157,2138,20758,2023-02-09,Success
42579,6,34590,2023-02-03,Rejected by the driver
10286,334,27531,2022-08-08,Success
44081,1285,3471,2022-05-28,Success
17471,371,30665,2022-12-30,Cancelled by the passenger
25501,2072,25144,2022-06-23,Success
28827,2250,798,2023-03-30,Success
11223,1979,9635,2023-01-20,Cancelled by the passenger
41426,1470,27418,2022-12-22,Success
49535,2993,31125,2023-03-18,Success
46941,2990,23239,2022-05-12,Success
5993,1617,19901,2022-07-02,Success
30292,1551,14563,2022-03-27,Success
11351,692,22340,2022-05-07,Success
10995,2775,15076,2022-12-16,Success
37642,2491,8701,2023-01-21,Success
39473,2688,32085,2022-11-20,Success
29554,304,1638,2022-07-30,Cancelled by the passenger
2012,294,24301,2022-06-18,Success
36961,2910,17422,2022-06-15,Cancelled by the passenger
1254,2947,26796,2023-04-02,Success
6509,82,7024,2023-01-18,Success
47094,1159,27366,2023-04-01,Rejected by the driver
31663,372,4617,2022-07-29,Success
11870,2210,39596,2022-07-19,Success
28152,1104,13755,2022-12-30,Cancelled by the passenger
10697,2317,507,2022-04-21,Success
17474,998,13900,2023-03-09,Success
10130,1923,6245,2022-05-21,Success
10792,621,8115,2023-01-17,Success
22344,800,18345,2022-06-19,Success
35511,1652,34233,2022-05-07,Success
24341,1384,8273,2022-07-26,Cancelled by the passenger
9904,1528,24913,2022-03-26,Rejected by the driver
47658,2724,37084,2023-04-15,Success
28672,2654,2914,2022-04-24,Success
51319,1997,1599,2022-06-10,Rejected by the driver
37662,727,26241,2022-08-08,Cancelled by the passenger
52469,1128,26556,2022-08-07,Success
34376,2690,14971,2022-03-20,Success
15924,2737,5989,2023-02-07,Success
42813,2930,26829,2022-05-09,Success
14747,272,35195,2022-06-10,Rejected by the driver
34719,17,10106,2023-01-05,Success
10229,1789,17992,2022-12-23,Success
8749,2630,6876,2022-07-21,Success
44864,1202,36037,2022-11-10,Rejected by the driver
10643,2492,25669,2023-02-01,Cancelled by the passenger
26608,2731,2714,2022-11-10,Rejected by the driver
23450,1119,9607,2022-10-14,Success
54992,960,22953,2022-10-03,Success
16030,2256,14547,2022-08-15,Cancelled by the passenger
12067,556,23975,2022-04-23,Rejected by the driver
10107,945,38815,2022-10-23,Success
59884,364,39997,2022-11-14,Success
19738,2383,587,2022-08-30,Success
50284,688,8684,2022-07-16,Success
17538,827,15232,2022-10-08,Success
57116,1690,32318,2022-04-08,Rejected by the driver
15245,1793,16909,2022-06-22,Rejected by the driver
17067,495,7393,2022-10-04,Success
26727,878,22434,2023-02-01,Success
17669,2498,3466,2022-06-08,Success
19164,1616,38416,2022-10-25,Success
12133,384,35027,2023-01-31,Success
28497,2087,28391,2023-01-17,Rejected by the driver
58953,1785,13173,2022-10-16,Rejected by the driver
50851,403,8718,2022-07-19,Success
20949,2249,6359,2022-03-15,Cancelled by the passenger
21237,945,27597,2022-06-26,Rejected by the driver
25380,476,4161,2022-10-03,Success
51124,705,35843,2023-01-11,Success
47695,2713,2096,2023-04-07,Cancelled by the passenger
24828,2459,23664,2022-11-11,Cancelled by the passenger
11063,1158,6567,2022-06-28,Rejected by the driver
56561,1867,22198,2022-09-28,Rejected by the driver
32573,2728,36320,2023-01-12,Rejected by the driver
51641,1526,24843,2022-07-08,Success
59993,1447,23212,2022-05-29,Rejected by the driver
6296,2571,4487,2022-08-13,Success
45497,1227,8230,2022-10-04,Rejected by the driver
41781,197,10893,2022-08-02,Success
21754,2628,28224,2022-04-12,Success
46193,1678,6166,2023-03-17,Rejected by the driver
26910,2163,22607,2022-04-14,Success
37698,2049,881,2022-10-25,Success
18591,1191,22095,2022-07-09,Success
34244,2775,12381,2023-01-17,Success
34180,1009,38651,2023-03-29,Success
39439,1226,31680,2022-08-15,Success
4581,235,17658,2022-03-23,Success
28532,116,32257,2022-10-12,Success
53849,317,4167,2022-07-29,Success
39838,1241,18185,2022-07-08,Success
58212,2939,29373,2022-05-21,Success
26314,1500,26309,2022-09-20,Success
56245,1111,30173,2023-03-18,Success
58934,1369,8843,2022-06-23,Cancelled by the passenger
41642,2464,37580,2023-03-18,Rejected by the driver
41540,606,10410,2022-03-23,Success
27833,1225,36957,2023-03-04,Success
38984,2783,8826,2022-06-25,Success
31520,1447,8752,2023-01-02,Success
4122,1683,10821,2023-01-17,Success
32523,1383,7405,2023-03-13,Success
439,653,21679,2022-10-24,Rejected by the driver
29044,2984,23399,2023-02-09,Success
42394,1559,36751,2023-02-24,Success
7024,442,22974,2022-09-25,Success
59049,1299,9068,2023-01-23,Success
32281,492,27889,2023-02-02,Success
44996,1310,2061,2022-08-13,Success
3920,2981,39390,2022-10-06,Success
2979,1454,3116,2023-02-08,Success
7791,699,24472,2023-01-16,Rejected by the driver
4965,904,36837,2022-12-28,Success
36380,143,17645,2023-03-10,Success
47770,1856,37812,2022-04-01,Rejected by the driver
7760,1455,19930,2022-04-25,Success
15146,2157,33136,2022-03-30,Success
49878,2673,39819,2023-02-12,Success
40611,2562,29502,2022-12-09,Success
6500,2596,12193,2022-09-24,Success
21677,1756,15419,2023-03-26,Cancelled by the passenger
35232,901,26900,2022-05-27,Cancelled by the passenger
13394,2534,17683,2023-02-13,Success
26077,1404,4813,2022-09-04,Success
22417,222,18817,2022-04-13,Success
59066,58,30081,2022-04-13,Cancelled by the passenger
5776,904,7281,2022-09-12,Success
59726,2500,9751,2023-03-21,Success
25370,394,31222,2023-03-26,Success
53420,2016,25503,2022-03-29,Success
21137,124,13465,2022-11-07,Success
43801,543,22208,2023-03-25,Success
57458,2558,26151,2022-09-23,Success
2204,481,27382,2022-10-23,Success
6514,795,25545,2022-11-18,Cancelled by the passenger
59559,2354,17351,2022-08-10,Cancelled by the passenger
16686,2821,27328,2022-05-13,Success
37021,1337,9851,2022-07-06,Rejected by the driver
14555,666,32998,2022-09-19,Success
26257,1818,53,2022-07-02,Success
1243,702,19150,2022-07-06,Success
23367,2291,13131,2022-06-23,Success
56323,37,33191,2022-06-21,Success
14333,1555,14535,2022-03-21,Cancelled by the passenger
49001,2039,15479,2022-03-19,Success
58665,2517,35159,2022-10-10,Cancelled by the passenger
48406,2362,36307,2022-06-11,Success
47502,1954,15992,2022-12-08,Rejected by the driver
5522,2854,34157,2022-12-17,Success
27588,2393,1231,2023-03-23,Success
28398,2715,15185,2023-01-18,Success
48088,1141,29336,2022-07-11,Success
44105,515,32586,2022-10-13,Success
14313,1230,2625,2022-11-14,Success
5253,347,34698,2022-03-25,Success
48307,1889,26601,2022-11-06,Success
45749,1392,1262,2023-01-07,Cancelled by the passenger
13837,802,19421,2022-05-07,Success
48666,1987,23881,2022-10-27,Cancelled by the passenger
25151,576,12238,2023-03-31,Success
24170,2782,15308,2022-09-16,Cancelled by the passenger
14589,1730,25814,2023-02-22,Success
8639,2448,31258,2022-07-08,Success
5861,1568,26729,2022-11-25,Success
21850,1376,14597,2022-04-15,Success
35410,2900,30205,2023-01-13,Success
30299,354,12651,2022-05-16,Success
51079,1141,3568,2023-01-21,Success
46185,452,6343,2022-10-10,Success
23551,2038,8960,2022-05-07,Success
35583,2439,13918,2022-07-15,Cancelled by the passenger
4293,823,7238,2022-06-15,Success
35843,2957,941,2022-09-04,Success
14233,2171,28558,2022-07-09,Success
33931,149,8220,2022-11-20,Cancelled by the passenger
47528,1308,28833,2022-06-04,Success
19502,1119,15731,2022-10-23,Cancelled by the passenger
32487,2491,14272,2022-10-08,Success
44740,2562,14508,2023-01-16,Success
49877,636,1883,2022-04-03,Success
29422,2893,22913,2022-03-17,Success
28861,1342,34091,2022-04-13,Success
26841,698,37668,2023-03-20,Success
35769,872,3617,2022-06-27,Success
13763,1362,8482,2022-12-16,Success
44576,717,36666,2022-09-02,Rejected by the driver
58533,1127,10206,2022-11-18,Success
29276,1236,15340,2022-12-10,Rejected by the driver
25904,1271,19542,2022-07-19,Success
12611,305,3101,2022-08-19,Success
6619,1902,25863,2023-04-03,Success
58445,2328,18332,2023-01-09,Success
20152,1964,15223,2022-05-24,Cancelled by the passenger
35662,1184,4135,2022-11-12,Success
22873,2296,4541,2022-11-15,Success
58277,1571,39479,2022-08-13,Success
55744,1076,15499,2022-12-10,Success
9907,2579,32952,2022-09-24,Success
17253,1696,24114,2022-04-09,Success
33456,1490,12991,2023-04-10,Success
35415,2216,31539,2022-09-07,Success
34198,2402,19742,2023-03-20,Rejected by the driver
156,180,15149,2022-07-05,Success
42788,518,30140,2022-10-12,Success
26052,1338,3536,2023-04-09,Rejected by the driver
8779,615,1629,2022-10-22,Success
47310,2685,11577,2022-06-09,Success
26235,2107,21456,2022-06-17,Success
50885,1547,37758,2022-08-06,Success
49722,2483,16433,2023-01-31,Success
43846,1533,9865,2023-02-06,Cancelled by the passenger
19972,2340,21324,2023-01-24,Success
20557,1145,28367,2022-12-25,Success
45378,2455,19222,2022-09-18,Success
25874,1718,25146,2022-06-25,Success
48490,1505,906,2022-07-07,Rejected by the driver
14707,2492,6833,2022-06-22,Rejected by the driver
49428,2385,32365,2023-02-21,Success
39166,2309,32057,2022-07-20,Success
37042,877,19021,2022-12-01,Rejected by the driver
58192,353,16164,2022-08-19,Success
41983,1438,30981,2022-06-13,Success
39300,2345,37323,2022-07-27,Success
56494,501,3112,2022-10-31,Success
27928,27,39866,2022-08-05,Cancelled by the passenger
25751,2760,36717,2022-08-03,Success
276,2451,7328,2022-06-05,Success
14301,2467,1306,2023-02-23,Cancelled by the passenger
13819,1167,21857,2023-03-05,Success
8123,2270,10084,2023-03-02,Cancelled by the passenger
59894,2023,3599,2022-03-22,Success
7811,2587,32178,2022-09-09,Success
20722,2891,25432,2022-06-28,Cancelled by the passenger
24901,1476,4605,2022-05-06,Cancelled by the passenger
14858,2705,16197,2023-04-04,Cancelled by the passenger
32335,453,32627,2022-06-14,Success
13051,2295,27704,2022-03-28,Success
23540,1668,20867,2023-03-27,Cancelled by the passenger
59867,2601,19067,2022-07-15,Success
27030,1431,25206,2023-01-13,Success
44566,289,4515,2022-08-03,Success
55004,2397,23146,2022-11-04,Rejected by the driver
56996,2744,25668,2022-10-07,Cancelled by the passenger
11668,929,30327,2023-01-20,Success
38859,149,30519,2023-02-21,Success
45313,2639,17541,2022-11-26,Success
33734,2829,17188,2023-03-31,Success
21407,1603,28953,2022-03-19,Success
37681,1211,26147,2022-08-21,Success
12318,1851,4769,2022-12-06,Cancelled by the passenger
17510,275,33507,2023-03-20,Success
23660,822,12341,2022-05-14,Success
33588,337,35635,2023-04-01,Success
42235,1519,29327,2022-03-25,Success
28297,1881,15721,2022-10-22,Success
12266,1950,8262,2023-02-02,Rejected by the driver
34196,1432,23364,2023-04-09,Success
8190,605,23091,2022-11-12,Success
9672,201,19471,2023-02-21,Success
30210,2816,6617,2023-02-24,Cancelled by the passenger
25383,2127,36813,2023-02-20,Success
46348,2678,27020,2022-11-19,Success
8422,1223,4632,2022-05-10,Rejected by the driver
31454,2430,25479,2023-04-04,Success
3881,1176,30253,2022-08-13,Rejected by the driver
55209,2073,28853,2022-10-28,Success
1826,2153,26097,2023-04-03,Success
42092,743,28963,2022-06-04,Success
28366,823,27799,2023-01-23,Success
40715,844,28552,2022-10-20,Success
12055,2249,21279,2022-11-01,Cancelled by the passenger
38236,590,6309,2022-06-30,Success
8048,1203,29358,2022-09-21,Success
30002,1334,39228,2022-06-15,Success
25238,919,6602,2022-08-09,Success
43285,2203,16687,2022-06-01,Success
45147,243,25388,2022-09-25,Success
33015,2233,19128,2022-09-03,Success
774,1013,11335,2022-10-24,Success
25037,1784,16485,2022-12-05,Success
56479,1822,11585,2022-11-02,Success
38844,1063,23885,2022-11-06,Success
41759,2512,20920,2022-03-16,Rejected by the driver
40321,869,4270,2022-06-11,Success
43214,184,30117,2022-09-25,Cancelled by the passenger
31278,686,9733,2022-12-03,Success
27943,396,11503,2022-06-15,Success
17039,5,29132,2023-02-22,Success
5920,2219,9597,2022-12-02,Success
39293,1773,18267,2023-01-01,Success
56648,2560,1305,2022-12-03,Success
40201,99,8659,2022-12-18,Success
42346,207,4597,2022-07-08,Success
17889,516,20111,2022-07-17,Success
1910,1905,9834,2022-09-05,Success
51189,290,30537,2022-06-11,Success
59142,1784,28508,2023-01-15,Rejected by the driver
50873,563,31543,2022-09-21,Success
55115,2228,28008,2023-02-02,Success
15087,1862,20409,2022-05-18,Success
59364,1765,2859,2022-06-06,Success
58574,1006,26267,2023-03-22,Rejected by the driver
3287,2986,1844,2022-12-15,Success
45973,2356,22288,2022-10-13,Success
28024,215,11394,2022-03-18,Success
20640,1385,23261,2022-12-01,Success
5458,2665,31753,2022-05-14,Rejected by the driver
31335,96,15330,2022-05-25,Cancelled by the passenger
54275,2639,39465,2022-06-02,Success
49508,853,7312,2022-06-26,Success
5746,2277,5899,2022-06-14,Success
44929,1187,29900,2023-01-21,Success
14580,1913,8822,2022-04-08,Success
2112,56,1712,2023-01-19,Success
22058,2674,14791,2022-03-31,Rejected by the driver
36310,586,18953,2022-09-07,Success
12840,2846,25599,2022-11-05,Success
26499,1262,38596,2022-11-29,Success
31776,2872,12753,2022-06-10,Success
51705,1196,269,2023-03-01,Success
20373,723,26542,2022-05-29,Success
16033,2864,23892,2022-10-29,Success
10362,687,30150,2023-04-13,Success
9885,1376,32207,2022-04-26,Success
9817,1032,8647,2023-03-05,Success
29123,1792,20726,2023-02-14,Success
21616,876,30781,2023-02-22,Success
25653,2550,1443,2022-03-27,Success
47967,662,24722,2022-08-17,Success
33341,1500,10014,2023-02-22,Success
5769,989,6521,2022-03-16,Success
26292,1439,29742,2022-05-27,Rejected by the driver
5410,1923,19526,2022-07-21,Success
30504,136,38341,2022-10-08,Rejected by the driver
187,2136,13597,2023-01-07,Success
6605,400,27922,2022-11-27,Success
35811,2139,36554,2023-03-08,Success
19654,2047,17989,2022-11-24,Success
53648,958,3679,2023-01-17,Success
221,305,16385,2022-04-17,Rejected by the driver
51822,1352,29430,2022-09-24,Success
10458,165,4170,2023-03-18,Success
50829,2486,38966,2022-04-04,Rejected by the driver
19999,1503,6800,2023-02-22,Success
837,1868,11311,2023-04-08,Success
6075,799,2317,2022-12-25,Success
48533,2611,16595,2023-02-16,Success
15028,2212,37595,2022-12-05,Success
47601,2572,36605,2023-03-13,Rejected by the driver
30582,1081,31567,2022-05-04,Cancelled by the passenger
38977,2776,39003,2022-04-13,Success
14007,89,39013,2023-03-01,Cancelled by the passenger
49838,2590,17348,2022-11-23,Rejected by the driver
28844,2547,28083,2023-01-09,Success
49585,2201,18043,2022-11-02,Success
2880,555,32966,2023-03-11,Rejected by the driver
9275,2782,12130,2022-10-21,Success
49751,5,39523,2022-07-09,Success
31809,1911,8168,2023-03-30,Cancelled by the passenger
40916,2448,4727,2022-10-11,Success
1415,1248,10684,2023-01-18,Rejected by the driver
7927,590,39430,2022-07-21,Cancelled by the passenger
6463,1242,24463,2022-10-09,Success
54598,299,28959,2022-12-10,Cancelled by the passenger
47743,309,29376,2022-03-22,Success
44863,2103,29524,2022-12-20,Cancelled by the passenger
36092,364,4243,2023-01-19,Success
10894,399,6674,2022-05-25,Rejected by the driver
44789,1761,6451,2022-09-02,Success
20421,1753,21155,2023-02-24,Rejected by the driver
44627,930,8562,2022-10-29,Success
59941,2154,10766,2022-07-09,Rejected by the driver
52707,2604,26634,2022-04-04,Success
42397,2999,17164,2023-03-02,Success
42640,1746,14312,2022-07-08,Success
34298,1641,34198,2022-06-26,Success
27124,1079,3399,2023-04-13,Success
41236,1856,20010,2022-11-05,Success
43424,369,17964,2022-09-11,Success
19589,843,8022,2023-03-27,Rejected by the driver
39242,2045,4785,2022-03-31,Rejected by the driver
38562,10,37727,2023-01-27,Success
26943,93,3604,2023-01-31,Rejected by the driver
17781,1281,32429,2022-07-11,Success
52170,95,21927,2022-06-25,Success
48729,175,13449,2022-11-22,Success
19560,1619,39954,2022-12-18,Cancelled by the passenger
25290,32,18158,2023-03-04,Success
6594,1540,15806,2023-03-27,Success
22125,2409,12400,2022-07-07,Success
21883,825,18441,2022-07-13,Rejected by the driver
37773,1447,34245,2022-07-01,Rejected by the driver
56052,1807,526,2022-04-03,Success
57758,270,29559,2022-06-20,Success
13996,225,10290,2023-03-23,Success
16234,2604,5587,2022-03-19,Success
22172,287,18472,2022-10-30,Cancelled by the passenger
9489,230,26778,2022-09-25,Success
45023,621,1439,2022-10-06,Rejected by the driver
2833,2488,32755,2022-04-03,Success
56999,1777,12443,2023-03-17,Success
38992,2064,5631,2023-03-20,Cancelled by the passenger
30257,2351,8759,2022-12-01,Cancelled by the passenger
31546,231,14858,2022-10-02,Success
13383,1826,24775,2022-10-25,Success
515,907,5036,2023-01-22,Success
37983,26,12145,2022-10-20,Cancelled by the passenger
34997,88,23678,2023-01-02,Rejected by the driver
49492,2415,1525,2022-08-08,Success
24443,2650,20517,2023-01-01,Success
52310,1754,38270,2022-05-05,Success
50127,2529,36406,2022-09-17,Success
41603,723,20751,2022-11-13,Success
44465,2402,26448,2022-10-21,Success
50489,2752,12632,2022-11-15,Success
20818,386,36717,2022-12-11,Success
4312,19,13141,2023-03-16,Success
14542,1814,15813,2022-08-11,Cancelled by the passenger
29789,1352,4302,2022-08-01,Success
45139,613,37684,2022-04-03,Rejected by the driver
29059,316,8861,2023-04-10,Rejected by the driver
58011,512,9467,2022-07-06,Success
23912,2196,7075,2022-09-24,Success
46985,1574,2908,2022-10-12,Success
8156,2298,38848,2022-06-16,Success
28045,2184,11265,2022-06-12,Success
484,971,37720,2022-09-02,Success
16120,560,7510,2023-01-22,Rejected by the driver
14429,1484,11564,2023-03-10,Cancelled by the passenger
12089,1786,36125,2023-02-16,Success
11898,703,4467,2022-12-27,Success
27679,2027,16725,2022-08-24,Success
40249,1175,14166,2022-07-29,Success
33054,565,13277,2022-10-30,Success
21696,594,23029,2023-02-05,Success
24266,601,12635,2022-06-15,Cancelled by the passenger
5858,788,9126,2022-06-27,Success
318,357,23673,2022-06-08,Success
10374,1017,36744,2022-12-23,Success
11190,2333,23675,2022-08-11,Cancelled by the passenger
25708,1216,8536,2022-11-15,Cancelled by the passenger
52711,566,38374,2022-12-30,Success
45826,1495,14526,2022-10-16,Success
37475,882,5209,2023-02-12,Success
4647,2230,14197,2022-05-12,Success
23678,337,14029,2022-05-18,Rejected by the driver
37597,2913,26065,2022-04-15,Cancelled by the passenger
49402,2390,28532,2022-12-24,Success
2994,2711,10573,2022-11-15,Success
27386,2703,25646,2023-01-13,Success
28116,2705,3587,2022-08-04,Rejected by the driver
15540,1480,24065,2022-04-17,Success
16172,2919,7052,2022-11-14,Rejected by the driver
6554,517,788,2022-06-10,Success
44422,282,2317,2023-02-25,Success
47568,1124,20367,2022-06-30,Success
57465,631,7261,2022-08-02,Success
51761,863,30066,2022-09-06,Success
18559,2986,27185,2022-08-05,Cancelled by the passenger
17268,1536,23911,2022-08-29,Success
31746,1831,27816,2023-04-05,Success
48972,1980,21738,2022-08-12,Success
39544,2130,19230,2022-09-24,Cancelled by the passenger
14121,51,7888,2022-12-25,Success
18383,1568,5503,2023-03-03,Success
47290,1413,35192,2022-05-08,Success
28626,847,13288,2022-05-06,Success
40041,1541,31239,2022-10-09,Success
33793,2038,23442,2022-07-06,Success
24242,158,36298,2022-07-07,Success
47590,2737,7910,2023-03-30,Success
18075,2001,17177,2022-10-31,Rejected by the driver
9829,2708,34013,2023-01-08,Cancelled by the passenger
48725,2686,30622,2023-03-08,Success
15468,1846,9890,2022-08-14,Success
4436,2665,37044,2022-12-20,Rejected by the driver
24211,1652,28014,2023-02-27,Success
55836,1228,5641,2022-07-21,Success
57676,1919,15860,2023-03-20,Cancelled by the passenger
24871,1871,35903,2022-12-28,Success
1685,800,23789,2023-02-14,Success
11736,519,7415,2022-06-06,Success
58158,616,7337,2023-02-08,Success
54147,1434,12164,2022-03-28,Success
21294,1852,17874,2022-03-15,Success
42376,1426,14537,2022-08-07,Success
59096,1146,29163,2023-02-01,Cancelled by the passenger
40897,2661,17159,2022-11-08,Rejected by the driver
46172,203,24117,2022-08-19,Success
23915,1076,32431,2022-06-29,Success
37723,314,12329,2022-08-30,Success
21435,226,225,2022-03-15,Success
24973,1843,39663,2022-06-08,Cancelled by the passenger
42506,1294,16058,2022-05-08,Success
44301,2053,16960,2022-05-31,Success
50306,468,17724,2022-09-10,Cancelled by the passenger
234,1612,32464,2022-11-01,Success
21666,1236,1374,2022-09-24,Cancelled by the passenger
58314,807,13888,2022-07-14,Success
37502,883,11355,2022-12-29,Success
47505,824,35453,2022-11-22,Success
59059,2392,22841,2022-12-05,Success
59126,1264,18088,2022-10-15,Success
57097,873,37156,2022-11-20,Success
18786,1934,35092,2022-04-21,Success
16736,2093,13733,2022-09-07,Success
6617,2793,39229,2023-02-17,Success
46848,856,27751,2022-03-18,Success
46222,1369,18351,2022-05-13,Success
34143,832,36472,2022-08-05,Cancelled by the passenger
13150,2240,37267,2022-12-11,Cancelled by the passenger
7218,2262,10869,2022-08-22,Success
46587,2466,3148,2023-02-24,Rejected by the driver
25760,2835,9439,2022-05-08,Rejected by the driver
17340,784,9403,2023-04-06,Success
58981,1343,300,2023-01-29,Success
8832,2140,10876,2022-06-20,Success
38585,400,13461,2022-10-25,Cancelled by the passenger
59845,515,25799,2023-03-13,Rejected by the driver
48027,1856,20644,2022-06-29,Success
4626,1685,17743,2022-12-11,Success
12022,2652,34074,2022-12-20,Success
32892,204,5308,2022-11-16,Success
12618,766,17685,2022-07-02,Cancelled by the passenger
13861,275,26288,2022-04-24,Success
42681,1365,17970,2022-05-05,Success
26461,548,27127,2022-09-16,Success
57767,921,15510,2023-03-07,Success
23672,1684,5900,2022-05-18,Success
59047,2104,17546,2022-08-14,Success
19363,1239,9805,2023-01-11,Success
55621,2413,29519,2022-04-08,Success
19597,1259,36971,2022-12-27,Cancelled by the passenger
3783,776,1322,2023-01-06,Success
55720,384,36710,2022-05-21,Rejected by the driver
49880,2227,27830,2022-11-21,Cancelled by the passenger
17497,211,269,2023-01-08,Success
49643,2575,1831,2023-04-06,Success
50978,2637,30880,2022-07-11,Success
25748,1916,24732,2022-08-26,Success
5007,228,34642,2022-11-15,Success
52018,1787,27171,2022-09-12,Success
38734,126,3685,2022-05-16,Success
46557,301,12472,2022-04-04,Cancelled by the passenger
41040,2687,10575,2022-07-03,Success
24984,2386,5803,2022-12-30,Cancelled by the passenger
23146,963,13038,2023-01-25,Rejected by the driver
44914,2763,21676,2022-05-04,Cancelled by the passenger
23430,2681,20524,2023-04-05,Success
27550,2045,18907,2023-04-15,Success
49621,588,10897,2022-04-17,Success
44693,893,34472,2022-04-17,Success
7584,398,2208,2022-12-19,Rejected by the driver
56697,315,2118,2022-03-20,Rejected by the driver
5476,2983,13286,2023-01-02,Success
11438,1112,14160,2023-04-12,Success
41086,626,7938,2022-05-15,Cancelled by the passenger
45411,1780,2764,2022-10-30,Success
1259,1379,7830,2022-05-14,Success
14999,1748,1013,2022-05-23,Success
56557,1169,30437,2022-12-25,Success
30478,1486,7480,2023-01-23,Success
58047,2271,6890,2022-07-01,Success
17663,2122,32001,2022-10-25,Success
44541,1084,10896,2022-08-28,Success
50141,2946,675,2022-05-14,Rejected by the driver
49956,1027,4583,2022-09-12,Success
20620,1123,31430,2023-03-22,Success
14732,1316,19586,2022-03-29,Success
47373,25,4123,2022-05-23,Success
32771,2664,38000,2022-07-31,Cancelled by the passenger
39404,2565,39042,2022-04-08,Success
30214,1031,12076,2023-02-28,Cancelled by the passenger
52435,552,39909,2022-09-12,Success
22951,2532,13815,2022-11-03,Rejected by the driver
47866,2207,6208,2022-09-28,Rejected by the driver
36159,570,27587,2022-05-05,Success
11780,1389,9719,2022-07-10,Success
41578,1726,22100,2022-05-08,Success
32222,9,33824,2022-08-04,Success
20314,1806,18476,2022-05-26,Success
56575,770,14231,2022-12-26,Success
53341,1454,35473,2022-10-15,Success
44915,400,38438,2022-05-11,Success
7178,2533,30665,2022-09-23,Success
53681,631,21577,2022-05-20,Rejected by the driver
41340,142,18832,2022-04-24,Rejected by the driver
42859,179,28077,2022-09-03,Success
59958,2682,28521,2022-09-29,Rejected by the driver
48797,271,11048,2022-09-23,Success
22355,413,17485,2022-05-03,Success
14132,979,26050,2023-03-16,Success
34259,164,30578,2022-09-21,Rejected by the driver
59284,1492,4216,2022-08-26,Success
11085,1489,20899,2022-04-16,Rejected by the driver
30632,2451,7884,2022-07-25,Success
30900,2232,10228,2022-10-15,Success
11945,1906,15997,2022-04-14,Success
7721,613,1197,2022-09-02,Success
18873,2906,846,2022-08-06,Success
39533,2754,11476,2022-09-02,Success
56488,520,31820,2022-05-03,Success
41625,346,24132,2023-03-08,Success
32526,508,33094,2022-07-16,Rejected by the driver
295,1939,4230,2023-04-12,Success
40906,2828,136,2022-10-03,Rejected by the driver
19665,827,26066,2022-08-23,Success
59829,786,6610,2022-09-08,Success
34727,882,18898,2022-09-25,Success
55533,912,22659,2023-04-02,Success
40918,1852,20744,2022-08-28,Rejected by the driver
48100,617,17241,2022-03-31,Rejected by the driver
51249,701,26202,2022-06-04,Success
42774,1581,9750,2022-03-12,Success
32915,766,27502,2022-06-12,Success
293,1871,7741,2022-12-19,Success
50187,196,28832,2022-05-30,Cancelled by the passenger
15902,1385,27486,2022-11-12,Success
55278,315,35423,2022-05-08,Success
40431,1388,12652,2022-09-08,Success
24228,830,10069,2022-07-28,Cancelled by the passenger
37126,794,37238,2022-11-02,Success
57374,684,34700,2022-06-18,Success
10987,581,30638,2022-11-15,Success
50010,1142,19103,2022-12-28,Rejected by the driver
48538,298,14219,2023-03-06,Success
48385,580,39619,2022-04-05,Success
43141,2214,23996,2023-02-28,Success
16607,38,31264,2023-02-18,Success
31604,501,30885,2022-04-18,Rejected by the driver
17841,1907,25991,2022-03-18,Success
47119,2653,34316,2022-06-22,Success
6064,1076,18671,2022-12-26,Success
55230,2752,23023,2023-02-03,Cancelled by the passenger
8909,498,16102,2023-02-02,Rejected by the driver
2992,1850,20947,2023-03-01,Success
10545,1906,31894,2022-03-30,Success
45438,2680,5765,2022-12-20,Success
4272,953,13645,2022-04-28,Success
20736,1479,21886,2023-02-04,Success
50006,2547,21347,2022-06-12,Rejected by the driver
5376,920,23329,2022-07-05,Rejected by the driver
20252,2042,12067,2022-11-29,Success
7084,22,3837,2023-03-12,Success
54308,1157,1519,2022-08-19,Success
9924,1533,14130,2022-10-02,Success
58994,2409,8632,2022-12-05,Cancelled by the passenger
9576,187,3898,2023-01-12,Cancelled by the passenger
16443,2467,600,2022-04-01,Cancelled by the passenger
1665,1921,759,2022-12-08,Success
13583,1595,29602,2023-01-04,Rejected by the driver
35039,2348,15870,2022-08-27,Success
52283,1944,35442,2022-11-13,Rejected by the driver
1274,1767,12791,2023-02-24,Rejected by the driver
19602,656,16810,2022-08-31,Success
18047,531,10748,2022-03-28,Success
46397,1374,33025,2022-08-14,Success
15753,2647,18430,2022-12-27,Success
22636,532,8267,2022-07-23,Cancelled by the passenger
59290,1096,35889,2022-08-27,Rejected by the driver
58831,1050,20747,2022-09-04,Success
30444,151,10589,2022-09-18,Success
4392,2014,28310,2022-11-16,Success
20177,934,39116,2022-03-25,Success
45733,1349,2614,2023-03-25,Rejected by the driver
37943,1000,885,2022-04-22,Success
22301,37,28419,2022-09-26,Success
45912,225,33300,2023-02-28,Rejected by the driver
44531,249,32467,2022-08-30,Rejected by the driver
54047,1330,13762,2022-10-18,Success
49939,1366,25636,2022-07-01,Success
6161,2647,12543,2022-12-03,Success
2589,195,20802,2022-03-26,Cancelled by the passenger
42722,2740,9851,2023-03-21,Success
32652,1569,18034,2022-08-23,Success
49720,2866,24509,2023-03-07,Success
6673,2085,34470,2023-01-17,Success
57189,557,19070,2022-11-19,Rejected by the driver
40263,1252,8884,2023-02-06,Success
52579,885,2470,2022-06-16,Success
7995,876,8764,2022-12-27,Success
50863,691,12748,2022-07-24,Success
11896,2270,38568,2022-05-17,Success
49927,1062,23892,2022-06-28,Rejected by the driver
7288,2183,779,2022-04-09,Success
28753,1351,22185,2022-12-14,Success
57486,592,21399,2023-03-13,Success
46662,1619,28982,2023-02-26,Success
34275,2183,2812,2022-09-09,Success
6017,1313,16739,2022-05-22,Rejected by the driver
15804,428,15160,2022-10-06,Success
35026,1743,16554,2023-03-11,Success
24569,357,27795,2022-10-20,Cancelled by the passenger
43222,2873,35064,2023-03-09,Success
8116,830,12835,2022-11-13,Rejected by the driver
11997,1797,1603,2022-12-02,Success
20953,2859,24262,2023-01-26,Success
54916,1159,10369,2023-04-07,Rejected by the driver
31922,999,26968,2022-05-11,Success
37178,2199,4751,2022-12-26,Success
44196,1758,34848,2023-03-08,Rejected by the driver
57219,2827,18773,2022-07-04,Success
20799,341,3157,2022-10-14,Success
1607,2332,14497,2022-12-11,Success
51878,248,28628,2022-08-08,Success
42283,2131,31928,2023-03-30,Success
16751,1134,38567,2022-09-11,Success
47210,913,18246,2022-09-29,Cancelled by the passenger
13250,2984,13607,2022-10-11,Success
49410,2010,7266,2022-12-20,Success
46687,1823,19297,2022-08-01,Success
17038,1785,143,2022-03-31,Success
30536,1202,21728,2022-03-17,Success
38177,231,29007,2022-05-11,Success
15504,2176,28156,2022-08-26,Success
32666,313,10406,2022-09-06,Success
42079,298,21434,2022-10-21,Success
35644,491,33293,2022-07-05,Rejected by the driver
10571,1410,19007,2023-03-26,Success
45344,842,36292,2022-04-18,Success
58601,859,30231,2023-01-14,Cancelled by the passenger
47413,1770,20539,2022-06-20,Success
33760,2034,5879,2022-04-04,Success
57490,214,6547,2022-03-18,Success
12847,1675,11563,2022-11-07,Success
51852,474,22731,2022-05-10,Cancelled by the passenger
35784,1729,2021,2022-10-02,Success
32417,309,33715,2023-04-03,Rejected by the driver
10525,1603,24486,2022-10-16,Rejected by the driver
54781,2250,21143,2022-08-24,Success
5553,1763,9225,2022-06-29,Success
44368,2145,10921,2022-07-31,Rejected by the driver
44759,2343,3990,2022-05-03,Success
10312,1466,30292,2022-03-28,Rejected by the driver
53772,1558,10633,2022-05-02,Rejected by the driver
41222,2593,17149,2022-04-18,Cancelled by the passenger
28102,2116,19978,2022-11-14,Success
13979,2408,4543,2022-03-14,Success
47734,1053,9099,2022-07-05,Success
41207,1187,7558,2022-05-24,Success
23470,1558,633,2022-03-28,Success
11534,518,38535,2022-09-04,Success
28374,2586,3276,2023-01-02,Success
10940,1993,7183,2022-07-30,Rejected by the driver
30040,2603,3978,2022-11-10,Success
48998,1284,843,2022-06-12,Success
52264,1295,8305,2022-07-06,Success
57506,2626,1733,2022-05-13,Success
14713,261,1269,2022-12-21,Success
31439,1218,31253,2023-04-07,Success
4989,912,37318,2023-03-12,Success
22030,551,33920,2022-03-31,Rejected by the driver
33633,1950,901,2023-03-29,Success
35204,324,9874,2022-04-05,Cancelled by the passenger
17757,2064,29896,2023-03-17,Rejected by the driver
50324,1102,20841,2022-06-10,Cancelled by the passenger
36075,622,25880,2022-12-10,Success
706,2711,8838,2022-07-10,Success
5559,2829,7421,2022-11-22,Rejected by the driver
15694,2944,28608,2022-11-26,Rejected by the driver
45163,805,3480,2022-10-14,Rejected by the driver
31026,113,35184,2022-12-20,Success
25251,767,2854,2022-05-12,Success
19961,913,13784,2022-06-11,Rejected by the driver
30496,1363,18639,2023-03-03,Success
24244,1096,1795,2022-08-18,Success
1853,1123,20149,2022-03-28,Success
39536,1554,39091,2022-05-24,Success
22870,1618,25666,2023-03-16,Success
15073,1241,19282,2022-10-08,Success
41903,1914,38663,2022-09-01,Success
6045,1913,38661,2022-11-30,Success
4587,1599,13316,2023-01-24,Rejected by the driver
10698,991,31912,2022-09-18,Success
11986,300,19042,2022-06-18,Cancelled by the passenger
47907,440,32310,2022-04-07,Cancelled by the passenger
28943,2314,811,2022-06-14,Success
18476,693,9291,2022-12-07,Success
43077,1355,29544,2022-06-10,Success
21896,2584,14675,2022-03-31,Success
59445,2302,29125,2022-08-06,Success
37812,1633,15399,2022-03-25,Success
20815,1479,5059,2022-06-26,Rejected by the driver
3134,2513,19024,2022-07-15,Success
3578,753,1046,2023-03-19,Success
32592,855,30597,2022-08-22,Rejected by the driver
17628,839,38260,2022-11-12,Success
9260,1505,22109,2023-04-11,Success
13234,621,11093,2022-08-05,Success
26326,2092,48,2022-11-27,Success
4152,1847,26779,2023-01-21,Success
40771,2269,30738,2023-01-04,Success
53927,2621,5457,2022-08-10,Success
10424,812,14601,2022-11-15,Success
25509,2183,36393,2022-04-07,Rejected by the driver
9958,212,3985,2022-04-19,Success
11989,2324,14088,2022-08-12,Rejected by the driver
31862,192,22561,2023-01-14,Success
58039,2888,14584,2023-01-15,Rejected by the driver
9713,1983,18575,2022-08-07,Success
25141,1977,7565,2023-02-09,Cancelled by the passenger
4812,2139,18980,2023-04-02,Success
36905,1686,2126,2022-10-08,Success
10549,2918,11443,2022-10-13,Success
21760,1121,23266,2022-10-10,Success
59446,754,1763,2022-05-25,Rejected by the driver
38165,2809,26845,2022-10-25,Success
20931,511,22061,2023-03-26,Success
5466,2855,19628,2022-12-07,Success
53074,1484,20864,2022-08-28,Success
6338,50,17689,2022-07-17,Rejected by the driver
4107,1287,29063,2022-09-24,Rejected by the driver
21741,2182,38130,2022-08-30,Success
41239,2656,70,2022-12-07,Success
20764,309,5146,2022-08-25,Rejected by the driver
9563,2527,4635,2022-09-13,Success
13618,371,34038,2022-07-20,Success
53145,1108,9826,2022-10-11,Success
36983,175,32486,2022-05-08,Success
16064,2024,17620,2022-06-29,Success
29472,2656,34605,2022-03-14,Success
40129,549,32918,2022-11-30,Success
21194,744,19224,2022-03-23,Success
58067,278,30234,2022-03-24,Rejected by the driver
49123,2785,4526,2022-08-08,Success
2898,2871,8925,2022-07-11,Success
57535,1559,4684,2023-03-16,Rejected by the driver
12876,1398,21570,2023-04-07,Success
6624,2578,10934,2022-11-13,Success
37962,2899,39789,2022-08-13,Success
18670,1080,32845,2022-09-19,Success
39775,1561,31168,2022-09-29,Success
1215,2012,23180,2022-10-30,Success
13198,495,8851,2023-01-30,Success
35987,2645,19548,2022-07-31,Success
43620,2301,20034,2022-07-27,Success
34798,334,11579,2023-03-29,Success
317,1049,8609,2022-12-21,Cancelled by the passenger
27037,2676,14115,2022-11-15,Success
47853,743,27733,2022-12-10,Success
57848,41,25257,2022-04-01,Success
10292,2393,12424,2022-05-28,Success
30577,2700,29641,2022-07-11,Success
10859,1776,35832,2022-08-28,Success
39842,1759,11814,2022-08-07,Success
20462,1746,35932,2022-11-02,Success
39687,1205,22811,2022-04-28,Success
534,1757,8425,2022-07-18,Success
49747,386,29952,2022-05-09,Success
47638,2022,39268,2022-08-25,Success
23852,16,33955,2022-05-04,Success
44607,1803,20363,2023-04-15,Success
5464,980,3958,2022-11-16,Rejected by the driver
24521,1380,23478,2022-09-04,Success
12241,2101,39426,2022-03-17,Success
21224,92,22419,2022-07-09,Success
19576,803,26717,2022-11-28,Rejected by the driver
1624,2878,10713,2022-06-13,Success
5793,912,6377,2022-08-09,Cancelled by the passenger
13148,970,12436,2023-03-27,Success
55628,2067,31116,2023-03-24,Cancelled by the passenger
59254,2403,21143,2022-08-23,Success
43824,404,8128,2022-06-02,Success
48537,1292,12618,2022-04-09,Success
51323,2022,36091,2023-03-27,Success
38774,2671,16822,2022-09-06,Success
53009,314,713,2022-05-16,Success
28487,2126,39719,2023-01-31,Success
26005,668,16411,2022-11-19,Success
40802,2495,14261,2022-08-02,Success
31477,2643,36808,2023-03-17,Success
58898,2381,3625,2023-01-21,Success
45654,1364,39306,2022-12-04,Success
36011,1061,2219,2022-08-08,Success
46748,2414,1777,2022-11-15,Success
41289,2095,34413,2022-04-23,Success
23585,946,588,2022-08-26,Success
16795,1397,37070,2022-12-25,Success
8605,1920,3277,2022-03-15,Rejected by the driver
55400,752,37633,2023-04-15,Rejected by the driver
55906,64,31364,2022-07-13,Success
46622,2040,33583,2022-09-07,Rejected by the driver
40739,2321,33349,2022-12-11,Rejected by the driver
1880,1321,6673,2023-04-04,Success
12248,1701,21033,2022-11-12,Success
10111,2895,27139,2022-03-31,Success
1502,1305,28806,2023-02-19,Success
50326,205,34309,2022-11-18,Success
1567,2329,23611,2022-05-31,Rejected by the driver
52797,406,28517,2022-06-04,Success
8680,693,9083,2022-12-08,Rejected by the driver
58188,1963,35087,2022-06-11,Success
24361,2461,30493,2023-03-03,Rejected by the driver
12826,752,6296,2022-04-03,Success
11084,2369,1762,2022-03-19,Success
22512,1567,10675,2022-03-22,Success
14534,1532,35731,2022-07-28,Cancelled by the passenger
34394,2305,18267,2022-09-04,Rejected by the driver
24263,2563,38655,2022-04-06,Success
43452,709,25928,2022-11-13,Success
18034,2224,19395,2022-12-08,Cancelled by the passenger
48778,1825,2619,2022-05-30,Success
15488,2218,18447,2022-07-31,Success
37238,698,37946,2022-04-22,Success
14457,2328,16126,2023-04-13,Success
12965,2450,28656,2022-08-28,Success
47324,878,1793,2023-01-02,Success
28397,2296,29899,2022-05-29,Success
16035,1656,39165,2022-03-27,Success
54674,2344,17278,2022-09-26,Cancelled by the passenger
26129,2571,33500,2022-03-21,Success
12461,250,30500,2023-01-27,Success
5314,2287,13722,2023-03-20,Success
17774,2568,18261,2022-04-25,Success
32923,1193,22971,2023-01-25,Success
4839,501,20070,2022-07-14,Success
49517,1222,13005,2022-10-28,Success
52095,2204,6612,2022-08-25,Success
25048,249,4252,2023-02-20,Rejected by the driver
37543,907,31770,2022-06-26,Success
5198,2108,19605,2022-07-05,Cancelled by the passenger
54010,1200,25724,2022-03-26,Success
48257,2158,15362,2022-03-12,Success
2212,1943,656,2023-01-22,Success
34173,1692,29693,2022-05-10,Success
27221,1490,29871,2022-09-15,Success
25728,1797,3882,2023-03-21,Success
48922,1035,31138,2023-04-12,Success
34768,2241,27186,2022-11-29,Success
2105,1721,4268,2022-10-17,Success
11792,2168,8677,2023-02-12,Cancelled by the passenger
12971,506,17491,2023-03-23,Success
54698,621,16143,2022-11-27,Success
58731,76,32428,2022-12-03,Success
1545,1661,21054,2022-12-02,Success
50114,2952,19293,2022-04-06,Success
8141,679,26598,2022-08-14,Success
38476,2381,11730,2022-09-24,Success
4528,522,23460,2023-03-21,Success
59079,1466,35600,2022-07-13,Success
32501,1670,24868,2022-07-28,Success
7533,2714,15937,2022-03-30,Cancelled by the passenger
29532,2205,27240,2023-02-25,Cancelled by the passenger
51415,1944,8403,2022-04-09,Success
42586,2774,442,2022-12-20,Success
27115,932,33300,2023-02-04,Success
27813,1266,11127,2022-04-03,Success
28524,2537,33371,2022-06-03,Success
30511,2240,17324,2022-06-06,Rejected by the driver
24525,1962,23041,2022-09-08,Success
46209,1864,22698,2023-02-23,Success
30629,1872,375,2023-02-09,Success
54753,1636,22547,2022-04-01,Cancelled by the passenger
19478,2498,30458,2022-03-29,Rejected by the driver
37957,2998,29314,2023-01-02,Cancelled by the passenger
9549,2025,24238,2022-12-28,Success
15623,1040,39799,2022-12-28,Success
1112,399,6174,2022-12-03,Success
7952,343,29138,2022-07-25,Success
10878,453,22549,2022-03-23,Success
6796,2833,5926,2022-08-31,Cancelled by the passenger
41189,261,16668,2022-04-12,Success
23143,2061,31984,2023-04-03,Success
3442,607,27449,2023-02-04,Success
4566,2012,1768,2023-02-15,Success
45828,344,19758,2022-08-03,Success
19028,2803,9771,2023-03-06,Cancelled by the passenger
50832,2490,36960,2022-06-15,Success
45880,2200,18049,2022-06-26,Success
34842,2787,14323,2022-04-16,Success
59805,1748,27034,2023-01-21,Cancelled by the passenger
57800,570,18822,2022-09-28,Success
53236,2690,3405,2022-08-07,Rejected by the driver
12712,691,33744,2023-02-12,Success
24010,2122,8261,2022-04-21,Success
35914,1701,18328,2022-12-03,Success
14772,2715,27245,2022-09-07,Success
28037,995,37348,2022-11-24,Cancelled by the passenger
34159,1271,27087,2022-08-24,Success
51399,168,7234,2023-03-19,Success
32010,80,26653,2022-06-03,Success
53629,1214,22411,2023-03-21,Success
9429,1048,2792,2022-07-13,Success
42775,1008,2926,2022-08-02,Rejected by the driver
18431,26,28919,2022-11-13,Success
48671,745,15103,2022-07-26,Success
14626,2872,11998,2022-05-29,Success
33985,1719,29027,2022-03-20,Success
37783,1338,10520,2022-10-08,Success
36552,1343,32120,2022-09-03,Success
26164,1465,30111,2022-12-08,Success
59514,2359,35511,2022-12-07,Success
41331,1881,33301,2023-02-27,Cancelled by the passenger
57163,259,24864,2022-08-28,Success
12557,2566,24292,2022-09-16,Success
4697,1233,16659,2022-04-23,Rejected by the driver
6203,1675,29393,2023-02-26,Success
46532,701,15971,2022-11-27,Success
12019,1134,1419,2023-03-01,Success
50810,583,12428,2022-05-20,Success
3524,1576,26062,2022-04-05,Rejected by the driver
16433,949,33120,2022-12-20,Cancelled by the passenger
39524,1886,3560,2022-07-07,Success
46794,2887,10125,2023-02-24,Rejected by the driver
1543,2563,28795,2023-01-21,Success
56193,262,15464,2023-01-04,Rejected by the driver
39334,403,28412,2022-07-18,Success
22,2769,37567,2023-04-12,Rejected by the driver
57678,860,23121,2022-05-22,Rejected by the driver
15417,2474,2241,2022-07-04,Success
12172,761,22376,2022-12-10,Success
21266,2498,35538,2022-09-12,Rejected by the driver
12751,1059,8285,2022-07-06,Success
10559,2366,1688,2022-08-15,Success
49225,1599,29343,2022-05-07,Success
46503,2541,1253,2022-06-09,Cancelled by the passenger
44020,1326,20348,2022-08-11,Success
57692,834,27447,2022-10-15,Success
34815,1903,28027,2023-01-10,Success
59889,228,31180,2022-07-12,Success
59539,2243,21691,2023-02-15,Success
35176,2103,11951,2023-02-14,Cancelled by the passenger
37579,1681,8444,2022-03-29,Success
32702,440,37538,2022-03-14,Rejected by the driver
25608,2750,19565,2023-01-13,Success
40344,1520,31947,2022-11-19,Success
57791,1296,15287,2022-09-01,Success
23815,2161,1889,2022-12-27,Success
5740,1483,8844,2022-10-13,Success
371,260,9215,2022-12-25,Success
42426,1048,29158,2022-10-05,Success
31357,411,18954,2022-10-21,Success
33665,380,2489,2022-09-10,Success
56775,2140,20884,2022-06-29,Success
9972,2281,36866,2023-01-05,Success
50660,1061,123,2023-01-26,Success
22478,2293,705,2022-04-27,Success
32354,2209,25511,2022-12-06,Cancelled by the passenger
57333,174,10326,2023-03-21,Rejected by the driver
39852,552,6399,2023-02-27,Success
14109,1196,34799,2023-04-10,Success
15601,1655,37671,2023-01-01,Success
20744,894,22073,2023-02-07,Success
27078,2327,33532,2022-10-09,Success
11176,1460,7007,2022-09-15,Success
8826,1346,37077,2023-04-14,Rejected by the driver
5851,2612,36096,2022-04-26,Success
28941,2934,7949,2022-07-16,Cancelled by the passenger
36599,1487,16695,2022-05-08,Success
48757,1209,18131,2022-11-12,Rejected by the driver
2802,1745,35441,2022-09-07,Success
26513,1001,10655,2022-06-04,Success
16379,2990,15084,2022-03-13,Success
4518,1148,20326,2022-04-05,Rejected by the driver
56753,1982,7992,2022-10-04,Success
12443,716,4486,2023-02-01,Success
51013,1610,33978,2022-06-07,Success
4620,2406,26910,2022-12-10,Rejected by the driver
23900,98,6865,2023-03-29,Success
54764,595,4464,2023-03-21,Cancelled by the passenger
33066,1296,26569,2023-03-28,Rejected by the driver
14997,2086,35535,2022-12-21,Success
11924,1326,14944,2023-03-08,Success
36654,990,26110,2022-12-06,Success
47560,2515,20778,2022-08-31,Success
41926,2964,33513,2023-02-01,Rejected by the driver
15067,1585,4184,2022-09-20,Success
27750,2828,18475,2023-03-15,Success
29743,2464,28157,2022-12-30,Success
30066,1551,25515,2022-06-28,Success
48523,415,3786,2022-07-05,Success
40267,71,6248,2023-01-26,Success
29068,397,16129,2022-07-23,Rejected by the driver
52531,2006,22778,2022-12-03,Success
25267,2741,38737,2022-08-10,Rejected by the driver
31760,1216,36618,2022-11-29,Success
48328,1988,19112,2023-04-01,Rejected by the driver
45387,1753,18551,2023-03-06,Success
16873,2060,20433,2022-03-14,Success
15674,2845,23672,2023-03-02,Success
28226,230,31355,2023-01-07,Success
49721,1434,152,2022-04-28,Success
27940,1007,23192,2023-01-14,Rejected by the driver
49980,842,24379,2023-01-13,Rejected by the driver
34912,1341,9088,2023-01-03,Rejected by the driver
34482,2834,16247,2023-02-20,Success
59565,844,37994,2023-01-27,Rejected by the driver
27781,2895,32389,2023-04-15,Success
38365,1732,781,2022-03-12,Success
55704,839,36266,2023-01-08,Success
4032,2525,15948,2022-07-31,Success
20605,1724,1281,2022-09-12,Cancelled by the passenger
21159,2161,25315,2023-03-06,Rejected by the driver
59360,856,21088,2022-05-27,Success
45466,83,5642,2022-11-05,Success
14943,1211,16275,2022-12-18,Success
35770,91,13485,2023-02-22,Rejected by the driver
2831,653,17287,2022-08-20,Success
48437,1433,17734,2023-03-05,Success
39174,2195,601,2022-04-15,Success
1377,748,31852,2023-02-13,Cancelled by the passenger
56860,2095,28324,2022-09-22,Cancelled by the passenger
50121,2014,876,2022-06-21,Success
2033,2522,31298,2022-04-17,Success
48067,1164,22887,2022-05-28,Cancelled by the passenger
12083,2748,509,2023-03-31,Success
21940,1802,39798,2022-08-27,Success
48809,1005,13341,2023-01-04,Success
33799,2275,26676,2023-01-24,Success
54410,291,3427,2022-03-30,Success
1316,1468,15825,2023-02-02,Success
30631,2506,3759,2022-11-16,Success
55282,968,5445,2022-03-24,Success
59621,767,3133,2022-04-25,Success
58576,1689,26393,2022-05-12,Success
58816,2211,18364,2022-12-24,Cancelled by the passenger
27602,838,9789,2022-03-24,Cancelled by the passenger
23558,1043,25854,2023-01-05,Success
3628,1794,10204,2022-11-29,Success
3407,1807,28234,2022-03-15,Cancelled by the passenger
33816,1899,27033,2023-04-07,Rejected by the driver
32806,1646,9488,2022-11-06,Rejected by the driver
41970,596,3247,2023-04-03,Success
9873,2006,24505,2022-10-08,Success
35837,957,19358,2022-09-07,Success
3013,1033,37407,2022-11-03,Success
6211,2146,22592,2023-02-16,Rejected by the driver
8847,1278,22632,2022-05-22,Success
34540,2381,7204,2022-11-22,Success
59205,106,13389,2022-11-11,Cancelled by the passenger
28377,2513,12206,2022-12-05,Success
28907,2688,5057,2022-06-13,Success
30517,259,17433,2022-10-19,Success
19326,2594,19960,2022-08-12,Rejected by the driver
29901,1200,39798,2023-04-14,Rejected by the driver
27455,426,23234,2022-09-12,Success
4074,1831,13085,2023-03-15,Success
9971,2569,18239,2023-04-08,Rejected by the driver
36003,1315,7634,2022-12-30,Success
30948,2681,34449,2023-02-22,Success
36957,644,39641,2022-10-30,Cancelled by the passenger
19348,2957,34223,2022-05-24,Success
50964,2305,27875,2022-11-13,Success
34892,553,27960,2022-09-14,Success
24789,757,21974,2023-03-04,Rejected by the driver
28483,229,38723,2022-10-03,Success
13208,2923,25757,2022-06-11,Success
23930,123,33562,2022-09-17,Success
19957,1351,5926,2022-11-15,Success
28323,1370,35762,2023-02-08,Success
58462,542,20150,2022-05-13,Success
16631,994,38625,2022-12-07,Success
23050,366,21756,2022-12-09,Success
33418,2337,18935,2023-01-19,Success
51682,2079,5216,2022-11-10,Success
15536,557,28906,2023-01-25,Success
43542,2588,29202,2022-08-03,Success
10406,934,28429,2022-10-23,Success
45563,103,22211,2023-01-09,Success
31582,2497,2753,2022-06-11,Success
38350,2828,18243,2023-02-13,Cancelled by the passenger
35376,877,32339,2023-04-14,Success
3196,2641,14495,2023-04-11,Success
43583,152,30835,2022-12-26,Success
9687,173,7481,2023-01-19,Success
48302,2713,15810,2022-11-03,Rejected by the driver
43325,651,12207,2023-03-23,Success
51643,2451,26037,2022-08-12,Success
12417,1023,16328,2023-03-22,Success
42023,904,14350,2023-01-09,Cancelled by the passenger
32669,566,12426,2022-05-19,Rejected by the driver
1815,541,13997,2023-01-23,Success
21315,2244,38853,2022-12-12,Success
48649,1640,32309,2022-08-03,Rejected by the driver
10144,2680,21884,2022-09-01,Success
48838,2687,17944,2022-09-23,Success
50970,1227,22158,2022-11-19,Cancelled by the passenger
47516,2270,38983,2022-08-10,Cancelled by the passenger
37745,2754,18366,2022-12-25,Success
54307,806,27456,2023-03-01,Success
24158,1054,5890,2023-01-23,Success
54532,2852,17111,2022-05-25,Cancelled by the passenger
45970,941,3615,2022-10-17,Success
46023,1864,38823,2023-04-11,Success
44808,2975,18633,2022-07-12,Success
51332,68,35437,2022-12-28,Rejected by the driver
30381,1151,5903,2023-02-27,Success
41712,1673,18507,2022-06-01,Success
14686,1977,25243,2023-01-06,Success
55696,1843,30796,2023-03-12,Cancelled by the passenger
26480,2623,3928,2023-04-06,Success
31271,1965,28852,2023-03-17,Success
53635,976,12327,2022-10-25,Success
25562,213,35189,2023-01-26,Rejected by the driver
8834,1420,3317,2023-01-21,Cancelled by the passenger
36672,202,4438,2023-03-05,Success
20288,810,39526,2023-03-30,Rejected by the driver
58508,1021,20137,2023-01-01,Success
21706,2286,38250,2022-07-30,Rejected by the driver
31071,1794,39297,2022-11-01,Success
32141,785,1701,2022-11-08,Success
44666,75,6684,2022-11-16,Success
53306,1252,18839,2023-04-06,Success
47705,358,4115,2022-09-11,Success
5288,363,1284,2022-08-19,Success
22071,1902,14499,2022-03-25,Rejected by the driver
19009,1249,4798,2023-02-14,Success
4713,1196,10136,2023-01-02,Success
78,963,3415,2022-10-02,Success
16746,566,22817,2022-05-10,Success
58176,2373,34286,2022-04-18,Rejected by the driver
29303,1131,31408,2023-03-24,Success
56836,334,27088,2022-10-19,Success
15911,1447,9742,2023-02-20,Success
19604,475,5800,2022-04-28,Success
1922,2445,22729,2022-05-01,Rejected by the driver
23,530,8247,2022-08-19,Success
21165,332,15000,2023-04-09,Success
41938,1211,29740,2022-03-31,Rejected by the driver
18298,663,20285,2023-04-09,Rejected by the driver
28681,103,19339,2022-08-16,Success
16876,511,36734,2023-03-14,Rejected by the driver
27472,2824,14570,2022-07-24,Success
19306,2931,34049,2023-02-28,Cancelled by the passenger
37845,1040,10446,2022-12-11,Success
29499,2006,12302,2022-07-25,Success
54733,2774,17081,2022-09-08,Rejected by the driver
47712,2152,34592,2022-08-02,Cancelled by the passenger
19674,1310,755,2023-03-19,Success
21248,2680,34155,2022-05-11,Success
33462,2519,6713,2022-08-17,Success
13796,540,2745,2022-06-23,Success
5729,578,2823,2022-03-18,Success
8668,942,1964,2022-03-12,Success
13772,1358,25687,2022-08-01,Success
30065,13,5701,2022-08-20,Success
33920,1318,38626,2022-10-01,Success
33044,2332,17186,2022-03-23,Success
38565,677,32324,2022-06-10,Cancelled by the passenger
28743,1454,18115,2022-04-20,Success
3203,2703,7526,2022-04-05,Success
28038,1806,39723,2023-03-26,Rejected by the driver
31540,1851,2244,2022-04-29,Success
26602,180,31726,2023-03-11,Success
11799,2731,24593,2022-12-13,Rejected by the driver
21912,1250,14323,2023-03-22,Rejected by the driver
25008,699,15170,2022-09-28,Success
37652,1670,32612,2022-09-05,Rejected by the driver
39811,278,5177,2022-05-23,Rejected by the driver
2315,2994,25796,2022-03-13,Success
9613,2107,12319,2022-11-22,Success
8863,1131,24336,2023-04-14,Success
39232,2642,19717,2022-04-29,Success
15681,2245,26608,2022-04-06,Success
2189,746,26896,2022-12-22,Rejected by the driver
44621,553,14683,2023-01-26,Success
3374,1317,38223,2022-05-31,Success
8683,493,6097,2023-04-03,Success
14905,2882,14665,2023-03-24,Success
36788,2357,30380,2023-02-15,Success
22379,1166,5806,2022-11-04,Success
45080,1002,5865,2022-12-24,Success
22228,2458,18036,2022-11-25,Success
56463,622,28059,2023-01-27,Success
57040,787,10692,2022-11-09,Success
22768,51,20629,2023-04-01,Success
57452,151,13272,2022-06-25,Success
13867,1307,37532,2023-01-06,Rejected by the driver
22787,187,22656,2023-01-25,Rejected by the driver
50225,158,25210,2022-10-11,Success
30315,296,27942,2023-04-04,Success
21048,196,21998,2022-05-23,Success
6973,51,25802,2023-01-22,Success
571,900,26711,2022-03-18,Success
28908,2195,27547,2022-06-07,Success
35265,2062,20096,2023-03-23,Cancelled by the passenger
28829,2600,6150,2022-05-26,Success
13374,1224,11232,2022-07-21,Rejected by the driver
44213,1020,36572,2022-12-24,Success
41530,158,368,2022-11-20,Success
9064,1092,33744,2023-01-18,Success
58042,312,29847,2022-10-11,Success
15736,2126,15787,2022-10-28,Success
38491,1646,6432,2022-08-12,Success
45569,1165,32685,2022-03-15,Success
59355,2302,8258,2023-02-20,Success
51187,2968,32484,2022-09-24,Success
37753,480,20846,2023-01-15,Rejected by the driver
38711,2914,20497,2022-09-30,Success
50134,2054,9379,2022-08-28,Success
13239,2965,39392,2022-03-20,Success
40039,1882,20506,2022-03-16,Cancelled by the passenger
28723,952,10401,2022-05-16,Cancelled by the passenger
10301,696,32410,2022-08-31,Rejected by the driver
50182,2536,38773,2022-07-14,Success
21656,247,17073,2022-03-12,Success
50549,2920,30093,2023-03-16,Success
19480,1842,14039,2022-07-03,Cancelled by the passenger
57492,1514,36872,2022-06-09,Success
26893,1676,35257,2022-07-08,Success
37127,2652,38948,2023-01-06,Rejected by the driver
51790,2949,634,2022-12-09,Success
27493,360,19387,2022-11-18,Success
44093,2484,26609,2022-11-09,Success
45049,2685,21047,2022-12-27,Cancelled by the passenger
9076,1613,25607,2022-08-04,Rejected by the driver
30662,1309,26216,2022-04-19,Rejected by the driver
19058,2845,1422,2022-12-20,Success
43381,2195,5328,2022-06-06,Success
29173,140,24812,2022-08-20,Success
31082,1566,29824,2022-06-07,Success
35424,2698,18799,2022-09-01,Success
25882,756,7026,2022-07-08,Rejected by the driver
24301,29,10531,2023-03-25,Cancelled by the passenger
35286,1914,1637,2022-04-07,Success
22492,543,28267,2022-12-20,Success
22514,2718,36860,2023-02-08,Rejected by the driver
53411,603,8337,2022-12-19,Success
53372,2589,33180,2022-11-15,Success
53382,77,9070,2022-12-22,Success
18216,1725,9261,2023-01-15,Success
10521,72,18815,2023-03-23,Success
28289,208,36936,2022-08-06,Success
10371,1030,18298,2023-02-09,Rejected by the driver
11161,2949,19097,2022-04-02,Success
7493,977,31862,2023-03-03,Success
21664,1893,36518,2022-03-26,Success
38958,1341,8303,2022-05-28,Cancelled by the passenger
12322,427,20001,2022-05-01,Success
22847,877,12740,2022-12-15,Success
32235,812,8033,2022-12-25,Success
58282,694,1714,2023-03-19,Success
6313,2923,34623,2022-07-01,Success
14820,640,28906,2022-07-31,Success
33130,634,37153,2022-09-22,Cancelled by the passenger
47388,885,14418,2022-11-18,Success
40879,2989,31182,2022-06-19,Success
22186,99,8648,2022-07-19,Success
26300,406,11941,2022-04-09,Success
12931,1232,22712,2022-11-17,Success
7804,1372,29777,2022-12-27,Cancelled by the passenger
56843,2236,18027,2023-01-14,Success
17571,2709,36047,2023-03-17,Success
19655,2483,5099,2022-09-10,Success
34801,708,21308,2022-12-17,Success
10849,1849,29361,2022-08-21,Cancelled by the passenger
45996,334,14868,2023-01-23,Success
24781,878,11805,2022-07-16,Success
59742,2645,27097,2023-02-19,Success
52192,1551,13816,2022-09-26,Success
59362,666,5099,2022-11-06,Success
32763,941,4504,2022-12-12,Cancelled by the passenger
59398,231,11396,2022-07-21,Success
22716,2989,91,2022-03-23,Success
31631,761,15698,2022-06-28,Success
16622,1800,38199,2022-08-03,Success
52545,1870,35906,2022-05-27,Success
50547,2886,10636,2022-08-23,Success
33280,1406,16049,2023-02-15,Success
11019,316,7783,2023-02-20,Cancelled by the passenger
50046,2273,5019,2022-12-18,Success
27554,2729,5681,2022-04-20,Success
29306,1338,38956,2022-04-09,Success
29876,2070,14369,2022-07-08,Success
15178,1975,13711,2022-09-27,Success
37286,70,25320,2022-12-18,Success
17763,2706,39287,2023-01-07,Success
30947,819,25099,2022-06-25,Success
6435,2584,27299,2022-03-25,Success
31589,1999,24310,2022-05-07,Success
57408,1027,3763,2022-07-25,Success
38837,2285,32388,2023-02-01,Rejected by the driver
6506,1399,20959,2022-10-01,Success
3845,136,11532,2022-04-20,Success
11933,809,2523,2023-01-07,Success
32140,2187,20486,2022-06-05,Success
24294,297,1913,2022-08-25,Success
47688,2511,15472,2022-04-18,Success
59407,1073,28681,2022-06-20,Success
58207,21,14141,2022-07-07,Success
33763,2662,21589,2022-04-07,Success
41878,1093,13789,2022-05-03,Success
51139,2033,27980,2022-08-16,Success
31265,1672,7612,2023-03-03,Success
10774,2273,38314,2022-03-25,Success
26847,2235,28617,2022-09-25,Cancelled by the passenger
57629,2696,19337,2023-04-11,Success
848,1059,14188,2023-01-13,Success
53765,941,18703,2023-02-13,Success
23864,1803,1584,2022-12-02,Success
44429,2612,39550,2022-05-04,Success
2167,1935,38173,2022-05-21,Rejected by the driver
47955,2929,21321,2022-10-26,Cancelled by the passenger
14520,1434,26672,2022-08-20,Success
40338,1619,1130,2023-02-06,Rejected by the driver
53431,640,29178,2022-12-22,Success
21431,2598,26135,2023-01-11,Cancelled by the passenger
50766,2877,16291,2022-11-07,Rejected by the driver
56764,520,1471,2022-10-09,Success
16783,2867,7265,2023-03-05,Success
27496,1618,18512,2022-06-11,Success
59371,874,33814,2023-04-13,Success
48826,432,28338,2022-06-14,Success
42729,717,36585,2022-04-22,Success
54582,2318,15797,2022-09-13,Success
1959,1137,19036,2022-12-06,Success
49095,2717,39321,2022-07-03,Success
27969,144,23571,2022-12-30,Success
12927,1951,39717,2023-03-10,Success
40961,387,19196,2022-06-16,Cancelled by the passenger
54140,2440,3833,2022-04-15,Success
48123,1812,29355,2022-08-02,Success
56750,500,5265,2022-09-24,Success
21726,2337,24734,2023-03-16,Success
6828,832,35079,2022-05-10,Success
30262,1083,34634,2022-12-27,Success
4384,2285,19268,2023-02-10,Success
14916,1882,17660,2022-09-24,Success
28594,2442,11656,2022-05-09,Cancelled by the passenger
34604,2550,2986,2022-12-26,Success
57312,1919,37185,2022-11-02,Rejected by the driver
35523,2814,9633,2022-07-26,Cancelled by the passenger
21978,2079,18397,2022-04-27,Success
15980,468,7585,2022-12-15,Success
37561,2651,23418,2022-05-24,Success
24172,2654,33455,2022-03-25,Success
25019,2352,15388,2022-11-10,Success
6610,1838,19753,2022-08-29,Success
4676,1610,6504,2022-04-01,Success
10588,473,37645,2022-05-07,Rejected by the driver
1760,325,8743,2022-10-20,Success
13230,1645,36292,2022-08-17,Success
7937,1918,14329,2022-06-16,Success
34810,958,18086,2022-09-05,Success
34407,1337,39246,2022-09-13,Success
4140,1391,12150,2023-03-23,Cancelled by the passenger
11177,1998,29560,2023-01-21,Cancelled by the passenger
43854,507,24533,2022-06-27,Success
28637,1743,12951,2022-05-02,Success
48884,1616,28181,2022-12-24,Success
23837,2338,26494,2022-11-08,Rejected by the driver
34671,19,20082,2023-03-17,Rejected by the driver
40846,318,39626,2022-07-25,Success
33939,1224,17578,2022-12-31,Success
43362,1694,9096,2022-11-04,Success
8470,324,3029,2023-03-24,Success
41193,1240,15586,2022-11-15,Success
47865,1804,18638,2023-03-24,Success
12157,163,4893,2022-11-23,Success
51086,8,12828,2022-06-08,Cancelled by the passenger
19082,2960,32371,2022-08-19,Cancelled by the passenger
13497,863,26008,2022-03-22,Success
46125,2935,13049,2023-03-01,Success
52106,2733,14844,2023-02-23,Success
44956,497,37840,2023-02-11,Rejected by the driver
18582,2323,22839,2022-12-16,Success
44532,191,2544,2023-04-11,Success
21243,2991,34064,2022-11-24,Cancelled by the passenger
17609,389,36376,2023-03-08,Rejected by the driver
14985,1812,24931,2022-07-26,Success
3888,1412,9434,2022-10-07,Success
25441,2221,26312,2023-04-02,Success
15655,1797,21905,2022-10-21,Success
37941,1335,32022,2023-02-04,Success
34708,1055,18337,2022-09-26,Success
20753,1684,37442,2022-05-08,Success
44237,2780,7799,2023-01-14,Success
2767,829,3152,2022-04-23,Success
40927,2568,12405,2023-01-04,Success
19069,1637,11667,2023-03-24,Success
36985,406,6406,2022-07-07,Success
44711,130,14204,2022-04-09,Success
29892,147,14357,2022-05-14,Success
16409,1053,35528,2022-05-17,Cancelled by the passenger
10316,1003,12421,2023-01-22,Rejected by the driver
22282,12,32015,2022-03-21,Success
4934,1231,32050,2022-06-16,Success
41623,2422,32061,2022-12-11,Success
1860,2022,1964,2022-10-03,Cancelled by the passenger
21668,1310,36559,2022-04-24,Success
26729,370,35291,2023-01-27,Success
11990,1095,29035,2022-05-22,Success
48218,39,31328,2023-02-17,Success
50836,1587,365,2022-06-16,Success
22545,2576,35371,2023-02-14,Success
49247,179,22646,2022-06-21,Success
53058,21,21781,2022-08-03,Success
17849,1872,22450,2022-03-27,Success
34101,2194,1097,2022-06-12,Rejected by the driver
47669,178,39096,2022-11-22,Rejected by the driver
12740,688,22968,2023-03-01,Cancelled by the passenger
1710,2936,32473,2022-04-23,Rejected by the driver
48993,2323,20101,2022-07-23,Success
55113,810,27743,2022-03-12,Success
40084,2486,34753,2022-08-15,Success
3861,2270,37760,2022-12-24,Success
38723,1342,36761,2023-03-06,Success
4585,47,30457,2023-01-21,Success
45895,1583,31384,2023-03-26,Cancelled by the passenger
54716,574,37243,2023-03-19,Success
30571,1758,21258,2022-05-19,Success
41828,2019,12360,2023-03-12,Success
32711,954,31347,2023-04-04,Success
15707,1776,15819,2023-03-24,Success
30610,2901,7278,2022-08-20,Success
19180,1535,37047,2022-11-09,Rejected by the driver
55296,127,22275,2022-03-16,Success
13024,1381,21979,2023-03-15,Success
17001,1725,7883,2022-12-10,Cancelled by the passenger
46144,2062,38413,2022-10-22,Success
2981,2047,35887,2023-02-15,Success
34167,311,34962,2023-01-09,Success
31634,1861,37528,2022-08-02,Success
39237,967,17888,2022-07-21,Success
8672,576,32437,2022-04-17,Success
23220,646,3839,2022-11-07,Success
47880,1019,13952,2022-06-15,Success
555,1147,15832,2022-08-14,Cancelled by the passenger
34878,411,39466,2022-03-27,Success
26391,1701,12401,2023-01-23,Success
36560,1047,33347,2022-11-03,Success
32245,395,27447,2022-10-16,Success
15721,2976,38946,2022-07-01,Success
36693,1478,26945,2022-12-08,Success
38264,323,11529,2022-11-16,Rejected by the driver
17364,1854,12275,2022-03-29,Cancelled by the passenger
51252,2300,34485,2023-02-25,Success
15607,339,33497,2023-01-29,Rejected by the driver
47566,2431,23154,2023-04-13,Success
16619,474,1820,2022-08-05,Success
27420,2412,37507,2022-05-07,Success
58926,792,33243,2022-10-10,Success
44018,1408,5190,2022-08-17,Cancelled by the passenger
20370,436,36160,2023-02-28,Success
13593,1881,27989,2022-05-15,Success
28590,602,2813,2023-04-03,Success
18705,688,12113,2022-10-13,Success
1549,1696,22759,2022-08-07,Success
59962,866,15074,2023-04-02,Success
17336,1998,33055,2023-01-24,Cancelled by the passenger
1967,816,9282,2023-03-13,Success
44131,1909,23482,2022-03-28,Success
32146,1745,15763,2022-07-14,Success
12498,982,33288,2022-09-23,Success
34369,1857,36081,2023-01-29,Success
12102,1066,11357,2022-07-28,Success
50495,2276,13517,2022-04-19,Success
55100,1971,35606,2022-04-15,Success
58573,2948,13247,2023-04-06,Rejected by the driver
43364,1059,39134,2023-03-31,Success
11962,2201,27422,2023-03-27,Success
1568,1573,6472,2022-06-10,Rejected by the driver
46999,1297,7604,2022-10-17,Success
15315,1116,18100,2022-05-03,Success
42551,268,26759,2023-03-18,Success
12530,1983,34678,2022-06-25,Success
7427,306,6164,2022-11-22,Success
6150,2381,20040,2022-07-29,Success
47039,1617,22091,2022-07-19,Success
12775,2902,26865,2022-08-28,Cancelled by the passenger
46030,1913,966,2022-10-15,Success
53215,2177,8931,2022-07-10,Success
55484,1449,24458,2022-10-19,Rejected by the driver
48464,764,30445,2022-09-15,Rejected by the driver
29119,79,27136,2023-02-14,Rejected by the driver
42777,714,13708,2022-11-03,Cancelled by the passenger
34041,1823,19276,2022-04-13,Cancelled by the passenger
27605,2994,30353,2022-10-21,Success
47792,2925,10444,2022-12-13,Success
32153,711,12749,2022-11-23,Cancelled by the passenger
32318,2306,20433,2022-12-26,Rejected by the driver
12616,1771,10507,2022-09-03,Cancelled by the passenger
43107,2228,27757,2022-07-09,Success
36976,37,30293,2022-09-16,Success
57553,1968,38266,2023-01-02,Success
54941,2312,22798,2022-12-15,Rejected by the driver
48021,1581,33282,2022-12-28,Success
17366,80,3170,2022-03-24,Success
15584,2018,36516,2022-12-28,Success
20286,141,35165,2023-02-27,Success
21646,1872,22654,2022-04-09,Success
40540,1442,35193,2022-08-19,Success
9651,1705,1182,2022-11-18,Rejected by the driver
54529,1547,12398,2023-01-29,Success
30010,1732,20310,2022-06-13,Success
43363,982,24761,2023-01-13,Success
36761,1998,19498,2023-04-14,Rejected by the driver
9296,2915,4178,2022-11-12,Cancelled by the passenger
59540,299,35168,2022-10-06,Success
50651,2434,20879,2022-09-30,Success
43672,1547,14783,2022-07-10,Rejected by the driver
52028,1795,7219,2022-11-28,Success
25382,316,25982,2023-01-02,Success
26013,246,844,2022-10-09,Rejected by the driver
18352,1672,38470,2022-05-16,Success
41655,2933,1838,2022-07-22,Success
18946,2118,3187,2022-11-29,Success
28808,2578,361,2023-03-09,Cancelled by the passenger
42726,919,1166,2023-01-10,Success
12350,1415,33493,2022-04-20,Success
24222,1861,25842,2022-05-09,Success
4669,1991,7761,2023-02-24,Success
38843,1916,38782,2022-07-20,Cancelled by the passenger
13755,1619,1020,2023-01-25,Success
22207,2248,8418,2022-06-15,Rejected by the driver
687,825,26639,2023-04-13,Cancelled by the passenger
6181,993,28351,2023-04-10,Success
56342,806,19884,2023-01-12,Success
14265,687,1081,2022-04-13,Success
44384,250,23830,2022-05-25,Success
55839,1188,10533,2022-09-03,Success
9670,2369,35085,2022-12-15,Rejected by the driver
40924,2140,7883,2022-10-12,Success
23689,1913,5201,2022-07-30,Rejected by the driver
7043,1554,5212,2023-01-22,Cancelled by the passenger
58764,1801,23181,2023-01-07,Rejected by the driver
33277,1278,34992,2023-03-01,Success
56228,788,23050,2022-09-06,Success
56084,670,29692,2022-05-24,Cancelled by the passenger
36683,1277,29365,2022-08-08,Success
1144,1864,5401,2023-02-04,Rejected by the driver
45552,290,30482,2022-08-12,Success
58959,1171,29695,2022-03-14,Success
47754,2248,9024,2023-01-11,Success
27504,559,6227,2022-09-29,Rejected by the driver
12709,2588,525,2022-11-30,Success
9454,1328,18288,2023-02-19,Success
45745,2046,26540,2022-06-01,Success
3165,605,22761,2022-12-02,Success
25108,535,27312,2022-10-11,Success
1795,730,10137,2023-02-13,Success
47653,2380,12875,2022-12-27,Success
12313,434,14855,2022-07-21,Success
37355,773,6390,2022-09-19,Success
35311,2771,24692,2022-07-20,Success
26793,2077,29804,2022-05-10,Success
4478,166,12028,2022-08-27,Rejected by the driver
4601,470,7792,2023-03-08,Success
42796,975,24384,2022-03-28,Success
16633,2724,19372,2022-03-16,Success
49345,2293,35189,2023-04-09,Success
46261,2292,33828,2022-07-05,Success
41647,260,551,2022-04-27,Cancelled by the passenger
54156,8,25528,2023-04-05,Success
20038,1330,11987,2022-08-21,Success
30171,1326,26332,2022-05-20,Success
58122,2294,6994,2022-05-08,Rejected by the driver
20213,2850,17632,2023-02-24,Success
21073,1545,18956,2023-01-18,Success
4331,2484,4277,2022-08-09,Success
15690,389,32540,2022-10-09,Rejected by the driver
16645,1114,24271,2022-04-22,Cancelled by the passenger
7715,2683,17026,2022-07-17,Success
45701,1113,14862,2022-07-01,Success
1397,546,15176,2022-07-21,Cancelled by the passenger
59225,2722,38895,2022-08-10,Rejected by the driver
30441,1049,36225,2022-10-01,Success
17512,263,22317,2022-07-07,Success
12084,852,28722,2022-11-30,Cancelled by the passenger
51226,2354,370,2023-02-13,Cancelled by the passenger
57051,2417,12077,2022-04-04,Success
35525,2433,14263,2022-06-20,Success
49839,1368,14385,2022-08-03,Success
50290,565,15237,2022-11-25,Success
3642,1391,9991,2023-03-23,Success
25159,574,5394,2022-07-14,Success
33090,1971,36405,2023-03-02,Success
54118,644,10772,2023-03-22,Success
714,1214,647,2022-04-23,Success
43497,1072,18021,2022-05-27,Success
36879,408,26194,2022-08-06,Rejected by the driver
37760,2864,21128,2022-06-20,Success
23623,498,14530,2023-02-12,Success
23244,1125,12830,2022-07-12,Success
36972,2944,38106,2023-02-12,Success
21624,754,2107,2022-06-25,Success
33188,2587,16235,2023-02-15,Success
43147,1389,21844,2022-11-11,Success
7658,299,15197,2022-12-30,Success
16247,1954,17259,2022-12-13,Cancelled by the passenger
41905,134,19448,2023-02-06,Rejected by the driver
6350,2916,2191,2023-03-05,Rejected by the driver
5543,455,1143,2022-08-02,Success
3580,1726,4685,2022-12-16,Success
47962,1016,20179,2022-08-19,Success
26492,1951,17659,2022-04-28,Rejected by the driver
59998,445,34480,2022-07-01,Cancelled by the passenger
39183,1772,4845,2022-07-21,Success
33366,48,28933,2022-09-27,Success
11686,610,4900,2022-03-25,Success
49788,2839,17865,2022-09-03,Rejected by the driver
57548,1296,14513,2022-03-18,Cancelled by the passenger
25732,1200,4942,2022-08-18,Success
38408,1494,11041,2022-10-04,Success
28580,1819,36105,2022-11-25,Success
33093,2474,27437,2022-04-11,Success
20425,2613,29796,2022-05-07,Success
37887,1093,5618,2022-07-04,Success
12632,1244,7414,2022-08-05,Success
11357,1876,10790,2023-02-08,Success
6819,2328,15020,2022-10-14,Success
53057,2442,3135,2022-05-31,Success
48049,2972,15106,2022-06-11,Success
42537,1525,15384,2022-05-23,Success
34980,1358,5600,2022-05-31,Success
43006,1810,3099,2023-03-25,Rejected by the driver
32500,870,28650,2023-02-08,Success
2739,1601,36469,2022-07-05,Success
11595,2041,3395,2023-03-06,Cancelled by the passenger
24797,1163,35647,2023-02-20,Success
40434,1413,27985,2022-11-03,Success
11056,1763,33743,2023-01-26,Rejected by the driver
3254,2188,39529,2022-12-06,Success
9740,1212,17643,2023-04-09,Rejected by the driver
57742,1154,2521,2023-02-03,Success
42173,2974,24697,2022-03-31,Success
1386,1685,2105,2022-04-30,Success
20515,1124,12883,2022-04-21,Success
8642,2908,38895,2023-02-26,Success
43592,1093,19791,2023-02-06,Success
2154,1024,25732,2022-10-10,Rejected by the driver
6066,248,36093,2022-04-12,Success
53859,1601,6801,2023-03-20,Success
6230,2328,32694,2022-08-18,Success
52012,1169,3699,2023-03-31,Success
13703,1485,3160,2022-04-08,Success
10947,2502,29599,2022-09-26,Success
25105,2409,432,2023-02-14,Cancelled by the passenger
53477,2032,36557,2023-03-19,Success
49457,191,33259,2022-05-13,Success
59541,445,4259,2022-11-20,Success
17556,1364,10642,2022-07-30,Cancelled by the passenger
16637,2835,11182,2022-09-24,Success
51387,1746,8808,2022-06-08,Rejected by the driver
23396,2217,10425,2022-07-11,Success
3506,1617,36684,2023-04-09,Success
28520,2691,34424,2022-11-07,Rejected by the driver
39966,2686,13545,2022-06-18,Rejected by the driver
14196,2392,15351,2022-05-02,Success
21225,309,29197,2023-03-11,Success
7481,1667,3635,2023-01-31,Success
4900,2361,10909,2022-11-01,Success
50426,2231,30844,2022-05-08,Success
38572,2313,33220,2022-06-19,Success
482,2560,28902,2022-07-20,Success
56280,985,19723,2023-04-04,Success
47088,1395,10867,2022-08-05,Success
15709,205,6355,2022-09-03,Success
46575,568,35355,2022-09-17,Success
48785,2171,12684,2022-10-02,Cancelled by the passenger
14708,900,22259,2022-12-02,Success
2508,1082,20627,2022-06-06,Success
31954,2080,1094,2022-08-14,Success
59880,858,15400,2022-05-19,Cancelled by the passenger
58485,1411,11755,2022-08-19,Rejected by the driver
44090,1888,18470,2023-01-15,Cancelled by the passenger
13697,1084,34091,2022-03-23,Cancelled by the passenger
35447,2321,19869,2023-04-11,Cancelled by the passenger
47428,2891,6553,2022-08-11,Success
41374,1193,16651,2022-07-25,Success
21689,842,4303,2022-09-27,Success
43342,1691,38362,2022-05-30,Success
18926,2598,19581,2022-09-16,Rejected by the driver
44306,1086,1325,2022-08-18,Success
46690,2253,27673,2022-12-06,Rejected by the driver
56252,1364,21844,2022-09-04,Success
14342,2670,16366,2023-03-17,Success
34176,2412,33445,2022-07-08,Success
50756,2967,35712,2022-04-08,Rejected by the driver
3242,2273,31426,2023-03-10,Success
6437,785,4783,2022-08-17,Success
57960,1259,4009,2022-07-24,Success
12368,1585,24612,2023-03-10,Cancelled by the passenger
15077,2378,18130,2022-04-25,Success
20520,990,16370,2022-12-24,Success
14620,14,8362,2022-05-04,Success
3950,1075,8788,2022-06-10,Success
59217,384,37437,2023-03-27,Success
39791,1561,9801,2022-03-14,Success
2347,8,33767,2023-04-01,Success
18330,2209,24540,2022-08-07,Rejected by the driver
10212,2556,24778,2022-03-16,Success
56948,1085,6724,2022-06-16,Success
47046,215,23183,2022-08-01,Success
53659,401,1900,2023-01-14,Success
22378,2477,8227,2022-10-22,Success
59198,420,28082,2022-12-11,Success
34753,2053,36761,2022-03-19,Success
3661,2651,31008,2022-06-12,Success
39597,78,27312,2022-04-16,Success
31573,198,22402,2022-03-30,Success
57327,628,973,2022-08-23,Cancelled by the passenger
33438,470,1035,2022-05-17,Success
9573,2747,1604,2022-12-10,Success
5782,1090,21002,2022-10-26,Success
37673,1193,9343,2022-04-04,Success
48632,1619,26217,2023-01-25,Success
50590,673,33467,2022-10-18,Success
8267,2209,14539,2022-04-14,Success
46878,497,12834,2022-05-22,Success
23340,1389,21633,2022-04-28,Success
23666,2233,18824,2022-05-13,Success
53070,875,8532,2023-04-09,Success
59267,1506,35202,2023-03-20,Success
48796,2743,16544,2022-03-25,Rejected by the driver
57625,61,18676,2023-02-22,Cancelled by the passenger
44867,1393,20774,2023-01-27,Success
32024,411,39701,2022-09-24,Rejected by the driver
34121,800,36351,2022-12-08,Cancelled by the passenger
51412,1165,15596,2022-03-13,Success
54401,2401,13539,2023-02-01,Cancelled by the passenger
16387,524,23143,2022-07-26,Success
1097,2026,5003,2022-10-18,Success
12440,2278,33309,2022-12-06,Rejected by the driver
40953,203,31931,2023-03-03,Success
19402,1214,30091,2022-09-11,Rejected by the driver
22562,218,34501,2022-06-26,Cancelled by the passenger
56194,240,10432,2023-03-06,Success
58008,753,30595,2022-06-12,Success
49425,72,38142,2022-08-07,Success
22592,2963,7557,2023-01-11,Success
31991,16,18095,2022-11-16,Success
38483,366,27193,2022-11-04,Cancelled by the passenger
59129,1812,13149,2022-11-15,Success
39566,2980,26923,2022-08-22,Cancelled by the passenger
58379,2490,13028,2022-09-03,Success
35172,20,20356,2022-12-11,Success
56178,1243,26968,2023-03-12,Rejected by the driver
21660,669,9967,2023-04-14,Success
51825,1140,11317,2023-01-23,Success
21944,1572,200,2022-03-20,Cancelled by the passenger
1761,306,11758,2022-08-05,Success
2732,2499,34400,2023-01-09,Success
44136,2696,31311,2022-10-26,Success
51738,2691,14402,2022-11-23,Success
41233,830,18680,2022-05-28,Success
24432,1132,7279,2022-04-14,Success
42672,1274,37131,2022-09-23,Rejected by the driver
45856,869,30018,2023-01-14,Success
15612,845,23675,2023-02-26,Rejected by the driver
49606,1839,2848,2022-09-12,Rejected by the driver
32513,1387,33894,2022-08-22,Success
50858,2135,26126,2022-04-26,Success
6391,2999,34643,2023-03-24,Rejected by the driver
1881,2850,30008,2022-04-10,Success
49672,2097,6275,2023-04-03,Success
43029,2640,22351,2022-10-26,Success
56977,2209,27894,2023-04-11,Success
27026,2354,17123,2022-03-12,Success
58500,2846,16005,2022-06-22,Success
2976,1046,32277,2022-10-03,Success
33728,975,15291,2022-10-11,Cancelled by the passenger
23534,1780,10998,2023-02-25,Success
4097,721,32777,2022-11-20,Success
26072,294,23668,2022-12-25,Success
18536,1668,39310,2022-05-11,Success
14037,1818,18727,2022-11-07,Success
29845,1904,36391,2022-06-07,Cancelled by the passenger
58105,941,27670,2022-08-20,Cancelled by the passenger
10403,2044,881,2022-12-27,Success
30480,2637,24840,2022-12-16,Cancelled by the passenger
3604,849,16823,2023-02-01,Success
52296,2607,22110,2022-11-27,Success
28738,2194,24039,2022-08-22,Success
32775,1349,22815,2023-01-04,Success
10234,1848,16121,2023-02-09,Success
14832,933,6903,2022-10-15,Success
44688,2624,20191,2022-10-15,Success
22875,2362,37136,2022-09-05,Success
9403,2558,30324,2023-01-07,Success
50687,869,12674,2022-03-22,Success
51293,182,31619,2023-01-22,Cancelled by the passenger
27425,2720,38811,2023-03-28,Success
30231,2887,48,2022-05-25,Cancelled by the passenger
908,1266,5490,2023-03-20,Success
24559,1046,17037,2023-01-12,Success
39599,2686,16910,2022-04-25,Cancelled by the passenger
51842,2649,30009,2023-01-15,Success
14746,2149,39052,2023-03-02,Success
24992,2566,38478,2023-01-18,Cancelled by the passenger
1923,83,29965,2022-07-30,Cancelled by the passenger
41561,1492,32649,2022-08-13,Success
11312,1018,5387,2023-03-16,Cancelled by the passenger
53771,2800,24537,2022-09-13,Success
42053,533,29687,2023-03-28,Rejected by the driver
20742,1154,19083,2022-09-09,Rejected by the driver
17360,1042,15977,2023-02-23,Success
35252,45,7876,2022-04-20,Success
18045,2449,17144,2022-04-27,Success
59091,2974,7910,2023-03-18,Cancelled by the passenger
55901,1575,36663,2022-09-16,Success
57574,1387,39007,2023-02-26,Rejected by the driver
13266,2077,28570,2023-01-02,Success
19410,1741,37156,2023-01-25,Success
15213,2728,8295,2022-10-09,Success
24561,1328,23025,2022-08-10,Success
31155,2112,9118,2022-05-28,Rejected by the driver
28779,2565,29241,2022-11-01,Success
435,1458,19998,2022-08-30,Success
32746,1954,20644,2023-04-01,Success
11297,928,15907,2022-07-23,Success
7402,1950,7233,2022-03-18,Success
7929,1880,19884,2023-04-12,Success
46505,972,25946,2022-12-16,Success
40718,1689,38073,2022-12-27,Success
13456,2162,33683,2022-11-02,Cancelled by the passenger
32420,1964,1956,2022-04-12,Success
52086,2724,16380,2022-09-24,Rejected by the driver
15226,1951,11425,2022-05-13,Success
49116,2691,7122,2022-05-25,Rejected by the driver
45420,2314,29321,2023-03-31,Success
12156,1568,18446,2022-05-23,Success
9900,1875,28522,2023-03-29,Success
30401,838,5505,2022-03-15,Success
30968,651,33922,2022-09-21,Rejected by the driver
43368,2633,38915,2022-06-03,Success
20284,42,26891,2023-02-13,Success
36571,2222,3580,2022-11-07,Success
48045,2204,22157,2023-03-07,Cancelled by the passenger
46463,279,15094,2022-11-24,Success
31390,2030,24696,2022-11-16,Success
10955,287,3517,2022-08-19,Cancelled by the passenger
38107,2703,22095,2022-07-31,Success
29334,881,13503,2022-08-28,Success
10855,1081,356,2022-09-03,Success
22903,1455,18392,2022-11-17,Success
17014,718,2808,2022-08-23,Rejected by the driver
27576,1696,32715,2022-11-04,Cancelled by the passenger
53947,1345,7582,2022-07-30,Rejected by the driver
29882,1006,359,2022-09-06,Success
38328,782,15702,2023-01-24,Success
31646,2510,4071,2022-11-14,Success
17536,182,3340,2022-06-30,Success
23541,1293,14512,2022-08-05,Success
47089,2365,2339,2022-04-26,Success
9069,2697,30048,2023-03-22,Success
4556,2305,20543,2022-04-22,Rejected by the driver
22864,2352,9659,2022-06-07,Success
48278,921,25792,2023-02-25,Success
29807,1990,25967,2022-11-10,Success
9219,2960,10255,2023-02-26,Success
46919,2167,26322,2022-11-20,Cancelled by the passenger
11919,1746,518,2022-09-26,Cancelled by the passenger
3925,1131,26513,2022-07-26,Rejected by the driver
21412,2195,23620,2023-02-09,Success
4562,2697,13670,2022-05-02,Success
14287,381,10648,2022-09-19,Success
4875,2278,33909,2023-04-03,Success
47318,383,5155,2022-03-14,Success
8247,2865,6421,2022-03-26,Success
58289,259,33812,2022-12-29,Success
32624,1417,10838,2023-03-16,Rejected by the driver
2061,1282,16789,2022-12-04,Success
33196,2914,25341,2022-06-09,Success
16143,1418,21289,2022-06-23,Success
26485,1618,38538,2022-09-20,Success
12535,1760,38252,2022-04-08,Success
54863,388,13129,2022-10-21,Rejected by the driver
54414,2598,24660,2022-09-16,Success
21404,927,21331,2022-04-10,Success
37699,1150,38947,2022-12-26,Cancelled by the passenger
27265,701,10576,2022-12-18,Success
39097,316,31397,2023-01-05,Rejected by the driver
47465,2777,28858,2022-11-25,Success
51320,198,28575,2023-04-10,Cancelled by the passenger
17679,2099,22296,2023-01-11,Success
26617,126,14762,2022-08-12,Success
34147,214,10749,2023-03-27,Success
16102,192,33221,2022-08-17,Rejected by the driver
18088,2124,39317,2022-04-28,Rejected by the driver
24532,2778,27929,2022-12-10,Rejected by the driver
7139,3,16994,2022-04-27,Success
192,1420,36079,2022-05-09,Success
33052,1669,11817,2022-10-31,Success
37112,283,35192,2022-05-21,Success
4197,563,28653,2022-12-12,Success
8409,1572,14534,2022-05-12,Success
17351,734,27741,2022-08-26,Success
35318,2140,38292,2022-12-25,Success
9291,2674,9036,2023-04-14,Success
31986,954,18600,2022-03-13,Success
33826,14,12818,2022-10-16,Success
8938,749,6502,2022-07-24,Success
6910,2296,7207,2022-10-11,Rejected by the driver
4183,1311,19468,2022-06-23,Success
40808,142,38167,2022-09-01,Rejected by the driver
21552,2228,2255,2022-04-22,Rejected by the driver
2890,1747,13991,2022-09-11,Success
52732,744,16884,2023-01-05,Success
33178,2995,22081,2023-01-15,Success
12223,138,30681,2022-05-16,Success
25423,2744,17236,2022-08-16,Success
50191,1588,28318,2023-03-26,Success
9530,2230,8094,2022-07-01,Success
42383,1167,10036,2022-04-27,Rejected by the driver
12227,2380,19834,2022-12-15,Cancelled by the passenger
25149,501,36609,2022-07-11,Success
14683,930,7229,2023-01-24,Success
52163,2258,24973,2022-11-18,Success
37284,700,22361,2022-10-10,Cancelled by the passenger
11525,2271,18855,2022-04-05,Success
32850,1924,4555,2022-10-31,Success
25756,896,23270,2022-05-05,Rejected by the driver
20264,2484,23125,2022-08-28,Success
51285,1299,30153,2022-10-25,Success
52406,109,11893,2022-05-13,Success
30929,1219,14264,2022-09-02,Success
49789,967,37721,2023-02-08,Rejected by the driver
21214,2851,17335,2022-08-15,Rejected by the driver
27528,1469,30790,2022-11-04,Success
16683,2396,23386,2022-10-19,Success
26112,612,19213,2023-01-31,Rejected by the driver
17605,507,7570,2022-07-03,Rejected by the driver
50616,1768,5832,2022-04-28,Success
25166,1924,30757,2022-08-27,Success
55710,2470,11028,2022-04-26,Rejected by the driver
5364,2391,33477,2022-08-16,Success
11749,2077,25650,2023-01-13,Success
3863,1075,26138,2022-08-25,Success
16268,384,23873,2023-01-01,Success
49520,2301,29388,2022-09-12,Success
2758,2026,8060,2022-11-16,Cancelled by the passenger
35920,1740,16097,2022-07-29,Success
46667,1197,39372,2022-08-04,Success
7430,2399,24917,2023-01-27,Cancelled by the passenger
55953,2760,25923,2022-12-27,Success
54020,77,3887,2022-04-19,Success
66,2479,19703,2022-08-28,Success
43500,859,12144,2022-09-18,Success
10908,2542,8245,2022-05-05,Success
28381,1844,16158,2022-12-06,Success
39685,1356,9954,2022-04-22,Success
41579,437,27779,2022-07-09,Success
403,104,10533,2023-03-11,Cancelled by the passenger
52977,2154,7395,2022-09-10,Success
48615,773,2075,2022-07-25,Success
54729,2469,26197,2022-04-18,Success
31016,1406,21568,2023-01-12,Rejected by the driver
36307,1310,16505,2022-10-19,Success
45985,2220,32085,2022-04-04,Success
45077,1911,6620,2022-04-24,Rejected by the driver
28407,417,26508,2023-03-12,Rejected by the driver
25100,2761,17689,2023-04-13,Success
32453,2062,4317,2022-09-02,Success
57409,2728,39787,2023-03-20,Success
15671,2709,3438,2022-07-08,Success
59347,91,7621,2022-09-03,Success
52123,1658,27175,2022-10-06,Success
39259,1983,38848,2022-08-16,Cancelled by the passenger
17859,1814,34759,2022-11-06,Success
3020,2028,31534,2022-05-30,Success
33379,253,9586,2023-03-21,Success
30696,390,12434,2022-04-01,Rejected by the driver
52066,653,34789,2022-11-07,Success
39421,535,36640,2022-03-23,Success
19188,1207,25103,2022-06-27,Success
53816,348,6171,2022-03-24,Success
20324,1471,7237,2022-07-17,Success
7015,458,34147,2022-03-27,Success
53230,2215,3919,2023-02-18,Success
53598,647,22480,2022-12-18,Success
8393,165,29239,2022-04-14,Success
40143,1932,9584,2022-10-12,Success
26255,931,6507,2022-04-18,Rejected by the driver
39697,2302,16005,2023-01-14,Success
7682,1268,19048,2022-07-02,Success
51074,1690,24135,2022-05-07,Success
30722,2412,28464,2023-03-20,Success
22568,1590,21933,2022-05-20,Cancelled by the passenger
7345,1787,35051,2022-03-15,Success
132,78,13415,2022-12-02,Rejected by the driver
4740,2362,12753,2022-05-21,Success
8557,2062,1996,2022-12-17,Cancelled by the passenger
56515,2228,19095,2022-12-09,Success
19475,847,25371,2023-02-01,Success
25399,2036,20165,2023-02-08,Success
31678,2038,6075,2023-01-04,Success
24546,1880,27314,2022-12-22,Success
13126,1457,5966,2022-12-10,Success
25465,943,10909,2022-07-31,Success
58878,696,25016,2022-04-04,Success
56562,2744,5138,2022-06-16,Success
38034,2462,14901,2023-03-31,Success
13007,2810,7939,2023-04-05,Rejected by the driver
37607,698,22457,2023-03-12,Rejected by the driver
42719,582,25322,2023-02-07,Success
55520,505,34464,2023-02-27,Success
59843,2804,22840,2023-02-10,Success
57005,462,16699,2022-09-08,Cancelled by the passenger
41018,2268,34484,2022-08-16,Success
43948,467,13544,2023-01-27,Cancelled by the passenger
27574,1634,7699,2023-01-29,Success
17211,2453,7924,2022-04-02,Success
52919,763,19328,2022-06-05,Success
22577,105,35165,2022-05-26,Success
53868,195,8380,2022-06-18,Success
35680,1191,21065,2022-10-24,Cancelled by the passenger
11644,2730,25353,2022-05-27,Success
308,2658,9580,2022-12-02,Success
54039,802,28617,2022-11-19,Success
25246,176,36058,2022-06-14,Success
664,2440,2392,2022-09-17,Success
52904,2411,13824,2022-07-05,Success
27459,2735,26944,2022-10-09,Cancelled by the passenger
1810,1419,37623,2023-02-17,Success
45583,2575,32467,2022-04-16,Success
21866,2612,21684,2022-07-06,Success
9994,2519,29111,2022-04-18,Success
11294,1012,23304,2023-01-28,Success
34488,1852,9505,2022-05-19,Success
49210,2990,510,2022-11-08,Success
40121,577,30696,2022-11-04,Rejected by the driver
20156,2651,32355,2022-03-26,Success
32693,755,4528,2022-04-22,Success
53255,381,10025,2022-12-13,Success
58672,2455,31801,2022-06-02,Cancelled by the passenger
58497,1622,36782,2022-11-25,Success
57726,1637,35895,2022-03-19,Success
53266,847,15023,2022-08-13,Success
28476,439,4043,2023-04-08,Success
32402,2716,14042,2022-08-17,Success
47377,715,23208,2022-08-04,Cancelled by the passenger
53620,509,30797,2022-08-03,Success
13304,1277,25887,2022-06-19,Cancelled by the passenger
22909,1494,22537,2022-12-16,Success
57287,2337,13131,2022-10-04,Success
675,1417,6251,2022-03-28,Rejected by the driver
10627,404,27037,2023-01-18,Success
20194,2399,35624,2022-04-05,Rejected by the driver
58095,2766,20728,2022-08-22,Success
54856,2678,37874,2023-02-19,Success
27466,1500,16398,2023-04-04,Success
2149,127,5350,2023-02-04,Success
353,659,14522,2023-01-11,Success
12201,2974,21310,2023-03-09,Success
2561,2504,3601,2023-02-02,Success
16814,2199,18918,2022-04-02,Success
1495,2026,9606,2022-07-08,Success
37797,1153,20787,2023-03-28,Success
32241,2506,2750,2022-06-16,Rejected by the driver
17173,967,4032,2023-01-03,Success
28999,2015,423,2022-06-13,Success
6012,1051,25164,2022-11-06,Rejected by the driver
26506,1325,7738,2022-09-20,Rejected by the driver
37275,1723,20177,2022-12-26,Cancelled by the passenger
8980,1909,34261,2022-06-16,Success
28857,662,1786,2023-03-03,Success
3082,2373,26783,2022-04-17,Success
33990,2121,33796,2023-01-05,Success
13275,1469,20271,2022-12-20,Success
8241,922,33939,2022-11-27,Success
56127,870,4988,2022-10-29,Cancelled by the passenger
44874,2394,1104,2022-08-27,Success
48964,2189,23221,2022-04-14,Success
15471,1677,15019,2022-09-24,Success
55167,1727,14214,2022-09-07,Rejected by the driver
12438,436,963,2023-03-19,Rejected by the driver
55151,1342,25163,2022-07-11,Cancelled by the passenger
48440,2109,21462,2022-12-12,Success
52094,974,31013,2023-02-22,Success
20227,2885,26684,2022-07-05,Success
18285,749,36422,2022-08-18,Rejected by the driver
13892,2068,1528,2022-06-21,Rejected by the driver
14469,2528,16761,2022-06-12,Rejected by the driver
49261,2678,7689,2022-09-12,Success
16347,1752,29030,2022-10-29,Success
54606,2506,37348,2022-05-29,Success
50956,536,3928,2022-07-31,Success
1043,1593,13160,2022-09-17,Cancelled by the passenger
40995,2294,2084,2022-06-25,Cancelled by the passenger
29995,1234,29258,2022-09-29,Success
22608,702,27508,2022-04-19,Success
57412,286,10376,2022-09-28,Success
3451,2841,29696,2022-10-04,Success
1492,1561,14458,2022-03-28,Success
52625,262,37286,2023-01-16,Success
37589,1963,19510,2022-09-12,Success
43248,2969,29263,2022-07-28,Success
27566,2853,20074,2022-03-14,Success
3957,446,38699,2022-04-09,Success
30972,2432,17241,2023-01-13,Success
4846,2380,26571,2022-06-27,Success
5680,2198,8837,2022-05-03,Success
45864,1949,15930,2022-08-10,Rejected by the driver
33894,341,30598,2022-07-04,Success
36087,2803,33677,2022-09-22,Cancelled by the passenger
40008,828,34316,2022-12-24,Success
37581,782,35835,2022-11-21,Success
894,1842,12225,2023-03-02,Success
33323,657,30971,2022-09-15,Rejected by the driver
31346,2382,34532,2022-06-29,Success
30707,2098,32346,2022-11-30,Success
24261,1229,35988,2022-06-21,Success
45398,2860,18483,2022-06-17,Cancelled by the passenger
9523,205,31637,2022-11-19,Success
33229,1580,33459,2022-09-14,Success
49387,2765,18059,2023-01-27,Success
25766,1396,32674,2022-05-08,Success
45531,992,27844,2022-03-20,Cancelled by the passenger
16703,2601,20668,2022-12-16,Success
8744,266,20935,2022-09-15,Cancelled by the passenger
14635,2526,314,2022-12-05,Success
1166,2294,37475,2022-12-14,Success
6781,2615,12099,2022-09-17,Cancelled by the passenger
48079,241,1362,2022-09-08,Success
471,1097,4798,2023-02-11,Cancelled by the passenger
275,893,39254,2022-11-19,Success
14247,2945,16858,2022-08-18,Success
53394,680,35825,2023-03-14,Success
31224,925,28144,2023-02-15,Rejected by the driver
3645,2482,17925,2023-02-20,Rejected by the driver
37157,35,26211,2022-06-13,Success
43372,265,7450,2023-01-19,Rejected by the driver
11196,2737,32764,2022-05-22,Success
138,1200,38972,2022-10-01,Success
13995,269,29206,2022-10-18,Success
40345,168,7149,2023-03-27,Success
30724,668,2656,2022-08-29,Success
2371,343,10969,2023-01-30,Success
10499,1699,8281,2022-06-21,Success
28993,2799,30674,2022-08-20,Success
28989,2777,29415,2022-11-24,Cancelled by the passenger
56803,2060,33130,2022-05-01,Cancelled by the passenger
18104,2453,6134,2022-09-14,Success
15018,1183,6505,2023-04-03,Success
726,2750,20115,2022-05-05,Success
59448,1448,34329,2022-10-03,Cancelled by the passenger
44406,597,35852,2022-07-22,Cancelled by the passenger
38022,1980,29653,2022-07-12,Success
53345,2914,34887,2022-11-15,Success
29366,2190,20396,2022-09-27,Success
36544,150,5175,2022-10-29,Success
15826,24,4905,2022-03-13,Rejected by the driver
5519,2387,10037,2022-10-22,Cancelled by the passenger
32750,1524,18919,2022-11-18,Success
26305,835,12561,2022-09-16,Success
9738,1218,11800,2022-08-13,Success
22225,894,39148,2022-04-24,Success
15526,1611,25935,2023-03-15,Success
32105,1744,295,2023-01-25,Success
36501,2799,789,2023-02-01,Success
2255,2080,8733,2023-01-03,Success
28510,1077,9401,2022-05-22,Cancelled by the passenger
21232,166,26937,2022-03-16,Cancelled by the passenger
29534,1052,39621,2023-03-09,Success
29742,819,9162,2022-08-16,Success
56658,2735,23327,2022-11-14,Success
38833,2015,35475,2022-05-18,Success
7346,2751,24926,2022-09-11,Success
8468,334,30590,2022-06-29,Success
33735,929,18167,2022-11-23,Success
57853,1187,33374,2022-08-15,Success
50691,2607,2650,2022-05-25,Success
17566,574,6756,2023-01-23,Success
8051,540,32257,2022-12-10,Rejected by the driver
22762,908,2551,2022-07-02,Success
26458,1741,38574,2022-11-05,Rejected by the driver
22249,584,10618,2022-05-28,Success
52818,1347,2888,2023-01-20,Success
24616,2915,10519,2023-01-19,Success
5535,688,31678,2022-06-07,Success
15297,762,23210,2022-03-24,Cancelled by the passenger
7354,454,39418,2022-08-09,Success
31794,261,1248,2023-04-14,Success
4138,1836,27987,2022-07-10,Success
58265,1823,6896,2022-06-12,Success
46864,2137,35118,2022-09-08,Cancelled by the passenger
13167,745,32853,2022-05-11,Cancelled by the passenger
47945,379,31045,2022-04-15,Cancelled by the passenger
2041,1616,14895,2022-11-13,Success
32338,906,5811,2022-11-28,Success
18561,2679,37197,2023-02-15,Success
36997,1031,10218,2022-04-07,Success
21951,1281,6588,2022-11-10,Success
57915,218,27241,2022-05-13,Success
25876,298,7005,2022-08-17,Success
57129,2540,29141,2022-05-05,Cancelled by the passenger
20148,379,9094,2022-07-12,Success
32449,2094,12090,2022-07-15,Success
17485,2244,5098,2022-09-26,Success
1096,1925,13857,2022-03-14,Success
53593,2843,25826,2022-10-17,Success
44992,386,26157,2022-10-13,Success
655,1798,16758,2022-10-05,Success
1053,2591,29165,2022-09-11,Success
32070,879,11416,2022-12-30,Success
4061,2955,31802,2022-08-30,Success
58799,1289,3746,2022-10-16,Success
22216,1656,21917,2023-01-17,Success
51978,2241,30271,2022-04-03,Success
41972,1977,35635,2022-07-07,Success
56565,284,29789,2022-04-11,Rejected by the driver
52233,2777,22879,2023-02-08,Success
52305,346,17247,2022-07-21,Rejected by the driver
54366,2570,3121,2023-03-04,Success
53118,2506,15660,2023-03-14,Success
4828,457,5469,2022-06-23,Success
6269,1418,26667,2022-07-05,Success
36133,1709,8368,2022-11-25,Cancelled by the passenger
46148,1109,24648,2022-05-08,Rejected by the driver
35780,286,7909,2022-03-20,Cancelled by the passenger
57197,1176,13350,2022-11-04,Success
18457,1192,30027,2022-07-13,Success
41442,2795,818,2023-03-04,Success
7970,2747,28858,2022-10-04,Cancelled by the passenger
49147,1098,26567,2023-02-25,Cancelled by the passenger
45333,455,17977,2023-01-31,Success
48147,839,28089,2022-05-18,Success
33061,1367,34727,2022-05-04,Success
55348,1324,22717,2022-06-24,Cancelled by the passenger
43512,265,34475,2023-02-06,Success
25451,1132,1099,2022-05-04,Success
7154,1695,10736,2022-03-12,Success
55773,2733,5308,2022-09-25,Rejected by the driver
20001,1344,12211,2022-09-02,Cancelled by the passenger
40278,2978,15543,2022-10-07,Success
52390,2975,4135,2022-09-07,Rejected by the driver
32826,854,26434,2022-11-12,Success
1149,2381,2409,2022-04-26,Success
1960,1517,16256,2022-10-12,Rejected by the driver
4142,2803,11079,2022-11-19,Success
6608,1812,34318,2023-02-13,Success
56407,1204,26008,2022-10-17,Success
52970,1701,30765,2023-03-20,Success
2582,1594,25529,2022-12-10,Success
46198,2773,8965,2023-03-04,Rejected by the driver
902,2393,23531,2022-07-06,Success
10207,2787,10817,2022-04-30,Success
17719,131,36635,2022-08-07,Success
53749,1624,12145,2022-07-13,Success
55097,1055,615,2022-10-12,Success
7978,369,3685,2022-05-10,Success
24086,2222,18426,2022-05-06,Success
3154,337,24911,2022-05-08,Success
32240,1880,13034,2023-01-10,Success
18275,2619,2028,2023-02-23,Success
20103,2579,39359,2023-02-14,Success
23232,2773,17194,2022-06-06,Success
39691,943,23239,2022-07-19,Success
58641,1738,29128,2023-01-26,Rejected by the driver
55996,2361,4990,2022-06-02,Success
56305,39,22346,2023-01-23,Rejected by the driver
23127,486,33684,2023-03-23,Success
7142,113,30143,2022-07-08,Rejected by the driver
35775,2722,25301,2022-06-09,Rejected by the driver
21532,338,28301,2022-06-04,Success
55676,1581,7323,2022-05-08,Cancelled by the passenger
51210,859,9263,2022-11-01,Cancelled by the passenger
1187,909,23518,2023-01-26,Success
27812,2323,32165,2022-09-28,Success
38049,1956,26423,2022-11-15,Cancelled by the passenger
9605,1051,19347,2022-11-21,Rejected by the driver
5018,2841,16520,2022-11-24,Success
11051,116,33226,2023-01-21,Success
39645,1353,21623,2022-09-26,Success
57896,604,33490,2023-03-04,Success
9554,2118,8383,2022-10-28,Rejected by the driver
17064,2735,34190,2022-03-22,Success
29908,672,10809,2022-08-08,Success
5112,1352,7308,2022-03-29,Success
26040,87,1668,2023-03-26,Cancelled by the passenger
33454,191,25017,2023-03-12,Success
26348,1768,27666,2022-10-24,Rejected by the driver
18486,163,33755,2022-12-08,Success
3805,726,8303,2022-06-21,Success
32263,1467,16985,2022-06-02,Success
53523,2861,15339,2023-01-12,Cancelled by the passenger
43567,2610,10583,2023-02-07,Success
29180,308,33962,2022-08-02,Success
189,2834,19402,2023-01-24,Success
48474,2658,24049,2022-09-13,Success
28903,226,36684,2022-08-23,Success
29185,2038,28519,2022-09-06,Success
31118,782,1460,2022-09-03,Success
16762,1316,1031,2023-01-01,Rejected by the driver
28884,79,25354,2023-03-03,Success
35876,1023,20687,2022-11-23,Success
39121,1244,4914,2023-03-19,Success
57940,2078,1502,2022-04-20,Rejected by the driver
23252,2830,7476,2022-10-06,Success
20431,2882,34866,2022-04-26,Success
22505,1473,18941,2023-03-13,Cancelled by the passenger
44129,2096,23436,2022-09-27,Success
12924,1454,15984,2023-01-12,Success
53308,2442,11971,2022-06-18,Rejected by the driver
24709,1100,1978,2022-07-19,Success
9491,2680,14951,2023-01-23,Success
3905,2065,900,2023-01-15,Success
4441,1662,16783,2022-07-20,Success
56765,185,31893,2023-03-04,Success
5180,2481,30327,2022-12-06,Success
41271,142,24726,2022-12-25,Success
45314,2897,22815,2023-01-03,Success
12016,925,39676,2022-09-25,Success
45305,1335,12708,2023-01-13,Cancelled by the passenger
35648,2588,15523,2022-04-04,Success
5011,405,8601,2022-07-12,Success
24270,1846,20111,2022-04-15,Success
11233,355,24635,2022-05-27,Success
15843,866,34749,2022-08-16,Rejected by the driver
810,2054,11938,2023-02-25,Success
422,265,38061,2022-12-15,Cancelled by the passenger
32607,1347,13462,2022-11-20,Success
54257,1569,9924,2022-10-23,Success
37420,1231,26948,2022-04-18,Success
30321,2925,11485,2022-04-25,Cancelled by the passenger
7653,2077,25177,2022-09-21,Success
14601,1777,12594,2022-06-22,Success
18621,489,8481,2022-11-29,Success
2158,800,2552,2022-03-19,Success
54270,2466,38370,2022-08-03,Success
29302,661,11888,2023-03-27,Rejected by the driver
41505,657,27575,2022-12-12,Success
40765,829,9389,2022-10-24,Success
22157,832,30871,2022-05-18,Success
15306,2875,5809,2022-12-08,Success
40166,2633,23017,2022-03-29,Success
48141,2246,8560,2022-05-13,Success
36920,2732,13311,2022-07-09,Success
50818,830,34747,2023-01-02,Success
14785,829,35469,2022-11-20,Success
48845,1152,22455,2022-05-07,Success
29313,1228,30019,2022-09-14,Cancelled by the passenger
29467,1893,18696,2022-05-25,Success
6644,729,11942,2022-08-21,Success
39441,2372,34538,2022-07-18,Success
9792,1086,9162,2022-07-07,Success
5114,2100,23974,2023-01-20,Success
48384,2299,6906,2022-08-11,Success
15851,167,21361,2022-05-21,Rejected by the driver
52801,2431,10341,2022-11-17,Success
21697,2793,37394,2023-04-14,Success
31299,2526,32985,2023-02-06,Success
13427,551,720,2022-11-28,Success
9084,1287,3858,2022-04-02,Success
35333,272,27424,2022-07-03,Success
57062,1056,10179,2022-05-06,Success
15702,259,16091,2022-08-07,Rejected by the driver
35089,2935,6439,2023-02-04,Rejected by the driver
29905,2856,3757,2022-10-08,Success
46342,305,32905,2022-10-12,Success
54088,929,17278,2022-05-13,Success
43020,544,17227,2022-08-19,Rejected by the driver
42361,1936,1104,2023-02-08,Success
12142,2727,11244,2023-02-09,Success
3232,1870,34551,2022-05-13,Rejected by the driver
3172,1302,37132,2022-08-24,Success
14057,61,30442,2022-12-04,Cancelled by the passenger
27329,1827,10268,2023-03-14,Success
51601,2834,17546,2022-10-08,Success
29212,117,2703,2022-09-21,Success
18993,395,29394,2022-06-04,Success
51950,1289,36287,2022-10-12,Success
48132,2594,21267,2023-02-19,Success
27065,448,16170,2022-09-19,Rejected by the driver
40950,2903,34569,2022-04-06,Success
44549,201,19152,2023-03-04,Success
56958,1861,33387,2022-10-31,Success
40623,1134,24796,2022-11-09,Success
50553,2059,11241,2022-09-18,Success
1597,391,35605,2022-08-31,Success
9437,872,17131,2022-11-07,Cancelled by the passenger
23970,2791,27322,2022-12-11,Cancelled by the passenger
29987,2378,15902,2022-05-15,Cancelled by the passenger
41307,1755,10609,2022-12-13,Success
57809,2739,31162,2023-01-21,Success
53831,2699,24625,2023-04-11,Success
58032,1765,31613,2022-04-16,Rejected by the driver
23601,1566,25535,2022-09-05,Rejected by the driver
19651,2015,26648,2022-10-07,Cancelled by the passenger
42151,2979,28430,2022-09-15,Success
47271,1490,17408,2022-09-10,Success
43553,2331,20880,2022-03-16,Cancelled by the passenger
6882,1047,23138,2022-07-23,Success
25539,1755,2123,2022-08-02,Success
12801,2063,27247,2022-03-27,Rejected by the driver
3991,2991,34416,2023-04-10,Success
36481,2514,1160,2022-11-17,Success
57931,970,16798,2022-06-15,Cancelled by the passenger
52839,2335,30120,2023-02-28,Success
53730,170,30154,2023-03-12,Rejected by the driver
58952,2216,7659,2023-01-16,Success
6924,251,3298,2022-11-12,Rejected by the driver
15933,2790,17274,2022-10-27,Success
28621,414,21065,2023-03-10,Success
45568,2936,19368,2022-07-29,Success
43130,1066,2528,2022-03-20,Success
29127,2713,28013,2022-09-13,Rejected by the driver
44593,2811,19634,2023-03-12,Success
13397,777,33436,2023-02-04,Cancelled by the passenger
52767,2888,2371,2022-08-27,Success
47158,2416,926,2022-10-06,Cancelled by the passenger
35405,2714,3883,2022-04-09,Success
35124,1581,4693,2022-08-11,Success
6795,126,2538,2022-09-24,Success
16759,2657,34001,2023-03-09,Success
6123,2383,22335,2022-11-12,Success
50403,336,19736,2022-06-23,Success
22654,891,5220,2022-11-05,Cancelled by the passenger
26386,808,5046,2023-01-27,Success
6157,1138,2735,2022-12-30,Success
30282,2643,14067,2022-03-17,Success
45855,182,20680,2022-07-22,Cancelled by the passenger
53064,2079,7263,2022-05-14,Success
41165,666,39246,2023-03-14,Success
19104,1746,3513,2023-01-04,Rejected by the driver
15271,1720,37422,2022-10-23,Rejected by the driver
14401,1718,22382,2022-04-19,Success
32944,1030,39822,2022-10-01,Success
2923,179,15436,2023-01-17,Cancelled by the passenger
5146,951,6051,2023-03-06,Success
48949,1589,28004,2022-10-06,Success
16859,634,32375,2022-11-20,Success
12103,511,26868,2023-04-14,Success
44316,2556,22446,2022-12-17,Rejected by the driver
14351,187,276,2022-05-17,Success
14788,1899,33873,2023-04-15,Rejected by the driver
27760,1474,39572,2023-03-18,Success
31977,2264,8676,2022-11-20,Rejected by the driver
34373,1960,11373,2022-10-14,Cancelled by the passenger
41351,206,21740,2022-09-24,Success
15944,1021,36325,2022-09-20,Success
28353,878,19769,2022-09-22,Success
18701,1370,39881,2022-10-05,Success
13336,2708,23909,2022-07-04,Success
42211,2081,37019,2022-10-15,Rejected by the driver
58322,1073,19662,2023-02-22,Success
25692,164,37527,2022-08-27,Cancelled by the passenger
14330,2261,15161,2022-04-27,Success
5191,571,24000,2022-04-08,Cancelled by the passenger
52944,269,4982,2022-11-21,Success
32910,2557,11036,2022-03-22,Rejected by the driver
24494,1208,2151,2022-09-10,Rejected by the driver
4941,2006,13115,2022-03-25,Success
44873,1883,16878,2022-11-19,Success
38469,1441,27837,2022-09-24,Cancelled by the passenger
52070,928,947,2022-04-22,Cancelled by the passenger
25182,853,1093,2022-08-14,Success
19075,1179,33270,2022-09-23,Success
5712,1587,19889,2023-04-01,Success
46827,1416,31871,2022-11-07,Success
50827,1797,19304,2022-03-31,Cancelled by the passenger
43449,196,19914,2023-04-07,Success
14226,1302,22512,2022-11-16,Success
7980,2213,9422,2022-05-08,Cancelled by the passenger
35540,2358,2772,2022-04-13,Success
42078,1485,2457,2022-11-13,Success
41329,2096,26867,2022-12-28,Success
39663,2760,2922,2023-04-01,Success
19325,901,19939,2022-09-07,Success
2184,295,2166,2022-06-04,Success
48250,2357,20847,2022-10-23,Success
5398,2270,17159,2022-06-19,Success
47997,1863,5424,2022-09-17,Rejected by the driver
18856,1996,17878,2022-05-02,Success
58788,863,16214,2022-12-16,Success
24240,1155,23934,2023-01-24,Success
41906,2609,36292,2022-10-11,Success
17855,668,11853,2022-05-30,Success
4931,2282,5682,2022-12-04,Success
48043,487,26345,2022-04-08,Success
47427,239,3165,2022-08-20,Success
31115,2272,14928,2022-07-22,Cancelled by the passenger
19668,1197,13732,2023-01-17,Success
23073,740,24397,2022-04-11,Success
35894,2917,34088,2022-09-07,Success
22985,339,13034,2022-09-23,Rejected by the driver
15881,2715,19767,2023-01-04,Success
12658,359,24593,2023-02-06,Success
39676,1271,33954,2022-10-27,Success
12718,1955,14778,2022-06-13,Cancelled by the passenger
26496,666,1195,2023-03-23,Success
23764,805,34351,2023-03-22,Success
46668,1234,6820,2022-08-27,Rejected by the driver
59799,200,7366,2022-09-11,Rejected by the driver
19683,2777,30291,2023-04-13,Success
57838,591,29093,2022-10-15,Success
34587,2024,16192,2023-03-12,Success
45352,2761,22901,2023-01-29,Success
23800,2935,20172,2023-02-01,Success
31998,2000,1476,2023-02-01,Cancelled by the passenger
4967,1654,23648,2022-04-05,Cancelled by the passenger
29866,54,3351,2022-10-17,Success
21827,221,11088,2022-09-03,Rejected by the driver
19053,1178,20006,2022-07-04,Rejected by the driver
33641,965,3920,2022-10-24,Success
5470,2172,11966,2023-03-19,Success
53706,340,16412,2022-05-25,Success
53051,1833,33842,2022-10-20,Cancelled by the passenger
17576,1600,25073,2023-02-26,Success
52362,1505,20457,2022-04-28,Success
55065,2791,9590,2022-08-29,Success
44417,1821,32853,2022-09-26,Success
1594,799,16924,2023-01-09,Success
19333,2005,7647,2023-01-04,Success
4905,2591,26395,2022-09-18,Success
5745,1330,36572,2022-11-20,Success
11531,230,15662,2023-03-05,Success
26303,687,34946,2022-08-09,Success
38459,2042,34672,2022-04-01,Success
42117,2301,3625,2022-10-01,Success
43999,2605,36546,2022-07-30,Success
33331,1629,7847,2022-08-27,Success
49413,2121,27669,2022-12-11,Success
4745,1299,13491,2023-01-09,Success
9396,695,20235,2023-03-20,Success
27325,2650,850,2023-03-03,Success
6845,2386,18904,2022-11-09,Success
732,194,32693,2022-12-02,Success
50708,891,34894,2022-03-21,Success
45993,990,9668,2022-11-08,Success
29346,1128,8684,2022-12-25,Success
35546,1757,32753,2022-12-07,Cancelled by the passenger
10328,2906,39508,2022-05-10,Success
35510,339,21570,2023-04-09,Rejected by the driver
7192,2354,3851,2022-03-21,Cancelled by the passenger
43654,66,17075,2023-01-24,Success
38448,47,23477,2022-03-24,Success
49119,2325,17502,2022-04-12,Rejected by the driver
21493,990,5304,2023-01-16,Success
33809,1962,27202,2022-04-01,Cancelled by the passenger
25790,1555,19133,2022-07-27,Success
21617,2520,9112,2022-08-29,Success
42687,717,3657,2023-01-09,Success
10122,2009,25758,2023-02-11,Success
47336,1102,33920,2023-03-02,Success
56986,681,5416,2022-11-25,Success
53119,2518,37461,2022-06-10,Success
8791,1652,39587,2023-03-17,Rejected by the driver
30639,1877,13328,2022-07-05,Success
33479,2851,12473,2022-03-27,Success
37389,279,26321,2022-08-17,Cancelled by the passenger
27286,831,17053,2023-01-19,Success
56108,1205,21118,2023-04-08,Rejected by the driver
32450,2909,35227,2022-04-16,Rejected by the driver
1606,1724,6059,2022-12-20,Success
15758,724,3025,2022-09-19,Success
30184,187,16421,2023-01-17,Success
7301,753,24928,2022-07-21,Success
25626,62,36386,2022-12-16,Success
56026,2376,39167,2022-05-07,Success
27790,1027,39135,2022-08-14,Success
24847,2748,37847,2022-12-27,Success
34704,1608,1697,2023-03-30,Success
6474,873,18648,2023-01-24,Success
57679,514,29021,2022-07-16,Success
29810,2641,23834,2022-03-27,Success
7428,1250,1346,2022-04-14,Success
55166,1241,12128,2022-03-23,Cancelled by the passenger
52882,149,36500,2022-07-14,Rejected by the driver
54060,43,17287,2022-11-14,Rejected by the driver
13476,2668,11374,2023-01-25,Success
54422,1930,17676,2023-04-05,Success
38210,627,30689,2022-12-05,Success
14425,2370,36798,2022-03-18,Success
45674,1672,6677,2022-11-21,Success
59698,821,14895,2022-12-30,Success
4727,2478,37047,2022-10-01,Success
49879,38,2238,2022-10-06,Success
29960,1173,38325,2022-12-29,Success
59994,1332,705,2022-04-13,Success
14537,2183,39834,2023-03-24,Success
18722,973,4496,2022-05-25,Success
682,2434,9305,2022-08-23,Cancelled by the passenger
26738,321,31048,2023-02-12,Rejected by the driver
51436,2020,14811,2022-09-18,Success
40015,1013,22037,2023-02-10,Success
58329,2690,27243,2022-11-30,Success
55977,1265,21073,2023-01-18,Success
51136,2373,18525,2023-01-10,Cancelled by the passenger
5284,2938,37649,2023-03-04,Success
188,2007,15786,2022-12-23,Rejected by the driver
7019,1009,3805,2022-08-13,Success
384,500,5985,2023-03-07,Rejected by the driver
24850,293,38390,2023-03-09,Success
15008,2364,36949,2022-05-14,Cancelled by the passenger
46520,1425,34587,2022-05-22,Success
9565,709,13461,2022-12-03,Success
33722,1649,12800,2022-08-17,Rejected by the driver
21541,338,33390,2022-06-25,Success
17911,1899,275,2023-03-19,Success
15603,1198,11987,2022-11-22,Success
21132,356,33715,2022-07-13,Success
38000,2766,19567,2022-12-05,Rejected by the driver
25721,993,24279,2022-09-09,Success
297,1924,30435,2022-09-11,Success
42601,1316,34443,2022-12-13,Success
7071,985,11345,2022-04-06,Success
55050,2631,6855,2022-10-17,Success
55358,1029,19170,2022-08-01,Success
52966,2899,17572,2022-10-01,Success
453,309,4494,2022-07-21,Success
772,667,2702,2022-09-30,Success
23570,2337,6537,2023-01-02,Rejected by the driver
39060,2267,3745,2022-03-23,Rejected by the driver
2165,406,10920,2022-10-28,Success
44653,2511,30995,2022-12-09,Success
37477,1093,8711,2022-06-01,Success
40392,2406,18882,2022-12-29,Success
39039,2193,24926,2022-06-13,Success
14610,403,35297,2022-12-13,Success
25503,515,15894,2022-06-22,Success
43901,2364,3607,2022-12-06,Success
25538,1404,30833,2022-11-27,Success
7429,533,24527,2022-09-19,Cancelled by the passenger
37480,1608,29279,2022-07-04,Success
38817,2342,29361,2023-04-13,Success
45340,2832,29459,2023-02-10,Cancelled by the passenger
59997,1764,30327,2022-05-04,Cancelled by the passenger
41634,1591,30395,2022-04-01,Success
28128,2774,26637,2022-03-23,Success
35725,1594,1993,2022-06-25,Success
26705,1850,19735,2022-09-14,Success
37181,1300,9460,2022-09-10,Rejected by the driver
9932,1053,15132,2022-10-12,Success
51680,1,31102,2022-05-04,Success
33936,743,3585,2023-02-10,Rejected by the driver
39014,631,36355,2022-10-08,Cancelled by the passenger
29565,413,26569,2022-05-14,Success
36274,1855,31550,2022-04-07,Success
26470,2060,26598,2022-07-23,Success
27213,2821,6816,2022-11-27,Success
45127,1666,34025,2023-04-10,Rejected by the driver
41758,2455,30807,2023-01-07,Success
59520,1521,15137,2022-10-31,Success
19356,2511,7985,2022-07-22,Rejected by the driver
2279,1408,1375,2022-09-17,Success
22400,1942,25948,2022-04-20,Success
34249,1068,31380,2022-05-03,Success
28631,2960,37377,2022-06-11,Success
21563,2381,37363,2022-10-12,Success
42924,1961,8335,2023-02-24,Success
51828,1076,4578,2022-05-29,Success
41118,1655,38690,2022-03-24,Success
43810,432,24249,2022-12-16,Rejected by the driver
6535,215,4158,2022-04-30,Success
14335,261,13943,2022-06-13,Success
58759,2014,33711,2022-05-27,Success
21169,2859,19872,2022-11-08,Success
45277,1205,30859,2022-09-22,Rejected by the driver
777,2670,15220,2023-03-16,Success
53003,489,13779,2023-02-14,Cancelled by the passenger
5490,2399,3173,2022-09-01,Success
9295,1117,12597,2022-08-04,Success
8745,1366,21278,2022-11-04,Success
51687,2691,27821,2022-10-20,Success
31864,832,31629,2022-03-12,Success
9570,1622,10476,2023-02-05,Success
17133,523,6931,2022-05-01,Success
35514,2003,29127,2022-09-03,Success
16770,760,27518,2022-10-14,Rejected by the driver
11800,1626,22574,2022-07-18,Success
38213,2500,26195,2022-08-13,Success
47678,538,14068,2022-09-06,Success
31880,1350,13815,2022-04-26,Success
43970,521,36065,2022-12-30,Success
58389,1034,26559,2022-07-26,Success
50165,258,24924,2022-08-05,Cancelled by the passenger
10276,1756,23222,2022-09-19,Success
16801,2298,8625,2022-07-18,Success
24235,1529,6118,2023-02-17,Success
51574,1688,6855,2022-08-01,Cancelled by the passenger
51462,579,37619,2022-07-27,Success
55663,2475,18088,2023-03-09,Success
30983,2339,4651,2022-08-22,Success
5178,1554,8852,2022-05-03,Success
23278,1805,33827,2023-02-13,Cancelled by the passenger
24641,1165,39168,2022-10-22,Success
53653,1555,32317,2023-01-08,Success
21363,2291,17003,2022-07-16,Success
22040,876,35875,2022-07-24,Success
11277,1863,12425,2022-12-14,Success
26712,1882,5049,2022-06-16,Success
22574,790,24718,2023-04-11,Rejected by the driver
44159,580,299,2022-06-22,Success
38679,11,12566,2022-05-15,Success
3564,2114,8337,2022-03-14,Cancelled by the passenger
38032,2716,37974,2023-01-14,Success
29696,1291,9783,2023-03-20,Success
17797,382,5591,2022-04-07,Success
32217,342,11967,2023-01-22,Success
8795,2815,1258,2022-09-28,Success
8840,1545,3103,2022-03-14,Success
26667,1514,31664,2022-05-02,Cancelled by the passenger
54749,969,11437,2023-01-17,Rejected by the driver
14853,393,4275,2022-07-09,Success
27624,662,36944,2022-12-01,Success
37361,1368,35247,2022-09-03,Success
28535,2908,27492,2022-06-02,Success
5977,922,9637,2022-07-01,Success
13027,1271,5421,2023-04-15,Success
45827,421,7583,2022-08-25,Success
18529,691,35044,2022-04-11,Success
43146,2902,9081,2022-04-08,Success
20222,2391,16303,2022-10-24,Success
1638,2557,14271,2022-12-18,Success
58872,187,13716,2023-04-01,Rejected by the driver
56141,230,27711,2023-04-07,Success
8226,1688,21097,2023-03-24,Success
23640,1050,1422,2023-02-28,Success
40079,500,26628,2022-03-16,Success
57708,2201,2383,2022-08-08,Rejected by the driver
38185,1139,35520,2022-10-22,Success
16895,3,31987,2022-11-18,Rejected by the driver
24136,21,3985,2022-08-10,Success
36673,332,22355,2023-03-18,Success
21149,1844,23056,2022-06-17,Cancelled by the passenger
22335,1547,14263,2022-12-29,Cancelled by the passenger
47752,1492,8063,2022-12-31,Success
20173,1592,28148,2022-06-12,Success
53764,2563,32663,2022-04-05,Success
45096,1658,8223,2022-12-09,Rejected by the driver
6860,92,35445,2022-08-14,Cancelled by the passenger
13359,1950,16746,2022-07-19,Success
37648,1685,38525,2022-09-24,Cancelled by the passenger
13092,2724,33624,2023-03-12,Success
869,751,13786,2023-02-23,Success
55788,2216,13642,2022-07-23,Cancelled by the passenger
38595,2871,3731,2022-06-27,Success
27277,2351,20903,2022-05-27,Rejected by the driver
38503,461,26555,2023-03-13,Success
26135,133,35269,2022-12-06,Rejected by the driver
513,2188,35696,2023-03-13,Rejected by the driver
36926,1042,30098,2023-02-22,Cancelled by the passenger
21764,2320,37777,2022-08-08,Success
14685,2581,8719,2022-10-10,Success
15054,1102,15732,2022-12-03,Success
19690,1264,27622,2022-11-01,Success
59781,822,35381,2023-03-18,Cancelled by the passenger
52483,1121,35533,2023-04-09,Success
14166,1571,29171,2023-03-24,Success
4348,1000,20773,2022-07-04,Success
53870,2205,23002,2023-03-30,Success
13699,1023,17284,2022-08-13,Success
29967,2057,15779,2023-01-28,Success
41316,528,36951,2022-04-27,Success
29576,2838,31568,2022-07-31,Success
12524,40,36258,2022-07-07,Success
27261,2095,13109,2022-12-31,Success
38531,760,9981,2022-10-19,Success
38017,2260,1605,2022-09-24,Success
994,1409,16827,2022-09-13,Success
915,1083,19619,2022-09-11,Success
9445,1195,25170,2023-03-08,Success
6524,112,19895,2023-03-19,Success
21933,2707,30093,2022-04-24,Success
42295,2457,956,2022-10-12,Success
49118,377,33855,2023-02-13,Success
46660,1770,32322,2023-03-01,Success
7594,2533,17489,2023-01-01,Success
35821,63,27476,2022-09-29,Success
55509,524,17608,2023-02-10,Rejected by the driver
40706,2212,17960,2022-12-09,Success
41549,333,34421,2022-12-21,Success
28464,719,35911,2022-08-17,Success
29060,1993,38141,2023-03-02,Success
788,209,9206,2022-06-20,Success
5714,178,6887,2023-03-19,Success
16358,2064,24200,2022-04-18,Success
12791,2681,31635,2023-02-15,Success
35961,164,29595,2022-07-23,Success
46651,2720,17191,2022-12-02,Success
10149,2045,17905,2022-07-29,Rejected by the driver
54146,1556,14096,2022-05-21,Success
52206,2894,27729,2022-07-04,Rejected by the driver
11612,91,2412,2022-05-31,Success
17197,1400,11580,2022-06-30,Rejected by the driver
2231,2961,25328,2022-10-15,Success
52313,831,24115,2023-01-22,Success
53405,1112,26719,2022-12-19,Success
27899,431,8010,2022-07-10,Rejected by the driver
51698,2505,38615,2022-06-20,Success
40232,957,7195,2022-11-25,Rejected by the driver
49932,1134,24156,2023-02-12,Success
41027,1530,24766,2022-08-15,Success
3878,1479,17856,2022-06-30,Success
40990,1600,21083,2023-02-05,Success
41741,2615,8763,2022-09-03,Success
24718,2328,24117,2022-12-21,Success
24018,2627,22115,2022-04-10,Success
39320,1504,39121,2023-02-10,Cancelled by the passenger
14234,1073,8310,2022-08-14,Success
22266,2440,33358,2022-11-04,Success
33557,443,17972,2022-12-02,Success
50576,1797,1525,2022-03-24,Success
43795,2882,8009,2023-01-18,Rejected by the driver
12127,2063,19642,2022-07-22,Success
48184,2709,23522,2023-02-14,Success
43908,2255,20330,2023-02-26,Success
29570,1372,37579,2023-03-05,Success
19677,1054,36968,2022-09-04,Success
20749,688,15165,2022-09-25,Success
27906,1107,5958,2023-02-13,Cancelled by the passenger
7358,1611,25548,2022-05-27,Success
19404,818,22630,2022-06-21,Success
58848,348,32191,2022-06-03,Success
34818,1360,20013,2022-04-26,Rejected by the driver
49467,2212,18600,2023-03-26,Success
32977,1171,25787,2022-05-21,Success
43129,112,11160,2022-06-23,Rejected by the driver
18445,2068,3034,2022-08-13,Success
3058,818,6157,2022-06-17,Cancelled by the passenger
4924,2544,15698,2023-01-02,Success
1312,2869,26627,2022-06-23,Success
34020,2795,10335,2022-04-28,Rejected by the driver
47486,1980,21212,2022-06-26,Success
20432,1545,23278,2022-09-23,Rejected by the driver
18161,938,29893,2022-06-19,Success
32164,1875,26378,2022-06-14,Success
18402,1992,39248,2022-08-30,Cancelled by the passenger
47573,2536,23777,2022-04-30,Success
34169,2087,26033,2022-06-08,Cancelled by the passenger
9070,2048,6641,2022-05-10,Success
27103,71,21732,2023-03-21,Rejected by the driver
40149,878,5963,2022-11-03,Rejected by the driver
40984,2530,11494,2022-06-08,Success
57382,2198,7409,2022-04-23,Rejected by the driver
15491,2102,27079,2023-03-19,Rejected by the driver
32392,1960,4752,2022-07-13,Success
13357,1105,10353,2022-11-06,Success
12774,1338,20330,2022-05-24,Success
18244,2140,8412,2022-07-30,Success
56440,1281,3087,2022-05-07,Success
21861,2849,22703,2022-07-02,Success
43359,674,28383,2022-08-16,Success
26014,207,13497,2022-04-22,Success
14186,2654,837,2022-04-03,Success
12035,2873,1290,2022-11-17,Success
34366,808,2087,2022-03-17,Success
49392,2198,7617,2022-03-29,Rejected by the driver
43197,2788,8412,2023-02-06,Success
10714,237,30071,2022-08-04,Success
35214,2270,35557,2022-04-11,Success
26649,2448,8738,2022-07-13,Cancelled by the passenger
48469,2055,33510,2022-08-20,Rejected by the driver
16985,1920,1502,2022-11-29,Rejected by the driver
13885,1009,19905,2022-10-11,Cancelled by the passenger
39506,2766,9967,2023-02-24,Success
2525,540,28956,2022-11-28,Cancelled by the passenger
21611,1534,13711,2022-12-24,Cancelled by the passenger
13233,1661,29815,2023-04-09,Success
9476,1033,7450,2022-09-18,Success
25999,1096,27922,2023-04-04,Success
35957,2647,27399,2022-05-11,Success
34628,1339,29882,2023-01-01,Success
37640,365,21069,2022-08-25,Success
540,2198,5382,2022-12-29,Success
28325,225,7291,2023-01-18,Rejected by the driver
40837,2736,33290,2022-06-16,Success
13613,2844,13609,2022-05-09,Success
12126,1978,18420,2022-12-02,Success
56483,1164,34546,2023-01-27,Rejected by the driver
38345,741,12023,2022-09-28,Success
50841,1101,18575,2022-10-03,Success
25887,14,22733,2022-11-21,Rejected by the driver
22184,2948,18119,2022-06-14,Success
40242,1108,10021,2023-01-31,Success
55237,1460,8906,2022-08-03,Success
16555,802,17360,2022-10-28,Success
17661,1391,13165,2022-09-25,Success
59008,308,28409,2022-11-11,Success
14277,672,11459,2022-05-26,Success
33779,2426,19952,2022-07-11,Success
1904,1114,6850,2023-03-24,Success
25047,935,30946,2022-11-21,Rejected by the driver
43834,273,5553,2022-06-16,Rejected by the driver
21816,1773,34694,2022-11-11,Success
45206,149,12455,2022-12-11,Rejected by the driver
27328,376,13667,2022-11-04,Rejected by the driver
47910,885,33890,2023-01-18,Success
48391,1806,17534,2022-08-24,Success
16672,1141,5643,2023-04-07,Success
33561,1729,5441,2022-08-19,Cancelled by the passenger
43680,1873,2852,2022-03-23,Cancelled by the passenger
40007,1734,9406,2022-05-30,Success
42187,2585,39894,2022-09-10,Success
44031,2009,11029,2022-12-28,Success
42481,2301,35802,2022-10-17,Rejected by the driver
13607,2206,11305,2022-11-11,Success
27529,105,4245,2023-02-09,Success
54561,1743,26972,2022-11-17,Success
40903,2998,23879,2022-09-12,Rejected by the driver
43400,2242,28386,2022-10-25,Rejected by the driver
32381,341,26232,2022-06-28,Cancelled by the passenger
52669,2525,28549,2023-01-05,Success
40239,2510,35475,2022-06-27,Rejected by the driver
55844,431,21826,2022-06-28,Success
25769,2279,33270,2023-03-19,Success
3965,1179,24920,2023-01-11,Success
55502,2749,4637,2022-10-15,Success
52582,719,35950,2022-11-22,Success
35482,679,19198,2023-03-15,Success
25199,2647,23618,2022-05-20,Rejected by the driver
35663,2946,20779,2022-06-04,Success
23028,535,463,2023-02-04,Rejected by the driver
59776,2513,30988,2023-01-09,Success
41474,376,8267,2022-10-26,Success
50097,148,13054,2022-07-27,Success
11879,1490,5118,2022-08-22,Success
27687,18,25885,2022-08-20,Rejected by the driver
39354,926,21561,2022-05-26,Success
34155,2402,14890,2022-05-25,Cancelled by the passenger
59796,2236,21674,2023-02-20,Success
13438,1830,28063,2022-12-11,Success
58154,319,33245,2022-12-31,Rejected by the driver
42982,2128,4861,2023-01-08,Success
27816,1581,3844,2022-04-05,Success
44657,2996,23493,2023-03-03,Success
23248,1453,28010,2022-12-30,Success
45528,1409,18283,2022-07-09,Rejected by the driver
49113,330,16911,2022-06-24,Success
57741,654,27136,2023-04-13,Success
46215,1205,24729,2022-08-15,Cancelled by the passenger
45863,2043,13917,2023-03-26,Rejected by the driver
48604,1825,4159,2022-05-16,Success
59741,13,1126,2022-12-03,Success
18655,4,1574,2022-06-28,Success
34038,290,20482,2022-05-25,Success
31183,1792,23491,2023-04-04,Success
32497,1135,37423,2022-06-12,Success
28502,2243,19532,2023-01-05,Success
37904,2720,32174,2023-01-26,Success
20642,153,15337,2022-08-22,Cancelled by the passenger
28333,1784,14504,2023-03-29,Success
52350,2367,14491,2022-03-12,Rejected by the driver
26908,1245,27789,2022-10-30,Success
55606,312,36429,2022-07-23,Success
58930,2441,27118,2023-03-16,Success
10293,1404,6814,2023-01-15,Success
243,2688,4452,2023-04-15,Cancelled by the passenger
4519,2395,28823,2022-12-13,Success
26917,842,30847,2022-04-27,Success
6470,1371,31883,2023-02-01,Success
41491,879,24120,2022-09-12,Success
23830,2048,36420,2022-10-02,Success
45067,2592,23715,2022-08-12,Success
42697,2916,2475,2022-03-23,Rejected by the driver
14947,979,11727,2022-11-19,Success
30155,1947,27296,2022-12-22,Success
23622,279,29735,2023-04-01,Success
4723,573,10083,2022-07-30,Cancelled by the passenger
24027,1365,14753,2022-12-24,Rejected by the driver
31807,1528,36230,2022-09-29,Success
22136,137,39245,2022-07-08,Success
9486,1592,39637,2022-12-30,Success
5505,1998,32870,2023-04-04,Success
34031,376,14941,2023-03-07,Cancelled by the passenger
25954,2005,26438,2022-04-19,Success
50190,2171,12162,2022-07-13,Success
15856,294,29021,2022-03-19,Success
17901,308,7498,2022-12-22,Success
18740,1758,23340,2023-01-02,Success
50653,137,23463,2022-09-06,Success
45588,1212,29011,2023-03-06,Success
6891,2574,14611,2022-05-24,Success
2622,2315,25505,2022-08-26,Success
55700,1068,8087,2022-06-14,Success
50351,1959,10591,2022-10-26,Success
17866,191,4091,2023-04-15,Success
3437,1257,26058,2022-08-13,Success
11016,698,25947,2022-12-30,Success
55526,615,27195,2022-11-18,Success
3129,260,27461,2023-02-05,Success
4455,2963,30408,2022-03-20,Rejected by the driver
41802,2742,11568,2022-04-30,Success
59586,777,11137,2022-06-09,Cancelled by the passenger
16476,605,26225,2022-09-26,Success
37875,2629,29207,2022-07-16,Rejected by the driver
30984,1695,37197,2022-04-17,Success
42704,2229,3539,2023-01-09,Rejected by the driver
18276,105,35033,2022-05-04,Success
16316,4,1506,2022-11-28,Success
51102,1759,26910,2022-12-04,Success
29224,2112,11451,2022-12-30,Success
48786,1757,33857,2022-12-01,Success
20761,1584,23847,2022-06-09,Success
29621,1839,20830,2022-12-29,Success
12804,2783,23484,2023-04-04,Rejected by the driver
47680,456,5404,2022-06-18,Cancelled by the passenger
14975,446,35981,2022-04-28,Success
39734,1199,2582,2022-12-25,Success
59637,1450,10861,2022-05-09,Success
48912,253,39308,2023-03-30,Success
22033,1400,30469,2022-03-25,Success
3988,2277,23252,2023-02-22,Success
39450,130,29439,2022-12-28,Cancelled by the passenger
48153,1223,22224,2022-08-21,Rejected by the driver
50802,2598,9390,2022-07-12,Success
47178,2642,4019,2022-10-05,Success
36548,2675,11696,2022-08-05,Cancelled by the passenger
16584,1067,37816,2022-12-27,Success
32874,2419,32369,2022-05-30,Success
46338,2211,5879,2022-07-21,Success
2660,2198,23780,2022-12-26,Cancelled by the passenger
44714,1940,19522,2022-04-09,Rejected by the driver
55103,33,32574,2023-01-02,Success
43860,2074,7218,2023-02-09,Success
6411,298,29481,2023-02-16,Success
25517,814,25920,2022-09-29,Cancelled by the passenger
22557,1360,2447,2022-07-16,Success
29628,2057,27108,2022-09-07,Cancelled by the passenger
26834,1595,6693,2022-11-05,Success
5883,701,9417,2022-08-12,Rejected by the driver
42139,807,33253,2023-02-03,Success
22219,1336,1058,2022-10-02,Success
49344,26,4011,2022-10-05,Success
29721,2389,15276,2022-04-12,Cancelled by the passenger
57986,1729,30266,2022-08-26,Success
22883,1019,18376,2023-02-09,Success
27186,438,30910,2022-04-06,Success
31865,340,20931,2022-07-27,Cancelled by the passenger
56156,1275,17396,2023-03-10,Success
13729,203,19848,2022-11-20,Rejected by the driver
22845,2866,24496,2022-06-09,Rejected by the driver
39243,176,5974,2022-11-03,Rejected by the driver
6063,937,22336,2023-01-25,Success
40784,1097,9162,2023-01-21,Success
2393,2796,8863,2023-01-27,Success
51587,981,6502,2023-02-27,Success
36116,2648,14532,2022-09-04,Success
54726,2250,11966,2023-02-09,Rejected by the driver
23895,631,29048,2022-03-26,Success
23656,15,35612,2023-03-06,Success
59953,890,12164,2022-03-22,Success
57511,1844,12671,2023-01-30,Success
467,626,20189,2022-05-24,Success
28078,2065,38356,2023-03-14,Rejected by the driver
39692,2131,10518,2023-01-06,Success
9100,543,22262,2022-07-04,Success
19563,2046,14212,2022-12-29,Success
5265,491,36460,2022-10-14,Cancelled by the passenger
59938,1532,29917,2022-10-25,Success
47083,2481,18552,2023-02-03,Rejected by the driver
12748,2007,24625,2022-03-26,Success
18227,1036,7162,2022-12-17,Success
19456,378,25504,2023-01-19,Success
4254,724,15057,2022-11-07,Success
13071,2047,33303,2022-10-16,Success
45842,1530,36550,2023-03-10,Success
26526,1619,23153,2023-03-06,Cancelled by the passenger
25426,1393,39164,2022-04-21,Success
54302,1499,10235,2022-09-27,Rejected by the driver
41336,279,34126,2023-02-28,Success
35386,2693,39461,2022-03-29,Success
6668,2337,6013,2022-10-09,Success
36316,2195,6009,2023-03-18,Success
43298,1277,6422,2022-03-30,Success
29285,129,33519,2022-12-25,Success
8756,1252,6996,2022-12-13,Success
8501,1985,11044,2022-09-23,Cancelled by the passenger
28788,2528,11009,2022-11-17,Success
28369,33,2237,2022-04-30,Success
29867,2361,27922,2022-07-14,Success
4507,2660,29010,2023-03-14,Rejected by the driver
33639,1412,15780,2022-05-22,Rejected by the driver
10702,652,20881,2022-04-08,Success
16270,2902,34147,2023-02-04,Success
25067,1053,5334,2022-05-22,Success
13709,2699,32849,2022-06-24,Cancelled by the passenger
5985,2288,2136,2023-03-06,Success
31024,932,4122,2022-11-18,Success
1510,2426,17251,2023-01-07,Success
11823,2322,32643,2022-09-20,Success
10557,2559,18838,2022-11-29,Success
54497,1529,13513,2022-03-17,Success
2075,2359,27985,2022-12-20,Success
34455,1835,16516,2022-10-04,Cancelled by the passenger
43763,1227,27876,2023-04-10,Success
3664,1580,21331,2023-01-29,Success
57600,1762,13579,2022-04-24,Rejected by the driver
35317,1616,12806,2022-05-16,Success
31614,2356,16226,2022-07-15,Success
58134,1734,18439,2022-03-25,Cancelled by the passenger
49136,2554,11972,2022-07-13,Cancelled by the passenger
22974,55,29668,2022-03-22,Rejected by the driver
29871,2721,33915,2022-10-09,Cancelled by the passenger
5659,1885,12381,2022-08-03,Success
53756,4,2459,2022-03-25,Rejected by the driver
15379,386,25823,2022-10-10,Success
59590,2847,26469,2022-07-16,Success
18125,2057,4016,2022-03-25,Rejected by the driver
10813,1831,14339,2022-04-18,Success
32199,129,6338,2023-04-07,Rejected by the driver
40759,1837,2754,2022-04-15,Success
43856,2936,9498,2022-05-05,Success
44202,1841,13829,2022-09-25,Success
7950,1538,39235,2022-09-08,Success
6028,27,32745,2022-06-11,Success
37226,1111,32963,2022-08-04,Success
56504,1138,17087,2022-11-20,Cancelled by the passenger
17186,205,710,2023-01-02,Success
21365,607,8383,2022-07-17,Success
8274,1438,11564,2023-03-23,Success
33833,2805,25408,2023-02-01,Success
28210,1711,39567,2022-04-06,Success
43012,65,37470,2022-04-09,Success
50548,2501,23188,2022-06-05,Success
39821,75,35151,2022-11-29,Success
53656,2806,38051,2022-10-20,Success
11594,2423,33837,2022-08-03,Success
38666,2535,31272,2022-06-18,Rejected by the driver
25853,1459,19518,2022-10-02,Success
11584,963,32564,2023-03-23,Success
42735,1714,22424,2022-12-22,Success
9211,1562,3353,2022-12-16,Cancelled by the passenger
59828,512,1107,2023-01-10,Cancelled by the passenger
46331,1438,12552,2022-03-18,Success
54662,119,690,2022-04-02,Success
7882,2419,34751,2022-08-09,Success
45860,2127,15245,2022-07-28,Rejected by the driver
43398,1668,2956,2022-06-04,Success
58342,102,33569,2022-10-22,Success
21293,106,1216,2023-01-02,Cancelled by the passenger
46027,470,7816,2022-07-05,Success
14207,401,3272,2022-08-02,Cancelled by the passenger
25330,942,26922,2022-08-08,Success
44117,2133,5432,2022-06-25,Success
2673,2152,16541,2022-12-21,Success
24595,1483,21421,2023-02-19,Success
2031,1266,34728,2022-11-04,Rejected by the driver
14096,775,36375,2022-08-18,Success
31121,2113,22596,2022-06-08,Success
19757,851,24333,2023-04-13,Success
42279,862,994,2022-11-13,Success
48422,2906,22858,2022-09-30,Success
14513,348,11768,2023-01-19,Success
19187,161,35304,2023-02-03,Success
33775,692,30368,2023-02-28,Rejected by the driver
58921,687,11669,2022-11-11,Success
23053,593,38069,2022-04-05,Success
34027,299,15563,2022-04-03,Success
47048,2007,38485,2022-03-21,Success
28768,1234,36751,2022-04-29,Success
38148,2516,23143,2022-09-30,Success
4747,1197,15825,2022-11-30,Success
42258,737,2100,2022-06-29,Success
13422,135,8249,2023-03-05,Rejected by the driver
40875,2695,9220,2023-01-08,Cancelled by the passenger
8954,2850,4151,2022-06-02,Success
55672,163,31998,2022-05-26,Cancelled by the passenger
48454,282,33676,2023-04-09,Cancelled by the passenger
36987,2227,15814,2022-09-23,Success
50697,468,14314,2022-07-18,Rejected by the driver
36824,2206,32973,2022-11-06,Success
13421,1754,8036,2022-10-09,Success
46190,564,7514,2022-05-26,Success
52125,2780,17250,2022-09-01,Success
41635,1488,20854,2022-10-23,Success
11036,1207,10583,2022-05-11,Success
58867,204,15426,2023-01-10,Success
41978,1832,12964,2022-06-11,Success
56231,360,19136,2022-11-23,Success
53657,1759,18585,2022-10-04,Rejected by the driver
18887,1333,19139,2022-09-14,Success
36930,1863,18080,2022-09-14,Success
50874,1626,22544,2022-04-01,Rejected by the driver
55434,2351,34019,2022-11-19,Success
1409,1886,29063,2022-06-21,Success
57859,2770,4877,2023-03-11,Success
10051,274,34619,2022-11-19,Success
24056,979,23631,2022-04-13,Cancelled by the passenger
43367,1030,9601,2022-12-14,Success
52254,2655,38411,2022-03-23,Rejected by the driver
30882,2130,575,2022-05-07,Cancelled by the passenger
48855,998,7425,2022-05-01,Rejected by the driver
38338,2684,24611,2022-05-14,Rejected by the driver
29990,449,20758,2022-10-11,Cancelled by the passenger
58667,545,29233,2022-12-23,Success
3847,656,3451,2022-04-09,Success
46549,1340,2718,2022-09-06,Success
456,1612,766,2022-04-16,Success
36597,447,110,2022-04-13,Success
6096,565,10538,2022-06-11,Success
131,2624,16931,2022-12-15,Cancelled by the passenger
13245,312,38486,2022-10-06,Success
3641,209,12117,2023-01-22,Success
29421,839,37419,2022-10-16,Success
14649,2766,36215,2023-02-08,Success
55430,1776,2000,2022-10-11,Success
30569,1230,35012,2022-10-29,Success
6497,2066,15643,2022-06-12,Success
39809,2284,7815,2022-06-15,Success
55984,234,27096,2022-05-17,Success
6048,2118,1270,2022-06-28,Rejected by the driver
28845,950,25207,2023-02-06,Success
57012,2013,32548,2022-08-23,Success
27868,1051,3756,2022-04-24,Rejected by the driver
42111,2029,39041,2022-12-26,Success
4274,753,3747,2022-12-25,Success
48514,2494,9389,2022-09-29,Success
51337,676,17551,2022-05-31,Cancelled by the passenger
3709,2033,22328,2022-11-01,Success
58103,2523,5187,2022-05-20,Success
50103,504,22887,2022-06-22,Rejected by the driver
31808,413,38595,2022-04-26,Success
11656,1251,17114,2023-01-27,Rejected by the driver
54604,591,15972,2023-04-04,Cancelled by the passenger
51213,2522,30160,2023-02-17,Success
30619,2052,34176,2022-03-27,Cancelled by the passenger
58099,1864,23564,2022-08-27,Cancelled by the passenger
10640,2994,34760,2022-03-16,Success
11560,459,27092,2022-07-11,Success
15210,48,24351,2023-02-16,Success
28652,680,26254,2022-10-16,Cancelled by the passenger
49614,1480,8447,2022-05-18,Success
1675,1417,29996,2023-02-07,Cancelled by the passenger
37380,1557,22645,2022-10-15,Success
21989,491,8092,2022-08-11,Rejected by the driver
51951,248,3272,2022-08-14,Success
21485,1056,25,2022-11-20,Cancelled by the passenger
56600,99,12783,2022-09-24,Success
25524,177,17465,2022-08-26,Success
18913,1788,14452,2023-03-25,Success
9376,1923,4401,2022-09-16,Success
33133,2017,15696,2022-10-17,Success
52039,1083,24555,2023-01-30,Cancelled by the passenger
29179,2098,9332,2022-10-06,Success
48738,813,25991,2022-06-13,Success
32645,755,19264,2022-11-10,Success
13723,767,22649,2023-01-21,Success
32018,1881,28801,2022-03-20,Success
24593,2167,9785,2022-04-18,Success
52425,2036,4114,2023-02-11,Rejected by the driver
36181,2850,9020,2023-01-05,Success
27747,2646,17959,2022-06-09,Success
42270,2520,2039,2022-04-18,Rejected by the driver
45138,1370,2535,2022-11-17,Success
45519,1031,6406,2023-02-05,Cancelled by the passenger
32528,2204,37391,2022-12-08,Success
58938,1543,19648,2023-01-27,Success
42968,2835,34501,2022-11-22,Success
34011,739,32770,2022-05-22,Rejected by the driver
4042,2024,9033,2022-07-07,Cancelled by the passenger
10389,1379,10027,2022-06-21,Rejected by the driver
18827,1378,3944,2022-08-27,Success
29425,9,21840,2022-10-25,Success
44199,1356,21951,2022-09-24,Cancelled by the passenger
16343,223,20129,2023-01-31,Success
1080,10,30678,2023-02-22,Success
3772,473,28649,2023-01-08,Success
39867,2563,9087,2022-07-17,Success
39576,214,30571,2022-12-26,Success
18995,2287,3019,2023-02-19,Success
5881,1850,5637,2022-11-20,Success
27731,827,19068,2022-06-14,Success
50272,1605,9617,2023-04-03,Success
32069,2948,4352,2022-11-01,Success
59425,1157,10580,2023-02-01,Success
13165,521,32594,2022-08-26,Success
23190,1460,37627,2023-01-31,Rejected by the driver
40946,412,14247,2023-03-01,Success
52011,674,28634,2023-01-13,Success
56470,2751,6175,2022-03-12,Success
12890,85,35246,2022-12-23,Success
28974,407,27944,2022-07-02,Success
23544,55,25846,2022-09-03,Success
21840,1302,36132,2023-02-21,Rejected by the driver
53062,930,34068,2022-05-24,Success
25276,2817,1737,2022-03-22,Cancelled by the passenger
51255,128,24984,2023-01-31,Success
52987,922,10864,2022-11-17,Cancelled by the passenger
25799,2564,3186,2022-03-13,Success
38880,2718,11543,2022-06-13,Success
51590,1046,19129,2022-06-24,Success
33194,3000,12081,2022-12-28,Success
24586,1156,8335,2022-12-22,Success
17384,2768,36394,2022-05-19,Success
9386,2356,38047,2022-12-23,Success
9333,2388,16055,2022-04-18,Success
38339,2855,13207,2022-03-17,Rejected by the driver
16363,709,29009,2023-01-12,Success
15493,1721,30396,2022-09-10,Success
18497,1933,27453,2022-07-06,Success
1468,2289,32433,2022-07-10,Success
11306,1897,175,2022-09-10,Cancelled by the passenger
9496,1241,15095,2023-02-14,Success
10599,2937,23018,2023-01-30,Success
2808,943,36499,2022-06-13,Cancelled by the passenger
45547,1306,8577,2022-06-22,Success
21809,2819,3295,2022-06-02,Rejected by the driver
57568,2625,12285,2022-05-21,Success
59654,1708,26197,2022-11-01,Success
41221,2514,6383,2022-08-16,Success
42998,1657,14759,2022-11-26,Cancelled by the passenger
43455,1964,23129,2022-12-16,Rejected by the driver
5924,2964,35454,2022-03-18,Success
29738,2463,15069,2022-08-21,Success
4537,2429,39087,2022-10-04,Success
24892,2429,39161,2022-10-04,Success
40410,2141,7760,2022-05-02,Rejected by the driver
10449,454,19244,2022-04-08,Success
40368,2956,5346,2022-08-22,Rejected by the driver
27675,2889,35084,2022-11-19,Success
26158,1776,34319,2022-10-30,Success
13688,2508,31941,2022-08-10,Cancelled by the passenger
54676,188,9306,2023-01-23,Success
49446,1155,16564,2022-05-22,Cancelled by the passenger
38523,2240,28559,2023-02-23,Success
34617,952,24989,2022-07-15,Success
47824,2944,16037,2022-12-05,Success
40419,39,25170,2023-02-07,Cancelled by the passenger
53245,1187,20369,2022-12-01,Success
22837,306,24039,2022-08-10,Success
33795,101,15228,2022-09-18,Rejected by the driver
55022,181,39070,2023-04-08,Rejected by the driver
42818,2111,38280,2022-10-03,Success
1890,2492,15531,2023-01-14,Success
25169,2196,29446,2023-01-20,Cancelled by the passenger
59432,1541,31783,2022-08-23,Success
35989,2862,24744,2023-03-17,Success
14627,1822,3898,2022-11-21,Cancelled by the passenger
32404,491,39676,2022-04-21,Success
10231,749,16669,2022-07-22,Rejected by the driver
526,224,23069,2022-03-19,Success
16391,665,14508,2022-09-11,Cancelled by the passenger
866,2560,26645,2022-11-01,Success
56626,387,19173,2023-03-16,Success
23932,362,2467,2022-09-18,Success
54291,313,26793,2022-08-15,Success
40462,1643,11074,2023-04-14,Cancelled by the passenger
31618,2300,29626,2022-07-11,Success
34350,2140,10834,2022-05-11,Success
25114,1514,4,2022-03-30,Success
26421,999,32684,2022-12-28,Success
40999,2881,35370,2022-03-31,Success
17907,1186,37110,2022-09-09,Success
885,2315,11785,2022-09-11,Success
8664,1460,19517,2023-02-20,Rejected by the driver
27336,1399,11212,2023-03-01,Rejected by the driver
38574,553,29498,2022-09-22,Cancelled by the passenger
15563,2859,8731,2023-01-22,Success
19457,2686,34003,2023-01-10,Rejected by the driver
15984,1684,8909,2023-02-04,Success
55945,2217,23814,2022-06-01,Success
867,2562,38222,2022-09-09,Success
34647,1133,28421,2022-06-14,Success
31664,1649,23950,2022-07-19,Rejected by the driver
2664,806,17254,2023-01-30,Cancelled by the passenger
39249,1221,34571,2022-06-15,Success
49564,2299,19608,2023-02-27,Success
10862,2705,29013,2022-12-14,Success
58901,1141,23966,2023-04-11,Success
53574,1024,4482,2022-07-15,Success
18903,2407,8990,2022-11-20,Success
39277,1062,6518,2022-06-21,Success
25135,11,34624,2022-06-03,Success
18564,988,22132,2022-06-22,Success
12129,1859,17352,2022-06-04,Cancelled by the passenger
41585,69,28002,2023-02-08,Success
3618,2881,17341,2023-02-09,Success
47236,915,27361,2022-09-26,Success
52215,319,16760,2022-09-02,Rejected by the driver
6886,2977,36457,2022-10-09,Success
51897,64,18372,2022-03-16,Success
23954,62,23729,2023-04-11,Rejected by the driver
50120,661,36044,2022-03-12,Success
39849,2401,21920,2023-01-15,Success
46311,1205,14637,2022-04-02,Success
44851,2494,20950,2022-08-13,Rejected by the driver
53344,2521,31303,2022-05-17,Success
14431,25,29657,2023-03-27,Success
56,1801,6286,2023-04-12,Success
39007,1218,34183,2022-11-22,Success
19659,2920,32731,2022-09-09,Success
44321,280,35491,2022-10-21,Success
13083,1950,19697,2022-07-05,Success
18725,2924,9309,2022-03-19,Rejected by the driver
44181,128,28541,2023-02-22,Success
54927,2424,334,2022-04-24,Rejected by the driver
53383,1031,11031,2023-03-27,Success
22999,2989,19913,2022-11-01,Success
27804,2046,9173,2022-05-30,Success
45493,2145,25012,2022-12-19,Rejected by the driver
52543,151,32624,2022-12-12,Success
45278,1786,36699,2023-01-02,Success
45159,959,6310,2022-04-04,Success
40417,2960,32718,2022-08-12,Rejected by the driver
26742,2187,11273,2023-04-12,Cancelled by the passenger
13159,2420,20367,2022-04-21,Success
27356,2483,33426,2022-05-18,Success
16899,2827,26632,2022-10-18,Success
5817,1721,3065,2022-05-25,Success
21653,1601,19900,2022-04-30,Success
29689,2905,21782,2023-03-12,Success
58030,80,11434,2022-06-23,Success
47488,1823,11090,2022-12-23,Success
14731,1974,30885,2022-11-30,Success
39009,2971,39216,2023-02-27,Success
57987,2717,22263,2023-02-26,Success
59365,685,23951,2022-03-26,Rejected by the driver
103,1468,15101,2023-03-06,Success
57376,2484,8115,2023-03-20,Success
56955,2100,23945,2022-08-27,Success
26367,2075,32583,2022-07-01,Success
42589,1997,26476,2022-08-14,Success
46893,1161,23347,2023-02-07,Success
11234,2873,17903,2023-02-07,Success
16258,1885,35713,2023-03-28,Success
7498,2335,2569,2023-02-11,Success
7435,2016,39639,2023-04-08,Success
11516,1173,37348,2023-01-17,Success
39924,848,33897,2023-03-09,Success
18810,1002,13679,2022-09-28,Success
5614,824,13542,2023-03-14,Cancelled by the passenger
42433,2347,20274,2022-06-08,Success
31405,2216,38580,2022-07-19,Success
58660,1768,18455,2022-05-12,Success
7610,1784,7746,2022-12-28,Success
21511,2022,31380,2022-06-17,Rejected by the driver
22854,2931,4784,2022-04-25,Success
56101,992,37723,2022-05-31,Success
13009,1831,14597,2022-06-06,Success
32650,314,1687,2022-04-25,Success
37426,900,8321,2022-10-08,Success
14016,195,19808,2023-01-05,Success
3348,593,18779,2023-03-08,Cancelled by the passenger
10082,127,32633,2022-04-15,Success
29357,2044,21886,2022-12-07,Success
20660,1577,29524,2022-12-16,Success
19781,1761,34950,2022-03-13,Success
22756,1599,28590,2022-06-12,Cancelled by the passenger
41746,1464,15463,2022-08-15,Success
9758,2391,34503,2022-06-27,Success
36763,2931,5346,2023-01-13,Success
38972,917,37322,2022-11-26,Success
36233,2383,25415,2023-02-27,Success
29451,2519,19571,2022-10-20,Success
30131,1526,30556,2022-03-22,Success
43932,359,28497,2022-03-27,Success
14460,2097,36245,2022-04-02,Success
42949,1909,16097,2023-02-04,Cancelled by the passenger
22171,2193,39749,2022-04-05,Success
36663,261,32150,2022-05-06,Success
20955,932,16902,2023-03-06,Rejected by the driver
48939,2848,248,2022-10-20,Success
18633,2186,18401,2022-10-11,Cancelled by the passenger
13927,2292,16082,2023-03-10,Success
48861,1602,36933,2023-02-13,Success
17903,2300,20171,2022-03-23,Rejected by the driver
30418,1823,11757,2022-12-16,Success
39963,2010,25490,2022-08-20,Rejected by the driver
51949,2651,7618,2022-08-30,Success
59620,1530,6681,2022-12-13,Success
52535,2296,9976,2022-12-08,Success
27273,1515,15494,2022-10-01,Cancelled by the passenger
59625,596,17142,2022-10-26,Success
48593,2754,37891,2023-02-05,Success
55925,2354,26674,2023-02-28,Success
35744,2847,8807,2022-05-29,Success
17547,2638,18492,2023-02-19,Success
24295,2773,12617,2022-09-29,Success
33584,2724,16561,2022-12-21,Success
35977,1459,19180,2022-08-17,Success
18344,1215,4763,2023-01-10,Success
50609,1160,22915,2022-05-18,Rejected by the driver
39271,1005,19417,2022-08-03,Cancelled by the passenger
5230,1576,24046,2022-06-09,Success
39635,1415,28214,2022-09-23,Success
47339,804,31702,2022-12-20,Success
4070,2248,18843,2022-07-16,Success
33628,996,25569,2022-03-19,Success
37059,161,36978,2022-09-11,Rejected by the driver
31697,1898,37467,2022-08-18,Success
5959,459,39049,2022-08-03,Success
22042,2741,29284,2022-08-22,Rejected by the driver
15648,2808,29018,2022-11-28,Success
7603,2820,9877,2022-05-24,Success
26253,2454,32896,2022-06-30,Success
23156,602,9272,2023-04-08,Success
38598,1178,35513,2023-03-19,Success
26798,1604,10069,2022-07-17,Success
58881,2737,25606,2022-08-25,Cancelled by the passenger
37551,2099,31285,2023-03-24,Success
51401,654,27078,2023-03-24,Success
59428,1936,37314,2022-11-16,Success
1645,2918,29612,2022-03-25,Cancelled by the passenger
28754,2141,30980,2023-02-11,Success
9182,98,10631,2023-01-01,Rejected by the driver
21968,694,421,2022-03-13,Success
2543,2269,26162,2022-08-01,Success
34537,1027,4372,2022-06-01,Success
17657,590,13794,2022-07-07,Success
26174,844,14271,2023-02-21,Success
52900,2905,26004,2022-03-24,Success
4145,2880,11270,2022-04-16,Success
31742,188,10711,2022-04-02,Success
14189,19,3507,2023-04-11,Success
40287,1510,6276,2022-11-08,Success
28835,983,17483,2022-08-18,Success
41167,2644,13093,2022-12-27,Success
43907,178,35731,2022-07-21,Rejected by the driver
8631,1282,15343,2022-04-19,Rejected by the driver
9534,2503,35171,2022-04-26,Success
28773,2873,26279,2022-07-28,Cancelled by the passenger
53016,1308,30494,2023-04-04,Success
52370,1024,24418,2022-12-07,Success
36793,1453,28714,2022-11-29,Success
33797,2683,2278,2023-01-16,Success
46874,88,37278,2023-04-15,Success
30746,2535,7771,2022-07-01,Success
21796,758,26431,2022-04-05,Success
42510,698,14776,2022-09-16,Success
2691,1427,7534,2022-11-03,Success
26216,2080,28057,2022-07-21,Success
537,492,17909,2022-11-29,Cancelled by the passenger
1071,1689,24842,2022-08-05,Success
36470,2175,2668,2022-09-25,Success
18302,79,3578,2022-05-10,Cancelled by the passenger
20169,2990,9201,2023-03-21,Rejected by the driver
14156,1437,19976,2022-04-07,Success
3718,556,24057,2022-09-03,Success
16865,1099,15776,2022-12-08,Success
7529,1075,39337,2022-07-21,Success
45244,2129,34060,2023-01-31,Success
32190,2949,29852,2023-02-23,Cancelled by the passenger
42359,2294,11112,2022-11-26,Success
8908,1393,4184,2022-09-20,Success
53304,1842,34740,2023-03-08,Cancelled by the passenger
18675,1581,20542,2022-11-30,Success
7280,1829,2942,2022-10-03,Success
38407,818,14539,2022-06-27,Success
53767,30,17524,2023-01-19,Success
29493,2119,9030,2022-12-19,Success
34325,1973,4903,2022-11-21,Success
14415,511,26948,2022-08-26,Success
42501,133,24925,2023-02-28,Success
46136,2376,7772,2022-05-12,Success
52981,2407,23812,2022-10-22,Success
32599,2186,26213,2022-04-16,Success
46353,657,34168,2022-06-19,Rejected by the driver
37196,2185,38403,2022-05-25,Cancelled by the passenger
44977,704,20861,2022-10-03,Success
6730,2591,14202,2022-11-28,Success
22936,140,36394,2023-03-24,Success
44963,1156,3996,2022-09-09,Success
59464,2314,37059,2023-03-02,Cancelled by the passenger
14013,785,21206,2023-03-18,Success
52174,2945,22262,2022-11-21,Success
48854,1928,15006,2023-02-28,Cancelled by the passenger
36528,2409,4900,2022-10-08,Success
5585,2914,38366,2022-09-08,Success
24017,2723,12342,2022-05-22,Success
4835,2021,32104,2023-01-23,Cancelled by the passenger
30708,351,34205,2022-05-03,Success
42109,524,9778,2022-12-14,Success
19839,2387,2702,2022-03-26,Success
3929,1911,3023,2023-03-12,Rejected by the driver
8923,589,4206,2022-08-15,Success
20834,651,14575,2022-08-28,Success
15763,1920,10664,2022-05-01,Cancelled by the passenger
31203,1191,36131,2022-12-16,Success
50144,622,35936,2022-04-20,Rejected by the driver
9426,371,24171,2022-06-12,Success
44296,452,8316,2022-05-04,Cancelled by the passenger
5428,1720,3374,2022-09-17,Rejected by the driver
16667,2013,6134,2022-09-18,Success
6589,1528,39498,2023-02-18,Success
55771,145,25948,2022-09-25,Success
21577,1943,1264,2023-03-11,Success
48749,2489,29813,2022-09-02,Rejected by the driver
36966,412,9092,2022-12-03,Success
13664,2160,39366,2023-03-16,Cancelled by the passenger
54484,955,39422,2022-06-09,Rejected by the driver
6491,748,21671,2022-06-22,Success
32679,916,24317,2023-04-12,Success
11504,1062,7063,2022-11-24,Success
6818,2707,5065,2023-04-03,Success
40199,655,7684,2022-09-16,Cancelled by the passenger
58615,2559,24765,2022-11-04,Success
48196,1153,11470,2022-05-30,Success
4168,1068,24391,2022-09-23,Rejected by the driver
48429,1015,29761,2022-08-27,Success
3015,487,32046,2022-09-21,Success
20239,1342,39593,2023-03-15,Success
56774,486,8229,2022-12-12,Rejected by the driver
23952,1961,60,2023-01-10,Success
34866,85,23682,2022-04-09,Success
35174,1433,13012,2022-05-25,Rejected by the driver
24938,2696,35243,2022-10-10,Rejected by the driver
53174,797,15984,2023-02-26,Success
9002,2812,2106,2022-11-23,Success
49726,1503,3769,2022-03-29,Success
6331,1057,867,2022-04-22,Success
21062,624,4568,2022-03-30,Success
20998,207,33748,2023-03-03,Success
1970,329,15200,2023-02-02,Success
41822,369,28340,2023-03-25,Success
44836,522,17107,2022-04-12,Success
3574,1099,15412,2023-02-16,Success
25660,1714,21736,2022-03-26,Success
36348,2898,24784,2022-10-18,Success
25270,2831,363,2022-10-05,Success
23305,2825,6708,2022-06-25,Success
7215,1414,15308,2022-11-27,Success
4071,2047,7888,2022-10-26,Success
52335,940,3600,2023-03-07,Success
14115,2950,15453,2022-05-19,Success
11510,2801,39847,2022-04-16,Success
12863,973,20840,2022-04-17,Cancelled by the passenger
28060,2629,11172,2022-12-15,Success
44902,1879,7263,2022-11-30,Cancelled by the passenger
47632,236,10579,2023-02-08,Success
47450,1781,33457,2022-06-01,Success
21835,1428,10504,2022-06-26,Success
4303,1266,9576,2022-05-25,Rejected by the driver
14036,166,24814,2022-10-19,Rejected by the driver
20812,2921,33070,2022-12-17,Rejected by the driver
33529,1593,14768,2022-05-02,Rejected by the driver
33938,2824,16479,2022-07-18,Rejected by the driver
50875,1602,27120,2022-05-15,Success
28774,1970,6850,2022-12-25,Success
40141,704,7829,2023-01-06,Rejected by the driver
29996,1855,5350,2023-01-23,Success
2084,1666,29473,2022-07-18,Success
58401,257,33292,2022-09-02,Rejected by the driver
31001,272,31490,2023-01-12,Rejected by the driver
2199,2534,19191,2023-01-06,Cancelled by the passenger
17680,1488,26557,2023-01-23,Success
59773,2797,30439,2022-07-06,Success
1850,454,31695,2023-03-30,Success
26454,2231,8350,2022-09-29,Success
47056,1680,16721,2022-10-16,Success
45338,1894,2547,2022-05-14,Success
36809,2878,11540,2023-03-15,Success
55553,1922,30418,2022-07-10,Success
17445,2980,18735,2023-01-12,Success
23918,1608,31009,2023-01-19,Success
38331,994,20703,2022-06-04,Success
21181,1700,35208,2022-03-23,Success
7091,2506,34326,2023-02-28,Cancelled by the passenger
36894,623,13690,2022-08-06,Cancelled by the passenger
19809,1106,6495,2022-07-08,Success
8729,2136,14709,2023-03-15,Success
27727,1928,32101,2022-10-16,Success
1523,2536,35335,2022-04-07,Cancelled by the passenger
43041,1873,29345,2022-05-04,Rejected by the driver
47698,33,2845,2022-06-23,Success
10712,2776,23003,2023-02-27,Rejected by the driver
2285,830,35654,2023-04-08,Success
40958,576,25897,2022-11-07,Success
14787,2743,25888,2023-01-06,Success
45433,742,1774,2022-08-29,Success
21707,1412,38707,2022-06-23,Rejected by the driver
13439,2580,2947,2022-03-28,Success
26336,2289,32067,2023-03-31,Success
23831,2595,24928,2023-02-05,Success
19697,1097,813,2022-12-02,Success
31993,682,480,2023-02-26,Rejected by the driver
27664,207,17932,2023-01-09,Success
31914,292,24281,2022-10-06,Success
28122,833,3759,2022-12-04,Cancelled by the passenger
53882,2999,6781,2022-12-29,Cancelled by the passenger
9522,1977,7975,2022-08-24,Success
40286,959,10210,2022-10-23,Success
37037,2924,26964,2022-08-29,Success
16370,1221,3248,2022-05-15,Success
10366,2748,13478,2022-06-23,Success
45004,2012,2476,2023-01-23,Success
25323,225,28083,2022-03-14,Success
51133,2110,14500,2022-08-19,Cancelled by the passenger
7003,847,39539,2022-07-25,Success
45151,58,7605,2023-01-23,Success
22795,2864,32276,2022-05-30,Success
22222,1971,20718,2022-12-26,Success
48999,1519,10837,2022-06-03,Success
12790,1916,35199,2022-07-04,Cancelled by the passenger
53378,750,35055,2022-08-14,Cancelled by the passenger
4779,2132,22891,2022-04-11,Success
19088,2856,27444,2022-12-23,Success
10128,2486,21130,2022-12-20,Success
44529,2424,25780,2023-04-13,Success
47987,2700,18933,2023-01-16,Success
6606,38,8559,2022-10-26,Success
35331,1776,35335,2022-10-09,Success
21088,1427,34031,2023-02-10,Success
25680,416,7194,2022-11-19,Success
302,545,22467,2022-04-23,Rejected by the driver
55021,1400,37196,2022-05-06,Success
10861,1674,3688,2022-03-23,Success
12797,491,31876,2022-09-05,Cancelled by the passenger
36068,2160,3933,2022-09-23,Success
26307,1837,36021,2023-03-21,Success
9126,1508,24848,2022-05-31,Cancelled by the passenger
11059,1023,1584,2023-04-12,Success
16792,405,14994,2022-12-11,Success
2417,594,32764,2022-11-18,Success
32642,2341,23435,2023-03-30,Cancelled by the passenger
36320,2819,33476,2022-08-07,Rejected by the driver
11502,1072,16193,2022-10-29,Success
7499,494,8442,2022-05-02,Success
58963,834,38901,2022-09-29,Success
30578,1503,11530,2022-09-21,Success
7009,2517,37017,2022-11-29,Success
27802,1182,14254,2022-11-20,Success
29075,1835,13185,2023-02-26,Success
9920,1558,25961,2022-06-06,Rejected by the driver
59140,1999,1021,2022-04-08,Success
58448,1377,26680,2022-12-07,Success
11062,2996,26994,2022-06-18,Success
14119,1278,35250,2022-06-21,Success
8540,2093,27455,2022-09-22,Success
33480,535,6302,2022-09-09,Cancelled by the passenger
45606,1827,22801,2023-01-30,Success
49220,1537,14103,2023-03-20,Success
19698,283,22164,2022-06-26,Success
33773,877,16474,2023-02-12,Success
15084,1346,18116,2023-03-08,Success
10078,808,1803,2022-09-26,Success
59017,2770,24910,2022-11-28,Success
41320,2706,35699,2023-01-04,Success
8828,263,4842,2022-04-11,Success
44758,1388,13496,2022-07-08,Success
26294,383,32648,2022-12-11,Success
53969,2588,11934,2022-03-22,Success
27052,2909,26208,2022-11-04,Success
43039,2796,19701,2022-06-30,Success
5325,1566,26645,2022-07-22,Cancelled by the passenger
1957,1587,12940,2022-09-29,Success
41875,2799,28970,2023-01-26,Cancelled by the passenger
15546,442,31688,2022-08-17,Success
11434,869,25312,2023-01-22,Success
31715,1588,33298,2022-11-27,Success
11360,702,32616,2022-08-21,Success
9947,915,5047,2022-03-12,Cancelled by the passenger
3229,921,27006,2022-05-28,Success
11168,631,22150,2022-03-25,Success
41394,1061,23072,2022-11-18,Cancelled by the passenger
35242,2896,32346,2023-02-12,Rejected by the driver
58757,1293,20960,2022-07-25,Success
43586,1138,7017,2022-10-31,Success
54520,2410,36330,2022-12-31,Success
43954,1405,1907,2023-02-02,Success
32258,50,27450,2022-06-29,Success
55392,1478,20565,2022-08-27,Success
33205,1292,17873,2023-04-07,Success
54917,2000,13202,2023-02-19,Rejected by the driver
17183,2692,24232,2022-09-14,Rejected by the driver
7446,2634,29819,2022-07-02,Success
15611,13,22428,2022-09-04,Success
12685,1898,30335,2022-05-04,Cancelled by the passenger
19509,944,33659,2022-06-17,Success
40009,1949,13851,2022-09-16,Cancelled by the passenger
38026,1533,10885,2023-03-01,Rejected by the driver
51218,2079,11431,2023-02-26,Success
19295,987,13086,2023-04-10,Rejected by the driver
29781,1169,30726,2022-04-30,Cancelled by the passenger
43707,2533,7954,2022-08-18,Rejected by the driver
13818,1124,28663,2022-04-30,Success
36218,2640,15602,2022-07-13,Cancelled by the passenger
50463,1612,4581,2022-03-23,Success
50436,2897,5597,2022-03-19,Success
39279,587,2069,2022-06-30,Cancelled by the passenger
38302,385,38532,2022-12-13,Success
37,1192,1808,2022-12-21,Success
43922,2402,39291,2022-10-12,Success
1801,1931,10633,2022-12-20,Success
8443,1094,4606,2022-12-08,Success
15193,902,28389,2022-09-10,Success
50268,1165,4519,2022-06-16,Success
38835,262,25234,2023-01-11,Cancelled by the passenger
50028,1375,17306,2022-04-13,Success
29030,546,28536,2022-10-12,Success
59020,2836,27147,2022-06-18,Success
3507,25,38369,2022-09-07,Success
39100,1231,9120,2022-07-25,Success
11721,124,32686,2023-03-26,Success
31535,1736,13174,2022-11-30,Success
28920,2249,23913,2022-05-28,Success
36537,815,26466,2022-08-17,Success
55548,1509,26898,2022-08-19,Success
43692,1796,37848,2022-07-20,Success
39106,756,5443,2022-12-07,Cancelled by the passenger
33525,2370,34906,2023-03-27,Success
16781,1820,35967,2023-04-15,Success
23784,539,11090,2022-07-22,Rejected by the driver
56644,520,25012,2022-07-22,Success
21322,2858,37534,2023-03-30,Success
48066,2307,25316,2022-03-30,Success
28229,535,23513,2023-04-12,Success
23383,2353,22548,2022-12-12,Success
29252,1267,11236,2022-11-17,Success
29797,2969,9396,2022-03-21,Rejected by the driver
14101,1199,38969,2022-03-16,Success
6538,701,11332,2022-03-19,Success
29232,478,2494,2022-09-12,Rejected by the driver
42632,10,5800,2023-01-15,Success
31962,1625,13437,2022-12-30,Cancelled by the passenger
24176,1710,25682,2022-12-18,Success
50206,1040,20600,2023-01-14,Success
21716,1229,4409,2023-03-22,Rejected by the driver
32535,1494,33005,2023-01-10,Success
21362,2290,2731,2022-03-15,Success
46464,2030,22392,2023-03-08,Rejected by the driver
6755,2296,5479,2022-08-16,Success
53640,489,22563,2023-04-08,Success
25817,2056,38432,2023-02-20,Success
39664,2248,1970,2022-03-18,Rejected by the driver
8230,412,34406,2022-03-23,Success
40971,2396,11373,2022-08-06,Rejected by the driver
5950,2409,7527,2022-09-05,Success
52736,1498,39523,2022-12-18,Success
36533,2067,20106,2022-10-03,Success
14418,2821,13091,2022-08-21,Success
13446,2643,36089,2022-04-26,Success
37790,1589,27199,2023-01-26,Success
53023,785,22969,2023-02-15,Success
27398,1919,6561,2023-02-24,Success
46981,1451,38274,2023-03-30,Success
42975,2420,1795,2022-09-24,Success
15684,942,4096,2022-10-17,Cancelled by the passenger
46987,1195,16901,2022-06-14,Success
8609,779,38142,2023-01-11,Success
13756,2438,11298,2023-03-17,Success
53076,1970,18595,2022-04-01,Success
4316,1799,6471,2022-08-06,Success
56959,2069,25984,2022-06-17,Success
16406,8,18743,2022-08-26,Success
43538,1006,426,2023-03-10,Cancelled by the passenger
41050,1802,37683,2022-05-23,Success
30123,2415,10291,2022-05-09,Rejected by the driver
44906,2817,12329,2022-12-03,Success
32443,916,18493,2022-03-22,Success
36653,2324,20437,2023-01-20,Success
23779,1960,11555,2022-11-03,Rejected by the driver
25871,298,39008,2022-11-23,Cancelled by the passenger
53235,1183,38188,2022-07-22,Success
29739,1180,12460,2022-09-19,Success
27409,16,10744,2022-08-01,Cancelled by the passenger
26514,379,9134,2022-11-01,Success
42696,2804,19173,2022-11-18,Success
48435,54,18139,2022-05-10,Success
12644,2515,39914,2022-07-26,Rejected by the driver
49167,2876,32205,2023-02-17,Success
25360,1789,39157,2022-07-22,Success
41818,716,22849,2022-12-06,Success
12601,65,21934,2022-08-22,Rejected by the driver
20470,799,1673,2022-12-06,Success
58886,103,9187,2022-03-21,Rejected by the driver
38624,128,24325,2022-11-09,Rejected by the driver
59210,69,28961,2022-05-01,Success
36733,1130,14112,2022-04-07,Success
39871,1845,30761,2022-10-25,Success
7478,2390,14334,2023-01-04,Rejected by the driver
33928,2109,6541,2022-03-23,Success
29205,1703,14028,2022-05-23,Success
42891,1304,13269,2023-01-26,Success
42035,1634,2088,2022-09-28,Success
39589,921,20387,2023-02-24,Success
7869,614,36743,2022-04-30,Success
5574,2176,33042,2022-03-13,Success
45058,1994,3360,2023-04-13,Cancelled by the passenger
59874,1384,13541,2023-02-16,Success
34390,1205,16855,2022-08-23,Success
12784,1718,8883,2022-12-12,Success
51140,2846,37698,2022-04-24,Cancelled by the passenger
57763,2788,13685,2023-02-27,Success
50204,1629,17495,2023-04-07,Success
18902,2029,36279,2023-03-18,Success
59818,436,16482,2023-04-06,Success
54420,361,1035,2022-06-24,Rejected by the driver
53392,21,27799,2022-11-12,Success
58552,2318,34765,2022-05-24,Success
39768,1853,33848,2022-08-11,Rejected by the driver
15626,1583,5057,2022-09-23,Success
20771,865,18669,2023-01-17,Success
31109,2697,8223,2022-12-15,Success
42609,581,16094,2022-12-13,Success
47929,2412,15058,2023-04-05,Success
44224,2643,26810,2023-01-23,Success
28780,2273,15298,2022-12-10,Success
30594,785,22645,2022-11-26,Success
13639,14,34482,2023-03-04,Success
51114,2679,28475,2023-01-30,Success
59777,569,33574,2022-05-14,Success
40707,1626,11855,2022-07-08,Success
39376,948,3304,2022-04-11,Success
50366,493,13937,2023-01-29,Success
45836,1531,36572,2022-06-18,Success
52160,24,6887,2022-09-13,Cancelled by the passenger
37164,864,1007,2022-07-01,Success
23042,1081,24304,2023-02-12,Success
32172,2337,16034,2022-10-31,Success
50572,1116,28029,2023-03-20,Success
8635,2905,30244,2023-04-01,Rejected by the driver
35726,31,6689,2023-02-17,Success
39717,1296,22341,2023-01-16,Rejected by the driver
1803,2162,20558,2022-09-09,Success
45486,1419,25642,2022-10-29,Rejected by the driver
14879,2758,20276,2022-08-05,Success
10497,496,11748,2023-01-27,Success
49887,934,12164,2022-10-24,Rejected by the driver
31968,2767,35779,2022-10-13,Success
24528,1520,14346,2022-05-29,Success
3458,2940,5542,2022-09-24,Success
40222,2475,19106,2022-05-06,Cancelled by the passenger
29859,1015,31045,2022-09-04,Success
36253,841,30962,2022-04-30,Success
3765,2220,30162,2022-06-19,Success
56111,1809,27201,2022-03-31,Success
12916,2140,30800,2023-01-21,Success
59769,708,25642,2023-01-30,Success
49164,107,28261,2022-06-30,Success
36610,649,10085,2022-12-02,Cancelled by the passenger
35016,1406,33649,2023-03-05,Rejected by the driver
43926,2952,678,2023-01-30,Success
13177,928,7191,2022-11-19,Success
51479,244,30778,2023-02-10,Cancelled by the passenger
34852,783,837,2023-03-06,Success
49416,1728,20008,2023-03-03,Success
40342,410,11622,2023-01-25,Success
28546,2221,11460,2022-03-21,Success
22238,1313,10113,2022-12-31,Rejected by the driver
57913,793,8159,2022-06-14,Rejected by the driver
40080,1872,17487,2022-06-25,Rejected by the driver
23178,722,26393,2022-07-01,Success
25711,2334,15772,2022-10-19,Cancelled by the passenger
22254,1185,11633,2023-03-21,Cancelled by the passenger
13399,126,35940,2022-06-11,Cancelled by the passenger
58682,87,24467,2022-10-03,Rejected by the driver
46132,2356,24545,2022-09-04,Rejected by the driver
12425,203,27492,2022-09-13,Success
41447,2155,27199,2022-03-30,Success
19857,2254,5235,2022-09-30,Success
14264,886,26967,2022-07-01,Success
34602,2967,23726,2022-11-30,Cancelled by the passenger
14085,1248,1578,2022-04-27,Cancelled by the passenger
7108,2930,5066,2022-04-21,Success
3587,2137,29879,2023-01-05,Success
11758,1442,13341,2022-09-03,Success
1884,1247,5920,2022-09-27,Success
33742,672,5033,2022-05-11,Success
3269,2117,9060,2022-11-28,Success
12536,1988,31524,2022-03-12,Success
32692,1097,27011,2022-10-22,Rejected by the driver
25201,2726,20866,2022-04-02,Success
52618,1735,18077,2022-07-09,Success
5794,373,6742,2023-03-02,Success
49323,2524,10841,2022-06-07,Success
37816,1794,1234,2023-03-10,Success
15486,2015,10788,2022-07-24,Success
59981,1906,19651,2023-02-15,Success
47869,875,26845,2022-03-26,Success
8850,1518,4911,2022-08-09,Success
19442,1430,36925,2022-11-15,Success
32809,330,33215,2022-12-23,Rejected by the driver
12410,2144,32188,2022-11-20,Success
35605,2243,26618,2022-06-05,Cancelled by the passenger
57181,1770,37843,2022-05-10,Success
35466,2980,8998,2023-03-07,Success
22342,1237,9816,2023-04-07,Success
59964,2662,8645,2022-09-21,Success
5893,2572,1764,2022-07-25,Rejected by the driver
10537,302,26390,2022-07-20,Success
10037,210,29093,2022-09-17,Success
53744,1112,199,2022-08-01,Success
42678,2532,9161,2022-08-22,Success
52360,1462,32272,2022-05-24,Success
46953,983,15857,2022-09-23,Success
52092,1798,23328,2022-05-18,Success
32419,1599,11612,2022-09-01,Success
10701,2603,16132,2022-07-02,Success
57798,1687,112,2023-03-15,Success
51593,202,28244,2022-10-01,Success
38594,767,7601,2022-03-29,Rejected by the driver
37316,1898,26068,2022-06-26,Success
27734,833,7468,2023-03-18,Success
33478,2366,31574,2023-02-05,Success
7583,1783,2730,2022-06-10,Rejected by the driver
18820,1232,20861,2022-09-23,Success
4586,2861,39387,2022-07-17,Rejected by the driver
38228,2585,13755,2022-06-03,Success
7181,2212,30584,2022-06-28,Cancelled by the passenger
32137,1557,38392,2022-12-10,Success
58029,2219,15684,2022-06-05,Success
19861,1780,10342,2022-03-30,Success
19165,2998,3483,2023-04-01,Success
10526,1088,35350,2022-06-16,Rejected by the driver
6905,1708,29338,2022-04-18,Cancelled by the passenger
14766,96,21976,2022-06-06,Success
6640,1671,3486,2022-10-28,Success
18121,783,38625,2022-08-11,Cancelled by the passenger
16185,1777,29806,2023-04-05,Success
6355,2340,22214,2022-10-22,Success
24886,979,16634,2023-01-20,Success
11766,2639,28994,2022-03-18,Rejected by the driver
5443,2720,25196,2022-12-09,Success
35567,1498,22422,2023-01-11,Success
42207,210,12065,2022-06-19,Cancelled by the passenger
44603,2805,9894,2023-03-01,Success
9077,2737,11774,2022-12-16,Success
17588,1211,38964,2022-10-16,Success
52377,1573,38787,2022-06-08,Success
32261,1570,13350,2022-12-09,Success
51324,2351,38944,2022-10-27,Success
41912,699,31989,2022-11-03,Success
50282,1451,35140,2022-05-18,Success
3100,857,15218,2022-12-02,Success
39744,1837,5774,2022-10-06,Cancelled by the passenger
48492,827,32421,2022-12-20,Success
44323,1089,11336,2023-02-20,Rejected by the driver
23583,354,29632,2022-10-12,Rejected by the driver
27611,1032,20270,2022-03-25,Success
40700,2014,4240,2022-11-12,Success
3771,1155,32043,2022-04-20,Success
13203,2182,33899,2022-09-11,Success
54792,677,1271,2023-03-16,Success
41101,1017,36341,2023-02-15,Success
23730,2120,39777,2022-09-27,Success
17689,751,10388,2023-02-16,Success
44443,2000,10737,2023-03-11,Rejected by the driver
31198,633,8139,2022-08-14,Success
11007,2894,13045,2023-01-26,Success
27995,2763,39754,2022-05-10,Success
3040,2763,24821,2023-03-13,Rejected by the driver
41073,1339,7680,2023-02-10,Success
48948,949,31916,2023-03-08,Success
41560,1975,35362,2022-03-29,Success
46302,623,30595,2022-05-21,Success
34525,1048,20880,2022-06-03,Cancelled by the passenger
46717,1922,21450,2023-04-12,Success
55806,1571,39153,2023-02-25,Success
29076,1579,3444,2022-05-30,Success
56533,797,35572,2023-03-04,Success
43120,586,15657,2023-01-16,Success
47630,1097,8221,2022-05-17,Success
54641,1907,39961,2023-03-26,Rejected by the driver
7541,1920,34274,2023-03-23,Success
43026,298,12813,2022-08-30,Success
11120,2189,30415,2022-03-27,Success
43886,2854,16192,2022-12-11,Rejected by the driver
46657,1223,21743,2022-12-10,Rejected by the driver
49690,1711,23256,2022-05-29,Cancelled by the passenger
30438,792,32460,2022-05-12,Success
40967,703,2647,2022-04-10,Success
11550,1087,18151,2022-05-09,Success
23096,2649,18205,2022-04-10,Success
42793,2842,20944,2022-03-26,Cancelled by the passenger
35307,2821,15776,2022-08-27,Success
630,2151,36416,2022-07-30,Success
8761,1013,10626,2022-04-30,Cancelled by the passenger
25282,47,34674,2023-02-16,Success
3216,1788,26034,2022-04-02,Cancelled by the passenger
22147,1614,30200,2023-04-02,Rejected by the driver
24596,986,33338,2022-09-30,Success
3691,2190,31261,2022-12-19,Success
47828,2782,27594,2022-06-04,Rejected by the driver
20760,1444,4323,2023-03-04,Cancelled by the passenger
13849,961,35293,2022-12-04,Success
14490,2806,32066,2022-10-31,Success
19592,235,31453,2022-06-03,Success
50755,2088,11154,2022-04-30,Success
15498,1622,36467,2022-08-01,Success
58174,1313,36570,2022-08-06,Success
44892,1448,13615,2023-03-21,Rejected by the driver
55225,1202,14778,2022-07-06,Success
20073,702,31594,2022-10-19,Success
46931,1982,10794,2022-12-15,Success
42025,2060,5563,2022-08-18,Rejected by the driver
30153,1332,26040,2023-01-13,Success
20277,2065,26004,2022-09-21,Success
37081,2752,22159,2022-12-23,Cancelled by the passenger
34154,515,2252,2022-06-08,Success
44897,815,21563,2023-04-15,Success
38012,498,4748,2023-02-23,Cancelled by the passenger
38637,2000,22035,2023-02-21,Success
58236,1227,24615,2022-12-28,Success
45311,565,34904,2022-11-17,Success
52784,2887,15160,2022-03-12,Cancelled by the passenger
35524,2740,7058,2022-04-21,Success
16942,2327,16590,2022-03-18,Success
33423,316,8077,2022-06-20,Success
30843,2106,39965,2022-07-05,Success
47764,1975,10528,2022-08-26,Rejected by the driver
40021,2429,24195,2022-12-09,Success
1540,1446,20180,2023-01-22,Success
57028,167,30402,2022-10-01,Rejected by the driver
16603,1856,2793,2023-01-28,Success
29273,2725,5198,2022-05-09,Success
47159,2271,12814,2023-02-11,Success
36853,2789,11167,2022-09-30,Success
26710,1776,37714,2022-11-14,Success
33328,133,18191,2023-01-28,Success
58237,566,16751,2022-06-15,Success
29434,2825,12481,2022-10-13,Success
25621,2094,14275,2022-12-14,Success
52328,1198,22742,2023-03-10,Rejected by the driver
43972,437,7287,2023-01-03,Success
25148,1164,31326,2022-10-13,Success
36163,615,27148,2022-07-12,Rejected by the driver
30655,1951,12836,2023-01-05,Success
35063,649,5768,2022-12-04,Success
17544,1029,33068,2022-09-12,Success
17136,787,17825,2022-07-22,Success
2703,2544,38428,2022-05-16,Success
44421,2968,14689,2022-10-23,Success
57690,484,21535,2023-01-28,Cancelled by the passenger
34936,2306,3409,2023-02-03,Cancelled by the passenger
42213,2218,15769,2023-04-05,Rejected by the driver
48697,186,39437,2023-03-23,Success
38051,765,21187,2022-07-23,Success
46339,2030,34437,2022-08-20,Success
238,1082,1517,2022-12-29,Success
56029,1379,38378,2023-03-03,Success
49117,2282,23779,2023-02-06,Rejected by the driver
14885,987,17879,2022-10-25,Rejected by the driver
50518,859,11308,2023-01-22,Success
26538,2768,11631,2022-05-11,Rejected by the driver
45610,404,37920,2023-03-30,Success
45523,600,3529,2022-11-08,Cancelled by the passenger
40271,356,15326,2023-03-01,Success
23903,1534,31835,2023-04-14,Success
6741,1709,14860,2022-07-24,Success
41928,2361,13516,2022-10-02,Success
28953,267,28082,2022-09-08,Success
12566,433,638,2023-01-17,Rejected by the driver
57,1468,3344,2022-11-16,Success
7388,2237,38422,2022-10-05,Success
6484,2062,5895,2022-08-12,Success
18729,1003,3651,2022-05-28,Cancelled by the passenger
54666,2192,21982,2022-10-19,Success
17457,2487,24169,2022-03-20,Success
16071,1862,37761,2022-08-03,Success
33537,2674,13132,2023-03-25,Success
37434,1775,7898,2022-06-01,Success
5258,1478,12819,2023-01-10,Success
54690,2514,16137,2022-11-11,Success
35712,1811,31330,2022-11-18,Success
17190,585,28151,2022-06-11,Cancelled by the passenger
41757,1393,3589,2023-01-05,Cancelled by the passenger
51862,355,31995,2022-11-24,Success
52681,2787,20830,2022-07-13,Success
51679,1317,31527,2023-04-12,Success
40518,1581,12999,2023-03-27,Cancelled by the passenger
28005,555,36097,2022-08-10,Success
53515,856,21539,2022-11-21,Cancelled by the passenger
36202,389,27024,2022-05-17,Success
55630,2600,38964,2022-04-25,Success
10773,1549,3662,2022-09-19,Success
5162,1149,741,2022-08-05,Rejected by the driver
58049,133,20105,2022-10-03,Rejected by the driver
9215,1320,23352,2022-08-07,Success
33482,2890,7295,2022-05-02,Success
49104,2581,28214,2022-04-13,Success
36318,1405,25509,2023-04-08,Success
27764,1874,7519,2022-12-26,Success
50944,283,23300,2022-08-29,Rejected by the driver
13424,1613,38530,2022-11-23,Success
31031,418,4619,2023-03-22,Rejected by the driver
16532,406,23132,2022-04-20,Success
47019,1671,27588,2022-04-14,Success
36795,2044,28252,2022-03-16,Rejected by the driver
46074,1884,9490,2022-10-16,Success
58488,968,6986,2023-03-12,Success
4245,1210,6208,2022-05-07,Success
32377,2327,11468,2023-03-10,Success
20569,1566,5331,2022-03-14,Success
46500,1371,38417,2022-07-29,Success
10077,2438,39022,2022-08-23,Rejected by the driver
12234,2609,29110,2022-09-02,Rejected by the driver
31375,1736,12584,2022-07-11,Success
14818,2852,12524,2023-01-11,Success
11536,71,36837,2022-06-29,Success
27312,2513,18239,2022-04-27,Rejected by the driver
15462,1757,7538,2022-06-23,Success
3527,1898,279,2022-11-12,Cancelled by the passenger
2363,1495,5086,2022-08-06,Success
57539,1855,36883,2022-06-23,Success
37083,2851,25031,2023-01-29,Rejected by the driver
40858,619,1335,2022-11-06,Cancelled by the passenger
40043,2615,33469,2022-07-30,Success
13616,1328,8873,2022-05-22,Success
22612,1893,7355,2022-07-08,Rejected by the driver
57682,2190,32369,2022-04-15,Success
43136,2651,24327,2023-01-17,Rejected by the driver
51957,2494,24097,2022-11-09,Rejected by the driver
16243,637,11683,2023-03-05,Rejected by the driver
26227,2443,25165,2023-01-26,Success
47021,1215,25394,2023-03-11,Success
45137,2942,28355,2022-12-12,Success
23464,1324,17202,2022-04-10,Rejected by the driver
43009,673,1187,2022-04-22,Success
18940,626,37240,2022-11-27,Cancelled by the passenger
18720,2841,403,2023-04-11,Success
46602,1213,20893,2023-04-10,Success
10041,390,21840,2023-03-05,Success
51865,1865,2255,2022-10-14,Rejected by the driver
30128,643,25269,2022-09-22,Success
13120,2981,25664,2022-10-31,Success
53279,515,3431,2022-12-01,Success
49998,1533,29662,2022-09-11,Rejected by the driver
21033,764,8836,2022-04-28,Success
56696,883,3772,2022-08-02,Success
51111,1500,5971,2022-10-02,Success
45923,2907,8364,2022-10-29,Success
32869,155,36333,2022-06-30,Rejected by the driver
52600,1560,14326,2022-09-16,Success
1181,2026,12155,2023-02-11,Rejected by the driver
7766,2291,33626,2023-01-31,Success
45110,2060,9838,2022-07-17,Rejected by the driver
9525,2273,14455,2022-11-02,Success
14073,548,4259,2022-11-08,Success
56724,1922,13890,2022-09-01,Success
26076,1876,17240,2022-08-29,Success
13303,993,16789,2023-02-13,Success
900,739,27846,2022-07-24,Success
21091,1843,21079,2023-02-23,Success
33152,2848,1382,2022-06-14,Success
44609,2554,16389,2022-08-08,Cancelled by the passenger
4178,1616,39775,2022-04-21,Success
28317,1869,28882,2023-02-10,Success
2959,2258,24706,2022-08-17,Success
47293,2303,8622,2022-08-12,Success
52591,1579,35978,2023-04-02,Success
22017,2755,8469,2022-05-14,Success
18249,389,39854,2022-08-13,Success
29997,1940,27500,2023-01-21,Success
27877,2917,25910,2022-07-25,Success
23262,2226,6513,2022-11-09,Rejected by the driver
23644,824,24794,2023-01-04,Cancelled by the passenger
9135,1557,14483,2022-10-01,Success
54101,391,31448,2023-04-09,Success
55328,2682,4020,2022-12-10,Success
30084,1633,4860,2023-01-21,Success
30680,504,28246,2022-07-28,Cancelled by the passenger
30528,498,39572,2022-06-20,Cancelled by the passenger
13984,2036,9497,2022-06-22,Success
42360,2540,19682,2022-04-25,Cancelled by the passenger
30476,2844,9500,2022-12-27,Success
3796,392,11065,2022-04-26,Success
56278,871,39512,2022-07-07,Rejected by the driver
38868,1215,17986,2022-09-30,Success
49417,1116,5206,2022-08-05,Success
9579,846,2302,2023-02-05,Success
35627,1969,18919,2022-12-12,Rejected by the driver
128,501,37641,2023-03-28,Rejected by the driver
37838,788,16177,2022-09-12,Success
40898,1339,22952,2022-03-16,Success
40991,602,6915,2022-11-11,Success
2043,1874,15639,2022-06-23,Success
35959,2697,6282,2022-12-17,Success
17976,1278,26200,2022-09-11,Success
50661,981,25375,2022-11-20,Rejected by the driver
20545,1253,8126,2022-08-07,Rejected by the driver
21058,2256,21162,2022-05-27,Cancelled by the passenger
55797,961,9327,2022-10-15,Success
22064,2155,14731,2022-08-31,Success
9977,900,14468,2022-09-24,Success
1061,758,17004,2023-03-01,Success
2145,13,13979,2022-03-16,Success
43193,2109,24018,2022-12-03,Success
26668,323,18780,2022-11-30,Success
9435,2242,25972,2022-12-11,Success
45265,529,29636,2022-08-18,Success
11601,11,1110,2022-11-04,Cancelled by the passenger
6309,1915,19224,2022-04-11,Rejected by the driver
55694,1690,13521,2022-04-20,Rejected by the driver
55807,794,21005,2022-08-29,Success
11663,1859,25473,2022-06-09,Cancelled by the passenger
12565,1792,23806,2022-03-24,Success
58542,2761,4343,2023-01-06,Success
31787,1259,3903,2022-08-30,Success
1824,1057,13496,2022-08-20,Success
12992,2943,14502,2022-11-30,Success
3485,1141,34346,2022-05-18,Success
41270,2795,32684,2023-01-28,Success
14477,1376,33078,2022-05-03,Success
38740,595,6929,2022-07-18,Success
34767,2038,26990,2022-05-11,Success
38462,2462,19679,2022-11-24,Success
22691,1185,9575,2023-04-07,Rejected by the driver
15926,2066,7349,2022-10-02,Success
50581,773,32105,2022-06-07,Success
6087,735,18220,2022-09-29,Success
25825,1154,846,2022-11-27,Success
56617,366,24155,2022-06-21,Cancelled by the passenger
53263,2473,22102,2023-01-10,Success
1990,1190,12929,2023-03-05,Success
56162,1230,23319,2022-04-07,Success
3205,1975,6834,2022-12-18,Success
25014,1951,26520,2022-04-21,Success
12637,1667,15396,2022-04-27,Success
36641,2122,36724,2023-03-20,Success
55299,456,32184,2023-03-05,Success
22132,1,32934,2023-03-27,Cancelled by the passenger
32982,1113,30694,2023-03-25,Success
1281,2082,28075,2022-11-20,Success
56736,1778,29030,2022-08-18,Rejected by the driver
14805,724,32665,2023-02-24,Success
13529,2494,2029,2023-04-01,Rejected by the driver
22893,2019,23417,2022-12-20,Success
27335,1534,22377,2023-01-22,Success
14778,66,24471,2022-05-10,Rejected by the driver
33921,2509,26219,2022-06-08,Rejected by the driver
5580,721,21037,2022-08-20,Success
58900,1503,5531,2023-01-24,Success
57973,489,2181,2022-06-29,Success
8333,2138,18355,2023-03-11,Success
31067,19,12520,2023-03-04,Cancelled by the passenger
33506,1226,32397,2022-07-23,Success
18586,31,20418,2022-06-10,Success
19317,532,8383,2022-06-24,Cancelled by the passenger
43659,495,1695,2022-03-13,Success
30580,1322,28354,2022-11-06,Success
59104,897,35810,2022-04-14,Success
20617,1689,34283,2022-05-20,Success
7641,1412,34773,2022-09-22,Success
49201,2230,12770,2022-11-16,Cancelled by the passenger
44958,1661,20171,2023-01-02,Rejected by the driver
28019,927,33264,2023-04-15,Success
46609,826,18247,2022-03-23,Rejected by the driver
3271,881,8713,2022-05-15,Cancelled by the passenger
44083,2297,18635,2022-09-04,Rejected by the driver
4767,378,17406,2022-04-07,Success
3231,1107,10835,2022-04-15,Success
16869,1999,30654,2022-08-02,Success
27036,850,12583,2023-03-20,Rejected by the driver
14038,2664,1285,2022-08-07,Success
10325,2760,18161,2023-04-06,Success
55007,808,1658,2023-02-25,Success
40262,2640,33591,2023-02-25,Success
25697,606,27592,2022-09-11,Cancelled by the passenger
18831,1748,16586,2022-04-13,Rejected by the driver
48933,2757,38121,2022-05-21,Success
27711,1129,21835,2023-01-13,Success
36169,849,18814,2022-09-03,Success
10895,2576,39122,2023-04-11,Success
22119,1431,36880,2023-01-19,Success
26352,2037,35170,2022-06-18,Success
52464,1296,19115,2022-05-18,Success
57794,703,28117,2022-03-30,Success
19700,1015,37079,2023-04-15,Rejected by the driver
57323,558,3356,2022-04-19,Success
22722,23,6635,2022-12-24,Success
41685,1137,18592,2022-04-05,Success
40764,416,7265,2022-04-23,Success
21672,2532,3063,2022-11-26,Success
58564,513,32454,2022-08-15,Success
28826,878,14368,2022-05-23,Success
4072,78,6930,2022-10-28,Success
35190,390,815,2023-02-26,Cancelled by the passenger
6655,548,8692,2022-12-10,Rejected by the driver
59030,2678,16381,2022-07-28,Success
55980,872,22568,2023-01-31,Success
38591,2005,33995,2023-02-26,Success
51834,2100,39889,2022-11-01,Success
37160,2198,4361,2022-06-28,Cancelled by the passenger
52169,719,38589,2022-09-09,Cancelled by the passenger
34901,1039,6372,2023-01-30,Success
58204,441,8485,2022-08-05,Success
12747,2258,35082,2022-09-09,Rejected by the driver
12608,2673,25812,2023-02-26,Success
3370,1343,35888,2022-05-04,Success
14577,914,28372,2022-04-08,Success
50168,2734,34994,2022-06-30,Success
37947,992,23540,2022-10-05,Rejected by the driver
29928,1516,3135,2022-12-01,Success
30085,1002,6347,2022-12-18,Rejected by the driver
16699,1908,35074,2022-11-12,Cancelled by the passenger
41308,2958,19727,2023-01-12,Success
42744,2862,11243,2022-11-01,Success
878,1648,14061,2023-03-05,Success
58738,1583,34871,2022-10-30,Success
29794,2977,12606,2022-08-16,Cancelled by the passenger
36251,1042,31855,2022-03-23,Success
31692,957,25413,2023-01-30,Rejected by the driver
52854,2096,10646,2023-02-11,Success
31971,500,9897,2022-10-08,Success
57559,535,21732,2023-03-26,Success
2221,2485,8916,2022-12-01,Success
12854,1573,5779,2022-11-28,Success
44273,1431,26368,2023-03-17,Success
28638,2802,19668,2022-08-29,Success
24599,550,37674,2022-07-24,Success
32777,2499,9889,2023-01-18,Success
31243,898,1295,2022-08-03,Success
37406,2454,23466,2023-02-02,Success
18999,1414,1780,2022-10-11,Success
4328,2066,27842,2023-03-13,Success
14890,1705,34265,2022-05-16,Cancelled by the passenger
30994,2479,21666,2022-06-14,Cancelled by the passenger
19277,1475,22406,2023-02-27,Success
32603,1445,34144,2023-03-18,Success
17168,991,29923,2023-01-30,Success
32309,1148,26426,2023-03-23,Success
8636,607,24511,2023-01-18,Success
49579,1353,34871,2022-10-29,Success
30200,995,8677,2022-04-27,Cancelled by the passenger
1329,1388,15641,2022-06-20,Rejected by the driver
47331,2933,27969,2022-09-01,Cancelled by the passenger
34558,2859,36595,2023-04-02,Success
59782,1913,37340,2022-09-07,Success
16639,796,13531,2022-05-15,Cancelled by the passenger
7203,339,4005,2023-01-02,Success
17818,2993,17317,2023-02-16,Success
32049,733,24923,2022-09-26,Success
17172,1967,34502,2022-04-10,Success
51988,879,6249,2022-05-04,Cancelled by the passenger
11846,450,35101,2022-03-13,Success
759,1636,30373,2022-04-22,Success
1093,1220,14731,2023-01-26,Success
33620,61,3939,2022-11-09,Success
20579,1192,10339,2022-07-03,Rejected by the driver
18305,1947,14091,2022-04-14,Success
7921,902,34807,2022-07-02,Success
11813,66,26130,2022-03-28,Success
13977,67,624,2022-06-03,Success
13949,278,34861,2023-02-22,Success
15217,1777,14597,2022-10-02,Cancelled by the passenger
44457,2110,16628,2023-01-13,Rejected by the driver
15938,16,16885,2022-05-02,Success
4290,73,22824,2022-06-14,Success
23884,2173,8468,2022-09-22,Success
16903,1349,5215,2022-07-10,Rejected by the driver
19196,824,21602,2023-03-15,Success
6201,2336,16075,2022-04-21,Rejected by the driver
52276,891,35683,2023-02-11,Rejected by the driver
45487,646,19861,2022-11-25,Success
10654,913,31755,2023-01-29,Rejected by the driver
18812,1401,38794,2023-01-04,Success
44184,2900,14771,2022-05-27,Rejected by the driver
27150,2942,5918,2022-07-14,Success
9589,1994,26885,2022-07-01,Success
19132,2699,25566,2022-12-08,Rejected by the driver
21097,2805,25471,2022-04-19,Success
52832,1506,8173,2022-09-06,Success
17773,2863,25167,2022-10-18,Success
9207,2096,33414,2022-09-08,Rejected by the driver
53077,545,8761,2023-01-30,Rejected by the driver
13680,1138,20141,2023-02-21,Success
9732,813,11847,2022-03-14,Success
45829,2651,18471,2023-04-01,Success
50083,735,14710,2022-03-14,Success
12786,1772,5967,2022-12-08,Success
1109,2946,33413,2022-08-01,Success
34057,1423,23310,2022-12-10,Success
55361,1340,37654,2022-09-03,Success
45431,608,26007,2023-02-18,Success
55493,461,3884,2023-01-17,Success
16559,2752,32772,2023-04-06,Success
12418,1500,29614,2022-06-10,Success
1051,647,20395,2022-07-13,Success
7013,98,33879,2022-10-05,Success
19072,1346,31869,2023-03-10,Success
53543,255,37991,2022-12-25,Cancelled by the passenger
2055,2556,17894,2023-03-29,Success
39463,2642,3865,2022-08-04,Success
37373,860,39906,2022-10-24,Success
27654,2009,7872,2022-05-01,Success
17156,1411,10820,2023-01-12,Success
16700,2911,34759,2023-01-16,Cancelled by the passenger
21217,2748,12187,2023-04-12,Success
41664,2845,9773,2023-01-01,Success
45748,2427,24121,2022-06-10,Cancelled by the passenger
24243,276,14026,2022-03-26,Success
54208,2551,7461,2022-05-08,Success
35638,1085,34420,2022-08-27,Success
52921,169,20193,2022-09-09,Success
16618,2378,27278,2022-11-12,Rejected by the driver
6576,268,9759,2022-08-31,Rejected by the driver
17900,1282,7346,2022-05-13,Success
10387,285,18774,2022-07-16,Rejected by the driver
7038,703,38997,2023-04-07,Success
36758,1808,15214,2022-10-29,Cancelled by the passenger
23870,1972,15824,2022-09-16,Success
38487,1148,4585,2022-11-05,Success
41965,2379,23416,2022-03-22,Success
15079,1484,12117,2022-07-05,Success
16863,2658,25587,2022-04-07,Success
36419,1135,11055,2022-12-10,Success
13151,1046,28726,2022-07-13,Cancelled by the passenger
1011,847,31891,2023-02-21,Cancelled by the passenger
17809,501,24376,2022-12-13,Rejected by the driver
1991,1873,8705,2023-01-18,Cancelled by the passenger
54285,1057,15195,2022-07-10,Cancelled by the passenger
57158,2418,16534,2022-07-30,Success
18524,2283,39045,2022-09-23,Rejected by the driver
44494,850,9321,2023-01-06,Rejected by the driver
34820,341,24913,2022-08-29,Success
24698,2951,9596,2022-11-05,Success
26984,2764,39681,2022-12-19,Success
38961,2913,29750,2022-10-17,Success
18175,1101,12567,2023-03-31,Rejected by the driver
14104,2102,13405,2023-03-01,Success
22658,1575,2639,2022-05-05,Success
28783,1143,39666,2022-09-26,Success
32553,658,31470,2022-10-30,Success
59989,2119,7083,2022-12-13,Rejected by the driver
42935,333,4703,2022-04-20,Rejected by the driver
5460,753,2926,2022-04-14,Success
48400,1318,26365,2023-03-03,Cancelled by the passenger
59926,929,20574,2023-04-04,Success
21318,1146,37133,2023-01-01,Success
52522,1934,19207,2022-07-31,Success
4314,2212,7993,2023-01-14,Success
30999,1061,21922,2022-10-26,Success
29959,1835,9665,2022-09-05,Success
23766,2052,22256,2022-07-19,Success
54235,598,3641,2022-04-29,Success
51690,2953,2414,2022-04-03,Success
5217,2853,36632,2023-03-15,Success
47087,409,4643,2023-02-12,Success
20337,1877,27755,2022-07-20,Success
45629,1639,33361,2023-02-22,Success
21862,1410,4953,2022-03-27,Success
37710,946,22338,2022-07-21,Success
55401,1778,19851,2022-09-15,Success
43720,2237,27488,2022-04-04,Rejected by the driver
55000,1031,5493,2022-04-05,Success
39394,2512,28130,2022-04-07,Success
56785,1610,15011,2022-03-31,Success
31292,633,35713,2023-02-18,Cancelled by the passenger
55642,2644,36469,2022-11-25,Success
18140,1934,35563,2022-12-22,Success
34409,2182,22822,2022-08-19,Success
55405,1933,21738,2022-06-24,Success
50234,903,38896,2022-09-26,Success
27474,2373,30480,2023-04-15,Success
1817,565,31968,2022-10-25,Success
27184,1111,15138,2023-03-12,Success
6900,526,15758,2022-12-31,Success
32496,2370,8742,2022-05-20,Success
58498,1173,21331,2023-01-10,Success
49414,169,1873,2023-02-12,Success
35994,2177,34580,2022-06-12,Success
14913,2256,1689,2023-01-31,Success
5611,2646,36466,2022-04-30,Rejected by the driver
30236,56,10346,2022-04-28,Success
18203,773,34837,2022-03-21,Success
5744,1868,32206,2022-07-29,Success
38629,1130,31503,2023-04-05,Cancelled by the passenger
9936,340,28785,2023-01-29,Success
41751,2771,25822,2022-09-29,Success
2773,891,9321,2022-04-14,Success
16890,71,27676,2022-07-23,Cancelled by the passenger
34518,2026,16666,2022-04-28,Success
37163,2926,1794,2022-04-13,Success
10734,1926,28189,2023-02-05,Success
49362,212,34845,2022-09-23,Rejected by the driver
33970,2833,38507,2022-04-15,Success
27632,2346,36691,2022-07-26,Success
18114,1114,25946,2022-09-25,Success
16812,2842,28594,2022-06-29,Cancelled by the passenger
35670,2556,12757,2022-10-31,Rejected by the driver
3365,2392,15493,2022-11-18,Success
27226,996,37661,2022-03-17,Cancelled by the passenger
20493,2340,38256,2022-06-23,Success
54259,863,13646,2023-01-15,Success
48053,1297,37696,2022-05-28,Success
11475,1206,23483,2022-05-24,Rejected by the driver
19440,251,31752,2022-04-23,Success
39393,416,19984,2022-09-26,Rejected by the driver
7606,701,17459,2022-08-30,Rejected by the driver
45769,2861,25011,2022-09-25,Cancelled by the passenger
4176,2319,16093,2022-08-16,Success
55067,2662,3169,2023-01-28,Success
38648,8,7505,2022-08-01,Success
14110,1985,5650,2022-05-29,Success
36709,2445,30545,2022-03-17,Success
38890,535,12609,2022-03-30,Cancelled by the passenger
21670,1689,9279,2022-07-03,Success
33239,2037,2560,2023-04-09,Success
17134,2153,4040,2022-10-27,Cancelled by the passenger
16193,2766,29452,2022-03-25,Success
14860,1141,17867,2023-01-25,Success
47489,1851,38544,2023-01-24,Rejected by the driver
2545,1467,35198,2022-11-15,Cancelled by the passenger
34113,2996,11948,2022-12-03,Success
21288,1133,20628,2022-04-07,Rejected by the driver
18982,502,39603,2023-02-16,Rejected by the driver
52690,2022,9771,2022-09-10,Success
38397,2106,3212,2023-02-21,Success
54121,1489,13195,2023-04-14,Success
12475,2374,4264,2022-09-07,Rejected by the driver
25215,1255,24453,2022-06-29,Cancelled by the passenger
55447,1044,30716,2022-08-01,Cancelled by the passenger
20271,1397,17096,2022-03-13,Success
13951,1305,33610,2022-05-07,Rejected by the driver
38640,2809,6553,2023-01-05,Cancelled by the passenger
38003,2641,24033,2022-07-26,Success
36308,1402,10208,2022-07-29,Success
18956,1794,895,2023-03-25,Success
15329,305,8495,2022-08-15,Success
2460,1351,30596,2022-07-22,Success
4475,1246,10865,2022-04-26,Success
57298,2154,32202,2022-04-07,Cancelled by the passenger
31223,1435,31150,2023-04-05,Success
41814,1736,25618,2022-09-05,Success
37416,1525,9975,2022-05-31,Success
46291,2528,27519,2023-02-10,Success
33056,48,24815,2023-03-06,Success
25531,706,27982,2022-05-26,Success
44376,446,31486,2022-05-13,Cancelled by the passenger
22114,2414,37924,2023-03-20,Success
50468,1198,12879,2022-07-29,Success
47909,689,30143,2023-03-30,Rejected by the driver
57677,1866,16818,2022-09-19,Success
34060,1306,7255,2022-12-29,Cancelled by the passenger
1744,1026,16238,2023-03-24,Success
4313,2730,27532,2022-04-30,Success
58116,15,4106,2022-10-17,Cancelled by the passenger
25577,295,27751,2022-06-01,Success
28846,824,23945,2022-05-15,Cancelled by the passenger
50262,1993,2901,2022-06-08,Success
15421,615,17543,2022-08-03,Rejected by the driver
6842,1315,25988,2022-11-12,Success
53873,2032,10732,2022-11-03,Success
17365,2251,35944,2022-10-21,Success
35827,861,24734,2022-03-26,Success
10584,2691,25136,2023-03-15,Success
53504,1569,16483,2022-12-02,Success
29713,2178,27873,2022-11-22,Success
8364,2326,23680,2022-04-20,Success
28664,1369,34608,2022-05-24,Success
27655,549,23206,2023-03-13,Success
35062,1867,12880,2023-03-28,Success
16016,154,35021,2022-04-22,Success
58365,1552,20130,2023-03-25,Success
1844,2885,20166,2023-01-23,Success
27280,2751,6726,2022-08-16,Success
2088,2182,7017,2022-11-21,Success
25610,2517,24080,2022-12-10,Cancelled by the passenger
4352,570,12302,2022-04-28,Cancelled by the passenger
44204,462,33347,2022-06-23,Success
14254,1224,7495,2022-04-12,Success
31077,2921,34695,2022-07-28,Success
34675,2251,27159,2023-04-09,Success
33750,1206,38499,2022-10-16,Success
48192,1268,34150,2022-05-18,Success
12665,2710,25425,2023-01-20,Cancelled by the passenger
8235,1781,4533,2022-03-30,Success
30317,998,8156,2022-05-01,Cancelled by the passenger
57041,1981,32397,2022-08-28,Success
25636,553,21928,2022-09-28,Cancelled by the passenger
21481,2400,37511,2022-08-23,Success
24220,1993,20564,2022-11-25,Success
33662,339,27375,2022-10-06,Success
31036,2716,17303,2022-11-19,Success
58187,2159,35291,2022-05-14,Success
45485,2762,5720,2022-06-26,Success
4650,2770,13261,2022-03-12,Success
29536,2628,200,2022-07-29,Success
53837,1057,1409,2023-04-02,Success
31062,40,32355,2022-03-18,Success
54525,934,25778,2023-03-06,Success
55064,2838,29870,2022-12-21,Cancelled by the passenger
2675,1244,25630,2022-08-21,Rejected by the driver
24166,866,31375,2023-01-11,Cancelled by the passenger
24749,2126,28221,2022-07-23,Success
29004,1154,28383,2023-04-04,Success
20101,85,3587,2022-12-21,Success
29362,1429,23864,2022-04-07,Rejected by the driver
3149,179,39696,2023-03-05,Success
18811,1392,39035,2022-10-19,Success
47499,1627,17743,2023-04-04,Success
19922,34,26421,2023-02-22,Success
31269,714,10122,2022-03-16,Cancelled by the passenger
54368,408,19490,2022-03-31,Success
9498,814,6313,2023-02-11,Success
40501,2195,24898,2022-03-18,Success
35557,1377,880,2022-07-14,Cancelled by the passenger
41507,752,28665,2022-10-18,Success
50690,2734,7480,2022-11-11,Cancelled by the passenger
6824,2538,25310,2022-08-11,Success
24045,2742,9912,2023-04-05,Success
51171,1981,16311,2022-03-16,Success
25010,692,11179,2022-04-02,Success
22090,883,27348,2022-10-13,Rejected by the driver
42115,205,33,2022-07-26,Success
27196,1843,23744,2023-02-28,Success
24800,1673,31219,2023-01-23,Success
36084,2934,9969,2022-08-15,Success
50401,1842,22975,2022-05-23,Success
41554,1792,11832,2023-02-04,Success
2820,118,1861,2023-02-15,Success
53954,1485,4305,2022-03-28,Success
32811,965,18700,2022-11-19,Success
53097,1549,20015,2023-02-15,Success
36298,2770,25553,2022-10-30,Success
416,1731,173,2022-08-31,Success
30694,807,35940,2022-11-25,Success
16760,2143,38087,2022-04-27,Rejected by the driver
59928,1502,39566,2022-06-08,Success
8519,2237,7838,2022-11-21,Success
56627,2735,12400,2023-03-15,Rejected by the driver
30174,592,30432,2023-04-02,Cancelled by the passenger
56574,2304,27051,2022-12-07,Success
12273,108,8809,2023-02-03,Cancelled by the passenger
50626,1724,21072,2022-04-08,Success
4766,1665,31197,2022-07-27,Success
37463,2177,28130,2023-01-19,Success
19986,519,12317,2022-03-24,Success
58046,2496,12126,2023-01-29,Success
38040,2485,2941,2022-04-12,Cancelled by the passenger
39075,1008,36306,2022-08-03,Success
24757,2717,24885,2022-04-02,Cancelled by the passenger
30782,617,9687,2022-08-02,Success
59402,1221,26868,2022-04-28,Success
56611,996,23499,2023-02-26,Success
9500,959,31205,2023-01-09,Cancelled by the passenger
23089,2151,8632,2022-06-12,Success
17496,1899,28897,2022-07-09,Success
37159,1669,2304,2023-02-05,Cancelled by the passenger
46603,2182,11443,2022-03-14,Rejected by the driver
59847,1065,6687,2022-09-14,Success
40823,1016,6022,2022-11-20,Success
43641,123,36200,2022-12-10,Success
16690,277,39733,2022-07-28,Success
48457,2445,19646,2022-04-06,Success
23469,2883,6101,2022-10-22,Success
36250,1053,23263,2022-03-17,Success
37084,860,10366,2022-11-17,Rejected by the driver
29042,1822,11341,2022-08-19,Success
43569,1509,15369,2022-09-13,Success
24248,1669,24472,2022-04-28,Success
35534,2593,1866,2023-03-17,Success
29969,2329,21309,2023-03-26,Success
39033,1312,13384,2022-08-01,Cancelled by the passenger
10214,2000,33006,2022-12-08,Success
2396,1002,14713,2022-07-19,Success
18934,1975,35752,2022-07-04,Success
12092,320,4509,2022-08-01,Success
21821,2247,9312,2022-06-09,Success
27669,1550,13091,2022-05-17,Success
300,1145,14873,2022-11-29,Success
15605,3000,27568,2023-02-25,Success
28313,99,6714,2022-03-17,Success
37771,2647,36679,2023-01-13,Success
54818,2379,7420,2022-04-13,Cancelled by the passenger
41376,1753,23914,2022-03-18,Success
56147,482,1267,2022-03-23,Success
26855,67,31110,2022-03-23,Success
11832,214,20041,2022-07-25,Rejected by the driver
7378,97,7068,2023-04-05,Success
32983,356,29103,2023-04-12,Success
21597,293,15155,2023-04-02,Success
41409,1196,5387,2022-05-09,Success
1554,2211,19254,2022-08-02,Success
21005,1971,4574,2023-03-01,Rejected by the driver
2324,490,32954,2023-02-15,Success
47153,1644,21095,2022-11-17,Cancelled by the passenger
58991,1327,38837,2022-06-28,Success
33431,2880,30765,2022-09-05,Success
57644,2650,15613,2023-02-19,Success
31538,2533,29743,2022-06-14,Success
39952,57,10075,2023-02-01,Success
53603,552,27947,2022-03-15,Cancelled by the passenger
19492,40,26054,2022-10-27,Success
41637,533,19806,2022-08-22,Success
55912,2218,33989,2022-07-27,Cancelled by the passenger
42809,1820,26820,2022-09-21,Success
24550,619,35384,2022-07-12,Rejected by the driver
18268,65,6474,2022-08-31,Rejected by the driver
24282,2690,13515,2022-10-28,Rejected by the driver
22313,2295,2956,2022-05-27,Success
34250,2507,32770,2023-01-08,Rejected by the driver
15785,1734,30709,2022-12-25,Success
16207,74,25160,2022-07-02,Rejected by the driver
2857,1616,12104,2022-11-13,Success
48744,1921,3676,2022-10-12,Success
21298,153,30470,2022-05-16,Cancelled by the passenger
52808,2455,39852,2022-10-15,Success
50927,1552,1441,2022-10-15,Success
23555,1104,4919,2022-09-01,Success
54205,2808,16805,2022-05-14,Rejected by the driver
58483,1788,19883,2022-12-22,Success
26588,322,2230,2022-10-27,Success
13291,1003,34424,2022-08-29,Cancelled by the passenger
29907,488,8070,2022-06-30,Cancelled by the passenger
16728,1687,24067,2022-04-23,Success
45706,1872,28532,2023-01-24,Rejected by the driver
31414,1149,29463,2023-02-26,Cancelled by the passenger
53980,571,35040,2022-03-27,Rejected by the driver
25473,1372,11464,2022-11-25,Cancelled by the passenger
31874,1747,22668,2022-06-30,Success
42417,1617,8084,2022-03-24,Cancelled by the passenger
17789,2742,22193,2022-04-29,Cancelled by the passenger
14692,2800,12207,2022-04-11,Success
29406,2373,21938,2022-12-19,Rejected by the driver
52775,806,16939,2022-11-26,Success
23052,1934,6774,2022-09-15,Success
3671,1329,20290,2022-12-22,Cancelled by the passenger
29579,2539,10426,2022-08-08,Success
36551,1792,8794,2022-07-27,Success
17478,2195,22194,2023-03-16,Success
28002,349,22445,2023-02-26,Success
52063,32,36537,2023-02-19,Success
12328,1937,970,2023-01-09,Rejected by the driver
46308,131,8894,2023-01-22,Success
47784,1598,27522,2022-06-06,Success
18829,654,25362,2022-11-21,Success
27597,1901,27089,2022-07-21,Success
2565,1380,15353,2022-11-27,Success
17921,1672,1885,2022-04-25,Success
7186,342,30135,2022-09-09,Success
59524,1739,13665,2022-11-04,Success
31527,2587,29360,2022-12-13,Success
56635,2620,14339,2023-01-31,Success
19282,2734,20827,2023-03-12,Success
37170,1694,28424,2023-01-04,Cancelled by the passenger
59042,931,32389,2022-12-23,Success
23892,684,1278,2022-04-08,Success
21400,279,30793,2022-08-05,Rejected by the driver
59982,445,28149,2022-05-11,Success
4913,1078,31451,2023-01-24,Success
23195,268,28856,2023-01-05,Rejected by the driver
59373,2183,464,2022-12-01,Success
22924,966,20880,2022-10-21,Cancelled by the passenger
18509,2158,18407,2022-04-07,Success
35188,2122,9725,2022-07-17,Success
24613,2271,969,2022-03-23,Rejected by the driver
26799,2895,28792,2022-03-16,Success
2795,2897,11948,2022-04-07,Success
37476,753,39446,2022-05-05,Success
57501,74,16810,2023-01-10,Success
3300,1130,9888,2022-06-04,Success
15181,428,13362,2022-05-21,Success
24344,206,32867,2022-08-29,Success
40252,191,7383,2022-08-10,Success
20254,2563,39388,2023-02-27,Success
139,1548,1644,2023-01-02,Rejected by the driver
48805,1256,38181,2023-03-07,Success
25333,266,14880,2022-03-29,Cancelled by the passenger
19275,1602,24547,2023-02-01,Rejected by the driver
18389,1647,3733,2023-02-05,Success
8205,1941,23395,2022-08-11,Rejected by the driver
32044,1608,16301,2022-03-27,Success
18041,1240,9397,2023-04-04,Cancelled by the passenger
56754,2138,28665,2022-07-31,Success
52875,884,14741,2022-06-14,Rejected by the driver
37261,347,6986,2022-12-12,Success
36630,2905,9842,2023-01-14,Success
2408,2627,22724,2022-06-05,Success
30899,795,22338,2023-04-01,Success
37116,1205,20528,2023-01-15,Success
54977,1953,20097,2022-04-22,Success
55867,2059,6458,2022-12-06,Success
22388,82,27856,2022-04-18,Cancelled by the passenger
1509,642,33653,2022-12-25,Success
32395,875,1286,2023-04-14,Success
35675,1300,15455,2022-07-31,Cancelled by the passenger
32835,315,17455,2022-10-12,Rejected by the driver
29615,855,37582,2022-07-19,Success
8306,587,29195,2022-08-25,Success
20590,611,15069,2022-12-19,Success
19606,4,14285,2022-09-03,Success
42057,562,29809,2022-06-16,Rejected by the driver
43442,520,4394,2022-10-15,Success
47457,1166,32713,2023-03-09,Success
3892,2151,37124,2022-08-02,Success
16320,439,23172,2022-03-13,Cancelled by the passenger
54459,741,37710,2023-01-26,Success
50644,444,2333,2023-02-10,Success
15503,2770,32155,2022-03-24,Success
14217,557,14831,2023-02-10,Success
30014,2332,23226,2022-03-12,Success
44369,2714,15938,2022-11-20,Success
32506,1699,17145,2022-04-05,Cancelled by the passenger
11847,2636,28997,2023-03-12,Success
35555,1655,9208,2022-08-02,Success
8165,36,12583,2022-05-02,Success
39000,1301,37344,2022-09-20,Success
3899,288,37021,2022-10-07,Success
17470,1887,25832,2023-02-14,Success
3903,1910,1536,2023-01-03,Rejected by the driver
35444,1699,14223,2022-07-06,Rejected by the driver
20085,1197,18409,2023-02-27,Success
1558,2045,38424,2022-06-04,Success
2932,949,35438,2022-12-15,Success
23928,1063,18512,2022-05-30,Success
12922,1851,34997,2022-08-28,Success
4371,2147,38360,2022-08-08,Success
51294,2945,25650,2023-01-27,Success
59209,2113,35453,2022-11-07,Success
43486,1740,38279,2022-04-07,Success
2431,2246,21068,2022-10-19,Success
54615,55,34467,2022-12-13,Success
41760,1880,31707,2023-03-21,Success
6442,1734,21384,2023-02-20,Cancelled by the passenger
59173,178,1846,2023-03-22,Success
21077,421,37094,2023-02-15,Success
44233,59,25685,2022-11-23,Success
34160,1448,19680,2023-03-19,Success
51334,10,19015,2022-12-19,Success
29380,1652,32499,2022-05-06,Success
357,34,23146,2022-09-09,Success
58387,1560,35548,2022-04-11,Cancelled by the passenger
37383,2751,24611,2022-10-05,Success
34326,1079,1087,2023-01-11,Success
44472,1250,10635,2023-01-09,Success
9062,260,8257,2023-03-18,Success
29005,1403,11236,2022-11-26,Success
17749,1284,24022,2022-12-28,Success
39761,549,28715,2022-09-10,Cancelled by the passenger
28740,208,932,2022-12-22,Success
25656,2710,23973,2022-09-12,Cancelled by the passenger
42006,2240,32234,2022-11-13,Success
10854,175,9428,2022-07-07,Success
3917,2047,3838,2022-06-12,Cancelled by the passenger
50373,2355,5818,2022-06-01,Rejected by the driver
13474,652,3342,2022-04-23,Success
13286,908,11342,2023-02-25,Cancelled by the passenger
30494,2719,21540,2023-03-20,Rejected by the driver
39316,938,23039,2022-04-13,Success
38862,2587,18397,2022-10-25,Rejected by the driver
37557,2118,11558,2023-01-15,Success
1171,2714,24239,2022-06-27,Success
16632,1203,8599,2022-07-08,Success
30041,1998,10754,2022-12-17,Success
23098,635,38298,2022-04-23,Success
25124,546,11941,2023-01-31,Success
14238,1215,24300,2022-05-25,Success
40596,1838,26260,2022-10-22,Success
35450,198,26868,2023-03-07,Success
43755,1467,14451,2022-06-10,Success
21105,385,26522,2023-01-28,Success
5456,946,5989,2022-05-22,Success
36684,623,1731,2023-03-02,Success
5369,1507,34347,2023-01-02,Success
32507,1079,288,2022-05-22,Success
50542,2737,15191,2022-07-21,Success
3807,322,14069,2023-03-21,Success
35303,2436,19939,2022-04-23,Success
54377,1660,8212,2023-03-06,Success
53362,1945,30090,2022-03-25,Success
59718,744,29901,2023-03-08,Success
32662,482,19696,2023-03-22,Success
37068,2719,27391,2022-06-14,Success
2926,1616,30943,2023-03-15,Success
6661,2639,9381,2022-06-25,Success
16492,1601,34349,2022-07-13,Success
29341,370,11041,2022-08-11,Success
50480,983,15075,2022-06-09,Success
8985,368,714,2023-03-17,Success
37959,2285,33980,2022-09-15,Success
28978,2286,22434,2022-05-15,Cancelled by the passenger
21568,2458,13071,2022-07-05,Success
43727,489,23880,2023-01-22,Cancelled by the passenger
45851,1947,35242,2022-11-16,Success
17681,311,21233,2023-03-31,Rejected by the driver
13858,1507,6687,2023-01-23,Success
28180,1385,11885,2022-12-07,Success
12574,1523,6491,2022-05-23,Success
1433,1124,5001,2022-07-13,Success
50963,1146,8473,2023-02-07,Success
25536,436,34797,2022-11-30,Rejected by the driver
21976,727,36164,2023-01-10,Success
2174,2175,21068,2022-05-10,Success
58359,1951,10852,2022-10-19,Success
35203,2751,38379,2022-06-27,Rejected by the driver
26507,1443,26008,2023-04-12,Success
56519,2769,6509,2023-03-21,Success
6440,930,5151,2023-02-27,Success
53104,1476,39763,2023-03-06,Rejected by the driver
58238,2451,8821,2022-10-31,Cancelled by the passenger
55366,1950,13499,2022-06-16,Success
40182,2061,11572,2022-04-28,Success
52576,1776,26828,2022-04-12,Success
21130,991,5670,2022-12-18,Success
40468,658,4370,2022-06-27,Success
26486,2111,30040,2022-07-26,Success
24883,2270,1953,2022-06-23,Success
17928,2271,38539,2023-01-04,Success
10482,927,10981,2023-03-28,Success
12693,255,30876,2022-05-04,Success
3314,532,25242,2022-06-21,Cancelled by the passenger
47686,154,15113,2023-02-03,Success
36646,2996,11877,2022-07-30,Success
49581,2257,16435,2022-12-18,Success
18490,1313,2949,2022-12-09,Rejected by the driver
3933,572,8212,2022-08-23,Success
35170,76,4486,2022-08-17,Success
30301,2135,14419,2022-12-14,Cancelled by the passenger
21778,1312,6899,2022-10-17,Success
48588,1740,34742,2022-07-18,Success
15842,997,18853,2022-05-08,Cancelled by the passenger
784,2371,1108,2023-03-25,Success
39361,48,8718,2022-08-31,Success
24712,315,21270,2022-05-24,Rejected by the driver
55566,2037,24429,2022-06-02,Success
37782,1685,723,2022-11-22,Success
33099,165,8588,2022-03-14,Success
42951,138,29792,2023-02-24,Success
47439,1076,24512,2022-12-30,Success
11439,653,9933,2022-08-22,Success
16117,186,7447,2023-03-23,Rejected by the driver
49418,1253,12749,2023-02-19,Success
2746,523,2658,2022-11-21,Success
29704,1542,34025,2022-08-20,Success
27851,283,17368,2022-04-02,Success
38956,853,11601,2023-01-29,Success
44940,361,23627,2022-04-30,Rejected by the driver
10372,2799,8228,2022-09-22,Success
25985,977,23839,2022-08-15,Success
844,1632,32453,2022-07-16,Cancelled by the passenger
52764,2932,35387,2023-04-15,Success
28937,2050,20791,2023-04-10,Success
19539,51,24544,2022-05-31,Success
57648,2146,35174,2022-06-26,Rejected by the driver
22287,212,12635,2022-11-30,Success
34999,1158,38623,2022-04-10,Rejected by the driver
33709,2481,318,2022-08-09,Cancelled by the passenger
26188,2848,16019,2022-07-11,Success
5902,2114,23530,2023-02-04,Rejected by the driver
18414,1773,39300,2022-04-16,Success
35292,1355,8012,2022-05-05,Success
46882,1262,20973,2022-08-14,Cancelled by the passenger
36241,2236,34494,2022-10-17,Success
9822,2366,30659,2022-09-04,Success
16400,369,27163,2023-02-02,Success
33715,1795,27502,2022-06-25,Cancelled by the passenger
21694,2584,22104,2022-12-30,Success
33165,603,33331,2022-11-16,Success
16271,1513,33319,2023-01-03,Success
5871,1561,24335,2022-10-01,Cancelled by the passenger
47096,2311,7659,2022-12-31,Success
1526,906,27308,2023-01-16,Success
4388,636,32937,2022-11-11,Success
32057,2910,10623,2022-11-27,Success
56326,2805,16059,2022-08-21,Success
38776,51,15189,2023-04-09,Success
46689,658,27271,2022-07-29,Success
2964,825,25802,2022-07-28,Success
44016,1709,36871,2022-12-10,Success
4849,1865,10027,2022-08-16,Success
28480,1663,35293,2022-03-27,Success
8768,2743,35382,2022-03-17,Success
43940,1636,23785,2022-08-16,Success
4298,2176,4056,2022-12-01,Rejected by the driver
52697,2541,20021,2023-02-21,Success
55144,1675,21245,2023-02-11,Cancelled by the passenger
52661,1553,5892,2022-12-12,Success
13224,739,24306,2022-07-24,Success
33674,2715,24467,2022-06-30,Success
16680,414,33667,2022-03-16,Rejected by the driver
7334,2634,38343,2023-04-03,Success
40528,1133,12894,2022-09-14,Success
43595,651,13182,2022-11-27,Success
21246,2029,9912,2022-12-28,Success
11093,253,25812,2022-07-15,Success
42137,225,32099,2022-03-28,Success
4532,2989,839,2022-08-06,Success
11659,1814,17528,2022-09-27,Success
52629,1641,11300,2023-02-19,Success
173,1446,15577,2022-08-25,Cancelled by the passenger
14748,2352,38067,2022-08-30,Success
19663,221,7111,2022-03-15,Success
59751,67,23515,2022-04-16,Success
52384,1027,25299,2023-01-01,Rejected by the driver
38163,1490,27780,2022-07-28,Rejected by the driver
27559,34,33070,2022-03-25,Cancelled by the passenger
56133,1890,39402,2022-06-12,Success
9112,30,4400,2022-09-26,Success
11819,164,11233,2023-04-08,Success
30921,1584,32728,2022-05-19,Success
33849,1258,23897,2022-06-19,Success
9149,538,25145,2022-07-27,Rejected by the driver
43062,1608,6301,2022-10-09,Success
13560,339,31859,2022-06-05,Success
14354,2886,8133,2022-10-23,Success
48539,2809,3706,2023-01-25,Rejected by the driver
18772,727,17623,2022-06-09,Success
47783,2555,10613,2022-03-30,Cancelled by the passenger
25167,2710,574,2022-07-11,Success
46233,2301,38846,2022-08-23,Success
24925,1472,7102,2023-03-09,Cancelled by the passenger
35560,237,471,2023-03-08,Success
52781,1844,23886,2023-04-09,Success
24563,2526,9265,2022-05-01,Success
7668,2518,38515,2023-04-01,Success
41534,2353,23804,2022-11-17,Success
5972,1664,28764,2022-07-25,Rejected by the driver
54276,2943,25277,2022-03-27,Success
42459,2462,35942,2022-07-25,Success
47649,225,26044,2022-07-17,Cancelled by the passenger
37130,1925,8802,2022-12-23,Rejected by the driver
42708,2781,30430,2022-08-22,Cancelled by the passenger
17486,2516,9642,2022-07-21,Cancelled by the passenger
25569,1821,12516,2022-09-28,Success
53997,716,13318,2022-05-29,Cancelled by the passenger
21421,410,19580,2022-06-18,Success
35139,1554,39677,2022-09-04,Success
55307,2151,35750,2022-07-01,Success
53496,1543,8969,2023-03-20,Success
21429,2954,10289,2022-05-10,Rejected by the driver
54379,1567,38014,2022-09-19,Success
57168,904,13956,2023-01-07,Cancelled by the passenger
5677,2348,23720,2023-03-31,Success
43718,2991,3511,2022-12-10,Success
56525,2013,9378,2023-02-28,Success
25223,2950,23249,2022-07-22,Success
32333,626,31244,2022-04-19,Success
35007,2696,37271,2023-03-11,Success
19974,1568,38866,2022-08-16,Success
31859,2323,37500,2023-01-09,Success
33823,1057,25370,2023-04-10,Success
6461,1102,15555,2023-03-24,Success
19621,478,3019,2022-11-19,Success
32031,302,6526,2022-06-01,Success
23991,2272,24755,2022-05-23,Success
15544,1271,24489,2022-11-14,Success
17349,2309,28717,2022-12-03,Success
21509,1742,39451,2022-11-15,Rejected by the driver
4792,2682,29126,2022-08-11,Success
47201,518,15378,2022-11-26,Success
44871,1769,24851,2023-01-22,Rejected by the driver
17829,1825,17532,2022-12-05,Success
21182,2304,29030,2022-04-07,Success
54700,775,12483,2022-08-14,Success
12177,1916,38830,2022-05-01,Rejected by the driver
31927,142,28322,2022-12-19,Rejected by the driver
10561,768,32209,2023-03-12,Cancelled by the passenger
38929,308,18783,2023-03-01,Success
27706,430,39606,2022-09-27,Success
20603,2040,39115,2022-03-14,Success
51105,88,28415,2022-10-14,Success
3666,2006,24136,2023-01-01,Success
28834,949,39122,2023-01-09,Rejected by the driver
9883,1447,6283,2022-06-29,Success
32001,1815,8213,2023-02-20,Rejected by the driver
7274,1811,32117,2022-10-05,Success
47230,1072,36434,2022-09-30,Success
42028,2992,12026,2022-07-12,Success
1507,2060,1728,2023-01-05,Success
21289,1737,746,2022-09-16,Success
28401,1459,13676,2022-07-10,Success
32904,13,28419,2022-05-11,Success
14059,453,35003,2023-02-05,Success
40796,644,39543,2022-11-25,Success
12904,2653,29958,2022-04-28,Success
43351,357,7698,2022-11-22,Success
33211,2965,14741,2023-02-24,Success
11702,2432,34803,2023-01-01,Success
59602,760,18506,2022-07-02,Success
13312,173,9329,2023-01-17,Success
37055,812,38702,2022-06-12,Rejected by the driver
58865,2949,35983,2023-04-07,Success
25764,779,411,2022-09-26,Success
42543,1483,36297,2022-09-21,Success
38239,119,12906,2023-04-01,Success
26832,574,7708,2022-11-05,Success
16838,257,21597,2022-05-12,Success
36977,1657,20053,2022-10-05,Rejected by the driver
19791,715,26031,2023-04-05,Success
15675,2913,33533,2022-10-02,Rejected by the driver
37411,328,28085,2023-03-24,Success
19638,2752,17714,2022-03-16,Success
38274,343,15160,2022-07-13,Success
6101,1381,22177,2023-01-03,Success
42955,2981,3512,2022-07-04,Success
40313,1318,25216,2022-11-16,Success
56607,2241,5057,2023-02-26,Success
31918,2099,4290,2023-01-19,Cancelled by the passenger
28422,998,18952,2023-03-02,Success
7553,2189,34823,2022-07-02,Success
39373,1953,33023,2023-01-01,Success
43370,2137,62,2022-09-15,Success
41017,1977,9682,2022-11-16,Success
8282,243,10103,2023-04-03,Success
48125,1319,15285,2022-11-28,Success
47740,1545,14475,2022-07-29,Success
10319,2622,1925,2022-08-08,Success
17511,2853,36085,2022-12-07,Success
26482,1640,37857,2023-02-22,Success
5209,585,4249,2022-11-25,Success
37806,67,30833,2022-09-07,Success
36427,1152,2685,2022-05-29,Success
56835,50,38621,2022-10-23,Rejected by the driver
17199,787,23886,2022-03-17,Success
1821,918,24806,2022-09-18,Success
32727,676,26650,2022-10-28,Cancelled by the passenger
48919,316,37122,2023-04-03,Success
41241,1492,38988,2022-03-22,Success
47839,257,39484,2022-03-29,Success
50160,1201,22094,2023-02-15,Success
31688,333,27216,2023-03-03,Success
22962,1240,1328,2022-09-20,Success
53091,2490,22075,2022-09-19,Cancelled by the passenger
34227,2663,39387,2022-07-25,Rejected by the driver
43123,943,31049,2022-04-02,Success
50791,2154,6948,2022-04-10,Success
22362,2654,19818,2022-08-08,Success
23427,546,10435,2022-08-19,Success
47730,2550,6624,2022-06-17,Success
58995,1071,9103,2022-04-05,Success
4360,2043,15907,2023-01-10,Rejected by the driver
4937,1803,16063,2023-03-27,Cancelled by the passenger
16466,2673,18393,2023-01-17,Success
33212,2713,16663,2022-12-25,Success
25978,1433,7030,2022-11-22,Success
30754,2356,17114,2023-02-26,Success
31419,102,7744,2022-11-12,Rejected by the driver
47994,2913,6734,2022-04-06,Success
12657,2842,24047,2023-01-21,Success
30486,1852,14809,2023-01-16,Success
45896,2236,37435,2022-11-09,Cancelled by the passenger
48829,1278,26990,2023-02-10,Success
26237,2290,30253,2022-07-21,Cancelled by the passenger
45971,228,13206,2023-02-01,Success
15994,1993,8620,2022-05-01,Success
11242,250,10396,2023-04-15,Success
7554,2940,4905,2023-03-04,Success
2836,391,3688,2023-03-01,Success
18905,653,6228,2022-08-30,Success
20377,669,21307,2022-07-05,Rejected by the driver
34492,1971,15391,2022-12-10,Cancelled by the passenger
37796,340,8292,2022-06-02,Success
57787,1952,39986,2022-10-14,Success
42356,679,14407,2022-03-14,Success
20420,2461,21257,2022-07-14,Success
10426,1295,38770,2022-05-18,Success
5626,719,23999,2022-05-12,Cancelled by the passenger
24112,1793,31107,2022-06-09,Success
48734,191,30520,2022-12-29,Success
4390,1070,3718,2022-04-23,Rejected by the driver
39367,2024,28424,2023-03-17,Success
38832,2103,16811,2023-01-19,Success
48075,293,19618,2023-03-03,Success
33236,665,27063,2022-06-07,Success
14095,1030,29654,2022-07-31,Success
11305,2099,39320,2022-12-02,Rejected by the driver
1128,1920,17878,2022-08-13,Success
12850,2111,32608,2023-01-06,Success
59121,561,881,2023-01-14,Success
25642,1416,8721,2022-12-08,Success
31100,1277,21203,2022-05-09,Success
58110,503,38782,2022-10-17,Success
27942,2990,14393,2022-04-30,Success
40862,418,21372,2022-11-22,Success
24342,522,25594,2022-09-12,Success
42105,2933,8797,2022-10-30,Success
7512,2534,17033,2023-03-23,Success
57192,1369,15029,2022-12-30,Success
28034,2842,22269,2022-06-29,Success
38567,1548,11458,2022-06-01,Success
50405,2611,31419,2022-09-02,Success
54979,2476,2482,2022-11-09,Success
21512,68,25156,2022-07-05,Success
38970,1996,28618,2022-11-24,Cancelled by the passenger
18981,1372,26322,2022-08-19,Success
19489,2067,3573,2023-04-05,Cancelled by the passenger
4473,667,36747,2022-12-28,Success
30167,410,6299,2022-12-03,Success
19989,1843,30872,2023-02-17,Success
38761,2216,26272,2022-10-15,Success
32817,1928,2022,2022-08-30,Success
20089,1669,20360,2022-11-28,Success
23872,428,5393,2022-08-21,Success
27639,2809,16825,2022-05-28,Success
54089,2469,15674,2022-12-08,Success
1024,2357,32564,2022-06-02,Success
17998,1237,7431,2023-03-07,Success
59341,2961,27451,2022-03-12,Success
14001,2270,27460,2022-05-24,Success
22405,1033,27479,2022-04-02,Success
13107,2036,9480,2022-12-16,Success
20680,729,29726,2023-01-07,Rejected by the driver
28663,1088,37676,2023-01-17,Success
28108,1947,23792,2023-02-04,Success
45921,2511,36827,2022-05-20,Rejected by the driver
25737,2757,11186,2022-05-25,Success
29174,1571,2142,2023-01-08,Success
39008,1448,16666,2022-11-02,Cancelled by the passenger
54686,82,39460,2022-08-24,Rejected by the driver
31881,759,5756,2022-10-16,Success
31290,1956,17850,2023-01-20,Success
48860,802,18868,2022-12-28,Success
53708,1342,6123,2022-09-30,Success
24635,1677,23443,2023-01-22,Rejected by the driver
4589,302,21940,2022-04-30,Rejected by the driver
14065,2114,14592,2023-01-27,Rejected by the driver
36611,2576,17600,2022-04-08,Success
16118,1718,39701,2022-07-18,Success
3285,898,37439,2022-12-15,Success
25837,1030,32569,2022-09-06,Success
15683,1926,517,2022-10-02,Cancelled by the passenger
5630,2583,19683,2023-03-25,Success
54411,500,23689,2022-12-19,Success
44883,1571,16630,2022-10-17,Success
11519,2166,25947,2022-04-02,Cancelled by the passenger
33653,1690,11769,2023-03-28,Success
263,1600,10594,2022-08-09,Success
39638,2919,4431,2022-05-16,Success
25289,2811,9009,2022-08-18,Success
731,235,15481,2022-04-23,Success
5500,1444,39576,2023-04-04,Success
39624,1010,28368,2022-03-16,Cancelled by the passenger
36340,637,9012,2022-08-06,Success
35869,769,8603,2022-09-09,Success
44029,1412,2982,2022-11-28,Success
11032,2350,30881,2023-02-04,Success
58704,1789,21422,2022-12-27,Success
47536,1559,14834,2022-12-24,Success
23686,2258,38634,2022-07-30,Success
55081,2038,39268,2023-02-11,Cancelled by the passenger
1393,1910,39340,2022-08-15,Cancelled by the passenger
20551,133,27371,2022-04-21,Success
28819,1643,24831,2022-09-04,Cancelled by the passenger
11082,518,11227,2022-06-23,Rejected by the driver
58460,1558,21709,2022-10-15,Success
32994,2341,38772,2022-03-22,Cancelled by the passenger
15639,1760,1870,2022-05-23,Success
43243,870,17110,2023-02-14,Success
49090,1570,3023,2022-11-30,Rejected by the driver
6875,1820,14046,2023-01-21,Success
12272,1126,9507,2023-02-14,Success
4892,2713,10992,2022-07-23,Success
20158,750,19501,2022-03-18,Success
48529,2311,28678,2022-05-26,Success
14571,2004,19332,2023-04-10,Success
53813,891,7673,2022-06-02,Success
51707,2953,25922,2022-09-02,Rejected by the driver
23885,2219,34520,2023-01-04,Success
6404,709,16794,2022-05-08,Success
53201,1574,3908,2022-03-17,Success
9862,2493,10780,2022-05-02,Cancelled by the passenger
17509,2931,34027,2022-11-27,Success
35420,1090,37158,2022-04-01,Success
9292,2581,18240,2022-03-15,Success
35477,687,32797,2023-04-15,Success
40917,1474,14426,2022-08-16,Success
9367,299,38801,2022-09-15,Success
40430,2467,24511,2022-09-27,Success
35423,2905,37945,2023-04-01,Success
3392,2011,32269,2023-03-16,Rejected by the driver
36939,1437,21893,2023-01-28,Rejected by the driver
23964,2049,7322,2022-05-09,Success
25416,1658,1445,2022-11-23,Success
59490,1596,29913,2022-04-27,Success
22048,597,4858,2022-10-01,Success
597,2118,18741,2022-09-05,Cancelled by the passenger
11482,1675,4853,2023-04-06,Success
49911,2477,25939,2022-05-24,Success
46871,476,26351,2022-06-16,Success
17081,492,17286,2022-06-20,Success
2068,1226,1499,2023-03-11,Success
20981,726,31328,2022-06-10,Success
57902,2314,16072,2022-10-22,Success
32474,1898,2871,2022-03-31,Success
22503,2747,5201,2023-01-13,Success
35502,383,6059,2023-01-29,Success
20672,2260,3652,2022-08-10,Success
11175,1749,38566,2023-03-19,Success
34308,666,16943,2023-03-30,Success
31097,1699,26590,2022-10-27,Rejected by the driver
57156,2667,38787,2022-10-26,Success
41748,572,10673,2022-11-20,Success
1385,2874,29826,2022-12-04,Success
31695,2626,15250,2022-04-04,Success
30303,2534,24866,2022-07-17,Rejected by the driver
28525,46,23353,2022-10-22,Success
8887,1805,14700,2023-03-20,Success
54679,2613,16011,2023-04-05,Success
38524,382,34132,2023-02-04,Rejected by the driver
31367,1836,13437,2022-04-02,Success
38306,2669,22848,2022-05-27,Cancelled by the passenger
3811,2823,1768,2022-09-19,Rejected by the driver
12597,1957,27647,2022-08-17,Success
9720,766,38139,2022-07-21,Success
46262,2468,20504,2022-08-08,Success
12255,562,16816,2022-09-11,Success
3525,2953,23502,2022-11-25,Success
7617,1298,24409,2022-07-31,Rejected by the driver
14468,1235,26764,2022-04-29,Success
27585,2365,39669,2022-08-09,Success
44640,1453,11489,2023-02-15,Success
55637,730,26779,2022-10-17,Success
5054,223,32374,2022-07-09,Success
26096,1013,6430,2022-04-21,Success
18130,182,20064,2022-08-22,Success
28651,833,22604,2022-09-10,Rejected by the driver
17843,2669,1086,2022-10-20,Success
53643,388,1083,2022-10-10,Success
21198,2969,19001,2022-04-17,Success
15586,1677,7207,2023-04-01,Success
50176,681,29998,2022-05-17,Success
13412,2602,11909,2022-03-18,Success
27915,1407,20160,2022-03-29,Success
33536,1110,25444,2023-03-22,Cancelled by the passenger
34755,1899,34847,2022-09-05,Success
34763,1213,17837,2023-01-29,Success
17000,171,19783,2022-04-04,Success
5444,1199,7235,2022-04-12,Success
43087,533,13662,2023-04-06,Success
49195,788,20362,2022-12-16,Success
18998,511,1342,2022-10-30,Success
42076,2024,984,2022-10-25,Cancelled by the passenger
2498,1168,22625,2023-03-06,Success
59978,1756,27902,2022-10-30,Rejected by the driver
14235,459,39347,2023-03-24,Success
936,1194,7958,2023-02-04,Cancelled by the passenger
50000,559,5862,2022-07-10,Success
15115,541,2808,2022-08-29,Rejected by the driver
11508,1966,33596,2022-09-10,Success
53111,2685,1624,2022-09-20,Rejected by the driver
20002,2059,34871,2023-01-16,Success
690,795,35268,2023-03-16,Success
17463,2757,23013,2022-06-22,Success
50714,1728,275,2022-04-07,Success
32589,271,27573,2023-04-14,Success
48211,1946,21012,2023-04-13,Success
32197,912,14982,2022-11-30,Success
1283,437,19495,2022-06-10,Rejected by the driver
5718,431,36959,2022-08-14,Success
54794,252,34011,2023-04-09,Success
2777,1613,25238,2023-04-09,Success
20137,1590,22632,2022-04-04,Success
58800,186,32647,2023-03-18,Success
12275,685,1443,2023-02-13,Success
50164,300,36850,2022-06-20,Rejected by the driver
30116,1249,35865,2022-07-27,Rejected by the driver
8841,2296,31094,2023-03-29,Rejected by the driver
56112,837,27537,2022-12-06,Rejected by the driver
46149,991,18973,2022-05-12,Success
15479,2336,7178,2023-03-21,Success
7630,1566,6465,2022-07-15,Rejected by the driver
39035,94,22268,2022-09-19,Success
58607,1999,34950,2022-12-22,Success
32952,1617,6002,2022-10-23,Success
5953,2328,6625,2022-08-01,Success
25013,791,32573,2022-12-10,Success
23679,914,18811,2022-11-07,Rejected by the driver
6679,1528,39830,2023-01-03,Success
3313,1443,26766,2022-10-28,Cancelled by the passenger
57591,2532,32722,2022-06-24,Success
5167,23,36144,2022-04-04,Success
43975,88,21878,2023-01-15,Success
19949,929,36557,2023-02-06,Success
26702,1405,18826,2022-06-30,Success
42305,1466,3011,2022-11-29,Success
38091,2347,27773,2023-03-10,Success
35035,256,28245,2022-11-24,Success
18769,252,37444,2022-05-31,Success
5130,2234,39939,2022-12-03,Success
53052,2449,12631,2022-03-30,Success
24068,2088,13121,2023-04-09,Success
59033,2678,38841,2022-07-08,Success
37211,1536,15320,2022-04-11,Cancelled by the passenger
11301,195,34488,2023-03-22,Success
25856,163,37180,2022-03-20,Cancelled by the passenger
11599,1388,13400,2022-04-28,Rejected by the driver
55351,2079,6732,2022-05-13,Success
54268,2318,25863,2022-06-15,Rejected by the driver
9309,301,33309,2022-10-31,Success
1838,2204,32466,2022-04-15,Success
58309,2742,9095,2023-01-16,Success
57223,2453,27252,2022-04-09,Cancelled by the passenger
19181,1836,11878,2022-07-13,Success
21745,546,7907,2023-02-25,Success
41889,1924,36670,2022-12-23,Cancelled by the passenger
54289,1137,30468,2023-03-03,Success
35890,1941,1524,2022-08-28,Success
12706,1632,8006,2022-12-06,Success
33898,1155,5236,2022-06-08,Success
46314,1748,13557,2022-03-14,Success
4080,1172,14990,2022-08-13,Success
28586,305,27741,2023-03-25,Success
38231,554,14922,2023-03-19,Success
59680,1228,31403,2023-02-15,Cancelled by the passenger
49081,1649,23000,2023-03-23,Cancelled by the passenger
12886,1053,10442,2023-01-25,Success
43622,152,35742,2022-07-27,Rejected by the driver
20437,2017,2420,2022-11-25,Success
46518,1257,39384,2022-05-20,Success
6850,2738,9134,2023-03-15,Success
52588,1669,14292,2022-11-30,Success
9917,2401,15977,2023-03-18,Success
39793,2344,27826,2022-08-09,Success
2897,2512,28173,2022-04-11,Success
14346,2490,24949,2022-08-15,Rejected by the driver
6577,1651,5230,2022-05-30,Success
34069,2141,20236,2022-12-23,Rejected by the driver
51866,499,26094,2022-09-13,Success
18446,881,8331,2022-09-29,Success
56530,2780,29018,2022-09-05,Success
1454,2455,35692,2022-03-21,Rejected by the driver
31033,1210,20833,2023-04-13,Success
51284,1407,30522,2023-03-13,Success
52946,2698,37630,2022-08-17,Success
24766,505,7807,2022-10-11,Success
53456,1474,14434,2022-07-11,Cancelled by the passenger
52065,1565,28150,2022-08-18,Success
11691,2770,36743,2022-06-29,Success
58711,1908,24588,2023-01-09,Success
10933,144,32648,2022-06-17,Success
58589,282,10600,2022-06-21,Success
11197,2119,38524,2023-03-04,Rejected by the driver
5339,1546,16864,2023-04-08,Success
14026,1011,31990,2022-08-28,Cancelled by the passenger
42144,1300,10908,2022-05-25,Cancelled by the passenger
27768,2260,14329,2022-12-10,Success
35213,2889,29033,2022-07-09,Cancelled by the passenger
26464,1091,10532,2023-02-27,Success
42401,2050,16204,2022-04-07,Success
35993,346,24622,2022-04-15,Success
54890,179,15089,2022-08-05,Success
