ride_id,driver_id,passenger_id,date,status
44843,2376,28964,2023-01-08,Success
17416,55,34813,2022-10-18,Success
4771,1175,16464,2023-04-13,Success
52909,2543,15014,2022-10-08,Success
55143,1214,25641,2022-10-29,Success
10043,1408,27537,2023-01-19,Success
2399,120,19751,2023-02-19,Success
5289,1842,27664,2022-08-07,Rejected by the driver
3509,8,22497,2022-09-27,Success
3866,1799,8962,2023-02-02,Success
8263,2518,32781,2022-05-22,Success
38592,146,26466,2023-03-27,Success
38911,450,3705,2022-09-16,Success
54996,683,20823,2023-03-06,Success
40010,1734,4691,2022-11-11,Success
15534,1639,2022,2022-08-27,Success
8082,953,29769,2022-09-25,Success
29446,91,20217,2022-08-15,Success
3835,252,38755,2023-01-27,Cancelled by the passenger
54824,2671,2062,2022-08-13,Success
11609,2349,5456,2022-10-31,Success
39641,1445,36915,2023-01-05,Success
40231,1639,10297,2022-05-01,Cancelled by the passenger
58744,2145,25036,2022-06-14,Success
48799,1970,11617,2022-10-01,Success
27952,1112,10587,2022-09-30,Success
58960,540,26505,2022-08-21,Cancelled by the passenger
39219,1295,34002,2022-08-22,Success
8755,2083,8502,2022-06-20,Rejected by the driver
42266,285,14054,2022-11-04,Success
31055,1542,15446,2022-11-07,Success
5388,2362,16422,2022-11-22,Success
52096,869,24039,2023-01-10,Success
50825,1537,19684,2022-04-22,Success
53581,1946,17967,2022-07-16,Success
9417,2998,28737,2022-05-11,Success
47806,1161,725,2022-04-10,Success
47957,2278,9709,2022-11-02,Success
38518,1664,7947,2022-05-12,Success
20627,180,31430,2022-04-08,Success
50772,2900,32107,2022-06-11,Success
25471,2302,24244,2023-04-06,Rejected by the driver
16499,1074,1150,2022-04-11,Success
18418,2944,2768,2023-02-27,Success
46179,80,36460,2022-07-16,Success
3236,2066,16528,2022-05-08,Success
51714,2982,11692,2023-02-28,Cancelled by the passenger
30275,1136,10123,2022-03-23,Success
36858,824,30371,2022-12-28,Success
1279,72,8728,2022-04-27,Success
46641,1634,16909,2023-02-05,Rejected by the driver
27796,565,30029,2023-03-17,Success
42064,33,5635,2022-07-01,Success
30540,968,12080,2023-01-02,Success
16126,295,27793,2022-03-16,Success
12587,2921,30434,2022-03-15,Success
13096,1476,25055,2022-06-30,Success
33070,2926,3655,2022-12-24,Success
46346,1943,21594,2022-11-13,Success
16014,1264,10886,2022-07-02,Success
52382,1419,37112,2022-12-18,Success
23011,21,34534,2023-01-31,Success
59731,2197,1914,2023-03-23,Success
59465,1678,7497,2023-01-22,Success
1100,1557,23282,2022-04-23,Success
46819,2402,4315,2023-01-27,Rejected by the driver
26296,2095,38640,2023-01-07,Cancelled by the passenger
27945,2349,19931,2023-03-24,Rejected by the driver
2586,1753,8411,2023-02-20,Cancelled by the passenger
33642,2398,13900,2022-03-22,Success
56673,2456,12555,2022-06-18,Rejected by the driver
2882,34,16058,2023-01-27,Success
43232,2223,9681,2023-03-24,Success
40710,2409,16259,2023-01-21,Success
3752,433,13576,2022-04-15,Success
14837,2175,110,2022-11-23,Success
52397,1820,10155,2023-03-04,Success
15896,54,17331,2022-04-21,Rejected by the driver
10863,2036,33290,2023-01-26,Success
56075,769,31578,2022-07-30,Success
58191,1356,39482,2022-11-19,Rejected by the driver
42103,2692,33779,2022-11-14,Success
4408,269,21292,2023-02-08,Success
57537,2563,15399,2023-03-07,Success
54900,1997,9692,2022-12-18,Rejected by the driver
26717,1674,33800,2022-07-28,Success
30183,1682,22287,2022-03-18,Success
48000,1893,15411,2022-10-21,Rejected by the driver
29822,768,357,2022-10-17,Success
27680,2505,14009,2023-03-17,Success
33142,370,28500,2023-01-06,Rejected by the driver
13879,586,8519,2023-02-04,Success
56934,2166,8212,2023-04-04,Success
16266,2937,34162,2023-02-04,Success
2272,2417,264,2022-10-16,Rejected by the driver
52458,609,31873,2022-04-09,Success
14157,210,22977,2022-07-08,Success
10081,1462,24774,2022-07-28,Success
57253,287,32266,2022-06-06,Rejected by the driver
4377,1423,2538,2023-03-28,Success
42387,1765,36034,2023-04-04,Success
46559,1935,9369,2022-06-17,Success
959,778,30058,2022-09-08,Rejected by the driver
23604,1806,19233,2022-08-30,Success
17925,2118,14035,2022-09-20,Success
13169,515,25903,2022-03-31,Success
24272,481,22697,2022-03-29,Cancelled by the passenger
59615,582,24914,2022-12-21,Success
53705,1854,9348,2022-05-14,Success
32998,1222,36588,2022-03-24,Success
54496,473,7445,2023-03-22,Rejected by the driver
45334,1290,12611,2022-07-19,Rejected by the driver
9221,2786,3389,2022-04-26,Cancelled by the passenger
48277,598,22125,2022-08-10,Success
20202,834,14534,2022-12-26,Cancelled by the passenger
47710,1126,10797,2023-04-06,Success
4494,2338,11554,2022-08-13,Rejected by the driver
4660,817,2219,2023-03-07,Rejected by the driver
58719,517,26836,2022-07-02,Cancelled by the passenger
35899,1040,30630,2023-03-11,Success
25440,2723,29495,2023-02-02,Success
27347,666,25144,2023-01-17,Success
49631,2599,22690,2023-03-18,Rejected by the driver
46979,2896,22250,2022-11-12,Success
54442,718,18279,2022-10-16,Success
39306,2804,7854,2022-09-26,Success
18162,1027,29865,2022-07-17,Success
32401,1255,2509,2022-03-21,Success
17552,1238,26623,2022-10-19,Rejected by the driver
13324,1075,3339,2022-07-20,Success
298,888,31257,2022-09-28,Success
13547,208,27333,2023-01-31,Success
9007,2606,16301,2022-03-23,Success
43295,120,17320,2023-01-10,Success
2628,781,24041,2023-04-01,Success
1609,419,11834,2022-03-24,Success
11118,100,25387,2022-12-24,Success
5547,300,39077,2022-11-17,Success
2381,1035,38309,2023-03-15,Success
38036,195,1328,2022-08-02,Success
32050,280,20366,2022-10-09,Success
18706,2257,15384,2022-08-23,Success
17335,1099,34658,2022-03-26,Rejected by the driver
7751,2323,35501,2022-08-27,Success
12269,2279,4677,2023-02-18,Cancelled by the passenger
23828,2069,8255,2022-12-22,Cancelled by the passenger
33247,690,11823,2023-03-29,Cancelled by the passenger
34716,1910,19819,2022-12-15,Success
38534,243,39978,2022-10-12,Cancelled by the passenger
44274,2520,26270,2022-10-16,Success
7137,804,13840,2022-12-22,Success
19313,1601,25907,2022-11-23,Success
1973,1227,35727,2023-03-31,Success
55473,2534,11675,2022-08-03,Success
28615,2415,10851,2023-02-04,Success
21973,1658,10373,2023-01-06,Success
52438,2671,37922,2022-03-25,Rejected by the driver
56174,2812,39076,2023-03-08,Success
10882,1417,30529,2022-11-21,Success
56426,2106,2625,2023-04-09,Success
13940,959,36684,2022-11-09,Rejected by the driver
251,1403,34381,2022-04-06,Success
13577,151,31809,2022-12-25,Success
32314,2715,27775,2023-01-29,Success
14078,1277,12741,2023-03-11,Success
25268,2405,36184,2023-03-05,Success
18261,663,26081,2022-09-25,Success
16668,1464,33653,2022-04-08,Success
13462,2895,34030,2022-05-28,Success
43211,2110,38526,2022-05-18,Success
21662,2770,14651,2022-12-21,Success
52340,2192,1051,2022-11-30,Success
18501,1938,27587,2023-03-03,Success
49148,985,15700,2023-01-02,Rejected by the driver
47636,18,20287,2022-10-22,Success
25540,98,37814,2022-11-19,Success
19217,77,26317,2022-09-16,Success
53568,680,18323,2023-01-06,Success
39283,2866,27939,2022-08-03,Success
31344,1261,1665,2023-02-05,Success
28347,2137,37259,2022-11-07,Cancelled by the passenger
9324,1014,28033,2023-03-10,Success
49676,51,32941,2022-05-08,Cancelled by the passenger
42665,395,29967,2022-08-11,Rejected by the driver
16567,379,16357,2022-07-13,Success
4263,1137,31949,2023-02-10,Cancelled by the passenger
22432,254,20583,2022-12-25,Success
58633,2471,18354,2022-08-07,Success
7176,2956,9526,2022-07-25,Success
38292,1047,31736,2023-04-15,Success
14211,673,32794,2022-09-08,Success
50831,654,35303,2022-08-04,Success
4481,975,6739,2022-06-01,Success
32373,605,10053,2022-05-17,Success
25952,2824,635,2023-02-05,Success
9784,902,950,2022-06-10,Success
57899,2555,4010,2023-02-02,Cancelled by the passenger
24752,1900,3222,2022-04-17,Success
37836,2931,37771,2022-07-11,Success
38861,2911,20241,2022-07-11,Success
35665,1398,39932,2022-06-02,Success
18835,2185,36958,2023-04-05,Success
18426,1493,4145,2023-04-02,Cancelled by the passenger
53751,483,585,2022-05-12,Success
11212,2793,33151,2023-04-06,Success
41204,2822,12177,2022-11-01,Success
33866,2358,2991,2023-01-06,Success
31600,151,39572,2023-02-21,Success
15023,781,16904,2022-12-23,Success
28125,2554,13180,2022-11-18,Rejected by the driver
21985,2179,14577,2022-12-26,Success
9984,170,16227,2022-11-20,Success
29260,2994,19658,2023-01-12,Success
10488,2197,5988,2022-10-05,Success
51505,57,23435,2022-12-29,Cancelled by the passenger
44847,610,13918,2022-04-11,Rejected by the driver
11885,1684,20374,2022-09-29,Success
9119,2444,2016,2022-10-25,Success
30733,300,18681,2022-05-02,Success
52230,815,8845,2023-02-13,Success
11217,538,8256,2022-12-03,Success
5177,2843,38354,2022-09-16,Rejected by the driver
8814,557,8005,2022-04-11,Rejected by the driver
34140,1685,39433,2022-08-07,Cancelled by the passenger
352,599,21291,2023-02-16,Cancelled by the passenger
22277,1056,26683,2022-10-14,Cancelled by the passenger
81,2489,7776,2022-05-10,Success
17062,2260,17933,2022-10-16,Rejected by the driver
48461,443,23427,2023-04-14,Cancelled by the passenger
29775,418,15969,2022-11-23,Success
10919,2620,1734,2023-03-15,Success
21901,876,30675,2022-09-15,Rejected by the driver
30464,2077,32405,2022-05-01,Success
2211,90,1384,2022-06-27,Success
24149,2906,31019,2022-06-18,Success
55483,278,4961,2022-10-25,Success
18626,1356,36165,2023-01-26,Success
36728,2982,36991,2022-11-07,Success
43803,2567,37837,2023-01-24,Rejected by the driver
37788,1265,28774,2022-10-17,Success
40165,294,31822,2022-07-14,Rejected by the driver
43912,2592,18199,2022-07-01,Success
57897,1728,12129,2022-03-31,Success
9148,2216,15066,2022-06-03,Success
17203,2305,26677,2022-09-29,Success
48017,1524,31680,2022-09-05,Success
17769,250,15273,2023-03-27,Cancelled by the passenger
20110,1842,19163,2023-02-05,Success
31381,1121,32056,2022-12-31,Success
36031,1411,14791,2022-11-19,Success
30919,2230,1639,2022-08-15,Rejected by the driver
20392,1878,18315,2023-03-09,Success
53836,2904,5010,2022-07-03,Rejected by the driver
13797,1099,4691,2022-03-27,Success
42945,2558,9616,2022-10-24,Cancelled by the passenger
21633,1288,25440,2023-01-20,Cancelled by the passenger
1882,998,31365,2022-05-13,Cancelled by the passenger
55730,2369,18889,2022-06-25,Success
54437,1709,35236,2023-02-16,Success
36413,952,21041,2023-04-10,Success
26651,1712,33023,2022-05-01,Success
32147,1754,341,2022-09-16,Success
49656,2017,17725,2022-03-17,Success
29661,162,18478,2022-03-20,Rejected by the driver
40404,2271,11932,2023-04-06,Rejected by the driver
36986,2711,36772,2022-09-05,Success
17119,366,30229,2023-02-24,Success
50078,1151,37395,2022-10-27,Success
27636,107,15346,2022-10-25,Success
34030,648,33744,2022-04-13,Success
45437,2955,22074,2023-02-03,Success
18182,1674,11852,2023-03-02,Success
20096,2972,32271,2022-06-24,Success
49426,592,10938,2022-09-29,Success
1529,2021,20664,2022-05-08,Success
36669,631,37460,2023-03-27,Success
24870,2362,38989,2022-11-14,Success
14643,1425,20228,2022-07-24,Success
17207,2448,20594,2022-06-30,Success
31329,1888,2253,2022-09-14,Success
41565,333,5708,2023-01-26,Success
27009,56,9333,2022-07-10,Success
27874,2761,25607,2022-07-25,Success
39844,13,7957,2022-03-18,Success
11043,1196,15917,2022-04-06,Success
49599,1553,30918,2022-05-06,Success
56572,1560,13440,2023-02-17,Success
57380,2511,3929,2022-06-06,Success
2602,910,25158,2022-05-11,Success
31297,962,10591,2022-08-14,Success
938,769,33745,2022-06-28,Success
33374,2183,15903,2022-07-29,Success
19719,1413,30580,2022-11-13,Rejected by the driver
54691,2301,39877,2022-04-16,Success
49191,2607,30242,2023-04-07,Rejected by the driver
41337,691,5426,2023-02-17,Cancelled by the passenger
13434,1905,9010,2022-06-01,Success
1222,521,3400,2022-12-15,Success
41039,1848,248,2023-03-11,Success
17427,2768,9037,2022-03-20,Success
55651,1311,12607,2023-03-17,Success
20489,256,28441,2022-03-24,Success
18372,997,12942,2022-04-15,Cancelled by the passenger
34979,1955,26223,2022-05-11,Success
26555,1389,35680,2022-05-09,Success
25504,1208,1827,2022-09-14,Cancelled by the passenger
48048,153,5745,2022-12-03,Rejected by the driver
50709,1197,11159,2022-06-11,Rejected by the driver
38433,1640,8195,2023-02-25,Success
920,1424,26379,2022-08-26,Success
8822,227,11603,2022-11-20,Success
38656,256,17220,2023-01-27,Success
6285,2418,28507,2022-08-03,Success
37430,330,38784,2022-06-20,Success
24838,2890,1765,2022-12-10,Success
11061,2522,32322,2023-03-27,Cancelled by the passenger
34785,424,33502,2022-04-02,Cancelled by the passenger
44565,2605,30751,2022-08-30,Success
52224,2079,39217,2023-02-10,Rejected by the driver
4382,1226,29371,2023-03-28,Success
6855,511,29920,2022-06-11,Success
12815,1480,10254,2023-03-12,Success
53674,1517,10028,2022-10-03,Success
19004,1653,30573,2023-03-20,Success
58699,947,22256,2023-03-05,Success
56138,554,28304,2022-12-30,Success
34242,1494,23602,2023-03-13,Cancelled by the passenger
17429,2101,26840,2022-07-28,Success
29226,930,15118,2022-03-13,Success
42193,661,25431,2022-04-13,Success
6732,2766,10788,2022-11-16,Success
57106,1234,24466,2022-12-01,Success
34312,2078,3350,2022-09-25,Rejected by the driver
43142,1023,16152,2022-03-12,Success
6740,629,22909,2022-12-23,Success
16498,2758,5719,2022-12-28,Success
49837,104,38084,2022-05-14,Success
50328,736,28454,2022-08-17,Success
37451,168,39933,2023-01-10,Success
18375,1670,26668,2022-08-27,Success
46367,2648,1394,2022-10-15,Success
38058,1086,16670,2022-10-29,Cancelled by the passenger
2011,2793,12771,2023-01-23,Success
20807,2137,39748,2022-09-24,Success
25768,1695,8940,2022-11-15,Success
7032,100,21858,2022-11-11,Cancelled by the passenger
58839,175,20551,2023-04-13,Cancelled by the passenger
40901,2901,10789,2022-05-12,Success
52510,321,8939,2023-01-14,Success
40365,2706,17996,2022-04-09,Cancelled by the passenger
2146,2688,39811,2022-12-01,Success
10974,2955,23716,2022-10-17,Success
54682,1008,9135,2022-10-05,Success
274,2798,15886,2022-03-31,Success
18232,88,2877,2022-05-19,Success
55052,1136,19264,2023-02-25,Success
14688,456,20657,2022-11-30,Rejected by the driver
41261,256,35671,2023-02-10,Success
51109,981,17885,2022-04-03,Rejected by the driver
25006,2287,11220,2023-02-17,Success
41958,2797,21418,2022-08-16,Cancelled by the passenger
37687,1594,22701,2023-04-13,Success
34787,2844,29862,2023-02-18,Rejected by the driver
45404,1896,31725,2022-08-28,Rejected by the driver
47878,872,7045,2022-03-21,Success
15039,2638,35931,2022-06-30,Success
47294,2122,3020,2023-04-10,Success
47690,2258,16628,2023-02-07,Rejected by the driver
16659,13,35636,2022-11-04,Success
53082,1574,10570,2022-09-15,Success
20497,1349,38539,2023-03-06,Success
36603,1735,8526,2022-06-24,Success
18513,540,22388,2023-02-12,Success
4480,2904,29222,2022-09-14,Success
47151,804,29059,2022-04-04,Success
28717,1507,15973,2022-12-13,Success
7404,2810,21460,2022-07-27,Success
31193,2111,29728,2023-04-10,Success
14271,1940,37749,2022-06-06,Success
50619,2633,22875,2022-12-14,Success
306,1426,14321,2022-10-19,Success
28367,2649,13322,2022-04-03,Success
54831,2246,4474,2023-01-11,Success
3967,424,31151,2022-07-24,Success
36954,2108,17663,2023-02-11,Success
30697,2489,5849,2022-08-25,Success
57049,1869,18589,2022-12-08,Success
17969,356,31172,2022-04-08,Rejected by the driver
45910,453,7854,2023-02-10,Cancelled by the passenger
45306,2994,6686,2022-08-12,Success
38661,2059,32090,2022-10-17,Success
6217,1798,607,2022-06-08,Success
17307,1035,24108,2022-03-16,Success
56027,2183,6037,2022-04-17,Success
52688,2529,31924,2022-10-29,Success
25177,2347,7816,2022-05-03,Success
23136,1189,32097,2022-07-07,Success
48488,213,26513,2022-06-07,Success
35009,2273,21981,2023-01-17,Success
31180,1030,29412,2022-10-17,Cancelled by the passenger
45088,2314,14635,2022-09-19,Success
20889,896,20188,2022-03-16,Success
16735,2581,21668,2023-03-09,Success
53470,2562,11409,2023-03-18,Success
12469,347,27390,2022-10-11,Success
35741,935,2718,2022-05-03,Success
11768,2503,36738,2022-09-13,Cancelled by the passenger
57920,2435,12200,2022-10-22,Success
46444,1865,27633,2023-01-22,Success
41675,2784,8450,2022-09-22,Success
21559,2052,33452,2022-08-30,Success
32288,1447,7960,2022-09-15,Success
39161,151,29551,2022-03-17,Success
7872,2909,7930,2023-02-06,Success
44248,907,12110,2022-07-17,Cancelled by the passenger
36917,2592,39973,2022-07-29,Success
15129,1134,20839,2023-01-13,Success
34825,1165,23927,2022-08-08,Cancelled by the passenger
53540,982,17557,2022-06-25,Success
17290,1429,6136,2022-05-12,Success
47241,427,35649,2022-12-18,Rejected by the driver
48858,2279,23055,2022-09-08,Success
42663,1742,30649,2023-03-26,Cancelled by the passenger
7267,1341,29297,2023-01-29,Success
28153,1201,19645,2023-03-02,Success
2332,1487,749,2022-11-09,Success
3750,2898,28776,2022-04-10,Success
47472,288,33751,2023-01-07,Success
47068,1249,16066,2022-12-09,Success
51484,494,5265,2022-05-19,Success
22293,2785,35889,2022-12-29,Rejected by the driver
34092,2046,2031,2022-11-13,Success
35752,1018,12550,2022-11-28,Success
35436,866,12765,2022-12-09,Cancelled by the passenger
2893,20,7343,2022-06-16,Success
46381,180,11458,2022-12-21,Success
23101,675,31485,2022-11-19,Success
53238,1297,22888,2022-10-06,Success
44637,2082,38002,2023-01-19,Success
11386,73,4922,2022-08-09,Success
17678,1495,38195,2023-03-15,Success
24479,1131,4257,2023-02-06,Rejected by the driver
17321,1032,22857,2022-05-31,Rejected by the driver
56689,529,34027,2022-11-13,Success
15360,2102,7282,2023-03-23,Success
48421,87,2773,2022-04-07,Success
53700,1281,33184,2022-09-20,Success
51201,74,15454,2022-05-13,Success
39081,1745,33263,2022-05-04,Cancelled by the passenger
43623,989,7063,2022-11-09,Cancelled by the passenger
2709,761,6232,2022-08-27,Cancelled by the passenger
43277,1052,13748,2023-04-01,Success
10185,2197,4677,2022-07-13,Success
22010,544,33660,2022-12-04,Cancelled by the passenger
12297,1994,19747,2022-08-18,Success
55693,1812,20508,2023-01-19,Cancelled by the passenger
48485,2907,1582,2023-04-13,Success
3252,2649,30278,2022-08-16,Rejected by the driver
37392,2360,37403,2022-05-20,Success
28729,1453,11335,2022-11-14,Success
7160,2966,39142,2022-10-21,Success
2414,505,29815,2022-04-03,Success
17564,820,2257,2023-02-11,Cancelled by the passenger
40466,2428,15567,2022-07-30,Success
31428,1636,23063,2023-01-17,Success
26937,16,32302,2022-12-24,Success
19195,343,38075,2023-01-03,Rejected by the driver
22025,894,1469,2023-03-25,Success
47682,442,21669,2022-03-17,Success
14741,2514,15788,2022-12-09,Success
30434,893,11733,2022-03-16,Success
39344,1713,3502,2022-11-18,Success
43221,958,14218,2022-03-21,Success
58670,1952,20788,2022-08-20,Cancelled by the passenger
44889,1395,25174,2022-11-22,Success
47518,1489,38023,2022-04-08,Success
32668,781,19007,2022-10-26,Rejected by the driver
16339,1646,18137,2022-12-30,Success
18280,2454,34408,2023-01-16,Success
11105,261,16175,2023-04-12,Rejected by the driver
22031,2701,3036,2022-04-08,Success
12190,1193,34813,2022-09-26,Cancelled by the passenger
54777,888,38189,2022-08-06,Success
7613,1856,31413,2022-12-27,Rejected by the driver
55168,2387,17371,2022-06-30,Success
15743,919,13117,2022-08-12,Success
16049,2805,14088,2022-05-22,Success
30827,1553,21626,2023-01-09,Rejected by the driver
45530,923,3995,2022-11-28,Success
23655,79,117,2023-02-14,Success
3919,605,25418,2022-10-27,Success
1141,696,14061,2023-01-31,Success
10133,1215,11119,2022-08-06,Success
54217,1816,21132,2022-06-13,Success
54336,1952,8508,2023-01-23,Success
15120,373,36254,2022-07-08,Success
26289,2742,2703,2022-10-13,Cancelled by the passenger
43177,1468,9928,2022-08-31,Success
3011,2423,33962,2022-07-03,Success
39767,1978,7151,2022-03-31,Success
36299,2114,5869,2022-04-15,Rejected by the driver
6921,436,9076,2022-07-02,Cancelled by the passenger
12235,942,6642,2023-02-26,Rejected by the driver
6342,2348,28073,2022-04-16,Success
26274,722,435,2022-07-29,Success
55028,328,39205,2022-12-14,Success
8654,1775,39215,2022-03-24,Success
32558,231,7942,2022-09-11,Success
2109,904,1738,2022-12-20,Success
15537,2232,3482,2023-02-10,Success
20904,1080,37917,2022-03-27,Success
4986,192,8293,2022-09-25,Success
12090,608,22021,2023-01-13,Success
49532,1368,1518,2023-02-10,Rejected by the driver
55080,2903,14078,2023-02-20,Success
55957,2775,15882,2022-08-26,Success
9099,2689,27264,2022-08-06,Success
18977,2287,13448,2022-09-23,Rejected by the driver
49375,2487,33519,2023-01-23,Success
52829,922,3809,2022-08-30,Success
22051,582,17366,2023-04-15,Success
33351,399,8260,2023-02-03,Cancelled by the passenger
38651,1817,32162,2023-01-22,Rejected by the driver
39384,2942,38751,2023-02-22,Success
55119,2570,30649,2022-11-10,Success
33192,305,22178,2022-12-18,Success
28787,2759,3900,2022-08-27,Success
52862,2184,18494,2022-11-04,Success
5429,478,39678,2022-05-10,Success
54390,1528,2516,2022-03-19,Success
40586,2298,24453,2023-02-21,Success
8439,1897,9892,2023-01-30,Cancelled by the passenger
23201,2965,16669,2022-03-15,Rejected by the driver
45219,2343,24757,2023-01-06,Success
58456,1588,15635,2023-03-06,Success
37313,2212,29866,2022-06-04,Success
19451,2758,23077,2022-11-13,Success
58147,201,11802,2022-05-24,Success
48654,2762,27051,2022-05-28,Success
35667,1714,11953,2022-10-20,Rejected by the driver
10929,623,16872,2022-08-09,Success
37719,1083,34739,2022-03-20,Success
36038,600,22396,2023-03-16,Success
14184,2675,8780,2022-10-07,Success
52009,853,10770,2022-08-22,Cancelled by the passenger
19210,1399,6515,2022-08-18,Rejected by the driver
49754,1281,28675,2022-04-14,Success
3857,838,28237,2023-02-17,Success
45084,676,2898,2022-03-21,Success
17049,1303,17146,2023-03-27,Success
25961,2274,576,2023-04-02,Success
46465,1293,25184,2022-06-18,Success
19561,912,34859,2022-06-07,Success
30923,343,36876,2022-08-28,Cancelled by the passenger
19776,958,12711,2022-08-25,Success
31471,233,15844,2022-10-05,Success
42420,1002,32135,2023-02-19,Success
30343,1084,34739,2022-03-21,Success
44312,2667,956,2022-09-08,Success
18595,1879,21883,2022-06-22,Success
11899,1906,24744,2022-04-22,Success
57964,2855,28654,2022-06-17,Success
48736,1335,33635,2022-06-13,Success
30314,1841,35505,2022-09-07,Rejected by the driver
15538,746,26711,2022-04-02,Cancelled by the passenger
54296,1660,1998,2023-03-02,Success
10718,572,31977,2022-04-27,Success
4606,121,28609,2022-12-14,Success
39495,2931,9351,2023-02-03,Success
37777,2529,15663,2022-05-04,Success
45837,523,16815,2022-08-23,Success
581,1235,27185,2022-05-27,Rejected by the driver
15560,54,33442,2022-06-28,Success
33989,792,30336,2022-05-07,Success
54013,1759,22464,2023-03-11,Rejected by the driver
1260,1815,7330,2022-12-23,Rejected by the driver
14543,1324,8370,2022-08-29,Rejected by the driver
32316,1726,10685,2022-04-14,Rejected by the driver
47424,492,6202,2022-06-03,Success
51341,493,6679,2023-03-24,Success
7555,2367,13100,2022-12-12,Success
56019,1410,36563,2022-11-09,Success
10649,1161,11860,2022-10-11,Rejected by the driver
39986,514,30089,2022-09-05,Success
349,521,7046,2023-02-04,Success
58233,623,4578,2023-01-14,Success
45729,1663,26553,2022-05-25,Success
57386,1014,5146,2023-03-23,Success
13342,1260,3922,2022-05-10,Rejected by the driver
50732,500,25921,2022-03-30,Success
20022,974,12169,2022-11-21,Success
39591,2713,39759,2022-06-02,Success
38125,1236,26034,2022-07-03,Success
29769,2224,39663,2022-08-16,Rejected by the driver
48779,1376,9013,2022-12-29,Success
39667,2352,23451,2022-08-17,Success
9880,986,2836,2022-05-07,Success
31120,2369,35829,2022-08-18,Success
58855,2389,13066,2022-05-11,Success
8315,834,21766,2023-03-19,Cancelled by the passenger
10238,1486,38861,2022-09-25,Success
51923,412,5985,2022-04-21,Success
42619,2423,29683,2022-12-26,Success
20971,1259,30036,2022-09-22,Cancelled by the passenger
9708,1999,7455,2022-04-23,Cancelled by the passenger
44272,2957,4713,2022-06-07,Success
59147,651,37610,2023-02-04,Success
29850,543,1615,2022-04-06,Success
38522,366,25875,2022-08-24,Success
20727,319,36853,2023-04-06,Success
41577,2336,16940,2023-01-26,Success
1653,1724,36154,2022-08-19,Success
25588,14,27074,2022-07-17,Success
15369,2759,19116,2022-03-26,Success
12433,1910,15368,2022-03-15,Success
50167,2549,4254,2022-12-30,Success
55012,2069,5853,2023-03-29,Success
5528,202,22972,2022-10-11,Rejected by the driver
10780,1772,4746,2022-08-04,Success
35271,1911,21723,2022-09-11,Success
56461,2856,9918,2023-02-16,Success
45781,1957,6237,2022-07-01,Success
54621,1881,11609,2022-05-27,Cancelled by the passenger
34868,1926,2508,2022-06-07,Success
54438,2084,37467,2022-09-05,Success
28998,2776,14370,2022-12-17,Success
32191,1540,19483,2022-12-13,Success
15841,2989,25615,2022-08-01,Success
15142,2546,471,2023-02-26,Success
33631,2210,37300,2022-09-29,Success
36984,1014,2608,2023-01-10,Success
32935,17,20341,2023-03-16,Success
3794,2887,23530,2022-03-22,Rejected by the driver
12614,2278,10553,2022-07-17,Success
8447,194,5927,2023-03-06,Success
8849,421,19513,2023-03-15,Success
15644,76,23179,2022-12-09,Rejected by the driver
40778,2889,37882,2022-10-18,Success
46015,603,34578,2022-03-23,Success
5170,582,32497,2022-12-05,Success
7548,2823,20233,2022-05-26,Success
15749,1584,33319,2022-05-24,Rejected by the driver
27040,993,38452,2022-12-02,Success
23400,2006,37564,2022-03-12,Success
19121,2845,18087,2023-02-14,Rejected by the driver
35779,1637,21274,2023-01-29,Success
18129,2289,37393,2022-06-09,Success
25981,191,15152,2023-02-10,Success
7609,930,15142,2023-02-07,Rejected by the driver
17959,706,4830,2022-10-04,Cancelled by the passenger
41589,2494,9511,2023-03-14,Success
37066,3,26339,2022-05-19,Success
2430,1246,33317,2023-04-02,Success
24128,2104,827,2022-07-03,Success
18822,2935,17004,2022-04-02,Success
23347,1101,20926,2022-07-02,Success
59804,2770,4324,2022-09-24,Success
13948,1246,13205,2022-05-28,Success
28021,874,36403,2022-03-20,Success
19727,481,30979,2022-04-19,Success
33975,1054,22017,2022-08-21,Rejected by the driver
13843,1242,3235,2022-08-16,Success
26822,1453,39394,2022-06-20,Success
47216,1125,34065,2022-10-18,Success
38409,1795,35551,2023-04-09,Rejected by the driver
1721,1444,36592,2022-06-05,Rejected by the driver
41036,116,5213,2023-02-15,Success
12948,312,31916,2022-11-21,Rejected by the driver
52077,2295,34989,2022-11-12,Success
54657,2325,15538,2023-01-09,Success
50016,983,24379,2022-09-16,Success
4246,630,37764,2022-07-26,Success
43456,756,7774,2023-02-23,Cancelled by the passenger
36190,1738,15098,2022-06-12,Success
50449,2515,24681,2022-05-17,Rejected by the driver
2354,703,14132,2022-07-31,Success
36764,1185,24636,2022-12-03,Success
27180,588,16151,2023-01-31,Cancelled by the passenger
23905,500,8995,2022-10-14,Success
2719,2828,29866,2022-05-30,Cancelled by the passenger
9113,2960,39500,2023-02-17,Success
4903,1362,23705,2022-11-13,Success
16053,219,11625,2022-04-02,Success
33404,2803,4678,2022-12-25,Success
25777,310,1011,2022-10-23,Cancelled by the passenger
15209,2082,15725,2022-05-21,Success
44461,964,30895,2022-05-10,Success
31735,840,6185,2022-05-19,Success
8961,690,34537,2023-01-23,Success
39267,2179,33076,2023-01-09,Success
28922,375,18946,2022-09-12,Success
42225,986,30582,2023-02-14,Rejected by the driver
36339,116,34521,2022-10-22,Cancelled by the passenger
55350,1045,37251,2022-11-20,Success
39941,1801,31117,2023-02-24,Success
3672,966,14973,2022-11-07,Success
53020,2942,31478,2023-04-05,Success
5938,2841,5328,2022-05-16,Success
23938,2025,30704,2023-02-19,Rejected by the driver
45498,1496,3527,2022-06-20,Success
59289,2830,10592,2022-12-22,Success
16144,1925,30851,2022-12-14,Success
37024,1124,11472,2023-03-31,Success
19524,1071,17377,2023-03-12,Success
12621,1766,31711,2022-10-06,Success
44937,2298,1693,2022-06-08,Success
21565,2664,10431,2022-08-28,Success
56188,1452,26887,2022-04-04,Success
49979,1145,21068,2022-09-08,Success
53146,1227,34452,2022-08-18,Success
3474,791,39419,2022-04-25,Success
33046,2013,33040,2023-02-25,Success
52361,1064,21791,2023-02-08,Success
1912,2036,30211,2022-03-15,Success
38481,713,22714,2022-05-06,Success
48795,1233,32850,2022-05-19,Success
24667,2588,18697,2023-02-19,Cancelled by the passenger
42878,2860,35301,2022-11-08,Rejected by the driver
32138,1273,26583,2023-01-06,Success
4706,1113,9710,2022-08-15,Success
13537,423,16407,2022-08-17,Success
56970,2365,29815,2022-09-03,Success
36657,1387,23124,2022-11-09,Success
8594,2337,37815,2022-10-14,Cancelled by the passenger
50261,1888,29524,2023-02-21,Success
32658,975,14296,2022-12-18,Success
33771,2925,25798,2022-08-18,Success
21554,2043,33372,2022-08-28,Success
26489,1610,23016,2022-10-21,Success
34423,2938,7442,2023-01-26,Success
27108,2249,35625,2022-05-28,Success
9246,36,9164,2022-06-25,Success
40866,2041,33041,2022-07-28,Rejected by the driver
36122,1262,5154,2022-06-03,Success
44716,1288,8988,2023-01-03,Success
17240,2908,13080,2022-07-21,Success
47959,2700,5944,2022-09-28,Success
31160,1114,38968,2022-07-22,Success
18996,1783,8059,2022-09-30,Cancelled by the passenger
35916,253,12401,2022-06-05,Success
30451,2616,27917,2022-12-27,Success
34393,1817,12127,2023-02-15,Success
615,1821,10565,2022-04-24,Success
20116,2199,25155,2022-08-31,Rejected by the driver
27947,2525,6896,2022-06-28,Success
26590,96,1790,2022-07-04,Success
32684,2723,11956,2022-09-14,Rejected by the driver
14465,1355,26848,2022-07-11,Success
28964,97,17464,2022-07-22,Success
1209,962,28978,2022-05-20,Success
23291,2793,4893,2022-11-20,Success
13909,1435,21224,2023-02-21,Success
19163,707,32010,2022-08-29,Success
24331,1438,23478,2022-04-23,Success
29322,189,871,2022-10-13,Success
52695,1618,2637,2022-09-13,Success
3386,394,37805,2023-01-30,Rejected by the driver
32569,392,10018,2023-01-08,Success
34522,1569,37669,2022-10-03,Success
44438,2248,6075,2023-02-02,Cancelled by the passenger
23020,1024,31184,2022-08-28,Success
42613,1452,39709,2022-10-09,Success
10536,21,18714,2022-04-16,Success
57663,1021,9157,2022-04-22,Rejected by the driver
39026,2860,3711,2022-10-05,Success
5578,1023,11750,2022-05-07,Rejected by the driver
10903,333,35690,2022-07-10,Success
4041,2892,3604,2022-03-17,Success
37260,1994,38247,2023-02-17,Success
26057,2332,33968,2022-06-30,Success
36483,1726,12379,2022-12-15,Success
7810,2305,18421,2022-03-21,Success
18287,2787,34498,2022-08-05,Cancelled by the passenger
23520,227,31048,2022-03-24,Rejected by the driver
23575,1893,1563,2022-06-11,Success
58220,78,15506,2022-10-06,Success
2599,2593,3808,2023-04-01,Success
32839,249,3874,2022-12-24,Success
32615,609,8701,2022-03-19,Cancelled by the passenger
7761,700,34106,2023-03-10,Success
43747,2147,16876,2022-07-09,Success
41478,2793,14684,2023-01-17,Success
51184,1396,10214,2023-02-16,Success
10505,2073,32584,2022-12-19,Success
2305,1458,24301,2023-02-09,Success
36048,1998,25949,2022-03-12,Success
59825,2474,5583,2023-02-22,Success
39012,1893,4614,2022-09-11,Rejected by the driver
45390,2647,35753,2023-01-17,Success
59967,2049,7276,2022-05-27,Rejected by the driver
48130,259,19015,2022-05-03,Success
27231,1669,10604,2022-06-30,Success
9742,2175,38463,2022-11-15,Success
21036,2030,13853,2022-05-15,Success
21642,95,10821,2023-02-26,Success
10519,987,14048,2022-10-01,Success
19685,252,6955,2022-07-04,Success
2238,2432,38520,2022-07-11,Success
31714,2207,30646,2022-12-28,Success
9600,1548,39996,2022-04-17,Success
14355,2117,21718,2022-09-19,Cancelled by the passenger
54752,707,24980,2022-05-05,Cancelled by the passenger
7801,937,4872,2023-02-26,Success
24177,1651,22913,2022-08-10,Success
9067,702,1475,2022-11-20,Rejected by the driver
12213,2289,3701,2022-10-27,Success
15052,2987,39331,2023-03-27,Success
17131,211,33880,2022-05-29,Success
16534,606,4810,2022-09-21,Success
15148,1399,22151,2022-12-18,Success
31651,1029,35797,2022-11-01,Success
47058,1679,31178,2022-11-07,Rejected by the driver
7201,2938,15212,2022-04-08,Cancelled by the passenger
1101,618,25164,2022-11-16,Success
43508,1767,19042,2023-01-23,Success
57876,1036,8151,2022-12-23,Success
23167,1467,20489,2022-06-25,Success
23356,128,35753,2022-11-28,Success
7310,895,12770,2023-02-14,Success
34608,2611,5037,2022-05-29,Success
39621,85,38844,2022-11-18,Success
6154,132,23647,2022-06-27,Success
55513,2883,8319,2022-05-21,Success
7266,2053,18776,2023-03-14,Success
3555,1641,25594,2023-02-12,Success
44072,2768,34610,2022-07-20,Success
30784,1577,22003,2022-05-30,Success
32905,359,26503,2022-03-17,Cancelled by the passenger
40077,2274,36369,2023-01-15,Success
28270,2630,31526,2022-09-24,Rejected by the driver
59697,1600,18888,2022-09-01,Rejected by the driver
7387,105,23192,2023-03-05,Success
13351,2779,32204,2022-09-22,Success
8192,1547,32133,2022-11-22,Success
37266,1412,31557,2022-09-08,Rejected by the driver
12581,761,12170,2022-10-13,Success
33126,631,8066,2022-12-14,Success
54892,916,13915,2022-07-07,Success
5341,1484,27318,2022-06-19,Success
48597,2242,38296,2022-12-02,Success
2118,1215,13897,2022-06-21,Success
43284,708,3083,2022-09-27,Rejected by the driver
10892,611,21482,2022-09-17,Success
56946,2576,29158,2023-03-05,Success
43631,900,18637,2022-07-05,Success
11165,1115,33336,2022-07-31,Rejected by the driver
14777,1173,32297,2023-03-19,Success
2454,379,16583,2022-06-20,Success
53094,1149,29419,2022-05-04,Success
21386,225,27166,2022-10-25,Success
57369,50,19474,2023-04-04,Success
16197,1608,27477,2023-04-06,Success
31995,2467,1063,2023-02-21,Success
43048,527,1624,2022-09-24,Success
35024,825,19941,2022-05-29,Success
25707,2353,5331,2023-03-06,Success
9348,1724,5575,2022-04-02,Success
48763,1086,24503,2022-11-29,Success
32406,124,1159,2022-07-15,Success
32204,2423,32579,2023-03-25,Success
26361,1386,21812,2023-02-14,Success
508,1922,14224,2023-03-30,Success
58906,1555,2421,2022-11-10,Success
27406,708,19419,2023-01-27,Success
23658,199,33405,2022-10-21,Success
45182,597,1142,2022-07-09,Success
28806,2306,1020,2022-06-08,Success
42573,1043,22514,2022-10-09,Success
37396,2571,31980,2022-10-22,Success
118,410,23756,2022-12-03,Success
50423,1460,16518,2022-07-15,Success
16847,314,12628,2023-02-10,Success
16853,1306,34762,2022-12-13,Success
36802,2073,14584,2022-03-26,Success
529,388,18256,2022-12-20,Success
59483,2206,13888,2022-12-30,Success
9970,43,36749,2023-01-21,Success
9218,2189,30719,2023-01-04,Success
18336,2210,3173,2022-07-27,Cancelled by the passenger
56552,762,37226,2023-04-08,Success
24208,2917,33252,2022-05-14,Success
11936,2769,27063,2022-05-26,Cancelled by the passenger
32328,1651,30407,2022-11-20,Cancelled by the passenger
24314,2486,37260,2023-01-28,Cancelled by the passenger
9325,1419,30538,2022-03-22,Success
6324,1024,23172,2022-05-15,Success
53426,284,28409,2022-03-23,Success
19186,2425,25652,2022-11-22,Success
55489,2632,6416,2022-09-24,Success
34355,1580,39753,2022-07-25,Success
43612,1508,1758,2022-05-25,Cancelled by the passenger
30112,1767,7323,2022-08-27,Success
8750,900,3039,2022-12-14,Success
20923,354,12281,2023-01-31,Success
29074,2504,39097,2023-04-09,Cancelled by the passenger
31958,1099,9181,2022-10-06,Rejected by the driver
16081,73,7373,2023-04-08,Cancelled by the passenger
15481,1799,3276,2022-06-25,Success
39770,421,28680,2022-11-03,Success
23001,2758,22100,2023-04-13,Success
27397,2511,25954,2022-11-09,Success
28982,1500,36181,2022-10-10,Success
5487,598,31619,2023-03-17,Rejected by the driver
21252,2053,13527,2022-06-10,Success
55148,2220,17500,2022-12-18,Success
53347,2210,15194,2023-02-01,Rejected by the driver
51896,712,542,2022-12-11,Success
26428,1460,28530,2022-12-19,Success
56184,1582,7107,2022-11-20,Rejected by the driver
55487,2250,18576,2023-02-02,Success
27979,1047,28678,2022-06-15,Cancelled by the passenger
48840,2605,7803,2022-04-19,Success
33068,1313,10330,2023-04-10,Cancelled by the passenger
43571,772,14420,2022-10-14,Success
26884,1360,36605,2022-12-16,Success
26539,2525,34756,2022-04-15,Success
11683,597,14331,2023-03-12,Success
39561,2754,23665,2023-03-11,Rejected by the driver
2409,2341,7390,2023-03-27,Success
40465,1038,28555,2023-03-06,Rejected by the driver
46890,810,22500,2022-07-16,Success
40603,2051,4238,2022-07-14,Success
7908,1660,38409,2022-09-08,Cancelled by the passenger
55383,1115,39744,2022-03-25,Success
6931,998,1452,2023-03-14,Cancelled by the passenger
3798,2393,16014,2022-10-16,Success
45406,1876,32000,2022-07-25,Success
42135,2124,3399,2022-09-05,Rejected by the driver
36813,1144,6790,2022-06-25,Success
24249,1053,6660,2022-08-27,Success
47069,242,5057,2022-08-28,Success
36534,2380,14469,2022-12-01,Success
28809,924,34468,2022-11-04,Success
47930,249,9618,2023-02-05,Rejected by the driver
8910,1489,29553,2023-01-11,Success
54989,960,12374,2023-03-19,Cancelled by the passenger
51500,2276,22374,2022-04-11,Success
23898,1370,17759,2022-12-09,Rejected by the driver
33047,189,16276,2022-10-21,Success
21023,344,3304,2022-07-26,Success
25035,2896,32081,2022-09-21,Success
16922,2667,31194,2022-07-18,Rejected by the driver
47738,2513,2431,2023-02-01,Success
8175,645,2296,2022-03-30,Success
23063,2506,17968,2022-11-13,Success
46182,486,17693,2022-12-11,Success
26175,2343,8908,2023-03-11,Success
48372,2527,26265,2022-11-01,Success
47704,543,14121,2022-04-05,Success
50887,1246,1601,2022-07-04,Success
44819,620,13596,2022-12-05,Success
40227,2995,9507,2022-03-19,Success
7874,2797,2519,2022-12-22,Success
42413,1339,25608,2022-10-25,Success
28029,337,35333,2023-01-13,Success
22841,479,18400,2023-03-29,Success
23873,1160,9395,2022-07-08,Success
51152,2469,12765,2022-09-05,Success
32000,165,4308,2022-04-14,Success
55664,2867,32000,2022-06-11,Rejected by the driver
9518,1594,29768,2023-04-07,Success
6125,2421,30709,2022-07-01,Success
15547,2755,5338,2022-10-27,Success
158,355,31868,2022-08-21,Success
54290,1695,10797,2022-05-19,Rejected by the driver
18688,1864,10544,2023-01-18,Success
40491,2516,17351,2022-10-28,Success
37616,1886,28097,2022-06-11,Cancelled by the passenger
9801,133,11415,2022-11-04,Cancelled by the passenger
42552,1775,23234,2023-03-07,Success
44082,335,6809,2023-02-16,Success
11491,1501,1423,2022-11-08,Success
22869,1189,11087,2023-03-21,Success
38830,852,24238,2022-12-24,Cancelled by the passenger
1592,213,11386,2022-03-19,Success
4154,2255,1605,2022-10-25,Rejected by the driver
24597,255,39359,2023-03-21,Success
29296,933,38143,2023-04-05,Success
18255,1964,13171,2022-04-01,Success
10807,2824,4038,2022-05-14,Cancelled by the passenger
11116,465,5183,2023-02-17,Success
43528,2886,22181,2022-07-05,Success
9967,985,27935,2022-10-23,Success
33390,193,15746,2022-11-18,Success
19889,153,25412,2022-05-15,Success
25500,1469,24360,2022-06-03,Success
9540,2284,32205,2022-12-16,Success
20380,1604,30366,2023-03-02,Cancelled by the passenger
565,196,14698,2022-03-26,Success
48971,586,16746,2022-07-24,Success
7812,326,12864,2023-03-11,Success
31939,2797,2622,2022-07-18,Success
8942,2768,27112,2022-07-22,Success
17999,1096,17298,2022-10-20,Cancelled by the passenger
52478,636,7978,2022-09-27,Success
49881,531,19624,2022-06-15,Success
28582,761,36956,2022-08-25,Success
24289,915,36640,2022-08-27,Success
23119,1182,11652,2023-01-27,Cancelled by the passenger
21974,442,34843,2022-12-19,Success
17581,2116,15702,2023-01-08,Success
54535,52,13847,2022-09-19,Success
7866,909,12674,2022-07-02,Success
14519,1491,14286,2022-05-08,Success
35201,1038,23466,2022-03-23,Rejected by the driver
9230,2096,17394,2023-02-22,Rejected by the driver
44638,1991,30051,2022-08-04,Rejected by the driver
56845,2954,28313,2022-10-22,Rejected by the driver
10784,237,33811,2022-03-21,Success
29023,1804,1095,2022-05-05,Success
35795,2102,27197,2022-10-17,Success
3396,2786,30743,2023-03-18,Rejected by the driver
44289,342,17811,2023-02-08,Success
44703,553,34352,2022-07-23,Cancelled by the passenger
22070,2241,1190,2022-12-30,Success
26189,2943,8865,2022-04-27,Success
53840,2256,1111,2023-02-07,Success
37227,898,13042,2022-06-21,Success
38903,1804,34248,2022-07-28,Cancelled by the passenger
34850,2199,11051,2023-03-05,Rejected by the driver
28027,438,22340,2022-07-31,Success
2120,1941,26006,2022-09-21,Success
17421,2201,35654,2023-01-19,Success
47261,1020,28867,2022-04-08,Success
53701,2011,9146,2022-11-21,Success
2026,1097,38103,2023-03-01,Success
15086,805,23229,2022-10-20,Rejected by the driver
6727,2773,29394,2022-10-01,Rejected by the driver
43224,2276,9840,2023-01-12,Success
26265,1889,8150,2022-05-19,Success
25615,979,21842,2023-02-28,Success
3168,713,25770,2022-12-03,Success
50427,2468,7969,2022-07-07,Cancelled by the passenger
58004,2503,24642,2022-09-20,Success
46041,631,19396,2023-02-11,Success
43127,2892,10698,2022-06-26,Success
54048,1544,39033,2023-01-20,Success
14833,510,7255,2022-11-10,Cancelled by the passenger
8249,2419,32767,2022-12-18,Cancelled by the passenger
21938,956,9006,2022-09-05,Success
8743,2678,24184,2023-03-15,Success
26666,981,14306,2022-09-09,Success
6817,1954,14687,2022-03-17,Success
23169,935,731,2022-03-31,Success
40145,1316,24361,2022-07-16,Success
10868,2784,39725,2022-09-26,Success
59086,2596,28622,2023-02-07,Success
23690,1838,19853,2022-10-06,Rejected by the driver
33673,2957,17664,2023-02-05,Success
38840,848,6249,2022-03-19,Success
36127,1326,16449,2022-04-15,Success
10501,134,13750,2022-10-27,Success
43016,1638,10992,2022-07-27,Rejected by the driver
39715,396,32914,2022-10-06,Cancelled by the passenger
52159,2237,22465,2022-12-29,Success
38962,2958,19305,2022-12-28,Success
23753,1175,23330,2022-07-16,Success
34062,1937,6818,2022-06-25,Success
38010,2922,35683,2022-06-03,Success
49356,1126,15637,2022-06-09,Success
7783,2309,8294,2022-10-17,Success
59837,2273,32119,2023-04-12,Success
49171,1345,33640,2022-05-04,Success
9273,93,36841,2023-02-21,Success
48479,272,2960,2023-02-24,Success
12659,2565,30526,2023-02-05,Success
36622,1099,35807,2023-03-01,Success
13035,549,29868,2023-01-29,Success
10479,2256,36214,2022-04-04,Success
59760,2769,23585,2023-03-21,Rejected by the driver
24900,2483,6587,2022-04-25,Cancelled by the passenger
41541,2246,18972,2022-08-03,Rejected by the driver
29135,2824,12769,2022-10-14,Rejected by the driver
14539,1992,10384,2022-10-24,Cancelled by the passenger
56797,2335,23471,2023-01-28,Success
19450,2879,21313,2022-08-26,Success
36278,1054,20255,2022-11-04,Success
41150,794,6420,2023-03-26,Success
51005,2638,317,2022-04-16,Success
19056,1613,11631,2023-02-26,Success
46450,583,16046,2022-07-24,Success
11816,1902,15371,2022-10-06,Success
32697,2304,466,2023-03-03,Success
58647,123,2844,2023-03-02,Success
17227,2396,28570,2022-05-18,Rejected by the driver
51955,1210,28561,2023-02-24,Success
17363,2863,13719,2022-07-30,Success
8790,2172,5435,2022-11-14,Cancelled by the passenger
28741,291,28950,2023-03-17,Success
40781,1904,5803,2022-12-09,Success
19717,1720,37103,2022-04-19,Success
6416,449,4885,2022-05-22,Success
55488,2088,33674,2022-11-01,Cancelled by the passenger
48915,953,9564,2022-11-08,Success
41057,2521,17935,2023-02-12,Cancelled by the passenger
4177,997,18414,2023-01-26,Success
12593,2772,16909,2022-06-11,Rejected by the driver
50149,1428,17657,2022-08-19,Success
55223,2361,9196,2022-10-28,Success
12096,679,31299,2023-02-27,Success
26603,2234,37351,2022-05-24,Success
32940,2263,37387,2022-06-21,Success
57263,1221,37629,2022-10-25,Success
47115,1131,38636,2022-08-26,Rejected by the driver
51326,1950,24028,2022-10-26,Success
24713,2081,32363,2023-02-20,Success
53915,2807,34460,2022-05-27,Rejected by the driver
55044,811,9364,2022-05-10,Rejected by the driver
55872,1250,26427,2022-11-12,Success
48478,2021,7807,2022-05-19,Success
43079,2386,3664,2022-11-07,Success
41831,1941,11649,2022-12-25,Rejected by the driver
58536,1620,14762,2022-03-24,Success
30572,2569,2426,2022-11-08,Success
21860,2199,35036,2022-05-27,Success
39282,2823,20857,2022-04-07,Rejected by the driver
26219,2891,39822,2023-02-23,Success
52881,1550,37936,2022-08-23,Success
5842,640,31738,2022-04-19,Success
7719,2867,5428,2023-03-07,Success
22976,307,26943,2023-01-13,Success
23940,1716,22805,2022-05-13,Success
58031,148,11902,2023-02-24,Success
7684,2073,278,2023-01-25,Success
41113,670,3062,2022-04-07,Success
27630,964,4476,2023-01-23,Success
57191,605,4741,2022-11-15,Success
9109,1206,6930,2022-09-17,Success
19735,123,33907,2023-03-06,Success
44554,1441,10370,2023-03-28,Cancelled by the passenger
26639,1156,38042,2023-04-10,Cancelled by the passenger
36664,784,14621,2023-01-16,Success
39725,356,34601,2023-01-16,Cancelled by the passenger
49601,272,34502,2022-06-06,Cancelled by the passenger
37844,254,7555,2022-08-31,Rejected by the driver
15895,2108,8786,2022-06-14,Success
14143,1277,10554,2022-04-11,Cancelled by the passenger
41087,2107,15285,2022-07-06,Success
47242,762,4209,2022-12-23,Success
37329,1884,17350,2022-10-12,Success
56680,872,30847,2022-06-04,Success
8357,789,4436,2022-11-12,Success
27247,158,10231,2022-09-01,Cancelled by the passenger
39087,1033,34718,2022-10-10,Success
8218,497,39549,2022-05-01,Success
47814,2883,33170,2022-05-03,Success
34461,2694,28434,2022-12-01,Success
8023,323,8731,2022-07-28,Success
50460,1355,18688,2023-02-26,Success
12370,993,32725,2023-02-04,Success
42365,306,17793,2022-03-21,Success
44468,361,35099,2022-12-13,Cancelled by the passenger
18942,2010,35462,2022-09-04,Cancelled by the passenger
35275,1819,6840,2022-10-06,Success
12488,619,5159,2022-12-10,Success
99,1804,2287,2022-06-01,Success
31318,1337,25077,2022-03-27,Success
16749,795,24570,2022-04-06,Cancelled by the passenger
20105,2380,12905,2022-06-02,Cancelled by the passenger
32040,311,8869,2022-04-12,Success
25762,2183,25429,2022-07-02,Success
54155,2616,34440,2022-07-03,Rejected by the driver
45886,1946,13165,2022-05-21,Cancelled by the passenger
45408,959,12045,2022-09-05,Success
26739,2769,23704,2022-07-09,Success
56354,614,33448,2022-11-29,Success
51207,2022,23014,2022-04-24,Success
48386,548,34245,2023-04-01,Success
14411,1897,31002,2022-08-01,Rejected by the driver
23931,578,4969,2022-07-31,Success
5869,407,15494,2023-02-19,Success
37871,1656,22369,2023-01-07,Success
42682,1991,38137,2022-08-16,Cancelled by the passenger
16148,690,19381,2022-11-10,Success
9912,1347,34773,2022-04-30,Success
782,1439,8235,2023-01-03,Success
2049,1428,32231,2022-11-01,Cancelled by the passenger
1584,2223,5148,2023-01-21,Success
21035,1918,30355,2022-04-25,Rejected by the driver
36625,799,12920,2023-03-14,Success
14133,1916,36431,2022-11-14,Success
21428,2577,31938,2022-12-11,Success
15767,1429,27278,2022-06-28,Success
56209,2456,21414,2022-08-10,Success
42008,1066,15994,2022-05-12,Success
57774,1577,36912,2022-08-13,Success
24955,1599,6565,2022-03-26,Success
54287,2082,14979,2022-05-23,Success
16579,1802,1544,2022-11-27,Success
33349,129,5053,2022-05-06,Cancelled by the passenger
36965,1553,22408,2022-04-04,Success
38391,2927,30681,2022-11-26,Success
54960,1208,17817,2023-01-31,Success
11115,951,5555,2022-05-25,Rejected by the driver
32423,853,100,2022-09-28,Success
5906,1979,39376,2023-01-19,Success
50680,2886,24784,2022-10-21,Rejected by the driver
34210,250,37647,2022-12-31,Success
38871,1437,35083,2022-06-05,Success
58439,2334,38687,2022-06-20,Success
55222,2710,33497,2022-11-20,Success
54671,2773,28083,2022-11-10,Rejected by the driver
40452,2469,22341,2022-04-23,Success
44909,2541,3465,2022-11-15,Cancelled by the passenger
33685,2178,7304,2022-08-07,Success
40827,2084,12965,2022-09-05,Success
28987,2943,12925,2022-12-07,Rejected by the driver
18274,2211,7104,2022-10-01,Rejected by the driver
35430,1611,13715,2023-04-04,Success
37784,1853,10249,2022-03-12,Success
37758,1261,2886,2022-11-16,Success
57445,2666,19554,2022-10-23,Success
48665,1414,31392,2022-03-29,Cancelled by the passenger
54723,2558,27351,2023-04-15,Success
43209,1777,19310,2022-07-07,Success
12391,1812,9719,2022-04-16,Rejected by the driver
18315,1386,16734,2022-12-19,Cancelled by the passenger
30235,2280,14363,2022-08-24,Success
56287,838,30163,2022-03-24,Success
18927,1975,29940,2022-07-22,Success
10427,711,31940,2022-05-01,Success
5844,283,12642,2022-04-01,Success
13163,1185,30847,2022-04-03,Cancelled by the passenger
57609,1254,5386,2022-05-02,Success
50662,581,24023,2023-03-16,Success
46611,1884,4187,2022-11-26,Cancelled by the passenger
46829,616,15265,2023-01-31,Success
52196,1850,1315,2023-03-19,Success
42075,1684,10955,2022-12-12,Success
7086,2039,31374,2023-03-16,Success
20384,2335,17012,2022-09-30,Success
30100,2069,36169,2022-12-19,Success
24196,344,7164,2022-04-05,Success
13541,2073,33327,2023-01-23,Rejected by the driver
23693,1434,23672,2022-06-22,Rejected by the driver
1188,1466,20091,2022-04-05,Success
44144,405,26701,2022-10-28,Success
18005,753,375,2022-10-18,Success
20559,2146,8680,2022-06-22,Rejected by the driver
27297,2558,15562,2022-12-25,Success
21671,78,1248,2022-05-02,Success
24843,506,7801,2023-04-14,Success
23185,106,12440,2022-11-05,Success
32930,1474,35440,2022-03-26,Success
13934,1933,17281,2022-11-17,Success
48871,1986,4799,2022-06-23,Rejected by the driver
41644,1592,24261,2023-04-05,Success
28059,1691,23966,2022-10-27,Success
11155,1843,16775,2022-03-13,Success
44669,2964,35252,2022-04-26,Success
13739,1910,37612,2023-03-26,Success
36692,2319,6376,2022-04-02,Success
26381,1077,8630,2022-04-07,Rejected by the driver
45229,1104,26947,2023-02-05,Success
44491,1140,32667,2023-02-17,Success
1517,1509,26463,2022-11-30,Success
56269,2300,28664,2022-08-26,Success
4788,730,4321,2023-03-21,Success
25809,651,4761,2022-05-26,Rejected by the driver
15616,2008,29121,2023-02-07,Cancelled by the passenger
16516,626,12539,2022-11-28,Rejected by the driver
28850,2638,19885,2023-01-27,Success
20471,2783,2765,2022-10-17,Success
49304,111,37362,2023-01-19,Success
23959,118,14447,2022-08-14,Success
16815,31,19751,2023-02-21,Cancelled by the passenger
16257,2544,16884,2023-01-06,Success
26070,700,7326,2022-08-01,Success
17495,2569,25168,2022-07-26,Cancelled by the passenger
9088,2508,33810,2022-11-11,Rejected by the driver
57095,550,39186,2022-06-13,Success
11391,2935,9701,2022-05-28,Success
18317,693,29026,2022-10-31,Rejected by the driver
5145,162,2603,2022-06-01,Success
52878,449,6301,2022-07-29,Success
27715,21,10450,2023-01-17,Success
17601,758,27019,2023-03-14,Success
11193,1239,2693,2023-02-13,Rejected by the driver
16799,430,14732,2023-03-14,Success
6800,959,7879,2022-11-20,Cancelled by the passenger
36201,2669,15669,2023-03-21,Success
55232,1673,36560,2023-03-31,Rejected by the driver
51926,290,12672,2022-08-08,Success
2702,1030,21541,2022-07-29,Rejected by the driver
20916,854,3368,2022-08-10,Success
45287,813,15962,2022-04-05,Success
41362,1201,5808,2022-04-20,Success
27450,1203,15160,2023-02-02,Success
9852,1064,5604,2022-10-13,Success
31493,2879,5150,2022-06-05,Success
6499,942,1428,2023-01-31,Success
44604,632,35695,2022-04-14,Success
28299,146,18255,2022-10-31,Rejected by the driver
29490,2168,9459,2023-03-11,Success
46892,2506,27597,2022-12-12,Success
3410,2634,23372,2022-09-15,Success
54684,717,13705,2022-12-13,Cancelled by the passenger
22780,2245,17974,2022-08-02,Success
7278,702,12708,2023-04-09,Success
47276,2167,36125,2022-11-16,Success
53612,596,6804,2022-08-29,Success
20405,203,34252,2022-12-09,Success
23381,799,3279,2023-02-06,Success
4868,1863,17876,2023-03-28,Rejected by the driver
40891,2369,13659,2022-12-17,Success
39648,2962,16596,2023-01-10,Success
53055,1213,28543,2022-12-29,Success
37441,627,3446,2022-12-22,Success
34234,2836,39604,2022-10-14,Success
11131,113,31255,2022-08-04,Success
37713,1657,5001,2023-01-15,Cancelled by the passenger
40609,2133,22691,2022-10-14,Success
2428,965,5073,2022-03-13,Rejected by the driver
9754,1387,19994,2022-05-09,Rejected by the driver
55376,1854,7432,2022-10-13,Success
4271,636,6419,2022-05-11,Success
18263,1775,29985,2022-10-24,Success
52824,1369,34747,2022-04-14,Success
23041,1576,39015,2022-08-02,Success
38802,2870,35236,2023-03-07,Success
15859,2391,37318,2023-01-21,Success
53512,1633,29326,2022-11-09,Cancelled by the passenger
26214,2611,736,2022-06-19,Success
36777,2082,35330,2022-11-07,Success
40929,629,11506,2022-12-27,Success
32902,1900,160,2022-07-04,Success
28119,3,29857,2023-04-07,Rejected by the driver
12681,1672,29946,2022-12-22,Success
4483,1805,33827,2022-05-01,Success
3182,1155,22225,2022-12-04,Success
47425,1002,4794,2022-07-16,Success
23806,2059,21475,2022-11-21,Success
34415,261,10221,2022-09-18,Success
47692,1228,30513,2022-12-03,Success
15558,857,39048,2022-07-21,Rejected by the driver
40615,1151,15237,2023-03-08,Rejected by the driver
37445,2523,19894,2022-07-10,Success
2038,2328,13764,2023-03-10,Success
43896,313,23638,2022-12-23,Success
33610,978,2711,2022-06-11,Success
22517,2405,5554,2023-04-14,Success
41526,1244,24560,2022-10-31,Success
37645,2053,18172,2022-12-04,Success
43091,571,23550,2022-10-04,Cancelled by the passenger
37584,1997,32124,2022-03-13,Success
44763,366,11144,2022-11-13,Rejected by the driver
7966,2908,28139,2022-12-14,Success
54350,1565,2966,2022-12-04,Success
40755,164,21612,2022-04-16,Success
39216,2457,15190,2022-07-29,Cancelled by the passenger
1593,1478,24796,2022-09-17,Success
49974,1272,18327,2022-12-14,Success
37338,1864,34314,2023-03-18,Success
12999,2423,11237,2022-08-02,Success
7412,2078,8690,2023-02-05,Success
24264,2149,26129,2022-12-24,Rejected by the driver
22323,327,23511,2022-04-14,Success
31621,2385,29982,2022-12-26,Success
22386,2263,15846,2022-05-15,Cancelled by the passenger
54703,163,34279,2022-11-07,Success
20925,1318,7945,2022-09-20,Success
26388,1878,24950,2022-07-08,Rejected by the driver
5326,259,17419,2023-02-09,Cancelled by the passenger
10851,2511,6910,2022-07-18,Success
59859,2458,39922,2023-03-24,Success
10355,958,32069,2022-11-15,Rejected by the driver
9222,2369,23167,2022-06-09,Success
1398,271,1140,2022-11-12,Success
55600,202,31506,2022-04-17,Success
25490,2718,26189,2022-07-14,Success
27165,12,14632,2022-08-09,Success
4698,2527,35180,2022-06-26,Rejected by the driver
24576,504,29692,2022-04-02,Success
6787,2469,23089,2022-07-05,Rejected by the driver
57865,1884,25295,2022-06-14,Rejected by the driver
31889,1581,8014,2022-03-24,Rejected by the driver
27934,2243,24516,2023-04-12,Success
31139,772,17360,2022-06-29,Success
20406,2676,7111,2022-10-18,Success
55706,979,18283,2023-04-07,Success
43286,1787,37118,2022-11-13,Success
33424,597,13033,2022-07-07,Success
23650,2222,20716,2022-05-02,Success
3360,92,21621,2022-10-11,Success
28923,1578,14182,2022-05-06,Success
30826,797,39234,2022-10-04,Success
14080,1326,10010,2022-11-13,Cancelled by the passenger
59759,1897,3239,2023-02-07,Success
41339,450,13924,2022-09-23,Success
16211,1901,26848,2023-03-19,Success
57502,1622,8059,2023-01-21,Success
21012,2957,20290,2023-02-14,Success
10487,2461,37936,2022-07-02,Success
9510,2314,10008,2023-03-01,Success
41852,922,30752,2023-01-02,Success
6353,1224,1405,2022-06-09,Success
25032,2103,3408,2022-06-17,Cancelled by the passenger
7225,1705,16182,2023-04-02,Rejected by the driver
19983,231,32319,2022-05-19,Success
5882,1080,12505,2022-10-23,Success
4234,1324,18394,2022-04-13,Success
43386,187,28061,2022-08-22,Success
56685,1431,13843,2023-02-07,Success
32824,1203,8022,2022-07-03,Cancelled by the passenger
58364,1950,22905,2022-11-05,Rejected by the driver
5696,183,16791,2022-04-21,Success
50331,2625,4834,2022-05-17,Success
10314,362,8775,2023-03-12,Success
14010,1031,16239,2022-05-28,Success
2044,1489,17651,2022-08-05,Success
7853,100,23634,2022-10-27,Success
31316,451,31104,2022-08-24,Cancelled by the passenger
56779,556,31754,2022-12-21,Success
25944,2102,8356,2022-10-24,Success
10753,2354,39196,2022-12-17,Cancelled by the passenger
51044,983,19507,2022-07-18,Success
15848,1930,4216,2022-06-05,Success
51020,1069,26161,2022-12-07,Rejected by the driver
43345,2210,24342,2022-06-07,Success
18297,1488,33262,2022-10-15,Success
39866,2876,11685,2022-12-04,Cancelled by the passenger
6234,449,12084,2022-10-08,Success
47559,2634,11692,2022-05-04,Cancelled by the passenger
16796,925,30368,2023-03-01,Cancelled by the passenger
27540,496,31545,2022-03-29,Success
4134,2587,10091,2023-03-11,Success
21956,114,9346,2022-04-07,Success
36467,122,38341,2022-05-26,Success
25930,2058,6473,2022-04-02,Success
41907,2648,28934,2022-04-03,Success
9264,1142,2773,2022-04-17,Success
48946,712,6920,2022-09-05,Cancelled by the passenger
27744,2741,36909,2022-09-20,Success
51670,937,20816,2022-08-16,Success
59144,1701,9427,2023-03-17,Success
20308,2394,2685,2022-09-15,Success
1561,1329,29784,2022-03-16,Success
54103,2014,25885,2022-10-11,Success
43704,2917,19892,2022-06-08,Rejected by the driver
55234,1397,11518,2022-07-18,Success
38544,1278,34179,2023-03-30,Success
33988,1333,29005,2022-08-31,Success
48073,128,19768,2023-02-19,Cancelled by the passenger
8355,1479,1274,2022-09-09,Success
28493,2196,248,2023-02-13,Success
44026,521,13252,2022-06-14,Cancelled by the passenger
48511,1102,16327,2022-06-30,Success
927,554,3574,2022-11-09,Rejected by the driver
20086,119,32634,2022-11-30,Success
3427,850,24755,2023-03-02,Cancelled by the passenger
48477,2482,5986,2022-10-19,Success
44344,207,33760,2022-08-09,Success
17537,1208,33400,2023-04-10,Success
9524,2368,18383,2023-01-23,Success
3906,2141,28275,2023-02-15,Success
22399,356,33240,2022-08-12,Success
53095,1528,3408,2022-04-25,Success
28629,1555,29199,2023-03-29,Success
7661,2223,36052,2022-08-03,Success
58915,1350,370,2022-11-11,Success
33060,1783,33136,2022-07-21,Success
37403,1361,32830,2022-07-24,Success
40070,2021,27807,2022-11-08,Success
32827,1005,15892,2023-04-14,Success
45245,567,13709,2023-03-08,Success
29836,2199,19946,2023-01-29,Success
21349,367,20403,2023-03-26,Success
48942,2720,3093,2022-06-13,Rejected by the driver
23977,1766,33466,2022-04-17,Success
913,1138,24806,2022-08-28,Success
5152,2903,35116,2022-03-20,Success
55259,2946,21248,2022-10-09,Success
21925,1870,37083,2022-08-30,Success
5820,2258,25850,2023-01-13,Success
37971,880,36411,2022-05-28,Success
43014,1430,11808,2022-08-07,Success
58556,174,39211,2023-01-10,Success
45022,2933,31609,2023-02-24,Success
7447,420,5741,2022-11-04,Success
27965,2388,27901,2022-05-12,Success
4591,1532,39277,2023-03-13,Cancelled by the passenger
14771,2088,32291,2022-09-04,Success
57281,2323,14630,2022-06-09,Success
36262,260,12609,2023-03-12,Success
5582,2492,35805,2022-04-15,Success
34766,2120,4982,2023-03-03,Rejected by the driver
52573,56,4696,2022-03-30,Success
49335,2944,1214,2022-04-09,Success
31482,2416,7981,2022-05-24,Success
37354,2402,14782,2022-08-19,Success
54159,1301,18516,2022-12-05,Rejected by the driver
44086,873,33661,2022-05-27,Success
21203,1603,7999,2022-08-28,Success
29172,1435,26477,2022-10-01,Success
46650,1655,5531,2023-03-24,Success
29483,750,3618,2023-01-29,Rejected by the driver
30750,2781,6693,2022-12-05,Success
19849,2471,954,2023-02-27,Success
13580,1227,39462,2022-10-25,Success
44982,241,35365,2022-08-11,Rejected by the driver
21146,2016,32877,2022-08-22,Success
25146,215,16194,2022-05-10,Success
40496,246,23633,2022-05-16,Success
56307,564,10873,2022-06-15,Success
22076,534,11068,2022-11-25,Rejected by the driver
42084,295,3444,2022-10-23,Cancelled by the passenger
21442,1981,3689,2022-05-12,Success
43070,1850,10315,2023-01-17,Success
33315,113,29093,2022-11-26,Success
27102,2062,21498,2023-03-07,Success
53636,1191,24168,2022-10-27,Success
55800,259,16488,2022-09-22,Success
14670,1052,10184,2023-01-03,Success
30601,753,36094,2022-09-03,Success
49572,297,8627,2022-09-10,Rejected by the driver
11068,1475,6069,2022-06-01,Success
36598,2228,26610,2023-03-23,Success
19501,266,33307,2022-10-24,Success
19001,2967,33130,2022-08-06,Success
11940,250,22749,2022-12-24,Success
54707,1290,10233,2023-03-16,Cancelled by the passenger
19268,702,33797,2022-08-15,Success
2755,2402,4410,2022-07-26,Success
2314,1890,18293,2023-03-12,Success
14973,2019,7895,2022-07-21,Success
31879,1190,2728,2023-02-06,Rejected by the driver
42652,2070,25398,2022-10-30,Cancelled by the passenger
33412,20,16765,2023-03-31,Success
42574,2646,21312,2023-04-15,Success
54995,1269,34048,2022-05-16,Success
37969,2319,23127,2022-04-24,Success
35418,2990,10348,2022-05-11,Rejected by the driver
42783,909,24251,2023-04-05,Success
3148,618,30899,2022-08-01,Success
36540,2810,15677,2022-05-31,Success
14576,1426,14458,2022-09-02,Success
36574,1643,30956,2023-02-01,Rejected by the driver
33824,1173,12741,2022-06-26,Success
29297,2420,4090,2022-06-19,Cancelled by the passenger
39500,2493,5387,2022-07-16,Success
8366,1800,7948,2022-04-10,Success
47970,1792,5323,2023-03-11,Success
11485,949,14380,2022-08-11,Success
39273,905,32906,2022-08-05,Rejected by the driver
7060,1761,38018,2022-07-01,Success
34104,1509,35074,2022-11-08,Success
19877,1164,3214,2023-03-18,Success
3896,84,3475,2022-11-13,Success
44299,456,35700,2023-03-07,Success
14239,857,18687,2022-07-22,Success
36324,732,10392,2022-05-27,Success
43399,2168,37422,2022-06-03,Success
9892,2864,7007,2022-09-12,Success
14629,2731,27882,2023-01-18,Success
18015,1958,23689,2023-02-17,Rejected by the driver
6316,796,1673,2023-02-23,Success
7007,2977,17776,2022-03-18,Success
50163,1967,27199,2022-06-08,Rejected by the driver
44893,2746,12364,2023-03-25,Cancelled by the passenger
41398,2894,12296,2022-11-25,Success
17299,1555,20354,2023-01-12,Success
26268,1044,13178,2023-01-24,Success
24774,14,3989,2022-04-21,Success
3623,2017,16692,2022-11-06,Success
48221,2427,2584,2022-08-01,Cancelled by the passenger
1983,312,11378,2023-04-02,Success
11240,2117,37521,2022-11-23,Cancelled by the passenger
37048,1826,37642,2022-09-03,Success
7390,2960,30125,2023-04-05,Success
49483,500,32949,2022-11-29,Rejected by the driver
48692,2514,14514,2022-05-27,Rejected by the driver
17107,2880,31681,2022-04-12,Rejected by the driver
24069,89,32914,2023-01-31,Success
5089,2439,10471,2022-08-26,Success
12796,989,13359,2023-01-29,Success
35796,369,38869,2023-04-01,Cancelled by the passenger
20785,1970,3898,2022-10-12,Cancelled by the passenger
4147,2337,38984,2022-12-19,Cancelled by the passenger
3767,2444,34882,2022-11-12,Rejected by the driver
42274,2195,5794,2023-02-22,Rejected by the driver
16040,2445,35048,2023-04-14,Cancelled by the passenger
9997,1428,36932,2022-06-11,Success
28666,1746,28544,2022-03-23,Success
38247,2728,27366,2022-10-06,Success
17958,1137,22070,2022-07-06,Success
53566,2743,25308,2023-02-19,Success
5711,241,11058,2022-11-22,Success
28542,1045,1480,2022-08-26,Success
30449,2219,28952,2022-11-15,Success
51431,2688,7638,2022-07-27,Success
2104,1069,12589,2022-04-22,Cancelled by the passenger
59265,2861,25374,2023-04-12,Success
40648,2198,27433,2023-04-02,Success
59046,2495,16800,2022-05-07,Success
50500,351,3546,2022-04-10,Success
45809,1150,32126,2022-10-29,Success
30538,1389,11184,2022-12-22,Cancelled by the passenger
37009,200,13061,2022-04-23,Success
22820,1496,23565,2022-10-07,Cancelled by the passenger
27262,1563,3439,2023-02-14,Success
43915,2924,24845,2022-08-01,Rejected by the driver
26276,245,34378,2022-03-28,Success
22549,2092,3951,2022-07-03,Success
43365,227,16851,2022-11-06,Success
40569,1707,16316,2022-05-06,Success
27866,2540,18189,2022-11-20,Success
26707,425,16087,2023-02-28,Success
49680,227,24798,2023-02-21,Success
11293,2727,23465,2022-12-04,Success
55898,2193,5142,2022-11-29,Success
29087,2097,29749,2022-10-18,Success
24338,2505,2826,2022-04-02,Success
46961,779,26518,2022-10-17,Cancelled by the passenger
38418,374,36723,2022-06-26,Success
23151,2356,27240,2022-11-29,Success
31325,1978,18910,2022-08-31,Success
25102,2622,31220,2022-07-27,Rejected by the driver
34788,118,22159,2022-04-10,Success
16822,229,21971,2022-11-27,Success
55106,2771,3491,2022-06-30,Success
12884,427,32792,2022-06-23,Cancelled by the passenger
23476,1530,25645,2022-05-06,Cancelled by the passenger
40878,382,17458,2023-02-03,Success
39542,343,3501,2023-04-02,Success
28760,2900,39538,2022-05-10,Success
7233,2322,21643,2022-04-16,Success
6520,1483,38857,2022-05-24,Success
19688,1020,29763,2023-03-29,Success
7100,487,30178,2022-05-17,Cancelled by the passenger
31635,237,26032,2022-03-26,Success
10845,1139,8258,2023-02-02,Success
30556,2744,7062,2023-03-13,Success
40688,1881,19413,2022-06-02,Success
20774,445,8414,2022-11-25,Success
12755,2035,39057,2022-07-05,Success
24979,2537,36652,2023-03-18,Success
7909,2822,28567,2023-02-14,Success
8008,1665,11126,2022-12-26,Success
50135,2356,22377,2022-04-09,Rejected by the driver
52416,1153,16855,2022-08-06,Rejected by the driver
1580,568,31778,2022-10-31,Success
26563,577,9073,2023-02-24,Success
40358,128,27156,2022-10-11,Rejected by the driver
38120,1066,33351,2022-12-12,Success
44984,274,33108,2023-03-20,Success
19855,1612,36359,2023-02-11,Success
23234,2636,4256,2023-02-13,Cancelled by the passenger
53992,2679,32255,2022-08-01,Success
8456,563,8137,2022-06-15,Success
55933,1767,30688,2022-11-12,Success
37274,2170,11079,2022-08-12,Success
7981,1218,18845,2022-07-11,Success
822,218,28266,2022-07-20,Success
46016,2416,8101,2022-08-29,Success
26966,983,15896,2022-06-17,Success
53220,521,21382,2022-07-09,Success
30290,2945,36390,2023-01-11,Success
55751,318,1579,2022-07-01,Success
7370,2642,7392,2022-08-05,Rejected by the driver
41045,529,9112,2022-06-01,Cancelled by the passenger
1414,1801,35327,2022-09-03,Success
53073,1905,24492,2022-12-04,Success
44001,2454,32027,2022-05-13,Success
49888,791,30703,2022-10-13,Success
21768,2293,15605,2022-03-27,Rejected by the driver
11182,2402,24111,2023-03-11,Rejected by the driver
51026,1845,24639,2023-01-02,Success
33122,1092,18754,2022-07-23,Success
35210,2400,36922,2022-07-29,Success
18267,174,4901,2022-04-19,Success
56583,2610,31022,2023-02-22,Success
40279,153,24552,2022-09-21,Success
34195,1426,1743,2022-06-17,Success
46754,775,2185,2022-08-20,Success
738,2721,14808,2022-04-10,Success
14315,1335,37253,2022-07-17,Cancelled by the passenger
43220,4,30133,2022-04-05,Cancelled by the passenger
1208,1887,26967,2022-06-01,Success
26242,2269,27029,2022-11-04,Success
40671,2153,2949,2022-06-26,Success
33868,2857,9718,2022-05-18,Success
47989,142,16510,2022-05-19,Success
51229,1044,21514,2022-04-11,Success
2669,208,25576,2023-01-11,Success
57974,1779,2220,2023-04-08,Success
40703,55,37049,2023-03-09,Rejected by the driver
3877,2448,29969,2022-06-03,Success
56300,101,26694,2022-06-03,Success
32816,2490,35757,2022-08-10,Success
35461,1861,26625,2022-12-11,Success
29635,2316,15587,2022-04-14,Cancelled by the passenger
38445,1340,9452,2022-05-02,Success
56009,2577,27291,2023-01-26,Cancelled by the passenger
27015,2779,18104,2023-04-10,Success
20613,2535,29021,2022-04-04,Success
37301,582,26386,2023-01-04,Success
33002,2171,34769,2022-06-20,Success
19329,1816,11400,2022-06-20,Success
4822,478,25534,2023-03-06,Success
50359,162,11762,2022-05-09,Cancelled by the passenger
33210,51,35654,2023-02-26,Success
40168,1809,18845,2022-04-04,Rejected by the driver
58619,2085,37264,2023-04-05,Cancelled by the passenger
39455,1652,33598,2022-09-05,Success
12991,1892,20555,2022-10-20,Success
57685,1989,25178,2022-08-26,Success
25072,1739,34332,2022-12-06,Success
49308,1244,37603,2022-04-11,Cancelled by the passenger
32296,2573,9765,2022-10-05,Success
42533,1935,33208,2023-01-13,Rejected by the driver
39812,2259,18767,2022-07-25,Success
23154,1875,6581,2022-07-30,Success
30969,1276,12357,2022-04-27,Success
1258,2353,14445,2022-10-05,Success
22023,414,30777,2023-03-29,Success
43263,1277,4937,2022-12-31,Success
21464,189,28882,2023-01-03,Cancelled by the passenger
48293,1192,11150,2022-04-20,Cancelled by the passenger
16164,2833,28814,2022-11-07,Cancelled by the passenger
31572,1824,29055,2022-08-05,Success
55233,779,2765,2022-10-07,Cancelled by the passenger
17413,2204,26164,2022-11-13,Success
15665,1373,5954,2022-08-07,Success
23667,303,1836,2023-01-02,Rejected by the driver
46834,2585,9155,2022-08-28,Success
4294,2755,14957,2022-11-07,Success
7308,28,2883,2022-05-06,Success
21639,391,19945,2022-08-02,Rejected by the driver
48230,2363,8003,2022-11-15,Success
47434,688,4563,2023-02-28,Success
54942,1349,9508,2023-01-29,Success
3486,199,28886,2022-04-07,Success
36428,1732,10815,2023-02-07,Success
47950,2163,7266,2022-10-26,Success
31765,1359,141,2022-08-30,Success
59833,631,21634,2022-06-06,Success
19499,790,2181,2022-04-22,Cancelled by the passenger
54158,858,27107,2023-02-25,Success
41543,369,22236,2022-11-29,Success
45180,2283,10405,2022-10-16,Success
54951,200,26150,2022-03-18,Success
6578,2554,39846,2022-09-09,Success
22120,92,32415,2022-11-04,Success
49129,144,2505,2023-02-11,Success
653,1841,7144,2022-12-12,Success
30931,405,3214,2022-06-26,Success
52788,2416,25891,2022-07-25,Success
8570,787,39997,2022-05-15,Success
23515,831,26581,2023-02-08,Success
11841,122,3388,2023-01-15,Success
32504,2221,25435,2022-12-21,Success
54876,2564,18762,2022-03-29,Success
18519,2835,8612,2023-01-02,Success
658,1849,18545,2022-06-23,Success
48001,1760,27967,2022-04-16,Cancelled by the passenger
57150,2489,13232,2022-09-19,Success
14212,474,20671,2022-11-24,Success
24392,1026,35382,2023-02-13,Success
44579,927,32969,2022-11-06,Rejected by the driver
40040,534,31807,2022-09-13,Success
44309,2061,36352,2023-02-02,Success
31675,1666,38560,2022-05-17,Success
28589,2017,28210,2022-05-31,Cancelled by the passenger
2141,2795,12238,2022-07-20,Success
4151,485,19498,2023-03-25,Success
48446,1579,10269,2022-03-18,Cancelled by the passenger
18859,2349,16645,2023-03-08,Success
18828,2164,38890,2023-01-27,Success
8738,87,20764,2022-09-23,Rejected by the driver
12423,1281,17288,2023-01-13,Success
29669,326,1264,2022-03-27,Success
47436,1445,18929,2023-02-11,Rejected by the driver
42335,2094,26260,2022-06-03,Success
46341,1230,11818,2023-04-06,Success
12864,288,16582,2022-11-16,Rejected by the driver
38949,2125,10633,2022-09-04,Success
28250,2771,32972,2022-06-14,Cancelled by the passenger
19149,1006,7654,2022-10-11,Rejected by the driver
9948,1128,22575,2022-06-18,Cancelled by the passenger
37106,1958,20164,2022-12-10,Success
3971,1936,28403,2022-05-24,Success
58455,38,8944,2022-10-01,Cancelled by the passenger
40873,1387,26357,2022-04-17,Success
37750,614,17669,2022-06-12,Success
24305,2369,11758,2022-12-05,Success
17917,1518,8414,2022-09-17,Cancelled by the passenger
42662,621,7276,2022-07-21,Success
42985,412,25898,2023-02-07,Cancelled by the passenger
59842,1168,7653,2023-03-24,Rejected by the driver
1577,254,1614,2022-11-23,Rejected by the driver
40498,2726,36377,2022-12-05,Success
16105,2115,16412,2022-09-23,Success
21461,2160,2889,2022-04-01,Success
34036,1649,22269,2022-11-27,Success
59814,2597,24714,2022-12-03,Success
50928,2469,2031,2022-05-09,Success
55188,676,23067,2022-05-04,Rejected by the driver
26440,570,28267,2022-08-15,Success
53486,7,7988,2022-03-23,Success
59655,263,4098,2023-02-25,Success
14022,518,9656,2023-02-24,Rejected by the driver
37105,229,5920,2023-04-08,Success
36710,508,32588,2022-08-31,Success
31125,2145,14249,2023-03-09,Success
3643,2846,15131,2023-01-06,Success
37747,1113,3775,2022-06-07,Cancelled by the passenger
40843,518,39469,2022-03-24,Success
58885,2028,36044,2022-11-24,Rejected by the driver
39352,1987,92,2023-04-15,Rejected by the driver
18290,2705,28128,2022-06-03,Success
35711,2111,13219,2023-02-15,Cancelled by the passenger
40126,2130,39594,2022-07-10,Success
11361,305,29425,2022-04-27,Success
48559,113,31300,2022-11-27,Success
8229,1903,33822,2022-09-01,Cancelled by the passenger
25209,545,18026,2023-01-23,Rejected by the driver
53447,1256,10419,2022-10-29,Success
47593,2901,271,2022-03-31,Success
18001,972,34876,2022-03-16,Success
44096,1608,4800,2022-06-21,Success
51481,2453,9123,2022-04-03,Cancelled by the passenger
50968,2568,38364,2022-06-30,Success
54269,2449,38668,2022-11-08,Success
35261,1999,35244,2022-04-14,Success
15151,347,3635,2022-06-17,Cancelled by the passenger
9272,1027,36235,2022-07-13,Rejected by the driver
17832,34,30570,2023-02-08,Success
33083,2876,18792,2022-10-26,Success
43361,850,12491,2022-06-02,Rejected by the driver
37546,883,39376,2022-05-24,Rejected by the driver
46330,605,256,2022-04-07,Success
35384,914,26381,2022-05-13,Success
37807,1024,32333,2022-10-15,Success
48352,2400,2519,2022-10-24,Rejected by the driver
55001,400,15212,2022-10-14,Success
38405,1448,6622,2023-02-28,Success
4038,1586,5802,2023-04-13,Success
15473,2189,30395,2023-03-31,Success
24145,2730,33137,2023-01-16,Success
27253,772,28553,2022-04-06,Success
56703,2240,29681,2022-09-29,Rejected by the driver
29176,1475,33101,2022-04-23,Success
51845,501,583,2023-03-21,Success
16277,2833,33526,2022-09-28,Success
45967,2668,11717,2022-10-02,Success
41941,1696,28497,2022-07-08,Success
42304,96,16121,2022-08-10,Success
5690,603,38682,2022-09-26,Success
11380,1799,11393,2022-04-14,Success
2297,279,37491,2023-03-30,Success
30134,844,10997,2022-11-23,Success
21533,1912,7681,2022-10-26,Success
31738,404,24678,2022-05-04,Cancelled by the passenger
1264,884,3117,2022-05-13,Success
34792,221,1976,2022-06-26,Success
49793,627,30506,2022-11-03,Cancelled by the passenger
41527,1297,21951,2023-02-13,Success
38352,1952,6523,2022-04-28,Rejected by the driver
53630,2909,13669,2022-06-02,Success
38600,2473,1056,2023-04-07,Success
7958,925,17224,2022-12-21,Cancelled by the passenger
33987,2670,4503,2022-03-25,Success
4226,1225,15024,2022-05-23,Success
28656,1720,35341,2023-02-24,Success
17433,1218,17515,2022-11-09,Cancelled by the passenger
37936,2306,28670,2023-03-23,Cancelled by the passenger
26498,2589,32239,2022-09-26,Success
43092,202,11742,2022-09-18,Success
5096,1997,749,2022-07-12,Cancelled by the passenger
25350,524,33838,2022-10-03,Success
10778,1970,38371,2022-09-10,Success
42182,1555,16737,2022-09-08,Success
180,967,9175,2023-02-16,Rejected by the driver
57305,2087,32229,2022-08-05,Rejected by the driver
22457,1098,13605,2022-11-14,Success
15583,2401,19616,2022-12-17,Success
14248,2622,11486,2022-10-24,Success
35013,2902,16863,2022-11-02,Success
6171,2970,34282,2023-03-06,Success
11608,2816,3581,2023-02-14,Cancelled by the passenger
26535,1740,1759,2022-10-12,Success
3333,328,7673,2023-03-16,Success
13416,2785,9307,2023-01-21,Success
51823,1938,27274,2023-01-13,Success
21411,37,10187,2022-05-27,Success
27484,1977,39245,2022-05-20,Success
17877,481,10282,2022-10-13,Success
29637,1403,11110,2022-06-24,Success
29943,808,3597,2023-01-20,Cancelled by the passenger
36027,832,924,2022-06-16,Rejected by the driver
12734,2990,11425,2022-07-09,Success
5815,336,13764,2022-03-15,Success
52931,340,34507,2022-05-26,Success
54315,2677,21576,2022-06-15,Cancelled by the passenger
12151,429,13069,2022-04-21,Success
53996,941,3484,2022-12-01,Success
22541,2752,416,2023-02-04,Success
14154,2481,38069,2023-02-20,Success
57521,2426,19878,2022-10-23,Rejected by the driver
26180,916,35385,2022-12-17,Success
59569,901,863,2022-09-10,Success
35218,1612,34791,2023-03-13,Success
37459,616,15714,2022-04-08,Success
44919,716,27312,2022-05-08,Success
47765,1722,5396,2022-05-12,Rejected by the driver
38778,1536,13408,2022-12-07,Success
47619,2582,26839,2022-07-31,Cancelled by the passenger
20261,2286,20568,2023-03-04,Rejected by the driver
39759,650,37515,2022-06-05,Success
16006,1166,28468,2022-03-22,Rejected by the driver
6859,2998,8328,2022-08-13,Success
18017,2720,11244,2023-04-05,Success
42929,960,13426,2022-07-06,Cancelled by the passenger
54391,94,28476,2022-07-20,Success
28682,43,18630,2022-03-29,Success
56885,2281,7640,2022-10-13,Success
13847,123,38792,2023-04-06,Cancelled by the passenger
33006,1631,4184,2022-05-23,Success
856,354,22109,2022-05-23,Success
37005,2386,16656,2023-04-14,Success
26750,2834,2048,2022-12-15,Success
22851,463,31820,2023-02-23,Success
50979,2016,2217,2022-10-15,Cancelled by the passenger
7479,439,36362,2022-04-04,Rejected by the driver
44885,103,35935,2022-05-13,Cancelled by the passenger
54063,1102,17457,2022-04-22,Success
39078,1470,30190,2022-04-29,Success
25113,2002,33777,2022-10-24,Rejected by the driver
59752,2066,29047,2023-04-15,Success
56734,2840,29467,2023-01-17,Success
5457,1165,35607,2022-03-28,Cancelled by the passenger
18108,624,28282,2022-09-18,Success
10020,901,32383,2022-07-29,Success
14228,2671,8992,2022-06-13,Success
40484,1245,6757,2022-07-21,Success
4610,1669,37265,2022-06-14,Success
39801,1417,26380,2022-11-01,Success
57067,1513,3083,2022-03-13,Success
51096,2465,11718,2023-02-20,Rejected by the driver
28781,1207,11536,2023-03-17,Success
40720,1294,18759,2023-01-29,Success
24319,1258,4947,2022-06-26,Success
31255,2221,35652,2022-07-14,Cancelled by the passenger
53535,2599,22898,2022-08-31,Success
48716,2793,33167,2022-08-21,Success
30433,991,15338,2022-08-11,Success
48207,1542,18478,2022-04-14,Success
20633,2829,22251,2023-01-22,Rejected by the driver
16803,29,28231,2022-08-22,Success
49025,897,8087,2022-10-16,Success
53798,147,16452,2023-03-01,Success
13153,2249,6845,2022-12-27,Success
45232,2496,9586,2022-05-30,Success
14011,1251,7298,2022-12-01,Success
41917,516,39996,2023-04-02,Success
7293,1871,16590,2022-05-31,Success
27428,1813,4098,2022-10-05,Success
3542,1132,14794,2022-09-15,Success
20528,2952,19344,2023-04-05,Rejected by the driver
32757,1608,26154,2023-03-20,Success
39290,56,36910,2023-04-04,Success
59996,2892,17825,2022-06-15,Success
52272,2030,6773,2022-11-04,Success
48843,1194,23886,2022-09-13,Success
1452,1159,31518,2022-06-23,Success
14893,1402,30924,2022-05-27,Rejected by the driver
37225,1286,19595,2022-10-14,Success
51094,2779,2239,2022-11-20,Success
3985,2155,37594,2022-09-23,Success
38135,2394,34168,2022-12-13,Success
4958,320,3768,2023-04-09,Cancelled by the passenger
21196,2388,37808,2022-03-14,Success
50705,2384,13587,2022-10-01,Success
16547,2417,13023,2022-09-29,Success
34932,1861,39518,2023-01-01,Cancelled by the passenger
47773,1755,17813,2023-04-15,Success
50051,1224,2033,2022-04-23,Success
45704,1319,13949,2022-07-27,Success
42083,2358,27645,2022-10-21,Cancelled by the passenger
27666,1003,28080,2023-01-05,Success
52554,1646,36540,2023-02-04,Success
11158,719,12206,2022-09-01,Success
28610,1547,19622,2022-03-17,Rejected by the driver
34953,2569,22092,2022-10-07,Success
11052,1588,36066,2022-06-07,Success
27839,60,25728,2022-08-24,Success
13367,2594,23099,2022-06-01,Success
50203,2246,27578,2023-01-03,Success
20234,988,14658,2022-04-13,Success
48008,757,6931,2022-07-27,Success
11057,973,1057,2022-10-17,Success
39198,1604,10347,2022-11-29,Success
45191,1439,22056,2022-04-28,Success
11694,2426,13005,2022-06-15,Success
38641,110,17251,2022-09-17,Rejected by the driver
15310,2898,19091,2022-06-14,Success
51848,510,14310,2022-08-12,Success
58014,966,4625,2022-03-21,Success
35051,1411,11385,2022-12-30,Success
24722,2620,16304,2022-09-13,Success
25414,23,28084,2023-02-10,Success
35106,2955,13027,2022-09-10,Success
51143,2,32892,2022-04-05,Success
33732,2919,3775,2022-11-16,Success
12351,1832,16876,2022-05-16,Success
31356,1850,38378,2022-04-19,Success
25248,2064,14733,2022-12-30,Cancelled by the passenger
53623,556,18865,2022-03-18,Rejected by the driver
30173,1054,31640,2022-11-07,Success
49472,552,31385,2023-04-09,Success
33045,2365,22702,2022-03-25,Success
56425,1984,33396,2023-04-09,Success
54683,1633,604,2022-12-19,Success
39239,2423,15332,2022-07-21,Cancelled by the passenger
35681,1670,71,2022-04-24,Success
17558,2456,9458,2022-04-28,Success
30812,1775,21427,2022-12-19,Success
4489,2554,34959,2022-04-07,Cancelled by the passenger
49372,323,16508,2023-01-02,Success
54826,1338,30412,2023-03-10,Success
26622,866,24454,2022-11-25,Rejected by the driver
27081,755,10265,2022-04-07,Success
13993,1388,26204,2023-01-11,Success
49990,2524,14970,2022-12-13,Success
41703,1511,14509,2023-03-25,Success
23077,183,12329,2022-08-05,Cancelled by the passenger
31165,403,27816,2022-09-04,Success
29559,2648,2651,2023-02-28,Success
28886,1272,15844,2023-01-08,Rejected by the driver
8516,1082,227,2022-06-07,Success
15160,1967,10340,2022-10-08,Success
16173,1816,3568,2023-01-27,Success
44042,76,2394,2022-07-27,Rejected by the driver
36992,1752,5107,2022-06-18,Success
19681,2665,4270,2022-05-26,Success
8152,1180,33920,2022-11-15,Rejected by the driver
17741,267,9885,2022-09-11,Rejected by the driver
45983,2316,27828,2022-11-30,Success
26809,2727,13528,2023-03-02,Rejected by the driver
10471,1513,11321,2022-11-15,Cancelled by the passenger
35081,289,13128,2022-05-21,Success
10074,1428,8735,2022-12-07,Success
58931,205,35628,2022-07-07,Success
52689,78,8247,2022-05-26,Success
16957,112,30735,2022-10-31,Rejected by the driver
53618,1666,30115,2022-11-25,Success
48431,1419,31143,2023-01-14,Success
15324,2466,36397,2022-07-31,Success
35654,2243,38576,2022-07-03,Success
35570,2809,10344,2022-08-22,Success
57849,539,39883,2022-07-25,Success
59617,2299,8288,2023-03-21,Cancelled by the passenger
8002,1950,14382,2022-08-02,Rejected by the driver
5813,2761,22083,2022-10-31,Success
38536,158,39204,2023-01-18,Success
577,2090,33003,2022-04-01,Success
4308,1678,39149,2022-07-28,Success
2764,252,15411,2022-10-31,Cancelled by the passenger
55937,2755,6934,2022-04-09,Success
59584,72,34864,2022-03-24,Cancelled by the passenger
24219,779,15011,2022-09-20,Cancelled by the passenger
28892,2248,27331,2022-12-31,Cancelled by the passenger
52586,71,12086,2023-02-02,Success
2415,134,22138,2022-07-05,Success
21581,619,16306,2022-05-02,Success
45988,2595,23222,2022-07-20,Success
43642,389,6157,2022-11-03,Success
28668,2821,13614,2022-10-13,Success
21290,549,5801,2022-09-21,Success
7635,2313,20605,2022-11-25,Rejected by the driver
18518,24,2208,2023-03-07,Success
17386,1863,28867,2022-10-12,Cancelled by the passenger
8725,454,9385,2022-10-21,Success
38456,2021,26607,2022-07-17,Success
12189,823,12853,2022-11-25,Success
57835,827,10734,2023-01-21,Success
45112,1212,39938,2022-10-25,Success
53148,536,3924,2022-10-26,Success
56647,1209,12389,2022-09-12,Success
19330,16,16502,2022-07-03,Success
50094,2475,351,2022-11-30,Success
21106,1635,37051,2023-02-10,Rejected by the driver
45928,866,1059,2022-10-13,Cancelled by the passenger
10631,1067,9818,2022-07-19,Success
21278,561,3530,2023-02-06,Success
53564,2461,21298,2022-12-04,Rejected by the driver
56925,2689,21556,2022-09-28,Success
48616,928,22921,2023-03-20,Success
48420,2074,4292,2023-04-09,Success
20712,136,18829,2022-12-08,Success
26086,1430,13969,2022-12-26,Success
12897,1914,8109,2022-10-25,Success
12523,1181,33693,2023-01-16,Success
54234,146,32800,2022-11-21,Success
37305,336,16633,2022-04-10,Success
32655,2651,402,2022-11-10,Success
8588,1283,7339,2022-09-14,Success
39710,129,20926,2022-12-11,Success
15207,2547,39941,2022-06-06,Success
5839,2781,2569,2022-12-31,Success
48011,899,1856,2022-12-19,Success
47723,857,5247,2022-08-31,Success
4855,1504,33049,2022-11-17,Success
17693,1917,30791,2022-08-23,Success
42377,1877,1373,2023-02-24,Success
36131,1736,19570,2022-03-26,Cancelled by the passenger
14991,2742,16008,2022-05-25,Success
19143,1897,4222,2022-11-24,Success
45117,240,17754,2023-04-11,Success
2025,728,16307,2022-05-05,Success
40492,2888,34914,2022-12-03,Success
20064,1379,10935,2022-08-03,Success
24193,2801,33534,2023-02-24,Success
46050,1120,31137,2022-04-04,Success
8060,910,32463,2023-04-01,Success
55653,729,27398,2022-11-03,Rejected by the driver
58292,1598,16859,2023-03-21,Rejected by the driver
21152,602,2756,2022-12-24,Success
24663,1505,19052,2023-03-19,Success
230,917,32081,2022-08-27,Success
38886,1803,25433,2022-11-27,Success
41861,1013,35892,2022-12-01,Success
3380,1685,30814,2022-12-08,Success
56028,244,18265,2022-09-08,Success
9701,419,36469,2022-11-23,Success
28727,554,25857,2022-11-04,Cancelled by the passenger
32339,2056,2791,2022-03-12,Success
9769,2839,23079,2022-10-13,Success
42087,45,1659,2022-11-03,Success
42641,1019,32610,2022-06-14,Success
13433,1005,21866,2022-08-15,Cancelled by the passenger
25164,2597,8848,2022-12-23,Success
50540,2012,18914,2022-06-17,Success
22392,1597,20838,2023-01-31,Success
12727,2634,809,2022-08-02,Success
16029,1331,15028,2022-12-25,Success
23087,2300,36668,2023-02-18,Success
25491,1994,29789,2022-04-12,Success
25058,2766,1406,2022-03-17,Success
58092,1065,11403,2022-12-20,Success
23953,2673,23187,2023-03-15,Success
45735,997,25717,2022-05-09,Success
40514,859,39186,2022-11-09,Success
37464,2583,14856,2022-10-19,Rejected by the driver
35730,2843,33171,2022-06-22,Success
48003,752,34801,2022-10-01,Success
23819,1947,32206,2023-03-30,Success
372,2786,18015,2022-03-22,Success
13750,1510,6809,2022-10-19,Success
5485,839,35048,2022-07-04,Success
15339,432,33228,2022-10-19,Success
7172,1711,7197,2022-09-17,Success
31770,930,26000,2022-04-02,Success
26264,1454,2743,2022-03-30,Success
26065,45,3995,2022-11-03,Success
47900,2338,25594,2022-08-14,Success
36567,1949,3066,2023-01-04,Success
55702,123,6909,2022-06-10,Cancelled by the passenger
21218,2600,21102,2022-05-03,Cancelled by the passenger
17899,859,33486,2022-03-26,Success
22212,1335,19218,2022-11-17,Success
14299,494,25127,2023-03-26,Success
17555,477,22867,2022-07-22,Success
14716,2565,19524,2022-09-14,Rejected by the driver
45841,238,38303,2022-04-08,Cancelled by the passenger
36995,2917,58,2022-09-11,Success
35515,2512,14147,2022-11-12,Success
28425,1956,26469,2022-09-26,Success
3528,2078,12158,2022-12-06,Cancelled by the passenger
43468,1475,5106,2023-03-17,Success
29134,229,19429,2023-04-14,Success
21275,316,4402,2022-09-27,Rejected by the driver
1421,2355,10744,2022-09-23,Success
54454,2426,2919,2023-01-24,Success
34286,2077,12513,2023-02-18,Success
9042,2625,36797,2023-02-01,Success
37017,2757,21,2023-03-26,Success
37497,2293,15304,2023-02-20,Success
17151,2265,2348,2022-12-18,Success
39440,1819,3803,2022-08-13,Success
53552,1899,25441,2023-03-10,Cancelled by the passenger
28660,275,17615,2023-01-30,Rejected by the driver
59427,2803,722,2022-12-18,Cancelled by the passenger
2847,2280,6688,2022-04-30,Cancelled by the passenger
20641,27,13120,2022-06-26,Success
32542,452,11820,2022-06-24,Success
47879,2053,5640,2022-03-30,Success
134,681,35250,2022-04-03,Success
43278,1386,8893,2022-10-03,Success
29715,2409,2843,2022-08-21,Cancelled by the passenger
13641,925,32394,2022-05-04,Success
49607,226,35539,2023-04-07,Success
12407,2650,23565,2023-01-06,Success
2295,966,2609,2022-12-30,Success
17234,606,29610,2022-09-24,Success
25507,529,26593,2023-04-02,Success
45473,1911,11898,2022-07-30,Success
18054,359,28070,2022-07-30,Cancelled by the passenger
40099,795,26133,2023-03-13,Success
48705,110,18333,2022-12-30,Success
16362,1380,30414,2023-03-20,Success
35988,2515,22932,2022-10-11,Success
13508,1364,9065,2022-09-20,Success
36754,1112,26572,2022-05-04,Success
59297,2329,33927,2022-07-12,Success
7989,2622,23479,2022-10-21,Rejected by the driver
26564,1556,2398,2022-10-20,Success
13128,2834,37247,2022-08-08,Cancelled by the passenger
30778,1697,13447,2023-03-30,Success
30992,529,28017,2022-11-04,Cancelled by the passenger
8367,2808,33972,2022-10-10,Rejected by the driver
19351,1667,36070,2023-03-02,Success
59517,2724,39946,2023-03-27,Success
28676,2983,31990,2023-02-21,Success
56911,2977,31626,2022-06-23,Success
58910,1276,20421,2023-03-21,Success
51806,1155,39171,2023-04-02,Rejected by the driver
26670,2796,22941,2022-11-06,Cancelled by the passenger
21621,2245,39948,2022-08-27,Success
51180,343,15212,2022-03-25,Cancelled by the passenger
52175,1819,5728,2022-07-30,Success
18049,995,14498,2023-01-07,Success
14570,1223,4650,2022-04-03,Rejected by the driver
26672,372,10279,2022-09-19,Success
25860,1996,29971,2022-06-03,Success
2424,2136,33470,2023-03-09,Rejected by the driver
55699,1094,7574,2022-07-05,Success
54087,2850,24075,2022-07-15,Success
48458,971,30552,2022-10-25,Success
45047,751,9460,2022-12-04,Success
1635,2709,13317,2022-06-27,Success
24360,2045,27979,2022-09-08,Success
5943,865,2598,2022-05-30,Rejected by the driver
45215,1530,26762,2023-01-03,Success
52798,666,36866,2022-06-01,Rejected by the driver
29796,1619,226,2022-07-23,Success
34944,1182,13508,2023-03-25,Success
50385,716,19365,2023-01-01,Success
30695,741,22039,2022-10-24,Rejected by the driver
33706,1498,6595,2022-09-29,Success
45013,2610,29622,2023-01-14,Success
23692,744,192,2023-02-01,Success
11001,305,32179,2022-06-24,Rejected by the driver
8511,378,38323,2022-07-16,Cancelled by the passenger
10315,1,27088,2022-06-18,Rejected by the driver
20891,1668,2987,2022-07-29,Success
1065,2786,9718,2023-03-01,Success
42189,275,37549,2022-12-08,Rejected by the driver
55162,1991,29789,2022-07-11,Cancelled by the passenger
59068,597,8262,2023-03-31,Cancelled by the passenger
15419,2761,8406,2023-01-26,Success
7845,2150,6036,2023-01-21,Success
6335,2045,11325,2022-12-21,Success
32042,227,15703,2022-10-05,Success
414,1674,942,2022-06-17,Success
33789,2198,13743,2023-02-26,Success
57522,1325,26714,2022-05-29,Success
13821,867,21514,2023-01-20,Success
15608,383,31184,2023-02-24,Success
36933,2680,33629,2022-06-03,Success
14790,33,12251,2022-11-30,Success
43382,2041,7436,2022-10-02,Success
53699,1612,16361,2022-03-12,Success
33783,1437,8872,2022-03-17,Cancelled by the passenger
15846,1219,4411,2022-06-09,Rejected by the driver
48149,767,8748,2023-01-18,Cancelled by the passenger
9334,2367,21856,2022-08-08,Success
39377,2002,23143,2023-01-15,Success
44157,1134,32650,2022-09-11,Success
54857,2950,37607,2022-04-14,Success
35027,191,27332,2022-07-18,Success
47169,1845,2517,2023-03-03,Success
28380,1158,32766,2022-06-27,Success
49098,2332,936,2023-03-31,Success
30075,2479,28085,2022-06-10,Success
42999,2667,1490,2023-03-17,Success
43868,781,38804,2022-03-14,Success
7716,2055,35376,2022-07-09,Success
27430,298,32438,2022-10-01,Cancelled by the passenger
46639,1249,22238,2023-01-29,Success
24811,2895,31366,2022-08-19,Success
37197,2930,19429,2022-03-24,Success
52171,1492,11666,2022-12-17,Success
51877,2204,39957,2022-09-21,Success
8757,140,28836,2022-07-12,Success
11512,1870,33210,2022-12-02,Success
51694,1777,12471,2022-05-06,Success
36476,184,24359,2022-09-28,Cancelled by the passenger
25125,144,30176,2022-06-22,Success
56048,2625,15838,2023-02-08,Success
8774,79,26108,2022-08-21,Rejected by the driver
40073,919,4409,2023-01-10,Success
14081,1819,32921,2023-02-09,Success
49044,2080,33920,2023-04-11,Success
19838,2747,39252,2022-08-13,Success
2116,87,5131,2023-01-09,Success
40752,2693,18944,2022-03-14,Success
5900,2488,16397,2022-10-03,Success
4530,1966,4290,2022-07-11,Success
27240,2664,3733,2023-04-12,Success
7205,1584,33196,2022-12-20,Success
59170,566,23103,2022-09-24,Success
52298,1883,26119,2022-11-09,Success
52917,1166,27192,2022-08-05,Success
53545,1027,37444,2022-03-21,Cancelled by the passenger
4656,2542,21400,2022-06-09,Rejected by the driver
45502,726,37819,2022-05-10,Success
16208,739,34209,2022-07-07,Success
20268,211,39409,2023-03-24,Rejected by the driver
11734,2541,6787,2022-11-16,Success
30714,822,36068,2022-10-01,Success
28459,513,4900,2022-10-12,Success
42319,992,15871,2022-06-07,Rejected by the driver
40553,2894,17002,2022-12-26,Success
51610,2233,17706,2023-02-16,Rejected by the driver
3064,414,15922,2022-07-12,Success
59324,1217,7199,2022-06-09,Success
12823,958,31242,2022-04-22,Success
49358,25,20306,2023-04-06,Success
34590,1451,39036,2023-02-07,Success
7504,2971,32220,2022-12-16,Success
37432,1225,10169,2022-11-22,Success
11836,2686,36701,2022-05-02,Success
16297,1173,9409,2023-01-01,Success
16028,130,14312,2022-09-20,Rejected by the driver
53161,518,23416,2022-09-01,Success
34743,2956,33037,2022-07-15,Success
48573,2099,23916,2022-04-30,Success
10182,880,15658,2023-01-17,Cancelled by the passenger
1712,1372,30830,2022-12-03,Rejected by the driver
50472,450,4631,2022-10-09,Success
42581,1500,16784,2023-04-03,Success
58718,1132,25837,2022-10-08,Success
29791,2962,7140,2022-08-22,Success
25133,512,33682,2023-04-09,Success
35616,1757,607,2022-04-11,Rejected by the driver
31331,1878,12619,2022-03-15,Rejected by the driver
25916,2678,13710,2022-07-02,Success
38575,1997,3627,2022-10-31,Success
896,1533,30149,2023-02-11,Cancelled by the passenger
45944,2003,6507,2022-09-30,Success
19189,2463,29188,2023-02-15,Success
35693,1461,21800,2023-02-18,Success
33167,905,10861,2022-06-06,Success
24601,300,12300,2022-04-14,Success
25064,1866,31783,2022-04-02,Success
3175,2931,30610,2022-03-29,Success
40427,921,16268,2022-08-06,Rejected by the driver
20835,2224,27586,2022-11-20,Success
7711,46,16074,2022-11-14,Success
13728,1380,8023,2023-02-15,Success
11464,2439,39237,2022-04-27,Success
2385,1707,10301,2022-08-10,Success
9879,2183,26056,2022-09-17,Success
51547,553,32841,2023-01-29,Rejected by the driver
5448,1133,25507,2022-08-27,Success
23458,1625,15341,2022-10-04,Success
7118,1462,30603,2022-04-14,Success
50628,2988,632,2022-11-02,Success
25051,252,7789,2023-04-04,Rejected by the driver
26400,235,4306,2022-05-01,Rejected by the driver
32441,99,17568,2022-08-23,Success
41373,1489,11527,2022-08-25,Cancelled by the passenger
44754,186,19000,2022-03-12,Success
7396,2369,2985,2022-04-02,Success
54800,2235,16103,2022-10-22,Success
49623,605,37858,2023-04-10,Success
14535,942,13739,2022-06-06,Cancelled by the passenger
41821,2098,35825,2022-03-28,Success
45632,2634,34523,2022-05-12,Success
17037,491,10442,2022-10-21,Rejected by the driver
55826,2579,12567,2022-04-30,Cancelled by the passenger
14971,1126,20301,2022-07-24,Success
33676,384,12502,2022-12-16,Success
22852,1258,16254,2023-02-02,Success
44221,2156,27385,2023-01-25,Success
11300,1838,27901,2023-03-23,Success
58470,2819,16291,2022-08-07,Cancelled by the passenger
58358,2810,16681,2022-11-14,Rejected by the driver
9889,1930,5173,2022-12-29,Success
36883,2554,21527,2022-09-19,Rejected by the driver
28278,1093,7855,2023-02-03,Success
48466,2962,34438,2023-03-10,Success
10454,1559,28799,2022-05-07,Rejected by the driver
50231,1423,12638,2022-09-21,Success
32490,802,24019,2022-04-05,Success
43945,2066,11522,2022-06-07,Success
15047,2454,26545,2022-03-21,Cancelled by the passenger
10750,1542,8609,2022-11-21,Success
35672,2856,16952,2023-01-14,Rejected by the driver
42688,1156,6187,2022-04-27,Success
30934,491,37145,2023-03-11,Success
28976,1317,2024,2023-03-20,Success
1754,1807,29832,2022-09-21,Rejected by the driver
29574,2084,15495,2022-07-14,Success
55522,2353,30893,2022-10-22,Rejected by the driver
51302,2904,16492,2023-02-10,Rejected by the driver
44431,2783,39364,2022-12-11,Cancelled by the passenger
14385,2664,32145,2022-10-21,Success
16113,587,18816,2022-12-25,Success
9716,1508,13361,2023-03-15,Success
41915,1849,24279,2022-06-21,Success
16565,2258,31909,2022-09-19,Success
27094,2399,37204,2022-10-11,Success
56859,2500,22559,2022-03-17,Rejected by the driver
54767,2785,24432,2022-12-27,Success
57641,1833,8270,2022-12-05,Success
25098,2836,29245,2022-09-09,Success
32588,481,6211,2022-05-01,Success
50694,1433,25625,2022-07-23,Success
22063,144,34396,2023-03-28,Success
23078,123,27795,2023-01-22,Success
40147,1086,4607,2022-09-23,Success
43032,2611,39770,2023-04-08,Success
12419,2730,22481,2022-04-24,Success
47504,1648,22474,2022-12-15,Success
40607,808,21736,2022-04-30,Rejected by the driver
17054,2835,37669,2022-12-01,Success
30363,2732,15860,2022-05-03,Cancelled by the passenger
33954,2451,23996,2023-03-10,Success
22824,1144,11717,2023-01-03,Success
39350,926,13845,2022-04-07,Success
35053,1824,30930,2023-01-20,Success
27067,880,6301,2022-08-27,Success
51115,2575,7031,2023-03-10,Success
23363,467,4697,2022-09-21,Rejected by the driver
44403,2734,17671,2022-11-26,Success
22776,2888,1956,2022-12-06,Rejected by the driver
38434,2373,21629,2022-12-05,Cancelled by the passenger
12687,1634,25759,2023-03-13,Success
21730,1548,39324,2022-08-22,Rejected by the driver
56817,2033,7191,2022-03-25,Success
25099,170,7246,2023-03-12,Success
12695,428,5619,2023-03-11,Success
29826,2723,34877,2022-09-05,Rejected by the driver
44087,1349,9227,2022-05-31,Success
14569,2872,30784,2022-03-25,Success
9853,1227,35283,2022-10-20,Success
29201,1491,25104,2022-07-05,Success
20039,2150,5558,2022-09-19,Success
29815,1504,36036,2022-03-21,Success
58225,1335,20168,2022-06-20,Cancelled by the passenger
31565,1419,3044,2022-10-29,Success
59745,1409,16948,2022-04-02,Success
54653,777,17121,2022-06-27,Success
29188,146,28383,2022-12-09,Success
55214,2935,17489,2022-10-05,Cancelled by the passenger
5321,1076,9123,2022-03-28,Success
41558,1487,36151,2022-03-30,Cancelled by the passenger
22116,2538,8263,2023-01-17,Success
43797,1861,30126,2023-03-08,Cancelled by the passenger
50137,1886,39281,2023-01-20,Success
23839,2867,1570,2022-09-23,Cancelled by the passenger
49361,1023,23037,2022-10-13,Success
11335,247,34983,2023-01-15,Rejected by the driver
37008,863,32715,2022-07-13,Success
50229,1341,10925,2022-12-12,Success
13085,1634,8643,2023-03-14,Rejected by the driver
43343,916,23141,2023-02-05,Success
43375,2935,26964,2022-05-09,Success
35246,1643,16532,2023-01-17,Success
2077,150,39155,2022-10-15,Success
14735,2364,8826,2022-06-19,Success
2355,1632,35235,2022-09-25,Success
36830,2244,17476,2022-11-27,Success
46764,1040,32779,2022-05-31,Success
28876,2124,28835,2022-09-05,Cancelled by the passenger
21482,1921,16060,2022-06-22,Success
9702,1841,38579,2022-11-18,Success
39034,2608,26359,2022-11-14,Success
8752,2602,11524,2023-01-10,Success
23508,437,18031,2023-03-22,Rejected by the driver
28581,1540,3715,2023-03-10,Success
7262,561,34504,2022-09-29,Cancelled by the passenger
54359,977,18615,2023-02-16,Success
44379,179,34277,2022-04-14,Cancelled by the passenger
9027,1328,6845,2023-01-16,Rejected by the driver
28871,2013,35646,2022-09-06,Cancelled by the passenger
46395,2315,11314,2022-03-26,Success
13129,171,21332,2022-06-27,Success
48661,2901,26257,2022-12-06,Success
32084,2595,4421,2022-03-18,Success
29606,1697,35540,2022-12-07,Rejected by the driver
41464,2627,5376,2023-01-19,Success
52847,1444,24069,2023-01-15,Rejected by the driver
5645,1002,38633,2022-07-29,Rejected by the driver
34318,1220,15246,2022-06-21,Rejected by the driver
7611,2611,3943,2022-08-08,Success
40735,356,28662,2022-09-30,Success
4520,1680,34954,2023-01-04,Success
52672,2463,27702,2022-03-19,Rejected by the driver
4664,1342,9481,2022-12-13,Rejected by the driver
46154,2915,38985,2022-04-04,Success
12928,2018,4459,2022-04-06,Rejected by the driver
17777,2788,33588,2022-07-10,Success
17448,1352,18977,2023-04-15,Rejected by the driver
45353,78,20186,2023-03-06,Rejected by the driver
12725,556,34961,2022-03-28,Cancelled by the passenger
19290,1071,692,2023-01-24,Success
7539,1041,13723,2022-12-15,Success
48248,2448,29889,2023-02-15,Success
19852,1332,17595,2022-03-18,Success
48014,1960,36463,2023-03-13,Success
44389,1727,8095,2022-09-30,Success
59661,388,18281,2023-03-22,Success
54958,2897,26869,2023-04-01,Success
13157,1251,21586,2023-03-24,Rejected by the driver
21331,1795,21457,2022-06-08,Success
41137,2246,18036,2022-03-22,Success
17060,363,3238,2022-11-06,Success
22403,2133,18742,2022-09-20,Cancelled by the passenger
13077,2501,960,2022-05-07,Cancelled by the passenger
13072,1658,10045,2023-02-24,Rejected by the driver
46950,89,10051,2022-12-22,Success
51389,1363,17268,2022-04-09,Success
5674,119,9604,2022-07-08,Success
14866,2111,25992,2022-04-19,Success
34931,2060,28472,2023-02-11,Success
54510,980,24688,2023-01-23,Success
47481,1605,24926,2022-04-07,Success
4912,2870,11692,2022-03-23,Success
31578,1084,10122,2022-12-16,Rejected by the driver
6598,2936,222,2022-04-23,Success
831,121,33001,2022-05-28,Rejected by the driver
53165,2364,29275,2022-11-15,Rejected by the driver
42734,2427,792,2022-10-03,Success
18142,222,21555,2022-09-14,Success
31368,2984,8041,2022-09-19,Success
55388,2815,10270,2022-04-16,Success
23448,1,5809,2022-09-01,Cancelled by the passenger
43162,2878,16145,2022-11-29,Success
51748,1319,14278,2023-03-04,Success
39114,2418,26679,2023-03-03,Rejected by the driver
56918,772,34922,2022-03-14,Success
10084,1036,15640,2022-08-02,Success
12150,2098,20257,2023-04-02,Success
9923,1631,29200,2022-12-06,Success
10567,2247,35413,2022-08-19,Rejected by the driver
59013,837,17636,2022-09-09,Rejected by the driver
59095,160,32555,2022-06-05,Cancelled by the passenger
16819,2466,19001,2023-02-28,Rejected by the driver
37791,1960,8097,2022-06-28,Success
41115,2691,34760,2022-04-01,Success
19307,1130,10005,2022-06-01,Success
21753,874,8230,2022-08-27,Rejected by the driver
21447,2459,7134,2023-04-11,Rejected by the driver
34278,914,2475,2022-07-05,Success
51269,2116,11729,2022-08-11,Rejected by the driver
2917,742,27638,2022-05-30,Cancelled by the passenger
29032,2484,29265,2022-08-16,Success
35519,1163,19288,2022-03-22,Success
46556,2582,14269,2023-02-10,Rejected by the driver
19215,46,9052,2023-04-07,Cancelled by the passenger
51353,1649,514,2022-12-11,Rejected by the driver
17715,1564,27577,2022-11-20,Cancelled by the passenger
2489,1695,2741,2022-03-23,Success
55523,845,6140,2022-08-16,Success
16785,2331,8267,2022-04-14,Success
36851,1833,2244,2022-11-08,Success
50643,2897,26218,2022-05-15,Success
52777,2057,21086,2022-07-01,Rejected by the driver
14848,312,37252,2022-03-18,Rejected by the driver
33854,2664,29513,2023-01-28,Success
57620,2168,11422,2022-10-18,Rejected by the driver
14387,2513,29848,2023-03-10,Rejected by the driver
47737,2216,39742,2022-10-25,Success
24257,346,9292,2022-12-03,Success
56288,1840,3029,2022-07-10,Success
31983,154,1029,2022-08-06,Success
27087,2752,26818,2023-03-04,Success
36687,769,17287,2022-04-11,Success
53229,2939,14500,2022-11-22,Rejected by the driver
4454,2635,32289,2023-01-12,Cancelled by the passenger
10638,808,18192,2022-04-01,Cancelled by the passenger
54712,2003,9961,2022-04-19,Success
55508,2051,26923,2022-08-29,Cancelled by the passenger
32364,2985,34750,2023-01-08,Rejected by the driver
32627,2996,34208,2022-10-25,Success
19658,2993,8137,2022-03-21,Success
55245,2734,14426,2022-09-19,Success
19092,286,26706,2022-06-14,Success
1395,182,16428,2022-10-03,Success
58541,2652,35651,2023-01-18,Cancelled by the passenger
42382,1117,21588,2022-03-31,Rejected by the driver
32085,1061,7431,2022-04-16,Success
11636,2524,31701,2022-06-26,Success
17972,2610,9894,2022-12-26,Success
37340,2462,24184,2023-01-22,Success
4363,577,31251,2022-08-14,Rejected by the driver
53178,401,35714,2022-03-30,Success
57561,1169,16256,2022-12-01,Success
25669,896,22122,2022-05-17,Cancelled by the passenger
55660,2704,12825,2022-04-23,Success
35123,1166,15576,2022-10-24,Success
54946,846,20836,2022-05-28,Success
14505,1335,38086,2022-11-05,Success
16421,1655,12268,2022-10-12,Rejected by the driver
25315,631,22434,2022-03-30,Success
19036,858,4020,2022-04-13,Rejected by the driver
27909,180,22506,2022-09-27,Success
44397,442,10877,2022-10-09,Rejected by the driver
21987,776,34206,2022-09-24,Success
56099,1035,30489,2022-10-03,Rejected by the driver
8655,1315,11093,2022-04-20,Success
29133,47,34172,2023-03-06,Cancelled by the passenger
38183,966,39627,2022-10-05,Success
4005,2017,20497,2022-03-15,Success
42858,350,22730,2022-07-13,Success
19603,372,5901,2022-07-12,Rejected by the driver
14574,2379,29539,2022-07-14,Success
10052,1716,9464,2022-05-09,Success
36396,2244,36436,2022-09-16,Success
2855,2141,36373,2022-12-17,Rejected by the driver
16623,147,33659,2023-03-28,Rejected by the driver
6387,1339,3281,2022-12-30,Success
52972,100,17801,2022-09-23,Rejected by the driver
39803,1645,4976,2022-08-04,Cancelled by the passenger
29531,288,7441,2023-03-02,Rejected by the driver
9103,2460,35331,2022-04-22,Rejected by the driver
22826,338,35746,2023-04-12,Rejected by the driver
29612,828,4398,2023-01-01,Success
30952,166,17325,2022-04-10,Cancelled by the passenger
20936,836,32151,2023-02-20,Success
33134,2973,8478,2022-08-30,Success
22404,466,23532,2023-03-26,Success
40675,72,702,2022-04-09,Success
39863,2256,8607,2022-04-06,Success
47508,2406,36789,2022-06-03,Success
38545,2876,22291,2022-04-15,Success
17944,1996,38201,2022-11-12,Success
30288,5,36765,2023-03-21,Success
4007,1758,29409,2023-02-04,Success
16001,2984,1977,2023-01-17,Cancelled by the passenger
36370,1491,27459,2022-09-07,Success
20954,248,832,2022-08-22,Success
19662,2058,14591,2023-01-29,Rejected by the driver
45978,1090,9678,2023-03-05,Success
28559,920,8446,2022-03-19,Cancelled by the passenger
6058,1582,20649,2022-09-01,Success
34006,1715,28113,2023-03-04,Rejected by the driver
19774,1707,22780,2023-01-21,Cancelled by the passenger
3531,927,28178,2022-04-15,Success
7947,451,21040,2022-06-29,Success
58937,1618,22884,2022-12-16,Rejected by the driver
59499,1995,24067,2023-02-22,Success
17399,2312,10753,2023-04-01,Success
56498,2809,11331,2022-03-22,Rejected by the driver
41072,156,18614,2022-11-17,Success
50059,2872,4719,2022-09-18,Success
49569,2284,30462,2022-09-19,Cancelled by the passenger
24876,2092,25844,2022-06-06,Success
7884,1513,3870,2022-12-06,Success
36749,7,29235,2023-01-21,Success
27864,262,19566,2022-08-22,Success
46102,2854,6779,2023-03-10,Success
52935,987,8047,2023-02-07,Success
16611,2771,34535,2022-07-31,Rejected by the driver
585,332,28428,2022-03-27,Success
35728,2646,30843,2022-08-23,Cancelled by the passenger
46632,329,10653,2022-12-05,Success
47296,2259,14810,2023-01-27,Success
4963,895,13998,2022-08-06,Success
44146,448,34238,2022-09-13,Rejected by the driver
29588,747,20220,2022-12-17,Success
40681,1291,14274,2022-09-03,Success
6583,300,13304,2023-04-10,Success
39921,154,14258,2023-04-08,Success
53128,1988,21452,2023-02-19,Success
26434,2409,17642,2022-03-20,Rejected by the driver
3289,1894,37344,2023-02-25,Success
44084,1743,34301,2022-03-29,Success
21229,675,36242,2023-02-17,Success
23511,2512,8536,2022-08-23,Success
11214,2488,35208,2023-02-26,Success
59808,228,35910,2022-04-19,Success
26295,2764,21041,2022-06-06,Success
4083,2288,5589,2022-10-21,Cancelled by the passenger
27140,1082,23983,2022-09-04,Success
16648,2914,12918,2022-12-28,Cancelled by the passenger
43275,1384,34283,2022-05-01,Rejected by the driver
48359,2865,6365,2022-07-24,Success
31686,2175,30002,2023-03-20,Rejected by the driver
3471,2479,1927,2022-12-06,Success
15180,1852,10315,2022-11-15,Success
46798,2426,32852,2023-01-02,Rejected by the driver
29369,1904,38208,2022-10-12,Success
52194,736,22286,2023-03-05,Success
2987,2323,1947,2023-01-01,Success
16977,964,15840,2023-02-22,Success
29683,2438,25376,2022-03-29,Success
33658,1265,38555,2022-08-28,Success
41705,1530,17522,2022-11-22,Success
45394,1400,16510,2023-01-03,Success
58523,2658,25911,2023-04-02,Cancelled by the passenger
59208,716,5922,2023-01-02,Success
2340,1044,19,2023-01-29,Success
41969,240,10446,2022-10-07,Success
54665,380,30802,2023-01-25,Success
28292,1898,17561,2022-12-05,Rejected by the driver
41485,563,38563,2022-07-16,Success
34080,1464,14484,2022-10-30,Success
43350,2798,23458,2023-01-05,Success
3941,2664,23167,2022-10-19,Success
34458,1340,25648,2022-05-28,Success
36594,911,19310,2022-03-16,Success
28824,293,20829,2022-04-19,Success
59613,2480,12129,2022-08-13,Success
9556,1005,16573,2022-06-08,Success
47047,798,16695,2023-03-13,Success
22026,2099,31359,2023-03-17,Rejected by the driver
20943,77,31855,2023-04-06,Rejected by the driver
52229,157,11219,2022-05-12,Success
14528,592,39103,2022-12-09,Success
23504,44,33912,2022-04-06,Success
57377,2140,15556,2022-07-14,Success
43053,2029,15166,2022-11-01,Success
20223,1718,20187,2022-10-05,Success
20681,1463,32591,2022-03-19,Success
5822,389,30725,2022-10-06,Success
38691,2668,29594,2023-01-26,Cancelled by the passenger
8630,584,2019,2022-07-26,Success
16842,2300,3200,2022-07-26,Success
5355,570,18576,2022-03-17,Rejected by the driver
59411,481,38051,2022-05-11,Success
53806,2101,143,2023-02-10,Success
1613,2591,15318,2022-10-09,Cancelled by the passenger
17784,1459,24930,2023-01-10,Success
281,276,13729,2022-10-07,Cancelled by the passenger
23772,104,19471,2023-02-23,Success
19547,169,20180,2022-04-14,Success
21131,94,4921,2022-08-20,Rejected by the driver
23235,153,11529,2022-10-01,Success
13840,169,15936,2022-12-31,Success
1595,548,16904,2022-11-23,Success
41628,2997,6160,2022-06-07,Cancelled by the passenger
42457,463,4154,2022-08-31,Success
20341,1257,15061,2022-06-07,Success
33743,1909,22922,2022-09-10,Cancelled by the passenger
50208,995,22838,2022-12-13,Success
55657,1677,32125,2023-01-31,Success
14470,109,29463,2022-08-23,Success
15730,809,633,2023-02-05,Success
2515,521,33017,2023-03-02,Rejected by the driver
10331,1149,36755,2022-06-08,Success
23446,2115,7345,2022-05-02,Success
37492,2217,11029,2022-11-01,Rejected by the driver
44715,2929,36082,2023-01-24,Success
50347,2542,37023,2022-12-01,Success
6221,1888,33745,2023-03-28,Rejected by the driver
17430,1876,19403,2022-03-19,Success
42864,2855,15235,2022-07-18,Success
45627,1964,13194,2022-06-12,Success
51216,398,33554,2023-03-24,Cancelled by the passenger
31079,99,28321,2022-10-25,Success
11096,1832,38259,2022-04-27,Success
1089,2670,2466,2022-08-29,Success
17592,2763,36010,2023-01-23,Success
11135,2245,30603,2022-06-04,Success
46482,1931,35687,2023-03-31,Success
14483,2193,39899,2022-05-28,Success
17401,540,29701,2022-10-31,Success
27363,989,23682,2022-07-14,Success
42431,310,19326,2022-10-18,Success
21945,57,35219,2022-11-01,Rejected by the driver
59342,136,6552,2023-02-06,Success
32743,1884,36655,2022-05-20,Cancelled by the passenger
31499,2103,3768,2022-07-11,Success
49965,1149,25768,2022-09-06,Success
10749,984,17658,2022-08-01,Success
53778,7,36941,2022-05-28,Success
7096,807,31374,2023-03-31,Success
1076,678,28438,2023-03-24,Success
40750,2376,21683,2022-05-26,Success
4096,592,16476,2022-04-04,Success
44168,77,7302,2022-05-31,Success
53880,771,18987,2022-05-03,Success
8109,677,36581,2022-09-27,Success
27855,706,36921,2022-12-13,Success
16593,882,27225,2022-11-24,Rejected by the driver
45718,1335,16373,2022-06-30,Success
31638,2130,31256,2023-04-15,Success
3425,1359,8279,2022-09-09,Success
29900,1667,33094,2023-02-10,Success
10268,1276,33430,2023-03-05,Success
50414,1990,2427,2022-08-05,Success
25185,2758,33995,2022-05-28,Success
53646,207,38457,2022-03-13,Success
13473,1375,8568,2022-10-04,Success
40630,1162,19961,2022-10-31,Success
12413,1103,10711,2022-07-08,Success
16889,1900,7845,2022-10-14,Success
56183,733,18763,2022-09-16,Success
28410,34,4254,2022-12-28,Success
7393,630,35090,2022-05-20,Success
12387,364,34882,2022-10-22,Success
53637,1791,4305,2022-11-19,Success
59700,1145,12321,2023-01-10,Success
39366,1055,8311,2022-11-25,Success
7558,1048,11880,2022-12-18,Success
17714,585,12251,2022-11-18,Success
41131,1548,26397,2023-02-21,Success
36044,1524,16699,2022-06-08,Success
10910,2615,10949,2023-03-18,Rejected by the driver
35300,270,16062,2022-06-03,Success
23318,2102,21064,2022-08-27,Success
37800,887,14586,2023-02-17,Cancelled by the passenger
12956,2707,7580,2023-02-23,Success
334,2447,17958,2023-01-30,Success
37573,2711,18446,2022-04-04,Rejected by the driver
39680,2703,2365,2022-12-20,Success
2658,1170,27237,2022-04-16,Success
45233,2137,17948,2022-06-25,Cancelled by the passenger
16571,2689,10143,2022-07-05,Rejected by the driver
20133,2604,9070,2023-02-17,Cancelled by the passenger
9988,2400,34056,2022-11-10,Success
35942,2064,10191,2022-08-19,Success
2219,856,30587,2022-12-31,Success
6895,757,11000,2023-03-22,Success
18853,835,14986,2022-08-23,Success
20531,1706,356,2022-07-13,Cancelled by the passenger
23897,428,28019,2022-06-23,Success
38793,152,20616,2022-12-17,Success
47725,2103,5441,2022-10-24,Rejected by the driver
44342,2813,3525,2022-07-01,Success
32520,1487,14654,2022-04-19,Rejected by the driver
32997,2733,2993,2022-04-22,Success
41343,662,9408,2023-03-08,Success
6082,2277,25478,2023-02-03,Rejected by the driver
52991,693,11592,2022-03-16,Success
39701,2641,30842,2023-03-23,Success
31189,2667,24958,2022-09-07,Success
58304,2104,7932,2022-11-09,Success
51981,1459,38541,2022-11-10,Rejected by the driver
34934,481,28476,2022-09-05,Success
53400,2177,9700,2022-09-16,Success
26621,2916,19359,2023-04-05,Success
44785,1537,36625,2022-05-25,Success
10191,2327,6607,2022-06-02,Cancelled by the passenger
26109,2932,32520,2022-07-09,Success
4476,1027,22144,2022-08-18,Success
4110,1701,11450,2022-05-27,Rejected by the driver
3399,515,19595,2022-03-23,Success
39758,1848,36652,2022-04-27,Success
19821,2248,35871,2022-03-24,Cancelled by the passenger
21006,1676,33424,2022-11-16,Success
9850,2618,34038,2022-09-04,Success
16566,2804,3604,2023-01-23,Cancelled by the passenger
43514,2254,611,2022-10-19,Success
44682,1812,26217,2022-09-12,Success
50989,1122,931,2022-08-15,Success
20506,1494,12541,2022-11-29,Rejected by the driver
1535,2374,1898,2022-03-24,Success
11447,1511,34389,2023-04-04,Rejected by the driver
3770,1680,4716,2022-12-10,Rejected by the driver
50922,286,36210,2022-09-07,Success
47998,2245,39288,2023-01-12,Success
28956,617,11075,2022-12-17,Success
30329,2519,30501,2023-01-15,Success
34811,1628,26353,2022-07-31,Success
7287,686,39436,2023-01-29,Success
33383,2441,10918,2022-05-01,Rejected by the driver
41383,2972,29858,2022-05-31,Success
33441,2144,38445,2022-08-10,Success
14625,2235,38932,2022-09-05,Rejected by the driver
43963,1484,37793,2023-03-28,Success
36637,1896,24061,2022-08-30,Success
50844,575,32546,2023-03-22,Success
42953,2240,15819,2022-07-08,Success
33010,1871,39218,2022-06-29,Rejected by the driver
22708,270,5339,2022-12-05,Success
29595,1978,10873,2022-11-12,Success
32764,151,28348,2022-09-25,Success
57073,2047,970,2022-04-09,Success
46352,2322,21367,2023-01-04,Cancelled by the passenger
12331,1540,26502,2023-03-20,Rejected by the driver
22240,2321,25708,2022-05-29,Rejected by the driver
19227,595,23213,2022-06-05,Success
22874,208,18269,2022-06-22,Success
39430,2226,24945,2022-03-29,Rejected by the driver
35669,1406,14917,2023-03-18,Success
59322,691,36684,2022-12-18,Success
43081,2693,34720,2022-07-11,Success
45235,1985,12811,2022-10-20,Success
30863,201,9954,2022-06-05,Success
50381,2201,10068,2022-05-04,Success
4662,325,6621,2022-07-31,Success
261,1293,9171,2022-03-22,Success
24835,1572,36261,2022-07-30,Success
55427,1497,20793,2022-07-06,Success
16583,590,26675,2022-09-06,Success
8181,2039,20956,2022-11-06,Success
57244,141,38366,2022-08-19,Cancelled by the passenger
59019,55,6012,2022-09-30,Success
57716,789,7694,2022-03-14,Success
8583,2828,27827,2023-01-19,Cancelled by the passenger
5970,2806,9603,2022-11-29,Cancelled by the passenger
7577,1676,35656,2023-01-20,Success
56384,310,22028,2022-11-02,Success
46206,2662,26675,2022-05-02,Success
3351,2708,29934,2022-03-21,Success
19553,41,30963,2022-11-11,Success
832,2042,33251,2022-06-09,Rejected by the driver
1446,702,17038,2022-05-21,Success
50339,2302,25149,2022-10-02,Success
36271,907,17659,2022-03-18,Rejected by the driver
56233,1334,39941,2022-07-12,Success
9471,280,8317,2022-06-13,Success
29233,160,8157,2023-01-21,Success
32397,1090,22290,2022-09-24,Success
46986,1424,15354,2022-05-03,Rejected by the driver
44220,1564,24971,2022-12-10,Success
45522,590,14758,2022-09-21,Rejected by the driver
35738,1847,22089,2022-12-15,Success
30462,1423,39515,2022-08-16,Success
4768,1930,18365,2022-09-25,Success
59339,1962,6290,2023-04-09,Success
57304,623,22365,2023-03-04,Success
12039,343,25202,2022-04-18,Success
410,2796,12198,2023-03-15,Success
3185,734,34822,2023-04-10,Success
3091,805,10729,2022-07-01,Success
58920,1977,5452,2022-07-08,Success
20829,1783,10627,2022-08-14,Cancelled by the passenger
51345,1561,1918,2023-01-09,Success
41006,1292,305,2022-10-31,Success
28139,1546,8316,2022-11-23,Success
59045,1228,25327,2023-01-15,Success
58645,603,19714,2023-01-16,Success
23386,1581,9447,2022-06-06,Rejected by the driver
338,370,19656,2023-03-18,Success
8926,943,39437,2023-01-17,Success
53157,631,21994,2022-12-31,Success
25530,1344,34276,2022-04-06,Success
46679,1784,26269,2022-03-25,Success
13926,1586,30126,2022-12-17,Success
31464,2583,30001,2022-11-04,Rejected by the driver
48820,1690,20728,2023-02-05,Success
40621,1289,21078,2022-05-28,Rejected by the driver
44315,1640,11387,2022-04-08,Success
9245,946,8605,2022-06-06,Rejected by the driver
53983,1350,4819,2023-02-10,Success
30320,1016,35144,2022-09-19,Success
47395,2345,1264,2022-10-22,Rejected by the driver
43815,2833,30808,2023-01-13,Cancelled by the passenger
47374,2742,4601,2022-08-08,Success
26409,1049,29697,2022-08-20,Cancelled by the passenger
6880,2342,39103,2022-07-23,Success
40807,2695,10715,2022-08-16,Rejected by the driver
18122,1513,22532,2022-09-28,Success
54346,2624,32638,2022-06-25,Rejected by the driver
24554,2008,17885,2022-08-12,Success
55265,2662,4229,2022-09-10,Rejected by the driver
45956,1979,12380,2022-06-26,Success
50305,991,3369,2022-11-21,Success
25625,1576,18941,2023-02-27,Success
30530,1756,10310,2023-01-02,Success
22674,2874,1814,2022-10-25,Success
38035,1318,20326,2023-03-15,Success
35366,411,36181,2023-01-02,Cancelled by the passenger
23941,1327,12981,2023-01-20,Success
39993,678,15717,2022-12-10,Success
15738,1066,379,2022-12-03,Success
8106,2623,1385,2022-04-27,Success
6553,42,9334,2023-01-08,Success
13195,762,18069,2022-05-04,Success
16314,1061,11873,2022-03-27,Success
14216,2015,31220,2023-03-23,Success
21352,3,19357,2022-03-28,Success
38532,244,5982,2022-07-27,Rejected by the driver
35832,333,5307,2022-06-21,Success
19039,1188,3622,2022-05-18,Success
51058,698,14216,2022-06-23,Rejected by the driver
39792,1279,837,2022-08-24,Success
11711,2705,11239,2022-12-25,Success
27193,1745,3194,2023-03-24,Success
9095,2605,38872,2022-09-27,Rejected by the driver
8318,2000,18383,2022-08-19,Rejected by the driver
34531,1173,11656,2022-04-24,Success
3320,2293,36734,2022-10-24,Success
56212,2904,11379,2022-11-07,Success
44019,740,21592,2022-10-10,Success
7008,1537,2088,2023-02-26,Success
20857,368,9144,2023-01-27,Cancelled by the passenger
7802,2384,4612,2022-09-19,Success
19108,1182,4798,2022-09-04,Success
54810,451,20056,2022-03-25,Success
33254,2260,32930,2022-12-23,Success
11987,268,37495,2022-04-07,Rejected by the driver
44583,294,7157,2023-03-23,Cancelled by the passenger
16077,1011,1424,2022-09-15,Success
34179,795,25323,2022-09-04,Cancelled by the passenger
26353,2208,39627,2023-02-07,Cancelled by the passenger
39467,2242,10046,2022-04-07,Success
21584,1667,28209,2022-08-15,Success
20300,2058,29359,2022-07-15,Success
31775,778,2046,2022-08-19,Success
40314,1802,34264,2022-09-22,Success
9156,128,18129,2022-11-10,Cancelled by the passenger
39211,2076,32143,2022-09-15,Success
45888,463,19220,2022-05-06,Success
49367,1336,32383,2022-04-14,Cancelled by the passenger
683,2277,6770,2022-09-06,Success
40214,1324,13848,2023-01-21,Rejected by the driver
26495,2551,15149,2022-10-23,Rejected by the driver
56400,2294,23953,2023-03-21,Success
48755,462,19256,2022-07-31,Success
44773,1357,3925,2022-06-24,Success
34284,2167,14845,2022-09-29,Cancelled by the passenger
38189,1320,29233,2022-11-18,Success
54675,999,10768,2022-05-22,Success
18557,2214,28927,2023-02-16,Success
53789,2493,6201,2022-06-02,Cancelled by the passenger
26251,160,21467,2022-08-02,Success
12247,2184,35322,2022-08-20,Success
21911,1480,13336,2022-12-09,Success
166,1143,31849,2023-02-06,Success
15506,2265,4181,2022-04-22,Success
40948,1396,2995,2022-03-16,Success
26527,2115,8884,2022-10-07,Rejected by the driver
11048,656,6959,2023-03-06,Cancelled by the passenger
16351,2960,34040,2022-10-07,Success
16934,2612,16398,2022-03-14,Rejected by the driver
8854,1562,18216,2022-08-12,Success
35282,2487,38711,2022-05-03,Success
26909,2337,2302,2023-03-26,Success
11627,987,2442,2022-11-22,Success
42607,761,27753,2023-01-22,Cancelled by the passenger
49826,2000,8046,2023-02-04,Success
51388,1608,3953,2022-12-29,Success
56317,2373,32611,2022-09-29,Success
38019,1452,3128,2022-04-25,Success
30296,2575,25553,2022-07-04,Success
31399,1307,14427,2022-10-22,Success
4429,235,24,2023-03-19,Success
22977,643,34842,2022-11-25,Cancelled by the passenger
37232,2997,35657,2022-08-28,Rejected by the driver
52925,1278,15858,2022-09-26,Rejected by the driver
32953,2955,36487,2023-03-05,Cancelled by the passenger
57969,1591,30733,2023-01-30,Success
31645,2377,12387,2023-02-01,Rejected by the driver
32677,1354,19413,2023-02-17,Rejected by the driver
11838,1815,35042,2022-07-20,Success
29186,2994,38207,2022-10-07,Success
13727,1032,8420,2023-02-03,Success
7632,2332,640,2022-10-17,Success
55697,19,5247,2022-05-05,Rejected by the driver
29798,1240,32817,2022-11-06,Success
16447,1483,35797,2022-07-27,Success
3741,1222,13524,2023-01-24,Rejected by the driver
39001,391,32653,2023-04-09,Success
19767,2149,6483,2022-05-24,Success
48975,901,38300,2022-04-28,Cancelled by the passenger
3744,1791,17734,2023-02-21,Success
2960,2264,20465,2023-03-09,Cancelled by the passenger
35226,1977,2693,2022-06-10,Success
58213,1446,8329,2023-03-26,Success
40579,1517,21893,2022-10-11,Rejected by the driver
34439,1439,29307,2022-06-05,Success
2177,1649,16134,2023-01-31,Success
48764,2055,9016,2023-01-27,Cancelled by the passenger
51214,2991,16503,2022-10-17,Rejected by the driver
32409,2431,18177,2022-11-16,Success
4373,416,1202,2022-07-27,Success
56271,2379,5717,2023-02-17,Cancelled by the passenger
51716,1427,37127,2022-09-28,Success
38254,427,15886,2022-05-23,Success
27383,310,32044,2023-04-06,Cancelled by the passenger
17970,830,35650,2022-07-13,Success
57529,931,21252,2022-12-29,Rejected by the driver
57132,2849,12409,2023-02-27,Cancelled by the passenger
24645,2588,18354,2022-08-12,Success
11677,1292,4759,2022-10-10,Success
29906,1915,32259,2022-07-13,Rejected by the driver
25567,494,2261,2023-02-06,Cancelled by the passenger
51904,584,10479,2023-03-03,Rejected by the driver
52029,632,19304,2022-12-10,Cancelled by the passenger
24696,2696,33916,2022-09-16,Success
6985,1047,24123,2022-12-26,Success
10437,1742,15510,2022-09-01,Cancelled by the passenger
23525,574,23840,2023-02-11,Success
35195,1262,27714,2022-05-19,Success
40797,2706,38013,2022-09-21,Success
8742,2112,2919,2022-06-03,Success
3327,693,34864,2023-04-08,Cancelled by the passenger
16877,2965,7992,2022-07-04,Success
6329,1983,27110,2023-02-06,Cancelled by the passenger
36990,2550,19156,2022-09-02,Success
6912,1148,1997,2022-10-05,Rejected by the driver
5478,2382,29809,2022-10-01,Success
51773,2887,24654,2022-09-28,Success
7913,1702,24671,2022-09-06,Success
36292,2179,2293,2022-09-03,Success
48316,212,20647,2022-07-31,Success
10039,719,20830,2022-03-25,Success
51175,2638,14092,2022-09-20,Success
59257,2879,16187,2022-09-04,Success
1330,2462,14923,2022-07-09,Rejected by the driver
34507,759,36250,2022-12-11,Success
58330,2432,31630,2022-04-07,Cancelled by the passenger
53098,1422,6217,2022-08-03,Success
1493,2777,9603,2023-04-07,Success
49306,1253,38140,2022-11-04,Success
14851,171,4847,2022-07-25,Success
59681,2574,33279,2022-09-01,Success
22685,1406,24366,2022-08-10,Rejected by the driver
55521,2307,27902,2022-06-17,Success
31956,300,18348,2022-06-19,Success
34217,2495,13364,2022-11-15,Success
27283,822,37359,2023-03-04,Cancelled by the passenger
16229,565,6563,2022-10-15,Success
48590,1204,35323,2022-04-10,Success
36952,245,6676,2022-11-04,Success
14373,1333,23136,2022-10-16,Cancelled by the passenger
19918,1027,34082,2022-12-21,Success
2148,175,36363,2022-06-26,Success
7589,815,15542,2022-10-15,Success
17409,213,37,2022-11-09,Success
42782,1644,31740,2022-05-22,Success
964,2218,11693,2022-05-14,Rejected by the driver
19461,97,7650,2022-10-29,Rejected by the driver
5867,256,32481,2023-01-05,Cancelled by the passenger
37974,71,2157,2022-07-28,Success
42480,2040,33516,2023-04-04,Success
37156,256,11290,2022-11-01,Success
55733,2265,37750,2022-09-23,Cancelled by the passenger
33963,966,6232,2023-04-06,Success
12310,2604,8233,2022-09-16,Rejected by the driver
44823,617,32456,2023-03-30,Success
48349,994,38186,2022-09-11,Cancelled by the passenger
41155,2448,24410,2022-04-22,Success
31132,1270,34547,2022-11-02,Success
1735,458,857,2022-12-29,Cancelled by the passenger
58009,820,33639,2022-12-30,Success
35859,189,23045,2022-12-28,Success
36737,2087,11717,2022-05-01,Rejected by the driver
48116,1246,34173,2022-06-02,Rejected by the driver
37378,68,3741,2023-02-16,Success
33168,1646,33653,2022-11-11,Success
51864,1978,449,2022-09-17,Success
12975,2991,1402,2022-07-23,Success
49144,555,3958,2022-04-19,Success
30481,821,35641,2023-01-30,Success
46183,1598,34202,2022-06-05,Success
50368,1665,10097,2023-03-24,Success
37711,7,25108,2022-08-23,Success
59420,2629,37578,2022-08-01,Success
32114,26,31565,2022-10-05,Cancelled by the passenger
4593,2259,28653,2023-03-04,Success
18972,2175,36020,2022-12-15,Success
30162,2080,35747,2022-08-05,Rejected by the driver
44601,657,5311,2022-05-07,Success
46649,2908,16481,2022-06-26,Success
46843,619,31082,2022-12-11,Success
12179,1729,1751,2022-09-22,Success
7333,2468,24574,2022-05-30,Cancelled by the passenger
46362,2182,70,2022-11-13,Cancelled by the passenger
11261,1798,38987,2023-03-10,Cancelled by the passenger
56830,2019,5574,2022-09-10,Success
38938,724,34668,2022-09-17,Success
26568,379,38135,2022-11-03,Success
29084,1310,7995,2022-07-24,Success
53446,1187,3918,2023-02-10,Rejected by the driver
54148,2698,7720,2022-07-22,Success
21321,2722,15726,2022-11-29,Success
21876,1278,37447,2022-05-10,Success
24326,1066,35855,2022-05-13,Success
28831,1517,25568,2023-02-15,Rejected by the driver
1077,718,11271,2023-02-25,Success
37072,551,6109,2023-04-13,Rejected by the driver
44125,1363,6096,2022-08-27,Success
19239,2005,37283,2022-12-11,Success
29197,1973,3654,2023-03-17,Rejected by the driver
12041,2546,3682,2022-05-11,Success
19141,2264,10319,2022-04-13,Success
56369,435,29315,2023-02-10,Success
38161,1528,24443,2022-05-16,Success
15456,949,2389,2022-03-20,Rejected by the driver
17101,1252,1392,2022-03-23,Success
10556,595,36587,2022-08-07,Success
45254,1899,26328,2022-11-04,Success
1235,1222,1302,2022-04-04,Cancelled by the passenger
56318,1601,29253,2022-10-19,Success
53886,757,13731,2022-03-19,Rejected by the driver
8532,1873,22573,2023-01-30,Success
55870,2528,25733,2023-03-27,Success
34042,546,8331,2022-11-06,Success
2972,1145,4350,2022-05-12,Success
3644,1216,1568,2022-12-01,Success
18360,2026,10697,2023-03-18,Success
31531,1474,7630,2022-09-24,Success
51198,2685,688,2022-05-11,Success
58695,854,10071,2022-03-15,Success
26665,2855,13452,2022-09-28,Success
8090,2057,13457,2022-05-31,Rejected by the driver
10764,1700,29251,2022-08-29,Success
53280,925,23029,2022-10-01,Success
36531,159,21077,2023-02-17,Success
572,278,26302,2022-04-10,Success
57127,1472,13357,2023-01-07,Success
45609,1476,18716,2022-11-01,Success
58378,874,11997,2022-08-31,Success
32041,1231,3372,2023-04-10,Success
20514,1190,29104,2022-12-26,Success
26166,1925,33645,2023-01-17,Success
42476,2420,6909,2022-08-16,Success
4663,2089,39228,2022-04-03,Success
53725,277,18159,2022-06-21,Success
43231,2974,17181,2022-07-12,Success
27046,1882,34846,2022-08-20,Success
43464,1787,25005,2023-03-26,Success
54421,2892,33319,2022-06-03,Success
6020,1777,37287,2023-01-07,Cancelled by the passenger
50666,1574,34039,2022-10-17,Success
28242,2982,13034,2022-12-18,Success
6465,2457,31286,2023-03-29,Success
22616,2674,21293,2022-12-30,Success
50223,749,8578,2022-05-11,Success
48085,1394,10479,2022-07-04,Success
58998,767,26991,2022-07-01,Cancelled by the passenger
47529,2421,12999,2022-10-15,Success
45019,1391,15809,2022-09-04,Success
3873,2085,20432,2022-12-13,Success
36238,1313,29573,2022-03-30,Success
49043,165,11929,2023-03-03,Success
14878,505,28500,2022-04-16,Rejected by the driver
55549,279,15529,2022-08-10,Rejected by the driver
8022,2853,36009,2022-05-23,Success
8040,1318,2713,2022-05-02,Success
32442,2062,39101,2022-08-14,Rejected by the driver
39188,2008,12210,2022-12-26,Success
51739,612,22160,2023-03-11,Success
31981,1731,2754,2022-06-13,Success
6700,1996,25689,2023-04-12,Success
211,2638,32056,2023-03-04,Cancelled by the passenger
41482,2982,25644,2022-05-22,Rejected by the driver
7061,606,38408,2022-05-01,Success
44837,1578,34037,2022-07-27,Success
31796,985,858,2022-05-18,Success
4632,262,5083,2023-04-08,Success
24697,277,10031,2022-09-07,Success
34517,2951,17208,2022-07-14,Success
52938,2713,19441,2022-04-05,Cancelled by the passenger
43010,196,4012,2022-11-30,Rejected by the driver
34954,1335,17020,2022-04-18,Success
45242,2802,37203,2022-03-22,Cancelled by the passenger
54751,1630,31726,2023-04-15,Success
2259,2136,33005,2022-07-26,Cancelled by the passenger
53850,1969,10041,2022-07-27,Success
1186,2268,19570,2022-05-14,Cancelled by the passenger
21438,1768,3406,2022-09-22,Cancelled by the passenger
20309,2845,38426,2022-08-24,Success
57732,1826,1693,2022-12-23,Cancelled by the passenger
5333,424,3250,2023-01-16,Rejected by the driver
8018,1261,14762,2022-12-21,Success
49486,856,32071,2022-04-15,Success
18890,783,15753,2023-03-31,Success
4215,2325,35896,2022-08-01,Success
15158,317,26474,2023-01-03,Success
57491,306,28352,2022-12-09,Success
5406,1428,13584,2022-08-02,Success
48643,939,22652,2022-09-24,Rejected by the driver
51787,888,18693,2022-03-29,Success
57505,2685,35830,2022-08-11,Success
52677,1606,6107,2022-03-12,Success
52704,1413,12500,2023-02-02,Success
37759,2987,15536,2023-04-13,Success
17957,1526,10832,2023-01-08,Success
996,1299,24377,2022-12-09,Success
3201,1613,22900,2022-09-27,Success
15739,1072,25249,2022-10-30,Success
26078,2519,7943,2023-04-13,Success
33183,1407,4088,2022-11-25,Success
35552,1820,16830,2022-08-13,Cancelled by the passenger
30400,1150,27248,2022-12-27,Cancelled by the passenger
22436,966,20427,2022-05-11,Success
2937,194,33454,2022-04-21,Success
27462,762,21215,2022-12-22,Success
207,880,39681,2022-06-23,Success
8741,1271,8956,2022-06-13,Success
2653,1477,32986,2023-01-28,Success
30942,2331,28464,2023-01-21,Success
14795,2491,30144,2022-07-02,Rejected by the driver
47141,1942,30321,2022-06-20,Success
47778,2654,28903,2022-08-21,Success
12686,2738,15338,2022-03-14,Success
45331,1933,7579,2022-10-01,Success
34863,44,26492,2023-01-03,Success
12514,229,24507,2023-04-10,Success
21210,2886,11913,2022-07-12,Success
25395,800,33351,2022-05-01,Rejected by the driver
9225,1059,34812,2022-05-04,Success
56536,353,6630,2023-01-04,Success
20813,129,3385,2022-07-12,Success
3658,2538,2791,2022-04-05,Success
47693,2692,10308,2023-03-25,Success
47939,2532,32967,2022-09-09,Success
1113,871,11774,2022-05-31,Success
36138,1221,27480,2022-09-26,Rejected by the driver
41829,2180,4124,2022-12-04,Success
36746,2179,37932,2023-01-25,Success
59458,1098,6364,2023-02-04,Success
51211,513,23549,2022-11-26,Cancelled by the passenger
6256,392,13721,2022-12-09,Success
8458,14,8067,2022-06-03,Success
41827,1934,9415,2022-12-30,Success
5996,1627,10752,2022-09-13,Rejected by the driver
28081,1568,9552,2022-07-14,Cancelled by the passenger
19034,2209,11884,2022-04-09,Success
45081,2288,39830,2022-05-31,Success
12116,535,26505,2022-11-15,Success
59207,1346,4865,2022-09-29,Success
6705,2628,16796,2022-05-15,Success
14807,2572,32654,2022-03-31,Success
42976,721,7902,2022-10-13,Success
4653,51,3084,2023-02-25,Cancelled by the passenger
40353,1609,9774,2023-03-17,Success
58412,458,34741,2022-04-14,Success
18606,2643,33822,2022-11-30,Success
37281,599,1792,2023-03-08,Success
3056,990,30752,2023-04-09,Success
33913,554,38640,2022-08-04,Rejected by the driver
15849,678,18242,2022-09-02,Rejected by the driver
40656,2391,18605,2022-08-22,Cancelled by the passenger
21937,880,12137,2023-04-05,Rejected by the driver
795,688,24229,2022-09-24,Success
55330,1506,27539,2022-09-09,Success
56579,1034,786,2022-10-01,Cancelled by the passenger
27479,1060,39495,2022-09-21,Success
54113,2417,10180,2022-03-15,Success
45365,2136,33671,2022-10-10,Success
290,2441,6627,2022-05-20,Success
31489,2911,30528,2022-12-11,Success
45545,1310,2043,2022-10-04,Success
22484,238,23033,2022-10-17,Success
36587,142,33004,2023-04-13,Success
2699,369,14976,2022-09-04,Success
57143,2859,11884,2022-09-19,Success
28478,2525,27760,2022-04-08,Rejected by the driver
57581,1182,27265,2022-06-14,Cancelled by the passenger
6214,2367,26169,2023-02-21,Success
54331,1454,19562,2022-05-29,Success
45290,1465,38071,2022-09-26,Success
14980,1978,34031,2022-12-14,Success
46541,2404,30451,2022-04-12,Rejected by the driver
34823,2717,12320,2023-01-01,Success
27148,1165,37782,2022-09-08,Success
4619,1682,10299,2023-03-27,Rejected by the driver
43510,981,26280,2022-06-24,Success
1432,1312,9995,2022-11-22,Rejected by the driver
44781,1192,7496,2022-09-09,Success
3711,84,8275,2022-03-31,Success
12546,711,38747,2023-01-27,Cancelled by the passenger
33135,2591,1632,2022-11-17,Rejected by the driver
35934,2334,14729,2022-11-13,Success
43819,1929,34964,2022-11-04,Rejected by the driver
55626,2315,39340,2023-02-10,Success
59134,77,11413,2022-06-26,Success
49175,2754,12006,2022-09-11,Rejected by the driver
22109,2996,16871,2022-09-29,Success
22345,1100,35721,2022-03-29,Cancelled by the passenger
42956,1277,21633,2022-12-07,Success
24364,1696,15014,2022-03-23,Rejected by the driver
26655,1477,2306,2022-09-10,Rejected by the driver
19081,1144,13291,2022-06-17,Cancelled by the passenger
47521,932,13630,2022-09-07,Success
5576,783,16182,2023-04-13,Success
55756,404,29467,2022-05-04,Success
42567,1051,23146,2022-10-16,Success
2342,248,17680,2022-10-26,Success
31759,1233,38622,2022-09-24,Success
43768,2961,15636,2022-10-08,Cancelled by the passenger
52417,2798,16619,2022-05-03,Success
43336,786,36723,2022-06-22,Rejected by the driver
41998,2812,38309,2022-04-07,Success
57661,1636,20880,2022-07-15,Success
28234,1025,4586,2022-08-05,Success
56025,1975,17286,2022-12-09,Success
14232,1144,31130,2022-07-23,Success
51658,463,38189,2022-10-13,Success
42043,1158,28869,2023-03-26,Success
8336,714,36809,2022-05-06,Rejected by the driver
41793,1717,11713,2022-10-20,Success
47645,294,9203,2022-05-10,Rejected by the driver
13294,2512,17689,2023-01-27,Success
14703,2503,31982,2022-09-12,Success
27456,2761,38790,2022-05-06,Success
25472,2678,13632,2023-03-03,Rejected by the driver
32872,2342,7736,2022-10-07,Success
514,1072,26165,2022-07-22,Cancelled by the passenger
8507,1944,648,2023-01-26,Success
24374,905,28385,2022-06-19,Success
13685,1956,28469,2023-03-03,Success
16428,771,11944,2022-09-03,Rejected by the driver
23032,1846,33347,2022-10-21,Success
327,1131,5725,2022-11-25,Rejected by the driver
52674,1673,33638,2022-11-11,Success
48968,280,24625,2023-04-08,Success
46225,445,15298,2022-05-09,Cancelled by the passenger
1796,2652,28267,2023-04-03,Success
16771,1598,23315,2023-03-17,Success
5653,2227,33248,2023-02-10,Success
34928,100,23862,2022-12-05,Cancelled by the passenger
21325,1213,33625,2022-08-07,Rejected by the driver
35867,1677,315,2022-04-20,Rejected by the driver
50055,2012,22747,2023-01-17,Success
33268,1698,28936,2022-04-05,Success
23176,1584,3597,2022-11-13,Rejected by the driver
22078,1267,23244,2023-03-06,Rejected by the driver
26249,2017,14495,2022-12-19,Success
41404,85,3893,2022-04-25,Success
43253,2610,34842,2022-06-10,Rejected by the driver
27571,1567,39930,2022-08-19,Success
57229,382,37830,2022-06-22,Success
22765,651,12778,2022-11-10,Rejected by the driver
26312,895,39010,2022-08-24,Success
7385,830,25444,2022-12-16,Success
12645,715,442,2023-02-10,Success
38145,2106,13810,2022-11-15,Success
38549,2789,19264,2023-02-06,Success
34809,2597,1370,2023-02-11,Success
18053,2969,33272,2023-03-29,Success
33380,749,31449,2022-11-21,Success
49430,509,11937,2023-03-21,Success
51381,649,35063,2022-08-18,Rejected by the driver
2868,397,2455,2022-06-13,Success
20686,669,20342,2022-03-29,Success
20424,2634,39713,2022-06-18,Success
50194,1865,8471,2022-10-14,Success
40083,2904,14159,2023-04-07,Cancelled by the passenger
51571,2514,1024,2022-09-16,Success
444,585,30603,2022-06-30,Rejected by the driver
8602,1271,28061,2022-09-28,Success
59444,73,30039,2022-05-12,Cancelled by the passenger
55517,522,9996,2023-02-04,Success
58656,1822,37387,2022-10-21,Success
13386,1834,37393,2023-01-05,Success
40370,1923,7595,2023-04-10,Success
46295,1849,1108,2022-12-26,Success
25843,1959,34708,2022-04-03,Rejected by the driver
30221,2830,11565,2023-04-12,Rejected by the driver
43217,1251,3943,2022-12-13,Rejected by the driver
3789,2127,464,2022-04-04,Rejected by the driver
16373,906,36853,2022-05-30,Success
29720,2336,36577,2022-05-06,Success
39805,1979,35812,2022-05-15,Success
23180,1457,26705,2023-01-22,Cancelled by the passenger
59516,106,11035,2022-11-24,Success
5144,1076,356,2022-03-15,Success
11886,1500,38265,2023-01-23,Success
49024,687,29040,2023-04-15,Success
33776,2052,16575,2022-05-22,Success
26197,1997,30035,2022-10-16,Success
25265,1461,8003,2022-06-24,Success
48976,2006,5855,2023-01-11,Success
35982,2298,5410,2022-11-19,Success
7340,1450,34521,2022-08-29,Success
35285,404,18787,2022-10-27,Success
8526,666,2967,2023-02-17,Success
19596,845,16330,2023-02-18,Success
37785,457,16008,2022-12-14,Success
42354,2938,9262,2022-03-26,Cancelled by the passenger
57751,1052,822,2023-01-17,Success
30129,2349,13646,2023-01-11,Success
36852,2320,6257,2022-03-15,Success
7642,248,39496,2022-09-03,Success
42471,2176,30971,2022-10-14,Success
23310,66,29061,2023-01-22,Success
10233,1461,39381,2022-09-27,Success
46466,1231,38849,2022-03-18,Cancelled by the passenger
12168,207,21179,2022-07-29,Rejected by the driver
3270,2043,1674,2022-12-02,Success
18377,2338,4823,2023-03-22,Success
7615,1330,29540,2022-11-15,Success
52202,797,30929,2023-04-01,Success
28622,2818,4706,2023-01-16,Success
10660,1448,37899,2022-11-10,Success
49381,2487,33751,2022-09-26,Rejected by the driver
52131,224,21920,2022-06-17,Success
20860,665,14667,2022-05-21,Success
14044,2740,38519,2022-07-15,Success
48311,1899,12641,2022-08-23,Success
52628,2110,28137,2022-10-14,Success
55219,618,21667,2023-03-29,Success
459,1985,12017,2023-04-04,Success
4244,1528,38856,2023-01-28,Success
22617,1610,25949,2023-04-09,Success
29409,735,16434,2022-03-19,Rejected by the driver
8824,2368,469,2023-04-09,Rejected by the driver
57227,1718,30269,2022-08-22,Success
38130,2623,9372,2022-04-20,Rejected by the driver
53299,1567,15898,2022-12-03,Success
33630,476,30163,2022-08-16,Cancelled by the passenger
34984,1038,17732,2022-05-02,Success
18239,1908,13639,2023-03-15,Success
51634,1789,24990,2022-04-25,Rejected by the driver
17071,2397,37633,2023-01-15,Success
22949,1596,18612,2023-04-10,Success
2534,2513,10348,2022-07-02,Success
6467,1191,4479,2022-08-13,Success
25634,650,26857,2022-05-03,Success
57098,783,19866,2022-03-21,Success
44427,297,13011,2022-07-10,Success
57805,1114,34977,2022-05-22,Success
26228,2739,31351,2022-12-05,Success
11571,2604,11718,2022-12-05,Rejected by the driver
49207,211,27913,2022-07-01,Success
21592,2740,20358,2022-12-13,Success
9897,2659,30303,2022-03-13,Success
49219,2539,16706,2022-09-25,Success
9515,489,4051,2022-08-01,Success
42639,1026,21981,2023-03-25,Success
4139,1791,35359,2022-08-17,Cancelled by the passenger
37953,592,37427,2022-06-05,Rejected by the driver
33937,183,21850,2023-02-17,Success
19802,2493,29918,2022-04-19,Success
19635,259,6615,2022-09-07,Success
15880,867,34576,2022-04-15,Success
27741,2915,5885,2023-01-16,Success
33290,2339,8310,2022-08-02,Success
48361,1605,36207,2022-06-20,Success
17936,1311,11388,2022-04-30,Success
44934,1316,16656,2023-01-06,Success
42409,1749,12881,2023-01-16,Rejected by the driver
23568,547,16970,2023-01-01,Success
28107,2312,13282,2022-06-12,Success
56603,1807,25484,2022-09-30,Cancelled by the passenger
37741,2472,11919,2022-04-11,Success
32534,234,4732,2022-09-02,Success
46226,1646,15098,2023-03-28,Success
31719,1867,21017,2022-11-06,Success
31025,2151,14044,2022-07-11,Rejected by the driver
7991,294,7218,2022-12-15,Success
23414,1292,36244,2022-08-27,Success
47855,2943,3019,2022-06-15,Success
6628,1067,20134,2023-02-01,Success
5859,519,23523,2022-05-02,Success
20650,2839,39418,2023-01-03,Success
6658,1878,16224,2022-03-12,Success
22775,1445,21488,2022-05-10,Rejected by the driver
38611,1546,6614,2022-12-30,Success
5935,1794,37224,2023-01-29,Success
33723,805,37740,2023-02-14,Rejected by the driver
34340,497,13677,2022-11-27,Rejected by the driver
29054,649,3999,2022-04-22,Success
7483,2984,34674,2023-03-30,Success
32611,2831,777,2023-02-13,Success
44617,1573,36133,2023-01-03,Rejected by the driver
49251,2354,9012,2022-11-29,Success
10022,2537,11597,2022-07-08,Success
58140,1539,27640,2022-07-10,Success
23256,2850,19716,2022-07-08,Success
3621,665,11187,2022-11-13,Success
38738,2873,35267,2022-03-15,Rejected by the driver
39817,1420,28346,2022-06-01,Success
16943,136,18952,2022-10-12,Success
33145,2735,5929,2023-03-15,Success
57249,389,11784,2022-10-04,Cancelled by the passenger
57700,1402,37611,2022-08-03,Success
42313,1180,13346,2022-06-15,Success
20099,1715,15390,2023-01-15,Cancelled by the passenger
44242,1343,35494,2023-02-11,Cancelled by the passenger
37896,2657,6733,2023-02-12,Success
23271,638,7614,2022-09-02,Success
58503,1880,8654,2022-08-18,Cancelled by the passenger
9886,722,26987,2023-03-07,Success
43155,2555,9792,2022-04-12,Success
29658,30,33300,2022-07-21,Success
11477,1957,14466,2023-03-15,Success
35592,1138,18023,2022-09-22,Success
25920,1572,8781,2022-07-29,Success
20069,2604,5198,2023-03-03,Success
59713,1962,29360,2022-12-29,Success
37906,216,26573,2023-01-15,Success
17875,1699,19091,2023-03-15,Cancelled by the passenger
45085,937,2154,2022-07-27,Success
43196,1556,33311,2022-05-27,Success
12625,594,5737,2023-02-28,Success
17487,2939,14293,2023-01-20,Rejected by the driver
24285,2598,13222,2022-08-13,Success
39351,1343,37094,2023-02-16,Success
42062,2941,19124,2022-03-19,Rejected by the driver
45046,2913,740,2022-06-21,Success
6259,1033,16676,2022-10-07,Success
5306,140,34321,2023-03-28,Success
28015,571,9321,2023-03-10,Rejected by the driver
44829,1445,34479,2023-01-19,Cancelled by the passenger
25362,2105,20328,2022-12-26,Rejected by the driver
32230,2582,36196,2022-10-07,Rejected by the driver
33096,1551,16414,2022-09-12,Success
10865,288,21841,2022-07-23,Success
41575,476,17344,2022-08-23,Success
30957,1465,2182,2023-01-29,Success
23703,1618,9243,2022-12-28,Success
6462,1740,8793,2022-06-14,Success
24206,532,19568,2022-12-29,Rejected by the driver
33399,2427,26220,2022-08-28,Rejected by the driver
25926,749,13558,2022-05-04,Success
56477,105,3205,2022-05-09,Cancelled by the passenger
19068,1881,15471,2023-01-28,Cancelled by the passenger
11716,1555,33889,2022-07-28,Success
49993,158,14990,2023-01-12,Success
58758,1394,19244,2022-11-08,Success
46326,2497,36854,2022-08-04,Success
29757,2364,32032,2022-05-29,Cancelled by the passenger
48776,758,3742,2022-06-12,Rejected by the driver
18467,1278,13428,2023-02-22,Success
36555,2973,405,2022-06-05,Success
41890,171,38276,2022-06-24,Cancelled by the passenger
23812,1389,39485,2022-03-18,Cancelled by the passenger
11829,1145,32870,2022-08-24,Success
12268,2696,10942,2022-12-16,Rejected by the driver
50870,1604,30180,2022-06-25,Success
46733,1923,4123,2022-08-12,Success
10772,1381,22625,2022-06-10,Success
39897,2514,29796,2022-07-25,Success
40296,2508,21145,2022-11-21,Success
3725,1664,10,2022-11-08,Rejected by the driver
5651,633,37752,2022-10-22,Success
43779,254,4678,2022-08-04,Success
15469,1327,23436,2022-08-20,Rejected by the driver
47763,636,838,2022-06-08,Success
8860,959,24335,2022-08-25,Cancelled by the passenger
9228,690,19070,2022-08-05,Rejected by the driver
31437,656,35115,2023-02-19,Success
14750,2002,13505,2022-04-22,Success
44585,2740,36669,2023-01-10,Success
52260,1028,8180,2022-08-19,Success
11113,2595,32180,2022-10-28,Cancelled by the passenger
3943,1879,38144,2023-02-04,Success
51693,156,34749,2023-01-13,Success
53558,760,17134,2023-04-03,Success
54825,90,27256,2022-11-27,Success
13800,199,681,2022-03-30,Success
28448,1648,25381,2022-11-28,Success
21001,1478,28207,2022-06-14,Success
46316,723,29210,2022-08-22,Cancelled by the passenger
20092,879,14479,2022-03-25,Success
51937,1739,12540,2022-12-08,Success
54869,2623,30460,2023-02-17,Success
59733,1344,11138,2022-11-17,Success
10942,2686,19370,2022-11-16,Success
51522,2840,842,2022-07-01,Success
46781,1498,2673,2022-10-12,Rejected by the driver
25967,1010,32912,2022-06-09,Success
18798,2429,34188,2023-03-29,Success
16419,1862,14591,2022-05-28,Success
46572,2171,36378,2022-06-25,Rejected by the driver
20839,338,13417,2022-05-28,Success
23467,2424,9712,2022-03-16,Cancelled by the passenger
33481,1742,27183,2022-08-01,Success
15872,73,36438,2022-08-16,Success
42077,200,28884,2022-08-17,Rejected by the driver
38899,2857,29642,2023-01-04,Success
12896,918,23392,2023-01-23,Success
36248,965,30771,2022-12-30,Cancelled by the passenger
15517,2063,28670,2022-04-11,Cancelled by the passenger
6341,718,34876,2022-10-09,Success
47408,2964,35766,2022-03-29,Rejected by the driver
17435,1875,35562,2023-02-08,Rejected by the driver
3584,362,24850,2023-03-05,Success
3787,2007,21046,2022-06-13,Success
137,2256,23597,2022-09-05,Rejected by the driver
5403,2929,27435,2022-12-27,Success
56031,1505,36770,2023-01-27,Success
18718,1630,19816,2023-02-14,Success
13692,1825,31354,2022-10-28,Success
15307,2660,3624,2023-01-09,Success
12118,1943,14872,2022-05-04,Rejected by the driver
45381,1857,35570,2022-11-02,Success
53827,2088,1705,2022-07-30,Success
25940,1708,19839,2022-04-18,Success
34301,2272,5122,2022-08-31,Success
7912,1238,11765,2022-05-31,Success
2490,1433,36779,2023-01-12,Cancelled by the passenger
4563,1344,8936,2022-07-14,Success
56991,2637,31739,2022-07-24,Success
18087,594,4136,2022-03-13,Success
48150,887,643,2022-10-14,Success
21343,579,20621,2022-12-22,Cancelled by the passenger
11634,107,15162,2023-03-29,Success
36496,2798,11438,2022-11-07,Success
527,1311,8981,2022-09-15,Success
33278,1244,18398,2022-04-12,Cancelled by the passenger
13939,2805,29988,2022-07-31,Cancelled by the passenger
1453,820,29022,2023-01-22,Cancelled by the passenger
4213,364,20944,2023-04-08,Cancelled by the passenger
26776,2287,20556,2022-03-29,Success
44123,1584,23570,2022-12-03,Success
34533,1053,22681,2023-01-02,Success
35345,1076,19121,2022-04-05,Success
27703,762,20127,2022-08-03,Success
21744,1670,15159,2023-02-09,Success
21327,520,3854,2022-10-18,Success
45152,1049,28108,2023-01-28,Cancelled by the passenger
4952,107,31029,2022-08-01,Cancelled by the passenger
10174,2756,37063,2022-09-16,Cancelled by the passenger
10017,1579,31157,2023-03-14,Success
47914,2015,19955,2022-10-16,Success
23528,2770,6926,2023-04-10,Success
36093,1834,17219,2022-12-26,Rejected by the driver
22531,603,10939,2022-05-13,Success
56544,468,34652,2022-09-28,Cancelled by the passenger
19166,1828,37369,2023-02-07,Success
34215,1867,19643,2022-08-20,Success
54634,2868,34630,2022-10-27,Success
24081,2896,20601,2022-07-10,Success
6696,163,37465,2022-03-23,Success
7243,457,35036,2022-11-02,Rejected by the driver
44380,1538,8919,2022-07-06,Success
30617,2734,25109,2022-09-02,Success
16880,1963,30642,2022-07-19,Rejected by the driver
40046,1929,30529,2023-02-25,Success
19296,1488,23407,2023-01-09,Rejected by the driver
58527,188,31666,2022-12-07,Cancelled by the passenger
20773,66,35240,2022-12-08,Success
10391,1575,23655,2022-08-04,Success
24623,2036,194,2022-04-23,Cancelled by the passenger
42598,2813,14258,2023-03-21,Success
51579,369,33381,2022-12-28,Rejected by the driver
57793,1309,9153,2022-06-15,Cancelled by the passenger
37563,786,18353,2023-03-13,Success
25683,1747,31207,2023-01-09,Success
4321,2432,246,2022-05-03,Success
1016,1819,4594,2022-11-05,Success
37393,1081,25500,2022-04-25,Success
59794,556,35257,2022-08-14,Success
1718,263,3363,2023-01-26,Success
39982,1925,23897,2022-04-02,Success
49711,2771,36970,2023-02-05,Cancelled by the passenger
31890,219,28771,2022-10-03,Success
14540,103,13080,2022-04-04,Rejected by the driver
43050,1304,18201,2023-03-17,Success
12383,834,22837,2022-05-23,Success
24632,1677,31759,2022-05-22,Success
29429,427,39181,2022-05-13,Success
58097,697,7554,2022-12-03,Success
34918,636,5208,2022-08-05,Rejected by the driver
16129,2255,10834,2022-12-14,Success
50049,1059,30789,2022-06-23,Success
48133,1540,951,2022-05-27,Success
37272,2155,16213,2022-06-17,Cancelled by the passenger
32984,2122,20999,2022-07-18,Rejected by the driver
9457,1702,32576,2023-01-16,Success
50035,270,11543,2022-11-03,Rejected by the driver
3839,2742,15615,2023-03-31,Success
8690,47,7931,2023-02-28,Rejected by the driver
55264,1981,27835,2022-12-07,Success
51164,977,14248,2023-02-28,Success
23392,2812,34850,2022-11-20,Success
25548,1495,25079,2022-07-30,Success
56049,2766,6022,2022-07-04,Success
42754,332,38508,2022-08-21,Success
417,2015,15478,2022-06-21,Success
1163,179,31042,2022-08-30,Success
8708,2585,24354,2023-01-23,Success
8650,1674,10423,2022-10-30,Success
30554,2143,26408,2023-03-01,Success
45153,2682,18346,2022-06-01,Success
50748,283,8612,2022-09-27,Success
35052,811,20689,2023-03-09,Rejected by the driver
28052,374,18197,2022-04-15,Cancelled by the passenger
24131,933,9329,2022-06-16,Cancelled by the passenger
44936,1268,36096,2022-04-18,Success
7795,2672,32841,2022-05-16,Cancelled by the passenger
14921,1741,36025,2023-02-26,Success
44839,436,12818,2023-04-07,Rejected by the driver
36539,1894,20240,2022-06-19,Success
52059,862,21503,2022-05-16,Success
43579,2797,3894,2022-12-23,Success
16318,70,39515,2022-12-21,Success
57617,2339,14115,2023-02-14,Success
53137,1052,20683,2022-08-26,Cancelled by the passenger
28504,2887,4137,2022-09-07,Cancelled by the passenger
42773,792,31266,2022-08-13,Success
55534,505,16057,2022-11-02,Rejected by the driver
51743,767,16347,2022-04-11,Success
7159,303,5659,2022-03-19,Success
55246,1247,22574,2022-06-08,Success
11358,1952,26249,2022-10-16,Success
54813,2916,25678,2023-02-21,Rejected by the driver
1214,1148,25692,2023-02-15,Success
14307,1047,29921,2023-03-27,Rejected by the driver
38551,1612,31491,2022-09-12,Success
44282,297,9691,2023-03-23,Success
10138,796,29169,2023-02-13,Success
13268,2498,28180,2023-02-19,Success
57980,2894,39537,2022-11-24,Rejected by the driver
40,2280,17622,2022-04-27,Rejected by the driver
22627,1061,14694,2022-05-22,Success
40285,1778,3087,2022-12-17,Rejected by the driver
39945,799,36866,2022-05-29,Success
2192,2062,8343,2022-11-09,Cancelled by the passenger
54713,953,10531,2022-07-09,Success
54261,1927,28851,2022-10-01,Success
27237,1822,19364,2022-06-23,Success
40551,2382,38208,2022-10-29,Success
21573,665,18679,2022-11-27,Success
48598,1580,5809,2023-03-30,Rejected by the driver
40513,2105,26014,2022-05-25,Success
18260,13,219,2022-05-06,Success
39080,2695,9051,2022-09-25,Success
22093,1122,22746,2022-05-27,Success
39549,941,18168,2023-02-22,Rejected by the driver
15280,380,5569,2022-10-17,Success
47708,738,39378,2022-04-11,Success
49466,1833,12533,2022-09-11,Success
60000,2993,27854,2023-02-10,Success
50773,919,38631,2023-03-03,Rejected by the driver
31146,1205,701,2022-11-24,Success
48289,2257,33948,2022-03-26,Cancelled by the passenger
4257,1182,20131,2023-01-26,Success
57238,2508,19697,2023-02-02,Cancelled by the passenger
49872,1595,8771,2023-02-22,Cancelled by the passenger
8996,934,18501,2022-04-14,Success
34375,1810,34219,2022-11-06,Success
19519,1847,22592,2022-10-31,Success
27578,2734,18368,2022-10-16,Success
961,2415,1112,2022-10-27,Success
9566,2828,32821,2022-09-09,Rejected by the driver
25578,2901,17447,2022-07-10,Success
26991,2072,17757,2023-02-13,Success
49757,346,12558,2022-11-24,Success
51556,1567,4912,2022-09-18,Success
57712,849,31568,2022-07-04,Success
22866,747,31108,2022-11-09,Success
59573,2197,28897,2022-12-13,Success
32583,2852,14872,2023-01-02,Success
59113,2639,32895,2022-07-03,Rejected by the driver
215,2850,13654,2022-07-10,Success
38987,2054,30891,2022-06-19,Success
43083,2831,26618,2022-10-16,Success
45116,482,34993,2022-04-11,Success
46502,2523,24101,2022-06-02,Success
33448,2180,16499,2022-12-08,Success
54903,2136,35671,2022-06-21,Rejected by the driver
21009,2264,25051,2023-01-05,Success
18761,2250,31859,2022-05-05,Rejected by the driver
23522,2796,15650,2022-12-03,Success
25691,884,20696,2022-08-08,Success
3659,1032,17078,2022-04-02,Success
15382,1757,35918,2022-07-04,Cancelled by the passenger
29253,2463,21813,2022-04-20,Success
50270,2295,16817,2022-04-09,Success
16252,1102,14918,2023-01-24,Success
16789,730,12882,2023-04-08,Cancelled by the passenger
39856,2834,21858,2022-07-25,Success
30405,582,1462,2023-02-11,Success
30108,2088,6673,2022-11-15,Success
19245,950,34683,2022-09-02,Rejected by the driver
6260,1957,33215,2022-07-31,Success
57638,1530,30629,2023-03-21,Success
24617,2667,10835,2022-11-27,Success
31051,156,24381,2022-10-14,Cancelled by the passenger
37730,2772,24069,2023-02-21,Rejected by the driver
47417,2016,21433,2022-10-01,Success
30446,290,24065,2023-02-02,Cancelled by the passenger
41739,1049,2228,2022-10-13,Success
38866,182,8182,2022-05-06,Success
53811,1874,11646,2022-12-29,Success
13898,1583,38338,2022-09-04,Success
6595,87,5956,2022-07-07,Rejected by the driver
50032,959,11989,2022-07-16,Success
58388,1489,3172,2022-12-17,Rejected by the driver
51185,1408,38512,2022-12-16,Success
27089,299,36800,2022-10-26,Cancelled by the passenger
58112,173,7196,2022-12-03,Success
28095,2690,17037,2023-03-23,Rejected by the driver
30364,480,36143,2022-05-20,Success
23130,503,12534,2022-06-16,Success
56566,367,27785,2023-01-13,Rejected by the driver
17734,64,15943,2022-09-11,Success
43401,1511,7498,2022-06-24,Success
35998,908,4106,2022-08-13,Success
11693,1575,20818,2022-08-13,Success
56540,295,24086,2022-08-15,Success
59702,1040,29881,2023-02-26,Success
54221,988,23762,2023-03-08,Success
3966,1529,26804,2022-03-24,Success
54590,1458,546,2023-01-04,Success
14236,1089,24836,2022-04-10,Rejected by the driver
18056,1765,17305,2022-07-13,Success
48685,1848,757,2023-02-23,Success
46060,2218,1526,2022-12-22,Success
7469,2823,15608,2022-06-13,Success
29167,2099,32931,2023-02-14,Success
57806,1876,23305,2022-05-09,Success
27569,1768,22650,2022-12-08,Success
3108,1388,30317,2022-08-27,Success
2180,787,36546,2022-03-15,Rejected by the driver
9710,1767,5155,2022-05-04,Success
23881,1684,19955,2022-10-30,Rejected by the driver
31793,2306,4149,2022-09-30,Success
47639,516,20988,2022-05-16,Success
57686,713,4964,2022-10-14,Success
32440,2197,37984,2023-03-02,Success
43178,2845,874,2022-10-29,Success
12639,463,29093,2023-02-01,Rejected by the driver
25677,1254,13214,2022-08-01,Success
21093,2351,31387,2022-08-15,Success
38765,2417,37505,2022-06-29,Success
44074,446,24551,2022-03-17,Success
4992,2513,13675,2022-12-10,Success
40790,2549,35306,2022-09-10,Cancelled by the passenger
13855,2940,24694,2022-03-12,Success
16422,2492,15312,2022-06-17,Success
47753,1033,39193,2022-08-29,Success
50074,2420,15043,2022-12-19,Rejected by the driver
48564,894,9254,2023-03-17,Cancelled by the passenger
47376,168,5326,2022-04-13,Success
31908,1461,1214,2023-01-10,Success
29014,2869,38809,2022-11-02,Success
30824,2557,21884,2022-08-25,Cancelled by the passenger
50611,342,32709,2023-02-02,Success
10076,2823,7042,2022-08-20,Success
1905,1651,38983,2023-02-08,Rejected by the driver
8681,2763,35243,2022-05-03,Success
32562,2699,37468,2022-09-03,Success
36132,2259,18978,2022-07-27,Success
30018,2554,14401,2022-12-14,Success
48774,825,4844,2022-04-07,Success
53440,2562,22660,2022-04-19,Success
16159,1375,28969,2022-09-12,Success
59571,332,20891,2022-07-13,Success
46392,1216,28015,2022-04-28,Success
9107,483,25294,2022-08-27,Success
39433,463,9834,2022-06-14,Rejected by the driver
45197,1099,23173,2022-06-25,Success
30201,1700,18124,2023-03-04,Success
17927,1995,2920,2022-05-23,Success
19420,855,24454,2022-12-02,Success
1234,610,22895,2022-08-15,Rejected by the driver
10102,1846,28446,2022-07-15,Success
49160,2367,18709,2023-03-25,Success
17494,117,11551,2023-03-11,Success
17316,2742,4614,2022-11-21,Success
21309,2993,39301,2022-07-13,Success
28675,2298,3904,2022-09-25,Success
58637,2975,29916,2022-09-16,Success
48096,1046,19238,2023-03-17,Success
47375,1197,31728,2022-10-04,Success
25893,1968,28725,2022-03-12,Success
1280,1550,11186,2022-10-30,Rejected by the driver
13864,639,11061,2023-01-24,Success
4534,1954,39640,2022-06-03,Success
36056,742,29891,2023-04-06,Rejected by the driver
40908,2415,33568,2023-03-25,Success
22942,362,19075,2023-04-10,Rejected by the driver
15805,2860,14728,2022-12-11,Success
58076,727,30098,2022-07-04,Success
20451,731,23188,2022-04-21,Success
14783,1575,29756,2022-08-30,Success
87,468,4090,2022-03-30,Success
1794,1450,4163,2022-09-07,Success
1739,691,13263,2022-12-10,Success
14416,604,2007,2022-05-15,Success
33744,2430,16349,2022-05-31,Success
2706,190,9846,2022-07-03,Success
39766,1052,23899,2022-04-23,Cancelled by the passenger
42425,2150,10230,2022-03-16,Success
33220,1563,32143,2023-01-04,Success
38898,1482,656,2022-09-24,Success
26169,2524,30051,2023-03-13,Success
59161,1324,34803,2023-02-23,Success
30927,2143,23347,2022-12-18,Cancelled by the passenger
52158,989,23380,2022-10-29,Success
55359,2775,28283,2022-05-09,Success
13822,2827,13990,2022-11-29,Success
24209,742,26644,2022-10-06,Rejected by the driver
7039,2345,26984,2023-02-24,Success
27657,1327,15495,2022-05-01,Success
16898,42,25288,2022-09-03,Success
10966,242,7254,2022-09-06,Success
53675,2815,8321,2022-08-21,Success
57082,1384,18954,2022-05-08,Success
46227,799,39168,2023-02-28,Success
45835,223,38101,2022-04-17,Success
6107,2368,28146,2022-08-10,Rejected by the driver
55329,1207,25006,2022-05-12,Success
40108,2787,33804,2022-08-24,Success
12781,299,35683,2022-06-18,Success
48987,2819,37727,2023-02-06,Success
58429,2523,29975,2022-08-17,Success
1491,1005,36055,2022-06-22,Success
21853,1925,38933,2023-02-03,Success
56698,2911,138,2022-06-14,Success
56978,1278,29494,2022-07-08,Success
55820,1223,4049,2022-12-25,Rejected by the driver
30045,1636,35837,2022-03-16,Success
21971,1840,13492,2023-02-20,Cancelled by the passenger
12188,2057,15187,2022-05-02,Success
31402,379,39782,2023-02-04,Success
22793,2234,28360,2022-09-22,Success
39196,1882,12186,2023-03-23,Success
17110,2492,16675,2022-04-28,Success
3464,1499,22034,2023-01-03,Success
27392,96,7058,2022-12-31,Success
32028,977,11007,2022-11-28,Success
56787,2825,37003,2023-02-22,Success
30435,1463,23822,2023-01-11,Success
29924,1028,7408,2022-11-09,Success
11587,765,31929,2023-03-25,Success
46909,2777,122,2023-02-08,Success
55377,356,35229,2022-08-08,Success
30897,1372,25496,2022-05-03,Success
26452,2570,24534,2022-08-21,Cancelled by the passenger
40394,1242,10132,2022-08-30,Success
39615,2230,16981,2022-09-04,Success
27353,624,35780,2022-05-17,Success
9916,471,21677,2023-01-21,Success
668,287,19990,2022-05-10,Success
5516,2244,26086,2023-03-29,Success
13557,1041,20864,2023-01-10,Success
9357,397,35950,2022-11-09,Success
42836,2980,7517,2022-06-04,Cancelled by the passenger
1066,672,18042,2022-07-09,Success
47265,2874,29188,2022-11-12,Success
58924,1028,36632,2022-12-15,Success
7475,1798,18617,2022-10-14,Success
27668,1580,10512,2022-09-21,Success
32384,2859,10915,2022-03-18,Success
47404,1962,19351,2022-05-17,Success
30226,2343,6958,2023-03-10,Success
6546,2424,16104,2022-11-01,Success
30910,1006,8265,2022-05-19,Rejected by the driver
21737,22,3030,2022-06-04,Success
25515,1379,6042,2023-01-25,Success
28428,77,28285,2022-11-23,Cancelled by the passenger
13290,1484,39393,2022-09-02,Success
28338,587,38232,2022-12-15,Success
56928,1513,12687,2022-11-27,Success
57709,1580,630,2022-11-16,Success
44935,68,28198,2022-07-03,Success
44247,2088,4655,2022-05-16,Rejected by the driver
47952,1372,10299,2022-04-10,Cancelled by the passenger
19938,1802,21377,2022-08-26,Rejected by the driver
16346,164,32089,2022-06-02,Success
50679,654,3345,2022-04-05,Success
52659,863,38187,2022-05-20,Success
58343,407,20774,2022-05-30,Success
42877,188,13422,2022-03-28,Success
29128,2180,8975,2022-06-28,Success
10068,1204,11280,2022-10-07,Success
33571,2416,15587,2022-06-21,Cancelled by the passenger
38577,1559,24864,2022-05-30,Success
18577,2518,32574,2022-12-12,Rejected by the driver
39076,763,9256,2022-05-05,Rejected by the driver
10381,1312,37340,2022-04-22,Success
50220,2404,31157,2023-03-10,Success
6888,950,11172,2022-12-15,Success
7352,1618,30928,2023-02-16,Success
30729,1781,7304,2022-12-11,Success
56523,679,5324,2023-03-13,Success
4003,1318,1055,2022-07-28,Rejected by the driver
35469,1339,1745,2023-02-06,Success
5071,2761,885,2022-07-03,Rejected by the driver
53990,938,29330,2022-05-16,Success
26050,837,22355,2022-10-06,Success
19464,1620,14360,2022-11-05,Success
59784,1638,16960,2022-11-10,Success
11020,1117,7015,2022-11-09,Success
23577,2513,34695,2022-12-29,Success
53241,1663,15950,2022-03-23,Success
31126,797,21520,2022-05-08,Success
53359,2699,3174,2022-03-17,Success
2806,1432,37329,2023-03-02,Cancelled by the passenger
13848,2090,16249,2022-08-06,Rejected by the driver
39584,809,8686,2022-04-11,Rejected by the driver
20962,1104,27250,2022-05-02,Success
48961,140,23240,2022-03-16,Success
54940,1793,11522,2022-08-09,Success
1196,1288,22706,2022-12-02,Success
4516,1175,26450,2022-04-11,Success
10266,1188,31219,2022-07-05,Rejected by the driver
51895,2478,24207,2023-02-16,Success
41937,2910,6941,2022-12-12,Success
53459,1666,3429,2022-03-26,Success
35872,521,12932,2022-08-28,Success
7852,1250,4535,2022-10-06,Cancelled by the passenger
1413,23,27984,2023-02-17,Success
59546,1564,14635,2022-10-12,Cancelled by the passenger
2720,2403,16065,2023-02-08,Success
32852,2417,1034,2022-07-28,Success
27759,305,11044,2023-01-11,Success
30888,887,32049,2022-12-07,Success
32170,1681,25793,2022-09-07,Success
12700,499,14348,2023-03-28,Success
31773,1376,4281,2022-05-07,Success
20023,697,36082,2023-03-28,Success
28063,1762,7810,2022-12-11,Success
11417,1344,39314,2023-04-09,Success
15492,1065,26367,2022-09-27,Success
34181,2601,19894,2022-06-18,Rejected by the driver
45492,657,13951,2022-12-28,Success
51838,148,17944,2022-08-09,Success
23355,1160,18624,2022-08-03,Success
5408,1819,11992,2023-04-15,Success
32694,1061,31711,2022-12-03,Success
8701,1466,22909,2023-04-02,Success
16354,1610,26980,2022-07-14,Success
11377,1069,29258,2022-06-01,Success
23133,1823,32348,2022-11-26,Rejected by the driver
56634,516,17466,2022-09-03,Cancelled by the passenger
17908,960,10498,2023-03-18,Success
12242,2789,28529,2022-10-28,Rejected by the driver
12277,2024,29825,2023-04-15,Success
52000,2115,31664,2022-08-22,Success
19667,1842,33679,2022-12-27,Success
47509,1015,16347,2022-07-17,Rejected by the driver
57898,2550,19472,2023-04-09,Rejected by the driver
57649,2497,5439,2022-10-20,Success
43023,1892,13314,2022-04-16,Success
17748,582,2041,2022-12-26,Success
5765,910,19712,2022-09-28,Success
40031,2035,35221,2022-09-19,Success
13406,2592,35742,2022-12-07,Success
43653,288,34836,2022-06-18,Success
41927,1553,6334,2022-11-12,Success
34877,2584,31360,2022-04-02,Cancelled by the passenger
44122,583,27127,2022-03-30,Success
33941,765,2135,2022-11-03,Success
48851,2043,30747,2022-10-07,Success
8945,2154,21645,2022-04-02,Cancelled by the passenger
5804,2398,11384,2023-03-03,Success
21791,1740,34468,2022-10-11,Success
7511,166,7740,2023-01-31,Rejected by the driver
38054,1659,23744,2023-03-16,Success
30795,2097,5577,2022-10-05,Success
10137,95,23137,2022-04-21,Success
11907,2821,5733,2022-08-20,Success
49744,1188,2525,2023-01-09,Success
33884,2249,14285,2022-08-28,Rejected by the driver
52062,2285,23471,2022-03-14,Cancelled by the passenger
40960,64,16180,2023-03-12,Success
26682,704,8685,2022-03-14,Success
46606,320,15169,2022-12-10,Success
35891,2448,3717,2023-03-02,Success
6081,2240,35845,2022-04-29,Cancelled by the passenger
11200,2729,38374,2022-08-13,Success
45947,2402,19695,2022-03-29,Success
21205,2897,11008,2022-07-07,Success
40458,2709,19556,2022-06-02,Success
52262,1405,6771,2022-04-12,Rejected by the driver
54052,2376,36545,2022-09-12,Success
40923,2703,27660,2022-12-23,Success
39889,1181,6066,2022-05-28,Success
12078,960,5394,2023-03-07,Rejected by the driver
1726,1120,17969,2023-01-11,Success
55389,2615,16881,2022-06-20,Success
57283,1955,3002,2023-02-02,Cancelled by the passenger
25712,2486,29522,2022-04-23,Rejected by the driver
30912,1569,35523,2022-09-13,Cancelled by the passenger
6584,2183,3741,2022-06-30,Success
43563,2869,39916,2022-07-04,Success
26384,380,14385,2022-03-22,Success
33516,438,909,2022-05-26,Success
9805,721,23522,2022-06-03,Rejected by the driver
5175,823,24709,2023-03-19,Success
48589,1482,22159,2022-08-07,Success
54495,2317,21748,2022-04-23,Rejected by the driver
29932,1165,5135,2022-08-27,Success
26278,228,30322,2022-10-03,Rejected by the driver
34191,2728,1238,2022-07-31,Success
7849,2957,3281,2022-06-28,Success
16678,1316,2753,2022-10-29,Success
55914,2955,12481,2022-08-06,Success
30071,2479,15791,2023-03-19,Success
5759,1263,8633,2022-07-18,Rejected by the driver
24637,1032,25579,2022-08-05,Success
7686,2518,3563,2022-11-14,Success
34157,1670,25841,2022-08-26,Rejected by the driver
57924,2081,20227,2023-04-08,Success
41672,1702,28558,2022-12-07,Success
56492,638,34770,2022-05-14,Success
13389,351,16435,2022-05-31,Success
51732,1626,3305,2022-04-02,Success
8115,835,34977,2023-02-06,Success
29763,230,31565,2023-04-07,Success
51376,1697,17095,2022-12-17,Cancelled by the passenger
51467,413,39014,2023-04-15,Success
10380,2466,22596,2022-10-22,Rejected by the driver
44434,2437,15410,2022-06-10,Success
27503,2884,18074,2022-11-04,Success
28043,291,37985,2023-02-05,Success
16652,1683,38390,2023-01-03,Success
3634,208,13697,2022-08-03,Success
30533,2271,32452,2022-07-31,Success
53123,2596,31587,2022-11-26,Rejected by the driver
13961,1029,4064,2023-01-22,Success
51797,2266,17979,2022-10-15,Success
58430,1916,12196,2022-10-03,Success
26165,1417,6728,2022-05-12,Success
20047,1850,24584,2022-08-22,Success
59296,1228,4191,2022-06-04,Success
36249,370,13004,2022-11-24,Success
54543,1974,8159,2022-12-30,Success
8462,1383,36311,2022-06-27,Success
36723,802,31064,2022-12-16,Success
48399,450,10457,2022-08-22,Success
13419,138,31196,2022-10-10,Success
16523,2037,25235,2022-10-19,Success
2672,1088,31383,2022-04-17,Rejected by the driver
54786,2359,7584,2022-10-15,Rejected by the driver
23373,1000,3730,2022-12-06,Success
42160,2186,5833,2023-03-25,Rejected by the driver
47618,1441,22160,2022-05-10,Success
18214,497,31789,2022-08-25,Cancelled by the passenger
55060,436,15249,2022-12-19,Success
37289,1963,30840,2022-05-27,Success
23217,1765,6787,2023-04-09,Success
46750,933,17276,2023-02-25,Rejected by the driver
41830,1537,12224,2022-04-12,Success
36919,2308,26703,2022-04-17,Success
34773,2173,29025,2023-03-10,Success
19914,1909,27878,2022-12-16,Success
46415,2284,2073,2023-02-12,Success
56146,2224,5979,2023-02-01,Rejected by the driver
43831,556,17358,2022-10-12,Success
4813,448,28232,2022-04-15,Success
50166,1599,16062,2022-12-29,Success
8021,2697,31747,2022-05-20,Cancelled by the passenger
29558,2864,11379,2022-07-20,Cancelled by the passenger
10817,1588,1171,2022-08-07,Rejected by the driver
7709,185,21765,2023-04-13,Rejected by the driver
324,2165,15838,2022-09-04,Cancelled by the passenger
32719,760,39818,2023-01-28,Success
37752,939,8255,2022-04-24,Cancelled by the passenger
11134,1043,21585,2022-05-28,Success
7268,1235,11109,2022-12-14,Success
1082,1438,33997,2023-04-12,Success
49014,1040,29876,2022-11-14,Rejected by the driver
783,1860,38009,2022-09-03,Rejected by the driver
38192,401,14464,2023-03-03,Success
15614,2035,2199,2022-10-08,Success
38159,2263,12086,2022-05-01,Success
17053,494,14435,2022-03-28,Cancelled by the passenger
10404,2223,14006,2022-10-31,Success
46220,375,36091,2022-10-08,Success
21695,1068,22816,2022-10-27,Success
4482,2532,23683,2022-11-18,Success
4091,1735,25273,2023-03-22,Cancelled by the passenger
2934,2106,6227,2022-09-23,Rejected by the driver
54283,751,17759,2023-02-02,Success
38621,1322,6738,2022-12-02,Success
22813,2922,25149,2022-04-29,Cancelled by the passenger
44255,675,25889,2022-06-12,Success
53821,2342,28043,2022-07-08,Rejected by the driver
15081,624,6318,2022-04-19,Success
40762,1578,22267,2022-11-02,Rejected by the driver
34165,2333,21801,2022-07-12,Success
24821,1752,8263,2022-03-31,Success
24904,1448,32800,2022-04-04,Success
49923,2976,31927,2022-09-13,Rejected by the driver
42309,1952,2482,2022-05-14,Rejected by the driver
25528,2873,5788,2022-09-27,Success
55086,1651,8368,2023-03-13,Success
35019,943,13711,2022-04-25,Success
17422,1047,39549,2022-08-30,Success
29638,2466,28721,2022-04-16,Success
13865,279,39766,2022-07-30,Rejected by the driver
44149,414,15554,2022-11-03,Cancelled by the passenger
4024,1090,1339,2022-12-15,Success
35747,1532,20540,2023-01-26,Rejected by the driver
51733,604,1943,2022-06-13,Success
14229,224,39377,2022-08-26,Success
1751,523,13338,2022-04-03,Success
19386,1784,5946,2022-04-06,Success
37726,38,11645,2022-05-11,Success
39990,2585,16820,2022-06-07,Success
30091,537,24130,2023-01-19,Success
52716,2126,25312,2022-06-02,Success
26745,49,15142,2022-07-07,Rejected by the driver
52083,1595,1538,2022-09-08,Success
46214,569,15317,2022-03-29,Success
10344,929,14864,2023-01-08,Success
55010,1507,9021,2022-10-29,Success
13804,1766,35213,2022-09-21,Success
31969,1721,23885,2022-09-02,Cancelled by the passenger
51960,814,22720,2022-05-30,Success
26271,1377,6652,2022-05-23,Success
9845,2349,6952,2023-02-25,Rejected by the driver
37734,2096,12671,2022-12-23,Cancelled by the passenger
55158,851,14579,2023-01-13,Success
54806,1809,25462,2022-05-16,Success
54133,2753,14065,2022-04-17,Success
31056,1723,7744,2023-04-02,Rejected by the driver
651,146,15287,2023-01-03,Success
15680,1733,17369,2022-03-28,Success
16296,1600,2976,2022-05-18,Success
45991,1176,13531,2023-02-24,Success
59885,2774,17515,2023-02-27,Success
14737,733,8391,2022-09-20,Rejected by the driver
21052,174,28733,2022-08-12,Success
46022,1292,27957,2022-04-07,Success
12026,253,3232,2023-01-29,Rejected by the driver
6724,467,28316,2022-09-30,Rejected by the driver
39778,2466,18754,2022-09-13,Success
20702,1998,26333,2022-11-18,Success
49003,193,12454,2023-03-13,Success
54357,356,1419,2022-03-24,Success
259,788,3768,2022-05-15,Success
14428,1495,35618,2022-04-13,Success
7954,2462,39396,2022-10-08,Success
42260,2199,19049,2022-08-08,Cancelled by the passenger
48731,2585,5061,2022-10-09,Success
59283,2214,18017,2022-10-08,Success
49270,2198,15547,2022-06-20,Success
48112,660,13969,2022-06-10,Success
36395,678,39267,2023-01-21,Success
51553,86,4782,2022-08-16,Success
51456,73,25468,2022-12-24,Rejected by the driver
36399,2962,24758,2023-04-11,Success
41405,779,13859,2022-05-21,Success
48726,1504,31923,2022-08-13,Success
12829,2579,16167,2022-12-31,Success
56219,200,24018,2022-04-25,Success
31491,2285,37174,2023-01-11,Success
37244,1986,13250,2023-03-07,Success
305,322,32885,2022-11-25,Success
47728,247,27602,2023-01-20,Success
27230,290,3139,2022-07-05,Success
7863,1512,14269,2022-08-31,Success
30053,1592,34659,2023-02-17,Success
55565,2566,168,2022-12-27,Success
53740,825,39219,2022-11-20,Success
44401,2796,14040,2022-10-14,Success
12165,626,25020,2022-07-30,Success
36049,2591,2975,2023-03-05,Rejected by the driver
46967,1828,188,2022-09-11,Rejected by the driver
50895,120,24018,2023-03-25,Success
9906,2069,29422,2023-01-22,Success
54835,154,3208,2022-12-30,Rejected by the driver
20346,1174,3894,2022-04-09,Success
57463,1223,16222,2023-01-25,Success
37016,875,3876,2022-06-10,Success
7655,2458,23573,2022-10-27,Success
44651,1533,9462,2022-11-04,Cancelled by the passenger
27467,603,23402,2023-04-13,Success
58286,1869,36321,2022-12-03,Success
51639,2473,4351,2023-03-20,Success
16195,1836,11002,2022-12-17,Success
45773,208,29884,2022-11-28,Success
50523,1791,25861,2022-04-07,Success
22091,1460,13583,2022-06-21,Success
37478,954,35733,2022-09-21,Success
44205,1271,2232,2022-03-14,Success
45992,1497,4913,2022-09-29,Success
40361,1445,1573,2022-05-28,Success
56418,441,10669,2022-07-21,Rejected by the driver
28345,1015,35870,2022-04-18,Rejected by the driver
55172,2211,34489,2023-03-09,Success
28414,2816,12959,2022-03-24,Success
38020,2301,34536,2022-12-03,Cancelled by the passenger
16643,1700,28869,2022-06-21,Success
25335,1379,36845,2022-06-12,Success
51544,729,39527,2022-11-18,Success
20228,626,12800,2022-08-31,Success
5856,1421,23494,2023-03-08,Cancelled by the passenger
52648,871,15312,2022-03-30,Success
14494,2772,12184,2023-02-16,Cancelled by the passenger
163,2045,276,2022-12-05,Success
10534,1215,27453,2022-08-18,Success
28840,1250,37584,2022-10-08,Rejected by the driver
35352,1894,7465,2023-03-01,Success
21777,1147,11251,2022-10-22,Success
12556,2403,39846,2023-04-12,Success
34485,1177,18227,2022-05-15,Success
21828,2003,6593,2022-08-09,Success
48472,2501,16624,2023-01-28,Success
25318,875,28158,2022-04-06,Success
49177,396,10558,2022-11-20,Success
6347,622,790,2022-08-03,Success
2840,2016,29522,2022-09-25,Success
1239,779,9773,2022-03-26,Success
35518,2645,14105,2022-12-25,Cancelled by the passenger
58489,321,12075,2022-10-23,Cancelled by the passenger
21708,761,37697,2023-04-02,Success
10232,1616,10882,2022-10-30,Success
49786,2920,35026,2022-11-28,Rejected by the driver
52833,1277,23942,2022-10-17,Success
10873,2601,34250,2022-12-10,Success
23197,1917,35957,2022-08-25,Success
3549,194,16289,2023-01-18,Success
7867,577,1338,2022-06-21,Success
46378,1727,2682,2023-03-14,Success
32714,1685,36827,2022-05-31,Success
18393,1495,25543,2023-01-17,Success
11074,2099,31815,2022-12-03,Success
28670,504,21036,2022-11-18,Rejected by the driver
9802,68,7540,2022-08-25,Success
51794,2710,6581,2022-03-16,Success
36596,908,29272,2022-09-13,Success
53616,2189,15540,2022-08-01,Success
11707,2330,1667,2022-05-11,Success
41382,405,12712,2022-10-21,Success
41658,53,38276,2022-09-10,Success
15082,25,3748,2022-07-30,Cancelled by the passenger
44671,2628,35292,2022-08-07,Rejected by the driver
56598,2990,6004,2022-08-08,Rejected by the driver
34327,2446,37693,2022-05-03,Rejected by the driver
52930,1386,22163,2022-09-18,Success
18153,2047,30706,2023-02-27,Success
9733,1185,38582,2022-09-04,Success
52341,321,17502,2023-01-17,Success
56812,976,27463,2022-03-23,Success
56714,2390,34270,2022-03-27,Success
47741,2126,32087,2022-10-27,Success
14402,72,6297,2022-07-07,Success
38097,206,24746,2023-03-20,Success
7962,2403,9719,2023-01-29,Success
52366,2903,13153,2023-01-13,Success
13335,2949,17478,2023-03-21,Success
50400,1107,16209,2023-04-01,Success
25210,1998,32621,2022-07-16,Rejected by the driver
30497,327,34581,2022-09-12,Rejected by the driver
18733,2958,34547,2022-06-19,Success
25725,2250,38210,2022-07-12,Cancelled by the passenger
17861,256,3751,2023-03-02,Success
34240,197,15260,2022-10-06,Success
49071,2801,4145,2022-08-25,Success
26201,1370,18919,2022-08-11,Rejected by the driver
40251,1916,21321,2022-05-14,Cancelled by the passenger
17347,2354,25391,2022-05-26,Success
26427,1787,28399,2022-04-13,Success
58791,2904,33003,2022-03-19,Success
4054,1063,20713,2022-09-20,Success
52051,792,14575,2023-03-10,Success
8875,199,19037,2022-12-22,Success
26676,205,39669,2022-12-16,Success
21038,165,15406,2022-07-11,Success
48249,2378,4317,2022-07-17,Success
17767,361,30287,2022-09-18,Success
32485,1245,25919,2023-01-31,Success
33521,2732,1369,2022-11-23,Success
21465,2952,26901,2022-12-09,Success
36632,1576,13769,2022-08-07,Success
37612,630,10241,2022-11-11,Success
50075,1590,8840,2022-11-17,Success
26570,2178,25579,2022-11-19,Success
58989,2464,952,2023-03-29,Success
41359,2469,21952,2022-03-20,Success
12367,1127,25438,2023-02-23,Success
50089,16,30603,2022-12-15,Success
37061,2254,28858,2022-05-03,Success
39957,2350,8165,2022-09-16,Success
34908,471,21702,2022-10-15,Success
27610,2086,30631,2022-06-13,Success
50034,754,12790,2022-06-28,Rejected by the driver
46652,1181,26055,2022-07-10,Success
38764,357,27136,2022-04-05,Success
26865,1363,27919,2022-09-19,Success
52637,2269,6675,2022-11-24,Success
44520,2640,22903,2022-07-24,Success
5090,1931,34686,2022-06-05,Success
50797,614,21573,2022-03-28,Success
30269,746,28168,2022-12-10,Rejected by the driver
56329,867,2805,2022-11-15,Success
53869,2931,11642,2022-08-15,Success
59124,1133,32160,2022-09-30,Success
43615,2587,24940,2023-03-17,Success
15915,1571,37146,2022-12-11,Rejected by the driver
7724,1654,13315,2022-09-01,Success
28986,6,15239,2022-10-16,Success
18703,1902,18321,2022-11-23,Cancelled by the passenger
27059,2074,36053,2022-04-24,Success
53195,655,29536,2022-06-08,Success
1212,793,8342,2023-02-13,Rejected by the driver
27122,1361,32563,2023-03-20,Rejected by the driver
33914,226,3053,2023-02-25,Success
6527,2256,18145,2023-03-15,Success
53931,2935,39227,2022-08-21,Success
39911,2310,13892,2023-01-20,Success
23921,1412,966,2022-04-20,Success
9395,2806,9958,2022-07-13,Success
49383,1723,20940,2022-04-03,Success
26769,2100,33367,2022-09-22,Cancelled by the passenger
44413,2268,36749,2022-11-03,Success
57607,2402,19587,2022-04-12,Success
48354,2818,18343,2023-01-06,Success
35022,2504,6476,2023-03-08,Cancelled by the passenger
15030,2633,14009,2022-04-10,Success
5294,765,32052,2022-11-14,Success
14311,354,15435,2022-10-09,Success
29652,2658,19111,2022-11-04,Success
59145,75,12220,2022-09-21,Success
3339,1135,28919,2022-10-10,Success
49083,846,35674,2022-05-22,Success
29217,418,17186,2022-07-22,Rejected by the driver
2912,2721,6961,2022-12-17,Cancelled by the passenger
48030,278,34422,2022-09-12,Cancelled by the passenger
56912,1410,18875,2022-06-10,Cancelled by the passenger
36937,2131,36657,2022-12-11,Success
55772,2669,1931,2022-04-05,Success
52040,1045,127,2022-08-19,Success
30752,2561,11723,2022-12-21,Rejected by the driver
2319,1321,19613,2022-03-12,Success
32885,2044,8999,2022-07-25,Success
30840,166,1178,2022-10-27,Cancelled by the passenger
10358,1825,30498,2022-07-20,Success
26477,2576,26253,2022-09-07,Success
45708,637,28993,2022-10-05,Success
13489,307,7857,2022-04-26,Success
55629,1614,30192,2022-06-13,Success
14481,1474,30234,2023-01-15,Success
41601,1216,17186,2022-03-15,Rejected by the driver
11881,1529,29772,2022-03-30,Success
9414,1810,774,2022-06-10,Success
21755,2956,32248,2022-05-05,Cancelled by the passenger
28259,834,11438,2022-07-13,Success
58969,1190,2011,2022-07-02,Success
27305,306,33389,2022-05-19,Success
41399,2141,3349,2022-04-02,Cancelled by the passenger
47403,1254,36075,2022-04-08,Cancelled by the passenger
17195,1731,28617,2022-12-06,Success
9164,2851,38663,2022-03-15,Rejected by the driver
4854,1521,9072,2022-10-02,Success
9511,314,22818,2022-04-14,Success
45371,1199,36615,2022-03-26,Success
53900,2296,15262,2023-02-08,Success
28815,2903,31844,2022-04-27,Success
13248,547,24308,2022-09-24,Success
17050,817,30372,2022-05-07,Success
53105,2464,24237,2022-11-08,Success
51421,2681,16614,2022-10-21,Success
58677,349,11934,2022-07-30,Success
53471,2508,24126,2022-11-10,Success
9785,28,38885,2022-11-17,Success
33539,2471,38498,2022-07-26,Success
41967,211,22218,2022-12-22,Success
47872,1502,23951,2022-05-06,Success
30248,546,8893,2022-12-05,Success
33288,2908,24221,2023-03-13,Success
29755,2554,31607,2022-09-02,Success
25084,455,9753,2022-05-12,Success
46554,567,33276,2022-03-13,Success
46859,2841,30025,2022-03-13,Success
23516,1776,30975,2022-08-01,Success
14413,2439,31489,2022-08-11,Success
6543,2624,14680,2023-03-26,Success
361,2000,23690,2023-01-27,Rejected by the driver
10652,1643,14208,2023-03-30,Success
15125,498,4558,2022-05-27,Success
5148,2532,14917,2022-09-01,Success
18799,2145,13998,2022-04-23,Success
18884,2969,26295,2022-08-03,Success
31235,1812,12185,2022-11-12,Success
54540,2811,7469,2022-07-19,Success
53910,498,26424,2022-12-05,Success
19540,353,11567,2023-04-14,Success
51458,887,33098,2022-11-09,Success
25652,1551,37211,2022-07-25,Rejected by the driver
40741,889,4003,2022-08-22,Rejected by the driver
9697,2613,39395,2022-10-20,Success
33777,2848,23609,2022-10-08,Success
8808,2355,4896,2023-03-04,Rejected by the driver
153,244,3755,2022-08-28,Rejected by the driver
11467,572,8602,2022-08-22,Success
46299,2249,30065,2022-10-01,Success
35842,1776,37332,2022-04-12,Success
12527,2918,2705,2023-04-03,Success
29236,1624,4499,2022-12-16,Success
46398,561,17354,2022-09-24,Success
33968,1825,9903,2022-07-09,Success
43677,22,25250,2022-09-08,Success
23112,2556,2750,2022-04-01,Success
38330,1640,23690,2023-02-01,Success
24427,2886,39518,2023-03-01,Success
17882,1339,37794,2022-09-09,Success
38458,2065,10481,2023-03-06,Success
55643,1009,15619,2023-04-05,Success
56940,2452,33022,2022-07-04,Success
6972,1178,14972,2022-06-20,Success
36808,222,2700,2022-06-17,Success
33670,182,6589,2022-10-03,Success
21701,2503,3522,2022-09-07,Rejected by the driver
17135,49,899,2022-05-08,Success
42712,1944,7901,2022-08-11,Rejected by the driver
49456,1553,38659,2022-09-14,Cancelled by the passenger
28776,622,4936,2023-01-16,Success
55382,2832,18171,2022-12-02,Success
9004,1207,14627,2023-03-24,Success
22702,152,6058,2022-04-09,Success
17466,2741,22048,2023-01-12,Success
13866,2806,14413,2022-06-25,Rejected by the driver
45699,1552,14993,2022-08-03,Success
14352,1627,30639,2022-06-18,Success
26901,2033,31529,2023-03-18,Success
46861,2251,8927,2022-04-18,Success
14366,483,31400,2023-04-07,Success
36859,1737,39489,2022-03-18,Cancelled by the passenger
38039,1699,10872,2022-11-28,Success
32112,415,36392,2023-03-17,Success
14172,1688,6189,2022-11-04,Success
49725,1587,21176,2022-11-17,Success
28595,287,26253,2022-03-21,Success
54811,468,28144,2022-06-01,Success
19407,682,14950,2023-04-09,Success
2670,2600,31112,2022-06-07,Success
11932,1264,20963,2022-12-29,Success
44061,2817,3814,2023-02-18,Success
41826,214,38268,2023-01-22,Cancelled by the passenger
34612,341,19833,2023-02-21,Cancelled by the passenger
55677,1497,16918,2022-12-10,Rejected by the driver
11568,537,22689,2022-05-30,Success
19315,1016,11075,2022-07-27,Success
27209,2943,8064,2023-02-05,Success
42843,1390,2643,2023-01-08,Success
34265,1502,28040,2022-10-17,Success
30606,1786,23393,2022-11-16,Success
35797,290,17450,2023-03-10,Success
53209,695,8832,2023-02-04,Success
51539,1323,37824,2022-12-11,Success
12478,1242,1231,2022-07-12,Success
7832,2702,35221,2022-12-09,Success
48244,2144,31864,2022-04-30,Success
18492,1337,13412,2022-06-10,Success
30459,333,8244,2022-03-30,Success
49274,2274,10944,2022-10-07,Success
26117,562,15171,2023-03-31,Success
45029,2740,23569,2022-09-28,Success
27086,2509,37971,2022-12-03,Success
2514,2241,1661,2023-02-26,Rejected by the driver
17018,2541,39042,2022-07-13,Cancelled by the passenger
56823,1227,31613,2023-01-08,Success
24278,2366,36495,2023-02-11,Cancelled by the passenger
16738,1632,23648,2022-04-29,Cancelled by the passenger
53642,1418,17071,2022-06-03,Success
28287,435,35816,2023-02-13,Success
14751,1741,24531,2023-01-24,Success
40521,327,5081,2022-09-16,Success
37060,1606,15531,2022-08-21,Rejected by the driver
23632,2592,32305,2022-07-29,Rejected by the driver
34329,244,6270,2022-06-23,Success
18358,2114,5765,2022-05-01,Success
39752,780,20984,2022-04-07,Success
13891,2405,16284,2022-10-12,Success
29091,2149,21897,2022-12-19,Success
18542,2761,7334,2022-12-26,Success
53952,1599,5195,2022-03-27,Success
17551,249,1221,2023-01-02,Success
31220,327,19963,2022-06-30,Rejected by the driver
43255,2013,26334,2022-05-01,Success
58291,2930,17080,2022-04-30,Success
47507,1331,14392,2022-12-06,Success
37632,629,21719,2023-01-15,Success
612,733,14683,2022-04-28,Success
5952,680,33272,2023-01-19,Success
7728,2452,14571,2023-03-24,Success
31035,1385,35515,2022-10-02,Success
16535,2635,549,2023-04-08,Success
49943,1084,25877,2022-12-22,Success
42294,1547,13633,2022-03-24,Success
23880,444,35998,2022-04-13,Success
30990,2282,8240,2023-02-13,Success
39947,1244,17716,2022-04-09,Success
6672,191,5870,2022-05-31,Success
3818,1367,25403,2023-01-06,Success
4613,2883,7372,2023-04-14,Success
1612,802,36687,2022-07-04,Success
38271,2105,23884,2022-11-10,Success
14454,1333,37825,2022-05-27,Success
17069,1217,6102,2023-02-16,Success
21520,298,29539,2022-04-04,Success
32707,77,2734,2022-03-13,Cancelled by the passenger
24526,1443,15660,2022-03-23,Success
40935,1726,17008,2022-04-04,Success
25296,2386,38997,2022-05-13,Success
34396,1036,33328,2022-06-03,Cancelled by the passenger
19497,1473,8094,2023-01-21,Cancelled by the passenger
31622,939,25016,2022-10-18,Success
8185,1334,3092,2022-06-10,Cancelled by the passenger
48863,1247,30192,2022-04-29,Rejected by the driver
35248,2263,14488,2023-01-11,Success
34806,1503,35881,2022-03-29,Cancelled by the passenger
14169,931,10237,2022-11-05,Success
30794,1665,34216,2022-09-28,Success
43307,2750,7227,2022-11-29,Success
46273,1827,6766,2023-04-07,Rejected by the driver
57826,782,15699,2022-03-23,Cancelled by the passenger
21395,791,1419,2023-04-01,Success
24966,2892,35291,2022-12-25,Success
12152,2455,30755,2023-03-23,Success
46337,969,7943,2022-12-05,Success
7873,1075,15599,2022-04-12,Cancelled by the passenger
1820,1351,33561,2023-03-16,Success
3541,2332,24383,2023-02-14,Success
6383,1043,30446,2023-01-13,Success
39887,2428,7064,2023-03-13,Success
26231,2956,5260,2022-06-26,Success
59405,676,6109,2022-09-09,Rejected by the driver
42885,253,22111,2022-03-17,Success
7416,10,14419,2022-11-20,Success
5451,1762,27584,2022-09-25,Success
2336,1720,6427,2022-05-28,Cancelled by the passenger
34886,2299,38195,2022-03-15,Rejected by the driver
48794,1053,9145,2022-04-25,Cancelled by the passenger
56620,2137,18665,2022-08-11,Cancelled by the passenger
37215,190,33630,2022-06-02,Cancelled by the passenger
39583,2067,15257,2022-10-09,Success
55993,1638,8426,2023-02-01,Rejected by the driver
646,940,15512,2023-01-04,Success
37736,2358,16502,2022-07-17,Success
20412,2485,33741,2022-06-10,Success
53703,963,19324,2022-08-08,Rejected by the driver
35113,2397,21004,2022-12-26,Success
37963,2713,4373,2022-07-18,Success
45943,2677,28165,2022-12-13,Success
31136,945,5477,2022-07-08,Success
45427,139,2842,2022-10-08,Success
13441,1403,37835,2023-02-06,Success
15588,2799,9631,2022-07-06,Rejected by the driver
42881,1376,22951,2022-11-30,Success
97,1714,27492,2023-02-01,Success
47179,31,21120,2022-03-22,Success
27393,2534,28267,2022-04-04,Success
31041,476,31653,2023-04-12,Success
40171,1067,14525,2022-03-21,Success
3825,644,34596,2023-03-04,Rejected by the driver
28588,2367,30694,2023-01-29,Success
39084,2692,37390,2022-10-09,Success
54678,573,5759,2022-11-05,Success
15791,2295,10161,2022-10-21,Success
35485,738,22395,2022-11-28,Cancelled by the passenger
35408,2401,16423,2023-02-28,Success
54840,2582,24974,2022-08-28,Success
56582,507,6903,2022-11-06,Success
6907,1068,10746,2023-03-09,Cancelled by the passenger
28167,2904,7591,2023-03-17,Rejected by the driver
24038,1370,17053,2022-05-23,Success
36173,48,5257,2022-04-08,Success
1380,1240,24179,2022-05-13,Success
31425,1220,1110,2022-04-03,Success
20375,2838,78,2022-09-27,Cancelled by the passenger
51551,2207,28810,2022-07-21,Success
51087,775,39232,2023-02-02,Success
31522,2390,29085,2023-03-23,Success
43816,1282,27846,2023-03-14,Rejected by the driver
58494,2546,7722,2023-03-16,Success
4206,2974,29385,2022-06-06,Cancelled by the passenger
21008,842,13222,2023-01-31,Cancelled by the passenger
23720,2945,13818,2022-06-08,Rejected by the driver
19229,1440,26453,2023-01-02,Success
56001,2770,11571,2023-02-04,Rejected by the driver
34410,1161,37591,2022-10-04,Success
43428,1708,31365,2022-12-15,Success
35692,1600,17898,2023-03-08,Success
23593,543,1169,2022-05-17,Cancelled by the passenger
17483,2423,31165,2023-02-16,Success
43684,1136,24138,2022-11-06,Rejected by the driver
15868,1173,24730,2022-07-12,Cancelled by the passenger
37033,1553,5378,2022-11-26,Success
10418,2167,31099,2022-08-28,Success
50902,1823,38481,2022-05-13,Success
39797,306,13746,2022-03-30,Success
8194,2372,19106,2022-07-01,Success
35421,16,34739,2022-05-04,Cancelled by the passenger
3956,1561,3569,2023-01-15,Success
17650,2016,6151,2022-06-27,Success
20391,1344,1331,2022-10-13,Rejected by the driver
29567,2406,17283,2023-01-25,Success
2834,2629,1435,2023-02-26,Cancelled by the passenger
49341,1898,33155,2022-06-02,Rejected by the driver
43434,707,20808,2022-11-30,Rejected by the driver
46713,1912,34351,2022-06-25,Success
20294,1262,32260,2022-05-27,Rejected by the driver
39748,2496,36489,2023-02-13,Success
2512,1,32594,2022-12-15,Success
19452,1537,21374,2023-04-15,Rejected by the driver
28232,1174,38731,2023-02-21,Success
31488,1298,8048,2023-01-04,Rejected by the driver
49132,1112,38775,2022-08-15,Rejected by the driver
58119,672,9855,2023-02-28,Cancelled by the passenger
54787,2961,2078,2023-02-25,Cancelled by the passenger
32912,473,4309,2022-11-04,Cancelled by the passenger
54844,886,17797,2022-07-31,Success
5726,460,38652,2022-05-19,Success
31258,2703,35281,2022-10-08,Success
16780,1671,33154,2022-09-05,Success
28385,486,1160,2022-04-05,Rejected by the driver
25555,2322,2426,2023-02-08,Success
26821,721,34745,2022-12-01,Success
35544,2961,5919,2022-11-06,Success
49313,194,6938,2023-03-12,Success
31751,2648,35404,2022-08-07,Success
37911,1191,10150,2022-11-15,Rejected by the driver
29848,682,33512,2022-10-26,Success
15240,1391,16950,2022-04-30,Success
11375,1813,5193,2022-12-15,Rejected by the driver
15242,538,22260,2022-11-25,Success
177,183,13119,2022-11-20,Success
10589,304,26192,2023-02-25,Success
35322,399,37715,2023-01-04,Success
17640,308,29725,2023-04-01,Success
5124,1946,17972,2022-12-23,Success
5589,1265,14289,2022-05-04,Success
55748,2204,14481,2022-08-08,Success
41807,1395,25379,2022-06-29,Rejected by the driver
252,1374,4120,2022-11-19,Success
33195,1930,26307,2022-07-19,Success
18021,67,17503,2022-10-31,Success
9201,2568,33133,2022-05-30,Success
47238,1406,4798,2022-04-24,Success
46076,373,3520,2022-09-23,Rejected by the driver
18427,2064,9555,2022-07-01,Rejected by the driver
17879,11,10322,2022-03-29,Success
49730,1763,13419,2023-01-05,Success
41667,2122,17576,2022-04-02,Rejected by the driver
28123,2046,1051,2022-09-20,Success
41657,1795,32292,2022-05-02,Success
11955,1099,37463,2023-02-14,Success
54037,1671,3525,2022-09-03,Success
39427,2719,20990,2022-08-31,Cancelled by the passenger
33567,94,27272,2023-02-11,Rejected by the driver
22709,1571,35221,2022-07-16,Success
33426,1544,24630,2023-01-24,Cancelled by the passenger
52805,2676,11711,2022-11-25,Rejected by the driver
5685,1792,6518,2022-10-30,Success
4592,661,22543,2023-03-17,Success
27112,205,10170,2022-11-19,Success
4368,2667,22271,2022-08-18,Success
607,2693,6577,2023-04-11,Success
53893,137,36063,2022-12-19,Success
44305,1717,39351,2022-11-19,Rejected by the driver
2234,843,24443,2022-08-15,Cancelled by the passenger
32351,1080,27940,2023-04-09,Success
27415,1856,15771,2023-01-18,Success
55308,1394,3841,2022-04-26,Rejected by the driver
45622,802,39525,2022-10-01,Rejected by the driver
2756,1068,20986,2023-03-02,Success
17231,454,31949,2022-03-16,Success
32955,2984,27963,2023-03-11,Success
36861,183,22461,2022-03-20,Success
13825,2791,33528,2023-01-24,Success
34778,2653,16100,2023-02-27,Success
32790,1476,2454,2022-10-29,Success
8804,1388,18619,2022-07-13,Success
27104,719,38591,2022-09-23,Success
31534,39,3001,2022-06-15,Success
42933,2533,37101,2023-03-16,Success
27985,2234,13554,2023-03-28,Success
14266,2870,19894,2023-03-21,Cancelled by the passenger
59181,118,18958,2023-02-16,Rejected by the driver
35694,490,24733,2022-05-22,Success
26929,1979,30530,2022-05-13,Success
26337,2804,14604,2022-03-26,Success
5324,698,23774,2023-01-17,Success
33848,986,29324,2022-10-26,Success
26027,1301,12864,2023-01-07,Rejected by the driver
56527,1080,24413,2023-02-17,Success
51021,2215,30926,2022-05-19,Success
5372,1483,3167,2022-12-03,Success
15863,1620,33331,2023-03-21,Success
51756,183,35358,2022-04-29,Success
55882,2212,26290,2022-07-19,Cancelled by the passenger
19287,98,1679,2022-03-31,Success
47982,3000,34867,2022-05-30,Success
926,1917,6928,2022-08-06,Success
50906,1037,37486,2022-06-17,Rejected by the driver
49916,2043,36522,2022-10-25,Success
24768,1123,23427,2022-10-30,Success
22701,107,20451,2022-05-05,Rejected by the driver
31117,1043,37461,2023-04-02,Rejected by the driver
17007,2238,16992,2022-06-10,Success
26161,1382,11715,2023-03-31,Success
21678,2548,2149,2023-01-02,Success
43533,1476,9928,2022-06-24,Success
46400,860,23294,2022-06-28,Success
52364,2339,24025,2022-04-29,Cancelled by the passenger
7454,1602,23245,2022-05-16,Success
36527,103,14292,2023-02-09,Success
56531,430,1349,2023-04-08,Success
51703,2648,16531,2023-04-05,Success
25969,522,25343,2023-03-26,Success
11983,475,25825,2022-09-09,Success
18093,1251,20832,2022-05-15,Success
32232,1871,8150,2022-05-23,Success
46949,1432,39840,2023-02-10,Success
35954,412,28698,2022-10-30,Success
50113,1994,3515,2023-02-20,Success
51393,1248,13839,2022-09-11,Success
36676,899,18023,2023-04-10,Success
2754,218,34874,2022-09-20,Success
52386,1359,26650,2022-07-20,Success
43045,1441,30326,2023-04-01,Cancelled by the passenger
37222,1654,21262,2022-05-17,Success
21029,819,35142,2022-04-17,Success
21254,2950,25520,2023-02-07,Cancelled by the passenger
3936,1074,28456,2022-04-11,Success
26459,1440,11918,2022-09-11,Success
38708,2358,19369,2022-09-17,Rejected by the driver
38501,1178,4511,2022-08-14,Success
21317,1293,10256,2022-08-08,Success
3179,73,3902,2022-03-28,Success
28012,43,28055,2022-08-12,Success
24441,1428,19695,2022-08-21,Success
49994,2002,16100,2022-09-29,Success
37864,542,23284,2022-05-28,Rejected by the driver
34937,2266,17926,2022-09-24,Success
19956,1152,37807,2023-03-09,Rejected by the driver
33473,1709,18604,2022-06-08,Success
34187,101,36690,2022-08-15,Success
49760,2296,10990,2023-03-31,Success
24139,1641,37187,2022-05-05,Success
52795,1179,27101,2022-10-02,Cancelled by the passenger
30853,661,23513,2022-10-31,Success
19209,792,38465,2022-03-18,Success
33333,2700,16116,2023-02-15,Success
956,828,16337,2022-07-17,Success
1355,703,15442,2022-10-21,Success
52603,1500,2408,2022-03-30,Success
9151,497,5392,2022-08-20,Success
21917,2263,34790,2023-03-16,Rejected by the driver
12977,2901,816,2022-03-21,Rejected by the driver
30353,1175,33399,2022-07-11,Success
39739,1191,14502,2022-05-25,Success
23811,2765,17337,2022-08-01,Success
40200,1699,6791,2022-03-15,Success
46740,1234,6175,2023-04-14,Success
102,52,19915,2022-05-25,Success
25375,1037,27945,2023-01-21,Success
37693,90,5015,2022-05-01,Cancelled by the passenger
4957,1958,12670,2022-10-13,Rejected by the driver
9206,510,12863,2023-03-06,Success
22614,2414,17797,2023-02-16,Rejected by the driver
25746,2141,33905,2022-05-09,Success
27338,2721,35137,2022-12-09,Success
24383,954,19061,2022-05-07,Success
8043,2615,5735,2022-06-12,Cancelled by the passenger
52007,209,14446,2023-02-01,Success
30344,1893,38348,2023-02-07,Success
35814,1867,38183,2023-01-26,Success
29793,2454,14460,2022-04-08,Rejected by the driver
56518,1381,31247,2022-05-30,Success
34420,605,30023,2022-09-14,Success
752,110,22837,2023-01-07,Success
42732,1591,16103,2022-12-31,Success
24000,1911,28957,2022-03-23,Success
7070,1179,24459,2022-11-12,Cancelled by the passenger
26594,803,5536,2022-08-13,Rejected by the driver
6635,1132,2837,2022-10-13,Success
8014,709,19979,2022-04-10,Rejected by the driver
37438,1487,11269,2023-01-03,Success
59264,699,8544,2022-08-09,Success
44686,1433,28858,2022-09-09,Success
20833,1901,3099,2022-12-11,Success
11249,298,7004,2022-03-31,Success
11334,2185,24555,2022-10-07,Success
53421,1595,5694,2022-11-29,Success
48265,2,16300,2023-01-22,Cancelled by the passenger
54183,593,16320,2023-04-08,Success
55156,743,39540,2023-02-09,Success
14594,1876,25684,2023-01-05,Success
52473,508,7857,2022-04-20,Success
49779,2307,10358,2022-05-24,Success
33560,903,16195,2023-02-28,Rejected by the driver
17868,277,26342,2022-04-03,Success
29242,517,27004,2022-06-19,Success
55017,1227,17515,2023-04-01,Success
15274,1540,6690,2022-09-27,Success
3819,1906,19385,2023-04-10,Cancelled by the passenger
1037,1138,7362,2022-09-01,Rejected by the driver
12042,519,14683,2022-06-27,Cancelled by the passenger
18158,639,21239,2022-04-22,Cancelled by the passenger
43646,2672,33681,2022-04-21,Success
39605,1852,28491,2022-12-23,Success
28583,1520,1735,2022-04-26,Cancelled by the passenger
9355,2792,17825,2023-02-14,Success
52013,752,9702,2022-03-12,Success
54503,1057,1421,2022-10-09,Rejected by the driver
53743,2295,5613,2022-03-25,Success
26881,1529,28873,2022-08-22,Success
27272,1552,15145,2022-05-14,Success
11971,1100,28107,2022-12-02,Success
10688,1297,2623,2022-05-19,Success
59188,2724,38489,2023-04-03,Success
12287,29,6805,2022-04-07,Success
35069,2839,36420,2023-02-15,Success
18590,434,13547,2022-11-24,Success
18264,2776,3669,2022-08-24,Success
52024,1025,18296,2022-09-14,Success
49988,2185,2991,2023-02-10,Rejected by the driver
10291,1271,33264,2023-04-04,Success
29420,483,24734,2023-01-27,Success
4143,1511,25184,2022-04-02,Success
24365,218,4868,2022-11-28,Cancelled by the passenger
4627,438,9205,2022-07-18,Success
24902,1886,32705,2022-05-03,Success
39013,2938,7855,2022-08-01,Success
33912,1645,12055,2022-09-01,Success
32472,911,37304,2022-12-06,Success
3865,1295,36722,2022-07-05,Cancelled by the passenger
6623,1438,20738,2023-02-08,Success
47002,2189,33351,2023-02-15,Cancelled by the passenger
2375,2980,1768,2023-02-25,Success
7277,63,32992,2022-04-15,Rejected by the driver
11925,622,38109,2022-05-26,Success
18699,1463,23588,2023-01-08,Success
5788,1769,20780,2022-11-10,Cancelled by the passenger
31689,1209,37546,2023-04-10,Cancelled by the passenger
58879,1792,22828,2022-12-14,Success
35011,2131,10057,2023-02-11,Cancelled by the passenger
38360,1120,39425,2023-01-18,Success
19773,748,35360,2022-07-21,Success
59494,2792,38502,2022-07-07,Success
34374,1939,36277,2022-11-16,Success
3347,2306,36601,2022-10-04,Rejected by the driver
35108,1634,1410,2022-09-23,Success
50029,2201,33080,2022-09-19,Success
5784,10,11368,2022-04-03,Success
12174,772,12975,2022-07-30,Cancelled by the passenger
16881,1799,13006,2023-01-16,Rejected by the driver
34777,891,14162,2022-07-26,Success
22196,2615,13999,2022-06-02,Success
57183,322,23931,2022-10-14,Cancelled by the passenger
19557,1392,28820,2022-04-08,Rejected by the driver
25513,1821,39404,2022-09-16,Cancelled by the passenger
30333,345,9413,2023-03-13,Cancelled by the passenger
49125,2691,12462,2022-04-24,Success
44722,2369,10596,2023-03-06,Cancelled by the passenger
16496,1069,10037,2022-05-30,Success
20782,2389,30878,2022-10-23,Success
55518,1706,22176,2022-09-11,Success
33143,277,27741,2022-12-20,Success
47941,2154,12960,2022-08-17,Cancelled by the passenger
43911,2494,27120,2022-10-19,Rejected by the driver
19142,1224,15318,2022-07-12,Success
25919,919,39223,2023-02-24,Rejected by the driver
24770,2839,2034,2022-07-04,Success
22148,2789,20933,2022-11-25,Success
4010,1316,31069,2022-07-27,Cancelled by the passenger
47867,1266,38973,2022-05-27,Rejected by the driver
6816,2363,38493,2023-01-27,Success
38748,2265,25899,2023-03-29,Success
57646,2480,30473,2022-08-05,Success
50623,931,23026,2023-02-28,Success
22351,2432,32173,2022-12-22,Success
25179,2965,1976,2023-03-09,Success
14190,2968,9741,2023-02-20,Success
57604,2505,1516,2022-09-09,Success
15179,446,15268,2022-05-02,Success
6088,484,34033,2022-05-24,Success
16218,639,33645,2023-01-29,Success
501,1014,8862,2022-10-05,Success
40333,2118,14953,2023-02-16,Success
1707,2826,26520,2022-06-29,Rejected by the driver
23943,2386,20705,2022-05-04,Cancelled by the passenger
33359,758,36078,2022-09-14,Success
8283,1567,25995,2023-01-15,Success
42747,2969,29908,2022-11-05,Success
14815,45,17731,2022-09-08,Success
27681,2620,23673,2022-04-21,Success
48504,566,24433,2022-03-30,Success
34529,2704,423,2022-09-30,Success
1862,2061,17554,2022-12-26,Success
48273,1666,32646,2022-05-04,Success
13400,1115,4567,2022-10-02,Success
48397,55,16766,2023-02-12,Cancelled by the passenger
13168,2007,29251,2022-09-12,Success
55610,2212,2497,2022-11-01,Success
5524,773,26931,2022-10-15,Success
17085,2489,13241,2022-08-20,Success
5558,715,29329,2022-05-21,Success
5190,448,939,2022-06-11,Success
28596,203,18170,2023-01-17,Rejected by the driver
57844,1451,15720,2022-12-27,Success
21528,1506,5609,2022-06-06,Success
56532,2753,20834,2022-05-07,Rejected by the driver
51803,2582,10129,2022-11-24,Success
23478,2902,26584,2022-05-14,Success
10001,622,15648,2023-01-26,Success
38489,1137,38542,2022-04-04,Success
46571,865,26421,2023-01-21,Success
170,1425,10169,2022-03-17,Success
36005,2748,8913,2023-03-15,Success
5541,2793,20864,2022-06-17,Success
35457,1634,4975,2023-02-05,Success
42242,2185,20968,2022-12-25,Success
8347,2159,9047,2022-06-20,Success
33447,783,5113,2022-10-02,Success
16745,1529,6388,2022-11-08,Success
43306,2168,18260,2022-07-10,Cancelled by the passenger
51287,426,12949,2023-03-21,Cancelled by the passenger
51572,2081,3454,2023-03-12,Success
38936,2938,12223,2023-02-05,Success
32319,2297,37260,2022-03-20,Rejected by the driver
29473,1653,25574,2022-10-24,Success
44217,2749,37442,2022-09-07,Success
58690,2932,12489,2023-04-05,Success
15809,2304,14356,2022-12-16,Success
21545,2727,17812,2022-09-19,Success
47223,1334,1213,2022-10-21,Success
50618,2849,2189,2023-03-19,Success
48898,1240,34979,2023-01-05,Cancelled by the passenger
56175,2206,25917,2022-09-11,Cancelled by the passenger
41953,2845,6118,2023-01-31,Success
34252,1140,5996,2022-12-19,Rejected by the driver
34208,1378,15073,2022-08-28,Success
53528,2925,30344,2023-01-24,Success
10432,2623,19310,2022-11-03,Success
1868,2242,22465,2023-01-30,Success
12900,630,18096,2023-01-31,Rejected by the driver
43927,1320,33782,2022-08-08,Success
39865,964,35692,2022-07-23,Success
1424,760,34624,2022-07-31,Success
20738,2321,28786,2023-01-30,Cancelled by the passenger
12961,2549,21043,2022-03-19,Success
34459,359,18383,2023-01-09,Rejected by the driver
56974,651,29068,2022-09-03,Success
6164,500,29823,2023-01-28,Rejected by the driver
55193,1534,34866,2022-10-01,Success
13105,2931,17917,2022-07-11,Success
57340,1521,29028,2022-09-13,Success
32455,2572,24537,2022-11-21,Success
45852,2900,9563,2022-06-29,Rejected by the driver
30839,906,24893,2022-11-18,Success
47190,117,18252,2022-12-06,Success
52538,1294,27773,2022-07-30,Success
26971,1761,16497,2023-01-28,Success
30713,2917,22222,2022-08-03,Rejected by the driver
248,1776,32573,2022-05-08,Success
54784,1480,8252,2022-08-07,Success
29150,1970,19224,2022-06-16,Cancelled by the passenger
39949,1698,24418,2023-01-20,Success
6307,1046,26267,2022-07-06,Success
929,228,7014,2023-03-06,Success
30814,2735,21019,2022-06-21,Success
12240,1735,2527,2022-09-14,Success
49156,1438,24883,2022-10-06,Success
43783,2676,13486,2022-10-20,Success
40745,1675,12588,2022-10-08,Success
59809,91,27795,2023-04-08,Success
2613,1999,6660,2022-06-30,Success
10361,1958,2781,2022-12-24,Success
41771,1692,20441,2022-05-31,Success
53418,2521,29443,2022-08-31,Cancelled by the passenger
22930,1666,14146,2022-08-15,Success
46446,430,4575,2022-08-19,Success
26572,2988,37147,2022-06-02,Success
46098,2263,6393,2022-10-22,Success
29025,1012,27571,2022-06-25,Success
25960,1069,887,2022-11-05,Rejected by the driver
17835,2564,5418,2022-07-02,Cancelled by the passenger
3227,1428,36161,2022-08-30,Success
4251,210,15518,2022-09-24,Cancelled by the passenger
3945,2885,37426,2022-09-23,Rejected by the driver
58986,1372,5179,2022-03-29,Success
21549,2536,14679,2022-09-22,Success
54109,2481,39865,2022-11-29,Success
56365,1126,34370,2022-04-02,Success
39644,127,28543,2022-10-13,Success
2198,43,27551,2022-04-14,Rejected by the driver
31212,2043,22338,2023-02-15,Success
24407,647,21127,2023-02-27,Success
12655,1600,26424,2022-08-02,Success
8294,1429,22472,2022-11-10,Success
19744,2574,11670,2023-03-16,Success
46959,2179,3447,2022-05-28,Success
12792,9,35273,2022-06-09,Rejected by the driver
31435,549,971,2022-07-08,Success
49451,1603,3117,2023-02-14,Success
33613,2781,14519,2022-12-22,Success
35336,1614,5482,2022-11-02,Success
24933,2553,3110,2022-06-01,Success
46419,1770,35376,2022-11-11,Success
6386,2097,30116,2022-10-17,Cancelled by the passenger
6923,340,30956,2022-12-30,Success
59261,1922,29646,2023-01-14,Success
10879,2693,16308,2022-09-26,Success
37727,400,38204,2023-03-03,Success
20881,2323,22432,2022-06-08,Rejected by the driver
9574,2451,20065,2022-11-06,Success
21239,1541,24098,2022-12-13,Success
50952,2477,11131,2023-04-01,Rejected by the driver
43735,1222,30336,2022-12-12,Cancelled by the passenger
7076,210,27920,2022-07-21,Success
31345,894,4766,2022-07-15,Rejected by the driver
10691,2035,4971,2022-05-06,Success
4447,455,33476,2022-08-16,Success
52754,270,1049,2022-05-24,Success
46636,1435,9586,2023-02-19,Success
11226,2224,9521,2022-10-08,Success
32343,1914,19180,2022-11-14,Success
59381,2563,7900,2022-06-28,Success
52626,2882,16318,2022-06-28,Rejected by the driver
4998,1157,21126,2022-12-08,Success
20476,2215,28685,2022-07-02,Success
9382,33,1372,2022-12-17,Success
45955,467,22518,2022-05-22,Success
55061,768,33810,2023-01-19,Success
22567,1324,36220,2023-03-10,Success
49318,657,17427,2022-10-21,Success
50775,1014,12792,2022-06-10,Success
59643,1162,12931,2022-11-13,Success
13108,1224,21644,2022-12-17,Success
47607,1624,22104,2022-06-15,Success
6962,1449,10839,2022-10-11,Success
32794,1309,38722,2022-09-24,Success
47546,1182,32727,2023-01-19,Success
56327,360,19720,2022-11-04,Cancelled by the passenger
18449,2817,30145,2022-11-08,Rejected by the driver
24714,2808,12139,2022-07-29,Success
37431,1484,29717,2022-05-09,Success
42694,715,21906,2022-09-13,Success
45665,728,2584,2022-05-11,Rejected by the driver
57597,160,27070,2022-11-16,Success
16846,2932,2995,2022-10-03,Success
55165,114,21419,2022-04-24,Rejected by the driver
46534,1303,18628,2022-03-18,Success
34034,1842,2916,2022-04-04,Rejected by the driver
22801,2422,13213,2022-04-14,Success
58013,1159,28025,2022-09-15,Success
3668,997,16007,2022-09-21,Success
635,2429,15036,2023-03-30,Rejected by the driver
22580,1195,38929,2022-07-27,Success
7458,1820,29165,2022-09-10,Cancelled by the passenger
12520,2112,37756,2023-01-11,Success
37255,2315,16628,2022-12-27,Cancelled by the passenger
31448,2613,22364,2023-03-18,Success
24700,1781,37382,2022-09-30,Success
44451,2219,37868,2023-03-06,Cancelled by the passenger
59098,2748,13841,2022-11-23,Success
1156,2082,13887,2023-03-24,Success
55764,2476,9068,2023-02-01,Success
18955,322,18251,2022-12-11,Cancelled by the passenger
52831,1666,35018,2023-01-11,Success
17111,2203,1252,2022-08-16,Success
22830,2950,19529,2022-06-21,Success
21880,1836,3657,2022-04-28,Success
4883,972,13111,2022-11-05,Success
16431,1538,8015,2022-04-27,Success
3296,879,23211,2022-04-19,Success
25386,609,6158,2022-12-23,Rejected by the driver
29633,1263,20914,2022-04-08,Rejected by the driver
18917,2951,23251,2022-04-18,Success
1498,1649,35701,2022-06-11,Success
43576,446,37607,2022-09-10,Success
38061,2355,26927,2023-04-08,Success
51692,2975,3161,2023-01-23,Success
27510,1834,38743,2022-07-04,Cancelled by the passenger
24917,184,31295,2023-01-09,Success
14902,2815,36476,2023-01-19,Success
19202,874,17840,2022-08-17,Rejected by the driver
29645,2278,19879,2022-09-29,Success
9546,1294,13359,2022-09-04,Success
24429,130,27936,2022-11-17,Cancelled by the passenger
9145,560,39009,2022-09-18,Rejected by the driver
39706,1209,11376,2022-07-07,Success
44329,692,20700,2023-04-12,Success
59949,1322,39304,2022-09-12,Success
2467,1390,22937,2023-04-12,Success
20093,1405,20153,2022-11-19,Rejected by the driver
1440,874,17570,2022-09-15,Cancelled by the passenger
20777,260,1819,2022-09-04,Success
28509,2414,6322,2022-07-05,Rejected by the driver
40221,1840,10565,2022-09-25,Cancelled by the passenger
12731,341,37200,2022-03-20,Rejected by the driver
1323,2754,2107,2022-09-20,Success
21408,1149,18400,2022-04-06,Success
34888,1180,27402,2022-06-02,Success
23299,2483,29297,2022-04-30,Success
14993,1819,34120,2022-09-26,Success
52120,955,30326,2022-09-20,Success
21051,1298,35322,2022-09-17,Success
23792,250,27614,2022-08-21,Cancelled by the passenger
36323,777,27300,2022-06-05,Success
9660,1,34304,2023-02-02,Success
30553,1704,9684,2022-08-20,Success
13470,1292,3302,2023-02-14,Rejected by the driver
59406,2912,13014,2022-11-18,Success
38897,1338,29633,2022-11-30,Success
57780,1829,12065,2022-09-15,Success
8091,2259,22911,2022-11-17,Success
9986,2195,27042,2022-12-06,Success
95,2728,19263,2023-03-02,Success
1045,913,16959,2022-06-25,Cancelled by the passenger
52434,1793,29012,2022-08-11,Success
20571,2053,2847,2022-12-12,Success
34784,565,16151,2023-01-09,Success
22330,2622,38039,2022-05-27,Success
23260,436,32635,2022-03-18,Cancelled by the passenger
34018,372,1549,2022-11-28,Success
35110,576,16038,2023-02-12,Success
24574,280,32876,2023-02-22,Success
50384,2228,12014,2022-09-17,Success
41283,2870,2548,2022-04-25,Rejected by the driver
21142,641,15910,2022-05-05,Success
34164,2305,26702,2023-01-11,Success
52440,736,5260,2023-01-31,Success
10951,765,9681,2022-10-03,Success
800,1932,4376,2022-04-22,Success
58992,1446,11642,2022-09-23,Success
18314,1424,39067,2022-08-16,Success
30748,578,31838,2023-01-29,Cancelled by the passenger
42653,1121,28878,2022-05-01,Success
20142,2239,22665,2022-03-26,Success
16763,2309,29788,2022-08-09,Success
20132,1365,35741,2022-03-18,Success
6240,2038,7293,2022-03-28,Success
13512,697,16169,2022-12-14,Success
29438,1736,5799,2022-06-06,Success
13808,844,37213,2022-08-16,Cancelled by the passenger
33543,2526,4091,2022-12-12,Success
35489,21,12251,2022-08-27,Success
48655,2986,15458,2023-01-14,Rejected by the driver
1562,67,32307,2022-05-25,Success
10320,2148,36132,2022-09-13,Rejected by the driver
56663,2142,5149,2022-06-06,Success
54961,2371,30199,2022-05-06,Success
25377,2710,4919,2022-05-11,Success
3776,2131,25710,2022-08-04,Rejected by the driver
40473,2004,6149,2022-04-05,Rejected by the driver
46875,1493,38101,2022-09-10,Rejected by the driver
11675,1272,36623,2022-11-06,Success
39601,2088,32288,2023-03-08,Success
51031,899,5903,2023-01-05,Success
58726,1946,31393,2022-08-05,Rejected by the driver
24119,1635,34176,2022-12-04,Success
19845,2554,17434,2022-06-09,Success
13137,1813,1924,2022-04-18,Success
57137,2302,15558,2023-03-13,Rejected by the driver
46385,1386,39393,2023-02-12,Success
35006,93,23546,2022-06-06,Success
50124,1873,25137,2022-04-14,Cancelled by the passenger
8879,2883,15139,2022-11-28,Rejected by the driver
7355,829,35363,2022-11-16,Rejected by the driver
51267,1829,4870,2023-01-30,Success
34337,739,6443,2022-09-30,Success
48154,714,16209,2022-04-05,Rejected by the driver
26360,1103,4764,2023-04-07,Rejected by the driver
4791,259,31772,2022-04-01,Success
32863,1850,3252,2022-05-28,Success
11162,1286,29343,2022-11-07,Cancelled by the passenger
51815,974,28102,2022-09-11,Success
17702,98,14042,2022-08-03,Success
50954,918,39043,2022-03-30,Success
35278,2346,16385,2022-05-07,Cancelled by the passenger
30000,1560,8116,2022-07-06,Success
13584,698,30177,2023-03-17,Success
47313,2333,5870,2022-06-23,Rejected by the driver
29474,1762,30286,2022-04-04,Success
9934,50,17047,2023-03-14,Success
13213,1294,14786,2023-04-13,Success
6336,966,23861,2023-04-02,Success
20713,251,6302,2023-03-14,Rejected by the driver
760,599,25344,2022-12-04,Success
30809,2065,14140,2022-11-10,Success
34646,35,24024,2022-06-01,Success
24108,104,34472,2022-04-05,Success
9213,1552,37580,2022-11-29,Cancelled by the passenger
18430,2961,17318,2022-06-21,Success
2442,2061,34294,2022-03-17,Rejected by the driver
57572,294,34309,2022-12-16,Success
39116,634,37428,2022-08-06,Success
48653,1264,15809,2022-06-24,Cancelled by the passenger
37010,1366,28099,2022-05-10,Success
40315,2024,24802,2022-04-01,Success
45450,1777,4408,2022-08-25,Success
21510,1381,11977,2022-09-28,Success
49002,50,9427,2022-08-13,Rejected by the driver
31042,387,24143,2022-12-31,Success
54591,2612,8066,2022-05-28,Success
29319,704,6872,2022-10-14,Rejected by the driver
50105,801,23508,2022-08-08,Success
11998,1563,32189,2022-09-30,Success
35541,1156,38411,2023-04-11,Success
29945,2460,938,2023-01-20,Success
51974,883,1689,2023-01-08,Cancelled by the passenger
44796,1988,30046,2022-04-16,Rejected by the driver
3586,2349,2921,2022-03-24,Success
58549,2378,14562,2022-09-07,Success
58305,369,21792,2022-06-24,Success
32740,2332,20157,2022-09-14,Success
8151,851,19523,2022-05-31,Rejected by the driver
32098,867,16668,2022-09-14,Rejected by the driver
29953,2887,39007,2022-10-26,Success
31619,2076,11942,2022-09-25,Cancelled by the passenger
57724,1392,20639,2022-06-22,Success
9619,1432,20416,2023-02-05,Cancelled by the passenger
39630,1841,1829,2022-04-11,Success
9998,2935,2803,2022-06-16,Rejected by the driver
48953,1768,4047,2022-08-13,Success
6570,2421,1699,2022-09-25,Success
28132,629,29988,2022-07-05,Success
5240,1496,30713,2023-01-17,Rejected by the driver
52072,1958,6038,2022-07-23,Cancelled by the passenger
47563,2097,16841,2022-06-13,Success
45425,1662,33940,2022-03-25,Success
31500,1018,27510,2022-05-20,Cancelled by the passenger
41475,1710,39477,2022-07-27,Success
39862,2176,12779,2023-03-25,Success
55413,740,28977,2022-05-23,Success
719,2076,39393,2022-10-26,Success
9412,2244,9200,2022-05-28,Cancelled by the passenger
22363,1262,15707,2022-06-24,Success
42825,1159,30891,2022-08-24,Rejected by the driver
15321,249,4564,2022-10-19,Success
56361,291,13457,2022-11-12,Success
16537,914,24649,2022-06-22,Cancelled by the passenger
4637,126,14392,2023-04-13,Success
55775,2856,34555,2022-03-18,Success
51303,168,23079,2022-12-08,Success
41718,397,3449,2022-06-25,Success
26293,783,35284,2022-07-21,Success
56776,276,4950,2022-11-12,Cancelled by the passenger
24743,2647,24357,2023-04-04,Success
6664,452,20007,2023-03-30,Success
38884,2212,23804,2022-05-25,Success
30833,304,3582,2022-11-24,Success
30055,2690,14844,2023-02-17,Success
8270,2425,24219,2022-10-14,Success
4418,254,10348,2022-04-19,Rejected by the driver
55098,651,28177,2022-03-20,Success
51438,2889,11455,2022-11-12,Success
45717,2451,11187,2022-05-23,Success
101,1752,26705,2022-06-02,Success
50671,2241,10549,2022-09-26,Success
27640,1092,18310,2023-02-01,Success
18728,1790,15017,2023-02-23,Cancelled by the passenger
57795,1527,8201,2022-06-25,Success
40849,361,22821,2022-11-22,Success
17600,2013,25673,2022-07-15,Success
13712,1968,1266,2022-07-26,Success
36958,549,18687,2023-02-19,Success
22455,2111,38874,2022-08-09,Success
17894,2133,31992,2022-07-22,Success
2222,1920,12028,2023-04-09,Rejected by the driver
26992,1660,22308,2022-05-17,Success
13554,2089,38994,2023-04-10,Rejected by the driver
44478,2267,22919,2022-09-06,Success
56056,2369,37822,2023-02-02,Success
40817,1073,22426,2022-10-07,Cancelled by the passenger
41918,2352,1539,2022-10-27,Success
28247,12,15458,2022-06-15,Rejected by the driver
49665,997,10063,2022-06-01,Success
59832,1046,25472,2022-04-17,Success
36913,1623,23330,2023-01-04,Success
35382,764,19037,2022-09-02,Rejected by the driver
31429,2425,36855,2023-03-26,Success
31173,2506,1191,2023-01-26,Success
49,2779,25171,2023-01-15,Success
31366,2813,26980,2022-10-07,Success
38244,945,37991,2022-10-07,Success
35406,661,20378,2022-11-05,Rejected by the driver
57216,2375,37787,2023-03-04,Success
20910,37,37002,2022-08-03,Success
22384,487,39723,2022-05-30,Success
32345,355,37142,2022-12-05,Success
13010,447,28701,2022-07-27,Success
56758,965,28178,2023-01-25,Success
43536,982,7250,2022-07-13,Success
55285,157,35605,2022-09-28,Success
21247,2020,26802,2023-02-11,Success
54772,588,24813,2022-05-31,Success
58287,2150,19327,2023-01-06,Success
27643,652,16022,2022-05-30,Success
20196,1673,16424,2022-09-14,Success
10147,1143,30881,2023-02-24,Cancelled by the passenger
58168,1257,12069,2023-03-15,Success
56770,2503,9259,2022-03-30,Success
27582,7,5428,2022-03-22,Success
6493,1949,10860,2022-06-04,Success
57498,2065,12851,2023-03-07,Rejected by the driver
25835,239,37223,2023-02-06,Success
14567,888,27594,2023-02-09,Success
37456,2945,23779,2022-07-16,Success
53687,2426,28377,2022-10-07,Success
46194,747,36536,2022-11-05,Success
59356,1018,3856,2022-10-24,Success
25332,852,4043,2022-09-11,Success
35714,1434,965,2022-10-17,Success
49084,642,38517,2022-04-27,Success
27064,1503,38027,2022-10-29,Cancelled by the passenger
45282,818,14570,2022-05-27,Success
14434,528,5496,2022-04-15,Cancelled by the passenger
53985,1333,14216,2023-02-20,Success
21208,2725,24732,2022-05-18,Cancelled by the passenger
42026,525,30484,2022-10-18,Success
17864,2887,7889,2022-10-17,Success
46729,2499,25448,2023-03-16,Success
7507,875,25765,2022-08-24,Success
56379,1382,24324,2022-11-29,Cancelled by the passenger
55640,2621,6739,2022-08-16,Success
46090,2283,21253,2022-04-20,Rejected by the driver
20334,2572,8318,2023-04-14,Rejected by the driver
23203,1424,2466,2022-07-28,Success
54310,223,10837,2023-03-08,Success
36273,164,12381,2022-10-11,Success
59945,1856,21473,2022-12-17,Success
37623,1055,10937,2022-03-30,Success
38983,2114,15751,2022-11-22,Success
27024,1015,5403,2023-01-22,Success
27296,1648,33911,2022-12-30,Success
14579,1653,37272,2023-03-28,Success
5713,1670,17617,2022-06-07,Success
2776,1118,7643,2023-02-27,Success
13314,2536,1436,2022-06-05,Success
2452,424,38555,2023-01-26,Success
45380,2013,30867,2022-11-22,Cancelled by the passenger
2993,1012,5006,2023-01-05,Cancelled by the passenger
21211,137,30548,2022-07-02,Success
7638,2381,35788,2023-03-29,Success
13502,520,35107,2023-01-18,Cancelled by the passenger
29862,1624,12676,2022-04-07,Success
34713,928,6423,2023-03-26,Rejected by the driver
58170,1231,38871,2023-04-07,Success
9502,1960,36293,2022-03-30,Cancelled by the passenger
25454,2285,36995,2023-03-17,Success
30147,1460,8046,2022-04-04,Cancelled by the passenger
54282,61,18369,2022-04-21,Success
40657,383,5195,2023-04-05,Success
29662,1929,3422,2022-05-04,Rejected by the driver
16778,2150,8008,2022-07-15,Rejected by the driver
35337,2109,23244,2022-03-29,Success
12111,1731,7996,2023-03-01,Success
44169,2987,9743,2023-03-13,Rejected by the driver
47441,1187,34333,2023-04-04,Rejected by the driver
4053,1882,24550,2022-08-12,Success
58313,1636,12328,2022-03-29,Rejected by the driver
37973,312,19254,2022-03-26,Cancelled by the passenger
10310,2459,1897,2022-06-30,Success
22141,2306,7580,2022-11-05,Success
57109,2964,18372,2022-07-14,Cancelled by the passenger
26457,705,14548,2023-03-13,Rejected by the driver
57310,1,36144,2022-03-21,Success
10121,262,33698,2022-04-15,Success
50703,198,4598,2023-03-08,Rejected by the driver
9744,1451,36257,2022-09-15,Success
26250,2378,8832,2022-09-15,Rejected by the driver
18294,2522,21411,2022-08-06,Cancelled by the passenger
20186,555,38742,2022-09-03,Success
3547,1760,19978,2022-08-18,Cancelled by the passenger
49609,2808,29459,2022-11-03,Success
33556,780,21765,2023-01-04,Success
57588,751,39789,2022-12-25,Success
22838,1986,35288,2023-02-14,Success
14383,974,39164,2023-01-05,Success
18915,186,1490,2023-04-05,Rejected by the driver
50582,2337,12527,2023-02-27,Success
25297,414,30607,2022-04-09,Success
52517,1829,37961,2022-10-04,Success
34383,1051,31556,2023-02-15,Success
694,316,15274,2022-06-15,Success
19294,350,30423,2022-06-01,Success
9781,2072,25567,2023-01-11,Success
43332,737,38457,2022-07-05,Rejected by the driver
37722,1243,39769,2023-02-26,Success
40272,1495,33903,2022-10-30,Success
16364,1391,32752,2023-01-10,Success
58145,1112,33385,2022-08-11,Cancelled by the passenger
21366,2517,19748,2022-10-28,Rejected by the driver
23162,2036,25390,2022-05-04,Success
8922,2717,13407,2022-04-14,Success
14489,1635,3400,2022-11-07,Success
41071,1365,4666,2022-04-17,Success
36296,1450,9019,2022-12-20,Success
9448,2401,35264,2023-03-17,Success
39914,1600,31239,2023-01-05,Success
13629,1693,38263,2022-05-08,Success
7756,2545,9087,2022-09-15,Rejected by the driver
895,2220,15646,2022-09-25,Success
3697,2352,24978,2022-07-30,Rejected by the driver
28818,2610,23443,2022-07-11,Success
53614,1348,29877,2022-11-03,Success
42866,2030,29536,2022-05-23,Rejected by the driver
28403,1499,11533,2022-03-17,Success
30684,2419,8882,2022-05-20,Success
16381,2285,4202,2022-04-07,Cancelled by the passenger
38377,2780,39417,2022-09-08,Success
44432,2470,14649,2023-02-20,Success
37067,295,19730,2022-05-24,Success
56253,1985,33525,2023-03-24,Success
4034,1337,37534,2022-12-05,Cancelled by the passenger
30205,1194,11911,2022-07-09,Rejected by the driver
9123,68,11370,2022-07-25,Success
24189,2120,36216,2022-11-22,Success
46889,302,30365,2022-10-31,Cancelled by the passenger
1697,406,8695,2022-09-05,Success
51107,1057,11941,2022-04-09,Cancelled by the passenger
21136,108,16154,2023-02-04,Success
38815,2600,22662,2022-07-25,Rejected by the driver
16415,672,31827,2022-03-12,Success
26335,2784,1162,2023-02-04,Rejected by the driver
8758,782,14180,2022-09-15,Rejected by the driver
18583,1903,13696,2022-10-29,Success
43311,2080,1321,2022-07-06,Success
24741,1088,31462,2022-08-13,Success
12691,1997,32623,2022-06-26,Success
18210,1123,38570,2023-04-13,Success
9199,1068,25295,2023-03-07,Success
50684,763,31935,2022-06-06,Rejected by the driver
59651,486,23295,2023-01-30,Success
58558,2644,8263,2022-12-10,Success
26877,1104,5423,2022-12-19,Rejected by the driver
30216,104,12142,2022-07-05,Cancelled by the passenger
50431,355,12926,2022-11-03,Success
27917,2179,19281,2022-12-14,Success
7515,685,1808,2022-07-18,Rejected by the driver
59169,157,11249,2023-03-24,Success
41723,2434,20552,2022-06-03,Rejected by the driver
22742,751,21513,2022-07-04,Success
42636,913,23705,2023-04-09,Success
40052,2981,32014,2023-03-22,Success
28435,900,33539,2022-08-23,Success
28269,121,33904,2022-10-07,Cancelled by the passenger
30212,661,30887,2022-04-18,Success
12059,1356,31583,2023-02-19,Success
21432,2433,19765,2022-05-20,Success
54352,2707,7653,2022-07-08,Rejected by the driver
12398,1174,29737,2022-11-18,Success
12670,542,17726,2022-08-28,Success
47361,608,27313,2022-11-12,Success
51327,2962,5164,2023-01-01,Success
42689,1942,19376,2023-04-09,Success
42959,2659,1690,2022-04-18,Success
30278,751,15632,2022-09-19,Cancelled by the passenger
38083,2132,37966,2022-11-28,Success
12482,148,8433,2022-08-25,Success
14146,1548,32026,2023-01-14,Rejected by the driver
30422,2173,18717,2023-02-14,Rejected by the driver
40050,1990,8549,2022-10-19,Success
35296,1217,6480,2022-03-21,Success
32831,2325,37965,2022-04-27,Success
54030,1469,25516,2022-08-15,Rejected by the driver
55689,1956,16830,2023-01-16,Success
30350,738,25555,2022-10-26,Success
53848,441,11160,2022-10-06,Rejected by the driver
48575,624,753,2022-12-23,Success
3124,416,179,2022-07-14,Cancelled by the passenger
18043,1978,8445,2023-03-06,Rejected by the driver
11081,1501,31229,2022-08-03,Success
58858,2890,15010,2022-08-07,Rejected by the driver
14695,1377,31277,2023-02-26,Success
17793,145,32498,2022-08-24,Success
16221,65,2725,2022-11-11,Success
45370,460,21681,2022-03-15,Success
38841,1220,12269,2023-02-16,Success
34145,2603,22092,2022-05-24,Rejected by the driver
6267,2140,3261,2023-02-22,Success
17348,1586,28144,2023-04-08,Success
11238,40,9089,2022-08-10,Success
23026,2579,12070,2022-05-27,Success
22656,2229,15443,2022-08-21,Success
2690,2612,7127,2023-03-04,Success
34422,740,35007,2022-11-09,Success
28640,2643,30963,2022-03-19,Success
32779,2383,35318,2022-04-01,Success
28977,2910,15699,2022-04-01,Success
23948,2587,20299,2023-01-03,Success
23173,321,3889,2023-03-21,Rejected by the driver
14636,1802,17132,2022-07-15,Success
7648,1633,15592,2022-10-14,Success
14919,2856,15349,2023-03-10,Success
7114,2375,29939,2022-09-29,Success
54766,2344,30295,2022-04-01,Rejected by the driver
58893,665,18745,2022-07-01,Success
30514,899,12401,2022-11-21,Success
50898,83,2170,2022-05-02,Success
48822,2456,16234,2022-11-09,Success
52866,1708,29098,2022-07-05,Success
47843,1702,4095,2023-03-29,Success
40614,2903,24835,2023-04-13,Success
33477,1075,6467,2022-10-09,Success
43111,277,9970,2023-02-07,Success
10014,2963,33877,2022-04-08,Cancelled by the passenger
24185,2798,33464,2023-04-07,Success
18181,2450,8720,2022-11-19,Success
1670,1699,35886,2023-01-19,Success
13011,593,1100,2022-08-17,Success
54131,2382,22032,2022-04-24,Success
12445,2759,17098,2022-09-28,Rejected by the driver
18746,2215,20491,2022-10-08,Rejected by the driver
45269,2305,31236,2022-10-14,Success
1103,2639,20560,2022-06-29,Success
56553,1398,39209,2022-10-24,Success
51697,2495,14477,2022-07-08,Success
50291,425,27411,2022-11-09,Success
5780,2127,12091,2023-02-18,Rejected by the driver
862,2513,25026,2022-09-18,Success
25241,259,36579,2023-02-26,Success
44948,1525,32935,2022-06-18,Success
3913,2673,37913,2022-07-18,Rejected by the driver
8549,1223,21594,2022-08-03,Cancelled by the passenger
42418,2165,14466,2022-06-20,Rejected by the driver
2462,1429,16514,2022-05-23,Success
34253,1948,9339,2022-07-19,Success
15759,2634,9027,2022-10-11,Success
58721,2932,11621,2022-03-15,Success
45671,1664,37223,2022-03-17,Success
11494,1997,15987,2022-10-09,Success
59673,884,22743,2023-01-13,Success
56668,634,7934,2022-05-28,Success
33498,1640,31730,2022-07-07,Success
15969,217,28366,2023-02-02,Rejected by the driver
24549,2196,30154,2022-07-15,Success
9197,105,28491,2022-09-15,Rejected by the driver
20362,898,31969,2022-06-25,Success
29694,1231,4653,2022-11-15,Rejected by the driver
27800,1557,28824,2022-08-14,Success
41813,1218,33250,2022-08-11,Cancelled by the passenger
26236,334,20889,2022-03-29,Success
29391,878,39887,2022-05-30,Success
59359,1331,31795,2022-04-20,Success
34582,534,24621,2022-10-02,Cancelled by the passenger
23972,261,31615,2023-01-08,Success
13455,313,9877,2022-10-30,Success
37423,2809,17014,2022-07-22,Success
2250,1915,10079,2023-02-15,Success
52061,838,28349,2022-10-13,Success
33945,1174,16665,2023-01-03,Cancelled by the passenger
1944,234,627,2022-05-05,Success
56535,1560,4768,2023-01-02,Success
27492,2680,23789,2022-03-24,Success
30891,1235,7910,2022-09-02,Success
23247,921,34720,2022-04-20,Cancelled by the passenger
59844,551,19126,2022-07-04,Rejected by the driver
33672,2500,22965,2023-01-12,Success
27179,2798,36904,2022-10-25,Success
31774,2139,26546,2022-05-17,Success
12452,1194,27889,2022-10-09,Success
42427,503,3709,2023-04-15,Success
52735,1081,26542,2023-02-16,Rejected by the driver
11825,204,8341,2022-05-01,Success
7212,792,5494,2022-04-27,Success
40017,1087,37023,2022-07-20,Success
30692,2641,19131,2023-04-06,Success
34601,1924,7972,2023-02-11,Cancelled by the passenger
7164,1,15539,2022-06-27,Success
16219,2062,36269,2022-03-29,Success
27953,1584,35042,2022-10-07,Success
45722,510,22794,2022-11-10,Success
10446,2923,15414,2022-05-13,Cancelled by the passenger
39521,659,5708,2022-06-25,Rejected by the driver
11650,1310,27142,2022-08-20,Cancelled by the passenger
7883,2176,2539,2022-03-20,Success
2150,569,38851,2023-02-13,Success
19444,1025,14025,2022-10-17,Success
55121,2072,19193,2022-11-05,Success
34303,2671,13741,2022-05-21,Success
41764,1207,32635,2023-02-22,Success
49146,1166,22436,2022-06-15,Success
15253,1019,32036,2023-04-13,Success
16705,1754,7436,2023-01-06,Cancelled by the passenger
37278,1402,1860,2022-07-26,Success
53851,2679,35906,2022-09-24,Success
45797,320,8578,2022-03-14,Success
49556,1220,30236,2022-04-23,Success
5128,1690,21902,2022-10-17,Success
42342,2732,19361,2023-02-18,Success
6572,586,39892,2022-12-22,Success
15432,1382,18377,2022-11-10,Success
20646,1817,35725,2022-12-30,Rejected by the driver
59276,276,6773,2023-02-23,Rejected by the driver
55917,2155,14063,2022-11-17,Cancelled by the passenger
43518,8,18513,2022-08-04,Success
35224,1993,8712,2022-12-06,Success
21354,73,12147,2022-07-15,Success
30007,2703,27124,2022-11-20,Success
49804,921,9466,2022-12-08,Success
4088,1234,39461,2022-04-08,Success
59956,1920,31974,2022-05-22,Success
47877,2079,3853,2022-09-09,Rejected by the driver
32367,2467,33707,2022-11-22,Rejected by the driver
54050,2760,17128,2022-11-22,Success
21112,287,24751,2022-08-21,Success
56405,2667,9803,2022-04-16,Success
33074,2653,34468,2022-12-05,Rejected by the driver
27182,2437,17663,2022-12-02,Rejected by the driver
17480,1684,18127,2022-05-21,Rejected by the driver
22045,2141,26814,2022-11-22,Success
46627,2622,11714,2022-07-10,Success
35678,249,34089,2022-04-27,Success
51423,1153,15273,2022-07-10,Success
55790,2329,5477,2022-06-23,Success
23643,973,2777,2022-08-20,Success
31377,893,12299,2023-04-14,Success
12833,1878,19654,2022-12-22,Rejected by the driver
28561,2038,26544,2023-02-06,Rejected by the driver
30698,1318,38041,2022-12-05,Rejected by the driver
15705,1099,25300,2022-11-20,Success
10766,1755,2075,2022-10-31,Rejected by the driver
51028,2750,29788,2022-11-10,Success
36767,151,6375,2023-01-12,Success
16059,220,10528,2022-11-08,Success
44599,2309,32877,2022-06-08,Rejected by the driver
52671,2406,22170,2022-11-11,Success
38234,802,28230,2022-05-07,Rejected by the driver
14839,1324,20105,2022-06-18,Cancelled by the passenger
20333,1400,21892,2022-05-08,Rejected by the driver
29681,2605,716,2022-09-22,Rejected by the driver
47232,570,34346,2023-01-12,Rejected by the driver
43864,617,26408,2023-01-02,Cancelled by the passenger
51873,206,19556,2022-03-26,Success
4079,1457,20936,2022-06-09,Success
2641,924,30276,2022-07-25,Rejected by the driver
34172,1556,30186,2023-04-12,Success
55295,2145,12988,2022-08-30,Success
18222,1982,34892,2022-05-03,Success
35355,2356,30390,2022-08-01,Success
24271,2838,2331,2022-09-04,Success
51704,1648,19477,2022-11-28,Cancelled by the passenger
35598,2050,9024,2023-01-17,Success
4286,728,15106,2022-06-09,Cancelled by the passenger
22585,771,2808,2022-04-16,Success
46630,2551,29409,2022-03-16,Success
1356,243,4497,2022-07-08,Success
44501,2565,9449,2022-08-25,Success
43394,2979,798,2023-04-10,Success
7749,2332,37903,2022-05-30,Success
43839,1048,18687,2022-06-11,Success
26733,348,2743,2022-03-13,Success
18736,2293,26910,2022-09-28,Success
26232,744,12748,2023-02-07,Success
40962,1127,9210,2022-08-04,Success
32144,413,2521,2022-12-16,Success
5228,754,389,2022-05-08,Success
19542,630,2375,2022-11-03,Success
11790,1358,2775,2022-05-10,Success
15009,81,29485,2023-02-25,Rejected by the driver
22130,164,11050,2022-07-05,Rejected by the driver
15883,2370,26936,2022-03-16,Success
167,2532,29583,2023-02-27,Success
19437,1364,13780,2023-02-15,Success
22118,1568,14167,2022-05-31,Success
54111,2887,1856,2022-07-19,Success
579,325,37262,2022-09-07,Success
11964,1908,5612,2022-09-11,Success
54461,997,24408,2023-03-26,Success
36706,728,35456,2022-09-12,Success
26217,2217,33435,2022-07-08,Success
52356,2812,1738,2022-10-08,Success
53777,1523,29948,2022-10-09,Success
48611,878,22655,2022-10-25,Cancelled by the passenger
3755,1060,31300,2022-03-25,Success
28873,1021,3091,2022-12-22,Success
46516,1570,29728,2022-10-08,Success
52984,631,26228,2022-10-21,Rejected by the driver
39218,2916,30465,2022-08-10,Success
6974,1673,25742,2022-05-10,Success
26202,1989,19816,2022-10-02,Rejected by the driver
27746,2789,10455,2022-10-25,Success
57293,764,36425,2022-04-19,Success
26686,1781,2256,2022-11-19,Success
56723,1438,1229,2022-04-29,Success
48532,783,3572,2022-04-13,Success
45283,70,11043,2022-07-01,Success
57740,2454,7639,2022-10-05,Success
14982,2801,34269,2022-08-11,Success
39560,876,8102,2022-06-05,Cancelled by the passenger
20378,401,182,2022-07-29,Cancelled by the passenger
28354,1002,12651,2022-08-21,Rejected by the driver
39095,1511,22713,2022-12-31,Rejected by the driver
39046,1510,2683,2023-04-12,Success
57815,2554,5989,2022-09-01,Rejected by the driver
56744,462,39627,2023-01-10,Success
37634,2340,31742,2022-03-13,Success
13736,1316,6086,2022-04-04,Success
29207,871,26124,2022-04-15,Cancelled by the passenger
1776,679,35461,2022-06-12,Success
27925,410,2397,2023-03-05,Cancelled by the passenger
42848,1125,13205,2022-12-07,Success
26269,2700,28443,2022-09-07,Success
34987,2668,19644,2022-07-04,Success
54763,1512,36308,2023-03-16,Cancelled by the passenger
51077,214,26096,2022-06-18,Success
16174,459,59,2023-04-05,Rejected by the driver
55432,2989,10546,2023-04-08,Success
8827,2626,16358,2022-05-23,Success
56002,1705,15858,2022-06-21,Success
16288,2806,38827,2022-04-06,Success
25679,1421,27698,2022-07-28,Success
29465,1697,6156,2022-07-15,Rejected by the driver
21872,387,37171,2023-02-23,Cancelled by the passenger
6294,441,17204,2023-03-26,Success
58066,2429,23888,2022-04-05,Cancelled by the passenger
10662,581,5347,2022-06-29,Success
7085,2231,19649,2023-01-05,Success
28162,743,13312,2022-08-12,Cancelled by the passenger
20484,2098,773,2022-12-21,Success
40276,2832,11843,2022-10-01,Rejected by the driver
45950,563,39576,2022-07-29,Rejected by the driver
27891,77,6588,2023-03-23,Success
13806,1710,15543,2022-10-22,Success
8785,1633,21274,2023-02-05,Success
7998,1588,26062,2022-11-12,Success
16991,672,23829,2022-03-27,Success
14926,959,10848,2022-09-15,Cancelled by the passenger
41180,1583,7361,2022-06-20,Success
18857,1263,38805,2022-08-02,Success
16970,147,10878,2022-04-09,Success
10704,1861,34573,2022-04-27,Rejected by the driver
47154,2626,27554,2023-03-18,Success
58038,697,36835,2022-12-11,Success
580,478,39068,2022-06-22,Success
58570,2466,17529,2022-07-07,Success
22647,2230,4564,2022-09-29,Success
27646,2242,12780,2022-11-15,Cancelled by the passenger
19261,1659,31718,2022-10-22,Success
2842,1585,1787,2023-02-26,Success
58622,498,7372,2023-01-31,Success
53842,1615,33557,2023-02-08,Success
50614,1259,7943,2023-03-30,Rejected by the driver
19535,1290,33523,2022-06-04,Rejected by the driver
14864,2013,2412,2022-05-13,Success
51996,760,7884,2022-06-11,Success
52710,124,35330,2022-06-12,Rejected by the driver
20730,2239,11403,2023-03-18,Success
35460,956,30800,2022-03-18,Success
44402,551,11335,2022-10-12,Success
40036,2570,24463,2022-06-30,Success
47701,2588,31637,2022-05-01,Success
11826,223,11819,2022-09-18,Success
34359,213,29368,2023-03-02,Success
22650,1786,6794,2022-06-08,Success
8566,1061,25165,2022-03-21,Success
44116,2809,39011,2022-08-09,Success
1003,1880,28667,2022-11-20,Cancelled by the passenger
15447,2090,13248,2022-07-20,Success
16773,2557,4573,2022-04-09,Cancelled by the passenger
48087,1151,984,2022-12-30,Success
17139,2949,26231,2023-02-01,Success
26285,2966,8970,2023-04-01,Cancelled by the passenger
53666,562,114,2022-10-16,Success
29598,415,6116,2023-01-28,Success
37468,312,30586,2022-05-26,Success
12516,1145,28499,2022-04-03,Success
41571,2426,33413,2022-07-05,Success
49593,1972,26278,2023-01-10,Cancelled by the passenger
37469,1927,37467,2022-04-13,Success
54381,379,1687,2022-10-22,Success
22410,1915,21097,2022-06-27,Success
20443,1613,15669,2022-08-13,Success
43483,1365,24328,2022-04-02,Success
43396,2570,37628,2022-08-14,Rejected by the driver
36538,946,31713,2022-11-25,Success
44012,1824,36399,2022-07-17,Success
40426,2129,1423,2022-05-12,Success
13189,2668,24673,2022-04-28,Success
10119,822,13835,2022-12-11,Success
22292,6,37413,2022-10-25,Success
21415,428,24827,2022-07-01,Success
54429,1897,21236,2022-09-13,Success
45267,2058,22476,2022-09-10,Rejected by the driver
34285,2909,17422,2022-06-08,Success
50977,2926,39929,2022-07-14,Success
13666,124,9158,2022-04-02,Success
5420,702,38674,2023-01-14,Rejected by the driver
21931,2122,28483,2022-10-19,Cancelled by the passenger
42778,2295,4327,2022-05-14,Rejected by the driver
51264,219,15874,2022-06-23,Success
10900,2795,26729,2022-05-09,Rejected by the driver
55647,2707,20015,2022-09-20,Success
12812,860,14438,2023-02-05,Success
26432,476,38476,2022-07-06,Cancelled by the passenger
44570,1715,11911,2023-03-21,Success
29386,315,4265,2022-05-05,Success
35217,950,16609,2023-04-05,Cancelled by the passenger
48010,2503,31126,2023-04-15,Rejected by the driver
55709,1174,6203,2023-03-14,Success
45524,2809,30630,2023-02-16,Success
56098,2077,7951,2022-08-30,Success
20659,655,1070,2022-04-11,Success
7105,689,32204,2022-04-04,Success
3867,2326,1206,2022-03-15,Cancelled by the passenger
40476,1799,3495,2022-10-31,Cancelled by the passenger
54521,2759,39661,2023-01-19,Success
3114,1759,20309,2022-11-08,Success
28707,2045,36913,2022-09-24,Success
5684,268,29887,2023-01-07,Rejected by the driver
14302,557,11333,2022-08-26,Success
19909,748,502,2022-09-06,Rejected by the driver
1909,1503,39316,2022-11-14,Success
52241,2802,13497,2022-09-18,Success
27359,929,3344,2022-11-28,Success
52344,1954,27978,2022-12-24,Success
28936,1076,957,2022-10-30,Success
56972,2122,10661,2022-07-21,Success
53079,307,2470,2022-12-26,Success
45009,2972,28801,2022-05-14,Success
57480,2838,24996,2022-06-23,Success
30635,2046,2240,2022-09-30,Success
8746,441,29307,2022-05-12,Rejected by the driver
17300,1883,939,2022-08-19,Success
30046,1085,16323,2023-03-07,Success
11253,1709,17328,2022-12-14,Success
56899,624,21299,2022-12-21,Success
16870,2950,13178,2022-08-15,Success
16015,797,14388,2023-01-26,Success
7414,715,1397,2023-02-21,Rejected by the driver
34520,52,35901,2022-11-27,Cancelled by the passenger
1896,2836,30647,2022-08-26,Success
58186,712,27092,2023-02-02,Success
13041,2645,10764,2023-01-08,Rejected by the driver
52337,2366,20330,2023-03-28,Success
12844,2223,18473,2023-01-10,Success
40487,2068,35463,2022-03-17,Cancelled by the passenger
36647,1332,18922,2022-05-09,Rejected by the driver
17738,1400,19106,2022-07-23,Success
13310,2656,26840,2023-04-06,Success
38166,2577,38146,2022-12-15,Success
15530,1947,21520,2022-12-23,Success
3336,42,22173,2022-11-03,Success
15260,2451,5137,2022-08-31,Cancelled by the passenger
43212,588,27041,2022-06-26,Success
44803,736,37040,2022-12-28,Success
16589,2671,19808,2022-04-19,Success
6599,780,28133,2022-10-27,Success
4719,2056,18722,2022-07-08,Success
28181,882,16730,2022-08-11,Rejected by the driver
16009,1209,6110,2023-01-20,Success
43435,2704,12667,2022-08-06,Success
11543,1703,8993,2022-09-03,Success
46166,533,17310,2022-07-15,Success
32187,1311,30312,2022-12-21,Success
2050,206,36241,2023-04-03,Success
18474,1285,23025,2023-02-02,Success
12907,2929,31640,2022-10-03,Success
30102,2403,35431,2022-10-24,Success
32396,793,2382,2022-08-21,Success
1952,2440,25185,2022-04-15,Success
26720,1321,3553,2022-05-18,Success
26244,2716,31050,2022-09-07,Success
15104,1653,28869,2023-02-24,Rejected by the driver
30406,1439,3855,2022-10-10,Success
1287,1419,32922,2022-10-27,Rejected by the driver
1557,2654,35021,2022-03-16,Success
10618,1968,24558,2022-11-03,Rejected by the driver
2738,1248,29497,2022-07-06,Success
56773,385,19833,2022-07-15,Success
27523,1611,1264,2022-12-03,Success
42280,1012,18947,2022-07-13,Rejected by the driver
20600,1631,26793,2023-01-29,Success
59519,1071,24333,2022-09-25,Success
23395,2428,22018,2023-02-04,Rejected by the driver
42005,716,21751,2023-02-25,Cancelled by the passenger
59647,2391,18478,2022-10-07,Success
55825,615,3306,2023-01-21,Success
10390,418,37835,2022-08-02,Success
34586,715,7508,2022-12-18,Success
39434,730,20783,2023-04-09,Rejected by the driver
13636,244,15432,2022-06-09,Success
39231,2417,21547,2022-12-21,Success
48760,1932,3586,2022-04-26,Success
43909,2581,333,2022-07-15,Success
28280,1352,25917,2022-03-17,Success
12780,1048,14273,2022-08-19,Success
13197,691,13986,2023-03-05,Cancelled by the passenger
25947,1300,30593,2023-03-09,Success
14631,1900,38309,2023-04-14,Success
227,352,25771,2022-11-02,Rejected by the driver
3477,2114,25949,2023-02-23,Cancelled by the passenger
34037,1676,5174,2022-12-20,Rejected by the driver
3266,2077,23557,2022-10-11,Success
18669,1839,39125,2022-04-21,Success
59157,1833,27270,2023-03-31,Success
24465,2188,26058,2023-02-23,Success
6709,1593,24566,2022-11-26,Rejected by the driver
30622,1642,9249,2022-12-20,Success
6288,844,15766,2022-12-05,Success
57823,119,19204,2023-02-27,Success
28690,2962,17470,2023-03-14,Success
9035,2802,5330,2023-03-09,Success
19106,2453,31812,2022-04-15,Rejected by the driver
12038,488,19601,2023-03-06,Success
13670,1284,9759,2022-05-19,Success
46246,10,21465,2023-02-23,Success
50181,1223,9325,2022-07-02,Success
48679,626,25388,2022-09-19,Success
4962,2963,30291,2023-03-31,Success
1094,2979,17746,2022-09-10,Success
47660,673,14200,2022-09-27,Success
48486,2597,13324,2022-12-06,Success
42647,1664,25480,2022-06-18,Success
16342,2176,8286,2022-09-08,Success
42938,1035,4104,2022-07-01,Success
4285,808,27666,2022-12-17,Success
52249,1923,21560,2022-08-01,Success
53257,1219,13369,2022-11-21,Rejected by the driver
22182,1275,38917,2022-03-16,Success
44926,721,12694,2023-04-13,Success
28848,446,14103,2022-06-18,Success
45458,1166,31581,2023-03-31,Success
24862,2148,3865,2022-09-18,Success
35177,2688,10042,2022-06-13,Success
27079,2682,16408,2022-08-16,Success
51667,872,29390,2022-06-28,Cancelled by the passenger
44704,2771,22999,2022-08-05,Success
32755,1263,23843,2022-12-08,Success
56144,465,4224,2022-04-24,Rejected by the driver
29227,1252,18696,2023-01-09,Success
53153,775,7695,2023-01-18,Success
3916,1568,34366,2023-01-16,Success
5134,919,18031,2023-04-10,Success
53126,2607,11826,2022-09-07,Rejected by the driver
34417,16,30372,2022-03-22,Success
9929,1512,2469,2022-07-04,Rejected by the driver
26471,605,34016,2022-08-18,Success
40448,468,15664,2022-04-07,Rejected by the driver
37892,1206,3205,2023-03-08,Success
56396,692,30504,2022-08-25,Cancelled by the passenger
773,1301,39199,2023-01-18,Rejected by the driver
40241,2876,7368,2022-05-26,Success
39276,1040,29339,2022-08-15,Success
54905,2759,17977,2022-07-14,Success
17369,636,3444,2022-07-11,Rejected by the driver
51871,1380,28742,2022-11-22,Success
21067,2653,10535,2022-05-15,Rejected by the driver
13018,697,22205,2022-10-10,Cancelled by the passenger
18145,2796,37218,2022-05-01,Success
42050,426,20662,2022-09-18,Success
17117,716,1150,2022-12-31,Success
15094,483,34234,2022-09-21,Success
53942,804,2760,2022-09-22,Rejected by the driver
32705,595,19815,2022-06-23,Cancelled by the passenger
37986,2734,15443,2022-07-30,Success
19936,2007,14864,2022-05-02,Success
19493,2689,26309,2022-07-07,Success
15268,1913,20706,2023-02-02,Success
19582,123,35459,2022-11-24,Success
9704,516,17350,2022-11-14,Success
28104,63,37580,2023-01-15,Success
121,1119,5229,2023-03-11,Success
3838,1277,39841,2022-07-25,Success
42558,952,30095,2022-03-23,Success
27090,703,29213,2022-03-24,Rejected by the driver
47724,1265,18269,2022-04-26,Success
42637,603,32392,2022-12-06,Success
48672,2891,20285,2022-11-22,Success
21615,2019,31974,2022-03-17,Success
57228,2577,14609,2022-10-06,Success
11276,10,11674,2022-12-01,Cancelled by the passenger
36153,1968,13924,2022-05-11,Rejected by the driver
43144,1078,29609,2023-01-30,Success
5215,491,33836,2022-10-05,Cancelled by the passenger
56546,491,9863,2022-11-15,Success
25867,699,34882,2022-03-23,Success
8898,1434,3308,2022-06-28,Rejected by the driver
56393,123,29858,2022-08-07,Success
13232,869,16336,2022-07-26,Rejected by the driver
26810,1348,33132,2022-03-17,Rejected by the driver
22268,52,26553,2022-08-03,Rejected by the driver
34267,54,26299,2023-03-12,Success
27210,121,35165,2022-09-08,Success
27072,1138,6188,2022-05-09,Success
39375,1229,26983,2023-02-28,Success
19506,1025,20856,2022-11-04,Cancelled by the passenger
58307,1502,31557,2022-11-08,Success
5716,2825,4829,2022-11-21,Success
58454,2441,18475,2022-05-30,Success
37569,2022,9264,2022-12-04,Rejected by the driver
7312,794,24663,2022-09-24,Rejected by the driver
47820,1557,19946,2022-12-19,Cancelled by the passenger
15745,1070,13166,2023-04-08,Success
34911,553,27849,2022-04-10,Cancelled by the passenger
20225,745,17569,2022-05-17,Success
5926,2674,31959,2023-04-02,Success
35048,335,25014,2022-08-30,Rejected by the driver
32926,2362,24369,2023-03-20,Success
58973,1933,10395,2023-04-07,Cancelled by the passenger
123,2424,4792,2022-08-29,Success
32473,2168,18672,2022-08-13,Cancelled by the passenger
11618,1855,6066,2023-02-14,Success
59841,2436,37282,2022-03-20,Success
45866,2752,16579,2022-06-12,Success
1720,760,21416,2022-12-23,Success
17615,926,13471,2022-12-06,Success
15025,1386,36525,2022-10-12,Success
12888,1,28201,2022-07-11,Success
16518,2704,35116,2022-09-11,Cancelled by the passenger
50759,721,35729,2022-09-06,Success
2240,381,38785,2023-01-18,Success
43709,1189,13215,2022-07-17,Success
13887,497,28155,2022-12-09,Success
40880,84,36242,2023-02-10,Success
16994,525,29650,2023-01-09,Success
25827,67,14024,2022-11-12,Success
18931,277,39845,2022-12-29,Success
34800,2622,1894,2023-01-23,Cancelled by the passenger
59301,837,32399,2023-04-06,Success
13678,2182,11598,2022-03-21,Success
14203,2411,6551,2022-05-02,Cancelled by the passenger
35127,1166,20338,2022-04-07,Success
5109,2414,32631,2022-07-22,Success
5786,2751,24143,2022-08-12,Success
30762,1947,18851,2022-07-29,Success
25780,2183,22331,2023-02-27,Success
41797,1810,38397,2023-03-07,Cancelled by the passenger
50510,1745,34897,2022-11-17,Success
24125,1928,11416,2022-12-13,Success
44770,1787,9358,2022-11-29,Success
49555,875,29972,2022-12-03,Success
38389,2706,8563,2022-04-07,Success
3102,2177,17525,2022-10-09,Success
14237,2362,6128,2022-12-07,Rejected by the driver
19511,2355,10637,2022-12-11,Success
31130,2323,17754,2023-02-16,Success
45847,1759,39483,2023-03-24,Success
44257,2088,36067,2023-01-15,Success
11779,1169,4566,2022-09-29,Rejected by the driver
13798,404,6537,2022-11-08,Success
16072,29,5780,2022-09-03,Rejected by the driver
21571,256,7961,2023-02-23,Rejected by the driver
35487,1444,36941,2022-12-01,Success
29261,298,36070,2022-09-03,Success
49813,941,24768,2023-03-20,Rejected by the driver
36869,837,33896,2022-03-23,Success
53188,1362,9108,2022-11-04,Success
7526,1478,31778,2023-04-10,Rejected by the driver
3728,439,19786,2023-02-05,Rejected by the driver
10668,683,27116,2023-01-03,Success
3689,1124,23708,2022-12-21,Success
13073,335,23129,2022-05-16,Cancelled by the passenger
34078,787,21386,2022-05-07,Cancelled by the passenger
57779,1578,21985,2022-07-03,Success
12220,71,17300,2022-08-26,Success
2327,732,6940,2023-02-06,Rejected by the driver
35230,2422,23507,2023-04-05,Success
26089,1986,23841,2022-06-22,Success
50793,2498,8683,2022-12-12,Success
21983,2575,11075,2022-04-02,Cancelled by the passenger
51768,208,36788,2022-06-10,Rejected by the driver
25622,989,19037,2022-06-04,Success
29878,2022,18510,2022-08-14,Rejected by the driver
47492,721,18245,2023-03-30,Success
58618,2770,9930,2022-08-04,Success
44314,2151,15418,2022-12-16,Success
33751,1431,28436,2022-04-25,Success
12489,951,28969,2022-04-19,Rejected by the driver
11419,2950,3063,2022-09-30,Success
35107,1869,28410,2022-07-08,Rejected by the driver
55853,1932,32283,2022-07-08,Success
27805,565,25997,2022-03-20,Rejected by the driver
46913,1106,39292,2023-03-13,Rejected by the driver
53159,2363,26099,2022-11-11,Success
23170,2189,19016,2023-01-02,Success
25801,2445,35046,2022-05-27,Success
49280,1161,23697,2022-04-15,Cancelled by the passenger
12036,1938,2938,2022-12-22,Rejected by the driver
22458,2151,4588,2022-04-07,Success
55501,84,21805,2022-11-15,Success
43180,2117,24134,2023-03-08,Success
19274,1230,29910,2023-02-26,Cancelled by the passenger
34093,331,13023,2022-03-13,Rejected by the driver
32837,1916,20448,2023-03-10,Rejected by the driver
38631,2344,27071,2022-08-29,Success
55390,810,13648,2022-12-15,Rejected by the driver
40347,1498,35095,2022-03-16,Success
20235,990,37518,2022-09-15,Success
40289,323,17479,2023-01-17,Success
4657,1689,30774,2022-04-01,Success
32770,2537,18623,2022-08-07,Success
27686,2616,10374,2023-01-06,Cancelled by the passenger
5077,62,30499,2022-08-18,Success
32823,2870,6412,2022-07-12,Success
54883,1378,25600,2022-11-25,Success
32219,380,26826,2022-06-11,Success
47370,2236,8843,2023-02-20,Success
33855,1586,16224,2022-09-15,Success
23193,1110,35205,2022-05-08,Success
28190,1558,6803,2023-03-27,Cancelled by the passenger
13744,942,9315,2022-11-21,Success
8178,2940,1937,2022-07-17,Success
5542,2205,7244,2023-01-02,Success
30090,2225,36553,2022-05-15,Success
20644,1559,25425,2023-03-07,Rejected by the driver
27595,2447,12229,2022-10-03,Rejected by the driver
42210,2563,36256,2022-10-24,Success
18012,2892,23990,2023-03-24,Success
31152,2683,15503,2022-10-11,Success
38645,2660,7839,2023-03-18,Cancelled by the passenger
4936,1547,3150,2023-01-31,Success
29639,2502,32702,2022-04-27,Success
42399,2195,34918,2022-05-26,Success
50056,2658,26967,2022-12-01,Success
53948,1358,16755,2023-02-25,Success
23417,1943,32818,2022-08-13,Success
1462,2871,14554,2022-10-14,Success
8859,217,7503,2022-12-17,Success
35171,1100,32114,2022-07-24,Success
38753,225,5799,2022-04-18,Success
55490,1636,29548,2023-03-27,Rejected by the driver
19844,1570,11064,2022-07-12,Success
39470,1266,9876,2022-05-26,Cancelled by the passenger
13687,1445,13242,2023-03-02,Success
11470,1555,23441,2022-10-01,Success
35243,2584,15314,2022-04-22,Success
12376,1569,33711,2022-06-18,Success
57164,808,21121,2022-09-30,Success
43481,2466,462,2022-03-14,Cancelled by the passenger
34545,1586,15195,2022-10-11,Success
27614,715,15612,2022-08-17,Success
15777,1857,20105,2022-11-11,Success
53368,424,10342,2022-09-29,Success
45675,2058,24961,2023-03-31,Success
14500,2126,14662,2023-03-28,Success
44522,2262,32442,2023-02-28,Success
2346,1137,10360,2022-12-25,Rejected by the driver
7683,2512,37208,2023-01-15,Success
16978,2404,15142,2023-02-06,Success
59578,1847,23324,2022-11-02,Success
16269,2618,19111,2023-04-03,Success
3122,2777,3747,2023-01-21,Rejected by the driver
30151,1079,13191,2022-08-21,Rejected by the driver
2696,2430,16764,2022-12-26,Success
60,1243,6463,2023-03-27,Rejected by the driver
41950,967,17033,2023-03-27,Cancelled by the passenger
28921,2893,35079,2022-05-16,Rejected by the driver
32429,2027,23587,2022-08-14,Success
21948,1190,34220,2023-01-08,Success
44067,2200,18632,2022-03-13,Success
26106,1441,6082,2022-08-20,Success
49078,1598,5002,2022-10-06,Success
26965,1887,15357,2022-11-30,Success
56820,2258,955,2022-09-22,Rejected by the driver
48473,2472,15630,2022-03-21,Cancelled by the passenger
12194,1224,36047,2022-03-19,Cancelled by the passenger
11383,1617,317,2022-08-11,Success
21908,1451,32443,2022-09-24,Rejected by the driver
51071,2840,24139,2022-04-17,Success
16923,285,11682,2023-01-13,Success
17816,2810,20200,2022-04-26,Cancelled by the passenger
10024,346,21938,2022-06-10,Success
35973,2642,16304,2022-06-28,Success
13526,2727,5959,2023-03-22,Rejected by the driver
13656,1652,21996,2022-06-16,Cancelled by the passenger
22551,2300,33261,2022-05-15,Success
1702,1485,2600,2023-02-26,Success
44783,182,7640,2022-12-29,Cancelled by the passenger
59112,1034,23385,2022-10-26,Cancelled by the passenger
57060,1228,212,2022-11-23,Success
6745,1893,7880,2023-01-19,Success
44256,773,12765,2022-08-17,Cancelled by the passenger
17949,1191,34362,2022-09-20,Success
56451,1284,37185,2022-06-05,Rejected by the driver
35634,2292,19327,2022-09-29,Success
6453,2563,5,2022-05-08,Success
16839,1498,37748,2022-06-12,Success
9598,2413,22190,2023-01-06,Success
42675,2774,20175,2022-04-25,Success
48894,2281,24374,2022-05-20,Success
4918,732,13246,2023-03-14,Success
39435,1967,24202,2023-02-05,Success
18316,2945,14560,2022-05-25,Cancelled by the passenger
13436,606,6319,2022-11-04,Success
42943,1597,25846,2022-03-19,Success
5809,1393,6711,2023-02-11,Success
22710,750,33581,2022-12-11,Success
29488,1339,32270,2023-02-03,Success
31358,437,15386,2022-12-18,Success
2229,2764,10577,2022-05-24,Cancelled by the passenger
7896,404,27085,2022-11-13,Success
36818,2033,25526,2022-09-23,Success
42746,2027,1230,2022-07-10,Success
55850,169,39035,2023-02-28,Success
10143,910,1269,2022-12-09,Success
26696,888,12155,2022-05-03,Success
26128,1424,4020,2022-07-04,Success
30337,2590,34637,2023-01-08,Success
15742,266,11685,2022-09-12,Success
26972,219,32817,2022-04-12,Rejected by the driver
59970,1359,24860,2022-10-24,Success
58281,1555,14812,2022-12-27,Success
11610,2220,26457,2022-06-26,Success
56279,2152,33853,2023-03-30,Success
15808,2262,34039,2023-02-16,Success
39815,177,2543,2023-01-22,Success
1288,1883,11108,2023-03-02,Success
28408,1990,11687,2022-07-10,Success
43723,1065,10646,2022-08-21,Cancelled by the passenger
19023,488,4885,2023-01-23,Cancelled by the passenger
49615,1790,32187,2022-11-15,Success
14252,369,29908,2022-04-25,Rejected by the driver
1172,1848,10691,2022-09-15,Success
26378,196,1225,2022-09-24,Success
41596,1225,16071,2022-03-17,Success
13332,1443,35659,2022-03-18,Success
38206,1468,17351,2023-04-01,Rejected by the driver
2494,823,16617,2022-12-19,Success
46210,2591,39324,2023-03-21,Success
23010,1830,11775,2022-05-30,Success
13488,2642,38746,2023-02-24,Success
6507,2282,914,2023-01-02,Success
22554,762,18780,2022-07-06,Success
51958,1352,26453,2023-03-23,Success
58367,2721,25483,2023-04-04,Success
4898,2521,25341,2022-06-09,Success
58312,1697,37994,2023-02-18,Success
9607,490,34065,2023-04-15,Success
5506,135,28453,2022-12-30,Success
28073,529,2345,2023-04-09,Success
58094,2063,16950,2022-03-30,Success
41835,743,23965,2022-10-21,Success
14230,1085,12614,2022-11-30,Rejected by the driver
30579,961,39939,2022-09-24,Success
14618,2993,18805,2023-01-20,Success
56043,1262,32008,2022-06-25,Success
44545,862,11365,2022-10-19,Success
13179,2604,38296,2022-12-31,Success
27227,659,39594,2022-05-28,Cancelled by the passenger
887,2208,30350,2022-04-03,Success
8675,1650,11678,2023-01-06,Rejected by the driver
39390,2429,24291,2023-03-13,Success
56109,575,38978,2023-02-04,Success
23437,2944,27482,2022-12-16,Rejected by the driver
7179,960,22303,2022-05-21,Success
4214,788,14862,2022-07-13,Success
18356,1609,33918,2022-04-17,Success
50855,378,17381,2023-04-12,Success
6160,1180,31700,2023-03-25,Success
46635,2755,35031,2022-11-17,Success
17350,1127,9980,2022-03-29,Rejected by the driver
36791,392,33386,2022-08-19,Success
27570,1377,30655,2022-08-29,Success
18493,1601,32105,2022-04-19,Success
13155,234,28023,2022-08-24,Cancelled by the passenger
27769,1600,5147,2022-10-01,Success
38750,540,17280,2022-04-09,Success
52962,963,16554,2022-10-16,Success
14362,461,9601,2022-07-25,Success
47683,1903,1749,2022-08-29,Rejected by the driver
15336,601,20422,2022-07-08,Success
32552,48,33308,2022-09-13,Success
15677,2892,25558,2022-06-06,Rejected by the driver
30421,1864,20260,2022-09-27,Success
37150,2343,925,2023-01-17,Rejected by the driver
59797,2951,11241,2022-08-27,Success
26985,1634,8829,2022-05-26,Success
38717,2870,28511,2023-04-10,Success
52217,2293,20103,2022-12-01,Rejected by the driver
53172,724,8317,2022-07-13,Success
36969,1688,28088,2022-03-12,Success
39901,523,3866,2022-07-11,Success
37909,1678,34579,2022-12-11,Cancelled by the passenger
57760,1542,17141,2022-04-02,Success
39045,2726,13755,2023-03-15,Cancelled by the passenger
43606,2456,34388,2022-11-30,Success
5287,226,21427,2022-05-28,Success
23438,375,3835,2023-02-27,Rejected by the driver
43808,950,25637,2022-05-12,Success
32451,1192,9075,2022-05-19,Cancelled by the passenger
1993,2055,23205,2022-08-08,Success
10998,670,7057,2022-10-31,Success
7514,1555,21989,2022-12-15,Cancelled by the passenger
17425,2409,24424,2023-02-20,Cancelled by the passenger
31323,2402,17191,2022-11-10,Rejected by the driver
37754,2566,14275,2022-03-29,Success
140,2915,37096,2023-01-15,Success
37186,2372,20301,2023-02-08,Success
6103,2121,17231,2022-04-09,Success
29388,493,13073,2023-04-06,Success
6510,1848,22413,2022-11-04,Success
23014,1501,6297,2023-04-06,Success
56832,905,10197,2022-07-18,Success
52100,578,35165,2022-09-07,Success
18202,547,21184,2023-04-03,Success
50228,358,15466,2022-05-19,Success
51982,1167,14679,2022-09-09,Rejected by the driver
49298,1578,19971,2022-11-16,Cancelled by the passenger
57311,872,7420,2022-08-21,Success
30424,2102,1825,2022-05-18,Success
51626,2833,25768,2023-03-06,Rejected by the driver
19140,2927,35415,2023-04-08,Rejected by the driver
518,1837,10442,2022-07-29,Rejected by the driver
26194,256,8090,2022-10-30,Rejected by the driver
8349,1135,31016,2022-08-19,Success
39411,2518,23307,2022-09-08,Success
52211,498,10971,2023-02-28,Success
10249,902,3486,2022-04-01,Rejected by the driver
48974,944,6503,2022-09-06,Rejected by the driver
14112,2670,36911,2022-07-30,Success
49285,1160,28418,2022-06-25,Success
40478,703,32060,2023-03-04,Success
44624,784,29326,2022-11-06,Success
25447,2374,34770,2023-04-11,Success
30375,999,35631,2022-10-13,Cancelled by the passenger
57087,1047,8162,2022-06-28,Rejected by the driver
39861,488,33798,2023-03-07,Success
19544,1055,22858,2023-01-08,Rejected by the driver
7765,1795,27354,2022-04-09,Success
37576,1079,15824,2022-04-05,Success
4459,2067,5033,2022-11-19,Success
32845,2284,36887,2022-09-10,Success
38957,1335,29392,2022-11-24,Success
8466,1210,34957,2023-03-08,Rejected by the driver
58997,1113,38687,2022-12-05,Success
34935,2691,2388,2022-11-29,Success
7865,502,35790,2022-11-23,Success
34184,1975,26173,2022-10-05,Success
22842,2033,20762,2022-04-01,Success
42750,981,26587,2022-05-09,Success
51236,2739,15900,2022-03-28,Success
15359,1051,8427,2022-12-09,Success
20387,95,21348,2022-05-12,Success
1920,2713,26003,2022-07-02,Success
51409,1848,17956,2022-10-03,Rejected by the driver
51471,1492,13155,2022-07-18,Success
55321,1729,17228,2023-04-13,Success
31611,2162,25908,2022-08-02,Rejected by the driver
16955,1969,39298,2022-08-13,Cancelled by the passenger
56686,2136,9288,2023-03-05,Cancelled by the passenger
26362,2240,27796,2023-03-26,Success
1680,977,16875,2022-04-05,Success
7104,2,18368,2022-11-13,Rejected by the driver
50955,1092,34283,2022-11-05,Success
49618,924,15839,2023-04-07,Success
2471,1872,35464,2023-01-25,Success
42596,1489,28172,2022-08-12,Cancelled by the passenger
25371,60,25651,2022-04-17,Success
56871,1281,16564,2022-07-07,Success
9893,1914,2329,2022-03-29,Success
36916,2508,1961,2022-05-01,Success
20892,589,18481,2023-01-02,Success
32680,1767,2250,2022-12-11,Success
46530,2368,31799,2022-10-14,Success
8649,1976,31901,2022-10-06,Success
11202,1853,8425,2022-07-01,Success
17193,1424,33435,2023-03-19,Success
35655,408,23913,2022-07-27,Rejected by the driver
47977,122,32268,2023-01-02,Cancelled by the passenger
6764,2300,26159,2022-12-09,Success
52073,1926,28401,2022-09-03,Success
9606,682,16779,2022-07-08,Success
47113,2760,34345,2022-11-24,Success
38198,358,3373,2022-04-19,Success
53619,855,16674,2022-08-28,Success
31562,2592,9195,2022-05-26,Success
37656,170,39407,2022-09-05,Rejected by the driver
26254,1519,14841,2023-03-27,Success
45656,2847,35720,2022-11-21,Success
30896,309,27230,2023-02-23,Success
48663,870,3927,2023-01-07,Success
34598,1346,39855,2023-01-18,Success
48746,762,36652,2022-05-20,Success
57880,182,12657,2022-12-26,Success
24894,712,33595,2022-03-29,Success
7023,2250,25092,2022-06-26,Rejected by the driver
20906,520,20276,2022-08-25,Cancelled by the passenger
4001,1576,39641,2022-10-09,Success
4819,637,36846,2023-03-03,Success
26849,197,26842,2022-09-18,Success
35289,584,21545,2022-03-19,Success
12246,470,16412,2022-08-14,Success
2175,2830,5111,2022-11-27,Success
9433,2437,4179,2023-03-13,Rejected by the driver
34876,1062,21957,2022-04-27,Success
11280,1609,22783,2022-12-30,Success
27411,1127,15490,2022-10-21,Success
29496,47,14562,2022-03-22,Success
23801,2663,38874,2022-03-28,Success
16542,2893,31574,2022-05-23,Success
43690,2420,14013,2022-12-20,Cancelled by the passenger
5798,691,12557,2022-07-19,Rejected by the driver
52396,1244,1878,2022-11-30,Success
49514,1923,37180,2022-12-10,Success
16356,1839,31157,2022-06-09,Rejected by the driver
30941,238,18788,2022-04-13,Success
25840,380,27952,2022-07-13,Success
22721,820,30602,2022-09-15,Rejected by the driver
10260,1117,16432,2023-04-04,Rejected by the driver
21898,1357,6386,2022-08-23,Success
41871,1965,3978,2023-03-22,Success
52997,241,16974,2022-12-21,Rejected by the driver
29400,636,3214,2022-04-05,Success
54051,1757,20108,2022-12-06,Success
46749,796,36891,2023-01-21,Success
39370,860,1691,2022-10-07,Success
22377,1313,445,2022-05-18,Success
37078,769,10106,2023-03-04,Rejected by the driver
55683,924,26405,2022-09-13,Cancelled by the passenger
22235,1341,4830,2022-09-02,Success
40453,2488,7127,2023-03-13,Success
14361,2262,19183,2022-09-30,Success
17451,2063,18657,2022-09-28,Success
49479,569,31390,2023-01-14,Success
34717,1345,36207,2022-11-26,Success
15870,957,36276,2023-03-31,Success
47629,707,35675,2022-05-02,Success
8419,597,15280,2022-03-23,Success
5981,1691,17561,2023-03-21,Success
30506,999,34171,2022-06-25,Success
20453,1420,241,2022-03-25,Success
47029,2481,11187,2022-05-12,Rejected by the driver
58146,1716,24964,2022-04-13,Success
38695,556,23588,2022-03-16,Success
5319,2004,5886,2022-03-13,Success
40522,485,24497,2022-07-21,Success
7784,1610,9571,2023-02-03,Rejected by the driver
49405,81,22514,2022-07-06,Success
9108,2280,1040,2022-08-13,Success
23986,2004,38771,2022-08-20,Success
4045,94,11626,2023-01-13,Success
21488,2474,34385,2022-07-16,Rejected by the driver
14987,2324,6185,2022-12-30,Rejected by the driver
53015,111,22679,2023-04-11,Success
42470,1554,26795,2023-02-02,Success
21236,1767,25205,2022-09-15,Cancelled by the passenger
11225,2597,9743,2022-10-04,Success
34319,2330,37580,2022-12-11,Success
53866,2332,34927,2023-01-31,Cancelled by the passenger
9898,2573,30167,2022-08-13,Success
20360,2855,39582,2022-05-28,Cancelled by the passenger
42794,350,21042,2022-03-27,Success
44236,475,29972,2022-08-21,Success
40525,1340,37846,2022-05-28,Success
2590,2517,7333,2023-03-10,Success
11892,193,30200,2022-04-22,Success
48880,829,28660,2022-05-30,Cancelled by the passenger
29245,1270,13576,2023-03-14,Rejected by the driver
33956,859,1306,2023-01-03,Success
3053,2235,8854,2022-06-03,Success
59850,981,24712,2022-04-02,Cancelled by the passenger
35928,1700,24172,2022-09-11,Success
3207,2238,15572,2023-01-29,Cancelled by the passenger
9721,774,18189,2022-07-31,Success
32388,336,15196,2022-05-01,Success
27628,2047,13091,2022-07-29,Success
51674,1417,31639,2022-07-25,Cancelled by the passenger
38692,2646,26712,2022-04-11,Success
58383,2148,32987,2023-01-03,Success
42882,1729,9387,2023-04-11,Success
9270,2137,31732,2022-12-12,Success
43213,262,25680,2022-10-28,Success
4638,1241,4297,2022-03-12,Success
26324,2155,28821,2023-03-18,Success
14128,2599,29530,2023-03-09,Success
49217,291,24197,2023-01-25,Success
15916,1904,4448,2022-05-19,Cancelled by the passenger
40116,612,34895,2023-02-02,Success
5930,1382,22795,2022-03-21,Success
17482,914,13046,2023-02-12,Success
2704,631,38688,2022-10-11,Rejected by the driver
10909,1430,32818,2023-02-18,Success
4479,2085,36839,2023-03-17,Success
57615,322,22146,2022-03-26,Rejected by the driver
47810,1810,3325,2022-10-16,Success
14646,544,16118,2022-03-20,Success
23455,458,37329,2022-11-28,Success
6368,1848,5458,2022-10-10,Success
15312,2601,28832,2022-08-08,Success
14484,1566,4572,2022-09-29,Success
43888,2778,8565,2023-04-14,Success
49696,2353,993,2022-12-03,Success
10897,2742,31217,2022-09-11,Success
17971,2500,29592,2023-01-27,Cancelled by the passenger
2962,61,22051,2022-06-25,Success
57520,2964,18475,2022-04-22,Rejected by the driver
10329,18,9081,2022-05-22,Success
14321,2119,29729,2022-03-26,Rejected by the driver
25409,750,28904,2023-04-02,Success
59644,2908,10040,2022-09-18,Rejected by the driver
36015,1013,27892,2022-12-05,Success
27939,2053,30680,2022-06-06,Success
4946,658,36379,2022-05-04,Cancelled by the passenger
29527,2625,36483,2022-07-22,Cancelled by the passenger
33185,2207,16139,2022-08-31,Success
42994,2655,27706,2022-12-01,Success
30482,1002,25342,2022-04-24,Rejected by the driver
9954,2138,2929,2022-05-10,Success
14466,1927,24769,2022-07-02,Success
40250,2628,38889,2023-03-19,Success
36156,2715,294,2023-03-07,Success
22217,2563,28838,2022-10-21,Success
54168,422,30878,2022-10-23,Success
39465,2724,38874,2022-10-24,Success
22984,18,34247,2022-12-27,Cancelled by the passenger
55546,2122,17242,2022-07-05,Success
32293,1179,2001,2022-11-17,Success
36083,2101,13964,2022-11-14,Rejected by the driver
24879,904,34832,2022-09-15,Success
15579,2491,32141,2023-02-05,Cancelled by the passenger
47255,817,22921,2022-05-06,Success
8042,1357,974,2022-07-11,Success
7794,1625,36267,2022-09-30,Success
58346,1845,1379,2023-03-13,Success
51606,1584,25220,2022-09-04,Success
41348,921,403,2022-07-02,Success
17235,2161,35953,2022-07-07,Success
24433,2072,30433,2023-01-20,Success
49800,908,180,2023-01-25,Success
43109,2357,25295,2023-04-14,Success
44063,1861,29475,2022-04-20,Rejected by the driver
11622,361,33348,2022-11-30,Success
7567,1493,6376,2022-10-16,Success
25482,708,22473,2022-03-21,Success
16194,2539,16250,2022-07-27,Success
30739,2950,3412,2022-09-23,Success
12633,2605,33093,2022-09-07,Success
41327,1735,17414,2022-09-05,Success
15060,1852,4942,2022-08-21,Success
23441,2643,22591,2022-12-05,Success
6567,1616,12414,2022-10-31,Cancelled by the passenger
38698,1442,6010,2022-11-16,Success
37036,1715,12574,2022-08-13,Cancelled by the passenger
24765,1285,31959,2022-11-02,Success
18726,1788,38462,2022-10-15,Success
6847,317,28439,2022-06-09,Success
12492,1277,10386,2022-11-07,Success
25106,800,36136,2022-09-15,Rejected by the driver
49499,291,16243,2022-08-27,Success
47221,907,3181,2023-04-12,Success
53354,2318,39895,2022-09-08,Success
54670,2053,14055,2022-04-17,Cancelled by the passenger
58812,459,954,2022-04-14,Success
39502,1308,1440,2023-04-08,Success
31700,343,16816,2022-05-29,Rejected by the driver
17022,481,13811,2022-05-09,Success
11373,2009,25010,2022-08-26,Success
22901,72,19935,2022-04-04,Success
47896,2897,32533,2022-04-22,Cancelled by the passenger
33696,1871,2307,2023-01-09,Rejected by the driver
49348,78,20543,2022-08-02,Success
52210,598,39912,2023-02-05,Success
47322,636,32580,2022-04-05,Success
19777,2013,23132,2023-02-12,Rejected by the driver
42271,2119,26921,2022-07-13,Success
23207,527,13828,2022-09-26,Rejected by the driver
31171,2519,8461,2023-01-08,Rejected by the driver
1348,2487,8568,2022-04-19,Success
50904,1823,13484,2022-06-23,Success
32353,869,25453,2022-04-11,Success
37223,2887,31704,2022-11-09,Success
30731,2728,37785,2022-09-24,Rejected by the driver
7140,436,20369,2022-08-28,Success
12252,2687,16346,2022-09-12,Cancelled by the passenger
26404,470,20901,2022-06-13,Success
25049,927,4625,2022-08-29,Success
47469,585,6483,2022-08-26,Success
47979,671,27775,2022-03-18,Success
43258,2203,33869,2023-03-11,Success
30093,1794,12593,2023-01-04,Rejected by the driver
1317,2774,36017,2022-04-12,Success
2850,173,8313,2022-10-03,Cancelled by the passenger
36681,453,11891,2022-10-19,Cancelled by the passenger
37221,1208,5426,2023-04-13,Success
24993,899,14065,2022-07-22,Success
59608,328,26084,2023-04-15,Cancelled by the passenger
27716,1804,23694,2022-04-09,Cancelled by the passenger
32183,643,11333,2022-05-17,Success
54458,1878,18982,2023-02-25,Rejected by the driver
22928,1480,34652,2022-11-08,Success
6725,113,21994,2023-01-05,Success
7264,218,14720,2022-05-06,Cancelled by the passenger
36628,91,10501,2022-06-24,Success
6944,2026,26251,2022-12-19,Success
29464,2260,3068,2022-10-10,Success
39098,2862,3462,2023-02-05,Success
10192,2001,6295,2022-08-15,Rejected by the driver
39148,138,18883,2022-12-12,Success
30989,260,18856,2022-03-16,Success
48959,714,39158,2022-08-12,Rejected by the driver
2387,1702,24550,2022-09-30,Cancelled by the passenger
55466,1937,8174,2022-10-30,Success
530,414,701,2022-04-16,Success
15973,2110,5959,2022-09-21,Success
53019,2853,23105,2022-04-20,Success
13022,1654,829,2023-02-20,Success
9128,1966,23672,2022-12-10,Success
39671,2238,23830,2022-06-08,Success
35148,1056,31705,2022-12-01,Cancelled by the passenger
57007,724,39767,2023-02-16,Rejected by the driver
20325,170,4585,2022-08-17,Success
18860,1028,8395,2023-01-26,Success
11142,404,19498,2022-11-09,Rejected by the driver
2380,2281,23303,2022-12-06,Success
34346,2498,39354,2022-11-12,Cancelled by the passenger
15116,2895,8221,2022-05-11,Rejected by the driver
44377,287,11582,2022-03-24,Success
34017,2418,31363,2022-04-30,Success
46451,1254,3750,2023-02-22,Success
54897,136,20261,2023-02-23,Success
50847,1602,26098,2022-05-09,Success
20731,2127,29222,2022-12-09,Success
41109,1430,38691,2023-01-11,Success
15941,2636,34964,2022-03-18,Cancelled by the passenger
27814,1662,30733,2022-08-30,Success
11394,102,37262,2022-10-21,Success
3731,1676,31536,2022-06-06,Success
2906,2488,32899,2023-03-02,Rejected by the driver
34478,2217,23984,2023-04-03,Success
33422,1787,33019,2022-07-30,Success
1564,2227,35819,2023-03-19,Success
35496,2993,31185,2023-01-30,Success
21836,1773,6547,2023-03-07,Success
22435,2090,30792,2023-03-07,Success
17779,2641,3054,2022-07-05,Cancelled by the passenger
42830,2470,33694,2022-09-12,Success
24030,1611,9617,2022-09-15,Success
45166,941,36922,2022-05-02,Rejected by the driver
17112,821,29066,2022-11-12,Success
10801,550,13674,2022-05-19,Rejected by the driver
17787,1951,23792,2022-05-26,Success
7706,677,27845,2023-01-30,Success
40714,98,35021,2023-04-12,Success
23145,1942,21821,2023-04-07,Success
22660,862,11439,2022-09-12,Success
29651,1617,35732,2022-12-10,Success
50063,1906,18999,2022-06-07,Cancelled by the passenger
44232,1442,31693,2022-06-02,Rejected by the driver
11350,1380,38668,2022-10-12,Success
32856,1304,12556,2022-06-02,Cancelled by the passenger
49699,788,19566,2022-11-10,Success
58761,2861,18015,2023-04-03,Success
30933,293,15616,2022-09-21,Success
30466,1250,13684,2022-03-25,Success
40086,2893,30450,2022-08-16,Success
22570,2667,22238,2022-09-13,Success
46757,2603,16910,2022-07-11,Cancelled by the passenger
49100,1456,11152,2023-01-18,Cancelled by the passenger
20991,312,11619,2023-03-21,Rejected by the driver
28807,772,34922,2022-06-13,Cancelled by the passenger
45201,2907,19923,2022-04-27,Cancelled by the passenger
37912,1349,25264,2022-08-01,Success
33880,216,20720,2023-03-24,Success
28527,379,1747,2022-06-10,Success
32510,958,20976,2023-03-22,Rejected by the driver
20553,2461,29576,2022-10-26,Success
59452,1215,12604,2022-08-29,Cancelled by the passenger
1262,820,21685,2022-10-08,Cancelled by the passenger
9354,2675,18956,2022-05-21,Success
18077,608,17531,2022-10-31,Cancelled by the passenger
39203,24,24484,2022-05-10,Rejected by the driver
36144,1906,6594,2022-06-21,Success
22491,3000,32968,2022-04-21,Success
35358,395,8202,2022-03-17,Success
47148,2042,35407,2022-12-04,Success
32221,1537,34596,2022-12-19,Success
3660,1427,20043,2022-05-01,Success
27011,2554,22482,2022-09-18,Rejected by the driver
27677,2045,21903,2023-02-21,Success
32415,556,9444,2022-05-27,Success
38286,359,33815,2022-07-31,Success
10550,1691,2274,2023-03-13,Success
29949,1777,39492,2022-04-08,Success
21234,831,19654,2022-08-01,Success
9592,2926,1053,2023-01-16,Success
19935,2255,25139,2023-02-19,Success
49851,515,26526,2022-06-12,Success
57637,2867,21729,2023-01-17,Rejected by the driver
14740,1045,4146,2022-03-16,Success
35503,91,25667,2022-09-04,Success
25620,977,29738,2023-02-23,Success
40063,2703,32250,2022-11-20,Rejected by the driver
58889,1911,34794,2022-10-23,Success
14782,449,24140,2022-11-07,Success
32300,512,11603,2023-03-14,Rejected by the driver
20272,591,14596,2023-03-04,Success
19353,603,26501,2022-12-18,Success
20883,2381,3131,2022-12-03,Success
28700,1594,5115,2022-07-26,Success
55026,180,4328,2022-11-19,Rejected by the driver
53750,614,38990,2022-07-17,Success
35683,1730,14816,2023-01-17,Success
7353,1410,15646,2022-12-31,Success
46393,316,19429,2022-10-20,Success
22816,2838,31206,2022-11-08,Success
5599,126,25085,2022-11-22,Rejected by the driver
56171,53,32027,2022-11-28,Success
10786,1900,22992,2022-09-14,Success
44660,2625,19852,2022-08-19,Success
22661,300,9418,2022-12-05,Success
34348,2548,36406,2022-08-04,Success
25115,982,24374,2022-09-10,Rejected by the driver
41238,2719,38694,2022-05-14,Success
33785,2147,36927,2022-05-20,Cancelled by the passenger
30016,123,1296,2022-07-27,Cancelled by the passenger
22633,873,2341,2022-03-15,Success
55099,2706,25554,2022-10-19,Success
7392,2964,10129,2023-03-10,Rejected by the driver
18773,943,12405,2023-02-16,Success
17092,404,16393,2022-11-23,Success
4790,2701,18009,2023-02-17,Success
56408,625,5086,2022-07-21,Success
32590,409,38072,2022-08-27,Success
35778,2709,31403,2023-01-20,Success
40847,605,29197,2022-06-15,Rejected by the driver
52459,1781,19041,2022-05-30,Rejected by the driver
11408,2175,32970,2023-01-26,Success
14117,231,27076,2022-08-10,Success
41948,2764,4998,2022-11-27,Success
6168,1190,16010,2023-03-12,Cancelled by the passenger
10463,176,12892,2022-07-07,Cancelled by the passenger
11283,123,24627,2022-09-05,Success
14578,2986,32457,2023-04-03,Success
127,1357,37490,2022-05-30,Rejected by the driver
35025,1235,196,2023-03-23,Success
19425,2987,6939,2022-10-13,Success
33427,1735,110,2023-04-05,Rejected by the driver
56568,1857,33109,2022-05-17,Success
57927,245,25571,2022-04-01,Success
28235,2492,38021,2022-03-14,Success
41117,1265,28295,2022-11-29,Cancelled by the passenger
47386,897,14698,2022-06-04,Cancelled by the passenger
19721,1384,4736,2022-06-29,Rejected by the driver
44989,2903,23551,2022-11-06,Success
3226,1334,37732,2022-07-28,Success
5562,219,33008,2022-03-24,Success
14198,331,6550,2022-06-03,Success
16670,1506,21672,2022-04-23,Rejected by the driver
48981,1840,20373,2022-11-10,Success
3328,1414,10124,2022-09-25,Success
1722,44,30840,2022-07-05,Cancelled by the passenger
13257,625,20954,2023-02-06,Success
20939,967,17778,2022-11-03,Success
17065,2256,17693,2022-05-03,Success
10672,220,15801,2023-04-02,Success
50130,1459,15806,2022-09-06,Success
5933,1476,7949,2022-12-03,Rejected by the driver
24339,941,12801,2023-01-05,Success
30586,419,5048,2022-11-05,Rejected by the driver
9718,892,13295,2022-09-24,Cancelled by the passenger
35492,2592,37514,2022-10-11,Rejected by the driver
6447,650,8093,2023-01-09,Success
36652,2210,19535,2022-09-03,Cancelled by the passenger
11389,2220,5371,2022-08-01,Cancelled by the passenger
34450,812,22694,2023-04-04,Success
44191,927,32483,2022-05-11,Success
11884,2022,27939,2022-10-12,Success
39964,556,34315,2022-06-05,Success
26468,4,10019,2022-08-06,Success
28006,1044,10962,2022-04-05,Success
45919,1813,19641,2023-04-04,Success
46139,1855,11852,2022-10-12,Rejected by the driver
23378,2820,28024,2022-08-19,Rejected by the driver
32215,1910,5457,2022-10-06,Success
780,351,1551,2022-05-05,Success
51578,42,20355,2022-04-26,Success
31936,939,8671,2023-04-13,Success
29489,1248,4174,2022-03-22,Success
25863,925,12007,2023-03-11,Success
50259,1912,39352,2022-12-25,Success
39674,2924,37415,2022-09-15,Rejected by the driver
47396,1841,26517,2022-07-14,Success
11906,842,17409,2022-05-22,Success
5423,2428,19554,2022-03-13,Rejected by the driver
29519,1396,16936,2023-02-21,Success
31950,238,272,2022-07-06,Rejected by the driver
17729,2677,32935,2023-03-10,Success
35403,1418,37535,2022-05-01,Success
36066,450,20933,2022-08-22,Success
37320,2802,8349,2022-10-27,Success
51631,1841,35210,2022-03-14,Cancelled by the passenger
7868,915,670,2022-04-05,Rejected by the driver
46325,695,28789,2023-03-04,Cancelled by the passenger
30473,1845,39619,2022-12-31,Success
14611,2511,26120,2022-04-17,Success
52105,1006,6001,2022-06-11,Rejected by the driver
26125,362,12807,2022-12-18,Success
33376,699,7660,2023-04-06,Success
11857,285,39424,2023-04-14,Success
33485,2336,23353,2022-10-23,Rejected by the driver
14015,896,2839,2022-04-09,Success
24941,1985,5701,2022-12-09,Success
40831,1356,12634,2022-08-10,Success
16119,2122,9342,2022-11-11,Success
20924,325,18599,2022-05-25,Success
25824,664,39230,2022-04-27,Success
14550,19,26037,2022-09-10,Success
1336,179,27710,2023-01-20,Success
46842,2547,33356,2023-03-30,Success
12739,951,20085,2022-12-25,Success
8493,2891,34614,2022-06-21,Success
26581,997,25652,2022-08-18,Success
51220,2670,27034,2022-09-05,Rejected by the driver
27773,1083,20259,2022-12-28,Success
52035,809,39994,2023-02-24,Success
40504,546,34673,2022-08-19,Success
59171,2656,11307,2022-11-21,Success
17740,1594,22209,2023-01-13,Success
37735,2318,32605,2023-02-22,Success
36803,1369,24358,2022-06-03,Success
17803,2339,6645,2022-10-12,Success
53256,181,27127,2022-09-26,Success
9293,998,3648,2022-11-24,Success
25666,1604,37933,2022-04-06,Rejected by the driver
53038,2831,36795,2023-01-15,Success
4732,2962,14659,2022-12-20,Success
19847,505,20303,2022-08-08,Rejected by the driver
34563,2537,21724,2022-07-13,Success
57175,1759,28757,2023-01-19,Success
31135,1583,6601,2023-01-31,Success
23782,1237,25728,2022-10-12,Success
43703,1527,27061,2023-04-01,Rejected by the driver
16191,2094,21469,2022-10-25,Cancelled by the passenger
46885,2656,14738,2022-05-09,Success
12465,996,29944,2023-03-13,Success
55877,946,25887,2022-03-30,Success
26632,2724,29382,2022-10-12,Cancelled by the passenger
50394,2648,767,2022-03-22,Success
15068,1623,1976,2022-09-20,Rejected by the driver
9302,874,14034,2022-04-01,Success
51691,1593,1200,2022-03-21,Success
58184,13,37979,2022-08-11,Success
56708,2584,5963,2023-03-23,Rejected by the driver
12589,2575,32404,2022-11-24,Rejected by the driver
14962,1842,7581,2022-04-12,Success
34272,2806,16806,2022-04-11,Cancelled by the passenger
1725,2913,14978,2023-02-18,Cancelled by the passenger
39457,2797,30594,2023-03-31,Success
5439,1702,16931,2023-02-20,Success
48793,750,637,2022-03-14,Success
4817,1863,34969,2023-01-28,Success
18051,2839,23066,2023-01-16,Success
2441,1219,38613,2022-09-14,Success
51644,857,26857,2022-03-19,Success
24524,2580,29406,2023-03-27,Success
15643,1059,39943,2022-10-13,Success
28791,2213,16443,2022-03-19,Success
6206,1877,24348,2022-09-23,Rejected by the driver
7452,113,17627,2022-06-08,Rejected by the driver
57599,1489,8525,2022-09-20,Success
979,1814,26530,2022-05-24,Success
38121,2583,22207,2022-05-13,Rejected by the driver
34323,2548,29218,2022-11-22,Cancelled by the passenger
30307,1719,35546,2022-06-25,Success
59006,2599,21288,2023-02-07,Success
56249,589,13854,2023-03-14,Success
49814,221,39326,2023-02-27,Cancelled by the passenger
1233,1854,17068,2023-01-25,Success
9416,1184,27567,2022-07-29,Success
17304,1486,22528,2022-06-30,Success
20942,304,9432,2023-03-18,Success
28518,2339,10427,2023-03-17,Success
34553,1250,7268,2022-08-03,Rejected by the driver
31063,2907,24967,2022-11-07,Success
32389,1311,38541,2022-11-08,Success
54091,479,12819,2022-09-15,Success
43138,1400,30149,2023-02-02,Success
65,2188,5857,2023-01-26,Success
51315,1907,28568,2022-05-03,Success
13517,2584,28519,2022-07-08,Success
52410,1622,16594,2022-08-23,Success
20726,1546,7251,2023-01-22,Success
51653,1599,816,2022-12-27,Rejected by the driver
27843,1680,18627,2022-11-29,Success
17394,77,37294,2023-03-28,Success
20385,285,3022,2022-12-23,Cancelled by the passenger
28650,1837,27969,2022-11-08,Success
3722,182,6781,2022-04-19,Success
44899,1995,4713,2022-11-14,Success
40301,2597,19087,2022-08-01,Cancelled by the passenger
17115,2772,18422,2022-07-19,Success
12065,716,30240,2022-09-02,Success
58843,2154,36935,2022-06-05,Success
38346,1751,33666,2022-12-03,Rejected by the driver
45178,139,33867,2022-06-04,Success
11080,1260,38999,2023-03-09,Success
47233,1443,10028,2022-08-12,Success
47612,779,7731,2023-04-12,Rejected by the driver
2069,964,17747,2022-09-17,Success
5080,878,12769,2022-08-10,Success
29978,470,188,2022-12-25,Success
25924,1618,20687,2022-12-19,Success
54807,623,15930,2022-03-26,Cancelled by the passenger
35757,1906,10078,2022-10-13,Success
30857,140,31191,2023-03-16,Success
1939,2891,15462,2022-11-21,Success
16388,548,26636,2022-05-06,Success
58697,2330,14440,2022-07-06,Success
27761,2788,17679,2022-05-06,Success
58681,2789,27523,2023-02-06,Rejected by the driver
40096,2143,11999,2022-12-04,Success
1032,1813,7547,2022-08-03,Success
35215,720,9378,2022-08-10,Cancelled by the passenger
47480,1319,18386,2022-08-09,Success
31512,2245,19467,2022-07-28,Success
53402,2445,38372,2022-11-16,Success
23867,855,32193,2022-07-25,Rejected by the driver
56521,2565,2905,2022-06-20,Success
48708,501,36902,2023-01-06,Success
27298,1137,32120,2022-05-04,Cancelled by the passenger
4033,1223,38887,2022-06-24,Success
5059,803,10329,2023-01-02,Success
4403,461,18920,2022-11-15,Success
16061,2887,17048,2022-07-12,Cancelled by the passenger
9611,920,5769,2023-01-02,Success
21102,1247,21974,2022-12-02,Success
31788,839,18287,2022-08-09,Success
27859,188,23455,2022-11-08,Rejected by the driver
5392,1278,17696,2022-12-20,Success
30780,2515,16063,2022-11-29,Cancelled by the passenger
28335,1777,11071,2023-04-14,Rejected by the driver
58571,1315,16656,2022-12-12,Success
32963,777,6519,2023-01-20,Rejected by the driver
23152,472,26465,2022-12-06,Success
45308,907,12151,2023-01-18,Rejected by the driver
27766,543,3003,2022-10-22,Success
40300,2299,21230,2022-08-28,Success
44162,439,12186,2022-11-17,Success
18899,1624,10773,2023-03-29,Success
3554,1768,26343,2022-11-19,Success
24186,1989,8920,2023-02-26,Success
15048,1369,34013,2022-12-21,Success
25822,1826,29983,2022-10-27,Cancelled by the passenger
32444,420,35692,2022-09-16,Cancelled by the passenger
8585,2132,695,2022-03-20,Success
16807,152,6145,2023-01-08,Success
50824,489,5257,2023-01-31,Rejected by the driver
50248,2738,26794,2023-04-12,Success
2310,781,31945,2022-12-28,Success
672,2806,30363,2022-06-18,Success
23744,936,182,2023-03-22,Cancelled by the passenger
8444,1360,20743,2022-11-30,Success
58341,1649,39626,2022-04-17,Cancelled by the passenger
44506,2069,18120,2022-05-08,Success
26191,706,8885,2022-11-22,Rejected by the driver
36789,1300,16257,2022-04-16,Success
48498,1700,24608,2022-07-06,Success
38281,252,22255,2022-12-27,Success
52482,2611,2877,2023-01-29,Rejected by the driver
29184,1344,30805,2022-10-16,Success
55589,487,24330,2022-04-12,Success
55716,1817,20047,2022-09-30,Success
43604,1109,38870,2022-07-18,Success
44132,1454,79,2022-11-22,Success
47927,2480,14119,2023-02-05,Rejected by the driver
27623,2001,39089,2023-02-03,Success
48033,846,35049,2022-10-13,Success
25907,2777,2693,2022-06-29,Success
59334,490,33951,2022-04-29,Success
34812,2140,18189,2023-04-06,Success
4449,677,15752,2022-08-06,Success
27405,715,21346,2022-10-02,Success
4268,2922,21563,2023-01-31,Cancelled by the passenger
38322,2135,33437,2022-04-24,Success
25457,2346,1651,2022-08-14,Success
54114,1630,26474,2022-04-02,Success
30644,2865,8400,2023-03-20,Cancelled by the passenger
13786,2723,34592,2022-05-24,Success
14289,2312,30890,2022-10-20,Cancelled by the passenger
51487,524,38621,2022-10-23,Success
44262,842,22514,2022-09-19,Success
45550,395,37375,2022-12-12,Cancelled by the passenger
47817,586,11176,2022-05-03,Success
27725,642,38152,2022-07-19,Success
53093,1693,26443,2023-03-10,Success
33048,126,10737,2022-03-28,Cancelled by the passenger
17596,264,10871,2022-06-06,Success
34795,1281,31653,2022-08-09,Success
31124,1469,2451,2023-04-14,Rejected by the driver
59935,1202,3245,2022-09-21,Rejected by the driver
40243,970,876,2023-03-05,Cancelled by the passenger
5449,2429,24686,2022-08-05,Success
50180,655,28143,2022-07-20,Success
57103,205,30564,2022-10-20,Success
24146,928,21833,2023-01-27,Success
44485,161,10229,2022-05-28,Rejected by the driver
13138,2322,13714,2022-06-21,Success
2191,1832,7368,2023-01-01,Success
46590,154,2849,2022-09-18,Success
30003,2947,34165,2022-08-01,Success
48482,2058,14268,2022-03-19,Cancelled by the passenger
24087,2838,7714,2023-03-20,Cancelled by the passenger
19806,572,27949,2022-12-13,Success
54300,1646,13686,2022-09-04,Success
59461,11,34682,2022-04-30,Success
45669,1153,5225,2022-06-20,Rejected by the driver
2406,2841,31878,2022-03-12,Rejected by the driver
43037,216,7773,2022-06-27,Success
53715,2127,21547,2022-08-25,Success
52109,1239,35791,2022-05-15,Cancelled by the passenger
38894,1696,4109,2022-11-06,Success
55125,1054,34695,2023-04-06,Success
31670,2566,3863,2023-02-16,Success
54886,508,10773,2022-03-27,Success
8634,2531,4148,2022-03-20,Success
28503,869,35598,2022-10-30,Success
49390,1246,10301,2022-04-12,Rejected by the driver
4050,924,11610,2022-11-30,Rejected by the driver
48681,1293,23137,2023-02-22,Success
53805,2611,1495,2022-08-02,Success
59258,118,5359,2022-07-23,Success
59899,1654,19950,2023-03-09,Rejected by the driver
4933,1247,15521,2022-06-10,Success
13279,1654,5664,2022-07-29,Success
13221,2860,29492,2022-09-25,Success
56778,1444,1417,2022-06-23,Cancelled by the passenger
1479,798,20614,2023-04-08,Cancelled by the passenger
51945,1707,2988,2022-09-23,Success
26151,1308,8664,2023-01-12,Success
9045,1292,35255,2022-06-23,Success
31586,187,10131,2022-06-11,Success
54601,1336,5164,2023-04-09,Success
24778,2959,10659,2023-02-14,Success
52448,2994,29169,2022-07-31,Rejected by the driver
1102,2605,30274,2022-10-15,Rejected by the driver
13546,239,20663,2022-12-21,Success
5212,2322,35761,2022-07-17,Rejected by the driver
49570,2325,30820,2022-06-19,Success
10542,2706,31550,2022-05-20,Success
19912,1926,31012,2022-12-08,Success
3132,871,28578,2022-03-29,Success
58733,864,2231,2023-03-20,Success
34826,433,31460,2022-04-24,Success
17130,55,27392,2023-03-25,Success
39830,1204,11564,2022-06-08,Success
15885,1950,12941,2023-01-30,Success
37247,2125,25942,2023-02-19,Rejected by the driver
840,1659,7357,2023-01-15,Success
39162,234,32647,2022-11-01,Success
2797,762,13159,2022-10-14,Success
58224,1140,15621,2022-07-24,Rejected by the driver
30224,1717,35982,2023-03-20,Success
32202,1571,4172,2023-01-26,Rejected by the driver
3459,2861,25542,2022-11-07,Success
142,2377,17580,2022-04-13,Success
6970,1862,253,2022-04-01,Success
55095,370,23205,2023-02-19,Success
47226,130,32867,2022-08-18,Success
23071,2774,11246,2022-12-21,Success
8978,2630,3814,2023-02-15,Success
29382,191,25260,2022-06-19,Success
34915,2762,35103,2023-01-16,Success
348,994,20369,2022-04-24,Rejected by the driver
46876,2269,21739,2022-07-13,Success
41834,2092,27608,2022-03-26,Success
15757,1233,8302,2022-03-24,Success
15393,2627,30664,2023-01-12,Success
28770,1437,2044,2022-08-21,Success
53693,2112,1584,2023-02-22,Cancelled by the passenger
58790,2192,17720,2023-01-31,Success
13787,2305,27207,2022-08-01,Cancelled by the passenger
56090,2806,29503,2022-11-03,Rejected by the driver
55433,2460,36244,2023-01-27,Success
49862,133,31453,2022-11-30,Success
58561,1852,22556,2022-05-11,Rejected by the driver
53722,952,2130,2023-01-22,Rejected by the driver
6814,199,20078,2022-06-13,Cancelled by the passenger
55199,1087,29720,2022-07-25,Success
57550,1194,26721,2022-12-03,Success
10726,675,26118,2022-10-16,Success
53578,258,2277,2022-07-05,Success
12286,346,5812,2023-02-17,Success
627,161,37311,2022-11-01,Success
42338,1038,6336,2023-03-03,Success
34896,691,5173,2022-04-13,Success
2326,2954,15555,2023-01-19,Cancelled by the passenger
2711,2703,7043,2022-04-15,Rejected by the driver
13868,1258,11078,2022-05-19,Rejected by the driver
48754,1252,36966,2022-12-17,Cancelled by the passenger
9963,2361,10557,2023-02-14,Success
5736,1760,5123,2022-12-26,Rejected by the driver
52620,2147,7471,2022-10-20,Success
6477,1257,32465,2022-07-29,Success
59657,2190,2405,2022-09-12,Success
41592,2242,5965,2022-12-25,Success
50819,936,2170,2023-01-30,Cancelled by the passenger
31317,118,22646,2022-05-24,Success
14292,127,38384,2023-02-25,Success
52527,559,24627,2023-02-04,Success
19832,2850,23741,2022-03-12,Success
9918,1655,38737,2022-08-18,Success
31708,2438,33450,2022-11-14,Success
18065,2392,30291,2022-03-20,Success
27776,596,7675,2022-10-11,Success
37330,261,26908,2022-05-27,Success
14381,950,26169,2022-09-04,Success
57205,1704,33113,2023-02-10,Success
27575,2662,15660,2022-06-20,Success
56469,2172,18457,2022-08-27,Success
52399,327,10347,2022-07-25,Cancelled by the passenger
48680,1085,33381,2022-10-28,Success
16036,1734,33967,2022-08-28,Success
43931,1365,39221,2022-08-02,Success
3288,2013,21800,2023-02-18,Success
38382,1794,2752,2023-03-14,Success
48640,430,19968,2022-05-09,Rejected by the driver
23298,12,15826,2023-02-20,Cancelled by the passenger
17569,1801,31104,2022-05-15,Success
2536,1851,25284,2022-03-29,Rejected by the driver
42874,567,1378,2022-05-09,Cancelled by the passenger
9844,885,12262,2023-01-28,Success
43137,1130,37946,2023-04-04,Success
25845,489,22825,2022-12-17,Cancelled by the passenger
28767,1957,1964,2022-12-25,Success
4648,1763,24551,2023-02-09,Cancelled by the passenger
13281,2362,26464,2022-12-12,Success
52186,577,9107,2022-10-23,Rejected by the driver
32212,1644,27079,2022-08-07,Cancelled by the passenger
25178,2823,32734,2022-10-25,Success
49622,2732,28969,2022-11-07,Rejected by the driver
43920,714,27526,2023-03-03,Cancelled by the passenger
39402,1487,15519,2022-07-02,Cancelled by the passenger
49319,1820,9317,2022-03-31,Success
19109,2541,14690,2023-04-12,Success
16573,303,28573,2023-04-06,Success
19993,2422,28791,2023-01-18,Success
18265,2504,21187,2022-08-25,Success
39204,1298,9438,2023-02-19,Cancelled by the passenger
9251,322,27125,2023-01-27,Rejected by the driver
1070,2565,22972,2022-03-27,Success
16110,2004,27708,2023-01-12,Cancelled by the passenger
49857,1407,25697,2022-07-24,Success
49186,1267,9604,2022-08-08,Success
17913,2783,20450,2022-04-03,Success
27156,1798,7058,2023-02-19,Success
27285,2891,24126,2023-03-28,Success
6194,1914,19488,2022-05-08,Success
11153,1294,15415,2022-03-22,Rejected by the driver
41726,1150,35874,2022-07-03,Success
29680,1822,14343,2022-10-30,Rejected by the driver
35845,847,2462,2022-07-19,Success
14518,255,11488,2022-08-12,Success
56299,943,11066,2022-03-15,Rejected by the driver
44971,2005,34850,2022-08-14,Cancelled by the passenger
27309,292,19243,2022-07-21,Success
21526,919,19626,2022-06-11,Success
45723,1550,8350,2022-07-06,Success
31080,1646,8470,2022-12-08,Success
23237,1621,18479,2022-06-10,Success
34691,387,6446,2023-02-13,Success
43813,840,18646,2022-06-10,Success
51516,1107,16835,2022-12-06,Success
46517,2792,258,2022-05-27,Rejected by the driver
16149,58,29442,2022-07-24,Success
45893,1150,1170,2022-07-17,Success
4742,560,29316,2022-08-03,Success
37300,2,39717,2022-08-09,Success
45660,1182,38532,2022-08-23,Success
49351,1819,18564,2022-07-08,Success
16396,1491,17929,2023-03-18,Cancelled by the passenger
10512,1887,280,2023-04-10,Success
7542,1291,5389,2022-12-30,Rejected by the driver
44405,2671,7301,2022-04-14,Success
34451,1861,2938,2022-10-19,Success
20457,706,7608,2022-12-30,Success
7580,2262,29952,2022-04-21,Success
49509,1188,7200,2022-09-21,Cancelled by the passenger
16961,2181,25000,2023-03-17,Success
15581,2830,35311,2023-04-02,Success
33984,1818,3281,2022-06-12,Success
23760,2932,16371,2022-08-10,Success
25812,92,2458,2022-04-03,Success
37264,2161,22887,2022-03-17,Success
49922,64,14205,2023-01-22,Success
7690,2816,13803,2022-03-26,Rejected by the driver
58044,2559,11031,2022-08-27,Success
48825,44,37444,2022-05-10,Cancelled by the passenger
1836,2370,16148,2023-03-23,Success
28042,389,18592,2022-07-21,Success
39917,962,6931,2022-12-07,Success
14180,1026,17583,2022-09-22,Cancelled by the passenger
38568,246,32956,2023-01-12,Success
15002,511,1392,2022-07-14,Cancelled by the passenger
27498,2671,6224,2023-01-06,Success
49097,2838,17120,2022-11-13,Success
37764,2663,28091,2022-05-04,Success
19459,423,14635,2022-06-16,Success
40038,1222,29921,2023-03-18,Success
23761,144,36159,2022-11-28,Cancelled by the passenger
50866,981,20380,2022-05-22,Success
17597,770,38689,2023-01-24,Success
3141,2422,15865,2022-08-04,Success
55997,2392,12404,2022-12-12,Success
2874,715,33992,2022-04-12,Success
30132,617,24665,2023-02-16,Cancelled by the passenger
42191,2906,5989,2022-10-20,Success
55713,2750,33567,2022-10-03,Success
45439,1212,38322,2022-06-07,Success
38220,806,6529,2022-07-13,Success
55150,1221,30510,2022-09-14,Success
5360,1698,36479,2023-01-04,Cancelled by the passenger
2928,2612,24782,2022-08-14,Rejected by the driver
35636,2660,14063,2022-09-28,Success
56973,797,9455,2022-04-19,Rejected by the driver
37204,2052,23591,2022-07-09,Success
58258,763,16349,2022-03-25,Success
37120,1470,20740,2023-03-21,Success
1672,1117,1995,2022-11-03,Rejected by the driver
18190,2256,15226,2022-09-29,Cancelled by the passenger
5431,155,37497,2022-11-12,Success
48925,1942,31823,2022-07-01,Success
29152,2037,32301,2023-04-09,Success
29132,226,10218,2022-08-22,Cancelled by the passenger
36792,1130,19535,2023-01-20,Success
34512,23,38627,2022-03-12,Success
25526,2131,8907,2022-09-15,Success
15164,2026,15531,2023-02-05,Success
7605,1779,19129,2023-02-04,Success
26466,2397,38704,2022-09-20,Success
39682,2069,16539,2022-05-01,Success
6043,1834,18882,2022-12-23,Cancelled by the passenger
57182,2740,25763,2022-10-03,Success
27266,1333,34808,2023-04-08,Success
50655,1427,4721,2023-02-02,Success
15177,219,37008,2022-09-24,Rejected by the driver
57942,458,28672,2022-09-17,Success
56929,2738,36811,2022-05-21,Success
49068,2631,15947,2022-07-25,Success
37981,2330,10400,2022-06-18,Success
11232,70,5382,2022-05-12,Rejected by the driver
57294,1338,8183,2022-04-23,Success
40312,366,23787,2022-12-01,Success
42364,1621,32425,2022-08-24,Success
42667,61,26032,2022-11-23,Cancelled by the passenger
48868,757,39093,2023-02-15,Success
11287,1155,5131,2022-10-28,Rejected by the driver
22383,1977,2444,2022-04-01,Success
18816,1916,32878,2022-11-24,Success
36118,2856,35411,2022-09-29,Rejected by the driver
10303,2043,34103,2023-03-27,Success
29215,2694,35717,2022-07-17,Rejected by the driver
53986,1281,11662,2022-11-06,Rejected by the driver
9887,1425,6898,2023-04-02,Success
10334,955,17805,2022-09-25,Success
30548,918,10977,2022-10-15,Cancelled by the passenger
34572,2948,15034,2022-05-03,Success
58869,415,19276,2022-09-28,Success
20141,275,29795,2022-03-26,Success
6502,260,38511,2022-10-12,Success
8271,2986,29221,2023-02-02,Success
24059,2243,39847,2023-02-21,Success
18677,1413,14461,2022-09-17,Success
36215,1939,25578,2022-11-15,Success
29312,1374,15233,2022-07-21,Success
42096,2520,19601,2022-06-01,Success
17229,2034,10333,2022-09-26,Success
43875,2569,36910,2022-10-26,Rejected by the driver
49278,1070,29642,2023-03-15,Success
57195,2617,4730,2022-10-03,Cancelled by the passenger
3067,1377,1569,2022-08-31,Success
43761,940,6561,2023-03-21,Cancelled by the passenger
6170,1665,37257,2022-08-11,Success
13081,635,21555,2022-08-02,Rejected by the driver
58763,2534,6502,2022-04-12,Success
55698,884,12497,2022-12-05,Success
34328,1766,12046,2022-07-15,Success
24818,2382,3668,2022-05-08,Success
18247,106,23070,2022-03-20,Rejected by the driver
54256,6,28561,2023-03-03,Success
34571,463,35874,2023-03-05,Success
39598,1658,6779,2023-03-07,Success
44114,1917,37261,2023-02-03,Success
39858,2042,32127,2022-12-23,Success
3128,321,36710,2022-11-18,Success
37861,1868,13463,2022-04-04,Success
50907,1822,15180,2022-08-15,Success
51998,643,30603,2022-04-07,Success
57351,2540,6111,2023-02-27,Success
19749,2945,10551,2023-04-05,Success
42978,1733,9122,2023-01-31,Success
59729,1678,3462,2023-01-27,Success
58410,778,25296,2022-12-30,Rejected by the driver
47327,2120,14366,2023-02-15,Success
34884,2757,16027,2023-03-25,Cancelled by the passenger
41736,2698,2878,2022-09-18,Success
33896,2683,31041,2022-06-03,Success
54875,1743,25534,2022-05-26,Success
37701,2142,17043,2022-12-07,Success
40964,2759,12953,2022-12-28,Success
47010,217,38630,2022-05-14,Success
15293,1287,11102,2023-01-03,Success
33704,570,2075,2023-02-15,Success
40892,1457,32948,2022-11-21,Rejected by the driver
3684,1990,34236,2022-09-15,Success
35606,2852,12678,2023-03-25,Success
12293,1166,25326,2023-02-24,Success
57240,1392,21275,2022-06-13,Success
22407,1081,29610,2022-07-01,Success
49505,1334,4352,2022-07-07,Success
24756,1043,17989,2023-02-06,Success
19684,571,30042,2022-08-23,Rejected by the driver
53932,1822,25831,2022-08-11,Cancelled by the passenger
52470,472,19997,2022-03-19,Success
12869,1811,31166,2022-07-04,Success
18980,1382,7594,2022-03-19,Cancelled by the passenger
2866,2677,22602,2022-03-23,Cancelled by the passenger
51442,1634,27228,2022-10-09,Cancelled by the passenger
26437,2749,21049,2022-06-06,Rejected by the driver
30006,1258,39221,2022-09-16,Success
5026,1949,4656,2022-05-24,Success
7993,230,17280,2022-03-17,Success
26184,1240,27549,2022-09-19,Success
51650,57,39165,2022-06-10,Rejected by the driver
34761,1467,5557,2023-03-31,Success
58259,2561,7593,2022-06-11,Cancelled by the passenger
2422,2181,9791,2023-01-26,Success
41684,1475,38436,2022-11-29,Rejected by the driver
18666,2976,4885,2022-08-26,Success
53599,577,25155,2022-10-27,Success
8555,1211,37276,2022-06-25,Success
8994,2065,21292,2022-05-09,Success
37716,829,17955,2023-01-26,Success
10994,2729,24092,2022-04-27,Rejected by the driver
51118,1252,26917,2022-05-03,Rejected by the driver
58579,1936,22822,2023-03-26,Success
56265,1397,35469,2022-09-01,Rejected by the driver
27825,742,28724,2022-12-22,Rejected by the driver
3342,1392,3383,2022-12-01,Success
27861,2489,33074,2023-02-23,Rejected by the driver
26252,779,36161,2022-11-11,Rejected by the driver
12926,999,10096,2022-08-28,Success
49290,1335,3564,2023-03-03,Success
53029,1525,37644,2023-01-22,Success
26575,1054,19622,2023-01-16,Success
30044,2846,3662,2022-12-30,Success
19907,2229,11441,2023-02-17,Success
50745,1213,29079,2022-03-25,Success
21685,1361,11382,2022-11-22,Cancelled by the passenger
53155,103,4881,2023-04-08,Rejected by the driver
15836,189,10188,2023-02-24,Success
1877,1841,7887,2023-01-20,Success
43030,2368,26740,2022-04-27,Rejected by the driver
40317,2089,9416,2022-06-06,Success
17665,2607,27011,2022-09-07,Rejected by the driver
19862,2101,22766,2022-05-26,Cancelled by the passenger
47746,2286,278,2023-03-25,Rejected by the driver
35023,1487,29316,2022-10-25,Success
17313,347,24707,2023-01-04,Success
10465,863,33233,2022-10-08,Cancelled by the passenger
5010,871,27022,2022-03-19,Success
38643,430,3564,2022-09-25,Success
16599,2574,34366,2022-10-29,Success
51891,2607,12866,2023-04-02,Success
29854,120,29485,2022-09-28,Success
53193,1070,25886,2022-12-27,Rejected by the driver
53517,2733,11326,2022-05-15,Success
53692,716,30343,2023-01-30,Success
58380,79,9775,2022-07-26,Success
33634,146,20031,2022-06-15,Success
9653,1934,11835,2023-03-25,Success
14977,1124,17299,2022-05-20,Cancelled by the passenger
18735,502,7078,2022-05-13,Success
9520,2680,11277,2022-03-14,Success
3946,1359,19014,2023-02-16,Success
22677,1918,25778,2022-10-31,Rejected by the driver
7111,653,22162,2022-10-12,Success
52786,2976,13498,2022-09-04,Success
46723,636,38689,2022-09-12,Success
22605,1648,728,2022-05-05,Rejected by the driver
55951,197,37252,2022-06-04,Rejected by the driver
7437,2042,1910,2022-07-31,Success
19787,870,29902,2022-11-28,Success
35109,2595,20624,2022-09-11,Success
25398,1561,10188,2022-12-01,Success
24201,1843,34515,2022-08-13,Rejected by the driver
3953,1863,16225,2022-09-25,Success
36283,2844,38052,2022-05-12,Success
42048,537,38761,2022-10-22,Rejected by the driver
20131,1151,38990,2023-01-12,Success
5126,1620,25297,2023-01-07,Success
28870,2403,8541,2022-10-09,Success
56242,1493,19470,2022-08-17,Rejected by the driver
10142,1241,25693,2022-05-09,Success
53213,1004,30791,2022-10-28,Success
9017,1742,11706,2023-01-12,Rejected by the driver
23840,739,21498,2022-06-13,Success
9669,326,7250,2022-03-16,Success
3790,1146,23401,2022-07-24,Success
1107,143,37265,2023-02-01,Success
33679,2140,35109,2022-07-28,Success
33512,1602,17399,2022-09-20,Success
42626,829,25594,2022-04-02,Success
69,1303,22657,2022-07-21,Success
18984,2607,13727,2022-12-24,Cancelled by the passenger
19984,1666,34170,2022-08-31,Cancelled by the passenger
30012,2112,965,2022-08-18,Success
55535,554,8971,2022-10-19,Cancelled by the passenger
11095,1325,38001,2022-08-04,Rejected by the driver
18560,1463,6501,2022-08-29,Success
10924,2955,12039,2022-05-15,Success
25376,711,3040,2022-06-24,Success
50497,2052,11779,2022-11-01,Success
45295,2451,14855,2023-03-14,Success
47254,868,5716,2023-02-20,Success
9860,2393,4608,2022-06-29,Rejected by the driver
6573,2059,5255,2023-02-06,Rejected by the driver
29562,2855,17593,2022-07-03,Rejected by the driver
59737,2968,9821,2022-04-25,Rejected by the driver
1015,2076,22088,2022-10-22,Success
57076,1580,2449,2022-12-03,Success
7110,2013,3309,2022-12-21,Success
52429,357,37794,2023-01-14,Success
33261,1131,24433,2023-01-06,Cancelled by the passenger
49866,1360,29156,2022-03-15,Success
14384,2713,24186,2022-08-14,Success
40672,2106,39049,2022-06-14,Success
46042,2437,23010,2023-03-14,Success
48115,453,28312,2022-10-21,Rejected by the driver
36490,158,36194,2022-11-28,Success
22665,2560,9673,2022-05-13,Rejected by the driver
55722,75,34478,2022-09-30,Success
13452,387,11656,2023-04-01,Success
51250,2099,726,2023-03-21,Success
47482,2385,2722,2022-04-04,Cancelled by the passenger
33468,2480,18550,2023-01-05,Success
9327,434,17893,2023-01-04,Success
29088,1520,15839,2022-09-10,Success
2849,340,33251,2023-02-09,Success
56589,2375,20204,2022-08-01,Success
3105,2440,15722,2022-09-10,Success
48893,2833,27016,2023-01-09,Rejected by the driver
22959,2023,409,2022-05-18,Success
26435,1016,12935,2022-07-18,Rejected by the driver
33517,2231,23171,2022-08-21,Success
49682,847,6329,2022-08-06,Rejected by the driver
32082,1119,31572,2023-01-29,Success
41769,1435,10907,2022-06-16,Success
24726,1206,743,2022-09-16,Success
35762,1402,28478,2022-12-16,Success
50142,379,31922,2022-08-24,Success
45071,2736,23168,2023-01-29,Success
20741,303,37844,2022-06-06,Success
14802,715,14660,2022-06-14,Rejected by the driver
17988,474,17139,2022-06-10,Success
44039,805,5993,2022-07-04,Success
7028,1921,38191,2022-12-31,Cancelled by the passenger
26497,2992,11174,2022-05-02,Success
50899,1872,33334,2022-09-04,Success
55186,1443,20112,2022-07-14,Rejected by the driver
58002,305,1389,2022-06-23,Rejected by the driver
55023,731,33376,2022-07-22,Success
20320,2952,21175,2022-09-08,Rejected by the driver
34803,719,8152,2022-03-20,Cancelled by the passenger
34429,1442,7707,2022-07-10,Cancelled by the passenger
49825,370,38747,2022-03-15,Success
52201,2609,33760,2022-05-31,Success
42389,2920,13829,2022-04-07,Success
50037,2117,11893,2022-05-28,Success
7703,1517,17601,2022-10-04,Success
36276,918,37557,2022-06-26,Success
33221,2633,6151,2023-01-01,Cancelled by the passenger
12646,779,18846,2022-10-05,Success
39136,698,18941,2022-07-19,Success
27807,2327,8269,2023-04-07,Success
37385,1055,1197,2022-08-13,Success
55104,662,14284,2023-03-15,Rejected by the driver
18417,1683,19303,2022-11-26,Success
49799,2676,25881,2022-07-19,Success
33308,521,25417,2022-12-05,Cancelled by the passenger
44052,2963,4501,2022-10-22,Rejected by the driver
26761,1824,12214,2023-02-18,Success
54558,994,5309,2022-08-03,Success
17629,1735,36298,2022-09-19,Cancelled by the passenger
52277,2534,26352,2022-04-12,Success
55027,2417,7336,2022-10-28,Rejected by the driver
42489,1821,38548,2022-11-30,Rejected by the driver
24861,2004,14143,2022-06-02,Cancelled by the passenger
54372,1135,36690,2022-06-22,Success
43540,977,15990,2022-04-23,Success
15691,2612,16362,2022-09-06,Success
9345,2003,19515,2022-12-01,Success
40475,962,37203,2022-05-02,Success
37665,226,6555,2023-02-11,Success
38093,1547,25332,2022-07-29,Cancelled by the passenger
21830,2041,10644,2022-10-13,Success
13347,2667,34330,2023-01-12,Success
52371,2849,26128,2022-04-20,Success
3025,15,7345,2022-05-18,Success
52666,1525,15383,2023-02-04,Success
12346,1536,32001,2023-03-08,Success
12230,307,14735,2022-10-31,Rejected by the driver
55834,1290,26386,2022-12-13,Success
48644,2657,618,2022-06-19,Success
28628,158,16904,2022-05-13,Success
55412,2781,6398,2023-04-01,Success
22097,2593,771,2022-03-20,Success
59768,1984,31410,2022-06-25,Success
23325,1806,37415,2023-04-05,Success
15646,819,31788,2022-03-15,Success
49700,815,13231,2023-01-28,Rejected by the driver
28215,1361,15930,2022-05-07,Rejected by the driver
17052,2175,24915,2022-06-03,Success
48608,717,24590,2022-08-16,Success
17468,2882,29074,2022-07-18,Success
10823,1680,23252,2023-01-06,Success
13807,1283,23503,2023-03-11,Success
55009,1801,20130,2022-08-04,Success
16089,675,5138,2023-01-20,Success
26476,1314,28800,2022-12-08,Success
47986,2691,2064,2022-04-18,Rejected by the driver
40949,1881,37849,2022-06-19,Rejected by the driver
2270,1157,29580,2022-04-04,Cancelled by the passenger
30156,2004,24750,2023-01-31,Success
13976,2661,23710,2023-01-18,Success
38290,114,33921,2022-10-21,Success
47025,289,15851,2022-07-14,Rejected by the driver
1057,2755,29955,2022-09-11,Success
15990,719,5145,2022-06-02,Success
12561,2834,37021,2023-03-20,Success
38369,844,34952,2023-03-09,Success
7907,21,31906,2022-05-16,Rejected by the driver
12870,1020,25064,2022-05-16,Success
79,2190,3458,2022-05-03,Cancelled by the passenger
6398,964,10144,2022-10-30,Success
15647,58,17676,2022-06-02,Success
28521,2511,8374,2022-04-11,Success
14596,288,26250,2022-11-21,Success
22346,2531,5243,2022-11-19,Success
3147,2275,14647,2022-07-22,Success
46135,1221,26460,2022-11-12,Rejected by the driver
32211,886,22789,2022-12-04,Success
21907,2200,36069,2023-02-20,Success
53260,2129,2179,2022-12-16,Cancelled by the passenger
51565,203,37748,2022-10-30,Success
55970,2296,9583,2022-04-12,Success
12746,1082,13634,2023-04-12,Rejected by the driver
7702,775,30234,2022-09-09,Success
17405,1656,33597,2022-08-27,Success
49471,498,30967,2022-12-14,Rejected by the driver
15309,986,4330,2023-04-08,Success
59302,1911,13907,2023-02-24,Success
22248,2696,16689,2022-07-25,Success
10976,1443,7548,2022-07-05,Rejected by the driver
8384,696,23153,2022-03-20,Success
5174,726,12739,2022-04-04,Success
680,1981,31768,2022-12-28,Success
3478,1741,4632,2022-08-02,Success
52776,1033,29362,2022-09-20,Success
39108,1553,7354,2022-09-26,Success
36472,1207,38002,2022-07-01,Success
11959,1333,9840,2022-04-18,Success
1846,854,24308,2023-02-11,Success
30253,1880,4286,2022-03-13,Success
32979,1472,27438,2022-10-23,Success
53054,248,18114,2022-12-22,Success
8198,960,20026,2022-05-16,Success
58230,2444,19078,2022-06-28,Success
45689,2622,38899,2022-11-05,Success
35356,2243,37471,2022-10-19,Success
8773,651,25345,2023-03-09,Success
44564,2288,2701,2023-03-30,Success
41897,2208,29691,2023-01-01,Rejected by the driver
52300,1780,13181,2023-04-04,Rejected by the driver
29500,1581,26709,2022-06-07,Success
46883,1628,27210,2023-01-07,Cancelled by the passenger
45061,361,28279,2023-03-01,Success
37231,1696,9596,2023-03-18,Success
56341,2369,958,2022-04-04,Success
8219,1855,6147,2022-12-26,Success
14842,2211,20685,2022-06-27,Success
16198,1413,983,2022-03-13,Success
19465,1284,32237,2022-05-12,Success
54925,1026,18763,2022-04-21,Success
10737,2967,20183,2022-12-29,Cancelled by the passenger
41229,891,17994,2022-05-17,Cancelled by the passenger
8796,1098,32857,2022-11-28,Success
39069,2222,15533,2022-08-20,Rejected by the driver
12415,110,14724,2022-12-04,Success
52288,1137,11047,2022-05-07,Cancelled by the passenger
30124,2231,5747,2022-07-15,Cancelled by the passenger
22104,487,37796,2022-06-17,Success
21301,917,6245,2023-03-06,Success
15435,192,1788,2023-01-09,Success
17853,7,24749,2023-03-08,Success
56336,2132,33103,2022-05-16,Success
56275,2136,318,2023-03-12,Success
9321,1423,12214,2022-08-12,Success
24322,1954,13499,2022-03-12,Success
38223,1904,252,2022-09-05,Success
31086,1289,5962,2022-12-27,Rejected by the driver
2535,489,34321,2022-03-26,Success
16871,875,30819,2022-12-22,Success
55954,630,8304,2022-04-06,Rejected by the driver
20921,1941,20673,2023-01-23,Success
35611,1810,25161,2022-05-16,Success
5401,2043,4605,2022-07-04,Success
6130,414,16211,2022-12-15,Success
41467,241,23633,2022-06-15,Success
45006,1926,13873,2022-10-04,Cancelled by the passenger
15376,1306,23185,2022-08-12,Success
43716,2595,26287,2023-02-09,Cancelled by the passenger
50764,1502,10401,2022-04-16,Success
54127,456,8556,2022-12-30,Success
50438,2184,16237,2022-12-11,Success
8987,2511,990,2022-11-22,Rejected by the driver
45679,972,22388,2022-08-12,Success
50891,68,24526,2023-02-26,Success
58517,2106,27232,2022-11-24,Success
45044,211,26529,2022-05-30,Success
15592,1230,11889,2023-03-27,Success
23240,112,11327,2022-08-28,Success
59227,1677,30106,2023-01-10,Rejected by the driver
23006,1631,19259,2022-03-26,Success
45933,491,35472,2023-03-24,Rejected by the driver
28047,1000,36171,2022-10-11,Cancelled by the passenger
43905,1945,25223,2022-08-16,Success
23061,82,7773,2023-03-28,Cancelled by the passenger
17518,669,15347,2023-04-10,Success
50789,177,38129,2023-03-13,Success
58366,1787,8561,2022-05-22,Success
29037,1788,15565,2023-02-17,Success
21490,1544,19198,2023-03-24,Success
24277,26,9866,2023-01-23,Cancelled by the passenger
23334,367,8320,2022-07-12,Success
15328,2882,28022,2022-06-15,Success
22396,2862,14820,2022-06-04,Success
15688,770,17701,2023-01-03,Success
35158,2325,17571,2022-04-19,Rejected by the driver
43697,985,19219,2022-12-23,Success
28951,154,28590,2022-11-04,Success
4833,1262,27881,2023-01-16,Cancelled by the passenger
34109,2147,36131,2022-12-12,Cancelled by the passenger
44407,1693,21877,2023-01-26,Success
49961,2529,7391,2023-01-15,Success
52564,1053,35601,2022-12-06,Cancelled by the passenger
42192,1229,25631,2022-12-15,Success
43820,1630,7134,2022-09-27,Success
22159,272,151,2022-10-01,Rejected by the driver
51144,2796,26291,2022-03-27,Success
10759,741,15365,2023-01-09,Success
8896,1081,6184,2022-09-02,Success
25639,2440,27202,2022-10-11,Success
12154,2202,25872,2023-01-30,Success
31887,1319,8491,2022-03-29,Success
55241,936,15083,2022-07-14,Success
39337,289,18076,2023-01-02,Success
9439,1807,2906,2022-04-23,Success
55256,1578,13079,2022-05-21,Success
48674,1968,38873,2023-02-19,Cancelled by the passenger
10907,54,20070,2022-11-26,Success
20467,1765,3858,2022-06-21,Success
40217,1798,14522,2023-01-02,Success
20912,2414,2063,2022-05-31,Success
29630,2587,25738,2022-09-27,Cancelled by the passenger
8426,586,4879,2023-02-27,Rejected by the driver
43575,1063,17898,2022-06-26,Success
42238,1173,37098,2022-04-07,Success
59214,2009,25078,2023-02-06,Success
33790,2909,31933,2022-09-11,Success
28183,1494,10972,2022-09-16,Cancelled by the passenger
3294,954,31029,2023-01-30,Rejected by the driver
10716,988,9198,2022-04-13,Success
38002,89,8068,2022-05-05,Rejected by the driver
45814,2710,20958,2022-11-24,Success
41413,1100,12204,2022-09-08,Success
13377,1991,13033,2023-01-19,Success
18668,1676,10080,2022-12-23,Success
53567,2804,16837,2022-12-05,Success
28960,2105,19386,2022-05-14,Cancelled by the passenger
36035,439,18429,2022-06-23,Success
34378,2854,8247,2022-05-07,Success
32148,2227,21500,2022-11-16,Success
33118,1373,24477,2022-08-20,Success
48833,1450,1768,2023-01-09,Success
5705,1471,7545,2022-05-15,Success
26243,1323,4401,2022-10-20,Success
22281,653,3074,2022-08-22,Rejected by the driver
18714,1349,17447,2022-11-09,Success
43847,1878,37906,2022-06-30,Rejected by the driver
37899,1610,25441,2022-12-31,Success
35153,2086,2279,2022-07-21,Success
5211,673,31349,2022-09-13,Rejected by the driver
561,1946,37692,2022-06-05,Success
24751,62,27644,2022-06-13,Success
9777,1635,22815,2022-03-24,Rejected by the driver
47679,238,25400,2023-02-28,Success
47749,997,397,2023-04-13,Rejected by the driver
52880,2343,18850,2023-01-19,Success
29759,1492,31272,2023-01-12,Success
35363,2052,17831,2022-09-16,Success
52807,2590,16976,2022-11-18,Success
18151,1443,20838,2022-11-02,Success
29034,375,26678,2023-01-15,Success
6676,2900,35637,2023-03-19,Success
51039,1877,34701,2022-10-19,Success
3061,73,9699,2022-09-27,Rejected by the driver
33147,1184,15799,2022-09-10,Success
24111,2153,13106,2022-11-09,Success
26551,692,1401,2022-10-18,Cancelled by the passenger
54161,1624,17494,2023-01-02,Success
35536,2822,31966,2022-03-23,Success
35182,575,10881,2022-07-01,Rejected by the driver
25619,2284,17568,2022-11-18,Success
15641,2727,21888,2023-04-13,Success
22700,649,9188,2023-03-13,Success
54522,1678,18196,2023-01-05,Rejected by the driver
11382,1039,38338,2022-09-14,Success
29613,1952,18097,2023-02-02,Rejected by the driver
42669,2502,36358,2023-01-11,Success
54218,2021,2220,2023-03-12,Success
41377,382,23154,2022-05-05,Success
48701,887,34088,2023-03-14,Success
39873,1947,3832,2022-09-21,Success
37555,589,1348,2022-11-13,Rejected by the driver
9798,1678,12651,2023-04-12,Rejected by the driver
5472,1651,18178,2023-01-17,Success
59044,2845,29097,2023-02-22,Success
40966,975,2031,2022-08-14,Rejected by the driver
26396,1728,29673,2022-03-12,Success
50184,2644,5832,2022-03-25,Success
12753,90,5088,2022-08-08,Success
44170,681,5590,2022-05-08,Success
57241,1869,11186,2022-09-15,Success
16184,335,19104,2023-02-27,Success
41416,324,25829,2022-12-31,Success
55428,689,33494,2022-09-26,Success
14336,1878,19285,2022-04-24,Success
46285,144,26316,2022-09-03,Rejected by the driver
10804,2927,16719,2022-04-26,Cancelled by the passenger
41602,1777,32304,2022-08-08,Success
30822,1867,39850,2022-07-13,Success
25230,2769,25961,2022-04-23,Success
24874,998,24690,2023-02-06,Success
9232,2050,29552,2022-10-26,Success
50650,413,35779,2022-07-04,Success
46199,692,34340,2022-08-23,Rejected by the driver
3275,1506,38967,2022-09-19,Rejected by the driver
43293,1637,8257,2023-01-08,Rejected by the driver
34631,2999,11253,2022-04-19,Success
997,30,10027,2022-08-02,Success
19813,2184,17524,2022-11-09,Success
41186,2309,21987,2022-10-22,Success
6766,1550,22276,2022-12-19,Success
39556,1852,11569,2022-05-01,Rejected by the driver
8861,2631,7698,2023-03-07,Success
3854,5,7758,2023-02-23,Rejected by the driver
7692,128,36720,2022-05-15,Success
14276,698,5293,2022-12-02,Success
25101,1221,12275,2022-10-16,Rejected by the driver
25092,463,1305,2023-02-18,Success
31549,82,20305,2022-09-26,Success
27513,2337,2732,2022-03-12,Cancelled by the passenger
52295,757,39359,2022-11-12,Success
8534,2034,37290,2022-12-15,Success
24431,2221,24552,2022-12-27,Rejected by the driver
7798,138,13503,2022-11-18,Success
8950,2897,1054,2022-07-03,Success
19623,2250,2549,2023-02-22,Rejected by the driver
23802,37,23155,2022-10-18,Rejected by the driver
1666,1536,26655,2022-09-24,Success
1325,646,5759,2022-06-15,Success
415,397,19865,2022-09-13,Success
38366,1426,7952,2022-04-18,Success
8966,1667,32920,2022-05-07,Rejected by the driver
1098,1931,18709,2023-03-14,Success
11934,1025,21933,2023-02-21,Success
25996,899,721,2022-11-13,Success
31143,2616,1681,2022-04-04,Success
6317,1905,20304,2022-05-03,Success
740,1578,11039,2022-10-12,Cancelled by the passenger
48787,86,33137,2022-11-06,Cancelled by the passenger
57174,2118,20268,2022-05-28,Rejected by the driver
16933,405,19078,2023-03-19,Success
24881,1087,24365,2022-07-03,Success
26889,19,9687,2022-12-11,Success
26869,376,894,2022-04-17,Success
38800,2204,18148,2023-01-17,Success
5381,956,38964,2022-06-01,Cancelled by the passenger
12048,501,8750,2022-08-04,Rejected by the driver
52076,2306,18915,2022-03-27,Success
55287,878,1078,2023-02-15,Success
41572,2310,32246,2023-03-19,Success
19352,1245,37059,2022-04-23,Rejected by the driver
19925,1121,18797,2022-10-24,Cancelled by the passenger
56965,855,12914,2023-03-14,Success
42623,2570,36086,2022-06-15,Success
33841,1226,360,2022-06-20,Success
1388,617,4195,2022-11-18,Cancelled by the passenger
50150,1948,31232,2022-04-22,Success
27563,819,39528,2023-03-09,Success
38070,2901,10773,2022-12-10,Success
31245,394,19541,2022-05-24,Success
26851,2385,1292,2023-01-05,Success
21936,1329,29316,2022-08-02,Rejected by the driver
20188,2978,17562,2022-08-29,Success
13533,2872,5383,2022-06-20,Success
17370,459,34897,2022-05-02,Success
6473,2579,15279,2022-06-15,Success
49563,1883,38284,2022-09-07,Cancelled by the passenger
3637,825,32778,2022-06-06,Success
28276,1069,39645,2022-09-01,Cancelled by the passenger
28396,754,29932,2022-10-03,Rejected by the driver
14331,815,39572,2022-09-09,Rejected by the driver
10946,388,14966,2022-04-11,Success
27918,1985,9635,2023-03-18,Success
54632,2210,31430,2022-08-29,Cancelled by the passenger
38502,2640,37631,2023-01-17,Success
18111,491,20249,2022-04-21,Rejected by the driver
32421,2395,25966,2022-09-18,Success
29175,1785,7681,2022-05-15,Success
3779,1069,14686,2023-03-28,Rejected by the driver
30264,894,23395,2022-07-03,Success
19022,1930,24860,2022-12-26,Success
47795,2365,28849,2022-03-24,Rejected by the driver
47935,2231,20450,2023-02-02,Success
15927,1210,22140,2022-07-07,Cancelled by the passenger
58111,1153,5959,2022-04-05,Success
18192,2708,11603,2023-04-12,Success
25550,762,19001,2022-03-27,Success
45784,2944,17134,2022-03-27,Success
9567,266,34729,2023-01-03,Success
16440,855,11698,2022-06-05,Success
335,108,27635,2022-09-05,Success
48651,1658,25510,2022-04-09,Success
46904,2846,18583,2022-07-12,Rejected by the driver
8032,314,14190,2022-09-14,Success
59474,2383,39464,2022-05-29,Success
2692,2619,17235,2022-03-27,Success
42045,1609,7945,2023-02-23,Success
4049,1601,8760,2022-09-12,Success
42889,2334,15832,2023-01-24,Cancelled by the passenger
6381,1626,17037,2022-06-17,Rejected by the driver
36592,703,1938,2022-11-16,Success
29359,1961,17390,2022-07-10,Success
56465,2432,13535,2022-07-02,Success
30133,1787,30918,2023-03-28,Success
17444,1301,23318,2022-06-19,Rejected by the driver
35144,1222,37248,2022-07-01,Success
5049,994,623,2023-01-17,Cancelled by the passenger
56157,1739,14330,2023-03-11,Success
49647,1964,20191,2022-05-09,Success
33769,1944,6914,2022-11-09,Success
34560,2141,26326,2022-05-15,Rejected by the driver
14451,962,38097,2022-06-17,Success
1559,512,26293,2022-06-08,Rejected by the driver
40479,560,29759,2023-01-27,Success
21160,2358,33987,2022-04-11,Success
29956,2315,7869,2022-08-23,Success
46204,2117,25556,2022-12-25,Success
46604,2884,30126,2023-01-03,Cancelled by the passenger
56677,905,10922,2022-03-27,Success
9236,2381,14339,2022-09-26,Success
18925,1921,4001,2022-04-13,Success
49768,2973,11930,2022-04-26,Success
34938,1478,38238,2022-09-09,Success
18150,1867,2295,2022-10-03,Success
40027,795,18439,2022-12-25,Success
41597,2637,6050,2022-12-17,Success
2232,1926,27759,2022-09-18,Success
24658,1809,33470,2022-06-02,Rejected by the driver
55326,2352,2117,2022-05-05,Success
5301,2413,6169,2022-11-16,Success
29316,2538,13140,2022-08-14,Success
19532,899,29273,2022-11-28,Success
48413,902,28892,2022-08-16,Success
15265,2182,24618,2022-09-30,Success
45129,570,27603,2023-01-11,Success
28207,23,36045,2022-04-21,Success
58216,1642,27801,2022-12-24,Rejected by the driver
50353,2033,18840,2022-06-16,Success
13536,2554,23571,2022-12-10,Success
47943,1427,20244,2023-03-02,Success
37691,1592,9420,2022-04-05,Success
9389,722,23228,2022-12-24,Success
2298,1746,646,2022-11-13,Success
49365,1314,34822,2022-11-18,Success
34963,2711,8073,2022-11-12,Success
12148,1970,20374,2023-02-01,Success
39991,1929,29012,2022-09-02,Rejected by the driver
25460,228,3830,2022-10-05,Success
34153,636,21637,2023-04-04,Success
42522,118,7261,2022-08-12,Rejected by the driver
4239,1986,15848,2023-01-14,Success
757,2554,3453,2022-04-29,Success
17224,410,11303,2023-01-31,Rejected by the driver
3334,1506,3129,2022-11-14,Success
53443,258,32032,2022-08-12,Success
30598,2810,7464,2022-04-06,Rejected by the driver
28733,602,39639,2022-07-29,Success
19731,186,36825,2022-05-30,Rejected by the driver
2684,337,10761,2022-07-12,Success
9216,2201,20744,2022-05-22,Rejected by the driver
27111,1609,38338,2022-11-03,Cancelled by the passenger
41356,80,29838,2022-06-18,Success
25589,2279,22624,2022-09-17,Success
33409,1555,19863,2023-02-16,Success
17730,2420,33266,2022-06-08,Success
25914,606,25438,2023-03-12,Success
24516,1439,39890,2023-01-05,Cancelled by the passenger
11858,2407,2911,2023-04-07,Success
17398,2231,9116,2023-04-03,Success
23121,1670,7565,2023-01-27,Rejected by the driver
58370,601,8561,2022-04-11,Success
19320,1837,37334,2022-09-28,Success
45294,183,15848,2022-03-22,Success
59241,1962,15992,2022-11-25,Success
47771,2093,21618,2022-06-22,Success
46745,1249,19843,2022-09-19,Success
35448,481,35402,2022-07-22,Success
155,2327,13254,2022-07-30,Success
37520,2364,24720,2022-03-22,Success
43075,2521,16830,2022-07-14,Success
40507,2571,26640,2022-08-04,Rejected by the driver
35096,611,35128,2022-12-31,Rejected by the driver
14148,2065,22916,2023-02-22,Success
26363,1064,18532,2022-09-01,Success
3054,1727,7746,2022-11-20,Success
21964,1645,28839,2022-10-13,Success
53627,726,21273,2022-05-01,Success
23168,191,31628,2023-03-02,Success
45079,482,29063,2022-10-07,Success
24236,985,19601,2022-06-11,Success
17675,1376,25363,2022-04-17,Success
9248,2720,11758,2023-02-25,Success
20100,1218,37497,2023-01-14,Success
46791,1616,9710,2022-09-09,Success
59037,2539,17379,2022-09-21,Cancelled by the passenger
42171,625,9007,2022-06-13,Success
22324,2911,6926,2022-06-28,Success
42587,511,13914,2022-05-06,Success
55562,1828,24735,2023-01-07,Success
16027,25,2204,2022-04-20,Success
46230,587,34712,2022-06-22,Success
41698,917,16754,2022-08-25,Success
41659,2186,21255,2022-09-02,Cancelled by the passenger
51034,1483,27471,2022-11-26,Success
9964,2754,17227,2022-03-14,Success
31830,705,38387,2022-12-13,Success
58819,2661,20021,2022-03-26,Rejected by the driver
41388,2678,18759,2022-09-05,Rejected by the driver
12978,783,10023,2023-02-04,Success
30574,2698,38961,2022-11-10,Success
8815,2746,1034,2022-04-11,Success
5433,1710,16552,2022-04-29,Cancelled by the passenger
16830,1598,8347,2023-03-06,Success
21864,467,28701,2022-06-16,Success
50552,2697,26036,2022-04-22,Success
39933,2247,6225,2022-07-17,Success
42432,598,36831,2023-01-26,Success
22802,982,38708,2022-04-08,Success
42972,2864,34228,2022-10-04,Cancelled by the passenger
49395,1880,34324,2022-05-25,Success
38293,2736,15593,2022-12-01,Success
34118,2868,17520,2022-04-07,Success
52352,2374,17843,2022-12-22,Success
23134,2180,14060,2022-03-30,Success
33266,1956,36010,2022-08-10,Rejected by the driver
2809,1136,30563,2022-11-10,Rejected by the driver
28157,2735,15027,2022-04-23,Success
21934,2639,22538,2022-08-10,Cancelled by the passenger
1033,919,7942,2022-10-13,Success
1143,2047,1129,2022-11-06,Cancelled by the passenger
52343,2550,20872,2022-09-22,Success
13962,615,25551,2022-07-09,Success
52760,1296,25292,2022-03-27,Cancelled by the passenger
37224,2765,2512,2022-09-15,Success
58544,2236,20476,2022-10-08,Rejected by the driver
13640,238,21843,2022-06-30,Rejected by the driver
57483,1510,14324,2022-12-15,Success
23015,1077,33290,2022-09-11,Rejected by the driver
37047,915,17526,2022-04-16,Success
46891,1393,39092,2022-11-02,Success
42691,2559,536,2022-08-10,Success
49604,2355,2047,2022-10-02,Success
25002,2508,28814,2023-04-02,Success
39487,1609,21218,2022-11-06,Success
16352,272,30604,2022-09-12,Success
48052,1420,10215,2022-03-25,Success
18010,1191,3132,2023-02-24,Success
57057,2020,16372,2023-03-31,Success
16886,1612,21085,2022-08-11,Success
47285,2689,34788,2022-07-14,Success
38041,2009,39377,2023-04-14,Success
14069,1800,38000,2022-08-22,Success
10906,1742,15977,2022-07-03,Success
42582,2149,9164,2023-04-09,Success
27975,2476,24280,2022-12-16,Rejected by the driver
59577,984,11649,2023-03-11,Success
16032,1648,36956,2022-12-20,Rejected by the driver
16082,2433,23972,2022-03-12,Success
59588,9,21246,2023-04-13,Success
45709,669,24046,2022-07-02,Success
55317,892,32385,2022-03-26,Success
10323,1579,4123,2022-08-19,Rejected by the driver
22591,2613,8140,2023-03-26,Cancelled by the passenger
21119,2447,16915,2022-11-23,Rejected by the driver
36432,412,28026,2022-11-23,Success
24299,678,25342,2022-05-15,Success
24773,2827,31295,2022-04-12,Cancelled by the passenger
21065,431,29314,2022-04-10,Success
23731,1516,19279,2022-07-17,Cancelled by the passenger
35084,1683,32757,2022-11-18,Success
12256,442,20232,2022-07-05,Success
3038,216,4976,2022-06-22,Cancelled by the passenger
31007,1868,38193,2023-02-06,Success
7880,2280,27662,2023-03-02,Success
7637,174,3318,2023-01-11,Success
19737,2832,35236,2022-04-12,Rejected by the driver
8207,2945,29347,2022-09-25,Success
5678,232,12205,2023-01-18,Success
22821,869,32725,2023-01-17,Success
36455,1655,34691,2022-05-19,Cancelled by the passenger
25549,2126,14579,2023-01-12,Success
10219,79,38927,2023-02-09,Success
12920,1242,6877,2022-07-29,Success
7806,572,12191,2022-10-05,Success
11183,456,5993,2022-06-07,Rejected by the driver
26883,1945,9747,2022-05-10,Success
58041,2676,6515,2023-01-07,Cancelled by the passenger
43444,902,28271,2023-03-07,Cancelled by the passenger
4525,1194,33967,2022-07-16,Rejected by the driver
30960,1081,15346,2022-09-23,Success
29043,2790,2178,2022-05-30,Success
35760,1169,17731,2022-12-01,Success
11181,108,12224,2022-06-22,Success
31949,2651,37540,2022-07-05,Success
14444,1938,10752,2023-02-19,Success
18085,1597,13162,2022-11-24,Success
10608,2126,6934,2022-03-21,Success
40645,1769,36395,2022-08-03,Success
23589,2073,5612,2022-12-17,Success
4305,1915,283,2022-05-16,Rejected by the driver
57660,999,7110,2023-02-07,Success
21063,462,23462,2022-09-02,Success
59823,1336,22292,2022-07-13,Rejected by the driver
41593,93,9075,2022-08-04,Success
50295,205,39318,2022-10-02,Cancelled by the passenger
46537,2738,1188,2023-03-12,Success
28894,1091,35685,2022-09-11,Rejected by the driver
51990,1732,37618,2022-12-31,Success
31795,1658,25626,2022-07-06,Success
28611,1319,37689,2022-09-05,Success
52815,1796,13042,2022-11-30,Success
36823,306,27901,2022-10-07,Success
447,1804,20476,2023-01-31,Success
30894,1793,4301,2022-08-13,Success
17683,2546,31478,2022-03-19,Success
15162,2993,882,2022-05-21,Success
38507,1507,15211,2022-08-09,Success
24916,1624,38958,2022-07-11,Success
29139,1586,1413,2022-08-20,Success
36532,2274,23392,2022-09-22,Success
24135,2683,20460,2022-08-13,Cancelled by the passenger
2668,2338,39998,2022-07-27,Success
53741,2724,13264,2022-06-01,Cancelled by the passenger
2841,1826,14378,2023-02-24,Cancelled by the passenger
16062,635,4381,2022-12-06,Cancelled by the passenger
17144,883,6045,2022-07-23,Success
10,1600,30026,2023-04-07,Cancelled by the passenger
16002,498,36929,2022-11-11,Success
7612,107,28305,2022-09-29,Rejected by the driver
37897,981,3934,2022-08-04,Cancelled by the passenger
38849,1070,37088,2023-02-27,Success
24807,216,16127,2022-05-18,Success
27762,782,36905,2022-12-12,Success
23639,1983,33122,2022-07-29,Rejected by the driver
37526,2605,34294,2022-05-01,Success
14244,1822,33955,2023-01-04,Success
22785,2825,11328,2022-06-27,Success
41328,1313,8721,2023-01-23,Rejected by the driver
4207,2825,11405,2022-11-26,Success
56286,1195,35771,2022-06-26,Success
33222,955,31168,2023-01-09,Rejected by the driver
3243,1830,29527,2022-04-05,Cancelled by the passenger
14002,382,22517,2022-09-18,Success
17270,1925,25062,2022-06-10,Success
43596,1167,7086,2022-03-27,Success
24784,2229,28071,2022-12-26,Success
57623,327,18642,2023-04-03,Success
49029,106,29463,2022-04-15,Success
44866,222,39817,2023-04-08,Success
13241,1667,28199,2022-03-27,Success
48970,428,32270,2022-08-25,Success
22995,838,947,2022-09-11,Success
20061,2274,6994,2022-08-10,Rejected by the driver
44275,1978,22617,2022-06-14,Rejected by the driver
18451,2669,13447,2022-08-13,Success
15283,725,24135,2022-03-12,Cancelled by the passenger
35015,2671,1186,2022-10-08,Success
42499,308,34217,2023-01-20,Success
52392,606,8785,2022-05-27,Success
12573,2225,1196,2022-07-25,Rejected by the driver
4982,2137,13172,2022-07-18,Success
44269,71,11888,2023-01-20,Success
58443,2804,14025,2022-07-02,Cancelled by the passenger
20066,1379,6612,2022-05-09,Success
44590,543,16990,2022-08-10,Success
1021,167,36267,2022-08-16,Success
44045,1999,34864,2022-08-06,Success
54066,950,20939,2022-07-05,Success
43611,1864,3847,2022-10-03,Success
37746,1361,33784,2023-03-23,Rejected by the driver
23532,2514,39394,2022-07-05,Rejected by the driver
32266,2210,5315,2022-09-21,Success
21469,2667,5550,2022-11-20,Success
44279,2088,27228,2022-08-02,Success
39062,2212,31397,2022-04-04,Success
29221,304,34008,2022-10-27,Success
24815,62,13679,2022-07-24,Success
34956,1600,39243,2022-06-15,Success
41733,630,16698,2022-12-25,Cancelled by the passenger
7376,2535,7958,2022-05-28,Success
22971,998,5776,2022-04-14,Success
23341,519,11103,2022-08-29,Success
17180,2082,8284,2022-09-26,Success
50487,535,16882,2022-10-06,Success
36634,2343,4384,2022-05-17,Rejected by the driver
20463,725,15202,2023-01-29,Success
45584,2717,23602,2022-09-17,Success
15464,1894,32596,2023-02-14,Success
18347,2486,16200,2022-06-11,Success
20483,536,10504,2022-06-18,Success
3337,1888,35073,2022-09-14,Success
21312,469,12979,2022-10-27,Success
38909,1508,7033,2022-10-20,Success
34576,317,7808,2023-04-04,Success
38527,2357,9508,2022-03-29,Success
48617,777,20365,2022-05-17,Success
52713,1654,1411,2022-10-12,Cancelled by the passenger
36621,2720,14116,2022-11-14,Cancelled by the passenger
46104,462,24945,2023-03-26,Success
50170,1547,38475,2022-04-14,Rejected by the driver
5994,151,23521,2022-11-26,Cancelled by the passenger
42845,1153,17665,2022-10-24,Cancelled by the passenger
57425,761,32829,2022-08-26,Success
56564,965,24625,2022-06-02,Success
39505,993,28426,2022-11-15,Rejected by the driver
25446,2405,35661,2022-09-18,Success
509,202,39461,2022-09-15,Success
59189,2696,18306,2023-02-24,Success
25510,1471,18732,2022-08-08,Success
3713,1491,35149,2022-10-01,Success
26331,2099,32276,2022-04-02,Success
24783,2813,4884,2022-12-10,Success
3901,1899,29776,2022-06-21,Success
21905,1335,15983,2023-03-30,Success
39191,2541,35386,2022-10-25,Success
10359,1575,38823,2022-06-16,Success
13370,1173,15934,2023-01-08,Success
30614,1003,19036,2023-01-05,Success
27380,2163,37888,2022-10-03,Success
40559,383,20558,2023-04-06,Success
39938,2213,17975,2022-07-17,Success
1878,1401,11934,2022-05-14,Success
39475,148,25144,2023-03-16,Success
28775,926,10123,2022-10-25,Success
50639,1563,17075,2022-05-06,Success
42318,998,1401,2022-06-18,Rejected by the driver
26046,2339,21007,2023-03-11,Cancelled by the passenger
26852,683,4976,2022-12-12,Success
24400,512,24990,2023-03-15,Cancelled by the passenger
25027,559,18026,2022-07-24,Success
55620,1629,22638,2022-08-22,Success
36154,2092,12307,2023-03-13,Cancelled by the passenger
32533,1032,36379,2023-02-07,Rejected by the driver
23757,165,16663,2022-04-25,Success
5348,851,2956,2022-08-19,Success
45346,642,10262,2023-03-02,Success
3460,2893,31164,2022-07-18,Success
25259,908,33008,2022-03-31,Success
44102,1486,29274,2023-01-28,Success
48262,811,37756,2023-04-03,Success
11083,61,6831,2022-04-30,Cancelled by the passenger
40524,2741,15560,2022-06-01,Cancelled by the passenger
8279,846,10206,2022-06-13,Success
48943,401,12039,2022-06-20,Rejected by the driver
13450,724,19560,2023-03-20,Rejected by the driver
39010,1663,10221,2022-11-23,Success
57436,2219,17071,2023-01-05,Cancelled by the passenger
28197,1957,7865,2022-12-04,Success
28917,1526,15560,2022-11-07,Cancelled by the passenger
49360,1911,5397,2022-05-04,Success
33519,2293,7843,2022-11-06,Cancelled by the passenger
59400,379,23278,2023-02-10,Success
330,1818,29550,2023-04-02,Success
28501,102,7467,2022-08-04,Success
8155,2992,28305,2022-12-04,Success
1246,1318,16470,2022-10-22,Rejected by the driver
2716,42,33099,2022-10-31,Success
14066,513,17780,2023-04-05,Success
3167,1206,12285,2022-12-28,Success
57226,232,32683,2022-04-25,Rejected by the driver
55446,1746,37864,2022-12-25,Success
35600,856,6196,2022-04-30,Success
15427,2642,2902,2022-04-18,Rejected by the driver
24445,1713,36090,2023-02-20,Success
31832,1703,16496,2022-04-10,Success
50517,355,7651,2022-11-30,Success
29758,1960,11384,2022-05-24,Cancelled by the passenger
48023,2255,13810,2023-03-15,Success
57689,935,3130,2022-04-16,Success
52903,135,38966,2023-04-11,Success
14769,1895,8962,2022-04-08,Cancelled by the passenger
49941,1764,3798,2022-07-05,Rejected by the driver
20958,1659,22019,2022-10-02,Cancelled by the passenger
51228,984,24889,2022-12-25,Success
48630,1042,191,2022-05-08,Success
59757,1797,38923,2023-04-11,Success
43705,1160,35355,2022-09-15,Success
31804,2984,16961,2022-08-26,Success
47003,2710,12939,2022-05-10,Success
16239,1117,10602,2023-04-13,Success
33953,298,19497,2022-03-15,Success
41199,1201,4814,2022-05-11,Rejected by the driver
35121,2760,17960,2022-10-01,Success
41121,2316,34045,2022-08-09,Success
11323,2476,25389,2023-02-26,Success
7821,210,35222,2022-11-07,Success
16707,1335,14161,2023-02-22,Success
54507,761,16648,2022-07-10,Cancelled by the passenger
56905,1433,16395,2022-05-19,Success
35381,1280,4319,2022-12-08,Success
51369,2287,35969,2022-08-12,Success
10019,574,21244,2022-06-27,Success
2376,463,23718,2022-12-26,Rejected by the driver
34924,43,33859,2023-03-07,Success
45587,1028,19550,2023-02-25,Success
48619,2960,25058,2023-03-30,Success
57775,529,32534,2022-05-10,Success
39786,2043,19690,2022-05-02,Success
25111,898,10011,2022-04-05,Success
8870,571,15813,2022-08-11,Cancelled by the passenger
33347,2380,17166,2022-04-20,Success
46905,1262,35237,2022-04-25,Cancelled by the passenger
51984,167,31298,2022-12-16,Success
49222,1704,4805,2022-06-21,Success
41353,312,32791,2022-08-14,Success
4262,562,6246,2022-05-04,Success
28170,258,1600,2023-03-04,Success
52,38,15785,2022-04-23,Success
18384,2953,22832,2022-07-31,Cancelled by the passenger
38126,2431,16835,2022-04-13,Rejected by the driver
2856,2118,29248,2023-03-27,Rejected by the driver
58123,1356,21437,2023-04-01,Success
37145,429,27810,2022-10-13,Rejected by the driver
17411,848,15070,2023-03-09,Success
4654,764,11655,2022-03-16,Success
36280,1532,20298,2022-11-20,Success
59394,1578,39948,2022-12-18,Cancelled by the passenger
51309,1981,37031,2023-02-02,Rejected by the driver
46312,415,30704,2023-04-11,Success
19865,1410,37708,2023-04-04,Success
12947,1050,31232,2022-03-24,Success
50953,2443,9322,2022-09-03,Success
25593,1190,21313,2022-10-09,Success
41714,2663,3217,2022-09-21,Cancelled by the passenger
55406,2001,37618,2022-12-26,Success
40359,1578,6796,2023-01-05,Cancelled by the passenger
19923,628,39287,2022-12-05,Cancelled by the passenger
8044,2742,7076,2022-07-11,Rejected by the driver
58581,882,2892,2022-08-05,Cancelled by the passenger
41891,1874,26792,2023-01-07,Rejected by the driver
8257,1572,9064,2023-03-10,Success
38733,2531,16439,2022-10-30,Success
57631,1882,13661,2022-08-22,Success
3824,2740,14184,2023-03-31,Success
20201,264,23788,2022-10-06,Success
3452,1751,5249,2022-10-10,Rejected by the driver
49415,198,26775,2022-07-08,Success
39848,2182,20608,2023-02-26,Rejected by the driver
7517,70,15298,2023-01-26,Success
5969,2938,18820,2022-04-23,Success
9039,810,24884,2023-02-15,Cancelled by the passenger
7789,2694,1658,2022-04-03,Success
4876,2394,35817,2022-03-18,Success
26067,509,16135,2022-06-15,Success
46453,1328,37534,2023-02-15,Success
3591,1678,25643,2022-04-30,Rejected by the driver
5028,553,24355,2022-10-23,Success
12623,2639,36127,2022-08-28,Success
55462,2188,28122,2022-07-31,Success
12279,1909,26649,2023-01-06,Cancelled by the passenger
17623,861,3656,2023-01-01,Success
59987,2375,2198,2023-03-01,Success
37876,1677,28762,2022-10-11,Cancelled by the passenger
48852,1493,24854,2022-07-16,Rejected by the driver
42107,2096,16334,2022-09-24,Rejected by the driver
34411,2391,18543,2023-02-03,Cancelled by the passenger
52496,814,11375,2022-09-28,Rejected by the driver
36331,2018,6231,2023-01-27,Success
5483,1501,34667,2022-08-25,Success
53046,1932,21267,2022-11-23,Rejected by the driver
41314,1513,18240,2022-06-24,Success
51288,1475,37294,2022-11-05,Success
28244,1667,6217,2022-05-03,Success
53967,872,1649,2022-09-04,Success
7191,1104,4475,2023-02-16,Success
46343,2082,32512,2022-07-13,Success
12582,94,3574,2022-04-04,Success
481,949,19509,2022-11-27,Cancelled by the passenger
34414,1290,4946,2022-07-01,Cancelled by the passenger
13143,1777,37022,2022-04-05,Success
39519,972,28834,2022-05-29,Cancelled by the passenger
19871,2814,8596,2022-09-06,Rejected by the driver
50606,2066,37553,2022-11-14,Success
6682,1316,37344,2022-12-01,Success
8153,242,3576,2023-01-22,Cancelled by the passenger
34466,962,38238,2022-11-02,Rejected by the driver
45848,72,31791,2023-03-09,Success
13738,669,23742,2022-06-30,Success
17246,229,28064,2023-04-07,Cancelled by the passenger
54478,1314,33060,2022-09-08,Success
27436,2743,2582,2023-02-24,Rejected by the driver
8512,2560,33624,2022-06-01,Success
44623,1817,17066,2022-12-19,Success
10622,1835,12001,2023-03-08,Success
47372,2636,32767,2022-09-03,Success
14768,2190,6461,2022-09-30,Cancelled by the passenger
3467,805,16110,2022-09-09,Success
34674,2245,4269,2023-03-24,Success
657,412,23650,2022-05-05,Success
52551,1096,5794,2023-03-21,Success
28584,2401,38402,2022-07-19,Success
55552,488,10091,2022-09-03,Rejected by the driver
7256,733,21869,2022-08-26,Rejected by the driver
29035,684,13903,2022-06-05,Success
48083,103,29237,2022-11-05,Success
54072,2030,25375,2023-01-08,Success
41792,1756,19404,2023-01-01,Success
7722,228,37171,2022-12-09,Success
35324,1301,2351,2023-01-20,Cancelled by the passenger
9562,2284,24840,2022-03-25,Cancelled by the passenger
20283,2523,29272,2022-11-25,Cancelled by the passenger
39072,2089,16244,2023-02-02,Cancelled by the passenger
26723,373,18727,2023-03-15,Success
8325,881,28253,2023-02-07,Success
37317,2541,29061,2022-09-22,Success
44207,490,33344,2023-03-11,Success
15004,1908,22037,2022-10-11,Success
27483,2763,18703,2023-04-13,Success
59203,2507,7671,2023-04-05,Rejected by the driver
17452,742,4983,2022-09-08,Cancelled by the passenger
50702,1412,9287,2022-05-28,Success
3045,2756,25266,2023-03-28,Success
11564,1840,29173,2022-12-01,Success
14676,1024,28839,2022-09-24,Success
18165,1536,27591,2023-03-19,Success
14374,925,30591,2022-07-25,Success
45517,95,39318,2022-11-22,Success
15718,266,26142,2022-11-24,Success
8149,1828,33051,2022-07-25,Cancelled by the passenger
53005,812,29810,2022-08-31,Success
19265,1366,22560,2022-10-04,Success
58257,995,1580,2022-09-07,Success
9032,1163,5983,2022-11-19,Success
43131,74,33237,2023-01-20,Success
42904,1610,19527,2023-02-28,Success
41681,1177,35001,2023-01-05,Rejected by the driver
12845,2574,31704,2022-03-14,Success
5834,2792,10831,2022-07-29,Rejected by the driver
36223,1949,22552,2023-03-03,Success
49342,1011,13115,2023-02-17,Cancelled by the passenger
42015,2962,6177,2023-01-05,Success
15861,995,16900,2023-01-23,Cancelled by the passenger
54444,1718,2039,2022-09-15,Success
7707,2481,32817,2023-04-02,Success
49400,2809,30076,2022-07-03,Success
59592,511,13080,2022-06-23,Success
11191,2928,11366,2022-10-22,Success
19428,2921,36211,2022-10-21,Success
25367,905,8855,2023-01-20,Success
59231,1606,6651,2022-09-17,Success
40692,281,8435,2022-06-10,Cancelled by the passenger
17319,1277,14123,2022-11-15,Success
57172,2810,11541,2023-02-27,Success
12195,2400,35018,2022-05-02,Rejected by the driver
50936,1956,33739,2022-03-14,Success
1427,1351,29405,2022-11-06,Success
34503,878,36592,2022-05-01,Success
41661,2246,9939,2022-05-06,Success
4938,241,3470,2023-02-18,Success
49497,2177,16220,2022-11-20,Success
29374,2864,25202,2022-11-26,Rejected by the driver
47610,2161,5143,2023-03-05,Success
42624,634,6876,2022-12-13,Rejected by the driver
16802,1963,15991,2022-05-13,Success
42042,1352,36000,2022-12-26,Success
44605,2140,29142,2023-03-05,Success
33812,2952,34360,2022-07-14,Success
52190,1132,27439,2022-04-03,Success
37715,104,33165,2022-03-24,Success
181,1055,4136,2022-12-07,Success
24310,1773,32395,2022-07-01,Rejected by the driver
2573,2865,20601,2022-05-20,Rejected by the driver
44818,1758,39428,2023-03-19,Success
40042,1929,21354,2022-10-16,Success
55171,1118,691,2022-03-16,Success
33092,1128,12781,2022-12-03,Success
29685,1910,21583,2022-10-05,Cancelled by the passenger
20281,2333,16016,2022-08-22,Success
13854,2243,23991,2022-05-14,Success
30566,2346,11723,2022-04-27,Cancelled by the passenger
2269,1646,17763,2023-01-14,Success
16121,1334,31944,2022-11-19,Success
51373,728,29277,2022-07-29,Rejected by the driver
19516,2161,17029,2022-11-28,Success
30949,612,23236,2023-01-26,Success
22534,620,7351,2022-11-29,Success
36546,409,38262,2022-04-10,Success
59249,2128,19264,2022-11-03,Success
7442,2437,12782,2022-07-30,Success
43711,43,24306,2022-11-03,Success
10954,562,20381,2022-05-17,Cancelled by the passenger
32332,2501,27357,2023-01-25,Success
33488,2951,4970,2023-01-01,Success
13762,2517,18383,2022-03-29,Success
57753,540,18937,2022-11-05,Success
42136,1999,5245,2023-03-12,Success
45673,2855,37236,2022-06-04,Success
31296,281,11710,2023-01-03,Rejected by the driver
46669,333,39833,2023-03-20,Success
48571,747,35770,2023-03-01,Success
21457,1735,32291,2022-07-07,Cancelled by the passenger
22053,2555,34564,2022-11-24,Success
39552,756,26142,2022-03-31,Success
24437,106,10250,2023-03-03,Cancelled by the passenger
24154,1608,7360,2022-04-02,Success
56246,818,18361,2022-07-08,Success
24503,2108,14227,2022-11-18,Success
36645,890,31181,2022-07-15,Success
54295,2948,23395,2022-05-19,Success
17162,2973,16008,2022-09-26,Success
27004,1,31160,2023-04-13,Success
5276,134,38028,2023-03-06,Success
39201,894,18135,2023-03-16,Success
35330,576,9314,2022-04-25,Cancelled by the passenger
25420,962,28548,2022-10-16,Success
50538,1729,9518,2022-11-21,Success
59952,1771,26051,2022-08-29,Success
8625,2001,5371,2022-09-06,Rejected by the driver
9594,2240,30276,2023-03-06,Cancelled by the passenger
2637,1899,29123,2022-11-25,Cancelled by the passenger
39374,29,24330,2022-04-21,Success
10666,2062,24548,2022-08-19,Success
49603,477,1609,2023-04-02,Success
22016,1690,34689,2022-11-29,Success
31568,1387,39828,2022-12-27,Success
20543,2799,18652,2023-04-04,Success
11086,2614,6021,2022-09-20,Success
44234,1739,37901,2022-10-08,Success
4787,1124,23368,2022-07-09,Success
55249,17,146,2023-03-12,Success
2566,220,1783,2022-06-02,Success
46765,471,1949,2023-04-09,Cancelled by the passenger
53226,2332,10440,2023-02-20,Success
2697,1499,39986,2022-07-03,Cancelled by the passenger
3421,1146,7937,2022-03-23,Success
24994,686,14881,2023-03-15,Success
54286,1925,20889,2022-05-26,Success
19131,519,10617,2023-01-20,Cancelled by the passenger
47107,911,9698,2023-03-02,Cancelled by the passenger
24487,1768,38929,2023-03-08,Success
3235,792,33124,2023-01-03,Success
44195,1110,24543,2022-08-07,Success
21238,424,26804,2023-03-10,Success
47426,659,12214,2023-01-12,Success
51524,363,23850,2022-05-26,Success
3378,1958,37112,2022-05-13,Success
42000,90,22143,2022-12-11,Success
19380,2295,9801,2022-06-23,Success
32238,2325,20616,2022-11-13,Rejected by the driver
48937,428,8346,2023-03-18,Success
18502,137,3055,2022-12-03,Success
30576,614,38883,2022-03-29,Success
25011,133,12459,2023-02-27,Success
46977,1027,4956,2022-12-04,Success
11268,1343,10150,2022-11-18,Success
4808,2392,759,2022-07-29,Cancelled by the passenger
2963,1368,1142,2022-06-16,Cancelled by the passenger
56730,371,4179,2022-06-14,Success
53597,537,17484,2022-04-27,Cancelled by the passenger
44772,1782,19886,2023-03-29,Success
44975,2328,885,2023-02-24,Success
46623,1116,1090,2023-02-09,Success
29809,2730,24324,2022-11-15,Cancelled by the passenger
40336,2436,39208,2022-04-14,Success
5362,2703,32469,2023-03-02,Success
18218,1990,20149,2022-05-05,Success
18327,638,5319,2022-12-16,Success
5225,1737,31760,2023-03-02,Rejected by the driver
910,208,13363,2022-08-13,Success
29773,479,21799,2022-09-27,Success
40925,1673,6782,2022-11-13,Rejected by the driver
10434,766,2383,2022-05-06,Success
11854,386,29330,2023-01-29,Success
48271,2177,16980,2022-06-29,Cancelled by the passenger
49854,2045,2774,2022-06-13,Rejected by the driver
2427,1841,15724,2022-04-10,Success
49286,1719,36468,2023-03-17,Success
23215,1817,17545,2022-04-27,Cancelled by the passenger
36110,175,4236,2022-06-16,Rejected by the driver
30946,1046,34941,2022-04-09,Rejected by the driver
23524,198,24267,2023-04-08,Success
27047,78,7318,2022-06-18,Rejected by the driver
33039,444,29303,2022-07-07,Success
15529,2553,29261,2023-04-08,Success
12217,401,11865,2022-12-18,Success
31797,2093,24323,2022-06-02,Success
27660,1826,25426,2022-07-03,Success
30637,1,5349,2023-01-04,Success
47042,2164,894,2023-02-10,Success
53746,1529,36672,2022-06-20,Success
6327,530,19695,2022-03-19,Success
7519,409,18938,2022-03-20,Success
47960,1834,14585,2022-03-14,Success
46256,2533,8300,2023-03-14,Success
43827,1592,11564,2022-08-22,Success
50992,1125,26011,2022-12-21,Success
40876,1292,31873,2023-03-28,Cancelled by the passenger
33788,797,29269,2023-03-16,Success
14262,1172,28360,2022-03-16,Success
46948,2827,18714,2023-02-12,Cancelled by the passenger
51763,465,32028,2022-10-03,Success
7099,1342,38562,2023-04-14,Success
38725,2252,16581,2022-06-23,Success
7631,2756,25329,2023-01-27,Success
9153,776,17156,2022-03-20,Success
46099,2680,16698,2022-10-15,Success
58150,2950,38555,2022-08-06,Success
40118,2847,5777,2022-07-10,Success
14393,564,30155,2022-03-14,Cancelled by the passenger
31818,1533,29617,2022-07-10,Success
27967,2837,26657,2022-10-21,Cancelled by the passenger
9105,1228,19997,2022-05-17,Rejected by the driver
22583,2882,25184,2022-12-04,Success
10335,662,10300,2023-01-21,Success
5709,692,698,2023-02-07,Success
47837,301,10877,2023-01-10,Cancelled by the passenger
46491,2460,3870,2022-03-29,Success
9544,897,18593,2023-01-20,Success
22529,963,19095,2022-08-27,Rejected by the driver
18471,2250,20852,2022-06-02,Success
51470,172,29387,2023-01-30,Rejected by the driver
43726,286,21396,2022-07-18,Success
1932,2978,1744,2022-06-22,Success
38736,2918,28181,2022-11-14,Success
26156,1946,31223,2022-10-10,Success
37905,86,12851,2022-05-25,Success
21555,885,9844,2022-10-11,Success
4867,1004,29139,2022-11-18,Cancelled by the passenger
54744,911,5231,2023-02-14,Cancelled by the passenger
35061,507,20206,2022-05-08,Success
22940,737,13906,2023-02-14,Success
42888,636,30252,2023-01-28,Success
51346,2891,6380,2023-02-06,Success
39129,2719,955,2022-11-22,Rejected by the driver
23279,391,16791,2022-08-23,Rejected by the driver
44619,1986,36411,2022-12-01,Cancelled by the passenger
25792,1431,12942,2022-12-02,Rejected by the driver
6163,2033,19618,2022-04-28,Success
27432,2381,33398,2022-03-23,Rejected by the driver
1266,2195,36154,2023-03-10,Success
11159,1410,11440,2022-10-09,Rejected by the driver
21539,804,11679,2023-03-29,Cancelled by the passenger
34225,2888,32323,2022-09-20,Success
38745,1833,37218,2023-02-05,Success
45463,2551,14941,2023-01-31,Cancelled by the passenger
11138,2059,1280,2022-12-08,Success
58673,1262,28744,2022-04-14,Success
54139,87,160,2022-04-05,Rejected by the driver
54943,62,7136,2023-02-22,Success
49972,2840,16201,2022-12-07,Success
23729,954,38387,2022-07-20,Success
55770,1415,29762,2022-10-05,Success
34112,1028,8734,2023-01-15,Success
33203,1237,17567,2022-12-26,Success
34564,1014,24288,2022-11-08,Success
45174,1721,7139,2022-09-13,Success
38986,41,13,2022-05-28,Success
33624,1676,27972,2022-04-19,Success
54778,410,14669,2023-02-14,Success
5848,23,20363,2022-12-06,Rejected by the driver
59497,1854,12642,2023-02-27,Cancelled by the passenger
32175,1326,11740,2022-04-05,Success
49810,603,34352,2022-10-05,Success
25054,788,20780,2022-04-25,Rejected by the driver
21192,728,9428,2022-09-08,Success
9675,1693,38865,2022-06-06,Success
17967,110,307,2023-02-23,Cancelled by the passenger
14086,48,17375,2022-07-02,Success
22704,398,20288,2022-09-08,Rejected by the driver
19070,602,617,2022-04-12,Success
8688,2375,23957,2022-04-05,Success
27225,1727,35561,2023-03-09,Cancelled by the passenger
1319,1989,14569,2023-02-24,Success
44286,2755,32395,2022-04-03,Cancelled by the passenger
48887,25,15367,2023-03-30,Success
846,1236,22561,2023-02-13,Rejected by the driver
1273,2039,579,2022-04-17,Rejected by the driver
57842,62,5014,2022-10-25,Success
23189,619,16657,2022-12-07,Success
7051,1271,7489,2022-04-19,Success
57297,1545,14647,2022-10-25,Success
45148,1075,8552,2022-08-31,Cancelled by the passenger
58166,2827,28471,2022-11-18,Success
24118,1197,17080,2022-04-15,Success
17292,632,5887,2022-03-13,Success
45807,263,24709,2022-10-01,Rejected by the driver
49716,2913,13996,2023-03-09,Cancelled by the passenger
3703,2367,30178,2022-06-17,Rejected by the driver
12575,1980,9049,2022-06-13,Success
19264,181,21807,2022-08-22,Rejected by the driver
8874,154,20267,2022-03-28,Success
31461,2639,37578,2023-01-12,Success
10837,1705,13111,2022-04-26,Rejected by the driver
30484,1984,13779,2022-08-17,Success
57258,1415,34684,2022-07-03,Rejected by the driver
16404,1491,7835,2022-04-01,Success
38649,2510,24770,2023-03-31,Success
26637,1364,37395,2022-09-19,Success
9902,1680,7370,2023-01-31,Success
124,2449,33224,2022-10-30,Success
47101,617,22220,2022-04-03,Success
20581,2486,30481,2022-11-12,Success
59913,231,33456,2022-12-12,Success
21751,1565,28728,2022-10-19,Success
35161,221,1351,2022-10-02,Cancelled by the passenger
53911,1184,32368,2022-11-17,Rejected by the driver
42686,2411,26502,2023-02-28,Success
12496,280,13348,2022-03-29,Success
21259,2110,22588,2022-09-26,Success
21856,2164,19983,2023-03-26,Cancelled by the passenger
6034,328,19701,2023-01-14,Success
12651,2354,4815,2023-03-01,Success
34981,2456,33142,2022-06-14,Success
9050,1814,20134,2022-05-11,Success
47517,1688,25595,2022-05-04,Success
16083,847,3372,2022-09-26,Success
4064,1684,8982,2022-08-20,Success
39137,47,37639,2022-08-03,Success
36971,2813,14981,2023-03-11,Success
17621,2469,33391,2023-03-14,Success
35468,1899,23560,2022-03-13,Success
59695,751,34360,2022-09-08,Success
6997,1043,16746,2022-06-01,Success
29399,2731,224,2023-01-10,Success
16095,1478,976,2022-09-04,Rejected by the driver
48214,761,39086,2023-03-28,Success
40167,1046,1556,2022-08-10,Success
19559,595,35948,2022-09-13,Success
52641,2442,3949,2022-06-04,Success
53278,456,19907,2022-03-15,Success
34442,2257,4950,2022-10-29,Rejected by the driver
6124,1189,25521,2022-10-11,Success
44064,2163,32565,2023-02-13,Success
16660,1165,27258,2023-03-04,Success
20004,2567,26504,2022-04-13,Success
7095,2436,15537,2023-03-26,Success
27155,1195,19649,2022-03-26,Success
14221,1732,25864,2023-01-24,Cancelled by the passenger
12386,218,22397,2023-04-09,Success
12329,939,22796,2023-04-13,Success
19017,1179,33532,2022-08-19,Success
35919,1484,36000,2022-12-17,Cancelled by the passenger
16714,1837,21202,2022-05-05,Rejected by the driver
43883,2880,37964,2022-11-05,Success
39512,2951,31378,2022-08-22,Success
36140,1665,20948,2022-07-08,Success
47946,2223,15230,2023-01-27,Success
48195,1838,19390,2022-03-25,Success
7238,192,30617,2023-01-29,Cancelled by the passenger
6277,1046,3198,2022-09-04,Success
36974,2140,3808,2022-09-16,Success
19429,2541,2355,2023-01-18,Success
22350,2925,30167,2023-02-10,Success
31420,1822,16088,2022-06-24,Success
37661,1963,39474,2023-01-05,Success
36465,2680,33563,2022-08-13,Success
28481,263,5632,2023-03-26,Success
10364,1444,18705,2022-09-16,Cancelled by the passenger
54043,1195,24578,2022-05-12,Success
14340,71,12624,2022-04-20,Success
54236,1104,24676,2023-01-04,Success
8848,2315,30309,2023-01-14,Success
49723,1478,3284,2022-03-16,Cancelled by the passenger
7476,2297,9208,2023-03-20,Success
24352,1303,30606,2023-02-11,Cancelled by the passenger
18250,455,8778,2022-07-27,Rejected by the driver
58936,398,31034,2022-04-29,Rejected by the driver
684,1972,1028,2022-12-30,Success
53939,1554,23618,2022-07-06,Success
24105,1456,9104,2023-01-16,Success
31603,2712,21525,2023-03-08,Success
13878,2919,16461,2022-08-10,Success
51343,996,26393,2022-06-28,Cancelled by the passenger
2366,2562,13100,2023-03-07,Success
52980,504,33425,2023-02-06,Success
27676,1760,32898,2022-12-24,Success
4170,2349,29942,2022-12-10,Success
27168,767,32639,2022-06-26,Success
11307,2940,3253,2022-03-21,Success
14996,69,16600,2022-09-01,Success
23927,1113,21897,2022-05-13,Rejected by the driver
56072,127,13077,2023-01-31,Success
3409,2242,24522,2023-01-27,Success
41913,1181,18269,2022-05-30,Rejected by the driver
8803,1007,22872,2022-12-17,Rejected by the driver
56622,924,35051,2022-06-30,Success
30743,500,27936,2022-09-06,Success
906,844,11282,2022-07-05,Rejected by the driver
20407,2599,27498,2022-07-31,Success
41521,209,7295,2022-04-25,Success
48580,2286,38356,2022-08-05,Success
8628,2933,31548,2022-12-12,Success
5818,768,36511,2023-04-13,Success
17981,2632,38216,2022-07-28,Success
2766,2279,36059,2022-10-02,Success
16986,408,15934,2022-03-18,Success
781,990,28713,2022-11-02,Success
40415,2158,5995,2023-02-15,Success
27497,1355,19902,2022-12-31,Success
11985,1193,26911,2022-08-08,Rejected by the driver
56539,60,14424,2022-11-23,Cancelled by the passenger
52391,959,10123,2022-12-01,Cancelled by the passenger
40389,2890,19194,2022-04-29,Success
6978,2706,15393,2022-07-22,Rejected by the driver
35370,2964,30307,2022-07-10,Cancelled by the passenger
35049,2788,11065,2022-07-30,Cancelled by the passenger
12935,2547,13492,2022-10-03,Success
36820,2374,33914,2022-05-26,Rejected by the driver
31821,2692,38918,2022-08-03,Rejected by the driver
22257,1770,30203,2022-03-17,Success
41622,1887,15556,2022-04-12,Success
19455,2871,4665,2023-03-21,Rejected by the driver
25250,2848,20528,2022-04-05,Success
24677,976,24707,2022-12-14,Success
50620,804,4364,2022-10-10,Cancelled by the passenger
4987,1123,31419,2022-12-22,Cancelled by the passenger
45508,2236,12096,2022-04-12,Success
20157,1042,13525,2022-12-25,Cancelled by the passenger
51377,1390,29921,2023-03-05,Success
27787,1038,17281,2022-11-28,Success
43782,2723,32984,2022-11-19,Rejected by the driver
22740,1484,29576,2022-09-30,Success
982,1902,20540,2022-10-26,Success
25897,1111,38720,2022-09-02,Rejected by the driver
48995,1019,10240,2023-01-13,Cancelled by the passenger
8093,1076,37180,2022-10-18,Success
23500,1871,11565,2023-04-09,Success
59857,1121,15443,2022-07-20,Success
39829,2982,1569,2022-04-16,Success
56768,1537,3024,2022-05-26,Success
26920,2022,33602,2022-10-22,Rejected by the driver
18443,1410,10699,2022-11-03,Success
20874,1173,29531,2022-07-23,Success
19354,883,4616,2022-09-09,Rejected by the driver
2824,1204,12956,2022-12-29,Success
31726,626,21281,2022-06-14,Cancelled by the passenger
1241,2300,8497,2023-04-10,Success
28344,1907,11750,2022-04-30,Success
15803,1167,30133,2022-04-22,Success
55974,2948,7506,2023-01-04,Rejected by the driver
38628,244,29094,2022-09-05,Success
8981,178,35284,2022-07-03,Cancelled by the passenger
47125,2260,33353,2023-03-12,Success
19411,191,28124,2023-01-18,Success
52368,2071,30622,2022-07-31,Success
24684,211,20748,2022-10-09,Success
47120,2675,36951,2023-01-18,Success
51573,2380,32393,2022-03-31,Rejected by the driver
35781,1801,23367,2022-08-03,Success
22737,1955,22062,2022-10-21,Success
37128,2025,37961,2022-08-22,Success
43492,1570,29252,2023-04-14,Success
14328,115,22802,2022-10-02,Success
14296,2651,12600,2023-01-11,Success
54888,766,9306,2022-10-27,Success
19267,525,17954,2022-08-10,Cancelled by the passenger
40247,1008,18062,2022-07-13,Success
25557,1673,17841,2022-04-26,Success
26843,351,17247,2022-06-03,Success
24130,1903,1525,2022-12-25,Success
3989,710,10998,2022-06-14,Cancelled by the passenger
58353,2144,1862,2022-07-09,Success
31060,488,25234,2022-04-22,Success
47034,1595,16554,2022-07-30,Cancelled by the passenger
1743,2678,39482,2022-08-14,Success
9568,323,6223,2022-09-19,Success
45063,2409,6999,2023-03-01,Success
8398,2019,31592,2023-03-29,Success
48439,739,14907,2022-12-03,Rejected by the driver
34144,154,34938,2022-12-24,Success
25583,1962,31644,2022-11-18,Success
8659,2250,9713,2022-10-28,Success
48288,765,12406,2022-12-29,Success
22328,2474,39789,2022-06-27,Rejected by the driver
34075,263,20044,2022-07-14,Success
54589,2069,35983,2023-04-03,Success
33911,2332,19175,2022-08-08,Success
58798,694,22064,2022-04-18,Rejected by the driver
36928,2237,5384,2022-11-09,Success
34985,1170,24194,2022-05-03,Rejected by the driver
51719,2614,10803,2022-05-31,Success
15288,2615,31721,2022-04-30,Rejected by the driver
1269,88,26906,2022-09-05,Success
55397,1198,14601,2022-05-22,Success
17330,801,21330,2022-12-21,Success
49533,768,5068,2022-08-07,Success
25630,715,22539,2022-11-23,Cancelled by the passenger
7229,2003,26466,2022-12-17,Success
36103,1775,12442,2023-03-24,Success
52133,1817,30220,2022-06-12,Success
38668,1960,31501,2022-05-08,Success
39349,2212,36942,2022-12-08,Rejected by the driver
7344,1649,16442,2022-06-09,Success
22397,495,16662,2023-04-04,Success
44697,276,29966,2023-02-01,Cancelled by the passenger
10298,2259,36481,2022-11-17,Success
25312,779,29911,2022-09-15,Success
27075,2660,36133,2022-11-30,Success
8969,963,19261,2022-12-19,Success
57655,2845,34461,2022-10-26,Success
21491,1971,35165,2022-10-17,Success
25505,2547,6921,2022-10-08,Cancelled by the passenger
37511,2028,17861,2023-02-10,Success
27437,2278,2221,2023-02-10,Cancelled by the passenger
42827,2106,25642,2023-03-01,Cancelled by the passenger
52347,1218,21802,2023-03-11,Success
20205,1392,14302,2022-08-31,Cancelled by the passenger
5328,1124,27708,2022-10-16,Success
25734,26,20730,2022-11-26,Success
12987,914,24049,2022-04-06,Success
26866,1984,34934,2022-06-30,Success
43327,880,24157,2023-01-13,Success
9078,2735,31014,2023-02-20,Success
34419,730,16615,2022-08-11,Success
35878,444,8267,2022-07-12,Rejected by the driver
53929,325,10884,2023-04-12,Success
56738,19,24800,2022-11-21,Cancelled by the passenger
14100,2018,30365,2022-08-28,Success
12224,634,30490,2023-02-20,Rejected by the driver
39215,1521,34218,2022-08-20,Success
6348,465,3654,2023-02-14,Success
1008,2612,31914,2022-11-14,Success
28868,66,16128,2022-08-08,Success
48592,1022,11041,2022-06-28,Success
26380,1735,12846,2022-11-27,Rejected by the driver
56207,858,20265,2023-03-24,Success
33926,209,23709,2023-02-16,Rejected by the driver
26025,2951,19217,2022-08-18,Success
32003,2788,1406,2023-03-16,Success
35079,1228,6712,2022-12-15,Rejected by the driver
16856,2704,17439,2022-11-15,Success
14241,198,38470,2022-11-17,Success
19510,2664,22151,2022-10-20,Cancelled by the passenger
13410,173,23773,2022-11-03,Success
11245,641,34151,2022-08-29,Success
22589,1366,33336,2022-05-01,Cancelled by the passenger
27344,966,4419,2022-10-09,Success
33876,1858,31158,2022-03-27,Success
31048,436,17303,2022-09-12,Success
27525,2124,19955,2022-06-28,Success
54620,2543,7697,2023-01-03,Success
50949,2535,25250,2023-03-09,Success
48310,1370,36185,2022-04-02,Rejected by the driver
10175,1634,27410,2022-03-14,Success
30920,733,17819,2022-04-20,Rejected by the driver
26689,2255,9567,2022-09-03,Cancelled by the passenger
34683,2120,17713,2022-10-23,Success
56015,943,19476,2022-06-06,Success
29110,1842,29489,2022-04-27,Success
12305,2350,22898,2023-03-16,Rejected by the driver
45302,397,26223,2022-12-05,Success
36868,1829,37686,2022-08-25,Rejected by the driver
56923,2605,4497,2022-10-09,Success
22718,2268,11979,2023-04-04,Success
25937,876,35781,2022-12-15,Success
15105,1435,10322,2022-09-17,Success
33830,753,2138,2023-02-05,Success
4023,2851,8582,2022-10-22,Success
22548,247,23757,2023-02-15,Cancelled by the passenger
12434,2129,25738,2022-05-18,Success
46078,1565,2598,2023-03-20,Success
30532,570,521,2023-04-15,Success
31898,2470,11297,2022-04-16,Success
191,343,38056,2022-07-12,Rejected by the driver
6892,1905,20426,2022-08-17,Success
47567,761,6973,2022-10-07,Cancelled by the passenger
11732,694,38339,2022-05-19,Success
40825,1010,31726,2023-01-28,Success
29157,2122,12936,2022-04-06,Success
40177,167,9826,2022-10-03,Rejected by the driver
7270,2312,5975,2023-04-01,Success
10127,1901,27649,2022-10-08,Success
34771,2636,1844,2023-02-23,Success
1371,1404,36350,2023-01-28,Success
29426,116,11836,2022-10-31,Success
4211,2644,22345,2022-10-01,Success
37819,2962,28668,2022-07-12,Success
41081,152,20883,2022-08-01,Success
13423,1407,8843,2023-03-02,Cancelled by the passenger
8687,1484,11664,2022-06-04,Success
8303,827,3507,2022-03-27,Cancelled by the passenger
10659,362,15908,2022-09-07,Success
20123,2490,21823,2022-11-03,Cancelled by the passenger
42016,1273,27439,2023-01-01,Success
44463,1818,25738,2023-01-26,Rejected by the driver
33558,66,20724,2022-12-11,Cancelled by the passenger
23510,2082,30611,2022-05-27,Success
3221,602,22705,2022-06-22,Success
12649,2254,27578,2022-04-29,Success
30274,11,15259,2023-03-22,Success
12521,2558,23621,2023-01-17,Success
29921,2740,32913,2022-10-27,Success
28811,913,34017,2022-04-17,Success
59419,419,13455,2022-08-29,Rejected by the driver
45001,1738,7961,2022-03-22,Success
12979,2223,8472,2022-08-11,Success
53909,1637,8445,2022-11-24,Rejected by the driver
2929,2167,9028,2022-10-18,Success
1915,659,9319,2022-11-17,Success
57123,816,3481,2022-08-24,Success
55935,462,34789,2022-07-25,Success
47634,1636,11282,2023-02-17,Success
12654,1818,32119,2022-09-04,Success
34831,2789,18328,2022-05-14,Success
24446,1676,31100,2023-02-12,Success
9571,2131,34743,2022-04-17,Success
41894,716,14823,2022-12-21,Success
5142,935,38650,2022-12-18,Success
22337,421,20430,2023-03-12,Rejected by the driver
51003,629,9069,2023-01-29,Success
27073,2230,29596,2022-06-05,Success
43462,2550,32597,2022-06-12,Rejected by the driver
42521,1151,21815,2022-10-29,Cancelled by the passenger
12301,303,841,2022-10-05,Rejected by the driver
13715,781,16994,2022-09-12,Rejected by the driver
30060,613,32391,2022-06-16,Success
29270,1354,930,2023-03-30,Success
53219,2922,25298,2022-03-31,Success
24195,2753,31316,2022-09-30,Rejected by the driver
56570,846,29992,2022-11-20,Success
45363,2166,9212,2023-02-08,Success
5100,1382,21218,2022-10-29,Success
2458,1775,25828,2022-12-28,Success
1022,1585,18640,2022-05-16,Success
29509,279,22596,2022-06-02,Success
15733,1608,37679,2023-01-05,Success
54281,204,38535,2022-08-02,Success
53404,2391,24448,2022-11-18,Success
43800,1287,20277,2022-06-04,Success
1049,2593,32379,2022-11-29,Success
9479,1555,28888,2022-07-28,Rejected by the driver
1285,2567,25242,2023-04-15,Rejected by the driver
31937,2052,5568,2023-02-04,Success
44095,374,38935,2022-07-18,Success
36827,797,25389,2023-03-12,Success
14566,2627,162,2022-03-28,Success
5036,1490,21012,2023-03-25,Cancelled by the passenger
47020,2954,12791,2022-06-23,Cancelled by the passenger
10113,1787,31452,2023-03-24,Success
3768,1642,38604,2023-03-30,Rejected by the driver
31584,2903,5513,2022-11-17,Success
24681,1662,6994,2022-04-10,Success
30437,310,20170,2022-06-16,Rejected by the driver
40604,949,15358,2022-12-29,Success
3393,2831,37451,2022-04-08,Success
22211,609,32348,2022-12-09,Success
16227,2593,18623,2022-07-07,Success
44596,2228,25144,2022-09-22,Success
5231,5,35011,2022-08-12,Cancelled by the passenger
7295,2146,28064,2022-11-17,Success
50421,187,22080,2022-07-16,Success
53768,2788,17523,2022-12-13,Success
13440,868,24115,2022-07-11,Success
20997,1988,33506,2022-08-27,Rejected by the driver
4725,1528,32347,2022-09-07,Cancelled by the passenger
17311,754,11751,2022-03-31,Success
31987,2019,6608,2022-12-13,Cancelled by the passenger
42502,1550,8454,2022-06-11,Success
9536,2830,15145,2023-04-14,Success
5992,786,29709,2022-04-29,Success
23962,2777,25878,2022-07-22,Success
53296,251,868,2022-07-07,Success
11552,2705,8359,2022-12-31,Success
46755,262,13772,2022-05-19,Success
34432,550,38101,2022-08-08,Cancelled by the passenger
16181,595,37910,2022-12-20,Success
16165,146,2575,2022-10-14,Cancelled by the passenger
14147,2874,14166,2022-03-21,Success
38831,1300,3333,2023-01-27,Success
43168,1673,38980,2022-07-24,Rejected by the driver
50830,1448,29999,2022-10-18,Success
38102,2046,38068,2022-12-11,Success
33583,918,11996,2022-06-30,Cancelled by the passenger
35830,943,8370,2022-04-07,Success
48239,1451,12207,2022-12-04,Success
10462,1300,19698,2022-06-21,Success
24109,2601,3597,2022-03-23,Success
59285,1309,16912,2023-02-08,Rejected by the driver
44826,1374,12555,2022-09-16,Success
25255,2109,1604,2022-09-10,Success
7809,1325,31537,2022-03-23,Cancelled by the passenger
47614,493,6647,2022-06-22,Success
38630,2789,30750,2023-04-15,Rejected by the driver
45734,1391,16473,2022-08-29,Cancelled by the passenger
20396,434,39482,2022-03-25,Success
14240,2321,27673,2022-08-09,Success
24742,2028,3595,2022-03-16,Success
58854,2603,28309,2023-01-12,Success
14220,1957,16932,2022-07-13,Rejected by the driver
55251,1427,23772,2022-05-05,Success
24197,1969,18541,2022-05-17,Rejected by the driver
32483,214,3184,2022-08-01,Success
27019,2209,15229,2022-10-03,Success
56351,1049,39498,2022-06-28,Success
32116,2960,5002,2022-07-08,Cancelled by the passenger
24630,62,29187,2022-12-17,Success
8728,1906,16861,2022-10-10,Success
9799,1972,16610,2022-04-26,Success
13106,1036,15912,2022-10-06,Rejected by the driver
16615,1397,27819,2022-12-22,Cancelled by the passenger
35812,2123,21839,2022-07-06,Rejected by the driver
55480,2271,11066,2023-03-31,Success
39883,1464,3028,2023-03-30,Success
59812,2151,39141,2022-09-26,Rejected by the driver
59629,2830,26839,2022-12-22,Cancelled by the passenger
59923,1667,32354,2023-02-04,Success
12860,1354,4193,2022-05-29,Success
3484,1955,22116,2022-09-18,Rejected by the driver
52660,286,9817,2022-10-06,Success
29618,2907,22836,2022-11-17,Success
40894,239,34394,2022-03-22,Success
14957,2403,5133,2022-07-02,Success
40717,275,35809,2023-02-07,Success
9841,2567,35872,2023-01-19,Success
12335,521,31652,2022-08-07,Cancelled by the passenger
18311,63,17179,2023-03-14,Success
54334,944,18328,2022-12-17,Success
49396,2016,17933,2023-04-14,Cancelled by the passenger
18235,1138,8247,2022-10-28,Cancelled by the passenger
44723,1696,19235,2022-12-11,Success
47142,638,20982,2022-11-01,Success
33654,2535,25350,2022-03-22,Success
19990,2790,13487,2023-01-20,Success
8193,2707,10545,2022-05-24,Rejected by the driver
26885,1118,6244,2022-03-16,Success
3234,1446,4943,2022-10-23,Success
53571,2014,25071,2022-04-09,Cancelled by the passenger
12300,150,3487,2022-11-24,Cancelled by the passenger
4027,1410,7495,2022-08-24,Success
31872,2530,18160,2022-04-06,Success
40526,1047,29333,2023-01-26,Cancelled by the passenger
45074,1087,8803,2023-02-19,Success
14113,468,31160,2022-03-21,Success
43074,1079,16428,2023-01-16,Cancelled by the passenger
22449,692,33840,2022-04-11,Success
22979,2887,22710,2022-05-25,Rejected by the driver
31691,2682,30311,2022-09-05,Rejected by the driver
10348,2706,26472,2022-11-02,Success
12178,2629,23333,2023-03-19,Success
48629,2579,6376,2023-04-12,Success
29671,312,31561,2022-11-24,Rejected by the driver
25543,169,39050,2022-06-09,Cancelled by the passenger
40223,1123,39006,2022-10-28,Success
21991,1966,17232,2022-03-29,Success
19661,1283,21381,2022-10-25,Success
16964,682,26581,2023-01-10,Rejected by the driver
53268,186,34404,2022-09-20,Rejected by the driver
39713,1840,10461,2022-07-31,Rejected by the driver
46452,1939,22506,2022-04-20,Success
39071,1333,19285,2022-03-31,Rejected by the driver
55450,1690,8111,2022-12-24,Cancelled by the passenger
21494,1726,39028,2022-12-02,Success
21002,1804,8344,2022-08-28,Success
17155,1054,17372,2022-07-16,Rejected by the driver
41935,2355,16221,2022-04-23,Success
34534,1787,10661,2022-11-10,Cancelled by the passenger
41024,2206,23455,2023-03-05,Success
27991,728,10332,2023-04-11,Success
35568,1560,18656,2022-12-13,Cancelled by the passenger
27729,1219,8518,2022-04-11,Success
14223,913,14368,2022-06-05,Success
16879,2309,21183,2022-07-13,Success
1084,386,17232,2023-04-05,Rejected by the driver
33187,2625,28876,2022-09-26,Success
51701,278,34398,2022-07-21,Success
58702,2833,31734,2023-01-18,Rejected by the driver
32541,1700,25388,2022-09-02,Success
44447,288,13095,2022-11-13,Success
356,1957,19893,2022-09-02,Success
37647,2129,11066,2022-07-16,Rejected by the driver
43427,1036,24942,2022-06-28,Success
39859,1696,36822,2023-01-07,Cancelled by the passenger
57746,2917,20802,2022-11-19,Cancelled by the passenger
22651,1461,17012,2022-07-17,Success
37466,2150,15458,2022-11-25,Success
49424,2656,25790,2022-10-13,Cancelled by the passenger
15562,11,7896,2022-04-08,Cancelled by the passenger
35087,1029,7323,2023-02-04,Success
12375,1586,28592,2022-11-30,Cancelled by the passenger
46712,1293,28670,2022-08-07,Success
36806,1925,30978,2023-04-09,Success
50877,864,7528,2022-04-02,Success
51291,2196,12002,2022-10-31,Success
43225,1083,22353,2023-01-15,Success
5635,1274,15713,2022-06-19,Success
23647,682,18172,2023-04-10,Success
33249,2268,6292,2023-04-11,Success
53858,1395,27640,2022-04-11,Cancelled by the passenger
6302,503,8053,2022-04-14,Success
2951,2037,1230,2022-12-01,Success
10397,1654,2207,2022-12-30,Rejected by the driver
27016,2055,9567,2022-05-06,Success
7972,296,2615,2022-08-24,Success
49809,1240,9777,2023-03-06,Success
33813,1161,30187,2023-03-11,Success
43238,2907,3522,2022-04-08,Success
28721,194,11001,2022-12-19,Success
55442,1506,820,2022-12-19,Success
29998,2125,1457,2022-07-28,Success
42771,1256,326,2023-02-20,Success
54547,134,21080,2022-09-02,Rejected by the driver
23003,1487,20714,2022-07-26,Rejected by the driver
6759,62,19494,2022-10-13,Success
22707,1668,13109,2023-03-16,Success
39154,2640,31482,2023-02-23,Success
39826,498,36002,2022-10-15,Success
40175,119,20803,2022-11-19,Success
41730,235,26982,2022-09-28,Rejected by the driver
6375,1600,39957,2023-02-04,Success
38353,565,17308,2022-08-09,Success
17804,2879,7112,2022-04-15,Success
43923,610,4362,2023-01-16,Success
20138,2246,1127,2023-02-15,Success
56805,1377,10440,2022-03-21,Rejected by the driver
37869,353,24337,2022-04-17,Success
31543,2551,36465,2022-09-06,Success
21446,1133,17843,2023-01-22,Success
23989,2957,18999,2023-02-06,Rejected by the driver
57875,1210,6777,2022-04-28,Success
21594,651,32540,2022-09-09,Success
33395,1885,34578,2022-05-03,Success
12442,1002,37808,2022-11-15,Success
6282,25,33772,2023-03-24,Success
58545,781,16572,2022-06-24,Success
46873,2272,19287,2022-11-23,Rejected by the driver
17023,2234,10107,2022-05-27,Success
47112,181,15256,2022-11-01,Success
37786,730,25502,2022-04-28,Success
42513,401,38522,2023-02-07,Success
23222,2339,5868,2022-04-22,Success
49179,2318,34856,2022-04-01,Success
30640,725,17037,2023-04-09,Rejected by the driver
31413,2735,27255,2023-03-09,Success
56700,38,30615,2022-05-03,Success
58196,2831,28586,2023-03-01,Cancelled by the passenger
17902,2240,210,2023-03-30,Success
38139,1075,25126,2023-02-19,Success
48144,2148,8532,2022-08-14,Cancelled by the passenger
21368,1068,34666,2022-10-07,Success
20692,1747,29013,2022-09-08,Success
5450,1340,25677,2023-04-07,Success
28531,256,17949,2022-04-17,Success
44882,200,17140,2022-11-06,Success
24655,719,27787,2023-04-08,Success
59507,1904,35176,2023-01-11,Cancelled by the passenger
34403,491,17437,2023-02-27,Success
4367,2180,32659,2022-09-27,Success
52740,1046,31097,2023-03-15,Success
14857,2459,25505,2023-03-26,Success
21032,915,39634,2022-10-23,Cancelled by the passenger
10747,1502,11078,2022-03-29,Cancelled by the passenger
13914,143,25711,2023-01-27,Success
17948,2749,25740,2023-03-25,Success
53458,2012,2771,2022-11-03,Success
44732,1500,15856,2022-11-17,Cancelled by the passenger
34765,1599,15946,2023-01-07,Rejected by the driver
23584,1994,28994,2022-08-19,Rejected by the driver
56398,243,25965,2022-10-19,Success
58585,1086,23662,2023-03-29,Success
15434,2521,22295,2022-07-11,Success
49082,1448,5749,2022-11-19,Success
56014,330,4287,2022-08-09,Success
31575,910,24784,2022-06-21,Cancelled by the passenger
43115,526,19257,2022-08-29,Rejected by the driver
34568,1990,6610,2022-10-15,Rejected by the driver
45760,2571,19314,2022-10-03,Success
55175,1685,18258,2022-04-29,Success
44104,2468,6801,2022-08-07,Success
8246,66,22576,2022-06-03,Success
40090,311,1444,2022-04-02,Success
1745,2146,29175,2023-01-30,Rejected by the driver
3423,1582,2859,2022-06-22,Cancelled by the passenger
26743,2898,36257,2022-07-31,Success
35718,489,7861,2022-04-07,Success
24279,2805,36928,2023-03-18,Success
5763,518,14073,2022-06-23,Success
31848,673,4596,2022-09-24,Cancelled by the passenger
50488,2074,27275,2023-02-22,Success
44841,1767,19482,2022-03-22,Rejected by the driver
11802,1404,15,2022-11-29,Success
35507,2456,14846,2022-07-02,Cancelled by the passenger
57756,1130,33695,2023-03-09,Rejected by the driver
8387,570,572,2022-03-19,Success
57792,441,379,2022-06-15,Success
56637,1427,4881,2022-10-14,Rejected by the driver
18173,1130,36036,2022-05-10,Success
32127,1184,2721,2022-08-30,Rejected by the driver
48690,1770,15360,2022-10-28,Success
45716,1747,1877,2023-03-29,Rejected by the driver
29410,836,38998,2022-03-19,Success
48099,326,19345,2022-09-26,Success
15405,2975,14389,2022-07-30,Cancelled by the passenger
39292,718,31651,2023-01-05,Success
5317,392,31636,2022-05-30,Success
55761,1186,36890,2022-07-06,Success
4129,2895,30362,2022-11-14,Success
13415,507,21887,2022-11-22,Cancelled by the passenger
24200,1625,6200,2023-02-16,Success
35043,1879,32411,2022-11-11,Success
18898,2172,3294,2022-03-13,Success
40326,885,23322,2023-02-24,Success
54223,2117,19147,2022-09-30,Success
8964,2229,25725,2023-03-22,Cancelled by the passenger
52830,635,17381,2022-06-23,Success
49166,1242,35485,2022-10-20,Success
46997,1154,39916,2022-08-11,Success
17671,1266,23996,2022-05-19,Success
19593,2583,9584,2022-12-20,Success
29291,1149,29202,2022-10-22,Success
8313,915,29337,2022-07-30,Success
4158,1971,39416,2022-11-28,Success
45190,739,31984,2023-02-08,Success
34853,446,16300,2022-04-12,Rejected by the driver
35937,1779,11539,2023-02-01,Success
48263,457,6621,2022-06-29,Success
35151,1261,31582,2023-01-27,Success
9679,2058,21936,2022-08-03,Rejected by the driver
56102,2,11611,2022-10-25,Rejected by the driver
45834,1369,5950,2023-01-31,Success
12950,1390,30656,2022-06-01,Success
48403,2546,19442,2022-10-06,Success
55705,1653,38505,2022-03-17,Rejected by the driver
7568,2882,26329,2022-07-02,Cancelled by the passenger
7251,2011,34341,2023-03-29,Success
20972,2688,15669,2022-11-02,Success
7790,1506,10884,2022-03-16,Success
25852,167,14449,2022-11-01,Success
44103,2659,21966,2023-04-01,Rejected by the driver
48634,2801,23109,2022-09-26,Success
59581,88,33077,2022-08-04,Success
23743,1090,37400,2023-04-13,Success
623,479,16101,2022-09-25,Success
45027,1068,11242,2022-07-17,Cancelled by the passenger
30797,2664,6780,2022-10-15,Cancelled by the passenger
1681,2688,5012,2022-12-09,Success
2655,587,21658,2022-09-29,Rejected by the driver
20708,1701,13216,2022-06-02,Success
15141,2702,35876,2022-10-10,Success
41991,2964,10351,2022-08-04,Success
51788,2670,22956,2022-08-31,Rejected by the driver
3173,2212,22955,2022-03-25,Success
18355,2913,1569,2022-10-26,Rejected by the driver
53302,1435,4817,2022-11-11,Success
16345,1977,13033,2022-12-09,Success
44399,2495,34805,2022-12-07,Rejected by the driver
22188,2624,24647,2022-07-03,Success
54817,987,29261,2023-03-13,Cancelled by the passenger
33667,1134,15697,2022-04-12,Rejected by the driver
43644,2499,39478,2023-04-05,Success
56335,1751,37321,2022-10-03,Rejected by the driver
55717,1674,26726,2022-05-01,Success
27381,749,27504,2023-01-31,Cancelled by the passenger
40354,2881,32077,2022-03-30,Success
10115,2111,33303,2023-03-28,Success
31478,1803,7784,2023-01-26,Success
53204,2217,7908,2023-02-24,Success
11117,475,17771,2022-08-12,Cancelled by the passenger
28411,2150,36186,2022-08-04,Success
10840,1603,31680,2022-05-23,Success
48489,2228,170,2022-06-13,Success
4540,850,4489,2022-06-29,Success
49511,2218,21240,2023-02-04,Cancelled by the passenger
38158,1190,11322,2022-11-12,Success
52876,883,29729,2022-03-23,Rejected by the driver
25575,1797,38732,2023-01-02,Success
42094,1996,8546,2022-08-06,Success
18717,830,14526,2022-11-19,Success
12140,1960,20729,2022-05-06,Rejected by the driver
55054,1196,11083,2023-03-16,Rejected by the driver
16572,1378,38104,2023-01-11,Success
50734,1276,16816,2022-04-05,Success
20340,441,32299,2022-04-09,Success
11923,1606,9875,2022-10-10,Success
19094,1588,5007,2022-12-16,Success
59442,2446,15845,2022-10-11,Success
51159,369,18225,2022-05-19,Rejected by the driver
11703,2002,36574,2022-10-20,Success
7335,2003,10635,2022-08-19,Success
41152,1778,12377,2022-12-11,Rejected by the driver
25470,1039,26852,2022-04-18,Cancelled by the passenger
34643,879,29159,2022-12-27,Success
26709,1751,1573,2023-03-05,Success
10644,1034,7936,2023-03-27,Success
40909,2460,4896,2022-11-05,Success
19148,1102,5521,2022-05-02,Cancelled by the passenger
39234,1089,11892,2022-11-19,Success
11296,839,9518,2022-06-18,Success
29617,1044,21550,2022-03-13,Success
59694,44,27062,2023-02-05,Success
19522,1590,32655,2022-10-09,Success
18538,2098,39510,2022-08-19,Success
31842,206,32349,2022-12-06,Success
45607,2001,7634,2022-07-03,Success
31536,563,12710,2023-03-12,Success
4625,172,21759,2022-11-29,Success
1063,2147,20192,2022-08-01,Success
42104,2828,9398,2022-06-03,Success
13435,2615,27842,2022-09-17,Success
39159,1412,21589,2022-11-19,Success
18217,681,14589,2022-04-26,Success
57697,1725,39525,2023-03-07,Success
7734,2748,19531,2022-09-30,Success
11639,426,1629,2023-04-03,Success
21518,992,24834,2022-06-08,Success
41432,2003,29731,2022-07-27,Cancelled by the passenger
37767,2794,982,2022-12-14,Cancelled by the passenger
58913,2556,10814,2022-12-09,Success
49912,1721,30762,2023-03-18,Success
48159,2473,36620,2023-02-04,Success
52243,48,25151,2022-06-01,Success
19800,2309,14880,2022-12-18,Rejected by the driver
1671,148,36179,2022-04-25,Rejected by the driver
24265,1654,22666,2022-12-11,Success
29524,1360,14764,2022-04-01,Success
52794,242,34031,2023-02-12,Rejected by the driver
52200,2946,32213,2022-03-25,Success
20871,1559,28154,2022-11-08,Cancelled by the passenger
38229,1032,34279,2022-07-03,Success
5719,496,35014,2023-02-27,Success
29912,2326,5705,2022-09-26,Success
21372,648,16803,2022-07-03,Success
6418,2428,5557,2022-03-17,Success
11310,40,13982,2023-03-15,Success
14004,256,34553,2022-11-19,Success
1632,733,8128,2023-02-01,Rejected by the driver
49805,2514,16228,2022-07-01,Success
39585,2589,30526,2023-03-02,Success
57652,2822,26618,2023-01-05,Rejected by the driver
26724,1735,10911,2022-06-20,Success
57405,2647,11672,2022-07-27,Success
32849,1133,22346,2022-06-28,Success
15651,1829,23951,2023-02-18,Success
12624,313,38466,2023-02-03,Success
23687,2944,14882,2022-11-05,Success
46178,2267,22652,2022-10-17,Cancelled by the passenger
24909,2169,9435,2022-09-12,Success
43049,2175,641,2022-09-14,Cancelled by the passenger
32920,1883,31713,2023-01-19,Cancelled by the passenger
10506,290,18654,2022-04-30,Success
59662,80,8836,2022-08-18,Success
52961,1591,2737,2023-01-24,Success
38654,1039,22403,2022-09-09,Cancelled by the passenger
53395,1943,17065,2022-04-20,Success
29501,2681,5655,2022-12-21,Rejected by the driver
50072,863,16514,2023-01-08,Rejected by the driver
39175,2906,25681,2023-02-11,Success
2580,448,2727,2023-02-07,Success
28196,1917,7606,2023-01-21,Rejected by the driver
52156,2186,13373,2022-05-25,Success
17826,2255,14523,2022-11-25,Success
27902,2737,22000,2023-04-02,Success
44557,305,32230,2023-01-04,Success
44745,423,19,2023-03-13,Rejected by the driver
25826,2175,38137,2022-10-11,Cancelled by the passenger
3993,1765,2417,2022-07-08,Success
19235,50,29870,2022-03-16,Success
39359,196,11963,2022-12-14,Success
28795,2415,20639,2022-11-09,Success
5206,963,13645,2022-07-07,Success
20164,635,19923,2023-02-26,Success
3961,2455,28051,2022-06-01,Success
39466,2436,17172,2023-02-13,Success
36563,1696,25900,2022-05-06,Cancelled by the passenger
38657,1847,34354,2022-11-26,Success
26593,1607,20069,2022-09-11,Success
3023,1872,30267,2022-08-09,Cancelled by the passenger
57136,1413,16966,2022-11-08,Success
15590,1062,27338,2022-03-26,Success
48146,1081,24419,2023-02-06,Success
44706,2384,21223,2022-07-27,Cancelled by the passenger
10060,712,17895,2022-08-23,Rejected by the driver
35005,573,7662,2022-11-01,Success
25287,736,17726,2022-03-19,Cancelled by the passenger
53152,2923,25143,2022-12-18,Rejected by the driver
37843,530,19701,2022-08-14,Rejected by the driver
5012,1813,22671,2022-03-16,Success
1130,1423,27660,2022-03-16,Rejected by the driver
21818,847,27794,2022-12-24,Success
36335,880,25302,2023-03-02,Success
11973,1819,19703,2022-07-22,Success
23214,1899,37160,2022-09-07,Success
48287,1033,22035,2023-02-01,Cancelled by the passenger
36729,776,11600,2023-03-06,Success
58274,1308,24944,2022-11-14,Success
45846,1229,14365,2022-06-18,Success
23737,746,15654,2022-03-26,Rejected by the driver
27527,1038,36040,2022-06-13,Success
41973,2334,25142,2022-08-23,Rejected by the driver
17226,1531,1679,2022-05-10,Success
30260,1823,33823,2022-10-25,Success
59114,981,2791,2022-12-25,Success
10305,1136,20244,2022-10-30,Success
6414,625,33819,2022-07-10,Success
44201,2737,34738,2022-12-08,Success
52308,1024,24755,2022-04-08,Success
37282,1648,23739,2023-03-05,Success
54845,1517,27788,2022-07-10,Success
46644,2865,26519,2022-06-24,Success
3164,309,11472,2022-05-31,Rejected by the driver
50594,1689,7151,2023-04-12,Success
26190,227,9738,2022-09-06,Success
27093,2251,12319,2022-12-09,Rejected by the driver
37639,2569,2770,2022-04-03,Success
24932,244,2216,2022-03-29,Cancelled by the passenger
20251,1436,16561,2023-03-03,Success
19835,1155,21342,2023-03-10,Success
8509,2332,38726,2022-12-13,Success
56907,86,32091,2022-04-29,Success
40268,527,25263,2022-04-22,Rejected by the driver
2998,1547,13768,2022-11-25,Rejected by the driver
33648,370,683,2022-04-30,Cancelled by the passenger
6346,2364,6674,2023-01-06,Success
48282,1913,34053,2022-09-24,Rejected by the driver
3679,1296,4812,2022-05-09,Success
30395,1842,3112,2023-01-04,Success
58908,1142,19852,2022-10-09,Rejected by the driver
16715,2521,14478,2022-11-05,Success
45854,393,24721,2022-10-18,Rejected by the driver
42634,778,35305,2022-10-28,Success
8979,1652,17926,2023-01-02,Success
11771,2743,16628,2022-11-10,Success
9691,1317,23592,2022-11-17,Rejected by the driver
36897,687,17804,2022-04-13,Cancelled by the passenger
29550,1544,35330,2022-08-26,Success
38678,2700,17735,2022-09-15,Success
57392,1132,10781,2022-06-22,Cancelled by the passenger
37337,259,3148,2022-07-04,Success
35186,1088,3213,2022-12-27,Success
31268,2590,26300,2023-03-22,Success
14619,1551,4670,2022-04-30,Success
32713,124,8053,2022-08-20,Success
34207,2217,28801,2022-11-05,Success
51134,102,30490,2022-04-05,Success
42368,400,20688,2022-05-31,Success
32119,583,20068,2022-04-17,Success
22699,1314,8301,2023-01-10,Success
53912,1813,35960,2022-04-22,Success
25587,120,32076,2022-09-12,Success
39134,674,4700,2022-04-21,Rejected by the driver
32107,964,36060,2022-11-24,Success
39448,107,13864,2022-05-02,Rejected by the driver
21622,1719,8425,2023-03-29,Success
46007,715,2942,2022-04-23,Success
7217,394,32867,2022-05-28,Success
26626,2339,25209,2023-01-26,Success
51001,83,36007,2023-03-05,Success
3429,2401,32337,2022-07-13,Cancelled by the passenger
56222,577,7127,2023-01-24,Success
20153,1281,21878,2023-03-22,Success
52078,2085,13702,2023-02-10,Success
7257,2113,30092,2022-11-10,Success
45989,202,30557,2022-08-11,Success
40109,1698,33656,2022-05-02,Rejected by the driver
44089,1250,37443,2022-03-28,Cancelled by the passenger
8083,1836,12113,2022-05-06,Success
35615,627,24397,2023-02-16,Success
13897,841,26012,2022-11-25,Success
3131,1563,11625,2022-05-18,Success
19173,2645,36357,2023-01-07,Rejected by the driver
28260,2804,17607,2022-11-07,Success
58746,2742,34415,2022-03-29,Success
38005,362,21121,2023-03-03,Success
58357,1319,37455,2022-12-07,Success
2759,2993,28521,2023-01-21,Success
27890,1953,19150,2023-02-18,Success
59650,1386,20010,2022-10-20,Rejected by the driver
59974,1348,37087,2022-07-12,Success
8134,2718,31352,2022-09-30,Success
31401,2987,13175,2022-10-13,Success
4543,1152,2347,2023-02-10,Rejected by the driver
14698,2363,38866,2022-11-26,Success
59245,1723,15398,2022-05-14,Success
54021,2823,27708,2022-10-03,Cancelled by the passenger
58638,1264,8551,2022-12-02,Success
57829,615,755,2022-07-13,Rejected by the driver
39813,2665,35965,2022-08-22,Success
38398,454,35120,2022-04-10,Success
26004,350,31746,2023-01-29,Success
39194,153,3603,2022-11-20,Success
6999,763,3926,2022-06-09,Rejected by the driver
31990,1364,19346,2022-07-07,Success
58602,2149,10950,2022-05-24,Success
36209,237,18278,2022-04-16,Success
53680,2051,21688,2022-03-20,Rejected by the driver
18370,2540,34746,2023-02-08,Success
27499,818,29609,2022-05-26,Success
28149,282,31660,2023-01-12,Success
11011,362,3758,2022-04-07,Rejected by the driver
6722,1246,22477,2023-01-30,Cancelled by the passenger
42762,961,25047,2022-04-22,Rejected by the driver
48712,1764,3979,2022-09-23,Success
49531,2149,13935,2022-03-21,Success
59493,1129,20151,2022-05-19,Success
22007,2719,20178,2023-03-25,Success
53377,811,34209,2022-03-21,Success
51676,1187,35306,2022-10-10,Success
29984,160,21620,2022-12-01,Success
15222,961,3217,2022-04-10,Success
9624,1122,39486,2022-05-15,Success
6279,2474,37741,2022-09-30,Success
26429,262,33363,2022-10-28,Success
7316,2366,21631,2022-12-10,Success
40743,2078,11505,2022-06-12,Success
53679,1126,17494,2023-02-12,Success
53460,1349,15687,2023-02-21,Success
45461,1700,3009,2022-04-24,Rejected by the driver
523,2406,37597,2022-09-01,Success
15357,1228,33228,2022-05-24,Success
1501,2971,18179,2022-12-27,Success
35064,971,22388,2022-11-26,Cancelled by the passenger
9303,854,15361,2023-04-15,Success
9494,2563,38849,2023-03-19,Success
24688,460,35820,2022-04-22,Success
12767,2744,4617,2022-07-20,Success
25948,283,36602,2022-12-04,Success
8881,2029,3401,2022-07-28,Success
45714,2136,477,2023-02-22,Success
59738,1421,13381,2023-01-15,Success
53879,2551,35963,2022-11-30,Success
47762,2617,27373,2022-10-18,Success
27589,2632,2802,2022-11-21,Success
27454,13,27660,2022-11-19,Cancelled by the passenger
25433,1423,38509,2023-01-22,Success
3322,2013,2265,2022-12-26,Success
54939,1075,30658,2022-07-18,Success
470,46,21692,2022-10-10,Success
48830,1248,4776,2022-06-25,Success
52299,2310,34141,2022-11-27,Rejected by the driver
5375,43,8639,2022-07-15,Success
3937,769,3972,2022-09-17,Success
6426,412,32225,2022-06-05,Cancelled by the passenger
57837,343,26896,2023-04-06,Cancelled by the passenger
52759,420,9812,2023-01-28,Success
46489,1071,21987,2022-03-19,Success
39920,2338,913,2022-11-21,Rejected by the driver
45728,547,4198,2022-04-14,Success
7055,2332,36234,2022-06-01,Success
59090,713,26351,2022-06-22,Success
47409,415,30349,2022-09-03,Success
27707,1124,17817,2023-03-26,Success
27092,1031,21226,2022-07-29,Success
31267,265,23628,2022-11-08,Cancelled by the passenger
27978,2164,10415,2022-10-16,Success
41885,26,35439,2022-04-21,Rejected by the driver
53363,2970,14804,2023-02-20,Success
6016,21,34549,2022-09-27,Rejected by the driver
12901,1565,10007,2022-10-05,Rejected by the driver
42071,2001,21995,2022-04-12,Rejected by the driver
8546,381,11777,2023-03-19,Success
10693,2695,5513,2022-08-06,Success
12155,458,32319,2022-08-18,Cancelled by the passenger
11744,798,36586,2022-04-30,Success
30309,2597,35049,2022-11-03,Rejected by the driver
25351,1439,10535,2022-06-04,Rejected by the driver
45177,2668,24163,2023-02-05,Rejected by the driver
15203,2167,37627,2022-07-16,Success
28046,2190,22742,2023-02-13,Success
57530,327,31224,2023-03-20,Success
37229,2985,17486,2023-01-20,Success
49161,1787,11747,2022-04-14,Success
23685,3,17494,2022-04-06,Success
9837,123,14241,2023-03-18,Success
15828,1000,17590,2023-02-24,Success
40190,2776,6139,2022-05-31,Success
50025,1655,84,2023-01-28,Success
13187,2410,30417,2023-03-19,Cancelled by the passenger
11266,2992,11218,2022-08-19,Success
51826,570,35753,2022-09-13,Rejected by the driver
28696,2260,37820,2022-12-23,Rejected by the driver
53218,2856,37798,2022-10-12,Rejected by the driver
51905,1091,3048,2022-08-03,Success
34618,2774,7861,2022-11-30,Success
32958,1149,21284,2023-03-08,Rejected by the driver
48607,1438,1953,2022-09-18,Success
24628,2191,14680,2022-06-05,Success
41407,78,15867,2022-11-12,Cancelled by the passenger
53198,2004,16496,2023-03-18,Success
17013,957,13483,2022-09-13,Success
3241,700,15037,2022-08-15,Success
20098,2112,39795,2022-09-09,Success
39704,2794,925,2023-01-29,Success
56458,2082,29727,2022-08-31,Success
11835,81,15833,2023-03-25,Cancelled by the passenger
21806,1666,29211,2022-07-29,Rejected by the driver
10941,1538,35434,2022-12-29,Success
42267,2745,8861,2022-06-14,Cancelled by the passenger
31685,1223,36473,2023-01-17,Success
14192,1789,1130,2022-11-28,Success
59765,2506,32774,2022-05-12,Success
51182,1169,16126,2023-02-13,Cancelled by the passenger
6057,426,28384,2023-01-14,Success
22508,812,2859,2023-04-01,Success
18907,1281,1737,2022-10-03,Success
37866,62,14497,2022-09-12,Success
31916,2874,24023,2023-03-16,Success
24995,1301,25922,2022-12-23,Success
9714,2701,4836,2022-03-25,Success
37101,2246,24532,2022-12-19,Success
2819,123,24485,2023-04-06,Success
49958,147,37265,2022-06-24,Cancelled by the passenger
50473,2841,8453,2022-06-22,Cancelled by the passenger
18620,1512,19811,2022-04-22,Success
8248,961,9171,2022-09-05,Cancelled by the passenger
22644,833,17862,2022-08-09,Success
43288,1852,7789,2022-06-16,Success
16725,2509,14255,2022-11-30,Success
46187,1489,26390,2023-02-16,Success
37397,2471,33418,2022-03-14,Success
52979,574,25472,2022-09-18,Success
27063,2189,26855,2022-07-15,Success
3969,906,38652,2023-04-08,Success
36303,150,23583,2022-07-18,Success
42286,2171,19835,2023-02-26,Success
32271,642,37460,2022-03-31,Rejected by the driver
24113,2291,12213,2023-02-25,Success
12325,472,13243,2022-08-08,Success
47075,1380,13321,2022-03-13,Success
42240,2835,35938,2023-02-03,Success
21220,2605,30085,2022-05-22,Rejected by the driver
476,2517,37258,2022-04-29,Success
26387,697,15517,2022-04-05,Success
28227,1499,13056,2022-08-06,Rejected by the driver
31831,399,12557,2022-10-10,Success
56716,998,3547,2023-03-18,Success
43930,819,18317,2023-03-19,Cancelled by the passenger
33440,1499,37051,2022-07-10,Rejected by the driver
14682,2509,23964,2022-09-27,Cancelled by the passenger
58005,1863,24916,2023-02-05,Rejected by the driver
5518,2549,2907,2022-05-16,Success
38374,2054,24685,2022-10-01,Success
41148,2553,33814,2023-01-29,Success
32909,2307,13383,2022-11-16,Success
15922,710,26636,2022-07-17,Success
21958,2759,30665,2022-11-23,Success
26694,137,33606,2022-07-05,Success
15886,2458,26443,2023-03-22,Success
39885,623,5092,2023-01-03,Cancelled by the passenger
50281,2780,3257,2023-01-01,Success
35240,2702,36772,2023-04-15,Success
40777,1241,16465,2022-07-23,Success
22283,2005,4657,2023-04-09,Success
2100,1217,12668,2022-08-22,Success
57589,240,6308,2022-08-28,Success
13801,1522,33200,2022-04-07,Success
8224,230,24139,2022-06-09,Success
7513,978,10431,2023-02-21,Success
50357,2952,8893,2022-04-07,Cancelled by the passenger
616,890,8504,2022-10-16,Success
47263,2913,2724,2022-04-26,Success
31822,2588,11486,2023-04-07,Cancelled by the passenger
49389,1484,33968,2022-08-04,Success
12571,2519,18007,2022-12-28,Success
16697,1947,9303,2022-10-17,Success
47036,743,3617,2022-03-27,Success
22840,1516,12198,2023-02-14,Success
11713,1504,8554,2022-12-31,Success
5536,1796,9209,2022-09-15,Success
52676,760,16437,2022-10-01,Rejected by the driver
10280,637,17396,2022-10-22,Success
24699,703,13583,2022-10-13,Success
50382,1232,24430,2023-01-12,Rejected by the driver
58971,987,3934,2022-05-14,Success
32329,1871,25686,2022-08-13,Success
6752,81,38475,2022-06-29,Success
50597,2917,35391,2022-10-31,Success
26505,1713,13995,2022-08-09,Success
15695,2731,5955,2023-03-26,Success
52640,2665,8276,2022-10-24,Success
11431,2926,21626,2022-09-16,Rejected by the driver
41429,1171,12856,2023-02-03,Success
20775,1187,3558,2023-03-25,Success
42491,371,24554,2022-12-14,Success
14422,615,24827,2023-01-12,Success
39912,827,31861,2022-09-29,Rejected by the driver
6119,2044,38405,2022-04-30,Cancelled by the passenger
23833,1138,20701,2022-10-19,Cancelled by the passenger
8611,1458,7504,2022-05-16,Success
9895,2318,14129,2022-03-31,Cancelled by the passenger
37683,927,30544,2022-06-21,Success
20570,2026,21126,2022-11-17,Success
25527,1414,31372,2023-01-03,Success
21610,2635,28786,2022-08-07,Success
14153,610,7828,2022-05-22,Success
16896,835,22470,2022-07-15,Cancelled by the passenger
41870,1852,37355,2022-09-13,Cancelled by the passenger
12726,1386,29183,2023-04-07,Rejected by the driver
57998,2919,4636,2023-01-17,Success
51418,1633,19852,2022-07-23,Cancelled by the passenger
23549,787,24501,2022-06-20,Rejected by the driver
35810,377,6778,2022-05-25,Cancelled by the passenger
43463,848,34885,2022-05-18,Success
55335,1060,27471,2022-07-05,Success
5533,2939,38889,2022-03-20,Cancelled by the passenger
15182,1307,1889,2023-03-01,Success
11655,922,6755,2023-01-17,Success
28544,1731,32629,2022-10-14,Cancelled by the passenger
58966,987,13156,2022-11-16,Success
8059,1481,34808,2022-04-13,Success
33906,1486,24763,2023-03-22,Success
19208,1339,10592,2022-08-08,Success
28665,1132,33867,2022-12-18,Success
35990,1186,3929,2022-04-27,Success
18609,2272,23099,2022-11-02,Success
37399,308,15306,2023-04-12,Success
13110,2334,8624,2022-07-24,Success
14137,2128,32262,2022-12-20,Success
5668,114,31391,2022-09-01,Success
25300,2139,62,2023-01-22,Success
7614,2275,27920,2022-09-10,Success
56720,2714,30537,2022-05-05,Success
44486,581,3487,2022-05-07,Success
22863,1466,27195,2022-08-25,Success
23443,416,26799,2023-01-01,Cancelled by the passenger
35143,727,29546,2022-09-28,Success
34186,253,35194,2022-11-04,Success
13852,512,30149,2023-04-04,Success
59263,1712,31671,2022-06-04,Success
58384,323,13108,2022-03-25,Rejected by the driver
7945,144,22762,2022-06-30,Success
9258,2619,39127,2022-04-27,Rejected by the driver
4019,1085,24892,2023-04-08,Success
2045,2189,3733,2022-11-06,Success
47858,2783,8089,2022-07-27,Success
51944,982,16654,2022-08-24,Success
52715,270,5250,2023-03-29,Cancelled by the passenger
44931,2407,15666,2022-04-21,Cancelled by the passenger
59281,193,9454,2022-12-31,Success
31667,455,27965,2022-05-06,Success
3516,664,15365,2022-06-16,Cancelled by the passenger
23115,1371,37194,2023-04-10,Cancelled by the passenger
20752,516,21969,2022-11-01,Success
50695,1195,38440,2022-12-11,Success
32985,2536,27056,2022-04-12,Success
30106,467,20743,2022-04-04,Cancelled by the passenger
10857,1151,38516,2022-06-25,Success
42246,2040,11786,2022-05-17,Rejected by the driver
17987,505,24598,2022-11-30,Success
13935,1875,25067,2022-12-02,Success
28020,1729,21478,2022-06-07,Success
28642,1683,37240,2023-04-14,Success
8823,593,23560,2023-01-20,Success
27580,1128,26210,2023-01-30,Success
20007,2637,33161,2022-06-27,Cancelled by the passenger
16137,583,22286,2022-06-13,Cancelled by the passenger
45966,2877,28893,2022-04-08,Success
58610,1198,10900,2022-10-30,Success
15343,134,35657,2022-04-17,Success
6022,253,21162,2022-11-03,Success
8065,2077,6639,2022-11-26,Success
9096,1581,20921,2023-04-10,Success
4750,1940,1760,2022-10-30,Success
36462,1451,17633,2022-12-13,Success
4011,2764,599,2023-02-02,Success
50995,2536,24780,2022-09-18,Success
31354,171,25941,2022-10-31,Rejected by the driver
6513,1629,22987,2022-08-12,Rejected by the driver
49324,2335,23216,2022-06-29,Success
53462,464,17377,2022-09-27,Success
19766,2725,2636,2022-10-02,Rejected by the driver
16449,531,34317,2022-11-18,Rejected by the driver
48174,149,10632,2022-08-31,Cancelled by the passenger
34835,2286,19592,2022-08-25,Success
41735,1286,9586,2022-06-29,Success
45676,1801,17846,2023-04-05,Success
48468,2462,20932,2023-01-16,Success
6220,2377,2283,2022-09-16,Success
26082,517,34819,2023-01-07,Success
28889,2477,8967,2022-09-06,Success
33681,1233,20327,2022-04-27,Cancelled by the passenger
32280,2393,11152,2023-02-22,Success
54079,19,9889,2022-10-12,Rejected by the driver
43947,985,31195,2022-11-26,Success
39392,160,18920,2022-10-10,Success
54441,1059,36088,2022-08-31,Cancelled by the passenger
29103,89,27790,2022-08-28,Rejected by the driver
48388,2770,14803,2022-05-04,Success
659,1937,1946,2022-12-16,Success
98,2845,6060,2022-09-18,Success
58100,2742,7623,2022-12-15,Success
14421,2047,26031,2023-01-20,Success
54568,745,22853,2022-04-24,Success
52617,2161,7652,2023-02-21,Cancelled by the passenger
17016,1418,15467,2022-11-22,Success
11965,2862,20163,2023-02-19,Success
49613,1698,29867,2022-03-14,Rejected by the driver
32214,1989,29082,2022-07-08,Success
26584,39,18469,2023-02-15,Cancelled by the passenger
7145,647,16482,2022-12-30,Success
9140,2623,39341,2022-03-24,Cancelled by the passenger
35952,2673,29070,2022-11-25,Success
41228,793,12555,2023-02-05,Success
29985,1202,25626,2022-08-22,Success
23316,2615,10388,2022-05-24,Success
35642,2977,2567,2022-11-25,Success
52124,616,23035,2022-12-14,Success
17906,702,22291,2022-08-28,Cancelled by the passenger
25256,45,33498,2022-12-26,Success
6914,2909,16781,2023-03-18,Success
13031,2986,10295,2022-04-15,Success
56586,1236,31155,2022-09-12,Success
55460,812,4572,2022-05-15,Cancelled by the passenger
13371,439,27302,2023-01-26,Success
24612,2763,31532,2022-10-12,Success
21784,1334,14164,2023-01-15,Success
49578,1243,32082,2022-03-31,Success
16201,49,9994,2022-09-22,Success
42252,1924,22995,2023-04-03,Rejected by the driver
32360,1188,23841,2022-09-17,Cancelled by the passenger
12777,430,33641,2023-01-24,Success
1753,2023,32620,2022-11-08,Rejected by the driver
43658,972,37179,2023-03-09,Success
19146,2338,4674,2022-08-13,Success
674,2082,35479,2022-09-03,Success
47315,2498,3898,2022-12-04,Success
42410,1723,35035,2023-03-16,Success
11218,1344,2373,2022-06-01,Success
19526,1931,28265,2022-04-29,Cancelled by the passenger
14775,1063,2852,2023-02-10,Success
29951,2307,21399,2022-05-04,Cancelled by the passenger
7620,2052,36129,2023-01-16,Success
29776,2731,28808,2022-04-02,Success
45618,1125,1824,2022-06-14,Success
49293,2208,13331,2023-04-07,Cancelled by the passenger
7564,804,25869,2022-05-31,Success
3264,2572,33193,2022-10-20,Rejected by the driver
54129,2990,6811,2022-10-28,Success
7162,827,28854,2022-09-26,Success
51912,1266,8357,2023-04-04,Success
1788,2796,21752,2022-07-03,Success
48803,1512,3452,2022-09-23,Success
59724,2205,1040,2022-03-17,Success
25585,1122,38831,2022-03-18,Success
52762,1072,29523,2023-02-10,Success
40549,352,2823,2022-09-24,Success
36076,1885,2642,2023-04-06,Success
39855,366,31389,2022-06-04,Success
15687,2045,9785,2022-11-10,Rejected by the driver
625,1015,17736,2023-02-03,Cancelled by the passenger
59460,121,30581,2022-11-04,Cancelled by the passenger
26003,793,21928,2022-07-27,Success
42081,1028,24884,2022-10-15,Rejected by the driver
10562,575,25411,2022-04-03,Success
22914,145,37805,2022-06-21,Success
14455,1932,38961,2022-08-06,Success
12551,860,29947,2022-08-07,Success
15445,2145,36990,2022-04-08,Rejected by the driver
32004,1084,32450,2023-01-08,Success
30064,1654,5750,2022-06-22,Success
6614,486,35449,2022-06-27,Rejected by the driver
27926,1402,11982,2022-10-11,Cancelled by the passenger
50397,1920,26290,2022-04-17,Cancelled by the passenger
24034,448,25912,2023-03-25,Success
5427,1689,13978,2022-11-14,Success
34630,1046,23157,2022-08-03,Success
54179,1888,25763,2022-10-07,Success
4028,2340,12366,2022-10-17,Success
39910,342,2015,2023-03-06,Success
38775,678,21672,2022-10-01,Success
44235,2105,35530,2022-07-07,Success
54771,2311,16433,2022-08-26,Success
19044,1280,11304,2023-01-02,Success
59416,2070,19566,2022-11-13,Cancelled by the passenger
34010,1341,7561,2022-07-26,Success
30852,1684,2535,2022-08-29,Success
18603,1171,30989,2023-04-11,Success
24456,703,6018,2022-07-26,Success
50303,1425,7066,2022-10-26,Rejected by the driver
38586,117,14833,2022-08-05,Success
40638,2768,17545,2022-11-03,Success
27118,1805,10377,2022-07-21,Success
13520,1401,6728,2022-06-14,Success
31721,2345,31506,2022-07-23,Success
30879,1819,24506,2023-02-09,Success
20877,1038,21427,2023-03-07,Success
49388,2127,30206,2022-07-03,Success
32830,187,29854,2022-11-03,Rejected by the driver
48258,2484,16129,2022-05-14,Success
6684,941,37558,2022-10-14,Success
52747,1000,30720,2023-03-15,Success
40791,1927,11225,2023-03-25,Success
1668,1340,7458,2022-05-23,Success
1536,2028,38284,2022-05-30,Success
41020,1229,24047,2022-11-22,Success
29551,1692,28286,2022-12-24,Success
31116,718,2179,2022-04-25,Rejected by the driver
14749,703,27940,2022-06-09,Rejected by the driver
53175,2014,19953,2022-11-22,Rejected by the driver
10152,2604,12145,2022-09-11,Success
12902,429,19442,2022-04-22,Rejected by the driver
49443,654,3288,2022-06-27,Success
4630,1274,24785,2022-10-31,Success
30907,920,18575,2023-02-15,Success
50143,2652,26770,2022-04-20,Success
21859,950,38893,2022-10-30,Rejected by the driver
51513,1462,37118,2023-03-07,Success
35223,1926,28800,2022-05-30,Success
30211,873,22710,2022-11-24,Success
13204,1369,11622,2022-07-28,Success
29726,304,29435,2022-05-21,Cancelled by the passenger
19050,954,33618,2022-05-26,Cancelled by the passenger
2288,1352,16823,2022-09-30,Success
37515,649,24578,2022-10-06,Success
52702,1616,20125,2022-08-27,Success
50712,934,13408,2023-03-14,Success
52532,482,24006,2022-04-21,Rejected by the driver
19355,325,35435,2023-01-20,Rejected by the driver
4584,76,7406,2022-07-25,Success
23054,2738,9686,2022-07-15,Success
27458,2918,31034,2023-03-13,Cancelled by the passenger
50925,2010,38311,2022-11-04,Success
10971,2943,30010,2023-02-06,Success
35059,1124,14649,2022-05-13,Success
1679,2356,18852,2023-01-12,Success
4442,125,19895,2023-03-13,Success
9506,1305,7158,2022-09-10,Success
45456,2687,18973,2023-03-31,Rejected by the driver
22941,1604,27054,2022-07-14,Success
1582,1897,29613,2022-06-24,Success
25429,1996,13133,2022-03-21,Success
23695,257,28154,2022-09-26,Success
24822,1877,22331,2022-09-09,Success
14951,2094,25159,2023-01-30,Success
41053,1827,30448,2023-01-16,Success
3382,876,21446,2023-02-22,Success
2425,1628,22669,2022-05-30,Rejected by the driver
10161,693,27362,2022-05-20,Success
34219,825,19508,2022-11-23,Success
8220,16,12225,2023-02-21,Rejected by the driver
7221,975,13986,2022-07-02,Rejected by the driver
37659,2472,21066,2022-09-09,Success
23489,190,8042,2022-07-12,Success
19924,444,32891,2023-02-21,Success
21681,2435,7961,2022-11-27,Success
22797,1917,18389,2022-08-27,Success
9683,2618,10264,2022-12-20,Success
51543,1829,25856,2023-03-24,Success
4553,2870,677,2023-02-13,Success
45638,766,14923,2022-12-10,Cancelled by the passenger
47306,2453,14874,2023-02-03,Success
29375,1338,20442,2022-09-14,Cancelled by the passenger
18159,1020,9327,2023-01-31,Rejected by the driver
2470,2281,7812,2023-02-21,Cancelled by the passenger
38317,2767,7507,2022-09-10,Success
57526,1556,4003,2022-11-23,Success
57489,1749,38149,2022-05-16,Success
10936,694,17196,2023-02-04,Success
45430,2102,23321,2022-04-15,Success
42166,2963,37725,2022-12-31,Cancelled by the passenger
13114,260,14589,2023-01-13,Success
57011,2941,21469,2023-01-13,Cancelled by the passenger
9305,2385,12702,2022-06-23,Success
29891,2352,10337,2022-05-20,Success
23866,1644,34438,2022-04-16,Rejected by the driver
23412,1721,2420,2022-04-22,Cancelled by the passenger
38390,329,26056,2023-01-04,Success
20083,1106,3768,2022-09-16,Success
55799,2911,25066,2022-05-25,Success
32532,2340,9949,2022-10-20,Success
20136,2310,29779,2022-04-13,Success
41997,2497,6422,2022-05-09,Success
51832,2970,5128,2022-09-14,Success
46416,2279,7286,2022-11-02,Rejected by the driver
52208,1499,10032,2023-01-06,Success
11706,1763,14544,2022-11-11,Success
45935,2490,38968,2022-10-28,Success
32374,1129,22876,2022-10-26,Success
41391,1292,6144,2023-03-01,Success
24496,1203,1305,2022-09-29,Success
45020,1176,25492,2022-12-21,Success
19628,782,4733,2022-05-09,Success
40225,425,12205,2022-04-16,Success
31226,1059,61,2022-07-01,Success
18928,2835,8438,2022-08-30,Success
48542,725,36729,2023-02-18,Cancelled by the passenger
24213,1701,37076,2022-03-24,Success
21683,2310,1437,2023-01-04,Cancelled by the passenger
53818,2945,26364,2022-10-22,Success
55687,1650,30166,2022-05-24,Success
54610,1169,23113,2022-11-17,Success
48407,984,13644,2022-11-07,Success
36708,2548,32994,2022-04-07,Success
34526,2427,36731,2022-10-25,Success
3317,2224,5505,2022-07-02,Cancelled by the passenger
50375,2704,12863,2022-04-03,Success
29510,1252,37120,2022-07-24,Rejected by the driver
38604,1843,32242,2022-11-01,Success
37993,125,3583,2023-02-10,Success
26679,1786,11758,2022-10-04,Cancelled by the passenger
54164,1703,18103,2022-11-20,Success
41281,11,31575,2022-04-22,Success
28342,2009,18622,2023-04-15,Rejected by the driver
35028,1671,19543,2023-01-13,Success
2343,2620,13718,2022-12-04,Success
29214,1977,37807,2022-04-16,Success
578,2783,18647,2022-11-29,Rejected by the driver
37538,1404,22166,2022-12-23,Success
16240,2130,39125,2023-03-22,Success
11511,1278,14558,2022-06-02,Success
23406,2235,12179,2022-04-05,Success
39700,2179,10169,2023-01-12,Success
42041,2557,31461,2022-04-04,Rejected by the driver
4309,2294,3553,2022-11-04,Success
10474,1896,18635,2022-10-02,Success
8400,2878,16702,2022-04-09,Success
41873,479,19496,2022-03-24,Rejected by the driver
6297,203,33381,2022-05-05,Success
38720,382,12248,2022-11-15,Success
39322,2448,37382,2022-04-15,Success
6523,853,30170,2022-11-20,Success
57364,1464,6164,2022-05-19,Rejected by the driver
28620,552,38984,2022-06-11,Success
6929,516,24250,2022-10-26,Rejected by the driver
58880,2695,19537,2023-02-19,Success
22811,1067,4080,2022-12-23,Success
17368,1489,10212,2023-02-03,Success
37125,903,28036,2022-03-26,Success
22156,292,12268,2023-01-26,Success
786,1008,15602,2022-09-08,Cancelled by the passenger
42660,1104,16515,2022-08-08,Success
18957,98,36829,2022-04-10,Success
23243,1775,18455,2022-07-24,Success
42934,660,33549,2022-03-30,Rejected by the driver
47791,525,34294,2023-04-07,Success
11308,1929,35875,2022-09-30,Success
44094,1142,4072,2022-10-22,Success
33269,6,29401,2023-03-27,Success
3653,319,27725,2022-07-15,Success
18379,196,8974,2022-10-15,Success
16748,356,34182,2023-03-19,Success
38982,882,25449,2022-09-02,Success
11098,324,6148,2022-04-12,Success
1362,1933,1751,2022-09-13,Success
16677,2444,20595,2022-08-05,Success
1965,1508,32049,2022-05-22,Success
51762,410,20982,2023-03-05,Cancelled by the passenger
15917,233,31249,2022-08-30,Success
46739,145,15385,2023-04-06,Success
49246,2318,7179,2022-05-02,Rejected by the driver
28033,429,39964,2022-07-26,Rejected by the driver
31382,189,26900,2022-08-28,Success
20532,589,6181,2022-12-26,Cancelled by the passenger
15398,707,15275,2022-03-27,Rejected by the driver
42674,1093,18875,2023-01-27,Success
1713,34,4197,2022-12-19,Success
30751,2003,17631,2022-11-17,Success
57360,140,34103,2023-03-30,Rejected by the driver
40330,1111,37847,2022-07-01,Success
37144,1418,33103,2022-11-10,Success
40351,1293,28393,2022-12-06,Success
23805,2405,18694,2022-09-01,Success
11544,875,2507,2023-02-28,Success
38804,1623,20380,2023-01-31,Success
42324,832,18535,2022-08-24,Rejected by the driver
15548,439,31593,2022-06-28,Success
29310,1338,37571,2022-07-03,Success
36703,90,24896,2022-10-04,Rejected by the driver
47013,1105,12105,2023-04-13,Success
16361,215,37260,2022-04-28,Success
31110,1313,29460,2022-10-10,Success
47206,1577,20602,2023-03-31,Success
37779,620,19179,2022-10-03,Success
17323,1527,39169,2022-04-18,Success
18520,783,10138,2022-05-14,Success
56930,2229,36008,2022-08-27,Cancelled by the passenger
32357,1746,2690,2023-02-25,Success
28679,2524,25647,2022-12-18,Success
54312,2350,37410,2023-02-24,Success
17831,854,39048,2022-07-01,Success
4394,161,31865,2022-11-07,Success
38528,1170,39576,2023-03-19,Success
16609,620,4391,2022-12-18,Rejected by the driver
50676,2441,13008,2022-09-21,Rejected by the driver
32358,1374,32043,2022-04-29,Success
3276,626,27625,2023-02-07,Cancelled by the passenger
16821,1240,15372,2022-05-15,Success
21972,2383,29589,2022-07-21,Rejected by the driver
52462,2004,19164,2023-04-12,Rejected by the driver
42004,716,4807,2022-10-02,Success
28186,2480,36516,2022-12-29,Success
5923,977,6120,2022-03-15,Cancelled by the passenger
44066,1696,10333,2022-10-14,Success
29145,1866,27783,2023-03-27,Success
29275,262,11689,2022-12-31,Success
38326,1067,15813,2023-01-17,Success
28326,2150,25015,2022-06-29,Success
54126,269,13561,2023-04-10,Success
9775,256,23828,2022-11-14,Success
54587,66,27767,2023-04-04,Success
30531,2917,14241,2022-05-23,Success
39841,2785,37943,2022-08-20,Rejected by the driver
38718,1793,5081,2022-08-09,Success
12456,392,34592,2022-03-20,Success
769,2173,8692,2022-11-22,Success
46365,1829,23178,2022-08-26,Success
40728,1644,23422,2023-02-05,Success
38944,2584,27028,2022-03-21,Rejected by the driver
35365,822,4699,2022-10-08,Success
38088,887,29543,2023-02-21,Success
23499,2690,28005,2023-03-16,Success
25421,519,4126,2022-10-26,Success
25913,469,17275,2022-07-19,Success
23319,1931,11532,2022-05-20,Cancelled by the passenger
51257,417,34026,2022-05-08,Cancelled by the passenger
3044,2090,10472,2022-11-21,Success
26508,2382,6154,2022-06-05,Success
49455,2197,10704,2022-10-26,Success
52774,2780,5210,2022-11-18,Cancelled by the passenger
15205,2659,16674,2022-03-12,Success
55284,684,31674,2022-08-05,Success
465,1865,15994,2022-07-22,Success
33337,49,3292,2023-01-20,Success
45782,1364,34327,2022-05-31,Success
500,380,37776,2022-07-31,Success
10011,2107,11840,2022-09-02,Success
34295,2051,25576,2022-03-15,Success
2989,1876,9771,2022-11-06,Rejected by the driver
18349,1633,17662,2023-01-22,Success
12684,2927,8239,2022-06-06,Success
51432,1110,17159,2023-04-04,Cancelled by the passenger
6468,605,10846,2023-01-23,Success
21141,1678,18956,2022-05-12,Rejected by the driver
16007,2209,12209,2023-03-30,Success
45870,2039,1677,2022-08-29,Rejected by the driver
34870,1640,39143,2022-03-21,Success
50296,2758,34075,2022-10-25,Cancelled by the passenger
25612,1967,38034,2023-03-19,Success
39059,466,30704,2022-07-17,Success
36469,637,6312,2022-04-08,Rejected by the driver
53274,2597,5711,2022-12-11,Success
34592,2431,16737,2022-10-28,Rejected by the driver
47514,247,4753,2022-06-30,Success
25880,1832,35145,2023-03-22,Success
51333,1238,36637,2023-02-09,Rejected by the driver
45845,2415,15889,2022-10-05,Success
26392,2381,14281,2023-02-19,Success
24274,37,30772,2022-11-20,Success
56130,2653,9155,2022-03-22,Success
51600,496,29629,2023-02-26,Success
10155,2191,25678,2022-05-07,Success
22246,1820,11840,2022-09-28,Success
33542,740,11192,2022-10-21,Success
1350,1636,35567,2022-06-26,Rejected by the driver
33856,623,31118,2022-03-31,Success
5640,333,1689,2022-09-20,Success
49873,1911,693,2022-06-19,Success
21538,2800,28717,2022-07-03,Rejected by the driver
21634,2773,17216,2022-12-22,Success
54403,1889,9652,2022-07-08,Rejected by the driver
55319,2992,30777,2022-10-25,Success
15813,219,16218,2022-12-20,Success
45688,1539,20622,2022-11-08,Success
14753,1444,20826,2023-02-12,Rejected by the driver
57786,26,36018,2023-04-15,Success
55069,1183,20377,2022-11-06,Success
52693,1425,24298,2022-09-14,Success
42490,1028,8624,2023-01-23,Success
21271,2162,3598,2022-10-03,Success
26923,2473,2937,2022-07-04,Success
8332,1270,34638,2022-12-01,Success
10079,332,22519,2022-08-17,Success
33107,366,37863,2022-05-08,Success
53509,73,7580,2022-06-23,Rejected by the driver
36901,281,2667,2023-01-10,Success
45776,525,9898,2022-09-20,Cancelled by the passenger
35385,946,35943,2022-12-08,Success
49406,1703,38508,2022-06-22,Success
16758,1528,18930,2022-04-15,Rejected by the driver
3893,2027,10600,2022-08-27,Success
29049,805,29147,2022-10-05,Rejected by the driver
4843,1785,26862,2022-05-25,Success
4717,183,853,2023-01-07,Success
59252,20,8297,2023-01-08,Rejected by the driver
48204,697,36635,2022-04-27,Success
54356,1972,20769,2022-03-27,Cancelled by the passenger
53160,172,15711,2022-04-06,Success
45359,194,36037,2022-05-29,Success
13364,1051,25337,2023-01-29,Success
29394,2920,28184,2022-11-06,Success
5802,793,30310,2022-05-13,Rejected by the driver
47337,1600,25735,2022-05-17,Success
26142,726,36434,2023-04-01,Success
17149,2511,10726,2023-01-21,Success
40792,927,11944,2022-12-25,Success
56149,945,30519,2022-10-28,Success
11782,1447,31614,2023-04-04,Rejected by the driver
49886,344,15724,2022-03-23,Success
45538,1713,11035,2022-09-24,Success
39534,27,3234,2022-10-13,Success
51627,569,3827,2022-11-17,Success
24849,2840,3837,2022-07-21,Success
41422,1917,4767,2023-01-27,Success
19897,60,16502,2023-03-02,Success
19266,594,17110,2022-04-29,Success
32250,1501,35245,2022-07-13,Cancelled by the passenger
25163,1010,7074,2022-12-06,Success
26224,324,11558,2022-12-27,Success
5465,2346,28002,2022-07-01,Success
53958,1513,13208,2022-08-15,Cancelled by the passenger
1986,1658,26232,2022-04-04,Success
17567,2833,12279,2022-10-13,Rejected by the driver
57336,620,15255,2023-01-27,Cancelled by the passenger
34052,295,23432,2023-04-10,Cancelled by the passenger
11042,2686,27860,2022-05-30,Rejected by the driver
33962,2304,4250,2022-12-29,Success
53006,2590,33716,2023-02-01,Cancelled by the passenger
23342,410,1437,2023-04-04,Success
40742,2752,21547,2022-07-05,Success
31306,2075,24625,2022-03-27,Success
15239,1803,34134,2022-05-04,Success
55231,1577,11673,2022-10-26,Success
34977,571,28893,2023-02-25,Rejected by the driver
6091,2765,37190,2022-12-12,Success
25942,554,9164,2022-09-21,Rejected by the driver
39825,2369,10692,2022-04-09,Success
12378,2135,33061,2022-03-29,Success
3575,2412,4490,2023-04-06,Success
13924,34,13971,2023-02-04,Success
22473,2133,37197,2023-03-27,Cancelled by the passenger
55369,1593,24445,2022-09-25,Success
20832,2014,224,2023-03-31,Success
35003,1455,10940,2022-08-22,Rejected by the driver
52228,1751,21785,2023-01-31,Success
25795,1014,13975,2022-04-23,Success
16558,354,808,2022-03-21,Rejected by the driver
57830,1854,23715,2022-07-01,Rejected by the driver
25180,400,25923,2022-07-12,Success
14231,1247,29813,2022-07-19,Success
8592,1435,32559,2022-08-22,Success
25452,2884,21802,2022-06-21,Rejected by the driver
50342,253,27003,2022-07-22,Success
29722,332,1963,2023-02-10,Success
50253,2830,2141,2022-11-22,Cancelled by the passenger
342,917,2606,2022-06-25,Success
34793,528,5073,2022-11-03,Success
52213,2171,26991,2022-08-30,Success
52958,2848,34260,2022-04-12,Success
59117,1316,24968,2022-08-19,Success
56077,2914,2525,2022-06-07,Success
52266,240,37996,2023-02-05,Success
24998,1776,10170,2022-10-31,Success
43507,1315,34712,2022-03-18,Success
38266,237,21973,2022-05-31,Success
34547,2908,37568,2023-03-31,Success
54212,1964,15496,2022-11-03,Success
23270,1517,39784,2022-08-17,Success
25678,2540,32886,2022-09-10,Success
20746,164,31267,2022-05-17,Success
10708,685,30579,2022-03-22,Success
42865,1416,8698,2022-07-20,Success
35304,712,24536,2022-12-07,Success
15027,2555,34408,2022-10-13,Success
39525,903,4876,2022-12-06,Success
43264,2026,12427,2022-06-20,Success
22536,302,10029,2023-03-28,Success
33598,2944,31798,2023-03-09,Success
29461,14,39535,2022-04-20,Success
3974,364,21502,2022-06-29,Cancelled by the passenger
2973,1889,23297,2022-06-22,Success
37537,147,25863,2022-06-13,Success
23990,879,28243,2022-04-17,Success
9005,2476,10104,2022-04-14,Success
57785,2027,35688,2022-04-13,Rejected by the driver
52907,424,2859,2022-12-29,Success
12745,2551,33865,2022-05-06,Success
50283,22,12449,2023-01-23,Success
40346,2486,18183,2022-10-16,Cancelled by the passenger
43034,2080,27880,2023-02-27,Success
48117,2813,34646,2022-05-12,Success
3647,2387,16791,2023-03-06,Success
57250,1233,11519,2022-04-27,Success
34220,2631,14871,2023-02-08,Success
48233,2131,27069,2022-07-26,Success
27440,324,25121,2022-05-16,Cancelled by the passenger
17490,397,6653,2022-05-02,Success
37837,808,22015,2023-03-31,Success
28558,1739,2848,2022-09-11,Success
42731,1025,38673,2022-07-18,Rejected by the driver
24975,2401,25585,2022-05-09,Success
49991,1974,11053,2023-03-24,Success
25374,674,32986,2022-10-25,Success
39086,1426,20914,2023-03-06,Success
58449,217,4203,2022-05-05,Rejected by the driver
10423,1315,36428,2022-07-25,Rejected by the driver
11413,1843,8467,2023-02-16,Success
54215,247,8641,2022-06-28,Success
53325,1514,33340,2022-10-20,Success
7590,95,36338,2022-10-31,Success
44370,1819,24770,2023-04-01,Success
38323,896,7319,2022-04-05,Success
46721,2527,39057,2022-08-29,Success
45812,2298,3486,2022-05-18,Success
41026,884,19604,2022-03-29,Success
45234,1849,18265,2023-04-15,Success
18132,1500,8021,2022-11-12,Rejected by the driver
20599,373,29393,2022-09-18,Success
58928,399,29041,2022-09-13,Success
20507,2489,25844,2023-04-10,Success
3052,1562,1907,2022-07-26,Success
27318,2046,33217,2022-04-14,Success
52346,1260,19447,2022-12-31,Cancelled by the passenger
42070,1494,16002,2023-02-25,Success
9867,2564,26649,2023-01-26,Cancelled by the passenger
15787,2381,36980,2022-08-16,Cancelled by the passenger
29337,2448,1681,2022-11-09,Cancelled by the passenger
1230,1754,19601,2023-03-25,Success
44190,1382,32044,2022-07-05,Success
23037,342,1773,2022-07-05,Success
3782,1552,30402,2022-07-03,Success
22937,1856,2919,2023-02-26,Success
38086,342,25838,2023-02-26,Success
42703,1524,35721,2022-08-03,Success
47014,1576,5806,2022-07-05,Rejected by the driver
41293,2005,11775,2023-03-30,Rejected by the driver
11445,2816,30264,2022-07-25,Success
22948,948,13176,2022-12-13,Success
19486,168,19506,2023-04-04,Rejected by the driver
599,340,37598,2022-07-08,Success
32531,959,10036,2022-09-24,Cancelled by the passenger
11772,1766,24191,2022-12-19,Success
20399,1284,11189,2023-02-25,Success
35923,1805,22011,2022-09-04,Success
59168,2260,31354,2023-02-04,Success
54708,137,23090,2023-03-31,Success
4243,1530,28549,2022-11-16,Success
1416,1732,18879,2022-05-26,Cancelled by the passenger
13028,1842,24655,2022-10-01,Success
4573,2265,8924,2022-08-30,Success
16613,738,5490,2022-09-22,Success
53875,1016,21214,2022-09-13,Success
33267,796,10447,2022-06-16,Success
36872,2662,7987,2022-03-23,Success
32297,209,32193,2023-03-19,Success
6074,317,23318,2022-09-29,Success
33671,505,36511,2022-12-09,Success
38878,2761,10956,2022-07-17,Success
40244,1437,1407,2022-12-28,Success
39153,462,22526,2022-04-07,Cancelled by the passenger
8071,356,21976,2022-06-28,Success
51518,1544,12347,2022-04-12,Success
23182,2186,37377,2022-11-20,Success
21405,1254,115,2022-07-31,Success
1238,2264,3660,2022-09-21,Rejected by the driver
893,1897,21700,2022-08-04,Rejected by the driver
27863,1100,18198,2023-01-02,Success
30605,1785,17970,2023-03-30,Success
31054,698,23366,2022-11-18,Success
25796,56,21612,2022-09-06,Success
41910,2414,82,2022-06-14,Success
54966,1252,30379,2022-11-09,Success
14472,1100,11259,2022-06-29,Success
49231,2323,1789,2022-12-10,Cancelled by the passenger
10769,2648,19705,2022-05-27,Cancelled by the passenger
47382,1016,29685,2023-04-10,Success
27259,293,18229,2022-11-29,Rejected by the driver
13437,889,28616,2022-03-28,Success
45195,2549,13972,2022-12-15,Success
58298,2304,13385,2022-08-02,Success
14306,1490,12615,2022-05-29,Success
20732,2604,8475,2023-04-13,Success
27726,1982,2877,2023-03-13,Success
4218,737,34779,2023-04-06,Success
36825,494,22435,2023-03-10,Success
16291,966,13742,2022-05-22,Success
46147,802,14584,2022-11-26,Cancelled by the passenger
32045,2701,31101,2022-04-17,Success
17438,2957,24097,2022-10-24,Success
10302,2800,9989,2022-03-18,Success
59943,2997,33447,2022-03-19,Success
55801,2528,38427,2023-03-10,Success
10821,2730,14086,2022-10-13,Success
39728,2290,23049,2023-02-12,Cancelled by the passenger
6512,1050,17026,2022-04-05,Success
26066,2177,5595,2023-04-05,Success
17666,1101,7258,2022-09-11,Rejected by the driver
39547,1898,10335,2022-04-10,Success
13104,1014,2739,2022-04-12,Success
18692,1111,19976,2023-01-23,Cancelled by the passenger
2119,2510,3322,2023-01-27,Success
37776,1668,22385,2022-08-14,Success
54084,698,4004,2022-07-04,Cancelled by the passenger
15822,2405,22424,2022-05-01,Cancelled by the passenger
55407,400,18730,2022-10-18,Success
52737,462,32177,2022-12-07,Success
6767,2463,2777,2023-03-01,Success
57909,2982,8508,2022-09-25,Success
25818,2285,17121,2023-01-09,Success
24470,2668,32345,2022-11-03,Success
32059,2616,3873,2022-03-31,Success
159,257,11220,2022-06-11,Rejected by the driver
1709,695,12570,2022-08-29,Cancelled by the passenger
40839,115,29741,2023-04-04,Success
27002,1970,9728,2022-11-18,Success
5033,836,6088,2023-04-13,Success
37977,1826,17991,2022-10-21,Success
46886,2155,32836,2022-10-18,Success
58899,2411,14619,2023-04-01,Rejected by the driver
16091,1819,14377,2022-12-10,Success
9443,2069,3018,2022-08-11,Success
22028,767,34809,2023-01-25,Success
25685,1181,16376,2022-12-09,Success
32277,1415,1031,2022-09-08,Success
23929,1584,112,2022-10-21,Success
5051,334,15571,2022-06-29,Success
3156,2688,3741,2022-06-24,Success
14049,560,38221,2023-02-28,Rejected by the driver
24860,934,14101,2022-07-12,Success
33905,611,39735,2022-10-16,Success
39618,1805,32211,2022-04-22,Success
27822,1018,22106,2022-12-24,Success
18363,1400,28551,2022-08-01,Rejected by the driver
38994,2394,29066,2022-04-03,Success
50945,1563,17931,2022-06-09,Success
7939,621,14213,2022-06-05,Cancelled by the passenger
755,968,2112,2022-12-06,Cancelled by the passenger
2095,269,6965,2022-09-16,Success
52932,5,34022,2022-07-26,Cancelled by the passenger
31104,559,36479,2022-09-13,Success
56248,159,20979,2022-10-01,Success
48254,2834,20777,2022-04-29,Success
59709,2675,29693,2022-05-01,Success
10198,349,10342,2022-10-21,Success
42554,2224,2531,2022-11-08,Success
51628,421,27783,2022-07-30,Success
35249,961,24904,2023-01-16,Success
47844,1010,29930,2022-08-21,Success
43152,2873,13147,2022-12-01,Success
12175,191,17854,2022-05-08,Success
10322,2325,38511,2023-03-24,Success
57527,131,702,2022-06-16,Success
45949,2827,934,2022-11-25,Success
12081,1389,22136,2022-10-31,Success
19029,318,20522,2022-04-22,Success
38437,2354,22442,2023-02-08,Success
9097,820,31781,2022-06-29,Success
50823,518,16659,2022-09-03,Rejected by the driver
26302,2865,36748,2022-03-12,Rejected by the driver
57667,318,35034,2023-02-21,Success
38916,2586,24965,2022-05-07,Success
56471,891,19253,2023-02-21,Success
44674,1030,33022,2022-06-23,Success
17352,656,4437,2022-11-08,Success
12531,2982,8328,2022-09-08,Success
58326,2711,38908,2022-04-12,Rejected by the driver
8740,2455,22647,2022-11-28,Success
32163,2771,12546,2023-03-03,Success
43007,2765,33146,2022-05-31,Success
47278,2268,26399,2022-12-25,Success
41294,2671,19689,2022-06-23,Success
41011,1917,7464,2022-04-13,Success
45672,166,535,2022-10-09,Success
38539,875,8902,2022-04-18,Success
16038,7,7315,2023-03-13,Success
17659,1364,17463,2022-05-16,Success
18937,2599,14456,2023-01-16,Success
21039,1482,599,2022-11-28,Success
6871,2663,14221,2022-08-20,Success
2023,1843,33784,2023-01-13,Success
17593,1967,30734,2022-05-16,Success
1152,2183,3374,2023-03-06,Cancelled by the passenger
16394,2913,23463,2022-04-20,Success
43775,1954,15957,2023-02-01,Success
1708,2451,25281,2022-07-23,Success
39458,55,12377,2022-12-01,Success
44284,894,600,2022-06-13,Success
20512,2103,22768,2023-01-06,Success
46671,1193,16384,2022-09-26,Success
13360,2037,28121,2022-08-09,Success
59944,2864,12712,2022-03-14,Success
22347,1555,4358,2022-08-17,Success
22477,285,13777,2022-06-04,Success
29389,145,25198,2022-08-14,Success
10089,823,16927,2022-04-12,Success
59211,460,12175,2023-02-09,Rejected by the driver
7359,2332,16054,2022-06-24,Success
36213,522,24996,2023-02-28,Success
39332,438,24011,2022-03-21,Rejected by the driver
22604,1442,23644,2023-03-28,Success
44767,1904,4266,2022-08-31,Cancelled by the passenger
45375,2699,34552,2023-01-06,Success
38676,1903,4136,2023-01-07,Success
15875,1342,21482,2022-11-30,Success
34441,1211,12763,2022-04-08,Success
58754,2207,19820,2022-06-26,Success
36179,571,21640,2022-09-13,Success
14464,1887,11979,2023-02-21,Cancelled by the passenger
24101,873,7472,2023-01-01,Rejected by the driver
20020,2873,680,2022-06-09,Success
49580,2743,26171,2022-11-17,Success
40291,1011,19313,2022-10-01,Success
1873,2085,24008,2022-10-28,Success
18921,1525,22979,2022-03-17,Rejected by the driver
47585,1318,16517,2022-05-06,Rejected by the driver
58683,505,9575,2023-04-09,Success
58069,2521,29397,2022-12-29,Success
20743,1082,6040,2023-02-17,Rejected by the driver
4351,1526,27403,2022-09-16,Rejected by the driver
18918,1707,33144,2022-05-16,Success
39426,1047,29749,2023-02-12,Success
20345,346,35847,2023-01-07,Success
12955,890,29119,2022-08-15,Rejected by the driver
30618,1108,18002,2023-01-30,Success
16556,2221,8108,2022-12-22,Success
5273,1790,29985,2022-06-10,Rejected by the driver
50692,1037,37047,2022-12-06,Success
23606,2573,33580,2023-01-12,Success
10099,695,35229,2022-08-02,Success
17122,658,39947,2022-05-08,Success
55349,146,16194,2022-03-18,Success
51053,2928,10596,2022-03-18,Rejected by the driver
15632,1972,27832,2023-03-08,Success
8886,1106,9395,2023-03-10,Success
12872,1033,38354,2023-02-22,Success
32787,1378,31867,2022-04-13,Success
37671,179,1219,2022-05-16,Success
16775,2169,11849,2022-03-18,Success
55364,1973,36921,2022-11-07,Success
15059,949,21494,2022-05-26,Success
59534,2892,35028,2022-08-25,Success
43057,824,38188,2022-11-15,Success
42118,1701,37573,2023-03-01,Success
19518,992,12847,2022-04-04,Rejected by the driver
21262,1913,10307,2023-03-05,Success
51017,1941,11411,2022-06-01,Rejected by the driver
46475,2866,13388,2023-02-12,Success
28896,2218,14827,2022-08-28,Rejected by the driver
49694,562,8540,2023-04-06,Success
12261,2570,33743,2022-10-04,Success
17100,119,11729,2022-11-19,Cancelled by the passenger
12809,1378,38106,2022-05-15,Success
23043,2963,30333,2022-08-31,Rejected by the driver
51831,686,490,2023-02-06,Rejected by the driver
30975,2087,2195,2023-03-29,Success
3180,18,7666,2022-07-12,Success
34748,291,7249,2023-01-15,Success
2729,378,11070,2022-04-18,Success
12763,1470,4261,2022-05-04,Rejected by the driver
45788,618,30048,2023-01-19,Rejected by the driver
10163,93,36431,2022-10-08,Rejected by the driver
19673,54,33625,2023-02-21,Cancelled by the passenger
31487,2776,37153,2023-03-04,Success
26093,1443,32422,2022-09-10,Success
23436,2522,39834,2022-11-10,Rejected by the driver
48215,2332,520,2022-12-15,Cancelled by the passenger
50599,2315,24917,2022-05-18,Rejected by the driver
31706,2193,32104,2022-12-19,Cancelled by the passenger
19223,640,36281,2022-11-10,Success
40057,2098,21162,2022-08-15,Cancelled by the passenger
44718,2843,30045,2022-12-31,Rejected by the driver
17437,1972,13551,2022-10-02,Cancelled by the passenger
15629,2843,25504,2023-04-09,Rejected by the driver
49228,790,31734,2022-05-09,Cancelled by the passenger
23164,1286,24216,2022-12-20,Success
33595,146,39604,2022-12-25,Rejected by the driver
17915,318,8482,2022-08-04,Success
9724,1384,26961,2022-05-20,Cancelled by the passenger
47251,1994,13897,2022-11-08,Rejected by the driver
51755,1661,38872,2022-07-20,Success
27327,2363,23336,2022-03-19,Success
39530,1536,2962,2023-02-09,Success
20168,2865,30810,2022-11-05,Cancelled by the passenger
35156,1606,12507,2023-03-01,Rejected by the driver
18847,1749,21743,2022-07-01,Success
59430,2288,31413,2022-08-29,Success
56654,1796,18735,2022-12-16,Success
57356,527,22860,2022-07-24,Rejected by the driver
45017,232,26912,2022-07-22,Success
50098,1942,13744,2022-11-17,Success
39055,93,4853,2022-06-17,Success
22237,790,4925,2022-05-14,Success
13131,69,32156,2023-01-20,Success
39881,749,24750,2023-01-28,Success
27302,326,10020,2022-08-07,Rejected by the driver
37142,2689,27758,2023-01-14,Success
3968,2928,11528,2023-01-08,Success
35641,699,1671,2022-07-27,Cancelled by the passenger
17500,2792,39536,2022-06-04,Cancelled by the passenger
15305,394,30965,2022-11-16,Rejected by the driver
53371,1317,949,2023-03-14,Rejected by the driver
38457,1396,14434,2022-05-22,Success
49378,2591,10539,2022-07-05,Success
8459,879,7344,2022-06-06,Success
23284,2600,16046,2022-12-18,Rejected by the driver
26433,828,21249,2023-03-19,Success
57272,1482,21934,2023-04-05,Success
7471,356,33757,2023-02-16,Success
6774,1485,2654,2022-03-22,Success
46336,1752,24371,2023-01-06,Success
39942,2392,34550,2022-09-25,Success
9038,2765,2612,2022-07-29,Success
573,939,13256,2022-09-04,Success
31029,934,36667,2023-02-25,Success
58243,945,8861,2022-09-19,Success
22682,889,7472,2022-06-18,Rejected by the driver
35948,487,15105,2022-03-31,Success
3233,2099,10770,2023-02-17,Success
20057,2169,27715,2022-08-03,Success
14770,863,29387,2022-07-10,Success
49307,2565,28610,2023-04-07,Success
32717,184,37335,2022-11-09,Success
30974,293,35375,2023-02-07,Success
20095,1253,6313,2023-02-19,Success
36856,2472,19449,2022-12-24,Success
22610,1793,29118,2022-04-11,Rejected by the driver
52240,67,20430,2022-12-22,Success
20336,1168,4007,2022-09-29,Success
5787,103,19041,2022-11-07,Success
4375,1480,35825,2022-03-31,Cancelled by the passenger
31272,1205,25824,2023-01-04,Cancelled by the passenger
23361,1185,21241,2022-08-17,Success
53834,2800,4553,2022-06-23,Success
53631,1682,2708,2022-06-10,Success
42060,884,16871,2022-10-03,Success
30081,369,17454,2022-08-24,Cancelled by the passenger
1000,2425,21369,2022-04-17,Success
14819,2243,4975,2022-06-07,Cancelled by the passenger
11430,2396,8924,2022-10-12,Success
17032,2421,30118,2022-11-13,Success
14970,2620,6016,2022-04-08,Success
32696,1225,19520,2022-07-21,Success
40355,1836,12063,2022-04-30,Success
56240,321,37920,2022-10-02,Success
31705,896,5342,2022-05-13,Success
32976,1413,25774,2022-10-05,Cancelled by the passenger
27098,411,30511,2022-07-28,Cancelled by the passenger
46269,2511,25004,2022-07-24,Success
49138,2541,3848,2023-04-12,Success
7265,1812,7399,2022-04-26,Cancelled by the passenger
48200,1626,11475,2022-09-01,Success
58985,2813,34131,2022-05-24,Success
36508,344,6934,2022-09-02,Success
23920,830,28245,2022-11-21,Success
5312,603,33005,2022-03-12,Cancelled by the passenger
20778,82,24195,2022-04-20,Success
5587,2307,36697,2022-06-15,Success
4624,2021,9626,2022-10-02,Success
46648,2210,10945,2023-03-12,Rejected by the driver
45499,2291,9202,2023-03-21,Success
14409,1838,5995,2022-03-17,Success
15821,911,36441,2022-05-30,Success
7829,792,22319,2023-04-15,Success
58024,1983,10873,2022-10-21,Success
53208,2744,3221,2023-04-06,Success
29811,1588,28140,2022-12-31,Cancelled by the passenger
53785,1317,29048,2022-10-20,Cancelled by the passenger
4899,1197,3734,2022-09-15,Rejected by the driver
42488,1949,29397,2022-12-31,Success
35823,1440,22671,2022-11-27,Success
11428,496,38742,2022-03-21,Success
6471,481,23831,2023-04-10,Rejected by the driver
15812,701,15991,2022-06-28,Cancelled by the passenger
46917,1608,28429,2022-07-26,Success
55380,2656,1383,2022-05-14,Success
23038,895,37185,2022-06-13,Success
3417,236,5019,2022-12-17,Rejected by the driver
1837,2938,12573,2022-06-29,Success
40238,1095,2154,2022-08-04,Success
35222,1996,39746,2023-03-07,Rejected by the driver
3030,70,38802,2023-02-06,Success
16552,2026,25117,2022-07-29,Cancelled by the passenger
55257,939,36386,2022-07-07,Success
9665,542,7785,2022-12-30,Success
48,112,7310,2022-10-27,Success
39066,1802,3552,2023-04-09,Cancelled by the passenger
40554,340,28146,2022-03-18,Success
50931,492,2462,2022-10-24,Success
45454,1486,39008,2022-06-07,Rejected by the driver
42468,59,28152,2023-02-20,Success
891,492,14695,2022-06-20,Success
18997,75,20308,2022-10-05,Success
55253,792,2008,2022-10-13,Rejected by the driver
26195,413,22045,2023-04-04,Success
5366,2018,9241,2022-09-23,Success
51374,314,15100,2023-01-15,Success
41947,2965,19757,2023-04-06,Success
41384,1741,22237,2023-02-12,Success
1435,2366,27949,2022-03-30,Success
23013,2386,35327,2023-01-04,Success
4334,1561,11730,2023-03-10,Success
47176,1529,672,2022-05-12,Success
35055,1356,25981,2022-08-19,Success
31192,597,21105,2022-04-28,Success
54353,830,37456,2022-08-25,Rejected by the driver
50935,1394,6887,2022-12-09,Rejected by the driver
37667,2244,31954,2022-04-11,Success
51203,1429,13919,2022-12-13,Rejected by the driver
3959,927,18490,2022-10-27,Success
50503,67,21159,2022-05-29,Cancelled by the passenger
40506,2166,34143,2022-12-06,Success
31094,195,28065,2023-03-22,Success
17834,2804,24590,2023-02-14,Success
27661,1040,17447,2023-02-14,Success
20306,101,28262,2023-02-26,Cancelled by the passenger
34921,13,36502,2023-01-04,Success
34506,2118,13016,2022-06-28,Success
33372,735,16286,2023-03-08,Success
29020,321,15216,2022-08-20,Cancelled by the passenger
16019,861,26715,2022-06-21,Success
44848,567,25104,2022-10-23,Success
6945,1706,37585,2023-01-24,Success
38381,2524,8525,2022-05-18,Success
9662,1636,37859,2022-11-12,Success
50621,511,25961,2022-08-22,Rejected by the driver
39077,891,34732,2022-05-10,Success
23346,601,24784,2023-01-09,Success
41525,951,5538,2022-10-06,Rejected by the driver
43837,2598,32904,2022-06-18,Success
17614,2385,24571,2022-06-25,Success
28355,2080,4450,2022-05-27,Success
28747,1953,5260,2023-04-08,Success
50008,837,15708,2022-12-20,Success
50933,2834,30838,2022-12-28,Cancelled by the passenger
4379,998,15177,2022-12-18,Success
5964,951,4257,2023-01-17,Success
29940,165,19408,2022-06-13,Rejected by the driver
3307,1125,37166,2022-03-14,Cancelled by the passenger
41508,1333,20441,2023-03-10,Success
56811,1551,35646,2022-06-12,Cancelled by the passenger
7851,2118,31418,2022-09-19,Success
59192,900,11350,2023-01-30,Success
32176,1300,16540,2022-07-30,Rejected by the driver
30243,2602,4226,2023-04-15,Cancelled by the passenger
13447,1823,2712,2022-10-10,Success
20361,2153,37923,2023-03-19,Success
33489,1869,32819,2022-06-24,Success
52084,1649,2518,2022-12-10,Rejected by the driver
33309,1136,1726,2022-08-21,Success
25042,2685,868,2022-03-23,Success
13325,1179,37551,2022-08-12,Success
57217,2420,34460,2022-05-11,Success
38482,1291,20337,2022-07-27,Success
42416,1770,22614,2022-12-27,Rejected by the driver
43276,1801,17046,2022-05-10,Success
7017,2615,30002,2022-07-31,Success
40783,315,39943,2022-06-15,Success
15026,52,33955,2023-03-21,Success
59433,650,1578,2022-11-30,Success
8253,1823,28597,2022-06-14,Success
54848,1866,34130,2023-01-07,Cancelled by the passenger
54002,2063,20636,2022-11-28,Success
13478,2045,4974,2022-07-09,Rejected by the driver
19921,2491,34520,2023-01-07,Success
24473,1710,22791,2022-08-06,Rejected by the driver
39391,2080,39382,2022-07-31,Success
16712,2150,686,2022-09-28,Cancelled by the passenger
44525,2146,39158,2022-04-28,Success
48122,2659,23207,2022-12-25,Success
47109,571,34083,2022-09-20,Success
6540,103,32779,2022-03-25,Rejected by the driver
44176,31,31250,2022-10-02,Success
41576,1313,10031,2022-11-19,Success
25112,2879,5773,2022-03-29,Success
45585,75,22963,2022-12-01,Success
13021,842,33335,2022-05-30,Success
59905,1919,10488,2022-10-04,Success
56478,1499,11864,2022-04-21,Success
909,1072,35713,2022-05-15,Cancelled by the passenger
49734,125,8161,2022-03-26,Success
7582,747,14779,2022-09-07,Success
30369,1105,7858,2023-03-05,Success
45252,1265,2740,2022-12-02,Success
9456,2024,38745,2023-04-07,Success
32941,2333,28661,2022-07-23,Success
125,728,23429,2022-06-29,Cancelled by the passenger
27399,1447,26462,2023-01-01,Success
36226,545,5742,2023-02-08,Success
27447,410,28551,2023-01-25,Success
31242,1554,36843,2023-02-26,Success
29686,466,9181,2022-10-28,Success
5380,1687,19467,2022-08-30,Success
38038,2522,32771,2023-01-26,Success
46619,1316,34063,2023-03-30,Success
47654,618,25156,2022-08-10,Cancelled by the passenger
19880,1851,37401,2022-04-15,Success
38506,1872,35637,2022-10-26,Success
16441,1143,15629,2022-11-25,Success
52501,186,33818,2022-08-04,Success
43651,175,20176,2022-08-24,Rejected by the driver
56537,818,13111,2022-04-19,Cancelled by the passenger
50583,1253,16313,2022-11-21,Success
5446,237,28646,2022-11-14,Success
17385,2035,14590,2022-10-17,Success
50796,2585,11203,2022-06-14,Success
36943,1220,12389,2022-11-10,Success
8797,1067,35959,2023-01-06,Success
17624,1968,28043,2022-12-27,Success
55734,2529,10590,2022-11-22,Rejected by the driver
8608,1270,27729,2022-12-24,Success
49202,774,7520,2022-07-16,Success
43982,870,30743,2022-09-07,Rejected by the driver
51963,2757,24612,2022-07-11,Cancelled by the passenger
46039,1837,10659,2023-03-18,Success
33933,215,3853,2023-01-15,Success
1780,1052,22296,2022-09-01,Success
48119,1386,26977,2022-04-02,Success
33507,2962,34933,2022-10-23,Success
25389,1623,14314,2022-12-06,Rejected by the driver
23376,2303,14173,2023-01-17,Success
45643,879,13962,2023-01-17,Success
8788,1721,12368,2022-04-09,Success
1812,2187,32110,2022-08-14,Success
813,1897,975,2022-03-28,Rejected by the driver
59622,868,12491,2022-05-27,Rejected by the driver
19503,1082,29455,2022-08-31,Success
30436,2149,37293,2022-06-23,Cancelled by the passenger
5264,1701,18894,2022-10-15,Success
7366,339,6683,2022-12-19,Success
7898,2138,7426,2022-08-18,Cancelled by the passenger
28893,712,32287,2023-01-22,Success
11368,1326,21472,2022-04-09,Success
54314,204,31338,2023-01-05,Success
22991,3000,21403,2022-07-28,Success
38557,2548,23997,2022-05-27,Success
21396,1815,34782,2023-03-27,Success
1487,842,36265,2022-08-19,Success
2014,520,634,2022-09-20,Success
20586,693,28066,2022-09-21,Success
23838,1007,13965,2022-07-10,Success
32673,2966,905,2022-07-15,Rejected by the driver
8967,1592,34160,2023-04-10,Success
27960,1493,3099,2022-08-04,Cancelled by the passenger
4402,352,26227,2022-08-31,Success
11745,115,12792,2022-07-19,Rejected by the driver
39824,1751,23882,2022-03-26,Success
440,1267,35932,2022-11-29,Success
41674,1742,15775,2023-01-28,Success
20935,1689,30220,2023-02-24,Success
8416,2654,10901,2022-04-09,Success
40022,425,25412,2022-06-12,Success
3550,994,36087,2022-06-07,Rejected by the driver
47655,1594,27907,2022-03-25,Success
13313,1161,10025,2023-01-23,Success
33976,2038,324,2022-06-28,Success
33851,1336,19140,2022-11-07,Success
51880,928,35117,2022-08-04,Success
5785,2174,33144,2022-12-03,Success
22774,673,18085,2022-11-28,Cancelled by the passenger
41695,1134,35569,2022-12-04,Success
30347,235,6123,2022-06-24,Success
6311,2280,19028,2022-07-08,Success
42447,227,16868,2023-01-19,Rejected by the driver
36025,2325,29482,2022-12-06,Rejected by the driver
19507,1772,29324,2023-03-03,Success
44805,1241,30642,2023-01-23,Success
44151,2277,22385,2022-07-28,Cancelled by the passenger
8369,1163,20980,2022-08-03,Success
3379,1060,24399,2022-11-27,Success
490,708,20326,2022-12-17,Rejected by the driver
59139,1892,33317,2022-09-17,Success
15058,849,15904,2022-06-03,Rejected by the driver
26690,936,27440,2023-03-07,Success
36024,2184,19173,2022-05-11,Success
5707,418,24373,2022-10-02,Success
26220,1575,9933,2022-07-01,Rejected by the driver
40387,459,16006,2022-06-06,Cancelled by the passenger
21700,1141,19409,2022-07-05,Success
54853,950,19133,2022-06-17,Rejected by the driver
8550,353,39358,2023-03-18,Cancelled by the passenger
53628,2201,23159,2022-05-05,Cancelled by the passenger
8723,513,22999,2022-05-04,Success
16377,774,23232,2023-03-30,Cancelled by the passenger
21116,2458,33450,2022-07-01,Success
9648,2026,24395,2022-06-18,Success
52403,158,28167,2022-08-26,Success
50246,2191,26072,2022-12-18,Success
44521,259,12893,2023-04-02,Success
14054,1999,38282,2023-04-07,Success
52353,1654,891,2022-10-14,Rejected by the driver
43841,507,17618,2022-04-30,Success
7522,2888,4128,2022-06-24,Success
7403,400,32330,2022-09-30,Success
14733,46,31996,2022-06-20,Cancelled by the passenger
30608,2499,11938,2023-01-12,Success
37850,2607,23560,2022-04-19,Success
19305,2110,38094,2022-06-25,Success
59911,1096,30448,2023-02-23,Success
8189,1795,32739,2023-02-28,Success
6622,655,2610,2022-11-10,Success
15470,2204,2372,2022-05-29,Rejected by the driver
54804,1339,16548,2022-06-27,Success
56057,1440,24930,2022-06-06,Success
32331,2341,35522,2022-04-02,Success
2338,1117,6853,2022-11-11,Rejected by the driver
20466,791,33954,2022-04-22,Rejected by the driver
54651,1340,23041,2022-08-27,Success
4264,2937,37162,2023-03-31,Success
32287,1513,3595,2022-08-12,Rejected by the driver
57759,1434,31584,2023-03-03,Cancelled by the passenger
48810,1868,4116,2022-06-09,Rejected by the driver
21926,775,2886,2023-02-15,Rejected by the driver
36272,1570,39692,2022-08-19,Success
46168,2493,18818,2023-02-06,Success
11407,2959,10927,2022-03-30,Success
46428,1598,25367,2022-12-21,Rejected by the driver
54537,1262,32622,2023-02-07,Success
48869,661,20086,2022-08-02,Rejected by the driver
56833,2844,9313,2022-10-10,Rejected by the driver
45194,1122,15202,2023-02-20,Success
5070,2753,13479,2022-12-13,Success
59116,1881,33123,2023-01-22,Success
40283,730,32090,2022-03-25,Success
52284,2433,38172,2022-07-01,Success
46705,1927,13240,2023-01-28,Success
17171,788,11312,2022-07-16,Rejected by the driver
53864,885,10020,2022-04-01,Success
20593,1831,12208,2022-08-11,Success
42819,2360,23643,2022-06-20,Success
55813,1827,37027,2022-08-19,Success
58822,1751,10329,2022-04-25,Cancelled by the passenger
12874,1122,110,2022-08-24,Success
46768,1973,37,2022-05-13,Success
22749,1197,20226,2022-07-10,Success
8598,392,21686,2022-08-09,Success
54544,357,36722,2022-08-13,Success
18809,2122,13753,2022-05-29,Success
52773,434,35399,2022-12-19,Success
12447,1007,37646,2022-08-26,Success
13306,1320,24665,2022-05-23,Cancelled by the passenger
44854,2133,1812,2022-06-08,Success
42327,75,27229,2022-06-05,Success
24991,2495,23828,2022-07-07,Success
45095,2939,19850,2022-09-30,Success
52739,536,13776,2022-09-28,Success
26907,1310,24372,2022-12-24,Success
28159,1948,3356,2022-07-01,Success
6868,481,36246,2022-06-02,Success
45934,2917,32645,2022-12-10,Cancelled by the passenger
10890,2310,35023,2022-09-02,Rejected by the driver
9467,522,26523,2022-05-19,Success
24761,934,23331,2022-12-24,Cancelled by the passenger
46097,1845,16837,2022-08-03,Success
55768,2232,29678,2022-09-22,Success
14503,724,16619,2022-04-03,Success
31084,2076,34587,2022-05-16,Success
19942,658,21754,2022-05-07,Rejected by the driver
37596,1457,9424,2022-12-14,Success
28064,2871,17630,2023-01-26,Success
24733,1972,26550,2023-01-07,Success
24404,2747,17503,2022-04-17,Success
39798,2776,13748,2022-09-14,Rejected by the driver
9590,1599,35980,2022-10-17,Success
10641,1456,6495,2023-01-09,Success
34550,1037,445,2022-12-11,Success
40928,1856,37085,2022-09-03,Success
45867,2272,18415,2022-09-13,Rejected by the driver
58954,621,27624,2022-11-25,Success
30241,2870,18771,2022-08-08,Success
28193,1966,12315,2023-01-11,Success
11187,1885,26434,2022-06-10,Success
15220,2649,13682,2022-09-01,Success
7204,585,12420,2022-12-18,Rejected by the driver
39472,674,10928,2022-07-23,Success
48131,2399,38067,2022-12-25,Rejected by the driver
16399,1259,26179,2022-09-28,Success
58975,2629,35272,2022-07-30,Success
32682,252,19187,2022-03-31,Success
53792,2487,5757,2022-03-20,Success
53472,698,30252,2022-06-18,Success
30720,100,36233,2022-10-10,Cancelled by the passenger
3686,2592,35718,2023-03-13,Rejected by the driver
17994,1087,2520,2022-12-29,Success
15425,1517,38852,2022-10-30,Success
50555,2682,10956,2022-05-21,Success
35587,2505,30077,2022-11-30,Success
18257,1622,7831,2022-12-19,Success
25018,203,27228,2023-02-06,Rejected by the driver
55385,1077,21370,2022-07-21,Rejected by the driver
32949,2336,1382,2022-10-19,Success
44973,1203,30188,2022-07-23,Success
34942,769,39517,2023-02-08,Rejected by the driver
24363,1999,22389,2023-03-26,Success
2779,542,8154,2022-10-05,Success
3885,1202,7886,2022-11-20,Success
8280,2206,28821,2023-01-02,Success
21803,2141,3845,2022-07-06,Success
40048,1771,18033,2023-02-05,Success
38947,2347,29235,2022-08-14,Success
40769,1891,36028,2022-06-23,Success
9350,421,7294,2022-05-11,Success
28454,307,2599,2022-04-06,Success
41500,2103,33934,2023-04-06,Success
40464,2867,3502,2022-05-24,Cancelled by the passenger
56505,695,9596,2022-04-10,Success
3447,2224,24838,2022-04-19,Cancelled by the passenger
12578,351,15493,2022-11-02,Cancelled by the passenger
47575,1045,38981,2022-11-22,Success
19954,2734,8983,2022-09-19,Success
57214,2,20245,2022-04-24,Success
54224,118,15271,2022-12-26,Success
4063,31,5146,2023-03-05,Rejected by the driver
47461,2162,37835,2022-12-30,Success
57048,2514,36908,2022-10-17,Success
55805,429,35102,2023-01-07,Success
52432,2791,19261,2022-06-25,Success
42,739,11678,2022-07-09,Success
9657,1307,16765,2022-10-18,Success
49194,2205,28838,2022-07-17,Success
42220,2270,3794,2022-10-25,Success
30658,599,3381,2022-11-04,Cancelled by the passenger
29872,2901,2366,2022-12-16,Success
10473,2858,30341,2022-12-30,Success
54358,1947,29257,2023-03-04,Success
27251,668,25445,2022-11-28,Success
58482,1341,23650,2023-02-22,Rejected by the driver
27423,1706,6478,2023-01-17,Success
32387,586,35951,2022-04-30,Success
30547,962,35642,2022-08-07,Success
10067,2442,16343,2023-01-24,Rejected by the driver
52817,1687,34401,2022-07-17,Success
7336,2083,8289,2022-07-28,Success
24428,2204,37970,2022-11-25,Rejected by the driver
15069,835,35291,2022-07-29,Success
21357,831,23232,2022-11-12,Success
2384,448,17429,2023-04-05,Success
50544,1909,25995,2022-12-25,Success
23512,2073,11349,2022-05-03,Success
12795,289,25097,2022-05-05,Success
4150,678,27786,2022-06-28,Success
24115,734,4395,2022-09-16,Success
54263,2392,30033,2022-04-01,Cancelled by the passenger
57033,806,19741,2023-01-12,Success
8580,1902,10738,2022-08-20,Rejected by the driver
13380,1754,24550,2023-01-30,Success
12596,870,37584,2022-10-14,Success
38201,1642,15792,2022-10-07,Success
51016,1992,36000,2022-04-14,Success
17712,316,14577,2022-07-25,Success
278,960,17572,2023-03-25,Success
21736,1893,15602,2022-11-06,Success
36155,1944,17565,2023-02-22,Success
49650,2117,13268,2022-04-20,Success
12629,1857,39552,2022-03-14,Success
34570,1795,32670,2023-03-21,Success
28817,2906,10280,2022-07-30,Rejected by the driver
10148,213,6889,2022-08-15,Cancelled by the passenger
25357,879,35714,2022-06-20,Success
16630,1830,3301,2022-08-09,Success
32586,604,12088,2022-11-16,Success
22485,384,17203,2022-05-02,Success
7988,405,26588,2022-06-09,Success
40320,2811,16928,2022-12-01,Rejected by the driver
27172,1732,1396,2023-02-02,Success
25324,1662,17810,2023-04-15,Success
8957,1049,4036,2022-10-03,Success
35724,2993,26749,2022-05-06,Success
4156,2110,7000,2022-10-14,Success
47110,1719,37581,2023-01-07,Success
51760,1805,739,2023-04-08,Rejected by the driver
21984,182,8262,2023-03-10,Success
15947,2575,29066,2022-04-05,Success
26196,216,18078,2022-08-01,Cancelled by the passenger
45223,80,36584,2022-04-21,Rejected by the driver
5958,2225,39562,2022-09-16,Success
17150,2941,32279,2023-01-24,Success
39347,2111,7760,2022-11-24,Success
16212,1606,17509,2023-03-12,Success
5022,2099,21160,2022-11-09,Success
59555,1444,17656,2023-02-11,Rejected by the driver
55869,522,38611,2022-07-05,Success
53754,1035,21304,2022-12-29,Cancelled by the passenger
9463,2469,3550,2022-09-10,Success
29552,2721,14194,2023-03-26,Rejected by the driver
22320,1878,5025,2022-11-18,Success
46171,775,11622,2022-12-06,Success
52852,1865,20419,2022-04-29,Success
45808,2041,25333,2022-07-12,Rejected by the driver
7180,1223,29823,2022-04-06,Success
13212,2876,15946,2022-04-29,Success
1275,628,31368,2022-11-29,Success
52670,862,18160,2022-06-03,Success
24728,1946,15744,2022-06-19,Success
50185,740,14198,2023-01-18,Success
2509,1164,34249,2023-03-05,Success
17827,502,1782,2022-09-06,Cancelled by the passenger
57237,1232,4392,2023-03-07,Success
16005,1695,9688,2022-12-01,Success
36237,1606,33813,2023-02-26,Success
26755,2647,11184,2022-09-05,Cancelled by the passenger
2631,2678,18260,2022-05-01,Success
26247,983,29626,2023-03-15,Success
57889,2473,3365,2022-03-14,Success
11877,2423,36197,2022-07-31,Cancelled by the passenger
32058,1514,31027,2022-06-01,Success
25283,2836,19641,2023-03-22,Cancelled by the passenger
44523,2864,37315,2022-10-01,Success
16124,271,23453,2022-05-20,Success
16163,1625,19196,2023-02-25,Success
14964,2659,9027,2022-09-14,Success
21377,921,18456,2022-09-01,Success
36203,2332,4790,2022-10-02,Success
5843,999,25354,2022-12-19,Rejected by the driver
27635,1362,37279,2022-06-05,Rejected by the driver
1401,2560,3203,2022-09-11,Success
56136,2565,9991,2022-08-29,Success
3160,469,3219,2023-03-09,Success
21071,2884,26022,2022-12-02,Cancelled by the passenger
2241,2748,21405,2023-04-06,Success
489,2899,966,2023-01-23,Success
38367,1706,39638,2022-11-29,Success
53336,2119,38030,2023-02-26,Success
15291,1017,34841,2023-01-09,Success
15638,798,15144,2022-04-11,Success
47756,1515,25485,2023-04-13,Success
522,84,2120,2022-08-26,Success
48856,1326,26763,2022-04-23,Success
9666,576,27058,2022-03-24,Rejected by the driver
46613,544,27666,2023-04-03,Success
34585,1162,11045,2022-08-23,Success
53661,74,34087,2022-09-15,Success
8324,2500,30688,2022-10-27,Success
53748,250,33120,2022-08-24,Cancelled by the passenger
35417,1328,6246,2022-04-17,Success
7608,988,27290,2022-07-01,Rejected by the driver
9394,957,14512,2022-06-13,Cancelled by the passenger
11671,1171,16544,2023-02-11,Success
55384,1752,15206,2022-05-20,Rejected by the driver
8777,1403,28840,2022-07-22,Success
59415,2107,20681,2022-06-18,Success
36235,2387,27622,2022-11-10,Success
34993,2504,7842,2023-01-30,Success
39600,2221,19297,2022-08-24,Success
58142,2766,20878,2023-03-06,Success
18080,2637,4058,2022-05-18,Rejected by the driver
9335,1847,22216,2022-06-01,Success
42608,1690,35207,2022-09-24,Success
24587,506,1336,2022-05-09,Success
28087,359,27092,2022-05-03,Success
39810,498,19801,2022-08-28,Success
9851,976,22627,2022-07-07,Success
54240,1453,8664,2022-06-21,Success
12761,489,31195,2022-07-03,Success
46264,548,27012,2022-05-25,Success
35733,2964,18304,2022-11-01,Success
7629,1845,6657,2022-05-10,Rejected by the driver
43967,862,3344,2022-12-08,Success
15195,784,33469,2022-09-08,Success
50334,2330,28613,2023-03-10,Success
22777,2985,11352,2022-09-14,Success
56134,66,29883,2023-03-23,Success
46426,1232,2509,2023-02-09,Success
22326,2238,28498,2022-06-13,Success
27846,1120,18357,2022-08-23,Success
43060,336,12048,2022-08-08,Success
21050,2940,27320,2022-07-29,Cancelled by the passenger
53786,2470,36672,2022-08-30,Rejected by the driver
39847,2036,11231,2022-06-04,Success
16650,2963,4019,2022-06-18,Rejected by the driver
47541,546,6717,2023-03-24,Success
23668,2809,17574,2023-04-10,Success
52726,2939,15274,2022-09-08,Rejected by the driver
15147,684,20377,2022-06-06,Success
52519,2837,26114,2022-11-26,Success
20455,2635,935,2022-06-01,Success
2277,2875,7148,2022-12-11,Rejected by the driver
15835,2445,13929,2022-12-12,Success
7818,1248,35104,2022-04-12,Success
9601,364,39556,2022-08-10,Success
32378,1011,5505,2022-04-17,Success
4701,1283,32845,2022-09-24,Success
46417,1697,13507,2022-08-17,Success
43457,66,38621,2022-05-25,Success
50820,2788,32921,2023-03-16,Success
15139,1892,27939,2022-04-08,Success
52540,136,25614,2022-06-06,Success
13288,2056,32,2022-11-14,Success
27487,2447,24089,2023-03-06,Success
54581,2209,37021,2022-10-25,Success
55950,1648,33328,2022-12-06,Success
4673,102,25823,2022-07-22,Success
32089,1341,16094,2022-07-14,Success
57443,2826,28325,2022-10-06,Success
40884,467,6732,2022-07-06,Success
7198,1393,34527,2022-09-20,Success
40650,2702,16215,2022-11-08,Success
34960,236,10153,2022-11-07,Success
689,1287,13969,2022-12-02,Success
52508,1716,33684,2023-03-20,Success
59337,1723,33117,2022-12-20,Success
3674,2072,8271,2022-10-23,Cancelled by the passenger
3948,1835,11261,2022-05-05,Success
13479,2029,27049,2023-01-27,Cancelled by the passenger
55087,320,27561,2023-02-19,Success
57233,1501,14673,2022-05-14,Success
5742,1004,27432,2022-10-18,Success
1678,2042,22693,2022-06-19,Success
9342,116,11624,2023-03-12,Success
20390,1720,6579,2022-09-04,Success
56715,2032,26852,2023-04-12,Cancelled by the passenger
51450,1256,36148,2022-08-19,Success
17878,1062,12514,2022-10-01,Success
57268,2777,31761,2022-06-18,Success
22595,2001,20516,2022-05-29,Rejected by the driver
47932,2007,39437,2022-06-15,Success
47700,1162,37821,2023-03-29,Success
1324,2337,32057,2022-05-16,Cancelled by the passenger
2126,1892,13033,2022-04-20,Success
9083,2084,1312,2023-03-05,Cancelled by the passenger
28135,1512,31485,2022-08-08,Cancelled by the passenger
24745,849,8852,2022-08-22,Cancelled by the passenger
47608,2885,15914,2023-03-09,Success
11139,2500,10285,2022-07-08,Rejected by the driver
9021,2521,19309,2022-08-03,Success
44154,1393,7962,2022-03-15,Success
50070,1157,25503,2023-02-05,Success
22294,2835,16146,2022-04-15,Cancelled by the passenger
46658,384,24153,2022-11-11,Success
4609,1007,1597,2022-04-20,Success
12848,1154,25688,2022-06-29,Success
6872,1482,26258,2022-08-09,Cancelled by the passenger
19926,660,30906,2022-04-09,Cancelled by the passenger
52692,2011,16232,2022-04-27,Success
7395,2348,27003,2022-08-27,Success
36658,2000,14490,2022-11-30,Success
708,2207,31436,2022-05-16,Cancelled by the passenger
41444,288,30719,2022-10-27,Cancelled by the passenger
584,365,6162,2022-04-25,Success
29881,2213,9247,2022-07-18,Rejected by the driver
21960,241,20236,2022-09-23,Cancelled by the passenger
45479,1174,31096,2022-09-11,Success
35402,143,33608,2023-02-23,Success
20389,1875,27370,2022-09-07,Success
57075,1543,9003,2022-09-03,Success
58907,1928,15123,2022-07-19,Success
32108,2729,26223,2022-03-23,Success
29548,774,30211,2023-01-11,Success
41079,2715,9879,2023-03-17,Success
49543,597,38661,2022-05-23,Success
51477,2948,25808,2023-04-01,Success
5663,20,2091,2022-09-22,Rejected by the driver
58624,380,15593,2022-05-18,Rejected by the driver
59344,195,18565,2022-09-06,Success
38048,166,38549,2023-02-07,Success
58753,306,200,2022-05-23,Success
32292,2088,4889,2022-10-25,Success
24126,2427,39607,2022-04-23,Success
26831,2137,10385,2023-04-06,Success
18654,1347,23812,2022-11-03,Success
43282,966,12998,2023-03-13,Success
56191,1825,5182,2023-03-22,Rejected by the driver
48687,1054,20476,2022-12-13,Cancelled by the passenger
40673,2238,20265,2023-04-13,Success
26213,495,4439,2022-09-24,Rejected by the driver
44917,1029,5490,2022-04-23,Success
15117,2156,6184,2023-01-08,Success
38454,2530,17884,2022-11-26,Rejected by the driver
4092,1859,22680,2022-09-11,Success
28263,786,24443,2022-09-07,Success
40134,966,11043,2022-10-18,Success
22630,2581,19435,2022-04-23,Success
50760,39,5802,2022-12-02,Success
54439,1966,27857,2022-11-15,Success
24389,2162,10249,2022-10-24,Success
38176,2408,3939,2022-06-26,Success
43121,330,35345,2023-03-03,Success
35862,2755,39548,2022-09-29,Success
47191,1231,37761,2022-09-29,Success
32600,205,2376,2022-05-30,Success
50961,1501,29359,2023-03-23,Success
45882,1547,20197,2022-09-10,Success
6489,2215,3093,2023-01-04,Rejected by the driver
6788,2344,35867,2022-08-20,Success
43441,2419,11625,2022-04-30,Success
49652,1943,573,2022-09-10,Success
36453,274,11785,2022-11-09,Success
40180,696,32225,2022-10-09,Success
20598,2485,31612,2022-06-16,Success
11188,2150,27727,2023-03-26,Success
1412,34,25617,2022-05-04,Success
49969,657,30144,2023-04-02,Success
5413,1889,13602,2022-03-19,Success
36214,1061,1391,2022-09-03,Success
31206,2075,13293,2022-12-25,Rejected by the driver
23040,1973,17282,2023-02-06,Success
53758,963,1943,2022-04-26,Success
37011,2005,12240,2022-09-04,Success
51367,676,12611,2022-06-10,Rejected by the driver
59482,1034,6913,2022-06-20,Success
31592,2694,13496,2023-03-03,Success
41590,2481,10278,2023-01-11,Success
54785,509,4051,2022-11-09,Rejected by the driver
9955,726,162,2022-08-28,Success
4260,2053,37323,2022-09-24,Success
45527,994,5628,2022-10-18,Success
9460,338,8798,2022-12-23,Success
5827,1262,17437,2023-04-03,Rejected by the driver
46846,230,8108,2022-11-21,Success
14700,2641,5781,2022-11-21,Rejected by the driver
4859,1518,12366,2022-09-18,Success
32973,1733,17095,2022-08-25,Success
6919,2835,16395,2023-02-19,Success
35889,1581,27533,2022-04-05,Success
44775,2399,35496,2022-11-10,Success
3090,2149,11443,2022-11-08,Success
24369,570,24548,2023-02-04,Success
55254,545,39128,2023-04-04,Success
24950,648,16279,2022-05-01,Success
5549,1444,17264,2022-05-15,Success
47736,2580,5967,2022-05-02,Success
10843,1604,26763,2023-03-06,Rejected by the driver
35516,1360,3491,2022-08-19,Success
32273,2316,24443,2022-08-17,Success
28127,1275,3519,2022-10-23,Rejected by the driver
11309,1413,14510,2022-09-30,Cancelled by the passenger
39217,2637,7569,2022-10-03,Success
1755,2225,35927,2022-07-01,Success
54464,2363,5497,2022-03-22,Success
50634,175,2031,2023-01-21,Success
53723,280,32998,2022-04-11,Rejected by the driver
24391,2050,27717,2022-07-31,Rejected by the driver
6312,2837,24951,2022-07-25,Success
26578,2196,34459,2022-03-23,Rejected by the driver
6000,1306,30318,2023-01-15,Cancelled by the passenger
980,1998,25229,2022-10-12,Rejected by the driver
3529,2119,13720,2022-06-29,Success
550,1362,10076,2022-06-17,Success
23648,1030,22337,2022-07-09,Success
59966,16,6766,2022-05-28,Success
58190,1339,34197,2023-03-09,Success
59002,2434,10300,2022-10-08,Success
12988,2371,31654,2022-07-01,Success
17810,989,8081,2022-05-08,Success
2907,1603,15348,2022-07-25,Rejected by the driver
36088,208,26520,2022-09-20,Rejected by the driver
13457,334,31819,2022-06-30,Rejected by the driver
41537,1964,1748,2022-07-16,Success
15799,724,23201,2022-11-30,Rejected by the driver
40833,1554,36339,2023-04-13,Success
39672,2430,36698,2022-06-11,Success
26029,2018,27446,2022-05-30,Success
56348,2994,11912,2022-10-12,Success
32525,2258,27296,2022-10-18,Success
17705,1008,36984,2023-03-01,Cancelled by the passenger
20926,10,29167,2023-03-05,Success
41810,285,5550,2022-06-20,Success
32143,2034,6897,2022-06-07,Success
58710,2688,20321,2022-09-05,Success
4724,1512,31448,2023-04-06,Success
20828,88,1053,2023-02-24,Success
41302,1985,6124,2022-12-03,Success
38937,1534,39707,2022-08-26,Success
13066,2242,10639,2022-03-12,Success
51637,1889,30851,2022-06-12,Rejected by the driver
37512,1089,28823,2022-08-30,Rejected by the driver
1872,2503,19733,2022-07-18,Cancelled by the passenger
52481,1290,21189,2022-07-28,Success
24880,1349,4516,2022-03-16,Rejected by the driver
29599,2408,13470,2022-05-23,Success
24484,2744,18884,2023-01-15,Rejected by the driver
22558,562,26336,2023-01-23,Success
39173,113,6836,2023-01-12,Success
39840,1973,17483,2022-10-10,Success
53833,218,28729,2022-03-20,Success
30685,1337,7277,2022-08-30,Success
50969,1802,20432,2022-03-13,Success
48424,61,30057,2022-03-12,Success
19430,1055,32944,2022-07-10,Rejected by the driver
4393,2088,33079,2022-10-18,Success
7595,1305,22837,2022-09-19,Success
24952,2153,17195,2022-08-09,Success
43830,2502,27554,2022-08-02,Success
49394,1702,24204,2022-09-05,Success
20449,497,31601,2022-06-13,Success
55111,1732,14668,2023-03-07,Rejected by the driver
50632,1494,26924,2022-06-13,Cancelled by the passenger
38879,40,28770,2022-12-15,Cancelled by the passenger
24147,2010,16903,2022-11-22,Success
45441,852,34763,2023-03-12,Success
33555,1669,34625,2022-08-10,Success
9790,1273,29979,2022-11-22,Rejected by the driver
8363,1037,12832,2022-09-28,Success
23017,1029,26571,2022-12-21,Success
3267,623,23954,2022-09-09,Success
33446,554,2500,2022-08-14,Success
17281,1596,16899,2023-01-08,Success
25704,991,6813,2022-10-23,Success
59463,2003,1461,2022-08-28,Success
43736,1158,4313,2022-08-01,Success
50529,394,19293,2023-03-06,Success
46203,526,31693,2022-08-07,Success
12319,823,17759,2023-01-26,Success
6031,335,33607,2023-02-03,Success
37342,1032,34842,2022-09-01,Success
31777,2095,17474,2022-11-25,Success
1618,2128,8980,2023-01-09,Success
12626,1402,1854,2022-07-23,Success
34664,1899,27824,2023-04-08,Success
45377,2344,36384,2022-05-19,Success
2130,1183,28473,2023-02-25,Success
59890,1373,18244,2022-10-07,Success
2793,533,5343,2022-06-02,Rejected by the driver
25212,2259,25674,2023-01-05,Success
37485,428,38803,2022-04-22,Success
48842,1427,36367,2023-01-10,Success
30382,1797,15770,2022-12-05,Success
22139,1790,10037,2023-03-11,Success
6199,1217,284,2022-11-21,Success
14475,2799,39434,2022-11-25,Success
49448,2329,12799,2022-10-07,Success
622,125,25711,2023-03-02,Success
44642,2807,38696,2022-11-22,Success
21158,292,19695,2023-03-07,Success
17055,602,10471,2022-05-02,Success
44939,207,7539,2022-04-08,Success
7231,2893,2124,2022-10-02,Success
25065,2744,33270,2022-09-02,Rejected by the driver
22764,2070,14415,2022-09-06,Success
19599,2298,13039,2022-11-10,Success
27371,2172,16773,2023-02-09,Success
33450,2605,3167,2023-03-04,Success
43273,1563,39282,2022-10-22,Success
20416,531,25790,2022-10-03,Success
22190,405,35572,2022-12-16,Success
30971,1291,31419,2022-04-13,Success
37028,2953,14340,2023-01-30,Rejected by the driver
29934,210,18475,2022-12-02,Rejected by the driver
42600,2126,14175,2023-01-18,Success
27992,2790,11041,2022-11-06,Rejected by the driver
15832,2165,35218,2022-12-24,Success
6047,2844,18638,2022-04-27,Success
12185,1418,35102,2022-08-25,Success
18030,1673,39052,2022-04-02,Success
20503,1598,7966,2022-11-28,Rejected by the driver
37600,582,18134,2022-12-21,Success
21017,917,22383,2022-10-31,Success
16054,749,11678,2022-10-24,Success
15948,240,6426,2023-01-18,Rejected by the driver
16013,2683,13113,2022-04-22,Success
56983,1299,18104,2022-12-18,Success
27346,2852,14667,2022-06-11,Success
34354,2121,304,2022-09-26,Rejected by the driver
59367,1082,33164,2022-07-19,Success
35236,2206,34225,2022-06-09,Success
50502,265,8803,2022-06-22,Success
56374,2208,1353,2023-02-25,Success
17251,2518,8678,2022-09-07,Success
58743,1440,31558,2022-10-07,Success
51952,555,17077,2022-10-24,Success
59810,2205,15182,2022-09-10,Success
10610,2105,26686,2022-03-18,Success
916,354,34125,2022-09-27,Success
50920,2355,32982,2023-03-11,Success
20679,467,20597,2022-10-12,Success
39330,975,19879,2023-03-28,Success
59990,1570,632,2022-03-21,Success
38472,2371,20589,2023-01-25,Rejected by the driver
22576,1417,2309,2023-01-13,Success
15,2496,30007,2023-03-30,Cancelled by the passenger
24650,814,25398,2022-12-23,Success
40744,1580,28470,2022-08-31,Rejected by the driver
24157,227,7857,2023-02-10,Success
22902,112,3419,2023-02-26,Success
40179,220,26725,2022-04-06,Success
22278,1612,35901,2022-09-02,Cancelled by the passenger
57820,2789,1953,2023-04-08,Success
28364,1225,36159,2022-04-27,Success
39975,2653,23521,2022-09-05,Success
38371,1210,14304,2023-03-13,Success
27134,378,25983,2022-11-19,Success
33604,2965,27587,2023-03-29,Cancelled by the passenger
56571,587,16915,2023-04-12,Rejected by the driver
50897,1564,18123,2023-02-20,Rejected by the driver
20648,2183,979,2023-04-12,Success
42154,1917,31106,2022-12-25,Rejected by the driver
27514,79,9325,2022-09-21,Success
32104,1521,27963,2022-08-14,Success
25797,1907,35924,2022-04-06,Success
43415,1945,26378,2023-02-16,Success
17579,781,6403,2023-04-06,Success
14653,2827,19052,2022-04-10,Cancelled by the passenger
18861,1253,13996,2022-08-06,Success
58537,1836,5314,2022-05-10,Success
18083,90,17025,2022-05-26,Cancelled by the passenger
35371,650,12292,2022-03-16,Success
51629,777,20638,2022-07-31,Success
56962,506,36615,2023-03-22,Success
8129,2617,10204,2022-06-16,Rejected by the driver
15698,364,36119,2023-01-16,Success
6852,2732,39945,2023-03-08,Rejected by the driver
31824,2389,31489,2023-03-19,Success
6287,487,12159,2022-05-12,Success
37235,285,9022,2022-12-26,Cancelled by the passenger
25062,2225,2744,2022-07-16,Success
40339,2189,36704,2022-12-15,Success
44291,2549,35073,2023-01-07,Success
53769,2406,1735,2022-03-14,Rejected by the driver
45628,1540,32610,2022-11-14,Success
2455,1370,27505,2023-01-16,Success
2282,2583,25465,2022-03-21,Success
34712,1240,14966,2022-10-18,Success
35585,2965,24367,2023-02-06,Success
11975,2411,21427,2022-04-13,Success
48920,1065,24235,2022-06-02,Success
948,1596,18247,2022-08-30,Rejected by the driver
23600,1086,30882,2023-02-25,Success
6950,2549,8692,2022-03-16,Success
58059,598,13160,2022-08-07,Success
48605,2748,5616,2022-12-25,Success
6080,1206,18173,2022-07-16,Success
50642,2052,23328,2023-04-03,Rejected by the driver
48187,616,35658,2022-07-01,Success
10053,2373,39442,2023-03-27,Success
1723,2695,32385,2023-04-14,Success
50249,2925,35902,2022-06-26,Rejected by the driver
10317,1531,18920,2023-03-12,Success
3034,303,8854,2022-05-01,Success
27260,1860,28445,2022-06-15,Success
33772,706,3131,2023-01-18,Success
2825,2265,31862,2022-03-30,Success
8703,370,37882,2022-05-30,Success
12228,1459,2007,2022-11-13,Rejected by the driver
25023,907,28160,2022-06-15,Rejected by the driver
17744,1161,8741,2023-03-15,Success
5204,2474,4351,2023-03-02,Rejected by the driver
47748,787,9489,2022-10-15,Success
7805,1305,20961,2022-12-03,Success
3253,1756,8993,2023-01-12,Rejected by the driver
11912,2824,4157,2023-04-07,Success
47483,2451,6647,2022-12-17,Success
6299,1990,2916,2022-11-24,Success
6265,2806,25088,2022-08-19,Rejected by the driver
35437,1920,37122,2022-09-22,Success
53662,862,11357,2023-02-08,Success
15827,572,3133,2023-04-01,Success
51712,2001,38955,2022-06-29,Success
11506,2882,21750,2022-08-08,Success
55470,1852,27601,2022-07-04,Rejected by the driver
59475,1208,21207,2022-09-04,Rejected by the driver
40578,1396,15604,2023-03-09,Success
58611,1325,18978,2022-04-30,Success
42152,1374,34115,2022-09-29,Success
27308,1867,25351,2022-09-08,Success
53863,1414,6155,2022-09-06,Cancelled by the passenger
36624,1754,28565,2022-09-09,Success
52755,1781,31188,2023-03-18,Success
21920,2958,36749,2023-02-20,Cancelled by the passenger
54251,895,11621,2023-01-15,Success
58632,164,5840,2022-11-08,Rejected by the driver
24834,2378,27245,2022-05-13,Cancelled by the passenger
26912,1146,18177,2022-10-25,Rejected by the driver
26037,371,34317,2022-08-15,Cancelled by the passenger
59932,247,9176,2022-03-25,Rejected by the driver
31409,105,5984,2022-10-28,Success
57968,2068,33877,2022-08-22,Success
8132,2897,34740,2022-09-11,Rejected by the driver
28495,2764,35510,2022-11-17,Success
1689,2133,10168,2022-11-15,Rejected by the driver
46404,888,2966,2022-08-27,Rejected by the driver
21161,166,1283,2022-09-01,Cancelled by the passenger
13997,2476,12318,2022-11-08,Success
1865,2243,11780,2023-01-19,Success
16545,1812,38889,2022-08-27,Success
28517,61,8905,2023-02-15,Success
29343,1774,2295,2022-08-25,Success
29939,552,26530,2022-04-28,Success
29026,798,28876,2022-12-29,Rejected by the driver
19960,930,27945,2022-11-20,Rejected by the driver
47552,1149,33327,2022-10-09,Success
24401,655,13391,2022-03-30,Success
2680,72,32551,2023-01-06,Rejected by the driver
50704,564,30208,2022-10-12,Success
16134,24,26005,2022-12-27,Success
6422,2715,19481,2023-03-30,Success
59204,1647,12518,2022-07-22,Success
29479,1212,12365,2022-05-06,Cancelled by the passenger
25089,936,19588,2022-07-15,Success
22510,1627,32845,2023-03-02,Success
13654,365,39900,2022-05-05,Success
44058,2882,25549,2022-07-28,Success
2226,879,30879,2023-01-29,Success
51306,2610,27947,2023-03-14,Success
21314,1996,23622,2023-03-25,Rejected by the driver
37228,2070,38556,2022-06-08,Success
10794,185,39901,2022-03-31,Success
43042,2311,27979,2022-11-05,Cancelled by the passenger
56606,1755,22459,2022-08-24,Success
6456,1178,15927,2022-09-04,Rejected by the driver
55582,2421,29712,2022-09-18,Rejected by the driver
12403,834,6158,2023-01-09,Rejected by the driver
49767,208,36830,2022-09-15,Success
36956,1244,38528,2023-02-13,Rejected by the driver
38509,2592,21045,2022-03-17,Success
36606,1204,1876,2022-09-19,Cancelled by the passenger
55812,2207,16029,2022-03-14,Success
36739,1146,39303,2022-04-20,Rejected by the driver
22445,1392,2124,2023-02-10,Success
15597,1610,27154,2022-04-03,Success
13469,1407,8825,2022-07-23,Rejected by the driver
43148,1703,31019,2023-02-25,Success
27130,887,34141,2023-04-12,Rejected by the driver
51262,1908,3943,2023-02-24,Success
56215,453,24927,2023-03-13,Success
4691,1205,15420,2022-12-10,Success
42622,1313,31262,2022-05-31,Rejected by the driver
22882,1867,9970,2022-06-01,Success
33038,2925,8338,2023-01-07,Cancelled by the passenger
41103,1269,9002,2022-11-15,Rejected by the driver
48148,2484,25843,2023-03-24,Cancelled by the passenger
58766,2552,22946,2023-03-15,Success
29142,93,10244,2023-01-16,Cancelled by the passenger
40904,1501,20662,2023-02-23,Success
49411,2707,3371,2022-12-17,Success
17881,2968,30565,2023-04-09,Success
40732,2064,10906,2022-06-23,Success
26179,1333,8927,2022-08-09,Rejected by the driver
55529,1693,32565,2022-12-04,Rejected by the driver
10934,2148,28744,2022-04-17,Success
6472,2909,8316,2023-03-26,Success
15844,2522,20339,2022-05-11,Success
41610,162,32121,2022-08-22,Success
35092,164,19865,2023-01-01,Cancelled by the passenger
44712,1862,6921,2022-06-12,Success
9163,1123,11766,2022-09-01,Success
59566,1796,9363,2022-09-09,Rejected by the driver
31745,2216,28545,2022-10-12,Success
13594,1891,13842,2022-09-13,Success
31438,2264,4425,2023-03-06,Success
30747,2605,33113,2022-05-23,Rejected by the driver
58275,2666,35321,2022-10-12,Success
39955,1474,7098,2022-05-08,Success
24205,2412,3028,2022-05-16,Success
19392,1468,9049,2022-04-09,Success
56378,1684,10708,2022-12-02,Success
24046,222,24394,2022-05-17,Success
15385,1629,22303,2022-08-09,Success
19162,991,478,2022-03-24,Success
47341,781,11659,2022-04-23,Rejected by the driver
43461,1841,7355,2022-05-08,Success
30455,2404,27690,2023-01-07,Rejected by the driver
34132,458,14430,2022-05-01,Success
5565,2612,35268,2022-07-20,Cancelled by the passenger
3057,2008,24909,2022-10-19,Success
6042,2551,23851,2022-08-08,Cancelled by the passenger
13365,1710,14274,2023-03-30,Success
54230,2627,8123,2023-01-23,Rejected by the driver
53519,373,13234,2023-02-26,Success
1641,1183,17005,2022-08-24,Success
35038,840,19168,2022-10-14,Success
34465,2111,28201,2023-02-13,Cancelled by the passenger
25060,440,36111,2022-04-19,Success
18834,1485,17848,2022-09-11,Success
41370,71,28295,2023-01-31,Success
5916,680,39464,2022-07-28,Rejected by the driver
24983,1189,23986,2023-02-25,Success
1806,1552,14931,2023-02-26,Success
26390,1756,36912,2023-01-12,Rejected by the driver
40127,2050,14258,2022-09-20,Success
43894,1452,6487,2022-04-23,Rejected by the driver
4930,2178,7477,2023-03-27,Cancelled by the passenger
30653,2044,23277,2022-12-22,Success
55343,2290,6968,2022-05-20,Cancelled by the passenger
37177,1665,13816,2022-09-15,Cancelled by the passenger
14269,78,37248,2022-12-18,Cancelled by the passenger
7283,2269,1258,2023-03-19,Rejected by the driver
28056,1906,9128,2023-03-09,Rejected by the driver
13833,1153,21627,2022-03-25,Rejected by the driver
49616,1172,14185,2022-09-22,Success
33992,1881,26846,2022-08-19,Success
28800,2727,17025,2022-06-13,Success
41365,951,9726,2023-03-14,Success
7673,597,824,2023-01-14,Success
23728,674,15527,2022-05-07,Success
5188,2332,36746,2022-12-08,Success
21172,2473,27289,2023-01-19,Success
36766,2718,22155,2022-07-18,Success
46298,1008,3588,2022-09-23,Success
4200,2911,18866,2022-07-07,Rejected by the driver
20762,668,14086,2022-05-22,Success
53941,943,18800,2023-01-20,Success
25260,2820,29964,2023-03-07,Success
56760,2708,3340,2023-04-11,Rejected by the driver
27410,459,14151,2022-12-25,Success
40722,74,5749,2023-01-29,Success
17503,1561,30885,2023-01-10,Rejected by the driver
4694,99,3985,2023-01-17,Success
11652,2737,12250,2022-06-09,Success
37857,1927,29127,2022-06-16,Success
47875,909,17994,2023-03-24,Success
55944,384,26211,2023-01-03,Success
22466,1494,34942,2023-02-19,Success
12119,2714,25482,2022-06-13,Cancelled by the passenger
36109,2488,30138,2022-08-18,Success
6177,1571,5449,2022-07-22,Success
49352,673,17798,2022-11-19,Success
13337,792,17224,2022-10-03,Success
54501,2368,19674,2022-09-20,Success
2122,378,28045,2023-02-23,Cancelled by the passenger
4420,686,22546,2022-05-13,Rejected by the driver
5910,467,786,2023-02-15,Success
26927,1568,26958,2023-03-22,Success
28712,957,19129,2022-05-14,Success
6769,523,5729,2022-09-15,Success
45125,2971,28106,2022-05-20,Success
14471,973,21672,2022-04-26,Rejected by the driver
26152,1233,17393,2022-03-22,Success
15820,2452,15777,2022-10-08,Success
53928,1294,395,2022-11-30,Success
32025,1529,27720,2022-06-28,Success
54163,744,38129,2022-09-28,Cancelled by the passenger
32366,408,26262,2023-01-19,Success
28719,901,31838,2022-05-14,Rejected by the driver
30875,1968,24218,2022-10-28,Success
10721,1612,21848,2022-03-18,Success
57622,2492,11265,2023-04-01,Success
44634,1763,32456,2022-10-01,Cancelled by the passenger
8558,2684,6036,2022-12-02,Success
45790,2900,22518,2022-06-12,Success
37931,1947,21834,2023-04-15,Cancelled by the passenger
55590,1863,10402,2022-12-05,Cancelled by the passenger
18456,47,22966,2023-04-12,Success
44160,1274,31951,2022-10-26,Success
46011,767,20704,2022-05-22,Success
39538,2807,32225,2022-08-27,Success
12576,1498,14006,2022-11-11,Success
35995,2609,3127,2023-03-18,Success
35800,2615,17411,2022-09-03,Success
44025,2801,31576,2022-03-26,Rejected by the driver
30542,855,30967,2022-06-01,Success
6264,355,29383,2022-12-16,Success
42349,1927,29608,2022-05-31,Rejected by the driver
39610,423,11583,2022-08-21,Cancelled by the passenger
55674,1864,9704,2022-05-01,Success
42542,1205,7773,2022-11-23,Success
39698,756,570,2023-02-07,Success
2063,1112,19674,2022-09-05,Success
50039,2336,35786,2022-09-11,Success
18994,847,4170,2022-04-04,Success
19337,1530,19423,2022-12-03,Success
28494,747,24812,2023-03-12,Success
39908,2409,8608,2022-03-30,Success
55560,89,1549,2022-12-16,Rejected by the driver
52431,2590,33560,2023-03-04,Cancelled by the passenger
21295,115,34348,2022-06-22,Cancelled by the passenger
19071,2401,25204,2022-06-07,Success
8527,587,27650,2022-03-29,Success
22547,1242,19174,2023-01-28,Success
17442,1101,20462,2022-05-20,Success
37658,2009,22713,2023-03-21,Success
40985,2657,29449,2022-03-24,Success
58810,86,19409,2023-01-04,Success
22213,302,11721,2022-07-28,Success
47307,2835,31503,2023-01-27,Success
25674,990,33892,2022-09-29,Success
36521,2419,36141,2023-02-14,Success
46654,330,29981,2023-03-25,Success
29966,1031,29022,2022-08-31,Success
5047,1899,37467,2023-04-01,Success
17856,2335,4497,2022-04-11,Success
34026,2016,13116,2022-07-29,Success
53032,1278,12390,2022-10-16,Success
57354,1630,24259,2022-11-07,Rejected by the driver
14345,2715,24603,2022-12-06,Rejected by the driver
38995,2689,24843,2022-07-24,Success
49981,2542,23451,2022-08-18,Success
34917,919,1102,2023-02-23,Rejected by the driver
11129,819,35408,2022-06-13,Cancelled by the passenger
33981,1715,25290,2023-04-04,Success
16304,2066,35274,2022-11-03,Rejected by the driver
59518,994,6026,2022-07-28,Success
33491,208,4832,2022-05-24,Success
10226,2750,27156,2022-07-31,Success
40328,1044,7665,2023-03-27,Success
56870,1294,7543,2023-04-04,Success
43849,2965,10719,2022-11-22,Rejected by the driver
9788,1370,10411,2022-11-13,Rejected by the driver
56125,845,4596,2022-06-11,Rejected by the driver
14467,2163,16587,2023-04-15,Rejected by the driver
55117,1184,23762,2022-04-04,Cancelled by the passenger
21245,2505,32555,2022-05-28,Success
33949,642,35071,2022-07-05,Success
55840,1365,12372,2022-06-26,Success
14814,643,9460,2023-01-12,Success
28548,2747,17511,2023-02-21,Rejected by the driver
53583,499,21666,2023-03-09,Success
15770,1329,15422,2022-10-01,Cancelled by the passenger
37519,329,20909,2022-10-02,Rejected by the driver
26017,1516,3924,2022-06-15,Success
45038,2882,4618,2023-02-14,Success
49503,2221,38399,2022-03-19,Success
38314,936,18666,2023-02-01,Success
57854,1748,6730,2022-08-18,Success
18644,1498,16202,2022-04-06,Success
7800,1850,22722,2022-10-26,Success
51179,2953,2708,2022-05-22,Rejected by the driver
32921,908,33316,2022-03-14,Success
36121,939,33230,2023-04-10,Success
10632,521,37406,2022-10-02,Success
18107,2504,5901,2022-05-29,Success
34214,2094,39014,2022-04-13,Rejected by the driver
29654,2967,35228,2023-01-28,Success
57477,2661,30907,2023-01-14,Success
38018,1474,37274,2023-03-30,Rejected by the driver
7739,2232,33539,2022-04-16,Success
40920,2037,8877,2023-04-04,Success
12963,491,10638,2022-11-20,Cancelled by the passenger
53717,102,39904,2022-07-13,Success
5414,1109,8932,2022-06-11,Success
17996,1544,4921,2023-01-14,Success
33198,2271,30558,2022-10-20,Success
46566,2189,3820,2022-05-29,Success
20335,1450,17820,2023-03-31,Success
38420,448,13304,2023-02-03,Success
37994,2478,30272,2022-09-08,Rejected by the driver
56876,1776,14847,2022-09-06,Success
1211,1371,19781,2022-04-16,Success
25493,2266,26861,2023-04-01,Cancelled by the passenger
20647,2392,16817,2023-01-05,Cancelled by the passenger
31732,2866,39490,2023-02-15,Success
24817,2836,20671,2022-11-06,Success
6551,2068,25877,2022-03-21,Success
47581,2770,33411,2022-03-19,Cancelled by the passenger
43574,270,35997,2023-03-14,Cancelled by the passenger
18879,273,13626,2022-12-03,Success
41961,2917,11878,2022-03-29,Success
5275,1708,17280,2022-11-19,Cancelled by the passenger
49209,2745,20401,2022-07-31,Success
3021,2142,31559,2022-07-02,Cancelled by the passenger
209,1834,20522,2023-01-31,Success
34880,154,39677,2023-03-08,Rejected by the driver
45624,235,18406,2022-11-09,Rejected by the driver
57179,1261,30020,2022-03-31,Success
38172,2499,3106,2022-07-21,Success
50593,1362,38931,2022-05-17,Cancelled by the passenger
16810,957,37356,2022-08-02,Success
8890,905,35659,2022-06-02,Success
47661,684,4002,2022-10-02,Cancelled by the passenger
42226,2953,31458,2023-01-05,Success
50776,1140,5413,2022-05-13,Success
4834,1758,36583,2022-03-26,Success
56828,1437,8528,2022-06-14,Success
34362,2625,23368,2022-03-14,Success
31782,1222,30733,2022-10-07,Success
18686,788,35444,2023-02-11,Cancelled by the passenger
37357,1233,25691,2022-03-23,Rejected by the driver
54210,1987,26869,2022-09-15,Rejected by the driver
5957,1,15618,2022-11-07,Success
10393,2727,22249,2023-03-14,Success
56284,1876,1598,2022-03-27,Success
58217,1274,26131,2022-08-19,Success
57584,2662,35601,2022-06-22,Rejected by the driver
25396,2370,19909,2022-07-24,Success
31539,1483,10221,2022-03-14,Success
55075,1174,3383,2022-09-24,Success
56796,2983,8979,2023-04-01,Rejected by the driver
1888,334,282,2022-08-28,Success
49226,336,26517,2023-03-19,Success
24537,2483,8059,2022-06-04,Cancelled by the passenger
41582,967,16484,2022-07-03,Success
9026,1735,9969,2022-04-24,Rejected by the driver
21848,795,29645,2022-08-31,Success
24203,1962,38465,2022-07-16,Success
44967,2126,4108,2022-11-16,Rejected by the driver
27625,2991,14169,2022-06-25,Success
18163,2782,26,2022-07-25,Success
47453,208,25890,2022-03-25,Success
12259,2643,14873,2022-05-25,Success
49489,1619,32479,2023-03-08,Cancelled by the passenger
19027,333,4152,2022-07-24,Rejected by the driver
23646,1850,20250,2022-11-13,Success
9276,1392,30280,2022-04-08,Success
40265,63,19459,2022-05-28,Cancelled by the passenger
2608,902,467,2023-02-08,Success
39730,1986,5944,2022-09-14,Success
28146,1105,25083,2022-10-09,Success
20409,2554,16059,2022-03-14,Success
20440,272,11860,2022-12-12,Rejected by the driver
24967,900,18308,2022-08-23,Success
49890,2475,3957,2022-11-02,Success
32882,2730,21941,2023-04-12,Success
50221,294,28922,2022-12-31,Cancelled by the passenger
28500,2653,7189,2022-07-26,Success
17322,1026,21895,2022-05-24,Success
51452,1192,38728,2022-03-27,Success
14162,1951,24811,2022-04-25,Success
34941,1635,32282,2022-07-27,Success
40560,2539,35450,2022-12-24,Success
29688,82,7870,2022-04-27,Success
6980,1121,17010,2022-04-22,Success
33026,88,36618,2022-04-27,Success
51391,2013,1589,2022-12-02,Rejected by the driver
50492,578,28170,2022-05-14,Success
3960,1406,29783,2022-12-29,Success
14553,2813,35359,2023-03-23,Success
33761,1982,8107,2022-04-18,Success
15248,2139,32939,2023-04-10,Success
1847,2059,21161,2022-03-23,Success
10751,2398,12784,2022-06-30,Success
37874,2133,12764,2023-02-11,Rejected by the driver
10165,2340,5041,2022-10-30,Success
45571,2551,26155,2022-12-27,Cancelled by the passenger
29199,471,33739,2022-07-04,Rejected by the driver
44625,417,3048,2022-06-27,Cancelled by the passenger
32237,385,1695,2022-10-04,Success
19788,2838,1472,2022-08-25,Success
6525,1479,14415,2023-01-17,Success
32901,204,18621,2023-01-02,Success
20516,1636,23915,2022-10-04,Success
49594,256,17187,2022-09-14,Cancelled by the passenger
53313,2126,23243,2022-10-20,Success
42990,707,37662,2022-09-18,Success
22250,682,16133,2022-09-04,Rejected by the driver
54531,2739,37087,2022-05-21,Success
40449,1529,19057,2022-12-24,Success
10368,1853,35577,2022-09-23,Success
37503,2952,13338,2023-01-09,Rejected by the driver
5382,1418,16318,2022-08-26,Rejected by the driver
54473,373,3907,2022-04-20,Success
26426,1777,14686,2022-06-29,Success
7586,2950,4877,2022-12-30,Success
5315,1911,16743,2022-05-02,Rejected by the driver
42559,1132,30551,2023-01-22,Success
2726,572,17910,2022-10-01,Success
59719,882,14587,2022-03-18,Success
2410,373,11224,2022-06-09,Success
47166,969,25734,2023-03-02,Success
4864,468,34786,2023-04-06,Success
58857,1002,19018,2023-01-24,Cancelled by the passenger
34063,2407,7601,2022-12-09,Success
51868,2257,21511,2022-04-14,Rejected by the driver
18044,2914,31252,2022-12-26,Success
26321,760,11526,2022-07-23,Rejected by the driver
15446,1302,10472,2022-08-17,Success
51188,820,39835,2023-01-22,Success
23440,1913,3124,2023-04-02,Success
36199,952,32258,2022-11-03,Success
52699,168,10793,2023-03-12,Success
26816,1189,32285,2022-11-28,Success
12250,1020,18430,2022-12-29,Rejected by the driver
58577,256,8463,2023-03-18,Rejected by the driver
41090,996,31272,2023-01-29,Success
14544,1851,24611,2022-11-14,Success
28,1067,33867,2023-02-05,Success
13498,2232,19180,2022-09-26,Cancelled by the passenger
22693,2771,34589,2023-01-27,Cancelled by the passenger
49644,2782,39559,2022-06-29,Success
24332,683,22594,2022-04-07,Success
2245,310,20662,2022-04-09,Success
11798,790,24504,2022-04-12,Success
20428,1926,6436,2022-06-08,Success
3495,1134,28632,2022-10-03,Success
34894,2993,8535,2023-03-05,Success
41420,2089,28832,2022-10-30,Rejected by the driver
26968,2613,32505,2022-11-08,Success
12969,738,32270,2022-12-12,Success
10202,2003,38088,2022-03-13,Success
51619,2293,16581,2022-05-05,Rejected by the driver
40676,615,9755,2022-07-05,Rejected by the driver
38612,306,36905,2022-10-26,Success
38819,600,39468,2023-03-27,Cancelled by the passenger
20842,1292,8452,2022-10-13,Success
42765,690,28781,2022-08-21,Success
46921,2176,20750,2022-06-20,Success
45376,1486,35015,2022-10-22,Cancelled by the passenger
8395,2452,1283,2022-04-09,Rejected by the driver
37799,1572,2617,2022-07-15,Success
7622,1937,17678,2022-07-05,Success
16724,701,33082,2022-07-06,Cancelled by the passenger
4202,574,1588,2022-06-30,Success
3652,201,21698,2022-07-19,Cancelled by the passenger
41925,469,18821,2022-07-10,Success
16509,1586,17275,2022-06-16,Rejected by the driver
6645,1894,30895,2022-06-03,Rejected by the driver
35794,2975,9367,2022-06-19,Cancelled by the passenger
35155,156,25097,2022-12-08,Success
1966,1013,6782,2022-07-02,Success
43933,17,18187,2023-02-18,Success
52113,177,10640,2022-08-24,Success
31188,933,38275,2022-11-21,Success
7258,2374,29158,2023-03-14,Success
45503,2216,28738,2023-01-31,Success
16070,32,26323,2022-07-31,Success
32495,2427,11249,2023-03-25,Cancelled by the passenger
33738,2224,9001,2022-04-04,Success
53461,2141,1060,2022-12-30,Success
40564,2531,27956,2023-04-04,Success
1589,2633,21304,2022-03-31,Rejected by the driver
17320,373,39163,2022-11-25,Success
42411,1027,29671,2022-08-23,Success
6564,2442,22709,2022-12-09,Success
33292,549,14152,2023-03-18,Success
50506,2380,15302,2022-10-12,Success
22778,489,11361,2022-09-21,Success
3139,1428,9215,2022-05-19,Success
33957,812,6298,2022-09-23,Success
45274,2369,17352,2022-10-07,Rejected by the driver
13704,689,17399,2022-11-03,Success
40481,1405,38331,2023-01-02,Rejected by the driver
39514,1388,12809,2022-05-28,Success
8707,2439,32153,2022-07-30,Success
32947,2722,10251,2022-10-20,Success
50030,965,23794,2023-02-13,Success
52447,2867,29409,2022-04-03,Success
47354,1872,17879,2023-04-11,Success
42983,1375,19604,2023-03-16,Success
3071,2362,28809,2023-01-15,Success
24643,762,17459,2022-12-05,Success
11887,1504,36145,2022-07-25,Success
28934,2611,3142,2022-09-06,Success
9674,405,25711,2023-03-25,Success
8438,2876,3100,2023-03-21,Success
32503,1617,22199,2023-01-08,Success
37601,1819,17761,2022-11-09,Cancelled by the passenger
22327,552,24277,2022-08-01,Success
45329,2502,2261,2022-05-09,Success
19814,1206,17013,2022-03-30,Rejected by the driver
23264,1568,38504,2022-12-06,Success
57957,2669,14400,2022-05-05,Success
7846,2028,1490,2022-08-25,Rejected by the driver
6300,156,14925,2022-08-21,Success
10952,2948,39295,2023-03-24,Cancelled by the passenger
26521,537,16851,2022-11-21,Success
37525,563,30766,2022-04-23,Success
40660,2011,12454,2023-01-04,Success
30119,1851,5963,2022-03-23,Success
32618,1854,28226,2023-03-24,Success
56050,41,2108,2022-12-14,Rejected by the driver
18889,787,9456,2022-03-20,Rejected by the driver
4385,885,13783,2022-10-18,Success
3543,1286,19887,2022-11-09,Cancelled by the passenger
55025,2407,14801,2022-05-27,Success
36854,241,27297,2022-06-25,Success
46414,1389,30058,2022-08-26,Rejected by the driver
33551,862,4326,2022-06-09,Success
49070,2854,5160,2022-05-12,Success
2164,2375,29222,2022-12-05,Success
28697,18,15677,2022-09-24,Cancelled by the passenger
30651,938,22979,2023-04-13,Cancelled by the passenger
54872,2847,21954,2022-09-19,Success
24803,362,29977,2022-09-07,Success
17145,2277,39477,2023-02-21,Rejected by the driver
49667,583,30755,2022-05-05,Success
13016,2626,2831,2022-08-04,Success
32015,455,2321,2022-12-11,Success
17990,761,33114,2022-07-26,Success
4280,1376,32341,2023-03-06,Cancelled by the passenger
47731,41,35242,2022-07-21,Rejected by the driver
56166,2437,17960,2022-06-09,Success
19276,2449,38394,2023-03-26,Success
53083,2560,14127,2022-10-25,Success
51305,1967,20998,2022-07-19,Cancelled by the passenger
41869,1935,26749,2022-04-04,Success
13089,1620,14725,2022-03-21,Success
13057,429,489,2023-01-23,Success
32962,253,34367,2023-03-31,Rejected by the driver
57963,998,26864,2022-04-13,Success
49895,2575,19894,2022-04-26,Success
57266,1719,20317,2022-10-07,Cancelled by the passenger
32115,2269,4144,2023-04-08,Cancelled by the passenger
25189,234,12051,2022-12-24,Success
15539,280,5553,2022-04-17,Success
1871,1339,11993,2022-12-26,Success
18596,2881,35057,2022-05-18,Success
7808,1220,28708,2023-04-02,Cancelled by the passenger
36407,45,29558,2022-10-31,Success
11733,2890,35553,2022-07-25,Success
49124,1967,8823,2022-11-01,Success
21423,1387,25782,2022-04-23,Success
38965,2284,34297,2023-03-13,Rejected by the driver
19585,2646,21274,2023-01-02,Success
9921,234,24653,2022-09-21,Success
8567,2817,22861,2023-03-30,Success
3413,119,12347,2022-04-19,Success
11128,376,2147,2022-04-05,Success
38788,2100,13496,2022-12-11,Success
57403,683,23445,2023-01-19,Success
41968,1992,963,2023-02-24,Success
59665,2062,472,2022-12-30,Success
34789,982,37325,2022-09-11,Success
16794,367,28284,2023-03-26,Success
49731,339,37330,2022-10-19,Success
49845,2011,28326,2022-08-11,Cancelled by the passenger
9804,2646,26078,2023-01-08,Success
27311,2818,7367,2023-04-02,Success
39043,2870,8997,2023-01-15,Success
57426,408,27343,2022-12-16,Success
4928,389,9661,2022-11-12,Rejected by the driver
15914,2954,20013,2022-08-09,Success
32605,2877,10367,2022-10-21,Success
12733,379,30946,2022-10-16,Success
31661,385,37537,2022-09-23,Cancelled by the passenger
22310,446,14341,2023-03-12,Cancelled by the passenger
48222,1012,17539,2023-01-21,Rejected by the driver
34939,423,7399,2023-01-19,Success
57997,747,35216,2022-12-12,Success
17542,1749,38855,2022-07-23,Success
7482,779,28520,2022-10-19,Success
14575,1076,36748,2022-07-05,Rejected by the driver
39019,1285,39562,2022-10-24,Success
52286,1752,38145,2023-02-09,Success
49743,2365,7008,2023-03-03,Rejected by the driver
50728,56,31287,2022-03-31,Success
37343,1668,991,2022-04-24,Success
3130,605,3315,2022-03-25,Success
35558,756,20499,2022-08-03,Rejected by the driver
6251,1296,1398,2022-04-28,Success
6753,1553,27259,2022-09-05,Success
35165,1792,13085,2022-07-21,Success
39005,185,7,2022-09-05,Success
3125,2503,6082,2022-12-31,Success
54193,2965,7814,2022-03-17,Success
43621,2308,37443,2023-01-14,Success
42832,912,23188,2023-02-03,Success
48340,1874,36562,2023-02-20,Success
32454,404,7466,2022-12-15,Rejected by the driver
31293,2716,31144,2022-08-03,Cancelled by the passenger
12754,2916,9987,2023-02-19,Success
49896,1675,20525,2022-05-27,Cancelled by the passenger
31424,181,25882,2023-01-09,Success
1949,2089,25349,2022-10-22,Success
32951,2531,11596,2022-05-20,Success
3548,2884,17856,2022-04-10,Success
4339,1755,10334,2022-04-04,Success
2717,2179,10827,2022-09-13,Cancelled by the passenger
21875,1854,27992,2023-01-23,Success
33822,1136,4426,2022-07-26,Success
1465,1538,34220,2022-10-05,Rejected by the driver
49806,1270,27018,2022-11-10,Success
149,2468,22595,2023-02-13,Success
17093,2165,37787,2022-07-16,Cancelled by the passenger
49522,2596,5816,2022-09-17,Success
16408,579,20732,2022-03-31,Success
17670,2760,31316,2022-03-25,Success
51110,1483,21833,2022-08-05,Success
24410,35,7950,2022-04-24,Success
35029,316,30349,2022-11-26,Success
22013,374,9489,2022-12-23,Success
29592,2789,24986,2022-07-01,Success
1200,1216,1318,2022-09-08,Rejected by the driver
47273,1152,6074,2022-09-07,Success
4509,2612,32287,2023-01-30,Cancelled by the passenger
41430,158,35708,2022-11-24,Success
2284,1221,29618,2022-06-21,Success
1193,2447,22717,2022-09-10,Rejected by the driver
8299,1477,4555,2022-04-21,Success
33817,1150,939,2022-07-03,Success
41311,426,39441,2023-02-22,Success
24317,2600,26531,2022-04-10,Success
5606,1776,33864,2023-01-06,Success
9453,132,7047,2022-07-20,Success
28911,1068,36512,2022-08-15,Cancelled by the passenger
7763,791,16642,2022-04-24,Success
53961,290,10178,2022-03-29,Success
35462,2424,22153,2022-06-24,Success
20636,393,1629,2022-06-22,Success
38934,1080,1194,2022-05-07,Success
19183,1303,30437,2023-02-10,Cancelled by the passenger
47217,53,16803,2022-11-27,Success
14952,1570,39282,2022-08-18,Success
31391,110,4127,2023-04-01,Success
32925,1442,9161,2022-04-21,Success
35280,2044,10886,2022-08-04,Success
7559,1369,8142,2022-10-06,Cancelled by the passenger
34677,2198,10704,2023-03-26,Rejected by the driver
40599,226,26996,2022-03-30,Rejected by the driver
31475,233,21485,2023-02-23,Success
28185,917,22147,2023-03-07,Rejected by the driver
30604,699,26106,2023-03-27,Cancelled by the passenger
24453,2295,31914,2022-10-25,Success
34475,2133,2222,2022-11-28,Success
34233,2368,30175,2022-06-29,Success
36569,1146,35259,2022-10-06,Cancelled by the passenger
19418,180,30143,2023-03-01,Success
51924,712,15935,2022-06-30,Success
6419,2809,33750,2022-06-20,Rejected by the driver
34603,2785,38656,2022-07-25,Rejected by the driver
41825,2165,17148,2022-08-11,Success
26460,2707,1259,2023-02-14,Success
47311,1830,17451,2022-05-20,Success
10318,2967,8219,2022-08-19,Success
32799,2350,31901,2022-03-19,Success
35075,1035,22533,2023-01-13,Success
56455,2693,36346,2022-11-20,Success
33995,612,26802,2023-01-06,Rejected by the driver
46666,2481,34138,2023-01-17,Rejected by the driver
51482,1678,9516,2022-12-12,Success
3414,2222,14824,2022-04-22,Success
52978,3000,734,2022-10-10,Success
174,1261,22081,2022-09-07,Cancelled by the passenger
10869,1618,20379,2023-03-20,Rejected by the driver
59352,200,9152,2023-02-18,Success
36010,2505,8096,2023-04-14,Success
4956,851,15481,2022-05-24,Rejected by the driver
44661,1676,32139,2022-03-15,Success
55221,135,10037,2023-03-30,Success
3743,588,6874,2022-07-19,Cancelled by the passenger
46974,1390,30729,2022-10-13,Success
5921,1522,13859,2022-06-27,Rejected by the driver
57393,2886,19133,2022-04-21,Rejected by the driver
31164,334,25999,2022-12-18,Rejected by the driver
24451,214,16158,2023-01-20,Success
41288,234,16974,2023-01-27,Success
33576,1500,20756,2022-12-18,Success
34238,588,18954,2022-07-31,Success
47063,549,10166,2022-07-17,Success
36671,1579,38604,2022-08-24,Success
28847,4,12261,2023-03-14,Cancelled by the passenger
43383,2415,35287,2022-12-06,Success
23612,2647,13007,2022-12-18,Success
27772,500,3769,2022-12-08,Success
33262,2190,16741,2023-03-03,Rejected by the driver
13912,264,6781,2023-02-03,Success
39516,1740,27610,2023-03-31,Cancelled by the passenger
14375,1408,9765,2022-09-26,Success
1002,2599,3608,2023-04-02,Success
2318,2826,17755,2023-02-06,Success
57984,1112,4775,2022-11-01,Success
47008,1140,7596,2022-12-01,Cancelled by the passenger
23227,1766,30631,2022-07-08,Success
26934,64,9202,2022-10-12,Rejected by the driver
33741,444,32486,2022-05-17,Rejected by the driver
38173,1110,5294,2022-11-30,Cancelled by the passenger
35149,173,36073,2022-06-11,Success
31946,1144,2904,2022-10-10,Success
56957,1839,13365,2022-07-18,Rejected by the driver
6586,431,32128,2022-06-08,Rejected by the driver
22176,127,30533,2022-08-31,Success
21092,1590,33449,2022-04-13,Success
6862,624,1257,2022-10-03,Success
19122,2532,35083,2022-09-04,Success
48802,1689,5742,2023-01-31,Success
57066,1195,35947,2022-06-16,Success
11004,2822,36483,2022-05-19,Success
24961,487,8709,2022-12-05,Success
30143,2031,1129,2022-05-22,Success
12966,1753,22991,2023-01-07,Success
20495,922,6882,2022-11-04,Success
55891,2964,38662,2022-09-30,Success
18048,963,2687,2022-12-27,Rejected by the driver
56487,422,8125,2022-10-05,Rejected by the driver
52498,1233,27068,2022-11-22,Success
9894,2126,3597,2022-11-11,Success
28689,417,23512,2022-03-18,Success
199,1519,2739,2023-03-21,Success
33827,1972,25603,2022-09-06,Success
641,340,29127,2023-02-06,Success
47716,991,14452,2022-11-12,Rejected by the driver
32220,1650,4674,2023-02-08,Rejected by the driver
27587,2630,32002,2022-11-21,Success
23694,2733,20991,2022-11-22,Success
30842,177,37917,2022-12-11,Success
32325,292,28436,2023-02-05,Success
27390,869,36374,2022-03-24,Success
42307,1085,2510,2022-11-07,Success
16704,1579,29012,2022-05-20,Success
42147,2841,17500,2022-06-19,Success
15370,2853,23875,2022-05-09,Success
32445,1789,93,2023-04-11,Rejected by the driver
7432,82,8303,2022-10-12,Success
2663,271,26066,2022-12-17,Rejected by the driver
7643,1198,7874,2022-04-23,Success
30021,1923,15032,2022-11-15,Rejected by the driver
42677,1527,30572,2022-10-18,Success
31633,2872,35860,2023-04-15,Success
43430,2937,23749,2023-03-15,Success
15953,1856,10419,2023-03-30,Success
24345,1511,24414,2022-06-06,Rejected by the driver
14255,631,23249,2022-11-06,Success
34689,2480,39320,2022-07-11,Success
27720,277,26754,2022-08-20,Success
34721,482,12213,2022-12-19,Rejected by the driver
16756,848,26834,2022-11-10,Rejected by the driver
48022,2426,13363,2022-11-05,Success
49738,653,34754,2023-02-13,Success
51983,548,20783,2022-05-30,Success
7730,819,29855,2023-02-09,Success
4133,1107,10914,2023-03-26,Success
21553,988,172,2022-03-23,Cancelled by the passenger
16461,2072,2128,2022-08-30,Rejected by the driver
39103,410,7526,2022-07-17,Rejected by the driver
31596,2704,12683,2022-09-05,Success
6863,2352,35860,2022-09-15,Success
5094,2122,38574,2022-12-29,Success
18753,358,35588,2023-02-08,Success
41586,1136,22266,2022-12-01,Success
40413,811,374,2022-11-24,Success
29877,2381,29278,2022-07-12,Success
38914,2488,39197,2023-04-09,Success
11596,2934,9273,2023-03-15,Success
10098,1045,36278,2022-09-21,Success
37504,2803,33187,2022-09-02,Success
376,2519,31176,2022-11-28,Success
16465,352,33595,2022-09-15,Cancelled by the passenger
7651,879,10114,2022-06-04,Success
57184,2056,2636,2022-05-16,Success
18555,2660,19559,2022-07-13,Rejected by the driver
21808,907,10644,2023-02-06,Cancelled by the passenger
51939,379,11196,2022-10-30,Success
27370,2860,27623,2022-09-13,Cancelled by the passenger
23774,2634,14028,2023-03-06,Success
2899,1435,21166,2023-03-24,Success
56727,699,37802,2022-05-03,Success
23171,735,35428,2023-04-01,Success
54633,505,26882,2022-06-14,Rejected by the driver
16574,603,18253,2022-11-03,Success
21996,1772,16502,2022-10-20,Success
42072,313,32125,2023-01-19,Success
35661,2041,28900,2022-08-20,Success
59876,1787,6570,2023-03-04,Success
58060,653,34487,2022-04-13,Success
3171,105,34845,2023-03-15,Success
2060,611,2824,2022-03-14,Success
53602,1257,29467,2022-04-25,Cancelled by the passenger
58480,1783,34575,2022-07-24,Success
23562,2000,17249,2022-03-13,Success
50101,1379,9194,2022-04-25,Success
10441,1330,1361,2022-05-04,Success
42344,1565,35656,2022-10-13,Cancelled by the passenger
38493,1048,37305,2023-02-15,Rejected by the driver
9066,717,37064,2022-03-29,Success
31168,852,14854,2022-09-30,Success
24579,1278,9075,2022-09-25,Cancelled by the passenger
14615,692,37864,2022-12-02,Success
17075,927,15818,2022-11-30,Success
39003,220,33796,2022-06-28,Rejected by the driver
15218,2306,4286,2022-09-23,Cancelled by the passenger
3115,629,3425,2023-04-04,Cancelled by the passenger
40776,699,28882,2022-11-21,Rejected by the driver
52259,1885,12955,2023-02-06,Rejected by the driver
5567,2663,36627,2022-07-30,Cancelled by the passenger
30512,932,6192,2022-06-13,Cancelled by the passenger
7546,1153,12329,2022-12-17,Rejected by the driver
51263,367,31898,2022-05-25,Success
48800,679,17620,2022-09-21,Success
48355,1891,35765,2022-09-01,Success
41201,1305,24155,2022-05-08,Success
1518,1229,10202,2022-08-19,Rejected by the driver
16039,948,28704,2022-08-10,Success
47220,355,16353,2022-09-17,Success
7431,495,29574,2022-06-23,Success
11629,921,37707,2022-07-02,Success
8869,1871,9432,2022-04-21,Success
36471,2279,21430,2022-03-20,Cancelled by the passenger
49122,2863,20122,2023-03-01,Success
25171,1800,19449,2023-02-18,Success
5980,189,39077,2022-05-27,Success
32604,757,27604,2022-10-15,Success
34401,2372,15994,2022-04-27,Success
17258,1384,12541,2022-11-04,Success
42343,738,35616,2023-02-05,Success
33974,1310,32817,2022-12-25,Success
10647,1950,6539,2023-03-30,Rejected by the driver
39784,1364,2996,2022-09-27,Success
48543,1815,39842,2022-12-25,Success
33578,2245,9479,2022-07-06,Success
25604,303,20524,2022-10-05,Success
21500,2804,14252,2022-03-16,Success
18201,2478,24876,2022-05-31,Success
23586,26,16150,2022-09-14,Success
41707,1386,279,2023-01-19,Success
16857,677,8234,2022-03-29,Rejected by the driver
4796,2206,37634,2022-07-15,Success
43791,2466,25081,2023-03-21,Success
46499,795,30736,2022-07-25,Success
36734,1906,4733,2022-03-25,Success
31065,2409,24327,2023-01-09,Success
11248,637,20085,2022-04-06,Success
38348,188,695,2022-03-30,Success
25205,842,17358,2022-05-28,Cancelled by the passenger
43334,1163,22173,2022-07-05,Rejected by the driver
27565,2176,20906,2022-12-12,Success
35839,612,39670,2022-09-21,Success
10560,2111,1198,2022-07-27,Rejected by the driver
32595,874,6127,2022-12-27,Success
56391,2552,36427,2022-08-08,Success
4232,1277,15878,2022-04-19,Cancelled by the passenger
39488,1750,20921,2022-07-06,Success
42253,2495,26553,2022-05-17,Cancelled by the passenger
52766,1654,13933,2022-10-06,Success
13141,2210,22751,2022-11-16,Success
16328,254,11090,2022-05-17,Success
3151,2862,27245,2022-11-06,Success
46588,2380,34336,2022-04-14,Cancelled by the passenger
22098,314,18276,2022-04-26,Success
2827,1849,39854,2023-03-22,Success
48470,2668,13552,2022-06-13,Success
3853,2380,26736,2022-11-03,Cancelled by the passenger
15466,2989,25851,2022-12-24,Success
2615,1783,29425,2022-03-15,Success
28625,2448,14595,2023-02-23,Rejected by the driver
13175,2205,30675,2022-12-07,Success
59309,2164,24629,2022-08-13,Success
6964,1300,34832,2022-10-10,Success
52770,1811,18433,2023-02-06,Success
26209,2981,39478,2022-10-13,Success
42615,314,15180,2022-12-10,Success
38225,2539,12850,2022-10-12,Success
32255,1542,9834,2022-10-17,Cancelled by the passenger
24717,1701,9410,2022-10-21,Success
40374,234,15781,2022-08-06,Success
9782,2302,21294,2022-08-25,Success
6582,1874,12334,2022-05-29,Success
51649,1446,39300,2023-03-26,Success
56482,2177,35826,2022-05-25,Rejected by the driver
39302,950,22516,2022-12-29,Success
40144,897,30028,2022-12-26,Success
20422,2951,1720,2022-10-17,Success
59906,2597,10424,2023-03-25,Rejected by the driver
4917,1061,36138,2023-01-03,Success
33845,1820,10465,2022-12-31,Success
54311,696,33570,2022-06-07,Success
50222,2589,25280,2022-05-23,Success
56897,1598,23708,2023-01-24,Rejected by the driver
31205,275,27861,2022-12-17,Cancelled by the passenger
1137,1394,36089,2022-07-17,Success
14106,2689,12901,2022-05-14,Success
28902,2484,25599,2022-11-22,Success
50152,793,19263,2022-05-28,Rejected by the driver
35484,1696,34919,2023-02-19,Success
38423,2626,37371,2022-10-07,Success
32710,550,113,2023-01-11,Success
27777,469,23057,2022-09-20,Rejected by the driver
39959,1920,35513,2023-02-07,Success
6677,1203,34197,2023-01-30,Cancelled by the passenger
49327,2117,18368,2023-04-03,Rejected by the driver
8217,725,11125,2022-03-21,Rejected by the driver
46175,534,39599,2022-07-06,Success
26726,1131,949,2023-04-01,Success
12917,2215,10338,2022-11-19,Rejected by the driver
13760,1471,37895,2023-03-19,Success
262,64,27331,2022-10-28,Success
53063,68,30148,2022-06-14,Success
30061,899,23709,2022-08-06,Cancelled by the passenger
27617,1063,16597,2022-09-09,Success
19682,1892,15624,2023-03-07,Success
44983,1605,838,2022-04-06,Success
23034,361,8425,2022-11-28,Success
26999,1120,5145,2023-02-15,Success
28067,2530,29394,2023-02-18,Rejected by the driver
1696,2249,36904,2022-07-17,Success
8201,1662,29595,2022-12-24,Success
42863,2569,13970,2022-11-15,Success
6508,2306,13653,2023-03-09,Success
45946,2371,29756,2022-05-07,Success
1714,2005,38898,2022-06-27,Success
52214,1208,4117,2022-11-28,Success
49553,1782,7117,2022-04-21,Success
3251,2673,19795,2022-09-25,Success
26571,950,1128,2022-03-13,Success
42500,1305,20634,2022-05-16,Success
27879,1129,23745,2022-03-21,Success
31219,2249,39985,2022-12-03,Success
38046,2950,38846,2022-03-22,Success
5628,576,37032,2022-09-20,Cancelled by the passenger
15570,2396,37062,2022-03-16,Success
36903,92,1899,2022-10-12,Success
22773,1601,1267,2022-12-06,Success
13576,593,22229,2022-08-30,Success
865,533,28157,2022-08-21,Rejected by the driver
15943,1922,17199,2022-06-15,Rejected by the driver
18209,2863,3343,2022-12-10,Success
6490,186,7439,2023-03-25,Success
54569,719,22739,2022-09-18,Success
5531,1115,35851,2023-04-11,Success
31113,2475,24158,2022-04-20,Success
2434,867,10508,2022-09-26,Success
40951,152,26019,2022-06-10,Success
29957,1969,12098,2022-05-03,Success
43796,667,25145,2022-07-29,Success
4304,2112,36592,2022-08-26,Success
19713,1997,21932,2022-03-17,Success
27678,1104,5088,2022-04-25,Success
3363,916,37256,2023-01-06,Success
27145,904,340,2022-11-05,Success
5166,2237,34165,2022-10-25,Success
57822,1100,3221,2022-04-22,Success
30769,833,5396,2022-08-25,Success
33659,229,17442,2022-07-17,Rejected by the driver
29342,664,28119,2022-04-10,Success
45908,2083,12345,2023-03-25,Success
11010,1155,28068,2023-03-05,Success
22135,1979,8872,2022-09-15,Success
8891,1805,26580,2022-03-12,Success
28716,2490,4188,2022-12-15,Cancelled by the passenger
40327,1405,39948,2022-07-16,Success
41254,1198,14916,2022-09-07,Success
4056,1757,760,2022-05-28,Success
21375,689,26292,2022-10-21,Cancelled by the passenger
27301,2662,14796,2022-07-29,Success
13614,1241,32414,2022-07-16,Success
18682,1913,39167,2022-04-13,Success
37848,37,23868,2023-04-09,Success
11981,1284,12860,2023-03-10,Success
53194,1531,8618,2023-01-27,Success
33881,1204,21023,2023-03-23,Cancelled by the passenger
33400,2356,720,2023-04-14,Cancelled by the passenger
23394,53,1951,2022-08-15,Rejected by the driver
41173,1772,22752,2022-09-10,Success
20439,937,4401,2022-05-25,Success
1839,39,7804,2022-06-07,Success
42570,1925,39337,2023-01-18,Success
5971,1461,32480,2022-04-02,Success
23485,2402,8444,2023-01-23,Success
38152,1236,4590,2022-10-19,Success
27987,2011,15614,2022-05-28,Success
56239,2228,9012,2023-01-18,Success
59999,160,19215,2022-07-09,Success
26953,645,39736,2023-01-21,Success
57543,1646,22368,2023-03-29,Success
59239,192,16024,2022-10-15,Success
6358,16,34562,2022-03-25,Success
5371,2897,14059,2022-09-12,Success
20166,1669,25466,2022-07-30,Success
55915,2855,30474,2022-07-31,Rejected by the driver
18183,1020,34042,2023-01-16,Rejected by the driver
5539,2064,31748,2022-12-04,Rejected by the driver
7666,2358,13021,2022-09-12,Success
19567,1602,18379,2023-01-04,Cancelled by the passenger
37388,2318,33169,2022-12-06,Success
6374,2483,30877,2022-06-29,Cancelled by the passenger
3150,2195,10050,2022-04-10,Success
44905,1993,29764,2023-02-15,Cancelled by the passenger
34703,2735,23838,2022-11-15,Success
36304,2317,37222,2022-12-03,Rejected by the driver
24180,712,9579,2022-10-01,Success
25147,2456,2657,2023-03-24,Cancelled by the passenger
29363,426,21537,2022-06-01,Success
24551,2527,14918,2022-09-20,Success
52294,1250,9307,2022-04-07,Success
48318,2771,30068,2022-07-05,Success
13251,1841,33292,2022-08-30,Success
28305,678,23573,2023-01-10,Success
55048,1210,9860,2023-01-18,Success
19016,760,945,2023-02-18,Success
296,1019,34355,2022-11-09,Cancelled by the passenger
23904,1815,12426,2022-07-22,Success
27748,2213,5819,2022-10-24,Cancelled by the passenger
2877,1015,21844,2023-03-23,Rejected by the driver
27903,1105,16435,2022-06-01,Success
1167,46,39949,2022-12-19,Success
58023,1563,12172,2022-05-17,Success
53501,2661,31552,2022-09-22,Success
6077,1830,18945,2023-02-04,Rejected by the driver
29494,967,22024,2022-04-10,Success
27887,1613,21180,2022-09-21,Success
7394,1422,27068,2022-10-24,Success
48847,1230,3924,2023-03-19,Success
25781,272,26246,2022-08-14,Cancelled by the passenger
8760,382,31177,2023-02-09,Success
2447,371,21004,2023-01-29,Success
43961,1729,23860,2022-06-15,Success
23980,1691,17655,2022-10-23,Success
2440,2078,38872,2023-03-19,Rejected by the driver
7983,2086,50,2022-05-05,Success
39804,541,13623,2022-06-15,Success
47852,778,36184,2022-06-14,Success
33050,2876,24355,2023-04-15,Success
17041,2208,26208,2022-12-16,Rejected by the driver
18470,349,9199,2022-05-14,Rejected by the driver
18894,448,13253,2023-03-08,Success
44584,506,7782,2023-02-12,Rejected by the driver
22788,318,271,2022-06-20,Success
40693,530,36621,2022-03-17,Success
34059,51,14443,2022-03-30,Success
58684,521,22704,2022-10-07,Cancelled by the passenger
9838,2010,35812,2022-11-28,Success
29164,1418,7242,2022-12-17,Success
55352,82,32746,2022-09-14,Success
12008,2544,17016,2022-10-29,Success
59089,2852,2402,2022-09-13,Success
47477,940,9908,2022-06-27,Success
25738,2803,26225,2022-05-21,Success
53154,1188,8510,2022-07-15,Rejected by the driver
38752,2482,7565,2022-07-05,Success
51227,813,5256,2023-01-30,Success
16662,2350,18102,2022-08-05,Cancelled by the passenger
37023,406,30460,2022-08-18,Success
8188,2807,26190,2023-04-11,Success
40004,2586,36906,2023-04-11,Success
9339,2407,6651,2023-03-28,Rejected by the driver
16679,613,21397,2022-12-19,Success
23233,289,18503,2023-01-22,Success
45316,2016,32171,2022-12-27,Rejected by the driver
55455,1453,29377,2022-04-08,Success
31873,1424,2656,2023-01-11,Rejected by the driver
57165,2855,4292,2022-04-29,Success
11211,94,33505,2023-01-07,Rejected by the driver
55888,2106,25062,2022-04-05,Success
19902,1195,4546,2023-03-12,Rejected by the driver
56142,2481,29517,2022-04-20,Success
19709,2394,37594,2022-10-24,Success
36314,77,39500,2022-03-30,Success
12702,2241,609,2022-05-09,Success
10874,2806,36353,2022-04-17,Rejected by the driver
48127,1664,5347,2022-10-05,Success
56092,222,34667,2023-02-27,Success
1370,2767,37042,2023-02-01,Success
28912,2949,8713,2022-03-20,Success
25481,2922,39725,2022-03-24,Success
47587,1839,35205,2022-08-29,Rejected by the driver
53762,2915,21219,2022-11-21,Rejected by the driver
53316,1550,15528,2022-06-22,Success
43546,1221,6530,2022-05-27,Success
38946,2355,32290,2022-05-14,Success
50467,2937,34686,2022-07-06,Success
31369,2409,18847,2023-01-21,Success
4086,937,29461,2022-04-09,Success
12108,659,7052,2022-05-28,Success
34495,154,13958,2023-01-13,Success
35126,1504,29355,2023-03-17,Rejected by the driver
36164,436,2262,2022-03-27,Success
11041,1468,19397,2022-08-27,Success
40510,784,15682,2022-09-26,Success
7407,2147,17937,2023-04-02,Rejected by the driver
22271,350,1476,2023-02-13,Success
25896,279,20960,2022-11-21,Success
55204,1800,25997,2023-02-23,Success
15661,2855,4300,2022-03-15,Cancelled by the passenger
58338,470,2626,2022-09-29,Success
11324,1643,15179,2022-04-14,Success
45391,664,25560,2022-12-05,Success
55422,1741,11095,2023-03-20,Cancelled by the passenger
6213,175,9211,2022-06-15,Success
9363,2643,6185,2023-02-19,Success
50550,2976,15275,2023-02-22,Success
34013,2501,13382,2022-09-10,Success
7621,1457,30087,2023-03-11,Cancelled by the passenger
33602,2806,39757,2022-04-28,Rejected by the driver
32918,2255,11408,2022-10-13,Success
52800,2151,4458,2022-11-17,Success
38037,2647,31114,2022-11-19,Success
43309,2726,2830,2023-01-17,Success
13481,1183,11355,2023-01-15,Success
185,2910,28807,2022-05-30,Success
41848,193,31841,2022-07-04,Success
50073,49,16797,2022-12-30,Success
58821,746,30033,2023-03-19,Success
30491,927,23942,2022-07-27,Success
1488,192,19106,2022-11-28,Success
2927,182,21990,2022-12-04,Success
47485,584,37134,2022-12-17,Success
38379,2188,7263,2022-03-15,Success
16092,68,26639,2022-10-10,Success
38737,90,34669,2022-04-28,Success
20019,518,7819,2022-08-24,Success
27061,2714,23304,2022-09-24,Rejected by the driver
41440,2586,38476,2022-03-15,Success
45724,2439,18700,2022-12-06,Success
48483,205,38505,2023-02-02,Success
25249,39,5347,2022-06-25,Success
26685,886,22689,2023-01-06,Cancelled by the passenger
22127,1164,10390,2022-08-09,Success
2036,156,23808,2022-08-27,Success
5778,1089,26462,2022-07-13,Success
43192,187,33798,2023-04-04,Success
265,1292,6649,2023-04-06,Success
52452,2318,31296,2022-11-16,Cancelled by the passenger
21804,1198,36153,2022-10-06,Success
2505,2121,31718,2022-07-19,Success
37461,2927,20068,2022-06-29,Rejected by the driver
42372,2755,23879,2023-01-06,Success
56719,498,22480,2022-05-14,Success
59471,820,22371,2022-07-26,Success
3031,166,36035,2022-12-10,Success
53658,1035,18020,2022-03-13,Success
13980,1622,11776,2022-07-21,Success
24786,2208,8905,2022-06-09,Success
59506,589,4207,2022-04-22,Rejected by the driver
23177,2450,19170,2022-10-16,Success
51403,948,9336,2022-08-29,Success
18780,752,30014,2022-11-18,Cancelled by the passenger
1379,2354,23280,2022-06-23,Success
34269,1978,16050,2022-11-12,Rejected by the driver
2292,384,30703,2023-03-03,Success
23268,1628,22474,2022-09-19,Rejected by the driver
42228,1634,1039,2022-04-25,Cancelled by the passenger
11740,257,38855,2023-02-10,Cancelled by the passenger
43710,1067,37038,2022-06-06,Success
7075,1813,22607,2022-08-12,Success
52607,974,33242,2022-09-04,Success
29307,775,24685,2023-03-11,Success
40530,728,26918,2022-12-29,Success
35478,805,35060,2022-09-21,Success
11075,2885,30271,2022-03-14,Rejected by the driver
19822,1228,36182,2023-03-15,Success
13237,2658,37557,2023-01-25,Rejected by the driver
11515,1810,36761,2023-03-26,Cancelled by the passenger
48782,1548,3604,2023-02-18,Success
20351,2186,37034,2022-09-28,Success
47289,1291,20239,2022-06-07,Rejected by the driver
47219,121,29055,2022-10-17,Success
39972,181,33351,2023-02-17,Success
41770,275,37928,2022-05-01,Success
11363,959,17105,2023-02-17,Success
43989,2917,32356,2022-12-15,Cancelled by the passenger
27452,271,22752,2022-09-06,Success
36023,522,20125,2023-04-10,Success
40197,1332,35851,2022-07-01,Success
19467,1972,19120,2022-05-13,Success
59395,2809,28812,2022-05-20,Success
29839,674,35229,2022-03-28,Success
32820,47,24352,2022-12-07,Success
55602,2878,20226,2022-10-15,Success
7793,2495,26821,2023-01-06,Success
8799,1793,20162,2022-07-08,Cancelled by the passenger
7634,2548,8638,2022-10-07,Success
57079,2238,8658,2022-10-31,Success
30801,1496,25180,2023-04-10,Success
58490,1615,19311,2022-09-04,Success
13326,2030,443,2022-10-19,Success
23255,2979,5855,2022-09-15,Success
45426,1280,25571,2022-03-24,Success
11347,1982,6753,2022-03-21,Success
34738,2064,7799,2022-06-05,Cancelled by the passenger
15557,787,23896,2022-12-28,Rejected by the driver
19098,292,4084,2022-11-27,Success
40617,1271,29648,2022-11-08,Success
5579,2926,39113,2022-05-27,Cancelled by the passenger
25939,1049,37255,2023-04-11,Cancelled by the passenger
34283,1430,39962,2023-03-19,Success
24016,184,5019,2023-03-13,Success
52701,730,35550,2022-08-12,Success
57457,1562,34746,2022-03-17,Cancelled by the passenger
19718,66,35807,2022-03-26,Success
49321,2984,15629,2022-05-19,Success
35091,482,5879,2022-09-02,Success
28832,2027,11754,2022-07-14,Cancelled by the passenger
30272,186,1393,2022-08-07,Success
4672,1703,298,2022-06-15,Success
49577,2143,39442,2022-04-06,Rejected by the driver
58983,728,32808,2023-02-21,Success
15168,414,13121,2022-07-31,Success
18987,1158,26377,2022-07-25,Success
36263,2140,3926,2023-02-12,Success
53409,957,15031,2022-12-08,Success
9438,680,11776,2022-04-29,Success
34123,2849,6594,2023-02-04,Cancelled by the passenger
52911,2661,39217,2022-09-17,Success
13578,2291,12822,2022-05-31,Success
40006,1321,16120,2022-12-10,Cancelled by the passenger
28812,1483,2057,2022-09-22,Success
32123,373,27134,2023-01-06,Success
36306,1180,14455,2022-10-15,Success
24292,2005,14733,2023-02-16,Success
3157,1842,16195,2023-03-16,Success
48599,2721,31347,2023-03-28,Success
36095,263,19444,2022-12-12,Success
36769,1961,35062,2022-09-22,Success
25074,831,11609,2022-08-18,Success
9308,266,15556,2022-11-12,Success
10676,1617,3806,2022-08-15,Success
33622,2492,9018,2022-10-13,Success
48862,39,29695,2023-04-11,Success
57345,2305,18896,2022-09-14,Success
29012,2764,6398,2023-03-15,Cancelled by the passenger
468,2415,4582,2023-01-28,Success
16236,2731,15005,2022-05-31,Cancelled by the passenger
39948,1100,37800,2022-04-13,Success
51411,2064,16942,2022-10-22,Success
16438,917,22251,2022-11-29,Rejected by the driver
23308,512,33513,2023-01-23,Success
59459,1869,16488,2022-12-13,Success
31378,540,316,2023-02-27,Success
31107,1941,8075,2023-03-27,Success
24739,1350,8415,2023-03-09,Rejected by the driver
2178,103,1844,2022-07-03,Rejected by the driver
6291,1222,11312,2022-04-19,Success
23027,1727,25306,2022-05-15,Success
34408,1008,22080,2022-12-20,Rejected by the driver
3996,2966,5014,2022-03-22,Rejected by the driver
4716,2900,21959,2022-12-23,Cancelled by the passenger
3701,1703,15281,2022-04-24,Success
54244,2080,7833,2023-03-13,Success
43513,2463,23049,2022-06-01,Success
17376,267,10132,2023-01-23,Rejected by the driver
54850,954,10788,2022-04-29,Success
19226,1673,17520,2023-01-19,Success
40567,1932,2890,2022-06-11,Rejected by the driver
50365,53,35865,2022-09-25,Success
44106,2588,26620,2023-02-17,Cancelled by the passenger
14290,462,10065,2023-01-04,Success
40533,1957,39454,2022-04-19,Success
45409,1721,7767,2022-07-30,Cancelled by the passenger
58254,1644,21124,2022-09-13,Success
59077,2678,19921,2022-08-21,Success
20233,647,20602,2022-07-20,Cancelled by the passenger
20379,2425,36737,2022-12-12,Success
57887,2274,17766,2022-12-19,Rejected by the driver
23861,1688,19628,2023-02-11,Success
29162,1919,27030,2023-01-10,Success
3592,2548,17509,2022-05-31,Success
10999,1041,28351,2022-05-20,Success
27342,2100,29161,2022-09-15,Success
40818,858,27125,2022-12-22,Success
6925,376,18792,2022-09-09,Success
58594,1369,34049,2022-11-16,Cancelled by the passenger
33284,2845,3541,2023-04-12,Success
57416,2774,2616,2022-12-27,Success
2710,1621,16519,2022-09-09,Success
33125,1259,10342,2023-04-14,Success
39731,753,23698,2022-12-09,Success
46488,360,13505,2023-01-28,Success
15630,1475,517,2022-06-09,Success
8119,1620,37043,2022-08-21,Success
54654,353,31515,2023-01-30,Cancelled by the passenger
8722,2756,5432,2022-09-04,Rejected by the driver
36089,2480,32684,2022-10-14,Success
16444,1597,3101,2022-12-30,Rejected by the driver
21824,800,7516,2022-08-17,Success
9450,2911,2992,2022-06-18,Success
16378,2151,9988,2022-03-26,Success
49434,2545,31291,2022-04-02,Rejected by the driver
46240,1905,5833,2022-07-25,Rejected by the driver
24501,2939,2794,2023-03-19,Rejected by the driver
3349,252,12936,2023-03-16,Success
34398,2529,26275,2022-11-09,Success
51935,2018,28390,2023-01-09,Cancelled by the passenger
48940,217,738,2023-02-08,Success
46522,938,1644,2022-08-01,Success
33149,2407,22915,2022-03-19,Rejected by the driver
37917,2106,23859,2022-03-24,Success
41412,1187,2120,2022-07-09,Success
36344,853,35032,2022-09-15,Success
46383,789,31388,2022-12-02,Success
40094,299,10837,2023-02-28,Success
56150,768,28323,2022-09-08,Rejected by the driver
11553,687,26269,2022-12-24,Success
50429,1563,3246,2022-10-10,Success
48733,331,29839,2022-04-06,Success
4048,2078,34625,2022-10-30,Success
27143,1321,3517,2022-12-21,Rejected by the driver
50683,1151,14271,2022-03-20,Success
44994,949,9494,2023-04-13,Success
6992,2282,19347,2022-11-12,Success
33574,1069,13767,2022-07-31,Success
8845,1984,23556,2022-08-02,Success
49058,1448,39416,2022-06-08,Cancelled by the passenger
50682,2560,23334,2023-01-11,Success
43515,1966,11098,2022-11-17,Success
44710,1908,19306,2022-03-12,Success
39623,2629,35076,2022-04-03,Success
58264,2145,6806,2022-10-08,Rejected by the driver
57394,2034,24618,2022-11-06,Success
38435,2559,2830,2022-05-06,Success
51844,1570,6856,2023-03-08,Success
22039,2893,15018,2022-10-08,Success
19439,1963,9566,2022-08-26,Success
25378,2888,5414,2022-05-30,Cancelled by the passenger
10678,2442,21188,2022-12-22,Success
34136,1335,39356,2022-09-02,Success
54559,914,22961,2022-08-21,Success
31570,2878,19960,2022-09-03,Cancelled by the passenger
57769,1610,31049,2022-11-10,Success
51617,2568,26494,2022-07-14,Success
15949,268,14678,2022-11-27,Cancelled by the passenger
49153,2432,26255,2023-02-09,Success
15818,1255,16791,2022-04-28,Success
40322,527,14730,2022-08-16,Rejected by the driver
16375,2366,18482,2022-03-25,Rejected by the driver
53721,1212,7360,2023-03-21,Success
38813,65,38557,2022-12-03,Success
37841,985,6748,2022-11-11,Success
42995,2716,31320,2022-06-09,Success
42230,1826,28748,2023-03-10,Success
49329,564,31149,2022-10-01,Success
1023,244,24852,2022-03-31,Rejected by the driver
23033,2325,27345,2022-09-08,Success
8705,2147,29929,2022-07-25,Rejected by the driver
47641,89,2618,2022-11-24,Success
34055,2228,30449,2022-12-02,Success
56216,1020,30758,2022-04-28,Success
9655,518,34392,2022-03-29,Success
51562,624,19447,2022-05-20,Cancelled by the passenger
5909,73,9087,2022-10-21,Success
15580,1053,5698,2022-08-30,Success
13428,1294,13174,2022-04-25,Rejected by the driver
52161,241,3012,2023-02-08,Success
22336,1984,4029,2022-10-13,Success
6544,2510,33838,2022-04-16,Success
51537,2327,3431,2023-02-17,Success
34117,729,14022,2022-11-11,Success
28362,2985,29807,2022-05-18,Success
43443,2407,3659,2022-09-04,Rejected by the driver
21801,1563,20806,2022-10-15,Rejected by the driver
25631,958,9838,2022-04-24,Success
46374,1316,39475,2022-04-11,Success
59320,360,30941,2023-03-23,Success
37044,1357,14628,2022-09-21,Success
55827,2274,35273,2022-07-05,Success
27032,274,1272,2022-11-19,Rejected by the driver
29935,1769,28332,2022-07-30,Rejected by the driver
14645,2193,1809,2023-02-13,Success
22825,2033,23759,2022-07-18,Success
33301,564,16659,2022-10-08,Success
19750,479,3242,2022-12-19,Success
48434,839,19019,2023-04-02,Success
49042,1516,21336,2023-02-01,Rejected by the driver
25747,41,13372,2022-08-01,Success
381,473,28822,2022-09-08,Rejected by the driver
10059,1488,11533,2023-03-24,Success
59237,2708,7134,2023-03-29,Success
52499,354,29827,2022-12-07,Cancelled by the passenger
39902,926,13181,2023-04-06,Success
19066,1307,15958,2022-07-12,Rejected by the driver
10196,1787,14480,2022-05-27,Success
931,1944,11466,2022-07-02,Rejected by the driver
2627,2264,6099,2022-03-23,Success
18911,1391,38911,2022-05-31,Success
58083,1722,2085,2023-02-19,Success
59929,65,39956,2022-05-31,Success
35664,459,4858,2022-06-24,Success
8612,2779,26603,2022-12-21,Success
45682,359,27466,2022-04-24,Success
44675,868,28738,2022-12-22,Success
47144,210,24396,2022-11-11,Rejected by the driver
48272,9,10440,2023-03-04,Success
42441,1533,34596,2023-04-09,Success
31975,2897,22978,2022-08-29,Success
50212,1369,33055,2022-05-15,Cancelled by the passenger
26547,321,34718,2022-11-04,Success
53329,461,3831,2022-10-06,Success
56243,221,15169,2022-07-14,Success
32842,1834,31325,2022-05-09,Success
22357,1709,20793,2022-05-30,Cancelled by the passenger
19558,2784,27983,2022-05-03,Success
35373,524,14857,2022-05-22,Success
23621,1237,36299,2023-01-06,Success
11073,1635,25396,2022-04-07,Success
17637,717,15607,2022-04-26,Success
20779,2453,6959,2023-01-03,Cancelled by the passenger
39417,2087,12292,2022-08-28,Success
31311,1532,7640,2022-06-15,Success
10087,2356,17058,2023-02-25,Cancelled by the passenger
34633,823,15184,2022-12-24,Success
9654,167,20970,2022-04-10,Success
4604,1652,22437,2023-04-15,Success
25758,2111,25854,2023-01-24,Success
28887,315,16195,2022-05-17,Success
57833,2056,35639,2022-11-09,Rejected by the driver
25701,371,15517,2022-05-17,Cancelled by the passenger
42218,2021,16096,2023-03-16,Success
26118,2755,32932,2022-10-04,Rejected by the driver
24965,1965,26971,2022-05-21,Success
58904,873,34492,2022-04-09,Success
12112,1034,12714,2022-11-19,Rejected by the driver
31966,170,35683,2022-10-04,Success
59005,999,16865,2022-03-17,Cancelled by the passenger
43172,1327,37781,2022-05-15,Success
50443,2528,9955,2022-09-25,Success
10703,931,16051,2023-02-27,Rejected by the driver
2996,2539,34353,2022-10-22,Success
21342,2293,39643,2023-01-17,Cancelled by the passenger
6649,723,7654,2022-06-15,Rejected by the driver
49608,756,29481,2023-03-08,Success
22812,1532,12723,2023-01-04,Success
17200,2669,22920,2022-03-27,Success
40383,2092,24216,2022-10-31,Success
9279,2608,6824,2022-07-16,Success
35689,2874,26378,2023-02-07,Success
51791,1196,38906,2022-12-23,Cancelled by the passenger
58661,2827,24927,2022-07-16,Success
38441,2509,8587,2022-09-09,Success
30785,759,18470,2022-11-01,Cancelled by the passenger
19515,1024,4123,2023-03-06,Success
51029,2113,5063,2022-11-21,Success
40805,2564,443,2022-05-25,Success
9472,2003,36247,2022-08-13,Success
21085,1831,3134,2022-04-14,Success
42390,162,7318,2023-03-21,Success
2778,2879,21581,2022-10-31,Success
51375,1903,6351,2022-12-13,Success
24929,2826,2217,2022-08-25,Success
7098,2193,37929,2022-12-17,Success
7545,2713,17084,2022-11-13,Success
8160,1320,38311,2023-03-29,Success
28996,864,21977,2022-06-19,Rejected by the driver
13956,1903,4161,2022-05-28,Success
54433,1302,14074,2022-07-02,Cancelled by the passenger
52872,1984,18167,2023-03-10,Success
58925,2483,18647,2023-03-19,Success
44350,1323,19626,2022-06-06,Success
56676,2953,3418,2022-12-16,Success
54904,310,5562,2022-10-02,Success
20258,2460,27106,2022-08-19,Success
14487,1206,28947,2022-12-01,Success
1204,1469,34659,2023-04-09,Rejected by the driver
50558,986,26941,2023-04-14,Success
18084,677,29219,2023-01-14,Rejected by the driver
26282,1052,23867,2022-08-15,Success
43874,1468,25461,2023-01-05,Rejected by the driver
56976,2574,38742,2022-03-17,Success
38932,565,26173,2023-03-02,Success
16142,1968,30225,2022-11-23,Success
37487,257,31150,2022-07-04,Success
21470,2922,17031,2022-11-27,Success
54031,2422,15412,2022-10-21,Cancelled by the passenger
38696,294,32971,2022-12-16,Rejected by the driver
25851,1814,37536,2023-03-24,Success
10400,885,15553,2023-01-07,Success
31802,1999,20165,2022-04-21,Cancelled by the passenger
16548,72,1301,2022-12-16,Cancelled by the passenger
14042,1972,14279,2023-03-22,Rejected by the driver
51200,392,10609,2022-04-14,Success
15513,560,30302,2023-03-11,Success
56119,1876,13739,2022-05-08,Success
39111,2985,8586,2022-09-02,Success
52513,731,37750,2023-03-06,Success
28265,2065,39700,2023-03-23,Success
15852,2599,14613,2022-08-17,Success
54447,711,21739,2022-03-30,Success
24985,700,7083,2022-12-15,Success
12431,950,21739,2023-04-06,Success
4119,1351,1515,2023-03-03,Rejected by the driver
47309,396,29833,2022-11-27,Success
58617,2063,16134,2022-12-10,Success
38635,1163,11784,2022-04-21,Success
52565,2739,23106,2022-10-26,Success
54254,47,10433,2022-08-31,Success
17026,677,28549,2022-06-07,Success
55903,694,5126,2022-09-20,Cancelled by the passenger
17728,532,38285,2022-07-15,Success
53633,288,33932,2023-03-14,Success
33657,2988,31987,2022-10-04,Success
26134,1705,1612,2022-07-24,Success
42046,2337,25101,2022-07-19,Cancelled by the passenger
3928,2515,3313,2023-01-06,Success
14509,2631,9246,2022-07-19,Success
33300,431,29892,2022-04-06,Success
11201,174,14136,2022-10-20,Rejected by the driver
14142,1555,28010,2022-07-28,Rejected by the driver
55184,79,23149,2022-10-29,Success
24387,137,5627,2022-05-14,Success
23868,1008,18330,2023-01-23,Rejected by the driver
7250,961,37241,2022-08-22,Rejected by the driver
7876,334,38481,2022-08-23,Success
43408,580,28606,2022-12-25,Success
50948,2670,1493,2022-03-31,Success
39553,224,24982,2022-04-02,Success
58767,1318,36598,2022-04-13,Success
55181,1578,13598,2022-05-08,Success
9864,1264,22101,2022-09-14,Success
47495,172,27131,2023-02-09,Success
15272,329,22039,2023-01-09,Success
18494,575,27677,2023-03-30,Rejected by the driver
9341,2455,2167,2022-08-17,Success
13075,2584,28964,2022-08-02,Success
38450,1693,4762,2023-01-22,Success
35935,1352,25054,2023-04-02,Success
16651,1624,15597,2022-05-19,Cancelled by the passenger
52916,1515,26283,2023-03-06,Success
49964,2866,20462,2022-09-28,Rejected by the driver
33129,2255,28223,2022-05-24,Success
17845,111,21742,2022-06-17,Rejected by the driver
44382,2151,29504,2022-03-29,Rejected by the driver
953,1613,26217,2022-09-16,Success
2161,2024,18950,2022-10-21,Success
1800,1912,16309,2023-02-08,Success
15532,2102,20570,2022-03-20,Rejected by the driver
56621,1253,17440,2022-06-05,Rejected by the driver
31372,1069,25065,2022-12-18,Success
9767,1680,29071,2022-11-01,Success
40893,231,39471,2022-08-18,Success
56153,1278,21957,2022-07-15,Success
47012,998,33586,2023-01-14,Cancelled by the passenger
19722,1530,127,2022-09-06,Success
22657,1230,20506,2022-06-18,Success
29702,1987,19468,2022-10-12,Cancelled by the passenger
38196,2879,20122,2023-04-07,Rejected by the driver
10035,845,7328,2022-08-16,Success
10401,857,7316,2022-04-18,Success
11172,2033,37202,2022-05-11,Success
28013,2241,28963,2022-04-20,Success
7712,2968,19254,2023-03-22,Success
58085,1143,27078,2022-12-25,Success
8947,2942,31176,2022-04-10,Cancelled by the passenger
42339,1299,12177,2022-08-26,Rejected by the driver
6565,2685,30595,2022-07-16,Success
51253,1608,20983,2023-01-25,Success
41247,594,30110,2022-05-01,Success
23109,761,34805,2022-10-23,Success
11281,88,9498,2022-10-04,Success
32244,2441,35102,2022-06-01,Success
25731,1742,36426,2022-03-24,Success
5176,2030,9144,2022-11-19,Success
48065,1715,10120,2022-10-14,Rejected by the driver
26088,937,36774,2023-03-22,Success
21373,1951,29135,2022-08-13,Success
20616,2500,15616,2022-08-30,Cancelled by the passenger
44222,1762,24622,2022-07-01,Success
50706,2082,2675,2023-02-08,Success
51344,1157,22620,2022-08-23,Success
57556,1603,1201,2023-02-07,Success
29106,690,9567,2023-04-03,Cancelled by the passenger
35933,2467,35969,2023-01-05,Cancelled by the passenger
8467,602,3164,2023-01-18,Rejected by the driver
7109,2891,28587,2022-03-18,Success
49241,160,18659,2022-08-08,Success
10991,1262,1443,2022-04-12,Success
2325,998,4330,2022-04-11,Success
41259,96,33045,2022-11-22,Success
31218,2313,8483,2022-11-25,Success
12856,2036,26956,2022-05-01,Success
24397,25,7051,2022-07-01,Success
28251,1050,14367,2022-08-02,Success
43270,639,12156,2023-01-25,Success
3777,199,25076,2023-01-30,Success
33084,70,38530,2023-04-11,Success
43876,61,6612,2022-11-13,Success
7759,367,21256,2022-11-06,Rejected by the driver
27865,384,30128,2022-06-07,Cancelled by the passenger
52270,1861,23045,2022-09-09,Success
21003,1539,8466,2022-12-20,Success
18405,888,10842,2022-11-01,Cancelled by the passenger
51155,457,13768,2023-01-17,Success
2975,1981,22503,2023-01-06,Success
34044,325,20654,2022-08-18,Cancelled by the passenger
23662,2862,11109,2022-09-10,Success
43374,1864,19552,2022-06-11,Success
47809,2853,5583,2022-11-05,Success
49681,126,15703,2022-04-12,Success
55341,1519,9147,2023-01-07,Success
20789,684,30492,2022-06-18,Success
42466,2358,20347,2022-12-26,Success
3599,1599,56,2022-11-24,Rejected by the driver
47553,2313,32611,2022-03-21,Success
46431,2093,15335,2022-08-15,Success
14908,1786,11875,2022-11-26,Success
54383,2511,1389,2022-06-03,Success
36450,1651,34849,2022-05-30,Cancelled by the passenger
15509,982,20844,2022-11-07,Success
34087,17,10268,2022-08-08,Rejected by the driver
23128,756,8106,2022-04-06,Success
31005,627,36376,2022-05-26,Rejected by the driver
27957,2528,5260,2022-03-20,Rejected by the driver
13122,430,5900,2022-06-10,Success
56238,1306,30075,2022-04-24,Success
5779,1149,26451,2022-12-19,Cancelled by the passenger
3035,2948,29295,2023-04-11,Cancelled by the passenger
55536,1685,34787,2023-03-23,Rejected by the driver
43341,2910,6263,2022-08-14,Success
37580,1242,39409,2022-07-16,Success
47061,1671,208,2022-05-13,Success
21506,2421,22707,2023-03-11,Success
12504,1690,36026,2022-11-17,Cancelled by the passenger
50319,574,10173,2022-08-10,Success
37494,206,26836,2022-10-29,Success
28048,2020,25441,2022-12-31,Rejected by the driver
59611,342,25121,2023-02-11,Success
37219,558,21573,2022-04-07,Success
22621,655,24291,2022-08-31,Success
27448,552,29009,2022-07-15,Success
33991,566,9667,2022-11-24,Rejected by the driver
58825,458,4700,2022-03-21,Success
55757,1253,16353,2022-10-29,Success
37712,2759,9899,2022-12-13,Rejected by the driver
4256,1081,30854,2022-11-03,Cancelled by the passenger
6884,1380,28529,2022-10-24,Rejected by the driver
51135,1898,2792,2022-09-28,Rejected by the driver
58961,797,18606,2022-04-28,Success
53173,889,14009,2022-03-22,Success
24948,148,21403,2022-08-01,Cancelled by the passenger
3483,1441,17476,2022-08-08,Success
7067,2267,9686,2022-04-15,Success
10324,2736,15902,2023-02-08,Cancelled by the passenger
11611,2318,6503,2022-06-07,Success
44385,420,18168,2023-03-09,Cancelled by the passenger
1539,1527,26053,2022-07-02,Success
49996,1046,1526,2023-01-26,Success
14764,2930,31467,2023-03-23,Success
47394,1742,19090,2022-05-28,Success
19129,2139,10877,2022-06-13,Success
34322,741,7227,2022-08-11,Success
45296,2728,7657,2022-12-11,Success
46486,2288,20673,2023-02-01,Rejected by the driver
14267,1702,36591,2023-01-20,Cancelled by the passenger
40110,1443,9803,2022-09-10,Cancelled by the passenger
2818,763,29158,2022-08-01,Success
31122,915,19543,2022-09-12,Success
58751,2351,20084,2023-03-14,Cancelled by the passenger
7961,477,22680,2023-01-06,Success
8811,1619,26237,2022-07-08,Success
2382,2325,11359,2022-06-19,Cancelled by the passenger
54339,1892,14803,2022-08-13,Cancelled by the passenger
12584,944,24237,2022-03-15,Success
20911,1474,6396,2023-03-19,Success
45336,2567,39370,2022-04-23,Success
36293,2490,34940,2023-02-21,Success
35398,711,11210,2022-12-19,Success
59750,810,23004,2023-01-19,Cancelled by the passenger
40216,2645,31387,2022-12-15,Success
20508,1046,19901,2023-03-26,Success
53365,2171,30276,2022-12-28,Rejected by the driver
31687,561,21391,2022-06-21,Success
35535,735,9693,2022-11-22,Success
14325,1598,31014,2022-05-26,Success
12088,282,13003,2022-09-13,Success
34425,1353,39767,2023-02-11,Success
37587,1421,12220,2023-03-21,Cancelled by the passenger
40665,82,9235,2022-10-15,Success
25546,407,29175,2022-07-19,Success
56896,143,12611,2022-04-10,Success
50996,436,10347,2022-11-30,Success
55995,2649,10845,2022-11-27,Rejected by the driver
49061,2572,657,2022-08-25,Cancelled by the passenger
3152,1740,10986,2023-04-07,Success
59623,1736,34408,2022-04-24,Success
19771,459,28849,2022-08-28,Success
44825,375,16693,2022-06-19,Rejected by the driver
47054,159,7206,2022-11-13,Success
37815,2657,20521,2022-06-24,Success
42172,2212,27434,2023-03-08,Success
4026,1740,8374,2022-06-03,Success
36486,2265,11403,2023-03-10,Success
16811,2672,7820,2022-08-03,Success
20479,2746,27022,2022-04-17,Success
38343,549,36888,2022-07-08,Success
12464,168,38680,2023-02-16,Success
34692,1688,32561,2022-10-18,Rejected by the driver
6224,2110,5588,2023-04-15,Success
12882,2258,15616,2023-04-02,Success
11588,2146,3247,2022-03-16,Success
59976,2719,24618,2022-08-26,Success
48650,500,32081,2023-02-05,Rejected by the driver
39823,903,36416,2023-02-02,Rejected by the driver
57749,1659,5861,2022-09-28,Cancelled by the passenger
57836,1303,20176,2023-02-17,Rejected by the driver
27613,983,24439,2022-06-03,Success
28071,78,6028,2022-08-09,Success
6178,2972,29225,2022-06-21,Success
23283,1183,15867,2022-06-11,Cancelled by the passenger
25401,1752,10467,2022-11-10,Success
51695,2453,13498,2023-03-26,Success
48106,667,33676,2022-09-22,Success
11866,2827,13407,2023-04-08,Rejected by the driver
29520,822,33368,2022-08-01,Success
40954,2318,1918,2023-02-11,Rejected by the driver
25568,2219,17586,2022-06-14,Success
36284,1359,39557,2023-03-17,Success
59007,1034,15663,2022-04-11,Success
39800,1211,39020,2023-02-28,Success
17870,545,37033,2022-07-22,Rejected by the driver
38576,2306,23860,2022-05-28,Success
4970,24,16370,2022-06-17,Rejected by the driver
42749,2657,8181,2022-09-09,Success
56172,1724,28222,2022-11-05,Success
15415,82,23461,2022-11-06,Rejected by the driver
6388,2536,27364,2023-03-13,Rejected by the driver
46427,2180,16459,2022-08-28,Success
32718,2374,19531,2023-01-09,Success
43106,1130,11731,2023-02-05,Cancelled by the passenger
48769,1283,18427,2022-11-22,Rejected by the driver
55309,87,35412,2022-04-05,Rejected by the driver
55263,525,12271,2022-05-28,Success
31043,2979,8213,2022-07-08,Cancelled by the passenger
6549,2698,9302,2022-03-25,Success
7242,2160,39728,2023-04-13,Success
7364,443,34111,2022-04-25,Success
15760,1476,36417,2022-07-26,Success
59696,208,13566,2022-03-30,Success
56629,30,20066,2023-03-22,Cancelled by the passenger
50994,1601,7816,2022-12-11,Cancelled by the passenger
46008,2498,36834,2022-04-28,Success
38169,431,28791,2022-06-22,Success
33978,1224,33208,2022-10-07,Success
9167,343,17949,2022-12-22,Success
475,2274,37970,2023-02-12,Success
3312,208,21666,2022-10-24,Success
8408,2390,20977,2022-12-07,Success
58001,468,9594,2022-04-20,Success
4597,838,22370,2022-04-02,Success
52388,949,11790,2022-09-06,Success
40425,163,6543,2022-12-31,Rejected by the driver
27096,1845,9354,2022-08-24,Success
9776,2719,35696,2023-01-02,Cancelled by the passenger
13923,969,32569,2022-05-29,Success
30709,230,19251,2022-12-09,Rejected by the driver
12827,448,24401,2022-04-05,Success
59051,2813,3152,2023-04-05,Success
48703,538,11045,2022-05-05,Success
27615,2885,19619,2022-07-08,Success
56601,2966,35675,2022-10-08,Rejected by the driver
26640,796,29295,2022-08-26,Success
31729,560,26857,2022-06-29,Success
5061,565,5349,2023-01-17,Success
15211,1796,9960,2022-09-26,Rejected by the driver
53560,2838,18575,2022-07-18,Success
49284,841,15652,2022-11-02,Success
28924,1789,15546,2023-03-30,Success
30687,2030,36399,2022-12-24,Success
21795,1260,14439,2022-07-20,Success
11759,2058,14030,2022-07-17,Success
48152,1576,12860,2023-01-04,Success
34110,2081,37744,2023-02-09,Success
2185,116,14860,2023-04-04,Success
52952,1713,12283,2023-01-30,Success
29320,2371,39318,2023-01-03,Success
57939,2716,4474,2022-05-08,Success
45965,1448,34356,2022-11-20,Success
11808,1531,2013,2022-09-07,Success
23113,2049,36013,2022-08-09,Success
58155,2518,15931,2023-01-19,Rejected by the driver
57099,2752,14195,2022-08-25,Success
33016,1260,28189,2022-08-31,Rejected by the driver
5561,1338,8775,2022-12-15,Success
12567,1052,30951,2023-02-26,Success
47464,1123,35591,2022-09-19,Cancelled by the passenger
32798,2677,28750,2022-09-04,Success
1120,1212,27158,2022-05-15,Cancelled by the passenger
15355,428,38908,2022-07-27,Success
54980,2764,58,2022-09-08,Success
23955,321,23511,2022-12-10,Success
7408,991,5452,2022-08-09,Success
14687,144,22241,2022-07-26,Success
56726,387,5615,2022-11-17,Rejected by the driver
37611,279,29458,2022-12-26,Success
30959,2933,8790,2022-12-25,Success
38940,2739,34297,2023-03-02,Success
22358,112,37247,2022-08-07,Success
12436,1702,17233,2022-06-06,Rejected by the driver
29332,417,20102,2022-09-03,Success
58868,2729,13834,2022-06-03,Success
10167,1165,22026,2022-07-02,Success
22550,2852,26410,2022-06-11,Rejected by the driver
53819,2180,36772,2022-05-22,Success
33402,1016,23743,2022-04-13,Cancelled by the passenger
41007,2765,34099,2022-07-05,Success
40921,1001,29088,2023-03-10,Success
43760,34,34322,2022-03-12,Cancelled by the passenger
37514,2639,525,2023-01-19,Success
30559,804,22193,2022-04-18,Success
52782,561,691,2022-09-03,Rejected by the driver
33637,2319,19782,2022-10-23,Rejected by the driver
29563,2723,38342,2022-12-27,Success
9513,557,37090,2023-03-27,Success
58512,436,33235,2022-08-26,Rejected by the driver
15388,843,38462,2022-09-25,Success
54076,2802,21709,2023-03-15,Success
7166,115,34337,2022-06-19,Success
9736,1073,38938,2022-12-29,Success
23998,1321,28569,2022-05-29,Success
45924,1900,8256,2022-05-23,Success
46719,509,25580,2023-02-08,Success
38888,2384,27326,2022-09-22,Success
36898,764,36850,2022-10-09,Cancelled by the passenger
30516,2210,16359,2022-04-19,Success
3560,1660,27136,2023-02-01,Success
30089,1696,17858,2023-01-17,Success
18888,1883,24929,2023-01-21,Success
29730,2782,30898,2023-04-15,Success
52720,1341,2501,2022-09-24,Success
53846,1960,39715,2022-07-28,Success
11251,70,23132,2022-05-28,Success
49092,745,16710,2022-06-26,Success
33629,727,8929,2022-08-27,Rejected by the driver
7786,801,3296,2023-02-28,Success
36874,2908,3283,2022-06-10,Success
26715,2682,39,2022-07-04,Success
23603,1236,5547,2022-05-18,Success
26561,445,23933,2022-03-30,Cancelled by the passenger
54038,2993,10237,2022-08-29,Success
18695,1468,25681,2022-09-30,Success
19144,2739,7048,2022-09-10,Success
10724,2209,38918,2022-05-17,Success
23360,144,12888,2022-04-09,Success
15512,2025,13526,2022-08-12,Success
14485,407,20658,2022-11-24,Success
33617,1641,12520,2022-11-04,Cancelled by the passenger
34012,1452,27064,2022-09-13,Success
21098,2513,32553,2022-11-25,Cancelled by the passenger
28751,1526,4600,2023-04-14,Success
45231,2618,15849,2023-02-24,Success
38094,1069,31352,2022-05-29,Cancelled by the passenger
22887,1194,20387,2022-10-10,Cancelled by the passenger
49107,2057,24315,2023-04-07,Success
27622,2752,18857,2023-01-22,Success
6180,2500,36786,2022-11-03,Rejected by the driver
17565,366,927,2022-07-28,Rejected by the driver
3461,2927,7510,2023-04-07,Success
45291,2111,17454,2022-11-21,Success
55646,1952,5085,2022-07-06,Cancelled by the passenger
18756,1472,16391,2022-08-28,Success
49155,1624,32267,2022-05-25,Success
23559,1380,8144,2023-02-02,Success
10382,2571,14886,2023-01-16,Success
36780,2168,22397,2022-03-22,Success
38341,314,18175,2022-07-19,Success
48378,2824,4972,2023-03-06,Success
23344,1170,33437,2023-03-14,Rejected by the driver
50201,415,35508,2023-04-10,Success
25995,2033,35982,2022-03-31,Success
54187,2772,35959,2023-02-12,Success
53644,2342,30238,2022-11-17,Success
32767,1284,12929,2022-07-07,Success
59568,2472,12870,2022-09-26,Success
41823,1002,21322,2022-06-23,Success
3864,328,35277,2022-10-23,Success
27738,1838,2336,2022-04-25,Success
21195,1846,22296,2022-03-31,Rejected by the driver
35320,700,37916,2022-04-23,Success
59271,1148,1154,2022-09-12,Cancelled by the passenger
3048,269,14187,2022-08-16,Success
2432,804,24454,2022-05-21,Cancelled by the passenger
20182,2789,38703,2023-03-03,Success
57337,2814,6938,2022-11-24,Success
16695,2804,3384,2022-07-27,Rejected by the driver
50771,627,26850,2023-02-01,Cancelled by the passenger
50245,219,22025,2022-08-17,Success
32751,1833,13203,2022-04-06,Rejected by the driver
1941,197,20890,2023-03-08,Success
48009,1956,22609,2022-11-10,Success
55817,1917,28381,2023-01-20,Success
46497,287,994,2023-03-26,Success
3826,1776,35308,2022-12-03,Success
32411,901,30919,2023-02-28,Success
38644,954,24610,2023-04-05,Success
30585,954,26882,2023-01-18,Success
15723,2863,13084,2022-05-26,Success
33998,344,39451,2022-07-18,Success
15510,2147,39689,2022-07-29,Success
48914,842,38377,2022-11-16,Cancelled by the passenger
6821,1001,19196,2022-11-06,Success
37624,1647,31031,2023-01-08,Rejected by the driver
1475,2559,12511,2022-08-26,Cancelled by the passenger
14526,836,25217,2023-02-28,Success
34502,2820,3676,2022-04-25,Success
35397,73,1353,2022-03-29,Cancelled by the passenger
29336,821,19004,2022-06-05,Success
11943,1678,33241,2022-06-03,Success
11256,2468,22251,2023-03-24,Success
13811,2016,30434,2022-07-10,Success
2623,1881,5586,2022-10-05,Cancelled by the passenger
25970,1353,38894,2022-07-30,Success
40566,275,12304,2022-07-13,Success
39228,2637,5319,2022-11-09,Success
29415,2047,3735,2023-02-03,Success
37331,348,30460,2022-09-19,Success
53502,1828,11997,2023-02-09,Rejected by the driver
37821,2555,28486,2022-09-16,Success
51987,2524,25638,2022-05-26,Success
43366,2186,37674,2023-01-17,Success
19394,1266,3818,2022-12-13,Success
28699,288,8458,2022-08-19,Success
17147,2443,39378,2022-11-10,Cancelled by the passenger
7445,809,35619,2022-09-26,Success
5111,239,21858,2022-08-31,Success
36659,1554,24442,2022-04-01,Rejected by the driver
39579,2544,15450,2022-09-04,Success
59043,280,16872,2022-04-10,Cancelled by the passenger
23649,682,13361,2022-08-10,Rejected by the driver
48317,819,35629,2023-02-20,Success
31934,712,8220,2022-03-14,Cancelled by the passenger
58311,2494,27749,2022-08-12,Success
14261,2646,37620,2023-02-14,Success
3315,1400,35617,2022-07-19,Success
36210,432,37906,2022-06-27,Success
58027,1964,27931,2022-10-01,Rejected by the driver
55985,2696,23391,2023-03-31,Success
14138,2306,8734,2023-01-06,Rejected by the driver
21344,485,31350,2022-09-18,Cancelled by the passenger
27123,206,18241,2023-01-26,Success
47146,786,4484,2022-08-27,Success
992,817,36133,2022-12-15,Rejected by the driver
33683,2211,36981,2022-07-09,Success
10023,1271,36581,2022-03-29,Success
30145,2180,17640,2022-05-15,Cancelled by the passenger
30820,1532,24029,2022-08-30,Success
20255,470,5237,2022-03-14,Success
8378,2625,11471,2022-05-27,Success
46821,2553,11684,2022-05-22,Success
58267,2242,8505,2023-01-14,Success
36423,856,7136,2023-02-14,Success
12363,672,8716,2023-03-06,Success
21360,1960,10329,2022-08-23,Success
56017,2195,24080,2023-02-23,Success
9812,688,28522,2022-05-01,Cancelled by the passenger
7419,905,13042,2022-06-26,Success
18869,265,2003,2023-02-16,Cancelled by the passenger
52301,1935,13734,2022-12-24,Success
33509,1055,39559,2022-07-11,Success
32800,2104,1814,2022-11-17,Success
972,1727,18947,2023-03-20,Cancelled by the passenger
38608,2516,30400,2022-05-06,Success
10757,2806,20232,2022-06-21,Success
3963,2509,39813,2022-10-05,Cancelled by the passenger
38329,857,22052,2023-04-07,Success
33885,850,8505,2022-12-14,Success
5806,32,38004,2022-10-20,Success
49309,2226,3955,2023-01-23,Rejected by the driver
31476,1394,25522,2022-04-26,Success
23992,1601,14747,2022-07-13,Success
2468,1150,5015,2023-02-05,Success
28437,770,4969,2023-03-15,Success
33600,1527,10687,2022-06-06,Success
54607,2553,21158,2022-10-18,Success
41796,844,10917,2022-03-17,Success
2826,1172,21130,2023-02-07,Success
8695,1130,14568,2023-01-23,Success
5218,1010,28464,2022-09-24,Success
39229,623,38702,2022-03-17,Success
6695,572,35958,2023-01-17,Cancelled by the passenger
15429,539,37477,2023-01-16,Success
25566,1754,37807,2023-03-01,Success
44898,2555,224,2022-10-25,Success
58268,2054,39069,2022-10-08,Rejected by the driver
7369,1679,39322,2022-05-05,Success
47454,2208,37010,2023-01-24,Success
34813,200,23709,2022-11-22,Success
34749,1513,7356,2022-05-15,Success
24826,2593,28919,2022-07-31,Success
46113,2102,1576,2022-12-19,Cancelled by the passenger
35452,1219,4933,2022-05-04,Success
34115,1387,22091,2022-10-17,Success
51230,1865,32933,2022-06-24,Success
47423,984,21914,2022-06-15,Success
27708,1215,24319,2022-10-05,Success
23072,361,38595,2022-09-05,Success
36422,1058,36339,2022-11-12,Success
16740,2635,17691,2022-08-24,Success
33513,2322,902,2023-02-01,Rejected by the driver
56346,1131,17134,2023-01-07,Rejected by the driver
31214,149,7514,2023-01-14,Rejected by the driver
39877,901,20710,2022-09-28,Success
58189,1983,18120,2022-04-24,Rejected by the driver
33492,2579,32832,2022-05-08,Success
51129,1193,7802,2022-09-11,Success
52108,1415,5403,2022-08-15,Rejected by the driver
37109,2634,5126,2022-12-21,Success
18599,2719,3672,2022-04-11,Cancelled by the passenger
5395,2570,7731,2022-09-19,Success
37582,191,3201,2022-03-17,Success
28225,1511,27276,2022-12-22,Success
3871,1742,35114,2022-11-24,Success
45449,1322,36873,2022-06-05,Success
22227,1041,12559,2022-11-03,Success
44253,2124,22300,2022-08-31,Success
44023,1971,24252,2022-03-25,Success
50411,2872,16016,2022-09-17,Success
43949,1561,28345,2022-10-13,Success
15395,2302,35208,2023-02-10,Success
57430,301,1918,2023-02-12,Success
33515,537,20484,2022-07-29,Cancelled by the passenger
21661,445,27508,2022-05-20,Success
18252,604,5678,2022-05-11,Cancelled by the passenger
42276,761,21584,2022-07-03,Rejected by the driver
55339,618,14734,2022-07-04,Success
46158,350,21290,2022-07-02,Success
13201,279,7348,2022-07-03,Success
15724,743,6678,2023-01-19,Success
48917,2876,15717,2022-05-31,Rejected by the driver
9155,2188,9664,2022-09-27,Success
45611,576,18680,2022-08-22,Rejected by the driver
33034,1070,14895,2022-05-30,Success
39894,1593,8806,2023-01-18,Rejected by the driver
18813,927,22571,2023-01-05,Success
31724,2993,33545,2023-04-14,Success
12309,1209,37662,2022-10-27,Success
27663,1792,8247,2022-06-13,Success
3140,2916,14615,2023-04-01,Success
24083,834,35599,2023-01-21,Success
47064,685,4306,2023-01-28,Success
37302,1294,4274,2023-03-05,Success
9993,2101,20701,2022-09-08,Success
10428,2218,9407,2022-11-02,Cancelled by the passenger
44504,1669,18700,2022-06-14,Success
3063,1159,29109,2022-09-26,Success
43173,1622,5125,2022-12-24,Success
36487,2628,18684,2022-10-25,Success
45227,1386,26681,2022-05-06,Success
48694,1557,28023,2023-01-10,Rejected by the driver
16598,958,2297,2022-09-10,Cancelled by the passenger
42946,2994,15971,2022-05-11,Cancelled by the passenger
9564,2153,1045,2023-04-07,Success
32074,2775,13515,2022-07-10,Success
13965,757,23859,2023-04-02,Success
56979,493,449,2022-07-18,Cancelled by the passenger
5224,2269,843,2022-10-14,Success
10250,1088,24883,2022-12-13,Success
44533,2138,5688,2023-03-19,Success
13856,2938,7795,2022-05-01,Rejected by the driver
36716,108,9906,2022-08-22,Success
34827,786,21829,2022-05-14,Success
8087,2733,16089,2022-04-28,Success
39220,1468,1055,2022-04-04,Success
52864,2557,8787,2023-01-11,Success
52057,263,14210,2022-08-11,Success
4923,2257,34687,2022-09-27,Success
36607,1045,4198,2022-08-25,Success
40151,2378,9739,2023-02-11,Success
41075,1733,26208,2023-02-22,Success
19521,1153,30544,2022-11-10,Success
285,1323,19081,2023-03-15,Success
49248,1312,12038,2023-02-20,Success
51033,405,20301,2022-04-06,Success
43625,1579,6187,2022-11-06,Cancelled by the passenger
44916,292,23267,2023-02-08,Success
11635,2500,3320,2023-01-29,Success
26879,429,22851,2022-10-09,Success
25644,2634,38370,2023-01-16,Success
31870,1604,4520,2022-09-21,Rejected by the driver
56180,1839,14676,2022-10-18,Success
59447,2282,20697,2022-09-12,Success
57003,2807,35410,2022-06-03,Success
40628,1730,35182,2022-03-16,Success
51433,1941,18439,2023-04-06,Success
5537,882,7723,2022-12-31,Success
18906,2540,11539,2023-01-24,Success
46925,2972,7831,2023-04-15,Rejected by the driver
19998,1539,18658,2023-03-07,Rejected by the driver
14124,783,5320,2022-06-14,Success
9477,1048,13399,2022-05-27,Cancelled by the passenger
28599,2592,32966,2022-10-29,Success
15834,2432,37319,2023-01-02,Rejected by the driver
23718,2963,15053,2022-05-04,Success
59378,1953,17519,2022-03-17,Success
2004,2198,10326,2023-01-27,Success
38115,527,37216,2022-03-26,Rejected by the driver
47011,110,812,2023-01-08,Success
26730,862,7479,2023-04-11,Success
44725,2448,14399,2022-08-12,Success
43200,1069,6918,2022-08-04,Rejected by the driver
20317,447,23489,2022-11-17,Success
15667,521,30762,2022-04-06,Rejected by the driver
58852,409,27792,2022-04-07,Cancelled by the passenger
29929,878,37968,2022-12-26,Success
12344,2807,15003,2022-03-15,Success
20963,1744,35258,2022-12-30,Cancelled by the passenger
41004,2279,34228,2022-06-23,Success
32228,2794,13503,2022-10-10,Success
12149,2630,11695,2022-09-08,Success
55070,2146,36054,2022-03-21,Success
13832,1440,2091,2023-02-23,Success
20801,1547,39661,2022-12-03,Cancelled by the passenger
27379,184,29001,2022-11-02,Cancelled by the passenger
44050,1978,16131,2022-12-26,Success
14767,779,180,2022-12-02,Rejected by the driver
22738,1015,5777,2022-07-27,Cancelled by the passenger
3218,1666,2889,2023-01-30,Success
22923,401,10827,2022-05-02,Success
47312,384,26883,2022-11-16,Success
37102,2000,29777,2022-12-31,Success
46854,16,27487,2022-04-13,Success
42770,103,14229,2022-06-11,Rejected by the driver
1004,694,19759,2022-03-12,Success
29725,988,37393,2022-11-27,Rejected by the driver
43354,2827,37719,2022-11-16,Success
39622,2603,35878,2022-07-03,Success
9269,1842,4999,2022-06-05,Cancelled by the passenger
450,383,4135,2022-12-21,Success
28432,2461,1127,2022-10-15,Success
27989,2781,25602,2023-01-03,Success
27099,1008,34305,2022-09-08,Success
55754,2639,8889,2022-07-23,Success
5296,1617,32281,2022-11-06,Rejected by the driver
32294,1343,25167,2022-08-18,Cancelled by the passenger
24877,2497,26693,2022-11-14,Success
11091,1131,14458,2023-02-04,Success
18892,616,24110,2022-08-18,Success
25519,994,14248,2023-03-15,Rejected by the driver
50337,2129,15532,2023-02-06,Success
50412,2400,10853,2022-10-02,Success
10248,2130,28199,2022-06-14,Rejected by the driver
35291,1099,9746,2022-07-06,Success
7200,2054,26404,2023-02-06,Success
58933,2043,1070,2022-04-30,Success
11349,2363,34712,2022-10-12,Success
20944,2940,15697,2022-07-28,Cancelled by the passenger
20486,1836,14256,2023-04-03,Success
9034,1650,28886,2022-07-30,Success
26445,2232,17399,2022-06-20,Cancelled by the passenger
41287,126,8723,2022-10-28,Success
51589,408,31523,2022-11-22,Success
58984,1938,17359,2022-04-18,Rejected by the driver
27785,2157,9199,2022-08-08,Success
59422,797,22790,2022-08-31,Success
58809,1813,7511,2022-03-28,Success
54141,860,12977,2022-10-21,Cancelled by the passenger
44092,1464,29189,2022-10-23,Success
7298,723,13976,2022-10-16,Cancelled by the passenger
21175,1190,35620,2023-01-20,Cancelled by the passenger
4484,912,19510,2022-04-20,Success
43532,1912,28088,2022-06-08,Success
19488,87,39047,2022-08-26,Success
31684,840,38650,2022-12-08,Success
23579,563,22745,2022-05-11,Success
44294,505,14658,2022-12-22,Cancelled by the passenger
16988,170,25399,2022-11-09,Success
45899,854,3618,2022-08-24,Success
4419,1654,685,2022-09-13,Success
47804,215,2112,2022-07-12,Success
38732,938,12358,2023-04-05,Success
58210,844,2657,2022-07-31,Success
48118,2752,25655,2023-02-12,Success
42851,2622,8508,2022-12-23,Success
36811,723,34375,2022-06-04,Success
25516,1283,37618,2022-07-06,Success
47670,2418,26244,2022-05-29,Success
21946,421,33261,2022-07-03,Cancelled by the passenger
6660,597,11627,2022-12-15,Success
19752,1695,2191,2022-03-26,Success
31275,2220,18257,2022-03-18,Success
50433,2691,3491,2023-04-01,Success
56881,2631,32948,2022-11-09,Success
9023,306,29300,2022-09-06,Cancelled by the passenger
19534,1387,35399,2023-03-16,Cancelled by the passenger
36568,371,33450,2022-09-04,Cancelled by the passenger
10097,1507,13677,2022-04-30,Success
12744,902,537,2022-08-05,Success
22601,1,38937,2022-05-06,Success
39170,741,32896,2023-02-20,Success
39127,2839,8437,2023-04-04,Success
43011,592,31275,2022-09-08,Success
42263,357,25175,2022-05-04,Success
32706,82,33148,2022-07-03,Success
33097,1611,29139,2023-03-12,Success
50857,2102,14554,2022-12-20,Rejected by the driver
35262,2645,18567,2022-11-12,Rejected by the driver
12218,1502,36383,2022-03-24,Success
48015,2426,29822,2023-03-17,Success
46775,1642,5340,2023-03-18,Success
56226,9,30044,2022-03-20,Success
31285,2045,21550,2023-03-06,Success
57824,2477,30298,2023-03-05,Success
20014,2504,35335,2023-02-06,Cancelled by the passenger
25752,455,37889,2023-02-01,Success
59315,271,23025,2023-04-01,Success
43918,1654,5095,2022-10-12,Rejected by the driver
53163,1373,10970,2022-05-10,Success
56906,1858,3942,2022-12-13,Rejected by the driver
41078,360,25214,2022-07-24,Success
38836,2562,19106,2022-07-11,Success
13846,904,36750,2022-06-28,Cancelled by the passenger
11055,1481,12104,2022-09-11,Success
25456,1468,30605,2022-05-14,Rejected by the driver
58374,1800,24336,2023-02-04,Success
48339,70,33139,2022-05-02,Success
25043,2720,26533,2022-04-15,Success
39130,165,8131,2022-06-01,Success
46425,2675,38693,2022-04-24,Success
34968,2094,38919,2022-08-08,Rejected by the driver
24395,2322,15648,2022-06-21,Cancelled by the passenger
55742,1560,10131,2023-03-08,Success
35852,1918,11547,2022-05-08,Success
55218,1360,24848,2022-06-10,Success
46255,1007,17459,2022-04-17,Rejected by the driver
38221,2449,2032,2022-07-16,Success
51054,484,8924,2022-03-12,Rejected by the driver
10168,1973,17142,2022-11-04,Success
58121,705,23048,2022-05-15,Rejected by the driver
14941,2415,25131,2022-07-25,Cancelled by the passenger
53817,2396,10347,2022-06-23,Success
18171,1250,12086,2022-10-22,Success
59176,1897,26194,2022-04-24,Success
5588,811,5692,2022-08-27,Success
45082,2294,32556,2022-03-29,Success
31799,2399,11817,2023-02-27,Cancelled by the passenger
54341,1743,23763,2022-07-23,Success
5354,962,35052,2022-11-27,Success
38863,1661,25658,2022-09-03,Success
16469,1603,29774,2022-07-20,Success
9858,1265,10265,2023-04-12,Success
3488,2145,25496,2023-01-30,Success
32723,2384,6838,2023-03-14,Success
29761,1320,28226,2023-01-19,Cancelled by the passenger
14974,689,20594,2022-11-16,Cancelled by the passenger
51942,1655,37906,2022-08-06,Success
56508,200,36184,2022-09-13,Success
43104,2897,19735,2022-07-14,Success
10392,2547,25571,2022-12-10,Success
49664,998,32020,2022-04-16,Rejected by the driver
38990,836,16544,2022-12-03,Success
39301,21,12575,2022-05-27,Success
11402,472,35761,2023-03-25,Success
17116,560,18176,2022-08-26,Success
26797,465,34841,2022-11-04,Success
21167,1491,32960,2023-04-01,Success
12694,706,39206,2022-05-28,Rejected by the driver
4862,2932,5508,2022-12-20,Success
46536,1657,7810,2022-10-17,Cancelled by the passenger
43744,1841,13658,2022-10-28,Success
26579,2445,28284,2023-04-04,Success
30034,2684,28910,2022-06-05,Success
27314,2700,22946,2022-06-14,Rejected by the driver
11859,2650,24309,2023-03-21,Success
37239,2173,3466,2022-07-25,Success
54274,487,2495,2022-08-10,Success
51910,2390,17333,2023-02-27,Cancelled by the passenger
31658,730,24041,2022-10-25,Success
35628,2301,39827,2022-08-06,Success
58529,2332,22410,2022-07-05,Cancelled by the passenger
24571,190,13833,2023-04-03,Success
46771,342,4661,2023-04-04,Success
3123,515,9943,2022-09-01,Rejected by the driver
35953,1174,22585,2022-11-04,Cancelled by the passenger
18440,1464,18914,2022-12-06,Success
32742,211,19067,2022-10-23,Success
6815,2440,24378,2022-11-18,Success
4335,1613,4818,2022-06-28,Success
12276,1149,659,2022-10-26,Success
16512,2139,31725,2022-05-11,Success
4451,2480,16310,2023-04-13,Success
32933,1698,24200,2023-01-28,Rejected by the driver
36833,1945,28384,2022-06-09,Success
26087,1796,2458,2022-04-09,Success
23846,1372,16314,2022-05-26,Success
55568,759,2208,2022-07-05,Success
35968,2128,11353,2022-04-20,Cancelled by the passenger
38755,251,35008,2022-09-24,Success
1320,412,18091,2023-01-23,Cancelled by the passenger
54740,377,19236,2023-04-09,Success
40411,1499,11790,2022-04-03,Success
43501,1639,37121,2022-04-20,Success
473,706,38056,2023-02-11,Success
1998,1076,880,2022-12-31,Cancelled by the passenger
19,2869,38455,2022-11-29,Success
27533,1122,4755,2023-02-09,Success
26619,2604,16780,2022-10-25,Success
37927,2656,20145,2022-12-29,Rejected by the driver
51290,192,28876,2022-06-15,Success
50178,2030,38437,2022-11-23,Success
41058,551,32517,2023-03-19,Cancelled by the passenger
44950,2865,23432,2022-10-17,Success
38704,2878,22670,2022-10-21,Success
35883,1929,36474,2023-03-23,Success
24129,558,27146,2022-06-11,Success
6111,964,13000,2022-08-02,Success
11028,369,28101,2023-02-05,Success
19546,1609,30845,2022-11-13,Success
5941,943,27321,2022-11-08,Success
57274,1249,15358,2022-09-10,Success
24273,867,11820,2022-05-26,Success
16834,2348,435,2023-01-03,Success
25127,2335,35897,2023-03-12,Rejected by the driver
59594,797,5419,2022-11-22,Cancelled by the passenger
37141,2586,21655,2022-11-25,Success
39131,1532,32297,2023-02-17,Success
3745,1448,7279,2022-07-31,Success
16563,20,27501,2023-01-17,Success
37298,1060,26169,2022-07-26,Success
17725,873,14365,2022-04-25,Success
11561,2835,23939,2023-03-29,Success
36317,2127,27002,2022-11-14,Rejected by the driver
46736,553,14623,2022-11-15,Success
28097,564,17183,2022-08-18,Success
47672,2873,20166,2023-01-16,Success
34360,264,25027,2022-07-08,Success
30316,2078,7555,2023-03-19,Rejected by the driver
39594,461,4536,2022-12-30,Success
42477,2907,18536,2022-12-31,Success
56706,2824,4858,2023-01-09,Rejected by the driver
58086,1520,20517,2023-02-28,Success
59984,1471,23443,2022-06-06,Success
1770,2203,37473,2022-06-11,Rejected by the driver
3597,1160,610,2023-01-17,Success
16868,2373,16545,2022-05-23,Success
53120,2236,36478,2022-05-10,Success
27387,1475,37157,2022-03-29,Success
26598,1999,35838,2023-03-17,Success
39763,1598,25842,2022-11-26,Success
17691,2489,955,2022-05-29,Success
2486,2585,30197,2022-10-15,Success
17165,1237,34927,2022-08-10,Cancelled by the passenger
4645,977,960,2022-04-23,Success
23382,861,5032,2022-06-30,Success
7230,1731,25345,2023-03-18,Success
55212,1399,12089,2022-11-02,Success
16462,2886,2896,2022-11-08,Success
15295,440,16893,2022-12-01,Success
23074,1367,36815,2022-04-02,Cancelled by the passenger
39816,1057,7032,2022-08-14,Success
42850,274,3921,2023-02-11,Success
13217,2396,2195,2022-03-16,Success
35368,2885,1979,2022-06-05,Success
40517,23,20744,2022-04-15,Success
32585,1161,7698,2022-07-22,Success
8866,2663,28508,2022-04-07,Rejected by the driver
51356,2944,30668,2022-11-19,Success
45743,1587,19539,2022-12-14,Success
13164,225,16702,2022-09-06,Rejected by the driver
41419,1115,9722,2022-06-19,Success
43826,838,14760,2023-02-21,Success
22470,744,12910,2022-03-16,Success
6007,2710,17653,2023-02-06,Success
49905,2292,29408,2022-06-27,Success
41082,38,7786,2022-05-13,Success
52790,1355,20283,2022-10-12,Cancelled by the passenger
49852,1987,6640,2022-10-27,Rejected by the driver
27501,1973,19972,2022-11-30,Success
8143,1788,5454,2022-07-03,Rejected by the driver
52733,1004,32306,2022-09-06,Success
32644,757,20445,2022-09-30,Rejected by the driver
6943,525,26349,2022-11-12,Success
56337,1667,27316,2022-07-05,Cancelled by the passenger
15233,2189,39675,2022-06-28,Rejected by the driver
34261,2655,30637,2022-08-26,Cancelled by the passenger
28427,632,11302,2022-09-22,Success
14915,2805,16323,2022-10-14,Cancelled by the passenger
30117,906,6855,2022-09-24,Success
15192,1978,33040,2022-11-15,Success
55481,96,24849,2022-03-30,Success
51239,696,10302,2023-04-07,Rejected by the driver
52518,2327,19388,2022-04-14,Success
40992,2609,6152,2022-03-26,Success
23592,359,20404,2022-10-02,Rejected by the driver
34923,2196,34623,2022-10-07,Cancelled by the passenger
14039,2368,35234,2022-12-27,Success
14360,520,14344,2023-04-14,Success
16454,2034,35167,2022-10-30,Cancelled by the passenger
47304,780,16233,2022-11-04,Success
1450,1358,21798,2022-05-12,Success
3176,1098,16511,2022-05-17,Success
11820,2575,15977,2023-01-09,Rejected by the driver
53030,1026,11005,2022-05-15,Success
46247,777,6129,2022-04-14,Success
20344,2375,14587,2022-03-16,Success
27042,987,7076,2022-10-16,Success
48375,1628,28509,2023-01-01,Cancelled by the passenger
52374,922,14025,2022-10-02,Success
11339,2648,35212,2022-04-10,Success
34300,1515,16745,2022-04-01,Success
53654,892,28635,2022-12-04,Rejected by the driver
29915,185,38255,2023-03-03,Cancelled by the passenger
10625,214,16756,2022-10-19,Success
45322,2183,30112,2022-08-04,Rejected by the driver
44535,2438,16111,2023-01-25,Cancelled by the passenger
15353,1,38671,2022-06-25,Success
44143,2352,3281,2022-05-28,Success
24063,2565,8025,2022-08-08,Cancelled by the passenger
42873,2498,32676,2022-10-30,Rejected by the driver
7209,561,20094,2022-04-28,Cancelled by the passenger
505,579,37207,2022-09-26,Success
14613,2478,34868,2022-11-30,Success
39722,2575,27242,2022-12-25,Cancelled by the passenger
41300,1864,34876,2023-02-03,Success
29487,2802,1304,2023-04-12,Cancelled by the passenger
3581,2928,21348,2022-06-25,Rejected by the driver
7090,444,282,2022-11-04,Success
59489,2088,20331,2022-03-13,Success
22714,1206,13043,2023-02-27,Success
49951,2648,3834,2022-08-26,Rejected by the driver
29603,1610,28977,2022-08-27,Cancelled by the passenger
37609,318,36532,2022-07-09,Success
5075,1019,32285,2022-10-08,Success
42555,108,38437,2023-03-03,Success
40033,2445,7560,2022-11-21,Success
52948,1537,35350,2022-09-27,Success
62,1588,7222,2023-03-01,Success
18160,1460,39944,2023-03-25,Success
54851,2032,15976,2022-05-09,Success
43806,1520,12899,2022-07-25,Success
18064,1487,26598,2022-05-22,Rejected by the driver
51613,1229,9397,2022-06-29,Rejected by the driver
54660,860,20001,2022-03-12,Success
59589,2361,10670,2022-09-13,Cancelled by the passenger
12430,1207,7581,2022-07-07,Success
13564,2908,26076,2023-02-26,Success
55688,815,26633,2023-01-27,Cancelled by the passenger
50720,1729,19896,2022-04-20,Success
15668,2892,30590,2022-12-07,Success
4743,380,9028,2023-02-18,Success
32247,1321,1331,2022-12-20,Rejected by the driver
14370,1171,2632,2022-05-19,Success
4457,1719,24090,2023-03-23,Success
52001,2608,21017,2022-08-07,Success
9882,2792,36751,2022-06-03,Success
28730,924,4274,2022-08-25,Success
19371,1554,18916,2022-09-06,Cancelled by the passenger
53607,1746,13051,2022-05-18,Rejected by the driver
32601,2636,36109,2022-10-24,Success
23598,2507,26856,2022-11-08,Success
17953,1984,18008,2022-04-03,Success
12158,2318,14435,2022-12-20,Success
56639,2346,6820,2022-04-17,Success
55365,1541,35222,2022-09-05,Success
40255,2746,15396,2022-10-06,Success
26916,707,13616,2022-03-24,Cancelled by the passenger
54172,798,12822,2022-05-28,Cancelled by the passenger
43002,2786,26244,2022-09-17,Success
53526,1711,35159,2023-01-01,Success
26777,729,38842,2023-01-07,Rejected by the driver
59931,2556,11318,2022-05-09,Success
15201,263,37472,2022-04-20,Rejected by the driver
33150,170,19435,2022-11-15,Success
39057,1487,9426,2023-01-24,Success
28441,2877,2448,2023-03-14,Rejected by the driver
2413,2821,25722,2022-10-04,Success
46508,802,28759,2023-02-08,Success
53065,2225,37611,2022-06-05,Success
42351,673,13573,2022-09-29,Rejected by the driver
31654,2099,36864,2023-01-12,Success
54273,869,35951,2022-09-21,Success
15110,2006,5249,2022-05-04,Success
50081,1819,7610,2022-12-18,Cancelled by the passenger
12107,1477,23062,2022-06-28,Success
16196,2246,37908,2022-10-18,Success
4163,1866,23070,2022-09-15,Success
48308,67,25579,2022-11-28,Success
24179,2959,22177,2022-04-24,Success
14028,1482,29328,2022-10-19,Success
6173,931,24266,2022-10-19,Cancelled by the passenger
43303,955,6721,2022-10-17,Success
56947,2254,16597,2023-03-13,Success
28786,240,38978,2022-09-20,Success
33014,180,9614,2022-12-30,Cancelled by the passenger
17824,282,4429,2022-08-07,Success
25599,1697,9353,2022-12-26,Success
7938,1326,6464,2022-12-09,Success
46037,211,14227,2022-05-28,Success
24231,463,11915,2023-04-13,Success
8604,1794,25108,2022-03-31,Success
26838,2624,39840,2023-03-24,Success
58407,1568,29016,2022-04-24,Success
20597,1031,13943,2022-12-02,Success
41230,2570,29815,2022-10-07,Rejected by the driver
37890,557,1807,2022-12-06,Success
20728,1438,8993,2023-04-07,Success
19946,2270,3518,2022-05-07,Success
41626,1463,12517,2022-10-01,Success
27376,1541,26963,2022-07-07,Rejected by the driver
41693,908,929,2022-06-06,Success
32072,555,33924,2022-08-05,Success
28030,2047,14401,2023-03-13,Success
115,2403,28952,2022-03-18,Success
28566,789,18315,2022-07-19,Success
51455,1357,5370,2022-10-31,Success
43438,1675,22661,2022-09-06,Success
31309,2193,6664,2022-11-08,Success
11443,2641,9241,2022-05-09,Success
59583,309,13654,2023-02-26,Cancelled by the passenger
24695,1175,4990,2022-03-26,Cancelled by the passenger
15750,2204,16158,2022-11-24,Success
2181,23,28896,2022-05-04,Success
57507,2348,25388,2022-11-06,Rejected by the driver
41224,2232,36721,2022-07-31,Success
13883,732,25225,2023-01-25,Success
54562,2104,13207,2022-10-17,Cancelled by the passenger
45303,105,37869,2022-11-13,Success
33544,2201,15010,2022-07-17,Success
21256,2194,22880,2023-04-13,Success
12841,2902,18166,2023-01-07,Success
46170,1890,3020,2022-12-17,Success
7361,2674,39662,2022-04-05,Rejected by the driver
21061,2405,21975,2022-05-05,Success
13133,686,3214,2023-03-14,Success
45434,557,2571,2022-05-13,Success
57996,1132,18630,2022-05-17,Success
44684,1233,10861,2022-09-03,Success
52578,2266,10570,2022-05-12,Success
58515,1851,17545,2022-06-27,Success
23671,2860,24853,2023-03-12,Success
20145,2456,7569,2022-08-20,Success
18629,1455,13007,2023-03-23,Cancelled by the passenger
39446,1844,18066,2022-04-12,Rejected by the driver
23391,204,8628,2022-07-04,Success
53027,2129,38926,2022-10-14,Success
42007,2362,15968,2022-08-02,Success
17753,1601,26541,2022-10-02,Success
49073,1256,35737,2023-03-23,Success
25474,875,15603,2022-10-28,Success
58273,2768,21343,2022-06-30,Success
48155,2692,6425,2022-03-15,Success
29349,1138,27198,2023-01-11,Rejected by the driver
40975,2064,24086,2022-03-31,Success
10741,2573,34119,2022-08-01,Success
9160,581,3855,2022-07-04,Cancelled by the passenger
24440,1114,12258,2022-08-06,Success
17491,1678,5729,2022-04-09,Success
3426,2663,8824,2022-07-03,Cancelled by the passenger
20721,1738,28006,2022-09-01,Success
20353,285,18272,2022-09-08,Cancelled by the passenger
17639,2763,13804,2023-03-10,Success
51801,2021,34144,2022-09-07,Success
2924,1612,11401,2022-09-24,Success
47378,2652,36143,2023-02-15,Success
4781,1702,19005,2023-04-03,Cancelled by the passenger
59930,1792,17874,2022-06-23,Rejected by the driver
50792,826,12771,2022-04-11,Success
33902,509,12497,2023-01-01,Success
44695,555,34089,2023-01-18,Success
19904,205,16352,2022-06-05,Success
55668,2850,35824,2023-04-15,Success
56878,2041,1410,2022-11-17,Success
42839,1036,13309,2023-01-14,Success
32739,1550,38759,2023-02-04,Success
33040,1481,8358,2023-03-19,Success
31326,2893,277,2022-09-29,Success
42434,2120,8739,2022-07-21,Success
54502,2353,14040,2022-04-21,Success
17932,1103,22616,2022-05-18,Success
53463,2915,33149,2022-09-07,Success
1019,332,16131,2022-10-15,Success
37209,2133,22773,2022-06-01,Success
9031,2634,14119,2022-10-27,Success
22096,472,39201,2022-09-12,Success
26412,2362,9924,2022-05-15,Success
21276,1589,6410,2023-03-22,Success
24276,2787,5612,2022-05-30,Success
24989,884,19102,2023-02-04,Rejected by the driver
9905,649,38949,2023-02-08,Success
31944,1964,22301,2022-04-22,Success
47888,1801,13140,2023-04-01,Success
53591,503,23245,2023-04-13,Success
29620,2131,2573,2022-08-06,Success
10988,1108,26384,2023-04-13,Success
46814,1180,10114,2022-10-21,Success
24954,1558,18926,2023-02-28,Success
17876,2182,4221,2022-09-01,Rejected by the driver
41699,1942,38502,2022-05-09,Cancelled by the passenger
36384,169,245,2022-12-10,Rejected by the driver
12411,610,20169,2022-12-16,Rejected by the driver
53,1767,21074,2022-03-27,Cancelled by the passenger
12307,1423,12249,2023-01-31,Success
38174,2398,6678,2022-11-08,Success
21479,145,25554,2022-05-20,Success
19479,2165,15992,2022-10-25,Rejected by the driver
1390,2753,12522,2022-04-21,Success
11381,2308,32436,2023-02-08,Cancelled by the passenger
7885,177,29853,2022-11-01,Success
3479,1980,37973,2023-01-15,Success
20576,2226,5181,2022-05-05,Success
21980,1842,35996,2022-04-01,Success
26886,786,9688,2022-06-17,Success
19607,1255,25262,2022-07-16,Cancelled by the passenger
43551,2476,22321,2022-11-28,Rejected by the driver
50785,1206,22740,2022-09-07,Success
12468,1568,2159,2022-09-07,Success
27751,822,19873,2022-10-10,Success
54847,1212,23616,2022-10-07,Success
13005,1292,27644,2022-05-16,Success
11169,1248,36262,2023-04-11,Rejected by the driver
24116,1508,53,2022-09-21,Cancelled by the passenger
16852,2320,14991,2023-03-20,Cancelled by the passenger
59642,1982,35319,2022-08-18,Cancelled by the passenger
41864,2192,36571,2022-06-10,Success
59604,1359,28210,2022-10-20,Success
32840,2333,34166,2022-09-03,Success
44178,2634,38297,2022-09-18,Success
38285,177,20061,2022-10-30,Success
26475,619,31169,2022-07-04,Cancelled by the passenger
21437,1744,15046,2022-06-21,Success
47451,202,16741,2022-12-11,Success
13672,2516,38994,2023-02-13,Success
50360,284,17212,2022-11-11,Rejected by the driver
17975,2480,16447,2022-10-28,Rejected by the driver
11037,1435,38099,2023-01-16,Success
5160,1377,27204,2023-04-03,Success
38393,1705,6144,2023-03-21,Success
43166,435,17671,2022-04-08,Success
17043,737,5987,2022-07-08,Success
40670,513,12021,2022-12-22,Success
32380,1227,4414,2023-03-12,Success
24640,2305,13579,2022-09-05,Success
26415,1623,34954,2022-11-25,Cancelled by the passenger
44961,1383,9677,2022-07-08,Rejected by the driver
55691,1590,25973,2022-09-01,Success
21557,2262,21216,2022-06-06,Success
19421,351,38716,2022-09-29,Success
57799,966,37432,2022-10-20,Success
5480,311,3116,2022-09-25,Success
39247,246,35484,2022-06-28,Success
33171,2485,24942,2022-04-22,Success
54238,2409,26646,2022-06-25,Success
38310,108,33018,2022-07-20,Success
34241,601,32289,2023-02-28,Cancelled by the passenger
41638,848,17227,2022-07-21,Success
3357,339,19905,2022-09-26,Rejected by the driver
9809,2981,4255,2023-02-19,Success
9444,666,1685,2022-07-30,Rejected by the driver
1984,1350,16366,2023-03-26,Success
44386,2223,19632,2023-02-23,Success
4919,683,9381,2022-08-04,Cancelled by the passenger
37828,400,1998,2022-09-30,Success
36612,2289,34237,2022-11-05,Success
29508,1090,6445,2022-12-04,Success
17418,673,28791,2022-07-11,Success
175,888,29419,2023-03-31,Success
41900,1036,28060,2022-04-15,Rejected by the driver
52255,1035,35558,2022-04-26,Success
15438,1140,23646,2023-04-07,Cancelled by the passenger
29364,2546,15382,2022-06-17,Success
27164,347,7516,2022-03-20,Success
7714,812,29794,2022-04-18,Rejected by the driver
41295,651,27272,2022-07-15,Success
25450,75,20672,2023-04-07,Success
19238,313,33012,2023-02-06,Cancelled by the passenger
17871,758,28822,2022-09-19,Success
38920,1309,15263,2022-12-09,Success
37062,214,39745,2023-01-18,Cancelled by the passenger
24873,2241,11508,2022-08-02,Rejected by the driver
23945,1056,2824,2022-08-27,Success
59418,1760,9459,2022-10-08,Cancelled by the passenger
43228,2637,4552,2022-07-15,Rejected by the driver
59666,1076,28865,2022-08-22,Success
38395,1873,29612,2022-12-23,Rejected by the driver
36614,813,21695,2023-02-09,Cancelled by the passenger
48639,824,28723,2022-12-16,Success
22226,1077,35915,2023-02-16,Success
45179,922,31926,2022-10-12,Rejected by the driver
28337,2501,2365,2022-03-13,Success
57723,2054,17490,2022-06-05,Success
3111,909,22383,2022-07-01,Success
16231,2499,31297,2022-09-28,Success
43731,1938,37602,2022-10-03,Success
20303,1471,19374,2022-03-15,Success
20523,2825,13485,2022-07-07,Cancelled by the passenger
26787,2988,18262,2023-03-28,Success
31812,1531,29557,2023-01-13,Success
51325,565,35559,2023-02-17,Success
2600,1580,18127,2023-04-07,Success
26629,1232,28763,2022-11-12,Success
15906,2182,28321,2023-03-22,Success
40782,2146,16428,2022-10-12,Cancelled by the passenger
58260,2965,19432,2023-04-09,Rejected by the driver
15894,956,7530,2022-06-28,Success
55120,2082,12118,2022-07-18,Success
48063,1325,32453,2022-11-15,Rejected by the driver
27417,1615,36347,2023-02-23,Success
42285,304,19594,2023-01-18,Success
29284,1233,27769,2022-03-23,Success
55020,2915,4995,2023-02-02,Success
10528,176,25956,2022-07-05,Success
3821,295,29461,2022-03-29,Success
15788,653,11457,2022-04-11,Cancelled by the passenger
25533,101,14097,2022-09-02,Success
13921,287,13304,2022-04-10,Success
34656,2284,8139,2022-11-05,Rejected by the driver
8337,193,33830,2022-06-19,Success
52870,2448,22308,2022-06-19,Success
1183,852,21311,2022-06-15,Success
59979,667,25380,2022-09-16,Success
54157,1288,21563,2023-01-25,Success
16203,1424,27427,2022-08-15,Success
20987,1451,5656,2022-05-11,Success
45413,965,27515,2023-02-21,Success
58768,1354,28254,2022-10-06,Success
32062,646,23712,2022-08-06,Success
1889,2004,28832,2022-03-29,Rejected by the driver
13443,1276,38774,2022-04-23,Success
34491,1737,37704,2022-04-08,Success
42628,1753,25894,2022-06-30,Cancelled by the passenger
35653,799,16421,2023-03-11,Success
2995,190,8075,2022-06-07,Rejected by the driver
4764,1738,31840,2022-11-19,Success
9079,690,4484,2022-05-07,Rejected by the driver
4057,2371,36155,2022-03-23,Success
38149,2428,12542,2022-06-26,Rejected by the driver
11025,2189,31591,2022-05-04,Cancelled by the passenger
24910,390,20708,2023-01-15,Cancelled by the passenger
8346,887,37546,2022-04-22,Cancelled by the passenger
5517,1084,28940,2023-01-01,Success
15124,1390,37317,2022-10-02,Success
6646,2347,15088,2022-09-12,Success
38705,973,16405,2022-09-02,Success
7881,2260,12726,2022-10-22,Success
49035,1396,138,2023-03-21,Success
33490,344,26797,2023-03-23,Success
374,337,37025,2022-10-29,Rejected by the driver
8187,2369,13443,2023-03-29,Success
24408,637,26108,2023-03-07,Success
39503,2637,27492,2022-10-04,Success
33081,2739,11963,2022-07-15,Success
59194,928,3306,2023-01-01,Success
57269,2291,213,2022-09-26,Success
26199,2828,18369,2023-04-15,Success
43,327,24863,2022-05-17,Cancelled by the passenger
56186,1272,25001,2022-06-26,Rejected by the driver
16210,149,445,2022-06-06,Success
56198,2833,37585,2022-10-16,Success
29644,2031,28000,2023-03-14,Success
14314,873,39881,2022-03-29,Rejected by the driver
39965,1621,2836,2022-09-07,Success
12811,1932,13713,2022-08-23,Rejected by the driver
41378,2132,14541,2022-04-24,Success
29435,1818,5794,2023-01-22,Rejected by the driver
37522,860,8772,2023-03-21,Success
27789,198,5538,2023-04-02,Cancelled by the passenger
2792,2904,12950,2022-09-29,Rejected by the driver
25281,1262,10294,2022-05-25,Cancelled by the passenger
33501,2112,29647,2022-08-05,Success
55747,2814,1468,2022-09-12,Success
13720,2701,3833,2022-08-15,Success
31903,859,21155,2023-03-08,Success
33713,1045,22653,2023-01-12,Success
54409,1056,35790,2022-07-30,Success
11807,38,36955,2023-04-09,Success
59151,1757,35787,2022-07-27,Rejected by the driver
25595,172,1484,2022-07-01,Cancelled by the passenger
24572,1811,32485,2023-03-30,Success
38334,1867,39673,2022-10-01,Cancelled by the passenger
41868,2600,18291,2023-01-18,Cancelled by the passenger
34462,2943,29428,2022-12-29,Success
10984,583,22899,2022-10-29,Success
30166,615,29083,2022-08-16,Success
16904,2258,7173,2022-11-19,Success
49967,410,19496,2022-04-08,Success
819,943,13994,2022-04-07,Success
44410,526,24759,2022-04-01,Success
4831,1513,30770,2022-11-19,Success
42483,2808,19614,2022-03-17,Success
26215,974,11854,2022-07-26,Success
28134,2339,13114,2022-11-20,Success
15005,594,6758,2023-04-03,Success
59530,1482,14781,2023-04-07,Success
39827,619,2486,2023-04-04,Success
42661,2956,5546,2023-02-22,Success
28103,2716,20230,2022-07-29,Success
21602,1373,38822,2022-08-19,Success
20119,786,9383,2022-08-19,Cancelled by the passenger
39041,2535,35499,2022-05-08,Success
38779,1723,3215,2023-04-03,Success
11239,1951,11997,2022-05-30,Success
6834,2123,29009,2022-09-21,Success
59228,2810,38626,2023-02-20,Success
24175,1760,38258,2022-12-27,Success
2593,2794,12069,2022-05-14,Success
380,2787,28110,2022-07-11,Success
11968,1674,35875,2022-11-04,Success
12196,466,23729,2022-04-02,Cancelled by the passenger
51404,381,15047,2022-08-09,Rejected by the driver
37208,2107,26087,2023-02-08,Success
18533,1372,5573,2023-03-02,Success
3727,469,11791,2023-03-06,Success
10337,2147,9191,2022-06-15,Success
35335,2621,10825,2022-04-09,Success
22423,147,25018,2022-12-30,Success
18188,2475,25766,2022-07-08,Rejected by the driver
21739,188,39625,2023-03-13,Success
31209,1347,33158,2022-06-13,Success
46318,2708,22654,2022-03-12,Success
23530,807,33287,2022-05-13,Success
36390,2563,6793,2022-05-27,Success
6109,1101,16665,2022-09-14,Rejected by the driver
44928,2399,10602,2022-04-23,Success
50747,2874,27114,2023-02-27,Success
7062,1077,8595,2022-04-08,Success
28905,984,8720,2023-01-20,Success
4891,2857,9625,2022-06-17,Success
26283,645,31309,2023-01-26,Rejected by the driver
23995,2410,6645,2022-09-14,Success
25292,922,25658,2022-04-02,Success
59165,586,17705,2022-04-03,Success
31843,497,28700,2022-10-16,Success
31078,2551,7027,2023-02-07,Cancelled by the passenger
2560,873,38864,2022-07-22,Success
53361,2186,26966,2023-02-24,Cancelled by the passenger
54248,1722,8438,2022-09-14,Success
14554,1859,15054,2022-10-25,Rejected by the driver
40297,957,6376,2022-12-26,Success
34351,847,26388,2022-12-12,Success
2548,397,19036,2022-04-13,Success
57664,983,35365,2023-03-09,Success
7079,1203,34624,2022-07-21,Rejected by the driver
4322,2286,1992,2023-01-15,Success
5139,1450,27885,2022-08-09,Rejected by the driver
29865,2772,27874,2022-05-01,Cancelled by the passenger
6885,2233,26637,2022-05-14,Success
27941,2948,26772,2022-09-26,Success
46506,1222,9626,2022-11-24,Success
39310,167,32055,2022-11-07,Success
34532,2137,33004,2023-01-25,Success
13955,1494,16107,2022-12-25,Success
39453,1015,3163,2023-03-04,Cancelled by the passenger
39241,2465,31854,2022-10-12,Success
19228,1112,15859,2022-07-23,Success
21329,2978,14394,2023-01-24,Cancelled by the passenger
15663,1486,24196,2022-08-11,Success
45678,2545,14253,2022-07-13,Success
44197,459,15295,2023-02-04,Success
43102,2369,35995,2023-03-30,Success
57558,797,11103,2022-04-22,Success
13059,1953,15284,2022-12-26,Success
37202,85,39484,2022-03-20,Success
58148,2434,30880,2022-12-16,Success
40890,2531,4603,2022-09-12,Success
22741,2102,17320,2022-10-20,Rejected by the driver
31860,2246,31585,2023-04-15,Success
5279,1026,4871,2022-04-24,Success
29841,2851,5041,2022-07-27,Rejected by the driver
56433,2917,21959,2022-05-12,Success
53285,1489,10702,2022-06-06,Cancelled by the passenger
16490,200,29896,2022-09-25,Success
45419,1684,34022,2022-08-11,Success
4947,1658,21177,2023-04-09,Rejected by the driver
14029,1203,2256,2022-04-24,Cancelled by the passenger
47861,451,13426,2022-10-16,Rejected by the driver
28382,1642,22727,2023-03-23,Success
19191,75,23435,2022-10-02,Rejected by the driver
55662,328,9703,2022-06-10,Success
29529,2825,16442,2023-01-23,Success
26042,2015,1169,2022-03-24,Success
23210,1709,28148,2022-07-01,Success
35722,826,33237,2022-10-24,Rejected by the driver
57910,892,24704,2023-02-04,Rejected by the driver
7520,171,3277,2022-07-22,Success
11755,1918,33670,2023-02-28,Success
53498,2913,1407,2022-04-04,Cancelled by the passenger
27101,45,10009,2022-05-16,Success
40571,2222,34572,2022-10-03,Success
26051,2860,16366,2022-06-18,Success
48535,1116,12142,2022-11-24,Success
52389,988,28944,2022-10-29,Success
19214,1779,15000,2023-01-16,Success
2503,638,31891,2022-10-29,Success
16702,692,26835,2022-03-27,Cancelled by the passenger
1201,2179,34012,2023-01-02,Success
57072,426,17982,2022-04-24,Cancelled by the passenger
46164,2117,33737,2022-07-09,Success
18663,2161,25322,2022-05-04,Success
23848,125,3267,2022-06-22,Success
25229,2980,35932,2023-04-10,Cancelled by the passenger
24647,821,28721,2022-04-01,Rejected by the driver
46724,592,28802,2022-11-19,Cancelled by the passenger
57141,236,4126,2022-11-23,Success
51811,1391,29110,2022-04-24,Rejected by the driver
17559,1623,35841,2022-06-08,Rejected by the driver
33857,556,30593,2022-08-05,Success
15208,1385,15287,2022-10-10,Success
8735,1487,28245,2023-03-15,Success
40789,2607,25166,2022-09-09,Success
57755,2069,25504,2022-08-05,Success
4065,1366,26322,2022-04-29,Success
57951,1957,18382,2022-05-20,Success
56448,2400,30912,2022-12-03,Success
43347,1789,23543,2022-12-28,Success
51244,1072,4955,2022-06-03,Success
37404,2975,38047,2022-05-01,Success
602,2371,27472,2022-08-31,Success
38197,2438,1832,2022-07-21,Success
7754,1965,15092,2022-05-23,Success
12985,2157,20096,2022-12-31,Success
30107,1702,34527,2022-07-15,Success
18604,1859,25452,2022-08-20,Rejected by the driver
10658,520,33168,2023-01-10,Success
55011,1462,21238,2022-10-14,Success
58182,2493,14042,2023-01-04,Success
11518,2577,13327,2022-04-13,Success
49777,25,28534,2023-01-17,Success
42588,2027,9511,2023-04-07,Cancelled by the passenger
8999,2736,19608,2022-07-27,Success
4979,246,29676,2022-05-29,Success
38349,252,12840,2022-09-16,Success
35884,2403,23177,2022-06-30,Success
57982,501,38171,2022-07-15,Success
8616,2101,27073,2023-04-08,Success
37592,2520,38676,2022-07-23,Cancelled by the passenger
23496,2503,38446,2022-04-21,Success
51149,1542,37944,2022-10-31,Success
24475,2992,2289,2022-11-18,Success
37241,2750,12009,2022-03-25,Success
7501,2939,11016,2022-07-22,Success
18871,2251,32665,2022-11-06,Success
14812,2450,26102,2023-01-19,Success
24727,1974,20303,2022-10-17,Rejected by the driver
11302,1683,6015,2022-09-30,Cancelled by the passenger
34349,516,31297,2023-03-01,Success
6046,1646,39402,2022-11-29,Success
22255,2180,22279,2023-01-04,Success
57971,1576,27102,2023-01-25,Success
7126,484,27507,2022-06-30,Cancelled by the passenger
35771,2790,36384,2023-02-20,Success
20986,2883,20910,2022-09-14,Success
44757,2392,27221,2022-08-26,Success
30518,658,23267,2022-09-18,Success
11674,2844,17135,2023-02-23,Success
16528,2492,24190,2022-06-20,Success
53966,666,28558,2023-02-24,Cancelled by the passenger
48637,2583,24436,2022-08-28,Success
55880,1530,2958,2022-09-20,Rejected by the driver
48080,419,33529,2022-08-14,Success
12855,2868,37732,2023-03-10,Cancelled by the passenger
12207,2700,24995,2022-09-29,Success
48337,453,4483,2022-08-16,Success
10073,96,23117,2022-04-24,Success
31161,2116,39277,2023-03-11,Rejected by the driver
21636,2505,17831,2023-02-02,Success
3453,64,8970,2022-11-27,Success
47279,1124,35189,2022-10-24,Success
3606,207,17069,2022-11-02,Success
40640,1616,467,2022-09-06,Success
44303,2631,8399,2022-08-31,Success
30104,1582,27725,2022-10-29,Success
4421,2899,29367,2022-04-27,Success
18556,1751,19692,2022-04-13,Success
54128,99,26304,2023-01-24,Rejected by the driver
37940,38,3453,2022-06-03,Success
27357,2708,1134,2022-08-19,Cancelled by the passenger
4721,1832,26052,2022-03-25,Success
14090,1489,22007,2022-09-30,Success
51985,2828,33181,2022-12-01,Success
1528,1063,10183,2022-12-09,Success
46423,334,7823,2023-01-22,Success
56577,1526,25447,2023-02-05,Success
59575,1792,36642,2022-08-20,Success
57962,2022,13241,2022-05-20,Success
25901,1427,1532,2022-03-22,Success
6079,1914,13784,2022-08-08,Success
691,2455,7270,2022-07-08,Success
13361,2583,28122,2022-11-16,Success
35057,2334,35505,2022-12-07,Rejected by the driver
19687,867,8249,2022-07-04,Success
38554,717,25271,2022-05-21,Success
25927,1966,21751,2022-08-05,Success
39371,1990,20360,2022-11-21,Success
10922,2332,8281,2022-05-23,Success
46887,1483,39102,2022-05-24,Rejected by the driver
54935,2724,35060,2023-01-09,Success
22173,897,13178,2022-06-13,Success
20946,807,21511,2022-04-11,Success
17572,1046,9454,2022-03-22,Success
50344,2409,7174,2022-11-04,Success
41106,2711,21731,2022-10-03,Success
55503,1797,14274,2022-05-17,Success
3573,1580,8932,2023-02-22,Success
15549,1735,32757,2023-03-17,Success
56129,229,26518,2022-09-25,Success
26339,1981,14321,2022-08-28,Success
11993,2115,24973,2022-07-07,Success
29379,959,15317,2023-02-22,Rejected by the driver
50987,185,11349,2022-12-19,Success
59846,1534,2432,2022-03-18,Rejected by the driver
25688,953,31328,2022-06-23,Success
16242,1480,23848,2022-12-04,Cancelled by the passenger
26704,2031,37020,2022-03-25,Success
13190,1488,4245,2022-06-30,Success
7400,2598,22490,2023-04-05,Success
45744,2810,26782,2022-03-18,Success
54879,2806,30310,2022-04-14,Success
26854,321,11616,2022-11-13,Success
44756,163,5857,2022-06-25,Success
31513,2411,15973,2022-09-10,Success
2500,1233,29885,2022-03-24,Rejected by the driver
6036,2965,2988,2023-01-25,Success
26401,740,4536,2022-11-11,Success
27365,2275,10799,2023-02-27,Success
53349,2387,11249,2023-04-12,Success
45347,2028,26264,2023-03-21,Success
20212,2904,18295,2022-12-25,Success
43453,2217,35741,2022-05-26,Success
17263,1928,22978,2022-08-29,Success
50608,798,32016,2023-02-25,Success
15076,2873,19634,2023-03-24,Success
41352,1259,22139,2022-11-23,Success
26860,2144,39443,2022-07-24,Success
43675,2420,33445,2022-08-09,Success
54524,1896,33447,2022-12-11,Rejected by the driver
24340,414,32999,2022-05-30,Rejected by the driver
30196,288,5824,2022-11-28,Cancelled by the passenger
27535,1321,19938,2022-05-03,Success
41436,921,7255,2022-08-18,Cancelled by the passenger
1695,813,15779,2022-10-12,Cancelled by the passenger
9488,2642,7822,2022-11-04,Rejected by the driver
2093,1071,6499,2022-11-23,Success
23317,849,18853,2023-02-04,Success
27627,931,24987,2022-09-10,Success
9330,2211,16384,2022-11-16,Cancelled by the passenger
59417,2402,7581,2022-05-21,Cancelled by the passenger
38100,1868,25178,2022-11-11,Success
56941,85,28887,2022-12-02,Success
49985,649,5447,2023-04-02,Success
40106,1807,2294,2022-08-05,Success
16976,868,16474,2022-07-11,Success
29235,1600,9996,2022-10-26,Success
48078,542,17570,2023-04-07,Success
5717,329,1912,2022-05-07,Success
28169,2791,7895,2023-01-06,Cancelled by the passenger
48161,1321,18191,2022-04-07,Rejected by the driver
54884,1486,39348,2022-06-04,Rejected by the driver
49262,1170,17007,2022-08-28,Success
46217,683,29013,2022-07-21,Success
23883,1583,20717,2023-02-27,Success
12511,1288,16209,2022-07-31,Success
50205,671,28414,2022-12-16,Rejected by the driver
50464,1010,4784,2023-02-25,Success
47827,2502,11604,2022-11-12,Cancelled by the passenger
30776,2154,5803,2023-04-14,Success
49821,2744,12747,2022-10-07,Success
8446,778,29857,2023-03-10,Success
23841,2317,1128,2022-06-10,Success
48951,2379,38391,2023-01-08,Success
5169,1493,9762,2022-04-22,Success
54741,1019,21234,2022-07-24,Success
10883,2230,3367,2022-07-11,Success
29218,1475,8932,2022-11-09,Rejected by the driver
13238,1547,27516,2022-06-01,Success
46628,1042,38714,2022-05-14,Success
17228,2173,13782,2022-09-27,Success
28736,457,11708,2023-04-10,Success
4510,2168,24426,2022-06-07,Cancelled by the passenger
44335,1921,34687,2022-08-05,Success
15311,2875,28288,2022-07-27,Success
27971,851,34768,2022-10-05,Success
58229,1467,27258,2022-07-31,Success
20932,486,26218,2023-01-04,Success
15918,2305,22708,2022-10-08,Success
38123,1851,7577,2022-06-06,Success
44957,806,28776,2022-11-22,Success
53905,1182,13958,2022-03-14,Rejected by the driver
59224,791,22159,2022-10-11,Success
22062,1268,22621,2022-12-18,Rejected by the driver
5583,2520,38311,2022-12-13,Success
48553,1376,11039,2022-07-18,Rejected by the driver
34254,1836,5940,2022-03-25,Success
54576,653,3619,2022-07-29,Cancelled by the passenger
26994,2637,17438,2022-08-17,Success
51890,615,35623,2022-04-27,Rejected by the driver
35036,1364,19038,2022-03-23,Rejected by the driver
45134,1219,33786,2022-05-16,Success
6166,30,3419,2023-02-19,Rejected by the driver
19193,161,22449,2023-01-22,Rejected by the driver
50022,1091,37721,2023-02-26,Success
51621,2644,17311,2022-03-24,Success
56646,870,25818,2022-12-05,Success
28470,2665,3124,2022-05-31,Success
14536,115,31503,2022-10-13,Success
8643,409,33696,2023-04-07,Success
31882,1974,12091,2022-11-25,Success
13308,2693,1785,2022-09-11,Success
22041,1702,20966,2022-05-18,Cancelled by the passenger
48016,842,32108,2022-08-16,Success
1980,495,5055,2023-01-30,Success
33465,2631,988,2022-09-13,Success
1742,81,19932,2022-04-14,Success
3719,2733,3379,2022-06-09,Cancelled by the passenger
25388,1107,39207,2022-10-16,Success
7797,1506,14695,2022-10-13,Success
44245,2808,14472,2022-09-08,Success
2190,1095,15454,2022-09-05,Success
37775,1488,17450,2022-07-04,Success
54770,1568,19873,2022-05-23,Success
21530,349,22945,2022-05-22,Cancelled by the passenger
8148,1507,17726,2022-06-03,Success
33274,666,36343,2023-01-16,Rejected by the driver
59806,1467,21280,2022-08-06,Success
36072,934,29928,2022-08-29,Success
41366,187,24643,2022-08-30,Cancelled by the passenger
40666,2820,2152,2022-09-05,Success
52793,1511,1543,2022-03-19,Success
39230,1327,13924,2022-08-02,Cancelled by the passenger
16568,2143,16158,2023-02-04,Success
56417,353,7358,2022-03-20,Success
3083,1065,29908,2022-12-25,Success
34645,1150,13809,2023-02-20,Success
22198,1243,3037,2023-02-21,Success
49762,1006,32688,2022-06-25,Rejected by the driver
2034,1605,12516,2022-06-26,Rejected by the driver
53134,932,38143,2023-02-20,Success
6630,2095,32154,2022-07-30,Success
22807,2364,3898,2022-06-06,Success
18353,2181,16828,2023-01-17,Success
23159,875,11679,2022-03-23,Success
21,1978,29123,2022-03-20,Success
26795,1893,1388,2022-11-08,Success
13714,1250,11002,2022-09-07,Success
15238,251,17909,2022-10-26,Success
7184,1302,3290,2022-06-12,Success
43185,1748,5554,2022-12-31,Success
16360,377,28876,2022-07-12,Cancelled by the passenger
57672,1493,30952,2023-02-08,Cancelled by the passenger
47811,2733,23308,2022-09-24,Cancelled by the passenger
52423,193,11039,2022-11-20,Success
51671,245,39654,2022-12-25,Rejected by the driver
42835,670,12971,2022-12-20,Success
14826,1303,11520,2023-03-03,Success
22369,2866,7821,2023-01-21,Success
40631,1903,32554,2022-12-18,Cancelled by the passenger
28939,1662,27977,2023-02-12,Success
46947,1511,6728,2022-11-03,Cancelled by the passenger
47720,80,32532,2022-05-30,Success
42717,1882,17570,2022-10-21,Rejected by the driver
2179,858,19649,2023-03-26,Success
29538,1995,28229,2022-05-10,Success
4980,412,39258,2022-05-24,Success
19795,1811,27746,2022-08-29,Cancelled by the passenger
59849,2559,32030,2022-04-01,Cancelled by the passenger
49642,2712,38971,2022-06-02,Success
40509,2399,37864,2022-03-14,Rejected by the driver
25183,2654,23175,2023-01-04,Cancelled by the passenger
48322,2913,14304,2022-09-14,Success
52365,276,8841,2022-09-16,Rejected by the driver
43425,1755,4807,2022-05-10,Success
15837,654,29825,2022-05-02,Success
26315,2533,20813,2022-10-18,Success
49305,2645,19796,2022-05-05,Success
50042,2792,22425,2023-03-25,Success
59272,1299,38639,2022-06-18,Success
16253,2826,1207,2022-03-30,Cancelled by the passenger
22808,2937,9358,2022-05-26,Success
11275,582,22793,2023-03-30,Success
270,752,16803,2022-06-27,Success
16481,1025,20014,2023-01-04,Success
14547,388,4420,2022-11-25,Success
40445,2150,12885,2022-07-28,Cancelled by the passenger
12017,109,2525,2022-05-01,Success
39482,469,33695,2022-11-28,Rejected by the driver
13253,1090,20610,2022-06-16,Rejected by the driver
3886,1206,39208,2022-04-12,Success
42760,567,2953,2023-03-20,Success
13160,204,6203,2022-07-16,Rejected by the driver
9765,1958,13231,2023-04-11,Success
24095,1208,20222,2022-09-17,Success
12821,2387,32469,2022-09-08,Success
1068,871,31342,2023-01-02,Success
40269,1635,11293,2023-01-24,Cancelled by the passenger
54348,2795,37978,2023-04-04,Cancelled by the passenger
35529,2293,324,2022-07-28,Success
6222,959,10779,2022-04-04,Success
22792,2963,13278,2022-09-06,Success
33484,2359,20221,2022-12-28,Success
30870,2335,11246,2023-02-11,Success
4060,70,29405,2022-04-27,Success
50631,1237,21762,2022-06-20,Success
53718,1,5840,2022-07-25,Cancelled by the passenger
29237,2388,7719,2022-08-20,Success
50951,448,5770,2022-11-21,Cancelled by the passenger
33230,993,1631,2022-07-24,Success
54526,2721,19133,2023-02-05,Success
49145,524,3835,2023-03-04,Cancelled by the passenger
52097,137,38082,2022-06-29,Success
42756,1476,20384,2022-12-04,Success
10062,1250,12453,2022-09-27,Success
13682,1523,11055,2022-12-20,Cancelled by the passenger
9538,849,20594,2022-10-05,Cancelled by the passenger
37560,1089,12201,2022-06-03,Success
5272,2319,19675,2022-12-06,Success
38617,1718,30095,2023-01-20,Success
54177,1424,6777,2022-10-06,Success
23855,1565,18975,2022-06-18,Success
33983,507,3319,2022-03-23,Success
47691,2822,4902,2022-03-15,Success
34141,1250,5208,2023-01-02,Success
244,1253,20996,2022-03-26,Success
4040,1915,5984,2022-12-07,Success
24346,1145,19818,2022-12-25,Success
40024,2456,26229,2022-10-06,Success
10992,935,10988,2022-04-13,Rejected by the driver
34448,727,22826,2023-01-18,Success
48408,113,11359,2023-01-30,Success
44811,2662,3895,2022-04-23,Rejected by the driver
56739,1615,6985,2022-03-31,Success
9505,2363,28114,2022-05-02,Success
17033,614,23129,2022-09-01,Success
27815,2838,11951,2022-12-10,Cancelled by the passenger
10836,1267,28580,2022-06-09,Success
20794,2237,20770,2023-03-03,Cancelled by the passenger
15270,1805,8695,2022-09-27,Success
16540,1778,2329,2022-10-15,Rejected by the driver
36197,180,39234,2022-04-09,Success
42264,1543,10427,2022-09-07,Success
17535,1994,3211,2022-04-24,Success
19432,179,16064,2022-09-08,Rejected by the driver
48836,1146,28264,2023-03-07,Success
46858,1295,14624,2022-10-25,Success
1047,1921,23018,2022-06-12,Success
9833,2248,14273,2022-10-31,Success
1307,678,29475,2022-09-22,Success
10120,2982,38050,2022-04-09,Success
13784,45,4940,2022-11-09,Cancelled by the passenger
57059,1933,20632,2022-09-25,Success
11632,2466,6558,2022-12-10,Success
12314,2945,31492,2022-11-18,Success
51397,332,235,2022-08-17,Success
27713,2938,20644,2022-09-09,Success
16,762,34957,2022-11-26,Success
28115,1430,17302,2022-11-14,Cancelled by the passenger
29994,241,21763,2022-07-17,Success
29556,893,18846,2023-01-23,Success
35438,1672,1797,2022-10-19,Success
9553,2184,31316,2023-02-08,Success
1845,744,35396,2022-09-01,Success
19483,1237,9838,2022-11-14,Success
34381,2814,18262,2022-05-11,Success
41458,379,1846,2023-02-26,Success
11033,1377,17014,2022-09-30,Success
56261,1213,18851,2022-07-25,Cancelled by the passenger
45572,1736,36466,2022-08-13,Rejected by the driver
34106,1928,29860,2022-12-31,Success
16278,2496,27962,2023-04-01,Success
34247,817,36063,2023-01-25,Success
46468,2022,35882,2023-01-03,Success
9288,1491,26297,2023-04-14,Rejected by the driver
16927,51,22409,2023-03-14,Rejected by the driver
47561,2861,27094,2022-06-09,Success
36843,1583,151,2022-12-03,Success
432,1832,631,2023-02-07,Success
39540,2065,1367,2022-09-12,Cancelled by the passenger
32398,1794,25547,2022-05-23,Success
58073,2974,26612,2022-11-30,Success
29961,489,24233,2022-11-16,Rejected by the driver
2562,1446,19013,2023-02-07,Rejected by the driver
42298,2389,27407,2022-08-31,Success
3607,1219,25010,2022-04-20,Rejected by the driver
52030,2646,20642,2023-03-06,Success
37184,1071,11074,2022-08-20,Success
33800,190,19535,2023-03-20,Success
55274,736,7914,2022-03-19,Success
39054,2614,32430,2022-03-16,Success
33879,2892,9785,2022-10-28,Success
51041,44,2623,2022-08-24,Success
44511,1773,39550,2022-05-14,Success
26104,2261,27428,2023-03-08,Success
17138,797,2618,2022-08-13,Success
19434,2584,15835,2022-10-25,Success
24536,1551,37862,2022-04-21,Success
31960,241,19344,2023-01-02,Success
27205,1386,9975,2023-04-01,Success
49715,1286,20869,2022-07-05,Cancelled by the passenger
22927,2417,3650,2022-08-25,Success
57246,2685,9386,2023-02-02,Success
37533,434,15446,2023-01-15,Success
19947,671,6117,2023-04-01,Success
8445,149,5735,2022-12-28,Success
51669,606,10268,2023-03-21,Success
35731,2290,11051,2022-03-18,Cancelled by the passenger
45414,1060,23851,2022-10-28,Rejected by the driver
21759,1016,5567,2022-11-30,Success
54549,1754,24974,2022-07-16,Success
58547,260,32404,2022-11-22,Success
32026,860,6732,2022-05-27,Success
36231,2340,20112,2022-03-27,Success
31229,2089,6957,2022-03-14,Success
43758,883,28780,2023-02-26,Success
7752,2273,25571,2022-07-06,Success
49101,883,10644,2022-10-06,Success
20610,1482,24416,2022-06-26,Success
32913,1595,24409,2023-03-24,Success
21441,594,19092,2022-04-10,Success
52048,637,28886,2023-02-13,Success
7814,1681,7688,2022-05-16,Rejected by the driver
43724,2643,23936,2022-10-11,Rejected by the driver
50058,1638,10109,2022-11-22,Rejected by the driver
32512,610,19753,2022-09-23,Success
5193,376,4573,2022-09-24,Success
12173,1026,17295,2023-02-19,Rejected by the driver
33004,280,35158,2022-10-22,Success
