courier_id,city,vehicle_type,vehicle_age_years,days_since_service,age,tenure_days,rating,total_earnings,number_of_orders,number_of_five_star_orders,on_time_rate,number_of_cancellations,number_of_complaints,avg_delivery_minutes,courier_tier
5247,Denver,Car,12,21,21,201,4.67,12347.39,31,10,0.8214,2,1,29.52,Gold
6980,Boston,Bicycle,7,157,22,415,3.98,11863.33,28,8,0.6957,5,0,32.84,Standard
6165,Austin,Walking,6,612,53,1470,4.71,19256.16,18,11,1.0,1,1,29.36,Gold
5551,Chicago,E-bike,9,203,34,1390,4.94,22103.12,30,23,1.0,3,0,23.03,Gold
5271,Denver,E-bike,5,365,29,902,4.01,13802.63,22,3,0.9286,5,2,34.04,Standard
5998,Austin,E-bike,9,149,39,162,4.71,12843.38,32,21,0.963,2,4,31.63,Gold
6339,Denver,Scooter,8,507,20,280,4.39,12738.45,26,15,0.7917,1,2,31.33,Gold
7443,Austin,Bicycle,1,401,40,588,3.92,9814.85,32,9,0.76,4,1,33.41,Standard
6927,Seattle,Car,10,578,32,879,4.3,16351.1,41,20,0.8889,4,3,30.48,Gold
5073,Seattle,E-bike,8,336,34,1606,4.51,17359.46,35,12,0.8333,5,5,31.04,Gold
5237,Austin,Bicycle,4,481,19,1234,4.21,12033.49,29,6,0.8148,2,3,34.82,Standard
5394,Boston,Bicycle,10,553,30,125,4.23,10484.7,19,5,0.6875,2,0,33.83,Standard
6377,Austin,Car,5,648,33,1202,4.53,16550.51,18,9,0.9375,2,1,31.4,Gold
6658,Austin,Scooter,3,191,49,1768,4.64,23208.33,24,18,1.0,1,0,27.41,Gold
6187,Austin,E-bike,9,18,22,1067,4.36,15258.14,26,14,0.875,2,0,30.68,Gold
5261,Chicago,Scooter,2,487,46,765,4.19,11239.67,27,10,0.7826,2,1,35.73,Standard
5447,Chicago,Car,8,630,44,1467,4.62,17579.81,27,13,0.7917,3,0,30.98,Gold
7273,Chicago,Car,11,422,63,252,3.91,9730.42,35,7,0.7143,4,5,32.21,Standard
5857,Denver,Bicycle,5,353,30,781,4.83,17073.44,32,19,0.9615,5,1,,Gold
6064,Denver,Bicycle,11,225,40,1020,3.92,11836.95,22,5,0.6923,5,1,35.95,Standard
6256,Austin,Car,8,129,52,1051,4.39,16112.86,26,13,0.7143,3,0,29.61,Gold
7410,Boston,Bicycle,8,302,43,1796,4.3,16262.87,36,4,0.8333,7,2,32.45,Standard
7240,Boston,Car,4,48,23,1312,4.11,14436.44,27,5,0.8182,5,3,35.02,Standard
6899,Seattle,Bicycle,2,360,41,707,3.47,7892.23,22,4,0.4667,5,1,38.61,Standard
5200,Boston,E-bike,5,333,43,1172,4.65,15997.19,34,17,1.0,2,0,,Gold
5911,Boston,Car,1,255,26,1555,4.05,14236.54,45,7,0.6842,5,1,37.14,Standard
5043,Chicago,Bicycle,8,647,19,524,4.85,15995.7,28,18,1.0,0,1,26.52,Gold
6316,Seattle,Scooter,6,309,32,1079,4.83,18234.18,34,23,0.8621,1,0,27.82,Gold
5720,Boston,E-bike,3,629,47,52,4.64,10329.59,33,16,0.9259,4,2,34.13,Gold
5953,Chicago,Walking,9,99,53,1069,3.8,9745.47,34,2,0.8333,6,3,35.57,Standard
6173,Boston,E-bike,5,630,30,1400,4.61,14631.6,26,7,0.8696,3,1,,Standard
6951,Boston,E-bike,6,532,54,1235,3.87,11088.21,28,0,0.5714,6,3,38.18,Standard
5092,Austin,Scooter,2,305,44,954,4.19,13717.78,32,5,0.7308,2,2,31.88,Standard
5983,Chicago,Scooter,1,128,54,164,4.53,12542.35,27,15,0.9565,4,0,28.97,Gold
6480,Denver,Walking,10,583,22,1356,4.3,15644.99,28,8,0.7727,3,6,32.8,Standard
7131,Chicago,Car,10,346,60,35,4.1,6670.7,22,5,0.8125,4,0,36.86,Standard
5981,Denver,Scooter,3,520,18,1711,4.3,14536.14,24,4,0.5556,2,4,,Standard
6510,Denver,Car,9,391,42,1581,4.22,14576.75,33,9,0.8,7,1,35.26,Standard
6485,Denver,Car,2,394,19,1637,5.0,21247.67,26,21,1.0,1,1,26.98,Gold
7196,Austin,Scooter,4,103,34,1046,4.93,16889.81,24,16,0.9565,1,1,29.31,Gold
5937,Seattle,E-bike,8,317,60,393,4.81,11767.88,31,18,0.7778,2,0,30.48,Gold
7074,Denver,Walking,10,229,21,1306,4.92,21637.4,23,17,1.0,1,1,25.7,Gold
6500,Austin,Bicycle,6,435,19,501,4.16,9732.53,26,6,0.7895,7,2,34.42,Standard
5388,Boston,Car,7,248,31,1290,3.72,11302.99,33,3,0.64,4,3,37.4,Standard
5164,Boston,E-bike,8,67,21,468,4.68,11960.68,36,17,0.8387,2,2,29.5,Gold
7056,Chicago,Scooter,7,169,47,414,4.29,9048.44,31,5,0.76,4,2,34.55,Standard
5794,Chicago,E-bike,10,375,35,965,4.25,14931.36,32,11,0.8148,2,4,32.04,Standard
6160,Seattle,Car,4,512,29,107,4.52,12226.62,32,13,0.9655,2,1,31.84,Gold
7142,Austin,Bicycle,8,338,54,147,4.31,9524.0,30,8,0.8696,4,3,35.13,Standard
7059,Austin,Scooter,6,252,46,602,3.99,10882.59,26,4,0.85,3,3,37.23,Standard
7020,Chicago,Car,8,500,53,768,4.35,11178.2,38,6,0.7586,7,2,34.32,Standard
7032,Chicago,Scooter,6,648,49,1701,4.77,19080.51,38,20,0.9677,4,1,29.15,Gold
6657,Denver,Walking,7,576,39,1248,4.32,13194.26,26,5,0.7059,7,1,38.14,Standard
5608,Seattle,Scooter,7,399,22,1424,4.78,19882.01,19,14,1.0,0,0,,Gold
6559,Denver,E-bike,11,398,42,859,5.0,20495.06,26,24,0.96,0,3,30.85,Gold
6867,Boston,Car,4,564,44,1318,4.86,19030.48,25,19,1.0,3,0,24.52,Gold
6280,Denver,Car,4,625,30,610,4.34,13680.18,23,11,0.9524,2,2,31.31,Gold
7140,Boston,Walking,8,129,57,1581,4.31,16216.29,25,4,0.7391,1,4,34.44,Standard
5248,Denver,Car,9,36,61,165,4.06,10243.33,36,14,0.75,3,3,,Standard
5928,Chicago,Car,9,334,42,54,4.69,12010.15,23,11,0.9,3,1,,Gold
7357,Denver,Walking,3,5,51,1372,3.92,14352.5,29,3,0.5263,6,1,37.12,Standard
5433,Seattle,Bicycle,6,140,39,312,4.49,12264.95,37,14,0.8788,3,2,33.55,Standard
5820,Seattle,Scooter,1,230,34,234,4.38,7453.88,34,9,0.6452,1,4,33.57,Standard
6376,Seattle,Car,5,127,43,464,5.0,15546.68,32,15,1.0,4,0,30.17,Gold
7099,Denver,E-bike,11,444,28,1084,3.82,9592.15,28,2,0.6923,7,1,40.83,Standard
6605,Seattle,Car,2,295,34,454,4.63,13027.91,29,10,0.913,3,3,,Gold
5024,Seattle,Car,12,48,26,1274,3.89,12346.55,25,4,0.65,4,1,36.74,Standard
6667,Austin,E-bike,1,226,34,46,3.82,7421.7,19,1,0.6923,5,0,35.4,Standard
5736,Chicago,Bicycle,5,642,57,1165,4.36,15737.33,29,7,0.8636,4,2,29.29,Gold
7021,Chicago,E-bike,9,388,41,551,4.39,10651.56,26,6,0.8182,3,1,34.16,Standard
7206,Austin,E-bike,7,460,38,983,4.6,13881.94,26,5,0.8421,1,2,33.56,Standard
5193,Austin,Car,2,281,62,985,4.94,17721.52,28,23,0.9583,2,0,27.92,Gold
5501,Seattle,E-bike,8,426,28,1512,3.95,11879.8,20,3,0.6842,0,1,38.46,Standard
6257,Boston,Bicycle,4,234,24,1776,4.48,18745.73,27,13,0.7917,1,4,32.6,Standard
6750,Chicago,Bicycle,6,534,40,378,4.74,13296.41,37,22,0.9412,3,2,30.13,Gold
7384,Austin,Walking,4,149,52,126,4.3,10068.2,26,7,0.6842,4,1,34.42,Standard
7139,Austin,Car,5,684,56,1437,4.84,15880.96,32,16,0.8667,2,2,30.08,Gold
7476,Chicago,E-bike,2,490,27,503,4.17,12292.63,25,6,0.875,5,1,34.36,Standard
5859,Boston,E-bike,7,416,55,1271,4.78,16817.29,21,13,0.9474,0,1,28.69,Gold
5949,Austin,Walking,3,152,37,328,3.71,7748.92,30,6,0.8421,9,0,37.96,Standard
5700,Denver,Bicycle,4,6,29,1073,4.2,11897.9,32,4,0.8696,5,2,32.9,Standard
6833,Boston,Car,7,494,21,1143,4.37,15972.83,20,10,0.8421,1,1,32.2,Gold
5166,Seattle,E-bike,11,690,61,1579,4.73,16990.93,37,18,0.75,7,4,32.26,Gold
5449,Seattle,Walking,4,138,62,244,4.77,11541.8,22,10,0.8571,0,2,29.54,Gold
5777,Denver,Car,3,343,54,505,4.13,10946.12,38,10,0.8621,7,4,,Standard
6301,Seattle,E-bike,8,240,62,807,3.67,11759.96,36,4,0.8077,7,2,32.22,Standard
5553,Seattle,E-bike,3,489,55,594,3.78,7146.22,31,1,0.4583,3,3,38.24,Standard
7022,Boston,Car,11,32,25,466,4.76,16603.9,19,11,1.0,0,0,,Gold
6767,Boston,Car,5,254,40,1525,4.06,13974.75,34,3,0.7917,5,4,36.5,Standard
5324,Seattle,Car,5,166,38,1601,4.8,19189.07,24,8,0.9524,2,1,29.66,Gold
6578,Austin,E-bike,10,273,63,854,4.41,13229.22,25,6,0.7143,1,5,33.15,Standard
7183,Austin,Scooter,8,645,40,49,4.66,12973.97,29,13,0.8929,1,0,29.93,Gold
5276,Seattle,E-bike,9,535,45,567,3.93,6653.14,29,0,0.6087,3,0,40.9,Standard
7207,Austin,E-bike,11,657,56,498,4.01,8324.43,32,7,0.7727,4,5,39.85,Standard
6040,Boston,Car,7,680,58,1128,3.49,9785.32,31,0,0.4091,5,1,38.7,Standard
6989,Boston,Bicycle,7,322,33,1706,3.89,15396.95,21,6,0.6471,3,2,34.29,Standard
5773,Austin,Scooter,4,633,51,636,4.99,14362.95,27,16,0.9565,4,0,28.96,Gold
5096,Denver,E-bike,1,60,46,1302,4.71,15573.84,27,11,0.7727,3,3,31.57,Gold
6419,Denver,Car,12,523,49,1634,4.49,16502.68,27,13,0.7083,3,2,33.76,Gold
7329,Boston,Bicycle,6,234,18,618,3.77,7105.84,36,3,0.5357,6,1,41.82,Standard
6981,Denver,E-bike,2,30,36,821,4.33,15080.37,25,8,0.8095,4,2,28.61,Standard
5232,Austin,Walking,3,521,18,1148,4.44,17485.49,34,22,0.9,2,2,30.01,Gold
5605,Austin,Car,9,123,29,334,4.59,12254.09,23,10,0.95,2,0,30.94,Gold
5080,Chicago,E-bike,8,191,27,819,4.32,14185.76,25,9,0.5556,6,0,29.42,Standard
6727,Chicago,Car,5,580,37,110,4.43,6990.24,31,5,0.6522,4,2,36.99,Standard
5975,Chicago,Car,12,366,39,1498,4.56,16708.38,31,11,0.7586,1,1,32.7,Standard
5369,Chicago,Scooter,8,24,22,1491,4.26,15480.92,36,13,0.6875,3,4,31.95,Standard
6913,Seattle,Scooter,3,316,53,116,4.39,8448.0,25,4,0.7895,5,2,36.9,Standard
7191,Chicago,E-bike,12,245,26,845,3.99,13097.94,25,6,0.8261,1,3,32.22,Standard
6620,Boston,E-bike,1,309,36,1238,4.2,15601.2,20,6,1.0,1,0,31.88,Standard
6756,Chicago,Car,2,687,59,735,4.0,8852.62,40,2,0.5667,4,1,36.94,Standard
5855,Denver,Bicycle,3,101,18,885,4.69,18075.39,32,22,0.9032,1,3,28.15,Gold
7315,Austin,Car,7,548,35,666,4.41,11788.82,22,4,0.8421,2,1,33.77,Gold
6914,Denver,Car,12,76,31,987,4.76,19196.58,23,12,1.0,1,0,29.2,Gold
6471,Seattle,Scooter,5,584,37,765,4.51,16712.49,34,16,0.931,5,0,,Gold
5494,Boston,Scooter,2,316,49,443,4.06,11457.93,23,7,0.7222,3,2,29.89,Standard
6760,Chicago,Bicycle,4,132,60,1294,4.38,16234.97,39,22,0.8438,4,1,,Gold
5077,Seattle,Walking,8,564,29,382,4.57,13497.35,33,10,0.8182,8,2,32.37,Gold
6600,Boston,Scooter,8,451,47,307,4.31,9553.37,21,5,0.7333,4,5,34.3,Standard
7047,Seattle,Car,11,590,26,837,4.43,16466.52,29,16,1.0,2,3,29.77,Gold
6785,Boston,E-bike,6,342,30,34,4.42,13217.54,28,14,0.92,2,0,29.45,Gold
6236,Denver,E-bike,8,266,39,567,4.56,12703.21,38,10,0.7097,6,1,32.9,Standard
5862,Denver,Scooter,10,173,53,1429,4.27,11607.04,36,6,0.7333,4,3,35.96,Standard
5097,Seattle,Car,9,657,31,865,4.1,10892.91,30,4,0.5789,6,0,35.59,Standard
6716,Denver,Bicycle,6,566,52,1019,3.92,11603.14,25,5,0.6818,2,4,34.62,Standard
5557,Austin,Car,7,652,44,523,4.64,13901.08,35,14,0.8667,1,1,30.91,Gold
5184,Chicago,Scooter,11,73,21,1474,4.36,17175.16,24,11,0.9524,2,1,32.22,Standard
6546,Seattle,Car,6,286,55,1717,4.46,18270.15,29,13,0.8889,0,0,33.17,Gold
7447,Denver,Bicycle,4,699,56,1460,4.72,16259.04,34,11,0.8214,2,5,,Standard
7176,Boston,Bicycle,12,343,43,815,4.66,17138.46,26,22,0.8696,1,1,24.62,Gold
7148,Boston,Bicycle,12,20,59,799,4.27,13935.65,26,9,0.9565,2,3,35.06,Standard
6818,Chicago,Bicycle,5,500,52,541,4.71,17835.06,33,27,1.0,1,0,25.34,Gold
6470,Denver,Car,3,92,51,766,4.33,13075.09,31,6,0.7692,4,1,34.77,Standard
7067,Boston,Car,6,395,31,1763,3.85,15261.79,28,3,0.6667,3,2,35.26,Standard
5579,Austin,Car,9,241,48,741,4.79,16002.43,27,17,0.9167,1,0,31.45,Gold
7417,Seattle,Scooter,12,499,62,220,4.07,7351.05,31,3,0.5769,3,2,37.54,Standard
5616,Austin,Car,9,162,33,367,4.05,7735.26,29,7,0.8,6,0,35.66,Standard
6556,Austin,Car,2,204,26,751,4.83,16559.37,24,13,1.0,1,1,29.52,Gold
5482,Chicago,Bicycle,11,656,40,1239,4.05,12229.61,20,2,0.4167,6,1,36.91,Standard
6371,Austin,Bicycle,6,27,25,248,4.15,11835.2,21,8,0.7222,2,3,30.02,Standard
6627,Boston,Bicycle,12,557,19,1390,4.46,15354.24,30,16,0.8148,2,0,34.34,Gold
5570,Chicago,Car,10,626,50,1358,3.97,13162.07,27,7,0.75,3,1,36.97,Standard
6465,Chicago,Car,11,163,49,102,4.11,8844.48,20,7,0.5,3,2,35.0,Standard
7006,Denver,Scooter,11,600,36,1082,4.27,14877.59,30,14,0.7778,3,5,32.77,Gold
5342,Denver,Scooter,2,309,49,551,3.88,9516.93,33,6,0.7857,1,8,34.95,Standard
7434,Denver,Car,9,194,18,708,4.52,15196.17,23,12,0.7368,1,3,28.42,Gold
6537,Boston,Scooter,1,609,46,88,4.14,8732.5,34,5,0.6957,6,3,35.73,Standard
5432,Austin,E-bike,12,523,63,1730,5.0,21615.67,29,25,0.963,2,0,27.39,Gold
5455,Chicago,Bicycle,1,507,19,1169,4.13,12222.96,24,2,0.5,7,0,35.09,Standard
5189,Boston,Scooter,4,206,40,1064,4.26,16050.87,22,8,0.8947,2,1,33.2,Standard
5735,Austin,E-bike,1,682,60,321,4.6,12654.77,26,10,0.7826,2,0,34.26,Standard
5737,Seattle,Scooter,9,652,58,362,4.27,12258.95,34,16,0.9643,6,1,31.31,Gold
6581,Boston,Car,12,352,61,237,4.45,10177.05,27,13,0.913,3,1,33.35,Standard
7267,Denver,E-bike,5,688,41,854,4.15,11762.73,24,4,0.5263,3,2,34.53,Standard
6639,Chicago,Scooter,1,353,31,656,4.02,13069.23,28,7,0.7143,5,2,,Standard
6746,Denver,Scooter,1,581,39,458,4.27,13038.37,27,16,0.9091,4,2,29.01,Gold
6096,Seattle,Scooter,5,674,32,1399,4.0,14053.4,31,7,0.75,4,6,36.88,Standard
7000,Seattle,Scooter,9,586,49,496,3.76,8066.02,27,4,0.6364,4,4,36.0,Standard
6719,Denver,Scooter,2,562,50,983,4.1,13252.24,36,13,0.8276,5,5,34.07,Standard
6205,Boston,Scooter,8,184,56,1730,4.78,21021.1,20,13,0.9444,1,1,32.03,Gold
5012,Chicago,Car,12,678,50,1719,4.97,20300.12,27,19,1.0,2,0,27.64,Gold
6281,Boston,Scooter,11,503,21,1207,4.06,11642.47,23,3,0.7222,3,0,35.34,Standard
5268,Seattle,E-bike,4,440,57,1480,3.93,13208.08,20,6,0.7857,3,1,37.71,Standard
6734,Austin,Walking,8,76,43,785,3.83,13280.25,26,7,0.6667,2,1,32.31,Standard
5472,Austin,Car,3,226,27,711,5.0,17526.68,24,18,1.0,0,1,25.44,Gold
5785,Austin,Bicycle,10,370,63,1607,4.51,16394.91,30,11,0.9524,6,1,29.68,Standard
7161,Denver,Bicycle,2,576,18,1602,5.0,20756.55,29,22,0.96,3,1,28.35,Gold
6317,Denver,Scooter,11,544,59,115,4.12,9422.59,19,3,0.6154,4,0,32.8,Standard
5239,Seattle,E-bike,12,334,54,258,4.51,14069.34,26,10,0.8571,4,0,29.3,Gold
7367,Austin,Car,5,82,45,1077,4.02,10281.5,24,4,0.7059,5,1,37.81,Standard
7320,Austin,Bicycle,4,607,53,1021,3.71,8910.74,30,3,0.7273,2,1,40.93,Standard
5754,Austin,Bicycle,3,3,39,1438,4.25,17420.34,31,13,0.963,1,2,32.84,Gold
6309,Seattle,E-bike,12,169,23,559,4.66,13478.7,25,11,0.8947,4,1,31.02,Gold
7450,Denver,E-bike,5,496,58,1062,4.41,14829.55,27,8,0.9,2,3,33.08,Standard
5171,Chicago,Scooter,11,292,38,1337,5.0,21745.58,25,19,1.0,2,1,26.6,Gold
6345,Austin,Car,2,286,34,522,4.12,12847.5,30,10,0.7083,2,3,,Standard
6662,Seattle,Scooter,7,237,32,689,4.22,11732.89,19,8,0.8125,3,2,33.51,Standard
5543,Austin,Car,3,98,63,1690,4.41,18368.0,21,13,0.8571,0,1,30.04,Gold
5074,Seattle,Walking,4,426,39,262,4.25,11529.82,27,2,0.8,5,1,34.53,Standard
5002,Denver,Car,7,399,54,164,3.95,8522.83,34,4,0.6786,4,1,33.7,Standard
6030,Boston,Car,1,70,54,45,4.23,10031.67,31,10,0.72,2,1,32.28,Standard
5637,Chicago,Walking,4,44,27,1793,3.92,13124.82,22,5,0.7143,0,3,,Standard
5544,Seattle,Bicycle,9,356,37,1562,4.42,15355.5,24,7,0.85,3,2,33.06,Standard
5959,Denver,Scooter,1,230,27,1545,4.23,14026.47,21,5,0.8235,2,2,33.73,Standard
7429,Seattle,Scooter,3,252,33,1413,4.65,22061.22,27,23,1.0,1,0,25.69,Gold
5537,Chicago,Car,7,642,53,253,3.55,7708.85,27,3,0.5217,2,2,38.08,Standard
6807,Boston,Bicycle,5,162,58,426,4.44,14293.05,30,14,0.96,4,1,31.66,Gold
5355,Boston,Scooter,1,141,52,1401,5.0,20407.95,26,19,1.0,1,1,24.62,Gold
7496,Chicago,Bicycle,10,101,56,1547,4.31,16960.77,28,7,0.8182,3,1,,Standard
7437,Chicago,E-bike,11,597,29,490,4.49,14048.38,25,6,1.0,5,1,31.3,Gold
5713,Austin,Scooter,6,231,54,1144,4.39,15579.15,30,10,0.84,2,3,30.16,Gold
6521,Denver,E-bike,1,319,46,247,3.53,6127.16,34,2,0.6071,5,6,40.48,Standard
5869,Austin,Scooter,12,217,18,869,4.19,13979.88,30,10,0.8077,3,1,30.69,Standard
5458,Seattle,Bicycle,10,16,53,540,4.47,14672.0,34,13,0.9032,3,0,30.35,Gold
5132,Denver,Car,8,63,39,724,4.24,12464.97,26,5,0.7727,2,5,35.54,Standard
7036,Austin,Bicycle,11,94,38,1118,4.39,14738.37,21,5,0.8,4,1,36.49,Standard
6962,Denver,Bicycle,4,396,48,1759,4.62,18962.33,27,11,0.8696,3,2,31.52,Gold
6725,Chicago,Bicycle,11,615,43,317,4.51,14267.58,25,14,0.8095,4,2,29.2,Gold
5607,Austin,Bicycle,8,188,27,1626,4.75,20251.39,27,17,0.9583,1,3,31.3,Gold
5503,Denver,Car,3,175,50,168,3.64,7078.76,20,0,0.4615,2,5,38.54,Standard
6461,Chicago,E-bike,8,638,41,1580,4.29,14182.19,32,10,0.8,6,0,34.31,Standard
7227,Chicago,Bicycle,6,584,29,961,4.14,12782.78,30,6,0.7037,0,4,36.64,Standard
5216,Austin,Bicycle,7,19,47,1210,4.44,14819.06,27,10,0.875,1,2,32.2,Gold
5640,Seattle,E-bike,6,550,19,905,4.29,11596.57,36,8,0.7333,3,1,33.89,Standard
7156,Chicago,Scooter,1,48,59,1208,4.07,13749.37,27,8,0.7143,3,0,34.14,Standard
5249,Denver,Car,8,88,60,828,4.35,13339.05,20,6,0.9286,3,0,34.11,Gold
6762,Austin,Bicycle,9,594,36,1581,4.42,16293.43,22,9,0.7647,2,1,,Standard
6997,Boston,Bicycle,5,484,36,1424,4.23,16281.16,23,8,0.8889,2,0,32.44,Standard
5413,Seattle,E-bike,9,91,33,1141,3.8,13561.29,24,8,0.7391,0,2,33.37,Standard
7407,Chicago,Car,6,228,25,993,3.95,11942.03,26,4,0.7368,4,0,37.63,Standard
6729,Boston,Car,7,45,47,253,4.35,12143.8,21,6,0.8667,3,1,32.47,Standard
7168,Seattle,Car,3,76,63,502,4.43,10410.87,28,3,0.7917,1,2,,Standard
6228,Denver,Scooter,5,556,57,903,4.5,14435.98,28,12,0.6818,3,2,33.27,Standard
5021,Boston,E-bike,4,426,51,445,4.14,11052.47,37,14,0.8667,4,3,33.58,Standard
6092,Boston,Scooter,1,248,53,594,4.71,12988.41,24,14,1.0,2,1,27.74,Gold
6488,Chicago,Bicycle,12,5,30,856,4.55,13313.35,24,13,0.9048,3,0,32.29,Gold
5897,Boston,Car,5,590,63,721,4.52,14487.72,37,17,0.9333,5,0,30.67,Gold
6705,Denver,Car,1,256,36,1713,4.06,13997.18,27,2,0.625,7,1,37.61,Standard
7288,Austin,Car,12,218,24,852,4.56,14280.43,31,12,0.931,2,1,30.99,Gold
5135,Denver,Car,3,106,31,165,5.0,14887.78,26,18,0.9565,2,1,27.75,Gold
6450,Denver,Scooter,1,117,50,575,4.72,13801.46,32,16,0.9231,4,2,31.01,Gold
6232,Denver,Car,1,517,31,1075,4.03,14474.35,37,14,0.6452,3,1,34.98,Standard
5083,Seattle,Bicycle,4,498,37,1682,4.5,18906.98,38,30,0.9143,2,0,30.37,Gold
5560,Seattle,Scooter,8,526,51,625,3.75,10630.21,20,3,0.8571,3,2,35.76,Standard
5060,Chicago,Car,6,513,53,1382,4.56,20101.93,28,15,0.8889,0,3,29.67,Gold
5039,Seattle,E-bike,11,108,22,69,4.2,10411.43,34,13,0.6129,2,6,32.1,Standard
7251,Seattle,Bicycle,3,10,59,165,4.37,12792.56,20,8,0.8889,1,1,,Gold
5353,Austin,Bicycle,1,540,25,951,4.2,11314.25,26,12,0.92,0,0,32.9,Standard
5304,Boston,Car,5,533,49,1178,4.76,16527.06,21,10,0.6471,2,2,31.61,Gold
5556,Boston,Scooter,12,509,43,1507,4.66,17284.57,29,14,0.7826,3,0,34.22,Gold
7125,Chicago,Car,10,330,43,1101,4.3,13324.16,28,4,0.6364,4,2,,Standard
6640,Boston,Car,10,216,54,869,4.38,16238.11,30,20,0.8889,3,1,29.71,Gold
6366,Boston,Car,10,341,60,585,4.77,14277.08,29,13,1.0,5,3,30.88,Gold
7378,Denver,E-bike,7,587,28,550,3.8,8413.95,31,6,0.64,6,2,36.2,Standard
6028,Austin,Scooter,6,495,63,437,3.89,9153.79,27,6,0.6364,3,1,34.79,Standard
6147,Boston,Scooter,1,493,57,669,3.9,7382.07,18,2,0.75,0,1,37.34,Standard
6304,Denver,E-bike,9,97,49,496,4.52,13036.41,31,11,0.9615,2,1,32.48,Gold
6608,Boston,Car,9,126,61,656,4.16,8388.4,27,2,0.5417,2,0,36.27,Standard
5800,Seattle,Bicycle,4,403,53,1498,4.13,16674.34,27,9,0.85,5,2,29.74,Standard
5278,Seattle,Car,7,671,28,1342,4.02,11704.75,34,4,0.7,7,1,31.28,Standard
5470,Seattle,Car,12,401,24,459,3.99,10098.4,15,4,0.5833,3,1,34.26,Standard
5167,Boston,Car,2,6,26,1121,4.61,13067.31,26,8,0.9091,0,3,31.26,Standard
5631,Boston,Scooter,7,531,55,754,3.89,11062.5,33,5,0.8462,3,2,33.83,Standard
6368,Austin,Scooter,12,627,38,1074,4.29,14608.87,23,9,0.95,2,1,31.56,Standard
6577,Chicago,E-bike,1,255,45,1327,4.5,16167.12,37,18,0.7742,3,1,32.75,Gold
5576,Denver,Car,6,429,36,739,4.15,14757.3,34,15,0.9286,5,3,31.79,Gold
5729,Boston,Car,12,594,28,1489,3.67,9708.03,29,0,0.5714,4,3,35.98,Standard
6341,Denver,Car,10,328,22,1428,3.86,13526.61,32,5,0.6897,2,6,35.31,Standard
6449,Austin,E-bike,10,668,26,765,4.5,14385.88,32,15,0.8148,4,1,31.22,Gold
6536,Denver,Bicycle,11,179,62,1677,4.9,22757.51,23,16,1.0,3,0,27.39,Gold
5267,Chicago,Scooter,6,532,28,1165,4.19,17433.61,44,18,0.8,6,3,30.81,Gold
7252,Austin,Car,9,322,31,647,4.02,12534.9,33,12,0.7931,1,1,31.84,Standard
5706,Chicago,Scooter,12,619,55,1653,4.66,19360.62,27,16,0.92,1,0,29.36,Gold
6391,Denver,Car,5,94,26,1254,4.58,19707.29,29,21,0.92,2,1,24.46,Gold
5810,Seattle,E-bike,6,370,56,752,3.46,4029.76,29,2,0.3684,4,5,41.46,Standard
5221,Boston,Walking,1,519,36,648,4.99,16549.92,25,19,0.9167,1,0,30.4,Gold
5203,Austin,Car,7,617,22,823,4.05,8646.02,30,4,0.72,5,3,36.97,Standard
6876,Boston,Bicycle,5,501,63,134,4.43,11126.69,24,10,0.85,3,3,33.76,Standard
7415,Chicago,Scooter,6,490,21,1470,4.54,18160.13,19,9,0.8889,0,2,30.07,Gold
5922,Seattle,E-bike,11,35,47,493,4.7,14670.89,20,9,0.875,3,2,30.04,Gold
6737,Austin,E-bike,6,392,20,498,4.76,15161.36,29,18,0.9231,2,0,28.87,Gold
6380,Boston,Car,10,684,23,764,3.96,10751.84,29,5,0.7727,3,2,35.23,Standard
5647,Austin,E-bike,3,212,47,1140,4.31,16113.13,36,14,0.8333,8,2,32.03,Gold
7090,Boston,E-bike,2,237,24,541,4.07,9842.99,27,7,0.4545,4,2,36.67,Standard
6656,Austin,Car,8,393,30,656,4.64,12081.46,27,10,0.8261,2,3,36.22,Standard
7235,Boston,Car,5,240,29,1774,4.72,20061.82,34,21,0.8966,3,1,27.26,Gold
7113,Denver,Scooter,3,680,39,973,4.67,19726.59,25,17,0.9,3,1,27.54,Gold
7149,Boston,Bicycle,2,54,36,1232,4.12,12834.02,35,4,0.7917,8,4,34.75,Standard
7190,Denver,Bicycle,9,191,48,1337,4.26,16600.68,34,15,0.7742,1,1,33.56,Gold
7446,Austin,Walking,7,91,35,277,4.44,12255.04,33,12,0.8077,5,4,32.55,Standard
6343,Denver,Car,1,612,27,620,3.84,9943.18,33,2,0.5,3,2,37.39,Standard
6586,Chicago,Car,2,543,24,1501,4.11,15628.35,23,5,0.8889,4,0,35.8,Standard
7313,Boston,Car,5,80,51,295,4.37,11233.2,26,10,0.6957,2,0,32.26,Standard
6848,Seattle,Walking,6,346,18,794,4.32,12806.61,29,13,0.8571,0,0,33.37,Standard
6472,Seattle,Bicycle,4,258,43,1699,4.29,17425.59,24,9,0.7647,6,0,32.88,Standard
6344,Seattle,Car,1,217,41,1168,5.0,19525.12,23,18,1.0,1,2,27.64,Gold
5539,Austin,Car,4,426,18,340,4.18,7857.51,35,5,0.7742,2,5,36.12,Standard
7372,Seattle,Scooter,11,301,30,94,4.1,7813.8,25,4,0.6818,2,0,34.69,Standard
6865,Denver,Bicycle,2,80,21,1543,3.63,10906.72,28,4,0.5,4,2,38.26,Standard
7029,Denver,Scooter,1,672,27,1332,4.8,17135.4,17,6,0.8667,1,0,26.98,Gold
6080,Boston,Bicycle,1,459,27,1591,4.9,21411.09,23,17,1.0,1,0,29.19,Gold
6879,Denver,E-bike,3,188,61,458,3.83,7471.28,28,4,0.6957,2,1,36.44,Standard
7332,Austin,Scooter,3,643,43,1734,4.6,21132.26,32,14,0.9259,2,1,31.46,Gold
6025,Chicago,Bicycle,7,270,61,1054,4.28,12476.02,33,10,0.72,3,3,34.5,Standard
5329,Chicago,E-bike,6,695,35,481,4.59,15153.46,28,18,0.96,3,2,29.78,Gold
6108,Boston,Car,2,401,60,796,4.34,14120.47,19,6,0.6667,1,3,33.44,Standard
6517,Seattle,E-bike,4,494,35,1684,4.63,18737.86,36,23,0.9375,2,1,30.84,Gold
6129,Boston,Car,7,165,19,657,3.89,9444.67,27,4,0.6364,2,4,37.0,Standard
5331,Austin,E-bike,12,294,23,228,4.1,10256.67,24,4,0.7619,2,4,33.06,Standard
6097,Denver,E-bike,5,456,44,33,4.19,8442.28,26,3,0.913,1,3,35.15,Standard
6270,Chicago,E-bike,9,141,38,797,4.77,15599.69,36,23,0.875,3,3,30.61,Gold
5823,Denver,Car,3,604,32,1285,3.88,9749.3,19,1,0.6429,4,4,38.39,Standard
7055,Chicago,Scooter,8,358,61,101,4.32,11629.05,30,13,0.9259,3,2,31.63,Gold
6109,Chicago,Car,5,21,50,295,4.6,12697.33,32,12,0.9286,4,1,32.21,Gold
6535,Chicago,Bicycle,1,429,28,1233,5.0,23129.09,21,20,1.0,0,0,23.82,Gold
6679,Austin,Bicycle,10,156,30,878,4.42,17631.39,34,20,0.9032,2,1,29.14,Gold
5293,Denver,Car,10,524,58,715,4.29,14016.85,29,11,0.88,3,2,32.62,Standard
7122,Denver,Scooter,11,529,39,1139,4.11,11803.58,30,2,0.6111,8,1,,Standard
7128,Seattle,Walking,12,23,36,1501,4.26,12047.97,29,1,0.7273,5,1,,Standard
5201,Denver,Scooter,4,642,28,579,4.17,10432.03,38,6,0.8333,6,1,36.24,Standard
6296,Chicago,Walking,11,576,18,1393,4.23,15169.72,22,5,0.875,4,2,29.32,Standard
6493,Austin,E-bike,10,294,44,320,4.33,7376.93,15,2,0.8182,3,0,34.74,Standard
6430,Boston,Car,4,433,19,516,4.26,10589.6,31,9,0.7917,5,2,35.31,Standard
6070,Austin,Car,12,40,33,659,3.6,9448.93,28,3,0.7778,7,0,38.57,Standard
5317,Boston,E-bike,11,605,42,1495,4.74,20813.75,24,14,0.95,2,0,27.69,Gold
7070,Seattle,Bicycle,7,292,33,518,4.48,10927.42,23,11,0.75,2,1,30.91,Gold
6661,Denver,Car,1,424,50,1548,3.89,12845.36,27,3,0.6875,9,2,34.21,Standard
7498,Boston,E-bike,8,429,49,101,4.68,10774.52,37,18,0.9667,3,1,33.16,Gold
6589,Chicago,Walking,2,19,36,748,4.41,12810.2,25,7,0.7,2,2,32.89,Standard
6290,Seattle,Bicycle,5,135,23,292,3.98,9603.45,27,5,0.7391,2,0,38.69,Standard
5190,Seattle,Walking,3,230,18,199,4.14,7852.13,19,4,0.7143,4,1,30.85,Standard
6184,Austin,E-bike,2,503,50,1575,4.43,19392.01,37,22,0.9375,3,2,29.25,Gold
7219,Seattle,Bicycle,1,347,41,807,4.45,13793.03,33,13,0.88,5,1,33.35,Standard
5022,Chicago,Car,12,637,18,1605,4.22,13635.65,30,4,0.8182,5,3,33.89,Standard
6142,Seattle,E-bike,9,622,31,736,4.5,14083.36,25,12,0.8333,5,0,27.12,Gold
6496,Austin,E-bike,1,403,29,1634,3.42,11067.99,23,0,0.6667,8,1,40.29,Standard
7395,Chicago,E-bike,6,320,51,1169,5.0,21824.95,21,20,1.0,1,0,27.26,Gold
5265,Austin,E-bike,1,76,18,1403,4.49,15963.16,36,11,0.7742,1,1,34.42,Standard
6850,Denver,Car,5,285,21,1549,4.11,16445.25,27,12,0.8,1,1,31.35,Gold
6967,Austin,Bicycle,12,452,54,184,4.25,9454.42,24,6,0.7,2,1,32.67,Standard
6837,Boston,Bicycle,2,416,22,1004,4.2,11574.73,29,7,0.6667,8,3,36.23,Standard
7073,Denver,Scooter,4,452,50,201,4.51,14242.08,25,10,0.913,2,0,29.77,Gold
5612,Boston,Car,3,54,38,1219,3.94,12690.52,24,2,0.7273,6,2,36.99,Standard
5188,Austin,Car,7,390,51,830,4.44,13191.37,27,16,0.75,1,2,34.2,Gold
6235,Seattle,Car,9,370,61,1141,4.18,12240.07,30,4,0.7727,5,0,33.86,Standard
5082,Denver,Car,4,245,39,1596,3.99,14232.43,31,3,0.6957,3,1,35.07,Standard
5980,Denver,E-bike,3,156,57,1118,3.61,9800.48,24,2,0.8125,3,3,37.86,Standard
5842,Seattle,Scooter,11,67,22,383,4.52,15076.59,24,14,0.9545,1,1,27.32,Gold
7462,Chicago,Car,6,342,57,1625,4.54,16302.38,24,5,0.7222,6,3,30.27,Standard
5554,Denver,Scooter,2,43,50,1251,3.96,15183.66,27,10,0.9048,3,2,32.11,Standard
7087,Boston,Scooter,8,587,18,304,3.75,9791.39,26,3,0.6842,4,3,35.93,Standard
6511,Chicago,Scooter,11,360,40,1224,4.53,16422.09,28,9,0.8095,3,2,29.97,Gold
6284,Seattle,Scooter,9,310,24,1102,4.28,12487.76,23,3,0.6667,0,4,37.7,Standard
5801,Seattle,Car,7,126,47,367,3.86,6553.59,24,0,0.4,6,3,34.53,Standard
5389,Austin,Walking,12,360,50,246,4.51,9779.73,28,4,0.8095,4,1,31.93,Standard
5988,Denver,Bicycle,1,488,45,1493,4.6,18182.58,33,9,0.7778,6,0,32.74,Gold
5279,Denver,Car,8,430,48,723,3.98,11832.84,33,10,0.7097,2,3,35.73,Standard
6370,Boston,Car,8,230,63,1201,4.18,11738.32,22,3,0.6923,7,1,35.75,Standard
6263,Boston,E-bike,1,204,58,262,4.84,13756.44,26,11,0.9167,0,2,30.93,Gold
7200,Denver,E-bike,2,644,49,865,4.34,14582.89,23,9,0.6667,2,3,34.55,Standard
7478,Boston,E-bike,2,670,44,893,4.09,13675.39,26,5,0.92,0,3,36.21,Standard
5070,Seattle,Scooter,5,569,51,288,3.57,7541.35,18,1,0.6429,1,0,40.84,Standard
6944,Austin,Bicycle,12,644,44,1741,4.3,19987.99,24,14,0.8636,1,1,31.91,Gold
5152,Chicago,Bicycle,9,420,60,579,3.99,9116.93,27,3,0.6087,2,2,34.07,Standard
6593,Denver,Bicycle,7,23,36,1070,4.71,13371.91,18,6,0.625,1,0,,Standard
6357,Seattle,Car,8,233,47,1676,4.83,17971.79,34,19,0.9032,0,2,29.85,Gold
6902,Denver,Bicycle,3,141,59,188,4.13,9019.7,24,4,0.6842,3,1,33.0,Standard
6610,Boston,Bicycle,1,54,34,972,4.82,17707.78,32,20,0.9643,3,0,27.6,Gold
6244,Boston,Bicycle,7,523,62,1514,4.94,18916.21,33,23,0.931,3,2,26.99,Gold
6433,Austin,Car,11,16,55,1127,3.86,9786.41,29,2,0.7,4,4,36.44,Standard
7280,Boston,E-bike,2,237,26,118,4.35,12161.79,36,22,0.9412,1,1,30.52,Gold
5691,Boston,Bicycle,3,122,61,410,4.52,13278.38,25,10,0.8182,2,2,31.02,Gold
5391,Denver,Walking,7,481,46,296,3.16,6199.91,28,1,0.7222,6,7,37.11,Standard
5540,Chicago,Bicycle,9,649,19,1082,4.98,17254.53,25,18,0.9167,1,2,30.24,Gold
5340,Boston,Car,6,533,63,789,4.29,14349.65,35,15,0.9655,5,3,32.17,Gold
6139,Boston,Bicycle,7,273,49,1110,4.31,15284.39,32,6,0.56,1,2,32.74,Standard
5782,Seattle,Walking,12,265,62,508,4.14,9914.24,28,3,0.7143,6,3,37.29,Standard
6349,Austin,Car,3,77,58,1751,4.83,20717.51,18,15,1.0,1,0,,Gold
6333,Austin,Car,11,625,35,640,4.6,14846.66,24,8,0.95,3,2,30.28,Gold
5098,Denver,Bicycle,11,436,59,635,4.71,16488.13,25,15,0.8696,1,1,30.63,Gold
5041,Seattle,Bicycle,7,338,45,230,3.96,7992.09,25,5,0.8125,4,0,36.02,Standard
7154,Denver,Scooter,11,649,31,583,4.13,12116.66,25,9,0.619,3,2,34.51,Standard
5635,Austin,Scooter,7,304,48,1198,4.31,16239.21,21,10,0.9474,1,0,33.24,Gold
6475,Chicago,Bicycle,6,531,18,154,4.91,16052.11,27,24,0.963,0,2,27.76,Gold
6567,Denver,Bicycle,8,120,23,873,4.39,15054.42,22,15,1.0,1,0,28.42,Gold
6834,Denver,Car,3,309,42,1143,4.19,13148.5,27,6,0.76,1,3,,Standard
5319,Austin,Bicycle,4,174,41,56,4.45,10734.28,47,18,0.973,1,1,31.66,Gold
6923,Austin,E-bike,9,540,50,603,4.03,8229.49,39,2,0.6897,5,3,36.74,Standard
6283,Seattle,E-bike,1,209,54,113,4.43,10495.94,24,10,0.7778,5,0,30.79,Standard
5533,Boston,E-bike,11,379,47,1480,4.44,18706.95,27,14,0.72,2,2,30.27,Gold
6118,Boston,Car,3,64,60,1574,3.93,11600.38,39,4,0.4483,7,9,37.94,Standard
6412,Chicago,E-bike,3,202,54,936,4.81,14803.09,33,18,0.8571,4,0,31.7,Gold
6988,Denver,Bicycle,11,296,39,1476,4.32,13220.57,32,5,0.7692,5,3,35.56,Standard
6201,Denver,Bicycle,3,151,33,550,4.17,11016.09,29,10,0.9048,5,0,,Standard
5984,Boston,Car,8,514,56,1067,4.3,13563.26,23,1,0.8333,0,2,32.26,Standard
6622,Denver,E-bike,7,366,58,541,4.56,12897.93,21,7,0.8824,1,2,30.54,Standard
5676,Boston,E-bike,5,453,20,1251,4.38,13117.15,34,11,0.8966,3,3,,Standard
6223,Chicago,Car,4,131,46,258,5.0,15591.49,26,16,1.0,1,1,28.35,Gold
6934,Seattle,Car,7,58,51,159,4.1,8539.82,36,7,0.75,5,4,39.28,Standard
6487,Denver,Car,5,699,44,491,4.28,12283.92,25,5,0.7619,2,3,32.76,Standard
6968,Chicago,E-bike,10,52,30,184,4.51,11291.74,25,3,0.9524,1,1,32.46,Standard
7421,Chicago,Car,1,34,37,269,4.57,10035.9,37,12,0.7742,3,3,32.05,Standard
6003,Boston,E-bike,1,196,23,549,4.34,9939.27,24,3,0.8889,5,1,33.26,Standard
7063,Denver,Bicycle,3,418,47,1117,4.04,11889.92,31,5,0.6296,2,3,37.84,Standard
5286,Austin,E-bike,7,48,53,1182,4.67,16859.06,28,15,0.84,0,1,,Gold
5129,Seattle,Car,2,237,57,1453,4.45,15033.01,22,5,0.7333,5,2,,Standard
5880,Boston,Scooter,12,684,39,1656,4.83,22205.34,29,19,1.0,3,0,,Gold
6774,Denver,Bicycle,5,656,18,1680,4.77,17799.22,26,14,0.9524,2,0,30.36,Gold
6592,Denver,Walking,10,250,59,439,4.32,11607.54,32,9,0.9091,5,5,33.2,Standard
5664,Denver,Scooter,7,78,52,896,4.66,13206.35,33,11,0.8387,1,0,,Standard
5995,Denver,Bicycle,5,385,48,415,3.89,9481.52,35,3,0.6957,7,2,33.68,Standard
6042,Boston,Car,11,636,49,1128,4.55,15354.3,37,22,0.8214,6,0,30.5,Gold
5941,Chicago,Walking,6,505,63,475,4.23,11057.5,32,4,0.72,3,2,33.87,Standard
5993,Denver,Car,7,15,56,739,3.74,10846.85,31,4,0.7391,5,1,34.97,Standard
5378,Boston,Scooter,3,689,60,1095,4.54,15916.32,20,8,0.8333,1,1,29.33,Gold
6836,Seattle,E-bike,12,434,42,918,5.0,18306.47,29,23,0.9259,2,1,,Gold
6259,Austin,Scooter,8,164,45,443,4.21,11167.56,25,7,0.7,0,1,32.81,Standard
6278,Denver,Bicycle,4,325,57,672,4.81,17482.08,21,17,0.9048,0,2,28.38,Gold
5033,Austin,E-bike,6,104,59,216,4.16,13640.56,20,6,0.7222,1,0,31.91,Gold
7360,Seattle,E-bike,12,70,25,602,3.92,8637.41,36,7,0.75,4,2,34.71,Standard
6053,Boston,Scooter,5,305,29,563,4.62,14616.48,26,18,0.9048,3,0,30.29,Gold
7141,Denver,Bicycle,7,439,18,715,4.43,12138.73,26,5,0.5714,4,2,33.47,Standard
6524,Denver,E-bike,10,380,31,523,3.88,12364.73,25,7,0.913,1,3,35.59,Standard
6457,Austin,Car,7,247,38,1660,3.71,15132.15,20,3,0.75,4,0,35.98,Standard
6560,Seattle,Car,5,197,32,288,4.63,14264.5,29,13,0.9167,4,0,33.02,Gold
7268,Chicago,E-bike,3,691,37,1391,4.05,12863.76,38,7,0.7778,8,3,35.31,Standard
6086,Chicago,Walking,8,417,36,462,3.95,8807.57,39,15,0.6562,4,2,33.12,Standard
6362,Boston,Bicycle,1,492,47,1080,4.5,16040.28,31,15,0.72,4,3,31.88,Standard
5336,Seattle,Car,2,501,47,1517,4.31,15597.76,33,6,0.8261,7,1,37.09,Standard
6778,Seattle,Car,7,518,63,576,4.81,13988.57,35,19,0.8621,4,4,,Gold
6822,Denver,Scooter,12,450,62,1198,3.96,11274.26,33,2,0.6774,1,2,36.19,Standard
6248,Austin,Car,2,635,34,70,4.59,10304.74,29,4,0.7895,4,2,36.97,Standard
6131,Austin,Car,7,275,29,673,4.66,15571.75,28,17,0.7778,1,0,30.18,Gold
5027,Austin,Scooter,12,541,56,1382,4.23,14769.62,29,6,0.7727,3,3,35.1,Standard
7051,Denver,E-bike,7,517,41,1211,4.32,13852.61,29,11,0.7692,0,3,33.8,Standard
5669,Austin,E-bike,3,185,59,62,4.26,8000.55,20,2,0.5385,4,1,36.98,Standard
5484,Boston,Car,6,611,51,385,4.31,11269.66,31,9,0.7391,6,0,35.92,Standard
5678,Boston,Scooter,1,193,32,1778,5.0,22663.11,24,17,0.9091,2,1,27.25,Gold
5069,Chicago,Car,2,215,40,1488,5.0,22491.45,27,22,0.9615,0,0,,Gold
6507,Seattle,Car,6,665,28,443,4.19,9224.77,26,5,0.8889,5,1,32.76,Standard
6026,Boston,Walking,5,253,39,1694,4.43,18776.44,26,13,0.913,3,0,,Gold
5821,Boston,Car,6,451,37,483,3.86,10836.08,21,3,0.8421,1,1,37.88,Standard
6736,Chicago,Scooter,12,402,33,979,5.0,17006.12,34,25,0.9697,0,3,29.26,Gold
6478,Seattle,E-bike,4,455,40,1297,4.59,15397.84,33,14,0.8929,1,0,30.83,Gold
6704,Boston,Car,5,582,55,1762,4.92,17484.8,37,8,0.8621,5,1,34.22,Gold
5687,Austin,Bicycle,5,240,61,1419,4.02,16567.54,33,8,0.8182,9,0,33.07,Standard
5100,Austin,Bicycle,11,16,20,962,4.06,13132.52,24,7,0.7059,5,1,34.72,Standard
6692,Austin,Car,3,230,54,1473,4.6,16156.93,44,12,0.8889,5,3,31.26,Standard
5294,Denver,Bicycle,1,78,32,78,4.58,12962.64,23,12,0.7895,3,0,31.13,Gold
5464,Chicago,Bicycle,2,584,49,529,4.8,17283.82,36,28,1.0,3,2,27.75,Gold
5825,Boston,E-bike,2,433,47,1679,3.98,14478.23,21,7,0.8571,4,2,34.6,Standard
5127,Chicago,Car,5,494,25,1019,4.37,13190.58,34,9,0.7778,6,2,32.46,Standard
6156,Seattle,Car,6,656,44,684,4.12,10932.92,30,3,0.7,6,3,37.61,Standard
6958,Boston,E-bike,4,388,47,342,4.49,12514.16,36,15,0.871,2,2,32.06,Standard
6024,Chicago,E-bike,2,92,39,893,4.62,17394.14,23,12,1.0,2,0,25.61,Gold
6494,Chicago,Car,3,543,47,465,4.59,13761.5,27,13,0.96,1,0,31.5,Gold
5157,Chicago,E-bike,1,262,18,331,4.23,9003.72,26,7,0.7,5,4,37.08,Standard
6558,Austin,Car,2,402,44,76,3.69,5636.88,33,5,0.6154,6,2,38.19,Standard
5770,Seattle,Walking,5,398,21,450,3.88,10292.77,33,5,0.7083,8,1,36.02,Standard
6965,Austin,Walking,3,679,28,456,4.22,13197.3,27,11,0.7917,3,1,30.64,Standard
6091,Denver,Scooter,8,457,63,927,3.73,12354.0,26,6,0.6957,2,1,36.86,Standard
6413,Chicago,E-bike,4,216,38,776,3.6,5740.33,32,2,0.7917,7,4,39.68,Standard
5947,Denver,Car,5,114,51,576,5.0,17770.04,30,16,0.92,4,1,28.6,Gold
6587,Chicago,Scooter,10,409,40,1575,4.54,16588.09,23,9,0.9474,4,0,29.84,Gold
7432,Seattle,Bicycle,12,187,46,1601,4.58,18554.37,22,15,0.9524,1,0,28.9,Gold
7170,Denver,Car,2,146,36,1731,4.29,17715.82,33,11,0.8846,7,4,33.08,Standard
5334,Chicago,Car,4,491,19,713,3.92,9522.06,42,3,0.6875,6,7,36.21,Standard
6031,Austin,Car,2,191,18,1177,5.0,19348.73,33,22,0.9655,3,1,27.26,Gold
6813,Seattle,Bicycle,3,149,53,686,4.79,15178.93,27,11,0.9524,5,1,29.44,Gold
6711,Denver,Bicycle,5,444,40,283,4.26,13037.81,34,16,0.9286,4,0,31.02,Gold
5025,Boston,E-bike,6,98,26,422,4.21,11253.39,28,8,0.619,2,1,34.87,Standard
5508,Seattle,Walking,5,410,43,1089,4.97,18265.33,28,23,0.96,1,0,27.59,Gold
6808,Denver,E-bike,7,441,43,1022,4.85,16110.26,32,17,0.9286,2,1,30.37,Gold
5606,Chicago,Car,5,303,26,1094,4.91,16662.11,30,14,0.9231,3,0,30.22,Gold
5454,Seattle,Scooter,9,67,33,1458,4.64,17731.99,26,15,0.9565,1,0,28.2,Gold
7356,Boston,E-bike,1,625,21,323,3.94,6519.57,37,3,0.6667,8,5,41.16,Standard
5746,Seattle,Car,11,354,21,1274,4.9,21181.64,29,21,0.963,2,0,27.4,Gold
7354,Austin,Walking,1,340,41,435,4.32,13422.92,30,12,0.7391,4,1,32.12,Standard
6617,Chicago,Scooter,12,485,28,1710,3.86,15264.7,33,6,0.72,5,4,35.28,Standard
7105,Boston,E-bike,8,408,40,851,4.32,12383.51,28,8,0.875,3,3,,Standard
6683,Chicago,Bicycle,1,151,61,1194,3.84,11532.38,23,10,0.8333,2,2,36.33,Standard
5226,Boston,Car,5,381,28,1510,4.4,19204.68,35,24,0.9091,2,0,28.02,Gold
6810,Seattle,Bicycle,7,228,54,997,4.21,16167.39,27,9,0.7917,1,1,34.37,Gold
5065,Austin,E-bike,6,543,45,491,4.66,12920.48,32,15,1.0,1,1,31.26,Gold
6010,Chicago,E-bike,3,95,20,918,3.96,12113.47,18,5,0.6667,3,2,,Standard
5044,Denver,E-bike,9,298,56,589,4.55,14863.35,35,18,0.9231,3,3,,Gold
5431,Boston,Scooter,7,108,22,124,4.13,9981.15,30,10,0.64,3,2,36.48,Standard
7012,Seattle,Bicycle,11,567,38,173,4.34,7504.56,40,3,0.8333,7,3,33.95,Standard
7119,Denver,E-bike,4,306,60,1774,4.56,19672.2,30,14,0.9545,5,1,29.79,Gold
5400,Chicago,Walking,10,79,58,535,3.73,8903.51,22,1,0.75,5,4,34.76,Standard
6144,Boston,Car,2,333,50,246,4.35,10431.47,32,7,0.963,4,1,32.61,Standard
5173,Chicago,E-bike,10,651,48,1388,4.74,17651.57,32,22,0.9,1,3,31.55,Gold
6332,Denver,Car,9,430,36,38,4.51,13052.95,35,20,0.931,3,2,28.04,Gold
6352,Austin,E-bike,8,210,42,198,4.48,13584.15,27,14,0.7083,2,0,31.23,Gold
6161,Chicago,E-bike,2,581,36,429,4.1,7917.23,39,6,0.75,3,3,36.79,Standard
6670,Chicago,Car,10,582,21,65,4.61,13592.07,31,25,0.8929,1,0,29.59,Gold
6596,Boston,Bicycle,2,283,49,969,3.97,11755.25,37,9,0.7667,3,1,34.53,Standard
5786,Denver,Car,10,533,46,1033,4.63,11879.24,34,10,0.6,8,1,34.75,Standard
6910,Seattle,Car,8,409,26,318,4.11,10415.13,24,6,0.9,3,1,33.7,Standard
6261,Denver,Car,8,430,20,131,4.08,8171.5,33,4,0.6957,6,2,38.59,Standard
5852,Boston,E-bike,2,83,28,1759,4.43,20307.19,29,16,0.9231,2,4,30.2,Gold
6151,Denver,Car,9,264,37,1501,3.6,10361.13,21,2,0.4,3,2,38.23,Standard
6986,Chicago,Scooter,5,624,44,579,3.84,12441.98,38,8,0.5667,3,4,35.03,Standard
7104,Austin,E-bike,11,667,48,1615,4.26,18953.93,28,8,0.7917,1,0,29.53,Gold
6407,Austin,Walking,4,632,46,603,3.88,8442.53,31,4,0.8182,8,6,35.43,Standard
6823,Chicago,E-bike,11,108,43,398,4.09,10250.59,34,6,0.8,3,3,34.23,Standard
6638,Chicago,E-bike,5,566,23,1514,4.46,13301.4,33,7,0.6538,4,0,35.83,Standard
5038,Chicago,Walking,3,527,36,870,4.39,10463.47,34,7,0.8571,3,0,34.47,Standard
6856,Denver,Car,2,583,22,211,4.7,13692.28,17,10,1.0,3,2,28.89,Gold
5866,Seattle,Walking,6,196,24,166,4.36,9886.01,25,9,0.7273,1,2,34.55,Standard
6630,Boston,Scooter,2,89,39,638,4.85,13203.11,31,13,0.8148,4,0,32.39,Gold
5597,Boston,Car,12,184,28,1485,5.0,19101.36,25,16,0.95,4,0,29.07,Gold
5673,Denver,Scooter,1,143,39,956,4.1,12676.85,31,2,0.8462,3,2,32.26,Standard
7130,Denver,E-bike,9,274,31,1457,4.26,14804.68,29,7,0.6364,7,2,34.12,Standard
6909,Seattle,E-bike,8,43,51,1799,4.49,16882.78,24,7,0.8235,3,0,31.91,Standard
5229,Chicago,Bicycle,10,380,60,178,4.0,7050.89,23,3,0.75,3,1,37.29,Standard
5679,Chicago,Car,7,682,60,510,4.37,10331.36,38,10,0.8621,6,2,34.42,Standard
6714,Austin,Car,3,315,53,169,4.52,10532.13,21,9,0.7368,2,0,33.15,Standard
5996,Denver,Walking,2,290,56,944,4.68,15682.56,31,16,0.8462,1,0,28.22,Gold
5168,Chicago,Bicycle,3,234,47,538,3.97,7517.69,30,0,0.5769,2,4,41.0,Standard
7293,Denver,Bicycle,11,555,31,680,3.92,8327.05,32,3,0.6667,5,4,35.58,Standard
7129,Denver,E-bike,5,696,29,187,4.14,7495.9,25,3,0.7083,1,3,32.62,Standard
5402,Chicago,Bicycle,6,223,23,269,3.93,11352.65,28,6,0.7368,5,1,32.03,Standard
5269,Boston,Car,1,355,50,1788,3.99,15362.34,33,7,0.6667,8,2,31.86,Standard
6984,Denver,E-bike,2,378,33,642,4.4,13194.68,26,11,0.875,1,3,31.65,Gold
6476,Denver,E-bike,10,592,26,1785,3.93,15079.05,26,6,0.7895,3,4,38.53,Standard
6948,Denver,E-bike,5,330,30,485,4.44,14389.59,32,18,0.8387,0,1,30.03,Gold
7494,Chicago,Walking,8,630,43,222,4.42,8973.94,31,8,0.75,3,4,33.14,Standard
5542,Denver,Bicycle,10,221,50,1748,4.37,17295.47,34,11,0.8333,2,5,34.56,Standard
5710,Austin,Scooter,12,235,56,382,3.81,6146.23,28,1,0.5,4,4,38.86,Standard
5366,Chicago,Car,3,187,19,918,4.14,11900.72,27,5,0.8,2,0,33.46,Standard
6883,Denver,Walking,4,122,48,1406,4.79,18236.36,26,16,0.96,0,3,29.01,Gold
6325,Denver,Car,1,576,22,112,4.26,12510.8,28,15,0.8462,0,1,32.97,Gold
5834,Boston,E-bike,6,650,23,634,4.09,10531.12,27,2,0.7273,4,1,34.35,Standard
5518,Seattle,E-bike,6,571,41,958,4.01,12363.77,32,2,0.7059,11,1,36.62,Standard
6498,Denver,Walking,4,559,57,376,4.38,8654.17,27,4,0.6818,4,3,34.53,Standard
5671,Austin,Car,8,549,18,1212,3.98,12432.07,41,7,0.8,6,2,34.3,Standard
6126,Denver,Bicycle,4,329,40,1640,4.07,15759.39,34,10,0.875,8,2,33.61,Standard
7301,Boston,Bicycle,12,554,31,1560,4.47,16576.29,27,10,0.9091,3,1,31.28,Standard
6190,Chicago,Car,1,532,23,639,4.52,14971.92,23,12,0.9091,1,1,28.97,Gold
5028,Seattle,Car,9,280,46,1637,4.43,19586.91,29,12,0.9167,4,2,30.28,Gold
7307,Chicago,Car,4,124,57,895,4.05,11268.66,24,3,0.8667,7,2,32.84,Standard
6084,Seattle,Scooter,6,345,62,796,5.0,18570.9,20,13,1.0,2,1,28.38,Gold
5093,Seattle,Car,12,5,40,387,3.84,7565.62,38,5,0.7143,8,3,37.89,Standard
5123,Seattle,Car,6,395,22,457,3.82,9214.75,31,1,0.6818,4,3,38.3,Standard
5320,Denver,Bicycle,5,548,38,392,4.61,13999.16,22,14,0.9524,1,3,31.88,Gold
5029,Austin,Car,6,81,21,499,4.9,15618.45,26,18,1.0,2,1,30.71,Gold
5969,Chicago,E-bike,4,31,58,1006,4.23,13970.05,30,11,0.7692,2,4,32.11,Standard
5282,Austin,Scooter,5,508,43,1368,4.61,17925.8,22,13,1.0,1,2,30.36,Gold
6864,Denver,Bicycle,4,678,28,1442,4.63,14741.3,19,4,0.9375,2,0,32.28,Standard
5489,Denver,Bicycle,12,40,60,1101,4.75,17351.72,31,20,0.8846,2,3,28.96,Gold
6950,Boston,Car,12,625,25,1685,4.59,19245.48,24,9,0.8571,2,2,31.13,Gold
6094,Boston,E-bike,3,450,51,1085,4.83,15610.61,38,20,0.8824,2,2,31.62,Gold
5375,Austin,E-bike,7,634,42,783,4.79,16575.32,30,17,0.875,2,0,28.8,Gold
5344,Denver,E-bike,1,377,25,1692,4.44,16059.31,20,5,0.7222,0,2,29.91,Standard
5815,Denver,Car,1,418,44,1111,4.16,12320.38,23,5,0.75,3,0,,Standard
7480,Boston,E-bike,10,410,19,414,4.21,12166.78,30,13,0.75,5,1,31.62,Gold
6364,Denver,Car,12,510,29,867,4.45,13227.33,22,5,0.8125,4,1,31.63,Standard
5042,Seattle,E-bike,3,242,52,1554,4.59,17469.96,20,8,0.8421,1,2,31.36,Standard
7467,Chicago,Car,2,361,36,41,4.29,13244.14,37,21,0.9355,5,0,30.89,Gold
5541,Seattle,Walking,9,489,54,262,4.15,9609.79,29,4,0.7619,4,0,35.65,Standard
5141,Seattle,Scooter,5,341,51,847,3.9,9718.45,30,4,0.6667,3,4,36.11,Standard
6675,Seattle,Bicycle,4,303,22,1161,4.04,14174.63,21,6,0.8,4,2,37.65,Standard
5641,Austin,Car,2,526,40,1098,4.5,16075.45,32,20,0.9333,1,1,29.82,Gold
6119,Chicago,Car,8,230,18,966,3.73,11716.16,28,5,0.7368,6,1,36.77,Standard
6903,Chicago,Car,3,202,58,463,4.26,10584.76,28,10,0.9167,0,2,33.39,Standard
7428,Denver,Car,6,415,21,306,4.59,13826.94,19,11,0.8333,0,1,,Gold
5531,Seattle,Car,4,501,49,1482,4.76,17848.75,25,12,0.9091,1,3,29.17,Gold
5401,Chicago,Bicycle,5,61,31,83,3.1,2343.38,22,0,0.7143,7,1,38.54,Standard
6764,Chicago,Car,7,483,25,934,4.17,13742.98,22,5,0.7895,3,3,,Standard
5272,Austin,E-bike,10,643,41,1725,4.88,20606.85,27,15,0.9615,1,0,28.9,Gold
7473,Boston,E-bike,5,434,46,1028,4.13,12781.12,23,8,0.75,3,2,36.28,Standard
5172,Boston,E-bike,11,473,21,692,4.3,12289.17,29,8,0.88,3,3,34.77,Standard
5791,Austin,Car,11,285,58,638,4.33,11219.18,30,5,0.7826,5,0,33.48,Standard
6745,Boston,Car,9,255,57,583,4.6,14131.74,37,14,0.8182,2,1,31.05,Standard
6194,Chicago,E-bike,4,404,43,859,4.0,10725.78,32,3,0.8519,4,2,36.0,Standard
5876,Seattle,Bicycle,7,301,59,1773,4.48,17362.99,33,16,0.8,0,2,33.07,Standard
5694,Seattle,Car,6,332,25,30,4.24,9690.01,27,7,0.7895,6,2,33.05,Standard
6423,Austin,Car,12,520,29,1293,4.25,14174.11,21,1,0.5385,6,2,34.81,Standard
5806,Seattle,Car,6,563,53,1786,4.3,17510.26,21,13,0.7778,3,0,32.52,Gold
6840,Seattle,E-bike,2,324,43,172,4.49,12694.65,32,18,0.7857,2,1,,Gold
5726,Boston,Scooter,5,40,29,125,4.01,11188.97,29,5,0.8,5,2,33.7,Standard
5035,Seattle,Bicycle,8,284,45,1234,4.49,17405.66,22,14,0.85,1,2,27.24,Gold
7210,Boston,Bicycle,8,689,30,324,4.06,9830.54,34,7,0.8696,5,0,35.6,Standard
7068,Boston,Car,4,14,32,1141,4.16,13668.44,28,9,0.7917,2,2,35.92,Standard
6114,Chicago,Car,2,323,39,1450,4.05,18265.36,26,15,1.0,2,1,31.26,Gold
7442,Seattle,Car,2,191,28,606,3.93,11185.62,32,10,0.7241,2,4,34.8,Standard
6152,Chicago,Car,11,8,47,1279,4.83,16571.67,35,15,0.8333,2,0,31.47,Gold
7308,Boston,Car,3,660,24,746,4.75,14736.89,33,15,0.8929,4,2,33.92,Gold
5030,Denver,Car,3,511,49,1018,4.37,16433.61,30,14,0.9259,1,2,31.4,Gold
6397,Denver,Scooter,11,17,44,426,3.91,8163.99,27,2,0.6,3,3,,Standard
6279,Seattle,E-bike,1,85,61,41,4.23,6820.13,24,3,0.619,1,2,37.84,Standard
6682,Boston,E-bike,8,353,47,1759,4.36,19471.09,28,10,0.85,4,1,29.24,Gold
6409,Austin,Bicycle,3,142,36,1082,4.11,14510.87,27,10,0.8696,4,1,33.58,Standard
7177,Denver,Bicycle,9,565,52,106,4.88,16936.79,26,22,1.0,2,0,26.29,Gold
5725,Seattle,Bicycle,7,141,53,1416,4.41,14982.59,28,4,0.65,4,1,35.22,Standard
6100,Denver,Bicycle,6,83,19,366,4.06,12707.93,36,9,0.7586,2,4,33.37,Gold
7028,Boston,Car,8,698,18,1471,4.47,15945.25,29,12,0.8,2,2,33.09,Standard
5013,Boston,Scooter,8,79,50,477,3.65,7309.26,21,1,0.8,3,4,38.18,Standard
6167,Boston,Walking,6,535,45,1612,4.26,12776.66,16,2,0.7273,2,0,33.86,Standard
6519,Austin,Bicycle,5,481,57,37,3.83,7890.76,25,5,0.85,4,2,35.89,Standard
5920,Austin,Walking,2,254,20,171,4.32,8228.47,19,5,0.5625,3,1,32.6,Standard
6125,Seattle,E-bike,5,427,34,1634,4.51,20471.32,25,15,0.9565,1,0,30.1,Gold
6078,Chicago,Bicycle,9,130,29,1699,4.47,19049.83,38,25,0.9118,2,2,31.03,Gold
5442,Chicago,Car,10,522,39,739,4.68,16081.49,27,22,0.963,0,0,27.68,Gold
5214,Austin,Scooter,9,132,30,708,4.34,12176.23,28,5,0.6667,6,1,33.47,Standard
7456,Seattle,Car,8,133,24,408,4.16,12000.6,35,12,0.8276,4,4,32.69,Standard
6993,Boston,Scooter,12,542,26,650,4.65,11964.47,25,7,0.7895,5,1,33.83,Standard
6849,Austin,Scooter,12,470,33,1214,4.61,18170.36,24,12,0.8824,5,1,30.15,Gold
6221,Denver,Walking,2,26,39,1234,4.42,14708.7,24,11,0.8421,2,0,32.56,Standard
6001,Denver,E-bike,6,689,55,296,4.63,15766.22,20,16,1.0,0,0,29.02,Gold
5997,Denver,Bicycle,9,325,40,301,4.1,10671.17,37,16,0.7812,3,0,32.73,Standard
6960,Boston,Car,6,698,20,286,4.21,8959.34,29,6,0.7895,8,2,32.31,Standard
7080,Boston,Car,11,684,41,810,3.93,11186.58,34,3,0.5556,5,3,36.01,Standard
6631,Austin,Car,4,154,57,1165,4.14,12777.8,26,5,0.9048,3,2,30.66,Standard
6844,Seattle,Bicycle,10,375,23,1482,4.22,13493.93,29,8,0.7391,5,0,33.57,Standard
7001,Denver,Scooter,11,543,19,1153,4.41,12559.17,34,3,0.6364,6,2,36.3,Standard
7278,Austin,E-bike,12,28,57,708,4.56,16860.58,34,17,0.9032,1,3,29.93,Gold
5741,Boston,Car,2,469,25,584,3.86,6319.6,39,3,0.7778,6,3,39.32,Standard
7475,Austin,E-bike,12,429,36,1156,3.9,10417.96,22,1,0.6667,4,0,37.38,Standard
5346,Austin,Car,10,462,54,767,4.67,14250.36,28,13,0.913,3,1,29.97,Gold
5270,Boston,Car,8,48,59,1087,4.04,12982.12,35,5,0.7333,5,2,,Standard
6338,Austin,Car,6,599,43,457,4.27,10832.7,24,11,0.75,2,2,31.33,Standard
6335,Boston,Car,7,491,54,1450,3.76,13380.0,21,3,0.6875,4,1,37.5,Standard
6710,Chicago,Car,7,380,49,1635,3.78,13097.74,31,3,0.5238,6,3,33.53,Standard
5085,Denver,E-bike,5,107,40,1438,4.42,17906.53,27,14,0.8696,2,0,28.6,Gold
7181,Boston,E-bike,3,403,29,845,4.68,13665.45,29,13,0.875,3,3,32.44,Gold
6300,Denver,Bicycle,1,292,45,613,4.34,11698.27,32,7,0.75,7,1,33.03,Standard
6619,Denver,Bicycle,6,332,58,634,4.93,15507.33,25,19,0.9565,1,1,28.97,Gold
6520,Seattle,Scooter,6,257,32,344,4.44,13532.72,31,17,0.963,1,2,26.55,Gold
5924,Seattle,Car,10,381,18,1744,4.06,12522.23,28,6,0.7826,2,1,34.15,Standard
7250,Austin,Car,12,438,49,541,3.56,9519.68,25,5,0.619,4,3,38.08,Standard
6393,Austin,Bicycle,4,294,58,1042,4.05,11816.05,24,4,0.5294,4,2,36.61,Standard
6008,Austin,Car,5,413,25,1551,4.49,18788.05,22,6,0.7778,2,0,29.32,Gold
7179,Boston,E-bike,8,177,26,225,4.19,11416.27,24,8,0.7391,1,0,31.44,Standard
5217,Denver,Walking,5,352,29,613,4.18,9323.19,32,8,0.72,5,1,35.88,Standard
6894,Seattle,E-bike,10,551,62,1618,4.65,19064.54,30,12,0.875,5,1,31.82,Gold
7348,Denver,E-bike,8,505,48,236,4.03,8949.13,23,6,0.8333,4,2,34.58,Standard
5405,Boston,E-bike,2,339,27,393,3.84,8720.54,29,8,0.8182,6,3,34.71,Standard
5819,Denver,Car,3,653,30,1373,4.54,19255.48,30,18,0.8462,4,4,28.05,Gold
7483,Seattle,Scooter,3,342,47,893,3.82,10074.68,32,1,0.6364,7,6,34.8,Standard
6943,Seattle,Walking,1,200,51,303,4.14,8775.06,28,4,0.65,6,1,34.77,Standard
6562,Boston,E-bike,9,549,57,473,4.74,14799.98,25,16,0.96,0,0,29.83,Gold
7471,Seattle,Car,1,653,42,1274,4.6,15486.99,26,4,0.7727,1,1,30.24,Standard
5175,Seattle,E-bike,10,601,41,490,4.44,12612.87,35,7,0.7778,1,1,31.68,Standard
5986,Austin,Car,5,295,36,1012,5.0,16437.14,28,15,0.875,3,0,28.08,Gold
5130,Boston,Bicycle,5,113,52,1258,3.8,13324.32,34,4,0.8696,9,2,35.77,Standard
5972,Boston,E-bike,3,409,24,1646,4.21,15852.58,29,10,0.7407,1,0,34.23,Standard
6276,Denver,E-bike,12,650,55,788,4.69,16666.06,34,13,0.8667,1,1,29.44,Gold
5512,Austin,Bicycle,12,560,26,1759,5.0,21598.36,21,16,0.9412,2,0,25.88,Gold
6574,Chicago,Car,1,536,26,460,4.36,11207.01,34,14,0.6429,4,1,30.34,Standard
5577,Austin,E-bike,1,101,20,465,4.61,13221.8,31,18,0.8966,1,1,30.07,Gold
5872,Seattle,Bicycle,1,243,42,1673,4.43,15447.92,25,10,0.9048,3,1,35.61,Standard
5476,Boston,Bicycle,6,693,40,348,4.34,9488.93,31,7,0.6957,4,0,33.95,Standard
7157,Denver,Walking,11,541,20,942,4.56,15600.41,26,12,0.8421,7,1,32.68,Gold
5776,Denver,Car,6,334,34,528,4.87,17477.28,24,17,0.95,3,2,27.56,Gold
6322,Austin,E-bike,9,484,43,417,4.53,13613.51,32,14,0.8276,2,1,29.64,Gold
6748,Seattle,E-bike,2,542,61,1317,4.08,16531.85,33,12,0.68,6,4,33.4,Standard
5498,Boston,Bicycle,11,292,59,1526,3.93,15048.59,28,10,0.76,1,3,33.11,Standard
6101,Boston,Bicycle,9,649,38,1107,4.11,15426.55,31,8,0.8519,2,3,33.51,Standard
6234,Austin,Bicycle,10,189,41,760,3.92,12167.54,19,4,0.7333,1,2,35.6,Standard
5259,Austin,Car,4,278,29,547,4.72,13937.83,22,14,0.9,0,3,30.51,Gold
6932,Austin,Car,11,684,46,1018,4.5,13820.25,24,9,0.85,3,1,33.1,Standard
5843,Boston,Bicycle,2,247,44,567,3.5,6508.96,29,2,0.8421,6,2,,Standard
7016,Austin,Scooter,1,363,38,989,4.25,12949.74,28,9,0.6667,3,2,34.12,Standard
6712,Seattle,Scooter,4,198,35,371,3.93,7083.23,30,3,0.7,7,1,36.58,Standard
6551,Seattle,Scooter,4,349,60,956,4.47,14586.43,27,6,0.7391,4,3,31.45,Standard
5646,Seattle,Bicycle,6,291,60,735,4.47,15878.47,30,19,0.8519,0,1,26.9,Gold
6241,Austin,E-bike,10,276,31,360,4.01,9990.84,26,4,0.7083,2,2,37.57,Standard
6935,Chicago,Bicycle,7,548,30,270,4.11,11138.97,32,3,0.8333,6,2,31.66,Standard
5457,Austin,Scooter,6,587,50,1206,3.7,10397.91,36,2,0.6538,5,4,37.72,Standard
5901,Austin,E-bike,5,659,50,844,4.33,13606.67,35,6,0.871,1,3,32.77,Standard
5151,Seattle,E-bike,10,311,36,494,4.35,13705.73,27,11,0.8636,4,1,27.98,Gold
7342,Austin,Car,3,565,32,1543,5.0,21038.5,25,21,0.92,0,0,25.88,Gold
6538,Austin,Bicycle,12,190,45,728,4.14,12696.58,30,6,0.7619,7,2,34.65,Standard
6820,Denver,Car,3,309,53,1215,4.0,12604.66,24,4,0.7,1,1,38.46,Standard
7023,Denver,Car,10,503,61,731,4.08,10573.82,29,7,0.8261,3,1,,Standard
5466,Boston,Walking,11,106,18,1550,4.38,18707.15,30,12,0.8696,4,3,30.1,Gold
5530,Seattle,Walking,2,209,25,1313,3.73,11695.79,36,7,0.75,6,5,35.35,Standard
5251,Chicago,Scooter,11,343,48,894,4.94,17928.4,26,19,0.875,0,1,29.58,Gold
6027,Austin,Car,7,592,54,1658,4.05,13049.27,34,9,0.8077,5,1,36.75,Standard
7014,Austin,E-bike,10,610,20,1608,4.04,16619.18,30,6,0.64,2,1,35.61,Standard
5552,Seattle,Car,12,616,49,1789,4.03,15634.46,41,11,0.7714,6,2,34.25,Standard
7271,Austin,Bicycle,7,402,59,1378,4.06,12374.93,19,5,0.7059,2,1,35.08,Standard
6626,Seattle,Bicycle,3,191,60,1697,4.49,15080.82,25,4,0.7273,2,2,32.85,Standard
6367,Chicago,Scooter,3,394,37,473,4.7,12738.14,33,17,0.7931,4,3,30.82,Gold
6447,Chicago,Walking,10,246,40,1540,5.0,24389.76,33,24,0.9643,4,0,24.4,Gold
7359,Austin,Scooter,7,375,26,727,4.28,13661.63,28,12,0.84,2,1,36.05,Standard
5136,Seattle,Car,2,549,36,1145,4.02,11993.01,34,7,0.8333,4,1,33.07,Standard
5829,Chicago,Scooter,2,230,39,505,3.99,9071.63,33,3,0.75,4,6,35.45,Standard
5860,Chicago,Scooter,11,468,44,1606,4.17,14294.3,29,8,0.6957,3,3,32.88,Standard
5316,Seattle,Car,1,197,48,1399,4.09,14981.41,31,15,0.8,4,3,33.13,Standard
7393,Denver,E-bike,1,676,19,1016,4.44,12752.09,30,8,0.8182,5,1,32.36,Standard
7003,Denver,E-bike,12,386,44,713,4.46,13638.81,20,7,0.875,3,0,34.06,Standard
6838,Chicago,Car,5,334,56,1669,4.98,18201.9,28,14,0.8696,4,1,30.64,Gold
5566,Denver,Walking,9,439,26,683,4.47,10972.07,22,11,0.8421,2,4,34.14,Standard
6428,Denver,Scooter,8,205,62,194,3.78,7377.44,28,2,0.8235,5,0,33.94,Standard
6117,Austin,Walking,7,649,54,1230,4.7,17095.11,28,8,0.913,4,0,29.68,Gold
5604,Seattle,Bicycle,12,130,30,277,4.19,11587.46,17,5,0.6667,3,1,33.87,Standard
6172,Boston,Bicycle,12,145,61,768,4.09,10482.75,34,7,0.7241,4,2,35.71,Standard
6328,Boston,Car,11,168,56,638,4.93,16826.31,26,20,0.88,1,1,30.24,Gold
7135,Austin,Bicycle,12,262,34,1574,4.51,17202.07,25,11,0.9474,3,2,30.48,Gold
5925,Denver,E-bike,7,466,19,898,4.24,13939.64,26,3,0.8333,6,0,34.69,Standard
6410,Chicago,Car,1,532,25,1700,4.1,13334.35,33,1,0.6,7,3,38.44,Standard
6862,Boston,Scooter,11,511,35,1535,4.42,15925.82,22,4,0.8824,4,1,35.71,Standard
6007,Denver,E-bike,3,610,30,168,4.11,11489.18,25,5,0.85,4,2,36.38,Standard
7114,Austin,Bicycle,6,324,26,271,4.66,10419.83,26,8,0.7727,3,2,29.15,Gold
6706,Boston,Car,3,314,54,1638,5.0,18833.95,18,9,0.8,2,2,27.65,Gold
5592,Denver,E-bike,2,403,56,47,4.24,11674.18,30,11,0.72,2,0,31.18,Gold
5659,Seattle,Car,7,367,63,462,4.43,10515.93,23,7,0.7895,1,1,32.38,Standard
5932,Chicago,Scooter,8,173,32,1775,5.0,20187.83,27,15,1.0,2,1,29.05,Gold
5411,Boston,Scooter,11,640,22,600,4.12,9781.39,30,6,0.56,4,3,32.63,Standard
5288,Seattle,Scooter,3,585,21,1306,3.81,14303.68,34,5,0.7857,3,1,34.06,Standard
5363,Austin,Car,4,344,41,1504,5.0,22401.85,32,31,1.0,0,0,22.11,Gold
6303,Austin,Bicycle,11,181,46,1700,3.94,15599.81,33,4,0.7857,3,1,34.32,Standard
5642,Seattle,Bicycle,12,594,56,645,4.03,14182.42,29,21,0.8214,1,2,28.85,Gold
7413,Boston,Walking,1,512,63,680,4.4,12506.64,36,12,0.8571,4,5,,Standard
6077,Austin,E-bike,11,292,57,629,4.14,10410.64,16,1,0.6667,2,2,32.81,Standard
5601,Denver,E-bike,4,28,45,1645,3.69,10675.82,28,1,0.5556,6,0,38.54,Standard
7112,Seattle,Car,5,562,55,1762,4.99,20872.31,23,17,0.9545,1,1,29.72,Gold
5434,Boston,Bicycle,9,437,63,1350,3.88,11584.04,29,2,0.6154,1,3,37.77,Standard
7152,Denver,Car,8,250,30,679,4.57,12390.9,26,8,0.8947,7,3,33.39,Standard
5636,Denver,Car,12,342,25,507,4.58,13950.5,33,16,0.8214,2,1,33.12,Gold
5500,Chicago,E-bike,12,690,25,985,3.88,12769.26,26,11,0.8696,2,2,33.82,Standard
6006,Chicago,Bicycle,8,119,34,905,3.97,13036.83,31,4,0.7143,4,3,33.83,Standard
5750,Chicago,Car,9,208,22,1442,3.73,9592.59,26,2,0.4762,3,4,42.5,Standard
6429,Denver,Car,2,151,20,314,4.36,9603.31,29,12,0.9,4,3,32.19,Standard
6123,Chicago,Car,4,458,60,764,4.39,14175.18,25,11,0.8947,3,0,30.98,Gold
6681,Austin,Walking,12,146,29,1330,4.42,20725.85,31,23,0.9333,0,0,,Gold
5689,Austin,E-bike,8,567,49,1054,3.91,14328.91,14,4,0.8182,1,2,35.16,Standard
6512,Chicago,Scooter,9,268,62,1583,4.48,17475.12,26,11,0.88,0,3,31.5,Standard
6880,Austin,Bicycle,10,202,36,293,3.85,9744.31,20,4,0.875,3,2,32.27,Standard
5748,Chicago,E-bike,4,198,41,1062,3.68,11786.76,33,3,0.6818,8,3,35.86,Standard
6674,Boston,Bicycle,7,498,55,1720,3.98,14547.62,28,2,0.6818,5,4,35.98,Standard
5427,Denver,Car,12,478,23,1465,4.21,14940.54,27,2,0.6364,3,4,31.92,Standard
5254,Seattle,Car,7,14,60,1589,3.95,11997.48,25,0,0.625,5,2,37.45,Standard
6385,Denver,Scooter,8,415,27,1099,4.16,16456.71,38,13,0.9032,5,3,32.19,Standard
7302,Seattle,Car,12,689,51,1764,4.29,18811.84,28,13,0.76,2,3,31.41,Gold
5621,Chicago,Bicycle,9,293,45,1677,3.98,15860.87,24,4,0.8889,4,2,31.65,Standard
5623,Denver,Car,4,396,27,1597,4.34,17603.85,33,16,0.8,3,4,31.54,Standard
6204,Boston,E-bike,8,621,27,32,3.65,1882.09,27,2,0.8571,3,2,39.31,Standard
6851,Denver,Car,8,391,27,196,4.18,9143.82,31,8,0.6667,1,1,36.2,Standard
6805,Austin,Car,2,596,24,1586,5.0,24409.53,36,29,1.0,4,0,24.48,Gold
6835,Chicago,Car,8,235,42,1773,3.89,14523.29,32,1,0.6818,7,1,36.14,Standard
5930,Austin,E-bike,7,331,21,640,4.83,13412.77,20,5,0.6923,3,2,31.24,Gold
7232,Denver,Car,8,153,30,1706,4.52,17507.53,27,11,0.913,1,0,32.14,Gold
5655,Boston,E-bike,3,527,33,129,3.94,9861.99,23,6,0.6875,5,1,36.77,Standard
6454,Austin,Bicycle,8,694,48,361,4.71,11441.57,31,12,0.8462,3,4,30.9,Standard
5349,Chicago,Scooter,6,324,56,1520,4.17,15102.83,26,4,0.7222,6,1,37.71,Standard
7136,Seattle,Car,12,577,43,47,4.37,8589.98,35,4,0.7857,3,2,34.4,Standard
5620,Chicago,Car,12,482,24,1728,3.99,13954.3,27,5,0.7727,3,4,33.82,Standard
6733,Seattle,E-bike,10,125,53,461,3.94,8750.74,20,7,0.7333,3,2,,Standard
5836,Austin,Bicycle,2,509,32,1344,4.74,17479.49,26,16,0.9583,2,0,28.6,Gold
6174,Seattle,Scooter,10,5,50,564,4.09,11319.81,25,8,0.8421,4,4,32.61,Standard
6956,Chicago,E-bike,9,349,40,50,4.68,9043.7,24,8,0.9091,1,2,30.74,Standard
5677,Seattle,E-bike,11,558,55,114,4.44,8374.3,21,3,0.9412,2,1,30.84,Standard
7455,Chicago,Bicycle,7,564,62,1206,4.59,12798.49,24,9,0.8,1,1,33.53,Standard
5326,Seattle,Car,10,23,41,1139,4.69,16387.0,39,27,0.9697,5,1,29.38,Gold
5524,Chicago,Bicycle,3,294,37,1654,4.66,19540.95,35,22,0.9677,3,0,29.64,Gold
7333,Denver,Scooter,5,364,42,530,3.56,5809.01,24,0,0.5385,7,1,37.71,Standard
7465,Seattle,Car,8,475,37,372,3.42,5598.0,29,1,0.7647,6,3,40.81,Standard
5220,Boston,Scooter,2,174,40,128,3.97,7709.53,28,2,0.6364,3,1,35.02,Standard
7405,Seattle,E-bike,8,629,51,1075,4.91,18439.22,31,19,0.9286,3,3,30.49,Gold
6017,Chicago,Scooter,5,408,24,91,3.62,5819.61,24,0,0.6923,6,1,41.22,Standard
7246,Boston,Scooter,3,444,48,176,4.31,8914.96,30,7,0.84,3,2,34.25,Standard
5207,Austin,E-bike,1,524,52,427,3.67,5251.48,24,0,0.3846,2,5,40.31,Standard
6217,Austin,E-bike,5,52,29,169,4.52,11723.01,28,12,0.88,0,2,31.89,Gold
5696,Austin,Car,3,423,56,1138,4.06,12210.98,27,6,0.7619,4,4,36.48,Standard
5502,Boston,E-bike,9,152,55,1143,4.31,13731.55,32,11,0.8519,3,4,34.69,Standard
6907,Seattle,E-bike,9,173,43,1234,4.66,16862.96,23,14,0.9091,1,0,30.1,Gold
6739,Boston,Car,3,163,63,532,4.87,12543.54,24,3,0.8889,3,3,30.86,Standard
6046,Denver,E-bike,6,487,19,1726,4.34,14547.55,36,8,0.75,6,0,35.05,Standard
5940,Denver,E-bike,6,691,39,1596,4.73,16295.53,36,13,0.8,8,2,31.99,Gold
5965,Chicago,Scooter,1,557,22,795,4.72,15147.88,27,17,0.96,2,3,30.14,Gold
6207,Chicago,Scooter,2,555,55,415,4.91,15979.5,26,19,0.8846,0,2,30.88,Gold
6211,Denver,Bicycle,4,193,62,789,4.89,15158.71,28,16,0.84,3,2,28.03,Gold
7172,Seattle,E-bike,12,46,55,507,4.35,12424.24,33,10,0.9259,4,1,30.81,Gold
5477,Denver,E-bike,1,580,36,895,4.68,16326.6,24,14,0.9,1,1,33.51,Gold
7163,Chicago,Car,7,559,51,1651,4.24,17868.49,35,11,0.8462,6,4,32.63,Gold
5473,Austin,Car,8,420,33,721,4.61,12762.84,33,6,0.7778,2,1,33.37,Standard
5702,Chicago,Scooter,10,236,23,835,4.66,18125.65,33,25,0.9667,2,0,27.88,Gold
5333,Chicago,Bicycle,11,145,43,1198,4.25,14964.69,19,11,0.8824,1,0,29.5,Gold
7155,Denver,Scooter,3,694,46,908,4.16,9608.21,22,5,0.8,4,2,33.61,Standard
6747,Austin,Car,12,370,33,1634,4.53,17207.01,31,10,0.8696,6,2,32.62,Gold
6150,Chicago,Scooter,12,681,33,1415,4.23,13064.5,30,5,0.7778,3,4,,Standard
6928,Denver,Car,9,292,20,253,4.26,10422.17,22,5,1.0,3,1,35.4,Standard
6896,Chicago,Car,6,89,36,392,4.31,12750.17,34,9,0.72,5,2,30.54,Gold
6548,Seattle,Walking,3,191,21,1157,4.38,12745.14,30,11,0.8889,2,1,32.77,Standard
6611,Boston,Car,4,327,30,292,4.35,11764.49,26,9,0.9091,4,1,35.34,Standard
5505,Denver,Walking,11,167,55,239,4.07,10579.09,31,8,0.7391,5,1,33.03,Standard
7322,Seattle,Car,11,405,43,520,3.99,9051.47,33,3,0.7692,5,7,36.19,Standard
5358,Boston,E-bike,10,265,38,835,4.25,13966.39,24,6,0.9524,1,3,32.03,Standard
5036,Denver,Car,9,49,28,1714,4.14,12728.84,26,1,0.6667,5,2,33.94,Standard
7404,Seattle,E-bike,10,611,39,1557,4.57,17621.86,28,13,0.8148,1,0,31.44,Gold
6781,Chicago,E-bike,5,561,52,1536,4.17,15484.26,25,11,0.8095,3,1,32.37,Standard
7075,Boston,Bicycle,12,175,20,240,4.25,10303.89,25,4,0.7368,4,1,33.86,Standard
5514,Chicago,E-bike,4,408,32,835,4.14,13395.3,29,5,0.8696,6,4,,Standard
6093,Boston,E-bike,5,635,39,300,4.23,9423.62,31,8,0.5417,3,0,34.89,Standard
6990,Chicago,Walking,9,159,44,1422,4.6,16424.44,32,7,0.88,6,2,,Gold
5952,Boston,Car,12,419,20,1395,3.98,15761.06,28,4,0.9091,4,2,34.12,Standard
5844,Denver,E-bike,3,114,40,1062,4.84,19236.67,30,15,0.9583,5,2,29.29,Gold
6740,Denver,Scooter,2,419,49,1418,4.95,19421.49,21,17,1.0,0,2,23.39,Gold
6477,Chicago,Car,2,312,34,1615,4.71,20343.78,32,23,0.9655,1,0,26.09,Gold
5499,Austin,Bicycle,9,257,48,451,4.17,13794.14,32,18,0.9231,4,2,,Gold
6206,Boston,E-bike,6,592,33,45,3.95,9932.1,37,7,0.8276,2,1,33.81,Standard
5751,Denver,Scooter,3,76,57,323,4.49,14768.62,23,16,0.8,3,0,27.34,Gold
6374,Boston,Car,12,218,32,1724,3.94,13759.95,40,2,0.4583,7,1,38.4,Standard
5246,Boston,Bicycle,10,423,44,1314,4.71,15601.97,25,16,0.9565,1,1,28.75,Gold
6065,Denver,Car,4,133,61,446,3.74,8974.99,31,7,0.5417,4,2,36.43,Standard
6245,Austin,Walking,8,388,28,713,3.88,9947.84,23,3,0.6842,2,0,,Standard
5779,Austin,E-bike,11,416,21,946,4.7,17094.32,21,16,0.9,1,0,28.15,Gold
6138,Chicago,Car,3,423,30,619,4.79,14798.6,27,21,0.9259,0,1,30.83,Gold
6043,Chicago,E-bike,6,142,60,945,4.73,15572.48,44,21,0.8611,1,0,30.66,Gold
5185,Seattle,Car,9,141,31,399,4.27,12199.44,25,8,0.8571,3,2,31.72,Gold
5896,Denver,Walking,7,674,43,452,4.3,10933.64,25,7,0.6842,5,3,33.29,Standard
7312,Chicago,Car,6,522,42,1271,4.4,15920.26,18,4,0.8667,2,2,34.31,Standard
6435,Chicago,Scooter,11,54,20,1637,4.74,17680.9,30,15,0.7308,3,2,31.8,Gold
5936,Boston,Car,3,397,41,1307,4.11,12784.3,27,5,0.6667,4,3,33.26,Standard
5087,Austin,Car,11,40,31,533,4.23,14832.89,27,7,0.9167,2,4,31.07,Gold
6112,Denver,Scooter,6,563,28,165,4.89,11187.38,34,16,0.8966,2,2,29.48,Gold
6987,Denver,Walking,7,144,51,1135,3.83,9548.47,21,1,0.9167,6,1,37.62,Standard
6107,Chicago,Scooter,6,44,41,1445,4.0,15634.53,30,10,0.9231,3,3,,Standard
7027,Denver,E-bike,9,337,32,1619,4.15,14995.81,30,4,0.6957,4,3,33.71,Standard
5460,Chicago,Car,9,77,63,896,4.68,15698.05,31,11,0.84,4,1,31.04,Gold
5619,Denver,Scooter,8,114,46,1057,3.93,11734.79,33,3,0.8182,8,3,36.65,Standard
6576,Chicago,E-bike,6,468,45,1267,4.38,17521.48,22,14,0.8,1,0,30.51,Gold
7204,Austin,Bicycle,4,335,56,1544,4.42,15427.94,26,8,0.9,5,2,32.7,Standard
5784,Seattle,Scooter,5,160,47,251,4.0,8026.45,28,7,0.8,4,0,36.02,Standard
7423,Austin,Scooter,2,147,39,331,3.86,9777.76,33,4,0.68,7,5,34.58,Standard
5672,Boston,Scooter,3,118,26,99,4.63,12062.59,32,19,0.7857,2,2,27.83,Gold
5395,Seattle,Car,9,484,57,510,3.41,5240.52,26,0,0.5625,4,3,39.73,Standard
6396,Austin,Car,5,381,18,817,4.36,15451.87,40,17,0.8286,3,3,31.07,Gold
7214,Chicago,Bicycle,2,564,47,805,4.83,17765.44,30,28,1.0,1,2,28.79,Gold
5594,Austin,Car,3,552,39,1574,4.44,19125.87,21,10,0.8889,3,2,33.73,Gold
7045,Austin,Car,11,115,54,553,4.03,10506.94,27,6,0.7143,5,1,33.11,Standard
6267,Boston,Car,6,264,20,1369,4.36,14685.45,40,11,0.8667,5,2,35.83,Standard
5613,Boston,Scooter,8,174,37,1260,4.25,16213.17,22,10,0.9474,1,0,32.41,Standard
5767,Austin,Bicycle,12,191,35,1535,4.67,20156.91,34,27,0.871,2,0,28.46,Gold
7318,Austin,Scooter,3,339,19,1703,4.35,17928.05,23,6,0.7368,3,1,,Standard
5260,Chicago,Scooter,9,437,51,1768,3.93,15861.75,34,7,0.7143,5,0,,Standard
7225,Seattle,Car,1,292,29,1028,4.59,16035.56,33,11,1.0,1,2,32.13,Gold
6673,Boston,E-bike,6,273,35,1546,4.23,19273.55,34,22,0.9688,2,3,28.42,Gold
6295,Denver,Scooter,12,266,42,975,4.15,11730.57,34,2,0.6667,5,4,,Standard
5977,Seattle,E-bike,2,486,43,74,4.46,11663.97,28,15,0.8333,2,0,31.03,Gold
6999,Chicago,Bicycle,2,83,60,1405,3.66,10233.27,30,0,0.6667,4,3,39.98,Standard
5398,Chicago,E-bike,7,296,51,1600,4.36,16526.78,32,11,0.963,1,2,33.43,Standard
6106,Denver,Car,1,305,38,909,3.62,7750.42,28,3,0.8182,6,2,37.2,Standard
5760,Boston,Bicycle,7,322,44,1509,3.86,14213.75,26,7,0.6818,1,1,35.23,Standard
5300,Austin,Bicycle,10,519,49,1448,3.9,13559.91,32,8,0.5714,2,2,34.14,Standard
6141,Denver,Walking,12,616,47,463,4.47,10158.39,26,8,0.9091,3,2,34.03,Standard
5345,Boston,E-bike,10,545,43,1767,4.11,16488.1,17,6,0.6667,4,0,33.05,Gold
6575,Austin,Scooter,9,571,46,885,4.43,14284.35,35,10,0.9167,7,1,30.8,Gold
5792,Boston,Bicycle,10,272,57,1375,4.02,15134.49,24,6,0.9412,4,1,35.96,Standard
5195,Seattle,Walking,9,660,23,1538,4.16,16277.03,27,11,0.8421,2,2,32.79,Standard
7025,Seattle,E-bike,6,498,63,625,4.34,11236.85,25,5,0.7059,4,1,35.06,Standard
6446,Austin,Bicycle,1,139,40,1265,3.79,8832.64,36,1,0.4815,5,6,37.81,Standard
5179,Austin,E-bike,11,654,27,666,3.78,8371.7,23,5,0.6667,3,2,,Standard
7034,Seattle,E-bike,8,462,40,1312,3.51,10094.25,19,1,0.7143,3,2,38.03,Standard
5877,Seattle,Walking,11,194,33,850,3.89,9962.85,29,4,0.6522,3,3,38.07,Standard
7461,Denver,Car,8,169,56,1117,4.72,16024.74,18,8,0.8667,2,1,32.19,Gold
7325,Austin,Walking,4,431,63,1192,4.83,21135.82,32,26,0.9667,2,0,26.74,Gold
7477,Denver,Scooter,7,679,48,501,4.08,10410.34,32,11,0.8621,2,3,32.68,Standard
6845,Denver,Car,12,186,57,436,3.57,6266.46,34,1,0.8333,6,2,38.07,Standard
5654,Austin,Car,3,273,59,706,4.37,15049.17,32,17,0.75,6,3,30.19,Standard
6684,Denver,Car,10,429,31,973,4.76,16516.98,37,26,1.0,4,2,29.75,Gold
5169,Chicago,Bicycle,11,177,39,905,4.41,14217.35,23,7,0.7778,2,2,34.01,Standard
5117,Denver,Car,8,550,35,424,4.98,17446.33,31,25,1.0,1,1,26.29,Gold
5352,Boston,E-bike,1,44,47,558,4.39,11411.37,26,8,0.6667,1,1,33.21,Standard
5397,Austin,Walking,5,197,61,779,4.26,13383.58,20,3,0.6154,4,0,30.48,Standard
6395,Boston,Car,6,258,34,300,4.39,10635.56,21,4,0.8571,3,1,34.89,Standard
6618,Denver,E-bike,7,173,36,35,4.69,11340.38,30,15,0.7826,6,2,31.68,Gold
6563,Austin,E-bike,6,175,62,933,4.18,12922.9,32,10,0.8929,3,0,33.66,Standard
6947,Chicago,Bicycle,2,68,58,1238,5.0,18552.0,27,17,0.9167,3,0,27.53,Gold
5535,Chicago,Car,9,663,28,860,4.01,12201.01,26,8,0.7391,2,1,36.34,Standard
7406,Boston,Bicycle,3,187,34,1554,3.94,13363.44,25,4,0.7895,4,3,35.67,Standard
5599,Chicago,Bicycle,8,243,36,1231,4.4,12548.65,37,5,0.6071,4,3,34.58,Standard
6992,Seattle,Bicycle,11,26,50,1436,4.45,12605.79,30,7,0.7391,4,3,36.02,Standard
6425,Boston,Scooter,7,292,37,1147,4.61,17278.48,22,12,0.9375,3,1,31.24,Gold
5660,Boston,E-bike,9,565,36,1072,4.61,16123.97,21,9,0.8824,4,0,30.53,Gold
6816,Seattle,Car,8,195,30,1747,4.51,19328.94,35,15,0.8276,3,2,34.17,Standard
5526,Boston,Scooter,1,44,23,1031,4.67,18579.31,31,23,0.8929,1,1,29.32,Gold
6728,Austin,Car,6,217,37,1142,4.04,13788.93,38,3,0.6667,6,4,34.11,Standard
6311,Denver,Scooter,7,612,37,1450,4.32,17207.24,29,12,0.85,5,1,29.99,Standard
7110,Boston,Car,9,275,28,1412,4.01,12737.71,29,4,0.7222,9,2,36.44,Standard
5569,Austin,E-bike,9,29,54,980,3.86,9139.49,34,5,0.7143,2,4,39.5,Standard
6340,Austin,Bicycle,1,52,45,914,4.48,11388.01,19,4,0.8,2,2,33.55,Standard
5020,Seattle,Car,6,198,39,950,3.71,9018.53,37,3,0.6552,6,4,38.01,Standard
5144,Chicago,Bicycle,6,603,20,487,3.7,8357.06,26,2,0.6667,1,0,37.37,Standard
7100,Austin,Car,7,484,19,1200,4.74,17573.25,29,19,0.8214,0,1,29.01,Gold
6523,Boston,Walking,12,322,60,759,3.6,7913.17,21,1,0.6429,4,1,38.1,Standard
5370,Austin,E-bike,11,390,29,578,3.45,6778.8,23,0,0.75,6,1,39.33,Standard
5695,Boston,Car,7,139,23,1388,4.27,13568.6,25,3,0.8947,2,1,36.9,Standard
6348,Denver,Bicycle,2,521,26,825,4.34,14567.59,28,10,0.8462,2,2,32.31,Standard
6132,Boston,Walking,2,515,28,358,3.46,7981.95,23,2,0.7778,3,3,36.88,Standard
5146,Denver,E-bike,9,484,38,468,4.05,10212.01,35,5,0.7308,5,1,34.25,Standard
5058,Chicago,E-bike,10,675,55,1222,5.0,20232.9,18,14,1.0,0,1,24.32,Gold
7469,Austin,Scooter,3,632,55,515,4.29,10370.26,17,4,0.9231,2,2,34.25,Standard
5571,Austin,Car,6,692,62,1585,4.44,16073.87,27,4,0.7273,1,2,33.96,Standard
6509,Denver,Walking,12,582,43,1771,4.79,23153.19,30,28,0.9667,0,0,24.71,Gold
6154,Boston,Car,3,437,61,1316,4.75,18133.98,45,17,0.9487,4,1,30.37,Gold
6892,Denver,Bicycle,10,529,18,1219,4.51,17600.91,28,12,0.92,1,0,,Standard
5325,Chicago,Scooter,8,90,20,1497,4.7,18809.02,24,12,0.9524,1,0,29.52,Gold
5966,Denver,E-bike,8,664,48,1576,3.99,16593.79,19,4,0.6875,2,0,32.58,Standard
7291,Chicago,Scooter,3,463,54,423,4.8,12643.55,34,12,0.75,5,2,32.75,Gold
7391,Chicago,Scooter,10,329,32,89,4.46,9422.01,30,11,0.7857,1,0,33.0,Standard
6775,Denver,Bicycle,4,295,48,1368,4.64,16962.55,26,12,0.75,1,3,32.92,Standard
7382,Seattle,Walking,5,571,60,1206,4.26,14806.9,34,7,0.913,7,2,32.67,Standard
5804,Austin,E-bike,6,65,42,1197,4.18,15752.45,20,6,0.7778,2,1,32.57,Gold
7327,Denver,Scooter,8,648,60,1577,4.76,22977.52,32,23,1.0,1,1,25.42,Gold
6439,Chicago,Car,7,577,58,1552,4.02,11195.05,26,4,0.7619,2,3,37.72,Standard
5290,Chicago,E-bike,7,179,19,1629,4.18,11306.01,31,2,0.6667,4,3,37.27,Standard
5881,Chicago,Car,3,437,46,1511,4.32,16233.2,23,10,0.8421,3,1,36.23,Standard
6724,Seattle,Scooter,4,365,31,1527,4.29,16935.81,26,12,0.9091,3,2,33.21,Gold
5283,Austin,E-bike,7,667,50,714,4.42,15085.42,31,9,0.8462,3,2,30.16,Gold
5615,Denver,Car,8,644,24,680,4.12,12048.73,31,9,0.8077,4,3,32.47,Standard
6164,Boston,Car,4,496,51,225,4.31,10937.9,25,9,0.9,4,2,33.21,Standard
7269,Chicago,Car,8,555,63,87,3.98,5463.42,29,3,0.7619,3,3,37.72,Standard
5795,Denver,E-bike,11,660,42,981,4.18,8529.21,23,3,0.75,5,3,35.62,Standard
6175,Denver,Scooter,6,617,20,611,3.79,7458.49,22,1,0.5385,6,1,40.22,Standard
6831,Denver,Bicycle,7,469,40,1609,4.38,16073.78,36,17,0.7188,1,3,31.46,Standard
5826,Austin,Car,1,139,55,48,3.89,8539.27,34,2,0.7391,6,3,36.29,Standard
5430,Seattle,Bicycle,1,580,44,1024,4.92,18785.95,29,19,0.9259,1,2,26.19,Gold
7052,Chicago,E-bike,8,416,35,1698,4.33,17910.26,27,7,0.7,4,0,31.88,Standard
6298,Seattle,Scooter,1,422,58,1545,4.71,16699.19,18,8,0.75,1,2,30.85,Gold
6060,Chicago,Walking,11,629,44,822,3.96,12832.27,29,4,0.619,6,3,34.63,Standard
6226,Seattle,Scooter,10,406,39,432,4.16,9995.56,28,9,0.6667,1,2,33.15,Standard
7061,Austin,Car,1,343,61,878,4.65,15109.13,24,15,0.9048,1,0,,Gold
5886,Boston,Car,5,330,58,140,4.25,12075.22,22,14,0.8571,0,0,30.46,Gold
5481,Denver,Scooter,12,285,33,1086,4.34,11178.33,27,4,0.8095,3,2,34.77,Standard
5056,Denver,Car,5,238,27,286,4.5,12548.91,24,14,0.7826,0,1,31.6,Gold
5865,Austin,Walking,11,272,52,425,4.77,13766.58,29,17,0.9583,3,0,,Gold
6583,Austin,E-bike,11,495,42,1697,4.08,12524.15,32,3,0.7143,2,2,37.52,Standard
5250,Seattle,Bicycle,8,135,18,1407,4.42,15420.29,29,10,0.84,2,3,32.84,Standard
6021,Austin,Bicycle,3,405,26,1412,5.0,19444.89,33,28,0.9677,1,0,29.25,Gold
7338,Denver,Bicycle,7,262,41,620,4.48,16571.06,23,15,1.0,2,1,33.08,Gold
7249,Denver,Walking,6,89,53,366,4.45,12769.82,35,14,0.7742,2,1,31.16,Gold
6302,Austin,Walking,10,241,28,105,3.76,5299.97,32,4,0.625,6,4,39.0,Standard
6843,Chicago,Walking,6,188,25,771,4.6,17453.96,26,17,0.9565,1,0,28.8,Gold
7336,Denver,E-bike,1,500,42,123,3.33,2591.13,24,1,0.5882,6,4,,Standard
7275,Chicago,Bicycle,1,169,52,1268,4.27,15310.96,18,5,0.9333,2,0,34.83,Standard
6939,Austin,Bicycle,3,237,50,259,4.33,11223.62,31,14,0.8261,2,2,29.64,Standard
6451,Boston,Car,7,599,63,496,4.21,9812.68,29,3,0.7273,4,2,33.2,Standard
6479,Denver,Car,11,98,27,106,4.63,11178.33,32,13,0.7917,4,1,32.29,Gold
5722,Boston,E-bike,11,18,63,194,4.84,15505.91,33,28,1.0,1,1,27.99,Gold
5890,Chicago,Bicycle,9,92,48,985,4.62,15726.33,23,10,0.8571,0,2,30.88,Gold
6466,Seattle,Car,1,115,44,1108,4.24,12535.37,28,4,0.6316,7,4,,Standard
5046,Seattle,Walking,12,498,36,414,4.55,11910.48,19,6,0.875,2,0,29.61,Gold
6602,Chicago,Bicycle,6,527,23,987,4.41,14856.8,25,17,0.9048,3,0,30.14,Gold
5564,Chicago,E-bike,7,234,53,1253,4.38,16292.36,33,15,0.9333,1,0,29.55,Gold
5724,Denver,Scooter,8,330,46,1261,4.26,14951.83,24,7,0.8667,6,0,32.93,Standard
5573,Austin,E-bike,11,432,47,518,3.83,8911.56,29,2,0.6522,4,2,,Standard
6603,Boston,E-bike,12,566,53,350,4.5,11195.77,30,11,0.6667,7,1,29.53,Standard
6074,Austin,Scooter,1,218,21,1089,3.9,10284.79,39,3,0.6471,3,5,38.37,Standard
5292,Seattle,Bicycle,12,630,48,425,4.2,9678.36,34,3,0.75,4,3,34.09,Standard
5311,Boston,Bicycle,9,384,59,937,3.81,10659.09,16,3,0.6429,0,0,35.11,Standard
6839,Seattle,Scooter,9,531,60,203,4.51,10245.41,22,8,0.7059,1,2,36.29,Standard
5296,Seattle,Walking,1,95,63,105,4.27,9368.9,25,8,0.7917,0,0,32.7,Standard
6686,Denver,E-bike,10,340,45,52,4.26,6061.03,28,1,0.7895,4,4,37.55,Standard
6700,Austin,Car,4,170,24,117,4.21,10622.83,20,10,0.9444,2,0,31.04,Standard
7290,Denver,Walking,9,324,27,1141,4.89,18628.03,29,16,0.9167,3,0,30.42,Gold
5088,Denver,Scooter,11,5,18,1551,4.31,13465.17,27,4,0.6471,6,2,,Standard
7081,Austin,Car,10,305,21,1497,4.15,14265.38,33,5,0.8095,7,1,34.28,Standard
5973,Denver,E-bike,2,136,38,434,4.07,11549.74,25,3,0.7619,1,4,33.11,Standard
5348,Seattle,Scooter,2,152,57,419,4.37,11079.65,35,12,0.7097,2,3,,Standard
7120,Chicago,Scooter,6,699,30,1726,4.43,16408.91,27,12,0.7619,6,1,32.12,Standard
5515,Seattle,E-bike,2,517,44,222,3.56,9314.51,32,8,0.5357,1,6,38.81,Standard
7257,Boston,Scooter,7,106,29,176,3.97,8842.77,35,7,0.6786,4,0,32.56,Standard
6694,Chicago,E-bike,7,291,29,606,4.19,13106.07,16,5,0.9286,0,0,,Gold
6182,Austin,Bicycle,5,536,54,1668,4.71,20914.43,31,23,1.0,0,0,27.03,Gold
5067,Boston,Bicycle,12,162,32,789,3.69,8956.4,24,0,0.4615,7,0,38.66,Standard
6330,Seattle,Car,6,530,46,105,4.2,9798.39,26,5,0.8095,3,2,,Standard
7352,Austin,Scooter,8,46,37,1481,4.59,15746.16,29,10,0.8077,2,3,31.65,Gold
7231,Boston,Car,7,228,32,1041,4.21,17203.82,30,9,0.7037,2,3,32.36,Standard
5764,Denver,Car,2,94,38,548,4.42,13658.1,31,12,0.92,4,0,32.66,Gold
6421,Denver,E-bike,9,382,57,855,4.31,14103.24,31,15,0.8261,5,0,,Standard
5918,Boston,E-bike,3,568,22,283,4.18,10514.77,26,5,0.75,5,2,35.06,Standard
5113,Boston,Bicycle,7,510,24,1518,3.88,14782.81,29,11,0.8333,3,2,36.51,Standard
5404,Seattle,Car,12,286,31,960,4.55,15740.47,26,15,0.8182,2,2,31.09,Gold
6642,Denver,E-bike,10,642,36,837,4.93,14866.0,40,28,0.8857,2,1,30.87,Gold
5964,Boston,E-bike,6,88,37,1267,3.99,13555.46,31,7,0.8696,6,4,33.73,Standard
6382,Chicago,Car,7,477,40,802,4.16,13558.97,28,10,1.0,3,2,32.04,Gold
7245,Chicago,Car,9,410,41,896,4.23,15458.23,25,9,0.9,5,3,34.11,Gold
6828,Chicago,Bicycle,6,678,28,407,5.0,16047.96,33,20,0.9583,4,2,27.74,Gold
5835,Boston,E-bike,12,165,57,837,3.86,9244.2,24,2,0.7895,1,2,34.81,Standard
5031,Seattle,Bicycle,4,138,25,1496,4.26,18346.5,32,17,0.8929,3,2,33.73,Standard
6085,Seattle,Bicycle,11,6,40,388,3.95,8854.75,20,3,0.8333,6,2,35.52,Standard
5567,Boston,E-bike,9,130,37,776,4.83,15066.58,33,14,1.0,6,2,28.32,Gold
6786,Seattle,Car,8,256,37,1292,4.55,17918.45,18,11,0.9375,0,3,28.81,Gold
7265,Chicago,Bicycle,7,346,59,1101,5.0,21417.59,27,25,1.0,1,0,27.72,Gold
5962,Boston,Car,3,375,52,675,3.44,8095.39,31,1,0.7826,4,4,37.33,Standard
7279,Seattle,Car,10,138,48,121,4.13,10572.48,25,8,0.85,3,0,,Standard
6732,Denver,Scooter,1,477,53,401,3.69,7127.89,30,4,0.8,2,4,35.87,Standard
6718,Chicago,Bicycle,11,300,58,538,3.7,10428.0,30,4,0.7727,3,3,36.67,Standard
6312,Chicago,Car,8,632,45,1225,4.48,14874.27,26,6,0.8261,1,1,33.6,Standard
5908,Denver,E-bike,4,109,58,585,3.65,9595.61,27,2,0.8571,6,1,36.77,Standard
5950,Chicago,Car,10,314,25,457,3.79,8877.01,36,2,0.7407,2,3,37.0,Standard
7370,Austin,E-bike,10,567,28,498,4.41,16146.89,34,18,0.8667,1,2,28.92,Gold
7069,Austin,Car,5,476,51,635,4.81,14454.96,32,16,0.9231,3,2,31.35,Gold
6422,Boston,Car,9,421,54,1170,4.64,17307.42,25,10,0.8571,3,3,29.94,Gold
5609,Austin,Car,9,509,20,1379,4.32,15308.14,28,6,0.65,3,1,35.44,Standard
6503,Austin,Bicycle,10,353,50,1093,4.93,15869.29,33,18,0.8276,1,2,31.24,Gold
6659,Austin,Car,10,406,25,502,4.49,15322.56,39,23,0.9143,2,3,30.76,Gold
7309,Boston,Car,10,242,24,1544,4.03,15145.38,27,8,0.85,4,6,35.1,Standard
5174,Austin,Scooter,8,632,28,404,4.66,11205.09,32,10,0.8846,1,1,33.23,Standard
6286,Austin,Bicycle,3,349,49,876,4.47,12718.43,29,3,0.6818,4,1,36.0,Standard
6213,Boston,Scooter,5,534,52,304,4.3,11909.63,30,8,0.8182,5,2,34.12,Standard
6601,Boston,Car,3,537,21,82,4.05,9077.05,36,4,0.8214,4,3,34.66,Standard
6542,Boston,Bicycle,11,204,23,1427,4.29,15835.8,25,8,0.9444,4,1,32.03,Standard
6159,Boston,Car,2,392,27,994,4.61,17060.82,36,24,0.9688,2,1,31.25,Gold
5536,Boston,Scooter,7,324,26,1293,5.0,17106.62,31,18,0.9643,2,2,29.99,Gold
7071,Chicago,Scooter,4,6,26,1708,3.87,14601.65,28,4,0.5833,1,1,35.51,Standard
6857,Chicago,Car,2,8,41,1463,3.79,11304.05,31,2,0.7143,2,4,40.46,Standard
5452,Boston,Car,4,339,56,925,4.62,18117.15,19,11,0.9375,3,1,28.59,Gold
5356,Boston,Walking,5,522,58,1315,4.39,15574.36,32,12,0.6957,4,2,30.54,Standard
5005,Denver,Car,11,125,57,1031,4.24,12925.85,34,4,0.6,6,0,37.15,Standard
7376,Chicago,Bicycle,9,130,31,1130,4.68,18631.51,32,23,0.9643,1,2,28.91,Gold
5780,Denver,Car,6,652,33,649,4.18,7084.05,27,1,0.6364,3,4,39.23,Standard
7030,Seattle,Scooter,3,642,29,1277,4.64,18393.94,33,19,0.8889,3,1,28.89,Gold
7015,Boston,Car,8,419,42,73,4.84,13871.09,31,16,1.0,3,1,28.46,Gold
5287,Seattle,E-bike,11,50,34,395,4.99,16169.66,23,17,1.0,1,4,29.77,Gold
5618,Austin,Bicycle,2,635,43,1583,4.07,17149.26,45,14,0.8158,6,3,32.74,Standard
7364,Austin,Walking,9,142,20,832,4.44,14081.86,27,8,0.84,0,3,31.9,Standard
5838,Chicago,E-bike,3,407,41,176,4.26,9450.93,39,13,0.7714,0,2,30.12,Standard
5107,Boston,Walking,1,125,60,1635,3.97,12423.57,19,0,0.9231,5,1,38.58,Standard
6561,Seattle,E-bike,5,55,40,1055,3.74,11718.55,25,1,0.75,3,3,,Standard
5923,Seattle,Scooter,8,527,52,1116,4.02,15460.75,29,14,0.8,1,2,31.66,Standard
5116,Chicago,Car,1,582,24,457,4.59,10152.34,30,6,0.8182,6,2,35.59,Standard
5913,Denver,Car,10,142,21,728,3.85,12627.15,36,12,0.6452,1,0,,Standard
5053,Denver,Car,2,231,20,1124,4.05,12027.1,31,6,0.6818,7,1,35.58,Standard
7064,Denver,Car,5,35,36,1714,4.4,20765.74,21,12,0.9412,4,1,28.16,Gold
6797,Chicago,Scooter,12,212,48,1035,4.47,13254.74,17,8,0.9286,2,1,29.35,Standard
6405,Denver,Car,11,107,39,1089,4.61,17312.31,30,14,1.0,3,3,28.63,Gold
7355,Boston,Walking,7,453,40,1762,4.33,14117.33,19,3,0.7333,1,5,38.05,Standard
6342,Boston,Car,9,31,45,1622,4.97,20697.88,35,28,0.9375,3,0,26.43,Gold
6585,Seattle,Car,4,475,31,848,3.92,10877.6,18,1,0.7778,2,1,33.47,Standard
6459,Seattle,Car,9,609,46,575,4.56,12856.13,31,18,0.8,5,4,31.43,Gold
5719,Chicago,E-bike,2,600,26,1619,4.87,20408.58,31,21,0.9643,2,1,29.07,Gold
6274,Seattle,Scooter,8,219,61,856,4.19,11112.89,24,1,0.7222,4,2,,Standard
7353,Chicago,E-bike,2,494,49,1338,4.52,16793.75,35,16,1.0,4,2,29.18,Gold
7237,Denver,Bicycle,4,110,40,104,4.15,6632.9,32,4,0.6538,3,2,40.06,Standard
6035,Seattle,Scooter,3,582,37,363,4.61,11444.89,27,10,0.8261,3,3,33.97,Standard
7365,Austin,Bicycle,11,76,63,225,4.77,15979.21,34,20,0.9355,3,0,27.21,Gold
6113,Chicago,E-bike,4,558,33,259,4.16,10551.47,31,9,0.7692,2,6,37.12,Standard
6891,Chicago,E-bike,7,169,57,1650,3.93,18505.6,28,8,0.6786,0,2,31.47,Standard
5297,Austin,Scooter,3,610,25,1303,4.37,15992.57,32,14,0.8571,4,2,,Gold
7402,Seattle,E-bike,3,58,31,1058,4.05,12637.6,29,8,0.6522,2,1,32.9,Standard
7426,Seattle,Scooter,1,216,27,1197,4.5,14442.36,20,4,0.7222,2,1,35.1,Standard
6225,Austin,Scooter,7,78,60,1324,4.3,16386.17,42,15,0.8235,5,2,32.09,Standard
6238,Austin,Car,9,67,55,190,4.35,9746.72,37,5,0.963,5,1,,Standard
6440,Denver,Scooter,7,443,30,655,4.13,10175.04,19,5,0.7143,1,1,33.99,Standard
6916,Boston,Walking,2,516,33,1379,3.92,12587.23,37,5,0.6071,7,3,36.22,Standard
6039,Denver,Walking,3,619,25,65,4.16,10098.49,28,9,0.7727,4,0,32.55,Standard
7397,Austin,Walking,2,57,25,44,4.82,12188.53,22,14,0.7368,1,2,30.2,Gold
6237,Chicago,Car,7,29,39,1140,4.68,16251.85,36,22,0.9,1,2,29.7,Gold
7298,Chicago,Bicycle,3,590,45,611,4.55,15829.03,31,14,0.9615,5,2,27.2,Gold
7453,Boston,E-bike,8,423,53,1714,4.44,17367.72,24,10,0.9091,0,2,31.51,Standard
6134,Austin,E-bike,2,21,57,786,3.93,11622.7,31,10,0.68,2,3,35.48,Standard
5339,Denver,E-bike,7,168,32,31,4.5,10707.32,24,6,0.7727,2,2,34.35,Standard
6220,Chicago,Scooter,11,550,48,1295,4.15,13468.45,25,3,0.6842,4,3,36.4,Standard
7041,Austin,Car,1,211,49,974,4.78,15562.37,23,7,0.75,3,3,32.86,Gold
6402,Boston,Car,6,417,23,1536,4.78,19972.0,30,19,0.9286,2,0,31.55,Gold
6050,Denver,E-bike,10,326,41,46,3.28,4790.31,19,0,0.6429,4,2,,Standard
7427,Austin,Bicycle,4,504,30,461,4.25,10888.56,38,10,0.8,4,3,33.19,Standard
7306,Seattle,Car,6,283,35,694,4.35,13243.75,29,10,0.7037,2,0,34.14,Standard
7368,Denver,Walking,3,496,43,393,4.63,15642.21,29,18,0.9583,4,1,29.74,Gold
7373,Austin,Car,5,675,62,857,4.18,15200.21,29,10,0.88,2,3,33.17,Standard
7497,Denver,Bicycle,1,503,43,1559,4.64,19138.19,29,19,0.9643,1,0,28.93,Gold
5561,Boston,Car,3,178,19,715,4.74,16449.99,26,11,0.9565,1,4,28.83,Gold
6809,Denver,E-bike,10,36,27,252,4.38,10305.69,31,4,0.7,6,0,34.44,Standard
6802,Seattle,Car,3,445,62,991,4.34,12168.5,27,5,0.8235,8,1,32.82,Standard
5854,Chicago,Car,2,586,46,1031,4.19,11117.7,25,1,0.9,4,1,34.92,Standard
5236,Denver,Car,3,60,49,455,4.91,18649.39,32,21,0.963,3,0,28.49,Gold
7062,Austin,Bicycle,8,168,56,973,3.55,9101.22,21,2,0.8235,2,3,36.65,Standard
6780,Seattle,E-bike,5,640,23,1262,4.7,16178.96,33,13,0.9231,6,2,32.08,Gold
5633,Denver,Bicycle,9,215,39,657,4.17,8623.59,35,2,0.6296,4,3,39.66,Standard
7248,Austin,Car,4,7,37,306,3.71,8262.71,20,3,0.6923,3,2,37.57,Standard
5104,Boston,Car,10,207,59,936,4.86,15441.61,31,19,0.8333,5,1,32.31,Gold
5970,Seattle,Walking,2,276,59,667,4.24,13045.3,30,12,0.75,6,4,36.29,Standard
5756,Denver,Car,4,625,55,1389,4.7,19328.15,24,14,0.95,2,2,,Gold
5308,Austin,Car,3,587,51,327,4.15,11491.18,34,8,0.6818,8,1,32.6,Standard
5906,Austin,Car,8,661,21,332,4.36,10471.6,27,6,0.8095,3,3,33.6,Standard
7396,Boston,Car,1,173,57,1237,4.39,14640.71,20,8,0.8947,1,2,30.83,Standard
5057,Seattle,Bicycle,7,643,37,1188,4.24,17423.24,23,7,1.0,0,2,29.56,Gold
7118,Chicago,Walking,2,621,55,1719,4.87,19273.56,30,16,0.8462,2,3,29.62,Gold
5488,Denver,Car,3,198,46,1517,4.02,12779.48,32,9,0.6,3,3,35.48,Standard
5255,Chicago,E-bike,12,590,22,1116,4.24,12666.35,29,9,0.84,3,3,29.33,Standard
5882,Seattle,Walking,11,372,33,1748,5.0,25433.66,37,36,1.0,0,0,23.89,Gold
7424,Seattle,Walking,6,75,35,598,3.98,10320.11,33,6,0.68,5,3,35.45,Standard
6347,Seattle,E-bike,8,452,37,106,4.76,12198.05,26,19,0.913,3,1,31.6,Gold
6193,Boston,Scooter,10,6,28,698,4.57,16839.96,23,10,1.0,4,0,28.34,Gold
6444,Austin,E-bike,12,473,63,1062,4.9,19953.81,25,19,1.0,3,1,26.66,Gold
5125,Denver,E-bike,7,320,54,706,4.71,16668.91,27,18,0.9167,3,0,29.24,Gold
7236,Chicago,Bicycle,5,606,55,1065,4.65,18718.58,40,29,0.9375,4,1,30.19,Gold
6721,Chicago,Scooter,4,486,49,1321,4.35,17099.72,34,11,0.8077,5,0,33.68,Standard
6240,Seattle,Bicycle,11,565,28,1626,3.99,14846.34,33,8,0.7143,4,3,34.01,Standard
5194,Chicago,E-bike,7,7,51,407,4.71,12646.38,32,14,0.8966,2,1,31.57,Gold
5610,Boston,E-bike,8,223,18,638,4.37,13519.75,37,14,0.8824,3,4,31.37,Standard
5893,Chicago,Bicycle,2,595,45,616,4.65,13472.76,18,9,0.9412,1,1,33.08,Gold
7035,Chicago,Car,5,572,20,1316,4.58,15352.64,24,7,0.9444,4,2,32.86,Standard
5163,Seattle,Car,5,126,37,860,4.13,11574.25,35,13,0.6667,4,4,32.82,Standard
6599,Boston,Car,8,442,49,443,4.23,11486.8,18,4,0.9286,2,0,34.79,Standard
6110,Denver,Scooter,11,318,47,929,3.83,11831.05,26,6,0.7895,3,2,36.34,Standard
6005,Boston,Bicycle,9,603,18,365,3.38,5286.6,30,0,0.5455,2,2,38.99,Standard
5225,Denver,Scooter,10,333,31,1565,4.28,13064.87,25,6,0.7059,5,3,36.64,Standard
6294,Denver,E-bike,4,223,38,857,4.28,13050.73,35,11,0.8276,3,2,32.93,Standard
5802,Boston,E-bike,8,190,21,900,4.57,13882.18,24,14,0.8261,1,2,31.43,Gold
5061,Boston,Scooter,10,254,29,1251,4.24,13173.64,25,8,0.7368,4,2,34.13,Standard
5228,Boston,Scooter,3,167,29,1540,4.97,19424.44,35,19,0.9375,2,0,27.42,Gold
5382,Denver,Walking,9,115,53,367,4.72,15012.81,28,11,0.9048,5,0,33.02,Gold
6145,Denver,Scooter,4,443,27,1646,3.89,13749.93,33,8,0.7931,2,0,34.16,Standard
6715,Denver,E-bike,7,645,32,519,3.81,9360.7,21,2,0.7647,3,0,36.0,Standard
5186,Denver,E-bike,6,429,19,351,4.07,8921.64,29,10,0.9524,5,2,35.85,Standard
5492,Chicago,E-bike,5,453,26,919,4.67,16737.29,30,20,0.96,3,1,26.53,Gold
6068,Seattle,Walking,5,277,30,429,4.48,13482.01,27,10,0.9231,1,1,29.28,Gold
6411,Denver,E-bike,4,5,44,181,4.43,9829.14,24,6,0.9375,4,1,36.23,Standard
5018,Denver,E-bike,6,163,27,227,4.43,10361.85,31,8,0.7037,2,3,33.33,Standard
7377,Denver,Car,4,388,38,1130,4.22,14098.27,27,8,0.8571,3,1,34.48,Standard
5712,Austin,Scooter,7,667,48,1244,4.45,15079.31,35,10,0.7586,3,2,31.14,Standard
6188,Seattle,Car,12,187,29,775,4.36,11692.03,30,7,0.8261,3,4,36.78,Standard
6702,Boston,Car,8,550,54,1623,5.0,21983.59,32,25,1.0,2,1,26.37,Gold
7111,Boston,E-bike,3,27,32,630,4.67,14014.76,31,15,0.84,2,0,32.25,Gold
5709,Austin,Bicycle,12,428,45,364,3.9,8662.17,25,1,0.7,2,2,34.34,Standard
6264,Seattle,Scooter,12,382,28,1092,4.16,14461.53,23,13,0.8571,0,0,33.61,Gold
6354,Denver,Walking,8,434,52,1062,4.24,11292.98,23,4,0.9444,3,2,36.86,Standard
6041,Denver,Bicycle,5,478,56,1147,4.38,13671.94,33,11,0.76,5,0,33.36,Standard
7287,Boston,Car,9,71,32,1001,4.7,17157.81,22,14,0.9545,0,0,28.05,Gold
5480,Chicago,Scooter,11,455,49,1411,4.36,14848.09,33,5,0.913,7,1,32.96,Standard
6961,Austin,Scooter,11,73,39,1581,4.52,16820.63,27,13,0.8696,3,2,32.91,Standard
5926,Boston,Walking,2,280,21,1437,4.72,18573.96,30,17,0.8214,1,0,30.23,Gold
5066,Boston,Scooter,12,602,36,823,5.0,16658.05,26,19,1.0,1,0,30.57,Gold
5026,Austin,Walking,1,89,62,1520,4.45,19572.73,31,19,1.0,3,1,28.66,Gold
6911,Austin,Car,4,87,63,217,4.32,12626.73,23,7,0.7895,3,0,31.77,Gold
7459,Austin,Scooter,7,439,54,199,4.26,7390.27,24,3,0.6,6,1,37.47,Standard
5456,Boston,Car,9,116,55,401,4.12,10644.42,23,1,0.7333,5,1,35.77,Standard
7195,Seattle,Car,6,355,33,1187,4.83,16851.43,24,15,0.95,2,0,,Gold
6018,Chicago,Scooter,2,359,45,791,3.96,11196.17,25,2,0.8,4,2,,Standard
5861,Chicago,Car,5,504,34,1007,4.6,18441.4,25,19,1.0,0,1,28.79,Gold
7160,Boston,Bicycle,3,374,23,1292,4.19,13426.54,25,4,0.4737,4,4,32.85,Standard
7334,Austin,Bicycle,11,369,25,1036,4.81,16874.48,20,14,0.9,0,1,28.08,Gold
6418,Chicago,Bicycle,9,91,49,411,3.37,6201.58,30,0,0.7222,5,3,41.64,Standard
6389,Austin,Car,5,191,37,1142,4.35,15167.25,23,8,0.8889,3,2,28.47,Gold
5856,Chicago,Car,1,350,62,82,4.97,14552.5,38,29,0.9722,2,0,28.17,Gold
6460,Chicago,E-bike,7,563,34,1224,4.21,13130.05,25,7,0.8696,1,4,33.07,Standard
5262,Austin,Car,8,348,46,855,4.69,13698.99,25,9,0.8333,7,1,,Gold
5798,Chicago,E-bike,8,234,58,1285,4.74,17980.28,22,9,0.75,4,0,32.4,Gold
7259,Denver,E-bike,9,666,53,737,4.08,9259.18,26,5,0.9545,4,0,35.66,Standard
6491,Seattle,Bicycle,9,81,58,1551,3.57,11506.34,26,1,0.7826,3,2,36.97,Standard
5685,Seattle,Walking,11,161,41,1589,4.11,15844.34,30,8,0.68,1,3,35.8,Standard
5368,Denver,Car,8,243,63,899,4.56,15106.0,26,9,0.8636,2,1,31.0,Gold
7042,Chicago,Car,9,254,36,142,4.57,11653.05,23,9,0.8421,3,0,35.04,Gold
6127,Seattle,Car,2,360,57,641,4.7,15781.11,20,11,0.8824,2,1,28.82,Gold
5757,Boston,E-bike,9,399,29,1787,5.0,19766.26,17,11,0.9333,2,0,29.44,Gold
7454,Austin,Bicycle,7,192,51,402,4.53,13798.15,25,12,0.913,1,3,32.83,Gold
6552,Austin,Bicycle,8,215,31,1057,4.59,15798.57,27,11,0.9,5,1,32.33,Standard
5309,Chicago,Bicycle,10,434,53,1326,4.12,13765.02,28,7,0.8,4,3,32.66,Standard
5989,Austin,Bicycle,8,554,23,256,3.81,7956.12,27,2,0.6,5,3,,Standard
6473,Seattle,Walking,7,627,32,1072,4.72,18209.37,25,16,1.0,2,0,32.01,Gold
5145,Seattle,Bicycle,2,388,58,1308,4.43,15847.91,27,9,0.8462,1,2,28.72,Gold
6088,Boston,Car,9,12,35,480,5.0,20043.1,34,31,1.0,0,0,22.3,Gold
7401,Boston,E-bike,8,626,43,1754,4.6,20258.12,19,12,1.0,1,0,,Gold
6800,Seattle,Scooter,12,276,24,1340,4.65,16214.21,27,11,0.7391,2,2,33.02,Gold
5707,Seattle,Bicycle,5,666,41,47,4.11,8885.35,25,7,0.8,3,2,30.4,Standard
7121,Chicago,Car,7,193,50,1151,4.21,9858.22,29,1,0.8261,2,0,37.21,Standard
6508,Chicago,Bicycle,1,378,36,504,4.26,11782.5,23,11,0.8333,4,0,30.16,Gold
5670,Boston,Car,6,228,58,1154,4.56,16482.02,33,10,0.8571,3,2,30.9,Gold
7303,Chicago,Car,3,50,53,237,4.54,11280.19,28,15,0.8148,1,4,31.65,Gold
6983,Boston,E-bike,3,647,47,1397,4.33,16836.28,25,11,0.8696,2,0,34.4,Gold
6022,Seattle,Bicycle,2,405,28,1462,4.86,19789.61,29,20,1.0,1,0,28.81,Gold
7339,Denver,Car,9,371,61,1111,4.35,15018.23,26,7,0.85,5,1,29.17,Gold
7134,Seattle,Walking,3,91,30,1049,4.47,13863.96,25,4,0.8947,5,4,34.54,Standard
5373,Chicago,Scooter,8,224,56,986,4.71,17278.07,23,14,0.85,2,2,27.58,Gold
5538,Seattle,Scooter,3,150,47,1212,4.75,17058.03,25,11,0.875,1,1,28.42,Gold
5516,Boston,E-bike,12,528,52,1554,4.64,19876.09,26,16,0.9,5,0,27.86,Gold
6033,Chicago,E-bike,4,633,40,1135,4.45,15487.93,32,12,0.7778,4,4,36.02,Standard
5942,Seattle,Scooter,9,607,60,698,4.3,10174.03,28,2,0.625,3,3,37.05,Standard
6615,Boston,Bicycle,6,85,62,204,4.95,11795.66,28,10,0.9091,2,1,30.52,Gold
6971,Seattle,Car,3,448,48,744,4.64,14647.93,19,8,0.9444,1,0,29.54,Gold
6254,Denver,Walking,10,535,28,1344,5.0,24569.54,28,28,1.0,0,0,19.9,Gold
5675,Chicago,Car,8,494,44,500,4.08,12762.05,29,6,0.7083,4,2,32.57,Standard
6890,Boston,E-bike,7,394,34,275,4.32,10526.98,23,9,0.8421,2,0,33.54,Standard
5420,Seattle,Scooter,7,166,34,1761,3.9,16447.42,28,8,0.6667,5,2,33.28,Standard
5095,Chicago,Car,2,511,49,1079,4.57,16843.83,16,11,0.9333,1,1,28.01,Gold
5976,Seattle,Bicycle,12,193,61,623,4.35,12554.35,28,12,0.92,1,2,30.88,Gold
5867,Denver,Car,9,557,58,1786,4.76,22926.42,29,22,1.0,2,1,26.39,Gold
5811,Chicago,Scooter,2,142,23,1452,4.06,15203.0,21,4,0.7333,4,5,,Standard
7072,Denver,E-bike,9,339,40,310,4.5,11132.84,29,9,0.8261,3,0,34.2,Standard
7092,Boston,Car,6,221,46,300,4.66,11400.69,28,14,0.8261,3,0,31.68,Gold
6591,Chicago,Bicycle,1,370,56,530,4.66,13298.59,23,5,0.6111,2,0,32.09,Standard
6009,Denver,Scooter,2,544,43,1605,4.4,13720.43,19,6,0.8824,2,2,,Standard
6271,Boston,E-bike,10,575,63,1159,3.73,11122.67,26,3,0.7391,2,1,37.25,Standard
6063,Chicago,Car,10,685,37,124,3.38,3873.49,27,0,0.4762,3,5,41.88,Standard
7449,Chicago,E-bike,9,384,20,541,4.62,12775.36,28,18,0.9231,0,2,,Gold
5730,Boston,Bicycle,4,666,51,1431,4.23,16052.59,23,10,0.9444,3,2,32.26,Gold
7169,Austin,Scooter,9,442,62,568,3.81,11620.13,31,8,0.7308,3,1,33.75,Standard
6392,Austin,Walking,10,590,36,182,4.24,11714.28,24,7,0.9565,1,2,32.94,Gold
5289,Chicago,E-bike,6,699,60,1317,3.97,14091.75,24,3,0.8667,3,2,,Standard
5917,Seattle,E-bike,11,218,38,1437,4.54,17598.14,30,15,0.9615,2,1,31.82,Gold
6146,Denver,Bicycle,9,499,31,1230,5.0,18652.22,33,26,1.0,1,1,26.63,Gold
7102,Denver,Walking,12,486,62,1447,4.07,14385.01,26,6,0.9474,5,3,,Standard
5243,Austin,E-bike,5,236,23,314,4.57,12012.29,31,15,0.963,4,1,,Gold
6414,Denver,E-bike,6,577,32,260,4.18,9530.73,28,6,0.9474,6,0,33.41,Standard
6688,Austin,Car,2,668,48,1172,4.09,12380.45,28,3,0.7727,6,1,34.75,Standard
5410,Boston,Bicycle,3,387,28,1459,4.33,15428.08,26,4,0.6667,2,2,34.08,Standard
7238,Boston,Walking,1,161,63,172,3.82,5805.07,32,1,0.6667,5,1,40.73,Standard
6819,Chicago,Car,7,692,26,1762,4.59,19776.77,19,11,1.0,0,1,28.51,Gold
6386,Boston,Car,8,582,25,1096,3.7,9802.52,33,3,0.7407,3,4,39.93,Standard
5971,Boston,E-bike,9,243,34,938,4.01,12705.23,30,11,0.7917,1,0,33.34,Standard
7418,Chicago,E-bike,7,395,42,1688,4.09,12905.46,21,3,0.6842,2,2,35.96,Standard
5625,Denver,Scooter,6,638,59,1654,4.55,16826.94,21,6,0.85,1,1,29.62,Gold
5446,Seattle,Car,5,172,28,223,3.39,6007.08,32,2,0.6087,7,3,39.28,Standard
6812,Chicago,E-bike,11,376,61,644,4.72,15572.5,35,14,0.9286,2,4,32.02,Gold
5351,Denver,Scooter,3,445,46,445,4.08,7331.17,40,4,0.6552,7,4,36.99,Standard
6547,Boston,E-bike,10,47,55,769,4.5,17970.25,29,18,0.9167,1,0,30.34,Gold
6687,Denver,Car,4,696,30,203,4.08,9357.2,29,5,0.7143,4,1,,Standard
6572,Boston,Bicycle,10,417,57,523,4.5,12588.83,25,7,0.7619,3,4,34.59,Standard
7375,Austin,Bicycle,4,432,38,1390,4.25,16348.9,22,7,0.75,1,3,33.13,Standard
6426,Chicago,Walking,10,556,60,1749,3.72,15316.36,29,9,0.8333,3,1,33.9,Standard
5752,Austin,Walking,9,294,30,501,4.78,18340.76,33,25,0.9643,4,0,28.85,Gold
5711,Seattle,Car,10,390,42,76,4.23,9337.39,29,7,0.7083,4,1,33.21,Standard
7203,Austin,Car,5,130,18,142,4.01,7109.08,29,1,0.6667,3,3,,Standard
5831,Chicago,Car,7,585,46,1799,4.43,19241.49,20,10,1.0,5,1,31.27,Gold
5905,Denver,E-bike,5,212,26,457,3.81,11525.75,30,3,0.5217,3,0,36.18,Standard
5632,Denver,Bicycle,4,461,60,249,3.8,3485.24,23,0,0.7143,4,3,40.64,Standard
5148,Austin,Walking,12,370,53,686,4.78,16940.84,24,17,0.8636,1,0,29.67,Gold
5034,Austin,E-bike,10,360,35,140,3.69,5309.4,27,5,0.6,4,2,37.08,Standard
7117,Austin,E-bike,8,282,42,1461,4.2,16391.73,35,17,0.8667,2,5,32.83,Standard
5360,Chicago,Car,5,557,60,1230,4.13,14719.14,31,10,0.64,3,2,31.86,Standard
6148,Austin,Bicycle,4,455,47,1405,3.99,12996.65,33,2,0.8462,6,2,35.22,Standard
6678,Denver,Scooter,8,373,57,1107,3.94,12118.82,32,4,0.6957,3,2,34.61,Standard
6553,Boston,Bicycle,7,654,28,881,4.15,11451.09,26,3,0.6667,5,3,34.09,Standard
6000,Boston,E-bike,9,535,22,1095,4.53,17474.21,26,13,1.0,2,1,33.58,Gold
7383,Chicago,Bicycle,4,514,42,204,3.97,7423.26,40,3,0.5667,8,6,37.75,Standard
5439,Seattle,Car,7,669,40,936,4.37,13390.63,33,14,0.8621,0,2,32.9,Standard
7492,Austin,Car,5,578,51,257,4.41,9241.42,31,4,0.7917,6,2,34.07,Standard
5546,Seattle,Car,11,628,58,1662,4.53,17823.25,27,15,0.9091,3,1,32.59,Gold
7481,Seattle,E-bike,10,199,58,803,4.05,12639.17,25,9,0.7143,4,0,31.21,Standard
6170,Denver,Car,10,452,61,1117,4.59,17699.46,30,17,0.9615,3,1,27.48,Gold
5899,Boston,Bicycle,4,388,49,1687,4.15,17092.31,30,11,0.8696,4,1,29.37,Standard
5191,Austin,E-bike,8,305,36,1455,4.39,16639.05,32,12,0.92,5,3,33.35,Gold
5177,Boston,E-bike,7,185,61,513,3.96,11615.73,34,8,0.6923,5,0,33.6,Standard
6645,Boston,E-bike,2,572,47,1403,4.49,18294.54,21,9,0.8824,3,0,28.05,Gold
5154,Chicago,Car,6,311,26,1578,5.0,21627.71,31,26,1.0,3,1,27.41,Gold
7284,Chicago,Car,8,281,21,1308,4.49,15486.93,24,13,0.9545,1,0,33.91,Gold
5371,Boston,Bicycle,9,651,47,1394,4.24,16726.28,53,16,0.8182,4,3,33.71,Standard
6859,Austin,Bicycle,11,154,20,617,4.52,10801.89,24,5,0.7778,1,1,34.85,Standard
6023,Boston,Scooter,6,662,21,301,4.32,8302.82,28,3,0.8,4,2,34.46,Standard
5128,Seattle,Bicycle,5,37,51,80,4.77,11759.84,31,10,0.8519,4,1,30.57,Gold
5739,Seattle,Car,8,165,40,636,4.35,15883.23,22,8,0.9375,3,1,29.66,Gold
6233,Chicago,E-bike,3,6,36,1281,4.09,13551.68,28,5,0.6087,4,1,34.57,Standard
5716,Chicago,Scooter,6,497,42,1314,4.19,17423.14,40,18,0.8182,6,1,33.11,Gold
7143,Denver,Car,2,697,36,479,4.45,10630.26,32,12,0.7778,4,2,31.81,Gold
5354,Austin,Scooter,1,644,53,1749,4.26,17723.76,29,10,0.8261,6,2,34.93,Standard
6218,Boston,Bicycle,9,653,29,1784,4.89,22308.01,34,26,0.9677,3,2,29.37,Gold
6529,Chicago,Scooter,4,692,63,1204,4.5,16166.27,27,5,0.7222,4,2,29.19,Gold
5086,Denver,Car,1,275,38,753,4.14,12178.68,29,6,0.8,6,1,35.74,Standard
5471,Denver,Bicycle,2,146,62,586,4.72,15313.56,24,12,0.9524,1,0,31.78,Gold
6373,Boston,Bicycle,10,274,60,1296,4.07,12298.45,31,7,0.8333,5,8,35.66,Standard
5106,Austin,Car,7,264,39,1722,4.09,14727.53,20,1,0.7647,2,3,36.42,Standard
5063,Boston,E-bike,11,181,20,1083,4.61,16417.79,24,11,0.8571,1,0,30.99,Gold
6346,Boston,Bicycle,11,608,52,1031,3.21,6920.51,27,0,0.6111,5,2,39.18,Standard
5662,Chicago,Car,9,373,56,448,4.41,13445.45,31,10,0.8462,2,3,34.47,Gold
5728,Chicago,Car,5,540,23,167,4.36,12601.54,38,21,0.8889,0,1,30.83,Gold
6128,Austin,E-bike,1,198,30,53,3.62,5483.82,36,5,0.72,8,3,39.67,Standard
6995,Denver,Scooter,8,369,37,1364,4.32,13159.44,25,3,0.8636,1,6,,Standard
5731,Denver,Car,2,338,45,615,4.33,14967.7,34,16,0.8846,3,4,31.06,Gold
6499,Seattle,Scooter,12,350,20,1360,4.68,19418.27,28,17,0.9565,1,1,30.53,Gold
6313,Boston,Car,4,687,34,1486,4.81,15970.91,27,9,0.88,2,4,32.56,Standard
6541,Seattle,Scooter,3,46,31,1181,4.03,12455.75,28,2,0.55,2,3,36.83,Standard
7108,Boston,E-bike,4,634,27,1464,4.24,17511.69,35,18,0.8966,2,1,31.91,Gold
5563,Seattle,Scooter,10,330,24,915,4.54,16351.23,25,11,0.95,1,0,31.18,Gold
6329,Chicago,E-bike,2,441,38,1740,4.59,20419.25,26,18,0.9167,1,0,30.21,Gold
6827,Austin,Bicycle,9,31,54,1541,3.94,15889.17,19,2,0.7143,3,2,31.74,Standard
5701,Chicago,Car,3,377,24,321,4.67,12779.26,35,16,0.9032,3,5,29.93,Gold
5461,Austin,Bicycle,3,574,31,1545,4.54,16857.21,25,11,0.9091,3,4,30.91,Gold
5202,Boston,E-bike,3,340,43,44,4.14,9570.98,27,5,0.76,1,2,34.66,Standard
6821,Chicago,Walking,8,325,50,731,4.17,12918.84,28,7,0.7273,3,2,,Standard
5424,Boston,E-bike,5,599,48,1209,4.64,15842.63,33,13,0.9333,1,3,30.96,Gold
5192,Boston,Scooter,12,191,60,1582,3.72,12268.07,28,2,0.5625,7,0,,Standard
6197,Boston,Bicycle,9,358,30,910,4.77,16362.2,27,11,1.0,5,1,31.69,Gold
6090,Chicago,Walking,8,661,24,70,4.58,10595.55,20,6,0.75,3,0,32.8,Standard
5519,Chicago,Scooter,7,408,35,1131,4.67,15709.71,25,13,0.9091,1,1,30.59,Gold
6754,Boston,Scooter,1,455,62,95,3.96,8571.3,39,3,0.7586,6,1,36.82,Standard
5943,Boston,E-bike,10,642,49,493,3.94,7726.13,23,2,0.7778,3,3,39.71,Standard
6277,Austin,Car,8,460,62,298,4.49,11412.11,19,5,0.75,0,1,33.79,Standard
6604,Seattle,Scooter,8,682,52,1590,4.28,16440.54,23,7,0.7059,3,0,33.1,Standard
5384,Boston,Scooter,5,45,57,983,4.19,17331.3,33,17,0.9355,1,0,,Gold
5558,Seattle,E-bike,3,495,25,447,3.94,6878.69,36,4,0.75,5,2,38.16,Standard
7457,Boston,Scooter,5,487,48,310,3.89,8528.81,30,10,0.5417,1,0,35.33,Standard
5428,Denver,E-bike,8,361,35,1791,5.0,20227.99,35,18,0.931,3,1,29.84,Gold
7326,Denver,E-bike,11,239,18,271,3.96,7912.09,26,2,0.8,3,3,37.79,Standard
5425,Chicago,Car,11,512,18,629,4.63,15724.46,29,16,0.8889,1,0,29.04,Gold
7380,Boston,Scooter,10,484,48,813,3.94,14442.81,28,6,0.9167,4,1,33.22,Standard
7086,Boston,E-bike,1,282,28,1378,4.4,18409.95,26,16,0.8696,2,1,29.46,Gold
6743,Chicago,Bicycle,2,253,28,958,4.2,15711.1,26,13,0.9091,4,2,30.65,Gold
5595,Denver,Car,6,103,56,276,4.24,10675.12,26,10,0.75,0,1,33.19,Standard
7387,Denver,Scooter,12,413,39,172,3.79,7677.53,24,3,0.7647,1,5,39.15,Standard
6229,Denver,Walking,3,304,45,303,4.61,13091.69,28,18,0.9259,0,2,30.35,Gold
7272,Austin,Bicycle,4,376,46,216,4.74,12338.0,34,11,0.7143,4,3,32.73,Standard
5497,Seattle,Bicycle,12,604,41,1587,3.84,12394.81,31,0,0.5926,1,3,36.27,Standard
6069,Seattle,Scooter,4,57,61,1385,3.97,11997.02,26,3,0.5556,7,4,36.24,Standard
6996,Chicago,Scooter,2,46,53,297,3.49,5672.54,16,0,0.4,3,1,40.74,Standard
5162,Seattle,E-bike,11,145,42,1054,3.86,8486.35,22,4,0.7059,3,3,36.11,Standard
7084,Boston,Car,10,668,54,117,3.59,7124.82,32,3,0.6667,3,4,37.37,Standard
5727,Denver,Car,4,554,52,212,4.4,9947.45,30,10,0.8846,2,0,32.8,Standard
6783,Chicago,E-bike,11,172,29,544,4.88,15436.13,32,22,0.88,3,2,27.36,Gold
6049,Chicago,E-bike,5,496,31,182,4.5,11922.82,31,11,0.875,6,3,31.8,Standard
7040,Chicago,Car,12,114,39,1513,4.94,21895.08,24,18,0.9565,0,0,,Gold
6431,Boston,E-bike,2,27,47,1497,4.19,14775.34,21,7,0.9048,0,2,37.08,Standard
5974,Seattle,E-bike,4,59,27,954,4.64,16399.95,29,12,0.9231,2,2,29.22,Gold
5245,Denver,Car,2,361,57,317,3.88,8128.76,27,4,0.7143,5,4,35.14,Standard
6782,Chicago,Bicycle,2,490,50,1767,4.66,19665.66,26,12,0.8696,3,1,29.63,Gold
5763,Chicago,Bicycle,4,560,50,1038,4.22,12719.33,26,5,0.7,3,4,35.86,Standard
5280,Seattle,Car,5,99,52,667,3.96,7156.65,21,1,0.6471,0,0,38.38,Standard
7188,Boston,Bicycle,8,626,58,280,4.66,14932.5,31,15,0.8,3,1,28.5,Gold
5253,Boston,Bicycle,1,298,56,1318,4.37,14401.38,22,12,0.6842,2,1,32.56,Standard
5549,Austin,Car,2,190,41,1417,4.0,12840.1,20,2,0.8,2,1,,Standard
6456,Austin,Bicycle,1,636,46,128,3.85,7976.78,30,6,0.7391,5,4,35.81,Standard
7228,Chicago,Walking,9,410,24,1022,4.68,14782.13,32,15,0.92,5,2,30.54,Gold
7335,Boston,Scooter,12,336,18,578,4.74,14739.52,16,9,0.7333,0,2,,Gold
7094,Austin,Scooter,8,675,42,75,4.03,10727.95,22,7,0.7059,3,1,34.0,Standard
6383,Denver,Scooter,9,694,26,692,3.81,9587.26,26,3,0.8182,3,4,36.44,Standard
5393,Seattle,Bicycle,10,514,24,852,4.21,12448.26,41,10,0.8,3,1,34.61,Standard
7166,Denver,Car,11,386,56,1716,4.65,21000.5,41,29,0.9744,1,2,29.08,Gold
5386,Chicago,Scooter,12,131,57,1034,4.65,15710.62,37,24,0.8824,1,2,32.65,Gold
6953,Chicago,Car,5,151,41,708,4.21,7354.31,43,5,0.6667,9,3,33.02,Standard
5771,Seattle,Car,4,146,51,782,4.51,15443.74,30,17,0.84,2,1,29.12,Gold
5828,Chicago,Walking,4,155,18,959,4.55,14765.07,28,15,0.9167,1,0,33.46,Gold
5181,Austin,Walking,7,375,31,1469,4.02,13267.15,21,2,0.7059,3,1,34.59,Standard
6651,Seattle,Scooter,12,161,26,1757,4.07,16076.86,31,7,0.8077,3,1,33.56,Standard
7441,Austin,Scooter,5,527,28,1257,4.47,16526.39,25,9,0.913,1,2,32.28,Gold
7444,Boston,Car,2,125,40,953,4.28,13168.05,26,9,0.8571,3,2,34.55,Standard
6116,Chicago,E-bike,2,298,40,539,3.32,5125.73,31,1,0.68,2,6,42.54,Standard
6481,Boston,Scooter,6,148,56,746,4.48,18204.74,28,23,0.9259,1,1,27.99,Gold
5419,Seattle,Bicycle,3,673,25,428,4.54,13321.96,26,9,0.9048,4,1,30.89,Gold
7350,Denver,Scooter,10,140,53,296,4.3,12635.46,14,10,0.8462,0,0,,Gold
5584,Boston,E-bike,10,516,31,103,4.5,11860.47,28,13,0.8,2,1,31.52,Gold
6002,Boston,Walking,4,163,62,383,4.54,11747.3,38,10,0.8621,4,3,32.47,Standard
6469,Boston,E-bike,9,35,32,1741,4.03,19222.13,29,8,1.0,1,1,35.76,Standard
6308,Austin,Car,1,323,24,865,4.8,16333.05,34,16,0.8519,4,0,31.6,Gold
6318,Chicago,Scooter,12,541,50,1770,4.82,20694.76,29,17,0.9615,3,0,29.88,Gold
5985,Austin,Car,5,535,38,111,4.35,12842.49,22,13,0.8947,1,0,28.96,Gold
5572,Denver,Car,12,406,44,1517,4.28,16903.33,29,14,0.9091,4,2,33.34,Gold
7167,Austin,Scooter,5,4,61,463,4.28,9267.96,33,5,0.6296,1,1,35.59,Standard
5740,Seattle,E-bike,11,404,26,353,4.13,10536.67,30,7,0.5909,6,2,32.14,Standard
5277,Seattle,Walking,8,431,20,753,4.08,10418.78,25,4,0.7143,3,1,34.12,Standard
5550,Chicago,Car,9,130,34,299,4.41,10420.17,29,9,0.84,2,2,34.28,Standard
5589,Denver,Car,11,125,54,1214,4.1,12348.39,24,0,0.625,3,1,,Standard
6015,Chicago,E-bike,12,120,51,203,3.98,9610.88,35,3,0.7273,7,2,36.98,Standard
5291,Denver,E-bike,6,374,44,938,4.44,13263.13,32,11,0.8,6,0,31.88,Gold
7054,Chicago,Car,2,450,38,1069,4.4,14561.57,30,8,0.9167,4,1,33.62,Standard
5596,Austin,Bicycle,7,73,49,373,3.85,10996.59,29,4,0.6667,2,3,35.94,Standard
5377,Denver,Bicycle,5,142,25,341,4.15,11439.27,16,8,0.7692,3,1,31.22,Standard
6709,Chicago,E-bike,10,299,32,683,4.38,8854.14,29,1,0.7273,3,4,35.47,Standard
6545,Austin,Car,2,130,48,700,4.55,15421.45,36,23,0.9412,1,1,29.19,Gold
6055,Boston,Car,12,382,44,921,4.33,13683.82,29,3,0.7083,3,5,,Standard
6398,Austin,E-bike,8,608,43,765,4.38,14832.92,30,18,0.7917,2,2,31.85,Gold
5666,Chicago,Car,1,626,42,1299,4.66,18030.44,27,11,1.0,4,0,27.4,Gold
7433,Austin,Bicycle,9,658,23,231,4.5,12918.89,23,7,0.8421,3,0,31.86,Gold
7283,Denver,E-bike,12,300,19,1324,5.0,17240.62,25,15,0.9565,0,0,25.93,Gold
7221,Austin,Car,2,579,46,988,4.41,13820.26,24,7,0.85,3,0,35.04,Standard
5079,Austin,Bicycle,7,477,23,1203,4.19,10838.85,19,4,0.6429,3,2,39.25,Standard
6707,Austin,Scooter,3,286,35,1473,4.1,11679.77,29,3,0.8182,4,4,36.49,Standard
6635,Denver,Bicycle,2,592,30,848,3.87,8617.71,31,4,0.6957,3,2,,Standard
7182,Seattle,Bicycle,10,385,43,1145,3.81,11316.76,20,2,0.6154,3,0,35.92,Standard
5298,Seattle,Bicycle,7,133,33,1660,4.43,15427.66,27,5,0.8261,2,2,,Standard
5915,Boston,Bicycle,1,651,34,1275,4.22,15052.21,24,10,0.7778,2,1,32.02,Gold
7389,Denver,E-bike,1,425,37,222,4.34,10977.25,38,13,0.7931,6,1,34.19,Gold
5967,Austin,Walking,4,454,19,1744,4.69,16374.46,30,15,0.8261,3,1,32.46,Standard
5222,Austin,Bicycle,7,551,52,1604,3.71,13789.99,35,7,0.5,3,2,36.4,Standard
7470,Denver,E-bike,4,495,19,859,4.08,13050.05,29,10,0.8696,5,1,34.33,Standard
6701,Austin,Scooter,2,47,30,212,4.93,17238.97,25,17,1.0,2,0,26.6,Gold
5892,Seattle,Walking,4,20,19,660,3.82,12283.48,27,3,0.6818,3,4,35.09,Standard
7324,Boston,E-bike,10,664,62,1182,4.3,12924.71,37,7,0.7586,4,2,32.19,Standard
6355,Chicago,E-bike,1,302,57,1639,4.8,19170.48,25,8,0.8261,2,2,33.54,Gold
6168,Austin,Scooter,11,386,43,165,4.54,12125.35,28,17,0.8462,0,2,30.32,Gold
7146,Austin,Car,12,344,47,155,4.37,10145.44,33,9,0.7391,7,2,33.03,Standard
6792,Boston,Car,6,92,50,1668,4.68,19677.12,29,18,0.9565,3,0,26.01,Gold
6320,Chicago,Walking,6,149,62,866,4.78,18049.43,26,21,0.9583,1,0,26.87,Gold
6179,Denver,Scooter,8,55,45,452,4.44,11720.26,26,4,0.8889,5,0,31.62,Standard
6731,Boston,Scooter,8,693,21,1743,4.36,18988.59,24,11,0.8571,2,1,,Gold
6522,Boston,Car,2,476,36,856,4.49,15462.28,24,11,0.8,2,4,28.49,Gold
7482,Boston,Walking,10,589,35,113,4.47,10017.12,28,8,0.7143,5,0,,Standard
6158,Denver,Car,12,193,39,1355,3.97,16918.81,34,9,0.6667,3,2,38.25,Standard
6791,Seattle,Car,8,201,18,1488,3.96,12789.25,29,2,0.7826,6,1,36.31,Standard
7013,Seattle,E-bike,5,72,56,329,3.92,9072.97,25,6,0.75,2,2,36.94,Standard
5295,Boston,Scooter,7,648,47,1629,4.26,17258.66,29,6,0.8846,3,2,30.78,Gold
6852,Chicago,Car,1,385,55,1539,4.75,17751.16,28,16,0.7917,2,0,31.72,Gold
5783,Austin,E-bike,4,616,46,1533,4.68,20157.5,26,16,0.913,2,1,25.7,Gold
5743,Chicago,Scooter,9,18,44,799,4.09,12558.24,24,4,0.7,3,0,32.66,Standard
5327,Seattle,Car,12,636,48,602,4.41,12436.17,32,8,0.913,3,0,32.13,Standard
5766,Chicago,E-bike,3,398,38,1717,4.9,20538.03,27,20,1.0,0,0,,Gold
6905,Austin,Car,9,638,49,583,4.91,15411.66,35,18,0.963,3,2,29.02,Gold
7197,Seattle,E-bike,4,296,46,171,4.31,10474.93,25,9,0.7391,1,1,33.14,Standard
6994,Boston,E-bike,12,667,36,469,4.44,13185.71,30,5,0.8846,3,5,33.27,Standard
7254,Chicago,Scooter,9,431,24,1637,4.53,21180.88,25,11,0.9,3,1,28.4,Gold
6468,Denver,Bicycle,5,89,60,1572,4.33,17837.06,25,15,0.913,1,0,32.48,Gold
7239,Denver,Bicycle,9,286,43,838,4.36,14431.61,20,3,0.8125,2,4,30.68,Standard
5788,Seattle,E-bike,4,512,36,1046,4.57,16869.75,39,17,0.9062,6,5,31.53,Gold
5155,Chicago,Bicycle,10,557,52,536,4.81,14601.8,32,15,0.9062,0,2,,Gold
6515,Austin,Bicycle,5,87,31,1052,4.75,16225.77,28,13,0.84,0,3,32.11,Standard
5863,Denver,Scooter,12,63,62,1143,4.46,17644.5,31,18,0.8276,1,3,29.94,Gold
6689,Seattle,Car,3,73,37,1603,4.37,17466.58,36,16,0.8667,4,1,30.83,Gold
6081,Austin,Bicycle,5,610,52,1317,4.27,14397.95,22,4,0.7222,1,2,35.36,Standard
7362,Seattle,Car,8,666,46,968,4.06,9099.87,35,2,0.5,6,5,,Standard
5121,Austin,Bicycle,11,460,38,780,4.83,17885.04,21,14,1.0,3,0,26.84,Gold
6874,Austin,Car,9,237,20,919,4.35,15071.78,33,13,0.8148,5,1,28.99,Standard
5611,Austin,E-bike,8,624,34,274,4.35,12156.1,28,10,0.875,3,1,29.88,Gold
7485,Seattle,Scooter,7,72,33,1483,4.27,15462.06,32,7,0.8519,5,1,33.09,Standard
6623,Seattle,E-bike,5,234,29,1312,4.67,16090.32,36,16,0.96,6,0,28.9,Gold
6765,Denver,E-bike,12,232,28,1693,4.01,15481.39,29,5,0.6667,4,4,34.83,Standard
5873,Austin,Bicycle,6,452,33,1205,5.0,17418.53,27,15,1.0,1,0,28.62,Gold
6288,Chicago,Car,10,523,46,660,3.61,7662.58,31,2,0.7143,6,4,38.16,Standard
6251,Seattle,Car,10,35,57,1665,4.14,14148.47,21,3,0.7895,2,0,34.4,Standard
7147,Chicago,Car,3,538,45,107,4.18,9480.4,27,5,0.8571,5,2,34.12,Standard
5822,Boston,E-bike,6,568,23,1769,4.97,22318.58,24,18,1.0,1,0,26.57,Gold
5851,Chicago,Scooter,11,11,46,538,4.13,11944.69,35,4,0.8621,6,3,36.67,Standard
7175,Boston,Car,4,681,19,772,3.35,7106.46,34,2,0.6923,6,4,39.93,Standard
5898,Austin,Scooter,3,39,23,1515,4.29,16322.03,24,10,0.8,1,2,32.31,Standard
6954,Chicago,Car,11,341,57,1479,3.94,14835.31,24,6,0.9091,0,1,33.87,Standard
7289,Seattle,E-bike,7,377,23,1379,4.36,16435.84,31,16,1.0,0,4,32.74,Gold
6793,Chicago,E-bike,12,635,26,1182,4.56,16549.92,29,12,0.8462,1,1,,Gold
7159,Denver,Walking,2,10,22,750,4.94,16204.22,18,12,1.0,0,0,30.81,Gold
5772,Austin,Car,6,378,54,1404,4.26,17350.11,20,6,1.0,2,2,29.17,Gold
5626,Seattle,Car,5,583,27,785,3.86,10806.07,24,4,0.7895,4,4,34.42,Standard
6680,Seattle,E-bike,10,111,55,1636,4.68,19085.15,27,16,0.8636,4,4,28.21,Gold
6573,Chicago,E-bike,11,189,42,1674,4.7,17541.66,22,10,0.8824,1,2,,Gold
5874,Seattle,Bicycle,9,370,25,750,4.31,13941.76,22,8,0.8333,3,1,31.03,Gold
5016,Seattle,Scooter,3,66,54,1044,4.87,15581.31,24,14,0.8182,1,2,28.04,Gold
7460,Denver,Scooter,2,158,38,1795,3.94,14240.2,31,2,0.7083,5,0,37.44,Standard
6636,Seattle,E-bike,2,673,33,318,4.57,16118.84,28,20,1.0,4,0,27.91,Gold
6998,Seattle,Car,12,449,29,76,3.99,6629.77,22,3,0.6316,1,3,,Standard
6898,Chicago,Walking,3,130,31,246,3.97,7984.11,21,2,0.8125,0,0,33.61,Standard
7185,Chicago,Car,6,403,26,289,4.52,10261.29,32,9,0.8696,6,3,32.5,Standard
5422,Denver,Car,8,257,44,1675,4.51,15474.81,26,10,0.7368,5,2,36.19,Standard
6648,Boston,Bicycle,5,434,42,1643,4.76,17480.37,21,11,0.8,0,0,29.37,Gold
6757,Austin,Scooter,3,391,51,488,4.71,13510.75,25,14,0.8696,2,1,30.77,Gold
6779,Denver,Car,7,221,54,538,4.2,10352.12,30,9,0.6667,3,2,32.76,Standard
6305,Seattle,Car,6,546,56,960,4.37,14828.62,30,12,0.9231,2,1,31.21,Gold
6133,Chicago,E-bike,10,379,26,816,4.43,13556.85,24,2,0.8333,11,0,35.17,Standard
5315,Seattle,Car,9,492,61,940,4.28,12519.21,33,10,0.8261,6,3,33.56,Standard
7007,Denver,Scooter,9,485,54,231,4.17,11907.17,18,5,0.7333,2,2,30.74,Standard
6532,Boston,Car,4,289,20,469,4.23,11606.79,31,12,0.913,4,7,31.04,Gold
5365,Chicago,Bicycle,8,560,57,1029,4.25,11088.52,28,5,0.7917,3,3,33.06,Standard
5376,Seattle,E-bike,1,307,58,1594,4.08,14474.15,34,5,0.56,7,0,32.55,Standard
7261,Boston,Bicycle,7,220,20,761,4.05,9128.22,38,3,0.4615,5,4,35.6,Standard
5142,Seattle,E-bike,12,136,43,910,4.54,17597.14,25,15,0.8889,3,0,28.77,Gold
5663,Austin,Scooter,10,276,28,124,3.87,6037.22,27,4,0.913,3,3,36.24,Standard
6401,Chicago,E-bike,11,92,35,930,4.25,12969.49,34,10,0.8966,3,6,,Standard
7115,Boston,Walking,7,410,54,1083,4.04,12082.09,15,2,0.9167,2,0,34.99,Standard
5921,Denver,Car,6,659,31,911,4.83,12981.32,34,8,0.8182,6,0,32.19,Standard
5372,Seattle,Car,8,489,54,1720,4.64,19741.37,26,13,0.8182,4,0,33.44,Gold
5110,Seattle,Bicycle,9,313,31,1741,4.8,18790.15,27,14,0.8462,1,2,30.01,Gold
5933,Chicago,E-bike,4,625,30,1630,4.29,16634.61,28,13,0.84,2,2,,Gold
5364,Denver,Bicycle,10,349,43,57,4.25,9886.38,27,9,0.7368,4,0,31.67,Standard
5705,Seattle,Car,5,194,20,887,4.12,12636.26,26,7,0.9412,8,2,36.21,Standard
7208,Austin,Walking,7,524,30,1713,4.22,15983.53,26,2,0.7619,1,0,32.3,Standard
6506,Austin,Car,10,584,29,1654,4.36,19998.14,33,14,0.9,2,2,31.82,Gold
5109,Seattle,Bicycle,10,208,40,561,4.48,14677.72,29,16,0.8846,3,0,30.39,Gold
5714,Boston,Car,8,133,58,1244,4.06,15084.68,26,4,0.7895,5,1,36.42,Standard
6103,Austin,E-bike,5,485,24,1474,4.17,15044.63,26,9,0.5455,2,1,35.66,Standard
6102,Denver,Car,10,171,62,1611,4.24,17449.17,30,9,0.8929,1,6,31.36,Gold
5864,Denver,Bicycle,8,529,52,1496,3.91,13372.9,24,2,1.0,3,1,35.49,Standard
7017,Austin,Scooter,7,353,63,1776,4.34,17301.03,29,6,0.8095,4,1,34.19,Standard
5568,Denver,Bicycle,8,275,55,608,4.23,14455.37,18,4,0.6923,1,2,31.6,Standard
7043,Austin,Bicycle,2,255,49,799,4.15,11535.79,25,7,0.8636,3,1,35.06,Standard
5426,Austin,Car,12,449,51,920,4.5,15891.35,27,14,0.9091,1,0,29.99,Gold
6974,Austin,Car,6,532,38,86,3.7,7066.22,23,2,0.8125,4,2,35.52,Standard
7321,Seattle,Scooter,2,674,33,1278,5.0,17241.41,36,16,0.9286,6,6,29.72,Gold
6906,Chicago,E-bike,12,188,53,381,4.55,11531.15,28,7,0.7143,2,1,35.3,Standard
6458,Austin,E-bike,12,697,27,1158,4.32,17810.16,28,14,0.76,1,0,30.61,Gold
6643,Austin,Bicycle,8,270,50,628,4.27,14097.08,30,15,0.92,4,0,34.63,Gold
7089,Chicago,Bicycle,4,600,62,124,4.02,8819.12,17,2,0.8182,3,1,34.78,Standard
5124,Boston,Bicycle,5,502,53,852,4.63,13225.71,30,12,0.7826,5,2,33.73,Standard
6530,Boston,Bicycle,3,110,44,181,3.98,6232.64,26,5,0.7,4,1,34.54,Standard
7435,Boston,E-bike,7,362,20,1074,4.66,18749.95,35,22,0.9355,3,2,26.99,Gold
7295,Boston,Bicycle,10,302,35,856,4.29,15269.68,20,11,0.7059,3,0,30.88,Gold
7145,Chicago,Car,11,352,46,600,4.53,12334.18,22,7,0.8667,4,3,,Standard
5081,Chicago,Car,4,459,60,395,3.63,7940.82,25,3,0.7273,2,2,36.7,Standard
7223,Chicago,Car,4,464,58,1436,4.21,14688.76,27,9,0.7917,1,1,33.32,Standard
5212,Seattle,Bicycle,2,224,51,763,4.38,13552.2,39,13,0.8125,6,4,29.68,Standard
5071,Chicago,Car,3,22,31,1086,4.8,18204.59,21,13,1.0,4,0,28.08,Gold
6177,Austin,Bicycle,10,490,42,1578,4.67,18157.35,34,14,0.8333,3,2,31.47,Gold
6665,Boston,Car,1,322,23,46,4.12,9426.25,35,8,0.6923,5,3,33.47,Standard
7493,Chicago,Car,2,576,19,837,3.97,9417.58,27,0,0.7778,8,1,,Standard
6215,Seattle,Car,2,572,44,68,3.83,5313.76,41,4,0.8214,7,3,36.88,Standard
7363,Denver,E-bike,4,513,21,1469,4.32,16096.69,19,6,0.7333,2,0,,Standard
5744,Chicago,E-bike,5,209,20,227,4.42,10325.35,33,11,0.8,2,2,31.97,Standard
5409,Seattle,Car,2,53,31,863,4.56,14090.62,33,13,0.88,5,2,33.42,Gold
6417,Denver,E-bike,1,585,44,738,4.33,14022.57,21,9,0.8947,2,1,34.56,Gold
6514,Boston,Bicycle,1,376,60,874,4.13,13771.0,32,11,0.6923,4,2,,Standard
6676,Seattle,Car,4,610,25,905,4.55,13975.5,36,9,0.7,3,0,31.97,Standard
6462,Austin,Scooter,8,16,27,477,3.95,7101.18,28,2,0.2778,4,1,38.56,Standard
6811,Seattle,E-bike,6,364,49,382,4.2,10116.16,25,5,0.9333,6,1,33.77,Standard
6527,Chicago,Car,2,688,51,613,4.63,11717.37,40,10,0.7429,2,1,33.32,Standard
6847,Boston,Scooter,3,66,58,174,4.85,16625.85,19,13,0.9412,2,0,28.68,Gold
6580,Boston,Walking,6,126,57,1082,4.18,12839.17,34,8,0.7407,5,3,33.67,Standard
6495,Chicago,Bicycle,6,657,48,233,4.09,7821.3,17,1,0.8333,2,1,34.76,Standard
7430,Chicago,Car,8,6,26,1351,4.42,17635.56,20,11,0.8889,1,1,30.32,Gold
5170,Seattle,E-bike,9,425,56,1398,4.3,15828.33,35,8,0.8929,4,1,34.16,Standard
7224,Austin,Car,7,460,38,1102,5.0,19322.74,26,24,0.9615,0,1,29.18,Gold
5183,Austin,Walking,3,507,49,258,4.09,8685.87,32,5,0.7037,3,6,36.71,Standard
6937,Boston,E-bike,12,681,23,235,3.93,11072.36,19,6,0.7059,1,3,,Standard
5126,Denver,Car,7,173,37,1562,4.4,15694.34,29,11,0.76,3,2,33.26,Standard
6326,Boston,Car,7,176,62,909,3.42,7695.03,32,1,0.8261,4,5,40.1,Standard
6641,Boston,Car,11,692,50,919,4.64,13476.1,23,7,0.7368,4,3,32.05,Gold
5312,Boston,Car,12,478,26,1069,4.26,12710.74,26,12,0.8571,4,0,33.89,Standard
6497,Seattle,E-bike,8,582,23,223,4.55,12219.07,25,6,0.8571,2,2,32.01,Gold
6291,Denver,E-bike,10,275,54,729,3.92,10063.4,22,5,0.8667,5,1,,Standard
5102,Austin,Scooter,1,147,26,136,3.9,7386.22,42,7,0.6667,3,4,34.97,Standard
5790,Denver,E-bike,3,294,56,146,4.3,8817.36,30,8,0.72,1,1,33.4,Standard
5665,Chicago,E-bike,11,115,54,799,4.11,12601.83,24,5,0.8,1,1,34.44,Standard
7255,Seattle,E-bike,4,368,22,1178,4.61,18690.19,23,15,1.0,2,0,,Gold
7037,Denver,Walking,5,20,45,853,3.61,7744.24,31,2,0.75,5,3,41.45,Standard
5429,Austin,E-bike,4,469,29,638,4.97,18456.9,29,24,0.9643,0,0,27.64,Gold
6455,Denver,Bicycle,8,606,32,813,3.9,11007.66,29,4,0.6111,7,6,40.74,Standard
6404,Chicago,Car,9,157,52,1012,4.33,14611.34,33,14,0.8148,4,0,,Standard
5076,Boston,Bicycle,7,135,20,859,4.6,15226.39,40,20,0.8286,4,0,30.32,Gold
6669,Chicago,E-bike,3,640,39,797,4.53,14849.97,33,19,0.9032,1,0,31.02,Gold
5235,Denver,E-bike,10,138,42,40,4.27,7247.38,26,7,0.8333,4,0,34.56,Standard
6979,Seattle,Car,10,504,37,1100,4.32,14856.73,21,11,0.875,3,1,33.7,Standard
7211,Seattle,Scooter,5,280,63,1777,4.5,17392.34,23,9,0.8947,1,2,34.45,Gold
7371,Seattle,E-bike,5,515,43,1052,4.54,17538.82,25,17,0.913,2,0,29.64,Gold
6163,Seattle,Bicycle,9,190,54,1075,4.02,14345.48,23,6,0.5556,1,0,36.48,Standard
7091,Denver,E-bike,5,110,23,335,4.29,11950.15,29,8,0.8095,6,0,31.1,Standard
6178,Denver,E-bike,3,365,18,1315,3.91,13766.68,27,4,0.6957,4,1,34.22,Standard
5999,Austin,Walking,7,568,59,1723,3.69,13954.86,27,3,0.75,2,4,36.2,Standard
7002,Denver,Car,8,431,45,264,3.41,6143.02,35,2,0.6786,4,0,41.57,Standard
6250,Denver,E-bike,5,678,42,34,3.98,8106.44,30,6,0.8095,6,0,34.61,Standard
5176,Seattle,Bicycle,6,573,29,707,4.55,16074.85,37,18,0.8966,6,1,31.41,Gold
7484,Seattle,Bicycle,6,256,28,1684,4.78,17519.4,30,14,0.8462,2,2,33.09,Standard
7097,Seattle,Bicycle,6,664,58,307,4.33,11047.53,23,7,0.9048,2,1,33.49,Standard
5614,Denver,E-bike,12,551,34,653,4.79,13829.95,29,12,0.76,3,2,29.71,Gold
6922,Austin,Walking,2,365,51,110,4.04,8025.05,24,2,0.7368,4,0,36.13,Standard
5674,Austin,Car,11,392,22,545,3.87,8536.51,25,3,0.85,5,3,35.51,Standard
6612,Chicago,Car,2,324,39,1367,4.16,14295.09,21,10,0.8333,1,0,31.69,Standard
5451,Austin,Scooter,11,360,46,1186,4.34,15294.83,24,4,0.8,1,2,32.37,Standard
6691,Chicago,Car,4,473,59,115,4.1,9998.3,23,5,0.6471,5,3,31.62,Standard
6744,Boston,Car,2,233,27,1776,4.59,20274.25,30,16,0.7692,2,1,29.93,Gold
6616,Chicago,E-bike,7,318,54,947,4.11,14965.21,25,9,0.7917,0,1,31.08,Standard
5841,Boston,Bicycle,4,602,31,1449,3.81,14049.33,19,4,0.8125,2,1,34.7,Standard
7144,Austin,Car,3,223,28,1507,4.16,15683.6,27,6,0.7727,4,4,32.54,Standard
7388,Austin,Bicycle,11,586,59,566,4.55,14488.47,22,12,0.95,2,1,28.96,Gold
5532,Chicago,Scooter,2,690,55,1694,4.08,16269.96,26,6,0.7826,2,4,34.01,Standard
7381,Seattle,Car,2,245,39,1653,4.55,16506.38,24,7,0.619,3,1,30.17,Standard
7323,Boston,Scooter,6,118,44,1708,3.85,10316.55,22,1,0.8462,9,2,37.98,Standard
5322,Boston,E-bike,12,468,55,1586,3.93,14732.32,34,8,0.7308,6,4,33.82,Standard
5437,Austin,Walking,9,89,23,228,3.87,10440.19,25,10,0.7619,2,1,34.19,Standard
5562,Denver,Bicycle,12,424,57,325,4.53,12076.0,25,7,0.75,3,0,32.93,Standard
5658,Chicago,Bicycle,1,128,37,566,3.73,9855.27,30,6,0.8966,1,0,38.02,Standard
6708,Austin,Car,1,386,49,1795,4.49,20047.33,28,15,0.84,2,2,29.18,Gold
5403,Denver,Car,11,322,24,1137,4.14,10816.39,29,4,0.5909,6,1,,Standard
5103,Denver,Car,8,476,61,375,4.19,13366.31,26,15,0.9565,1,2,32.13,Gold
6052,Seattle,Scooter,9,411,24,1664,4.49,18818.2,23,14,0.8571,1,2,31.54,Gold
7466,Austin,Bicycle,9,592,63,1217,4.39,15846.83,30,18,0.9231,2,1,30.48,Gold
5396,Austin,Bicycle,4,456,58,628,4.37,12699.77,26,10,0.875,2,1,29.65,Standard
5755,Boston,Scooter,7,425,32,1657,4.92,20234.1,31,20,1.0,2,1,26.51,Gold
6766,Chicago,E-bike,9,43,57,1785,4.94,20975.45,26,20,0.9167,0,0,,Gold
6324,Seattle,Scooter,7,78,30,1552,4.71,20594.49,27,20,0.9091,4,1,27.29,Gold
6011,Denver,Scooter,3,290,20,1745,4.11,15782.84,21,4,0.7222,0,2,35.76,Standard
5591,Denver,Walking,11,493,30,248,3.88,9191.76,26,8,0.8571,4,3,34.3,Standard
7018,Austin,Car,9,137,37,1542,4.03,13367.05,27,7,0.7,3,3,,Standard
5775,Chicago,Car,12,583,24,1096,4.41,14708.43,30,9,1.0,4,2,,Standard
6795,Chicago,Bicycle,5,142,44,437,3.82,10260.41,35,4,0.6154,7,4,35.43,Standard
7448,Chicago,Car,2,448,27,379,4.02,10990.54,32,9,0.88,3,0,32.42,Standard
5629,Denver,E-bike,7,463,39,30,3.87,7152.68,31,4,0.5652,4,4,35.93,Standard
5634,Boston,Bicycle,7,186,45,231,4.64,13195.74,34,18,0.7353,0,0,30.47,Gold
5049,Chicago,E-bike,4,317,56,872,4.21,12557.69,27,2,0.7647,3,2,35.63,Standard
5704,Boston,Bicycle,1,171,51,1390,4.06,17219.73,29,4,1.0,5,1,30.96,Standard
6323,Austin,E-bike,6,458,40,1464,4.16,15442.22,20,6,0.7143,2,1,31.74,Standard
5814,Chicago,Car,11,210,57,1222,4.47,17175.59,35,12,0.9615,5,1,30.3,Gold
5469,Austin,Bicycle,10,173,58,1306,3.72,9985.24,26,1,0.65,3,1,40.78,Standard
5891,Seattle,E-bike,7,82,44,153,5.0,14166.55,34,23,0.8788,0,0,26.71,Gold
5759,Boston,Car,12,322,24,286,3.57,7061.79,18,1,0.8125,1,3,36.44,Standard
6621,Chicago,Bicycle,3,522,39,1555,4.42,18785.3,18,8,1.0,3,1,33.25,Gold
6869,Chicago,Bicycle,6,366,32,1310,4.36,17584.24,30,11,0.7778,3,2,,Gold
6202,Chicago,Scooter,6,557,30,942,4.99,17185.55,29,25,0.8929,1,0,27.76,Gold
6758,Seattle,Scooter,7,155,32,161,4.48,11964.98,31,9,0.875,3,0,31.85,Gold
7194,Seattle,Bicycle,6,683,41,662,4.59,12669.91,28,8,0.8889,1,1,30.88,Gold
6203,Seattle,E-bike,10,396,41,486,4.6,15548.28,28,14,0.92,1,2,28.76,Gold
5548,Chicago,Scooter,8,80,19,1523,4.21,15991.34,20,5,0.9286,5,0,34.86,Standard
5072,Chicago,Scooter,12,49,39,1663,4.21,15467.84,30,5,0.6957,3,3,35.37,Standard
5590,Boston,E-bike,7,84,53,886,4.06,12850.59,27,6,0.8261,2,5,37.27,Standard
6171,Seattle,E-bike,4,164,44,277,3.72,5245.07,32,1,0.6522,4,3,37.85,Standard
5187,Boston,Bicycle,8,232,61,1127,4.48,18762.43,40,18,0.9394,5,1,29.04,Gold
5105,Denver,E-bike,4,10,34,904,3.94,11147.68,37,5,0.8929,6,3,34.8,Standard
5742,Austin,Scooter,2,343,27,475,4.29,12035.83,28,11,0.6296,0,0,32.47,Standard
6400,Austin,Scooter,8,440,20,277,4.28,13195.37,21,7,0.7778,1,2,33.82,Standard
5807,Seattle,Car,10,617,59,371,4.53,9914.36,20,4,0.8947,0,2,31.1,Standard
6936,Seattle,Walking,12,483,33,1149,4.5,13862.0,28,14,0.7778,1,4,35.06,Standard
5793,Boston,Scooter,7,78,30,1741,5.0,22032.21,31,26,1.0,2,0,25.83,Gold
7452,Denver,Scooter,12,610,22,840,3.99,11432.56,24,7,0.7273,1,2,36.66,Standard
5910,Seattle,E-bike,4,617,55,1669,4.13,16849.41,35,12,0.8182,9,0,34.95,Standard
5054,Austin,Car,4,118,34,1571,5.0,22797.38,27,23,1.0,1,0,25.92,Gold
5547,Seattle,Car,11,431,29,1591,3.71,11775.14,21,1,0.6471,2,1,36.35,Standard
5467,Denver,E-bike,11,125,61,153,4.75,15412.12,24,18,0.9545,1,0,23.87,Gold
7216,Chicago,E-bike,12,72,37,843,4.32,12659.54,22,9,0.8421,2,2,31.99,Standard
6671,Seattle,E-bike,9,293,60,943,4.46,13048.02,21,2,0.7333,4,2,34.13,Standard
5734,Austin,Car,7,447,44,998,4.1,11728.92,26,5,0.6316,4,1,36.04,Standard
6735,Austin,Car,10,288,21,1396,3.83,10235.93,35,3,0.7037,5,4,,Standard
5907,Chicago,Car,12,246,61,1212,4.21,13424.64,21,1,0.4615,2,1,36.86,Standard
6299,Chicago,Scooter,8,96,58,349,4.38,11615.89,19,5,0.8,1,0,35.84,Standard
5361,Boston,E-bike,9,380,53,1316,4.29,17190.79,30,13,0.8,4,2,35.06,Standard
6649,Austin,Car,9,288,43,459,3.76,8324.2,37,3,0.6667,8,2,35.16,Standard
5765,Chicago,E-bike,10,254,53,971,4.49,13255.11,17,8,0.8667,2,0,31.06,Standard
5040,Seattle,Car,11,658,24,1689,4.73,22678.06,35,26,0.9706,1,1,28.0,Gold
6918,Boston,Car,8,412,40,208,5.0,16370.3,27,21,1.0,2,2,27.3,Gold
6105,Austin,Bicycle,4,337,59,448,4.56,13365.58,36,18,0.8929,5,0,30.41,Gold
5833,Denver,Car,3,160,32,928,4.42,12250.01,30,6,0.7143,5,1,,Standard
6695,Austin,Car,9,361,54,1088,4.82,17365.45,23,16,1.0,0,1,27.84,Gold
5602,Austin,Bicycle,8,463,18,665,4.8,13011.05,23,10,0.875,4,0,31.2,Gold
5789,Seattle,Bicycle,1,378,32,223,4.39,12497.77,21,12,0.7895,1,2,30.34,Gold
6292,Seattle,Bicycle,1,318,36,272,3.9,5724.41,34,1,0.68,7,3,39.4,Standard
7127,Chicago,Scooter,7,695,32,1682,3.66,14774.1,28,7,0.7727,5,6,31.98,Standard
7186,Boston,E-bike,12,18,62,1378,4.26,15380.77,31,10,0.7778,4,3,32.23,Standard
5938,Denver,Car,12,582,37,1632,4.65,20978.91,33,22,0.9667,1,2,28.6,Gold
5328,Boston,Car,3,427,46,1352,4.81,17881.84,21,14,0.95,0,1,30.44,Gold
6474,Seattle,Scooter,1,515,31,1635,4.11,17152.5,26,13,0.913,1,0,31.93,Gold
6787,Boston,Walking,1,524,61,1551,4.82,16926.11,25,14,0.7368,4,1,25.54,Gold
7215,Denver,E-bike,2,81,22,31,4.92,13837.4,27,19,0.88,1,0,29.5,Gold
7305,Austin,Bicycle,4,621,37,1021,3.77,11461.38,25,7,0.6818,1,3,32.69,Standard
5487,Denver,Car,3,626,39,400,4.36,12275.32,20,6,0.9412,1,3,30.94,Gold
7489,Seattle,E-bike,1,418,19,678,4.19,11814.85,29,8,0.7692,1,0,,Standard
6375,Boston,Bicycle,11,620,54,764,4.07,15552.99,30,10,0.8846,3,1,32.76,Gold
5101,Denver,E-bike,9,658,24,1412,4.18,14033.15,36,11,0.7742,3,3,33.48,Standard
6646,Chicago,E-bike,2,210,54,633,4.05,12389.92,33,13,0.8889,6,1,33.58,Standard
5982,Austin,Bicycle,12,162,54,224,3.51,6204.05,19,0,0.75,3,2,38.77,Standard
5453,Denver,E-bike,12,292,32,1274,5.0,19367.57,22,20,1.0,1,2,,Gold
7076,Austin,Bicycle,7,536,30,636,3.5,4663.75,27,2,0.5,5,1,40.49,Standard
5014,Austin,E-bike,2,462,36,70,3.9,9352.31,26,3,0.8889,4,3,36.28,Standard
7053,Seattle,E-bike,3,366,29,384,4.93,15427.39,36,20,0.9062,1,2,29.76,Gold
6057,Denver,Car,7,448,62,31,3.98,9438.38,24,3,0.8095,3,1,33.59,Standard
6991,Austin,Car,5,17,21,434,4.2,13171.83,25,11,0.7727,3,4,29.21,Standard
6554,Seattle,Scooter,1,510,28,1597,4.62,20510.24,26,20,0.9583,2,0,29.71,Gold
7281,Boston,E-bike,5,629,44,556,4.37,11812.62,29,10,0.8,2,2,35.77,Standard
7107,Austin,E-bike,12,83,51,706,4.05,14209.46,34,9,0.8966,1,1,32.62,Standard
6531,Seattle,E-bike,10,578,57,1243,4.07,12068.9,30,6,0.72,3,8,36.75,Standard
5718,Austin,Car,8,208,51,1784,4.4,18766.47,32,8,0.8966,3,5,33.28,Standard
5523,Boston,E-bike,9,166,22,1762,4.4,15606.95,39,11,0.7222,1,2,,Standard
6873,Denver,Scooter,7,493,53,1511,3.95,14641.53,34,3,0.6,7,1,35.22,Standard
6403,Boston,Car,7,360,41,1007,4.49,15535.83,30,16,0.8,4,1,30.88,Gold
6570,Denver,E-bike,7,188,27,830,4.0,9963.91,31,0,0.7,8,5,39.42,Standard
6713,Seattle,E-bike,1,286,25,1668,3.98,14980.12,26,7,0.6818,3,1,,Standard
7109,Chicago,E-bike,4,92,53,1373,4.45,16399.53,44,18,0.7436,4,2,35.71,Standard
6650,Seattle,Car,2,198,28,1030,3.73,8693.57,19,1,0.6923,4,2,35.1,Standard
6231,Boston,E-bike,5,287,63,1224,4.74,19492.34,31,21,0.9655,2,2,27.88,Gold
5258,Seattle,Scooter,5,10,58,1699,4.56,17182.04,22,7,0.8235,4,2,30.32,Standard
6072,Boston,Car,4,319,24,1279,4.05,13998.08,26,8,0.7826,2,2,31.91,Standard
6143,Seattle,Car,2,615,21,1746,4.12,17177.31,26,9,0.7619,3,1,35.2,Standard
5143,Seattle,E-bike,5,4,18,1780,3.8,14558.05,28,4,0.7273,4,1,35.7,Standard
5909,Austin,Bicycle,2,631,48,1735,4.03,17219.07,24,6,0.8462,8,0,,Standard
5762,Denver,Bicycle,4,22,49,490,3.95,10549.41,38,6,0.7241,6,4,36.26,Standard
5318,Chicago,E-bike,5,323,30,143,4.64,10486.03,23,12,0.8421,3,2,27.73,Gold
5513,Boston,Car,11,674,48,656,3.91,9525.01,28,1,0.5556,6,2,40.24,Standard
5302,Seattle,E-bike,10,268,41,809,4.56,13007.74,18,4,0.8,2,2,31.4,Standard
6533,Denver,Walking,1,548,41,707,4.3,12932.64,20,7,0.6667,0,3,32.19,Standard
5075,Austin,E-bike,2,12,20,665,4.81,13400.91,34,22,0.9677,3,1,29.85,Gold
5894,Boston,Bicycle,9,425,30,83,3.67,4302.05,25,0,0.6429,6,1,42.59,Standard
5055,Denver,Scooter,5,541,19,857,4.07,11977.28,38,4,0.75,8,1,36.92,Standard
6149,Chicago,Car,9,520,29,761,3.94,11460.59,21,4,0.8667,3,0,36.31,Standard
6549,Chicago,Car,1,667,43,707,5.0,19009.64,27,21,1.0,3,0,28.83,Gold
5968,Denver,Bicycle,2,84,28,629,3.75,10803.37,35,1,0.4815,5,5,36.9,Standard
6569,Denver,E-bike,12,298,23,902,4.52,15757.21,32,23,0.8387,1,1,29.01,Gold
6871,Boston,Bicycle,2,401,30,1747,4.09,16617.74,22,5,0.8235,4,1,33.09,Standard
6399,Austin,E-bike,5,613,63,1454,4.39,15727.35,25,15,0.9583,1,1,31.41,Gold
6929,Chicago,Scooter,5,181,61,1753,4.61,17697.78,25,12,0.75,4,2,30.46,Gold
6539,Austin,Walking,9,453,23,1036,4.21,15331.81,37,13,0.9062,4,4,32.87,Standard
7008,Seattle,Scooter,11,171,18,952,4.53,16401.04,18,8,0.8571,1,0,29.06,Gold
5263,Chicago,Car,4,9,28,199,4.55,9123.92,20,7,0.8667,2,2,33.49,Standard
6957,Austin,Car,7,50,50,641,3.84,6886.74,34,1,0.75,7,1,37.26,Standard
5824,Denver,Car,12,101,42,1562,4.44,14581.56,24,4,0.5333,6,4,33.54,Standard
7038,Chicago,E-bike,11,410,42,141,3.74,5375.93,20,0,0.5,4,4,37.34,Standard
7285,Seattle,Walking,12,235,48,504,4.8,11966.2,27,14,0.6667,1,1,31.56,Gold
7079,Denver,Car,1,634,23,1728,4.77,21147.62,30,21,0.8846,2,1,29.33,Gold
6796,Denver,Walking,6,379,24,1653,3.87,17730.81,23,3,0.9444,5,4,,Standard
5023,Denver,Bicycle,12,188,48,944,4.83,15770.95,28,19,0.913,0,1,30.57,Gold
5656,Austin,Car,2,424,51,179,4.45,10656.7,29,9,0.84,4,3,33.74,Standard
5627,Chicago,Car,11,453,52,457,4.14,11482.91,27,11,0.8261,3,1,30.04,Standard
5871,Boston,Scooter,2,587,22,1082,3.75,10834.63,37,4,0.7931,5,2,35.78,Standard
5374,Denver,Car,11,137,44,1506,4.35,14308.17,24,8,0.7895,3,3,34.11,Standard
6872,Boston,Car,12,410,49,1131,4.53,15825.63,26,9,0.7826,2,5,30.82,Gold
5274,Denver,E-bike,7,112,46,1097,4.49,12899.14,29,7,0.7083,3,3,32.55,Standard
6327,Austin,Car,4,246,57,1656,4.57,17182.12,21,5,0.8333,1,1,32.08,Standard
6247,Austin,Car,7,446,62,124,4.38,12603.92,22,6,0.9444,1,3,,Gold
7178,Boston,E-bike,9,62,40,51,4.38,10387.52,18,10,0.8,2,1,32.49,Standard
7394,Seattle,Scooter,5,495,61,1728,4.55,19927.27,29,11,0.72,3,2,31.66,Gold
6044,Austin,Bicycle,10,272,36,215,4.51,10860.39,29,15,0.8846,3,8,30.26,Gold
7039,Boston,E-bike,2,371,48,1087,4.34,14315.58,26,9,0.75,1,2,33.72,Standard
7299,Austin,E-bike,9,10,43,105,4.2,6653.22,31,4,0.6923,2,1,35.85,Standard
5858,Denver,E-bike,8,118,39,314,3.84,9109.3,30,4,0.7143,6,2,38.73,Standard
7201,Austin,E-bike,12,549,52,1248,3.65,9133.5,27,0,0.5714,2,7,42.27,Standard
6111,Denver,E-bike,7,349,54,1763,4.26,20338.6,37,20,0.8235,2,4,33.22,Gold
7220,Chicago,Car,11,141,23,855,4.35,14154.78,28,4,0.85,5,1,33.52,Standard
7243,Austin,E-bike,7,367,20,719,4.5,13893.02,26,11,0.9048,4,2,32.29,Gold
5357,Boston,E-bike,4,339,50,1683,4.15,15160.26,27,8,0.7727,4,2,37.97,Standard
5745,Chicago,Bicycle,10,394,36,1018,4.35,13845.59,39,10,0.9,5,3,30.76,Standard
5306,Seattle,Scooter,5,146,52,433,3.92,6006.32,32,2,0.625,4,3,37.77,Standard
5483,Seattle,Walking,12,307,54,580,4.6,12732.1,29,10,0.9048,3,2,32.46,Gold
7292,Chicago,Bicycle,7,229,30,895,4.49,14390.06,23,7,0.8947,2,2,33.25,Standard
6925,Boston,Car,1,249,33,560,4.0,12253.62,31,7,0.7273,4,5,35.1,Standard
6946,Denver,Scooter,8,589,18,1223,4.23,14184.22,29,12,0.8,2,2,31.19,Standard
5699,Austin,E-bike,5,58,40,512,4.72,14810.16,36,18,0.9032,3,3,,Gold
6275,Denver,E-bike,1,438,30,1300,4.34,16834.92,29,12,0.8182,7,1,31.97,Gold
5847,Seattle,Bicycle,12,58,42,1021,4.26,15231.51,31,7,0.8333,3,0,32.99,Standard
5111,Chicago,Scooter,2,528,42,943,4.2,14347.64,36,10,0.8929,6,1,32.47,Standard
5948,Austin,Car,9,16,57,1569,5.0,22330.0,29,27,0.9286,1,0,23.84,Gold
5198,Austin,Car,5,360,49,857,4.82,14489.28,23,9,0.9444,3,0,31.33,Gold
5208,Denver,Car,12,586,24,247,4.5,9658.58,28,4,0.8696,2,1,34.61,Standard
5559,Chicago,Car,5,678,63,561,3.96,8885.95,29,6,0.68,4,1,35.0,Standard
7341,Boston,Car,4,364,43,674,4.63,14197.73,35,15,0.8571,3,0,31.91,Gold
6243,Chicago,Car,1,330,32,569,4.09,13209.01,20,7,0.9412,2,1,32.77,Standard
6073,Seattle,Bicycle,11,161,36,1017,4.06,10801.21,28,3,0.6818,4,3,34.97,Standard
6061,Austin,Car,2,482,55,578,4.46,12566.19,31,11,0.8214,2,2,34.18,Standard
7304,Seattle,Car,7,418,23,1594,4.67,18027.51,41,23,0.9706,3,4,29.15,Gold
6672,Boston,Bicycle,5,472,43,120,4.14,10199.25,25,7,0.7727,0,0,31.66,Standard
5390,Denver,E-bike,3,180,59,1386,4.45,17024.81,29,15,0.8889,2,3,29.99,Gold
7258,Seattle,Scooter,9,167,24,1253,4.65,15801.43,27,12,0.9091,4,5,31.71,Gold
5708,Boston,Scooter,7,597,58,941,3.95,8954.85,30,5,0.6316,8,4,36.59,Standard
7048,Boston,E-bike,8,662,23,190,3.88,7651.6,32,6,0.7586,2,1,34.67,Standard
6863,Chicago,E-bike,1,551,39,835,3.65,10064.18,32,4,0.875,4,3,34.9,Standard
5645,Seattle,Scooter,10,473,27,1396,4.26,15725.07,26,10,0.9524,4,1,32.31,Standard
6726,Chicago,E-bike,4,535,21,1776,3.85,13715.29,29,3,0.8,3,1,33.49,Standard
7150,Boston,E-bike,10,617,46,86,4.36,9915.14,29,6,0.8333,2,1,31.76,Standard
6978,Boston,Scooter,8,628,33,555,4.2,12839.15,28,3,0.7143,6,1,34.54,Standard
6624,Seattle,Scooter,6,681,33,1015,4.42,16382.44,33,16,0.9333,3,1,29.79,Gold
5337,Chicago,Scooter,11,557,37,1113,4.26,15230.25,35,12,0.6923,4,4,32.72,Standard
5768,Chicago,E-bike,12,266,55,1631,4.77,17201.4,36,15,0.7778,7,0,32.36,Gold
6415,Denver,Bicycle,12,531,50,991,4.11,14733.43,32,11,0.9286,4,2,32.54,Gold
6790,Denver,E-bike,10,122,25,200,4.61,12096.51,31,16,0.875,5,2,26.86,Gold
5954,Chicago,Bicycle,7,126,40,1096,4.78,16551.16,36,14,0.8966,4,1,30.36,Gold
6183,Denver,Bicycle,2,697,55,1008,4.19,18413.15,29,15,0.963,1,1,29.56,Gold
7311,Chicago,Scooter,3,426,40,1680,4.46,15505.44,30,11,0.875,2,0,32.83,Standard
6888,Denver,E-bike,7,560,28,1607,4.43,18218.77,26,14,0.8696,2,0,30.78,Gold
5084,Austin,E-bike,12,54,50,708,3.93,9371.04,40,2,0.6667,7,2,36.96,Standard
6306,Denver,Bicycle,5,642,30,115,4.36,10525.28,21,3,0.8333,3,3,32.27,Standard
6365,Seattle,Bicycle,3,415,33,141,4.1,11056.81,32,18,0.9643,2,0,31.85,Gold
5131,Boston,Scooter,11,522,53,552,4.15,10501.58,25,4,0.6842,5,2,34.0,Standard
6331,Austin,Car,12,416,26,160,3.92,7979.0,20,3,0.7333,4,4,38.43,Standard
5903,Seattle,Scooter,7,667,58,645,4.53,13134.41,29,15,0.9231,2,0,27.94,Gold
7198,Chicago,E-bike,6,333,41,1538,4.3,16176.32,30,11,0.8,5,2,32.51,Standard
5341,Seattle,E-bike,6,76,34,1282,5.0,22979.99,31,29,1.0,0,1,23.27,Gold
5888,Denver,E-bike,4,266,37,512,3.96,8729.57,27,4,0.6875,7,1,36.63,Standard
6014,Austin,Bicycle,10,389,23,585,4.66,14475.8,19,13,0.875,0,0,30.82,Gold
6969,Seattle,Scooter,8,379,28,728,4.01,12147.15,20,5,0.6875,0,1,35.12,Standard
6799,Seattle,E-bike,4,664,49,332,3.91,7952.24,29,5,0.75,2,2,37.12,Standard
7440,Seattle,Bicycle,11,274,53,1542,4.89,20389.07,28,22,0.963,0,0,26.04,Gold
6644,Boston,Car,12,19,40,496,3.61,7943.61,32,2,0.6923,4,5,38.75,Standard
6982,Austin,Bicycle,11,332,42,87,4.65,12154.54,19,15,0.7647,1,0,33.68,Gold
5204,Austin,E-bike,2,526,36,800,4.58,17518.62,27,18,0.8846,0,2,28.51,Gold
6438,Chicago,E-bike,5,343,55,1004,3.58,10238.73,28,3,0.6316,7,3,38.9,Standard
5486,Denver,E-bike,4,677,31,413,4.41,10859.59,25,3,0.6818,2,4,37.89,Standard
5078,Austin,Bicycle,2,43,48,1268,4.61,16180.84,36,11,0.8621,3,0,31.53,Gold
5089,Chicago,Scooter,8,68,49,1755,4.49,15969.57,30,14,0.88,1,0,30.4,Gold
5004,Chicago,Bicycle,9,218,40,192,3.97,10204.6,12,1,0.6667,4,2,39.18,Standard
5062,Seattle,E-bike,12,598,21,886,4.3,12204.94,29,4,0.8333,2,1,31.91,Standard
6884,Austin,Car,2,151,62,1027,4.06,10738.83,30,1,0.3913,4,0,36.7,Standard
5813,Chicago,Bicycle,8,315,45,1417,3.98,12407.18,24,3,0.6471,4,1,37.59,Standard
6938,Denver,E-bike,10,52,30,1328,4.7,18200.05,35,20,0.9062,1,1,30.32,Gold
5219,Chicago,Car,8,558,26,339,4.4,11963.62,35,14,0.9259,5,1,30.83,Gold
6897,Denver,Bicycle,1,515,25,136,4.23,11492.16,23,10,0.9375,4,1,35.2,Gold
6176,Seattle,Car,9,457,24,335,4.19,9964.16,32,4,0.75,5,1,34.09,Standard
5837,Denver,Car,8,136,41,388,4.3,13269.43,26,10,0.96,0,2,34.25,Gold
5307,Chicago,Scooter,3,564,29,1641,3.99,14281.33,29,4,0.7619,5,2,34.4,Standard
7044,Chicago,Walking,12,631,56,885,3.29,5732.03,24,0,0.5,6,1,41.69,Standard
6337,Boston,Car,10,379,54,1256,3.72,12022.18,32,8,0.8148,3,5,33.24,Standard
6919,Boston,Walking,9,614,24,316,4.15,7949.81,31,5,0.6957,4,1,37.31,Standard
6227,Chicago,E-bike,9,256,57,1686,4.79,16564.61,33,19,0.8889,2,3,31.47,Gold
5870,Austin,Car,1,520,26,1220,5.0,18478.12,35,29,0.9706,1,1,28.31,Gold
5301,Boston,E-bike,1,538,23,1767,4.36,16171.11,31,14,0.8519,3,4,33.07,Standard
6540,Austin,Bicycle,5,421,50,515,4.39,11548.51,20,5,0.875,3,0,35.04,Standard
6319,Seattle,Car,5,567,26,852,4.88,15283.34,16,7,1.0,1,2,31.7,Gold
