car_id,model,manufacture_year,last_inspection_date
1,Toyota Camry,2019,2021-10-05
2,Chevrolet Malibu,2017,2021-03-30
3,Hyundai Sonata,2021,2021-09-16
4,Nissan Altima,2022,2021-10-27
5,Nissan Altima,2017,2022-02-18
6,Kia Optima,2011,2022-09-06
7,Toyota Camry,2015,2022-08-05
8,Hyundai Sonata,2012,2021-06-13
9,Honda Accord,2016,2023-02-11
10,Toyota Camry,2019,2023-01-29
11,Nissan Altima,2011,2022-04-23
12,Kia Optima,2014,2021-05-18
13,Chevrolet Malibu,2005,2021-09-01
14,Chevrolet Malibu,2018,2021-10-31
15,Chevrolet Malibu,2013,2021-12-20
16,Chevrolet Malibu,2013,2023-01-05
17,Nissan Altima,2014,2022-06-20
18,Toyota Camry,2008,2023-02-02
19,Chevrolet Malibu,2015,2021-06-02
20,Nissan Altima,2018,2021-06-08
21,Nissan Altima,2011,2022-08-25
22,Ford Fusion,2007,2022-07-25
23,Honda Accord,2011,2022-07-03
24,Kia Optima,2008,2021-02-04
25,Chevrolet Malibu,2011,2022-01-30
26,Hyundai Sonata,2016,2021-05-29
27,Ford Fusion,2007,2022-03-07
28,Chevrolet Malibu,2018,2021-07-26
29,Nissan Altima,2009,2021-12-26
30,Nissan Altima,2021,2022-08-07
31,Nissan Altima,2018,2021-02-16
32,Honda Accord,2009,2021-07-16
33,Toyota Camry,2015,2021-05-23
34,Nissan Altima,2006,2020-12-13
35,Kia Optima,2006,2022-09-03
36,Toyota Camry,2022,2023-01-22
37,Kia Optima,2019,2021-11-07
38,Chevrolet Malibu,2007,2022-06-25
39,Honda Accord,2010,2022-03-19
40,Hyundai Sonata,2008,2022-09-16
41,Honda Accord,2012,2022-04-21
42,Chevrolet Malibu,2010,2022-04-26
43,Hyundai Sonata,2010,2022-06-03
44,Ford Fusion,2014,2021-06-16
45,Toyota Camry,2008,2021-10-29
46,Kia Optima,2020,2022-02-12
47,Nissan Altima,2018,2023-01-03
48,Kia Optima,2018,2021-11-17
49,Hyundai Sonata,2008,2022-11-08
50,Chevrolet Malibu,2017,2022-07-06
51,Chevrolet Malibu,2020,2022-04-06
52,Honda Accord,2008,2022-12-08
53,Ford Fusion,2018,2022-04-29
54,Nissan Altima,2011,2022-08-18
55,Nissan Altima,2019,2021-03-12
56,Toyota Camry,2013,2021-03-03
57,Nissan Altima,2019,2023-04-10
58,Honda Accord,2007,2021-10-20
59,Chevrolet Malibu,2012,2021-09-16
60,Hyundai Sonata,2009,2022-05-10
61,Kia Optima,2009,2022-02-17
62,Chevrolet Malibu,2010,2021-05-04
63,Ford Fusion,2011,2022-05-10
64,Kia Optima,2007,2023-02-16
65,Ford Fusion,2017,2022-05-15
66,Ford Fusion,2014,2022-08-29
67,Kia Optima,2019,2022-05-05
68,Ford Fusion,2017,2022-09-20
69,Toyota Camry,2007,2022-12-01
70,Nissan Altima,2006,2020-11-10
71,Chevrolet Malibu,2012,2022-12-20
72,Honda Accord,2013,2021-07-19
73,Nissan Altima,2009,2021-07-08
74,Toyota Camry,2019,2021-10-06
75,Hyundai Sonata,2015,2021-01-15
76,Nissan Altima,2018,2023-04-10
77,Ford Fusion,2006,2022-07-17
78,Honda Accord,2019,2022-10-31
79,Nissan Altima,2008,2021-11-12
80,Hyundai Sonata,2013,2021-09-20
81,Kia Optima,2012,2021-01-27
82,Nissan Altima,2019,2022-05-08
83,Honda Accord,2009,2022-09-14
84,Chevrolet Malibu,2009,2021-01-04
85,Hyundai Sonata,2011,2021-08-17
86,Hyundai Sonata,2011,2021-05-27
87,Toyota Camry,2008,2022-03-10
88,Ford Fusion,2008,2022-03-08
89,Chevrolet Malibu,2009,2022-04-30
90,Chevrolet Malibu,2013,2021-06-10
91,Nissan Altima,2011,2022-10-07
92,Chevrolet Malibu,2012,2020-11-19
93,Chevrolet Malibu,2017,2022-11-07
94,Ford Fusion,2009,2022-02-24
95,Kia Optima,2021,2022-07-06
96,Ford Fusion,2018,2021-09-14
97,Honda Accord,2008,2021-08-11
98,Hyundai Sonata,2010,2021-01-09
99,Hyundai Sonata,2008,2021-05-05
100,Toyota Camry,2009,2022-09-03
101,Chevrolet Malibu,2011,2022-10-11
102,Honda Accord,2007,2021-02-06
103,Chevrolet Malibu,2005,2022-01-31
104,Toyota Camry,2012,2023-01-17
105,Chevrolet Malibu,2017,2021-04-03
106,Chevrolet Malibu,2010,2021-09-09
107,Chevrolet Malibu,2020,2023-03-23
108,Hyundai Sonata,2011,2021-05-11
109,Nissan Altima,2021,2021-10-15
110,Hyundai Sonata,2009,2021-10-09
111,Honda Accord,2014,2021-02-26
112,Chevrolet Malibu,2018,2022-01-24
113,Nissan Altima,2006,2022-02-24
114,Nissan Altima,2021,2021-10-07
115,Nissan Altima,2011,2022-10-19
116,Nissan Altima,2013,2022-11-29
117,Toyota Camry,2016,2021-03-17
118,Toyota Camry,2016,2022-10-03
119,Honda Accord,2005,2022-01-16
120,Toyota Camry,2020,2022-08-15
121,Nissan Altima,2016,2022-09-19
122,Hyundai Sonata,2022,2021-10-24
123,Hyundai Sonata,2013,2021-04-23
124,Nissan Altima,2016,2022-03-13
125,Chevrolet Malibu,2012,2022-12-11
126,Nissan Altima,2021,2022-09-07
127,Toyota Camry,2019,2022-11-18
128,Chevrolet Malibu,2021,2021-02-10
129,Hyundai Sonata,2014,2022-07-01
130,Hyundai Sonata,2019,2022-05-13
131,Nissan Altima,2011,2023-02-10
132,Nissan Altima,2013,2022-03-10
133,Toyota Camry,2018,2021-01-13
134,Nissan Altima,2006,2022-04-11
135,Chevrolet Malibu,2017,2021-09-06
136,Ford Fusion,2005,2022-11-02
137,Hyundai Sonata,2015,2022-12-07
138,Toyota Camry,2013,2021-06-26
139,Ford Fusion,2013,2023-02-14
140,Nissan Altima,2013,2022-03-07
141,Kia Optima,2013,2022-07-04
142,Honda Accord,2012,2023-03-31
143,Honda Accord,2013,2021-12-23
144,Ford Fusion,2015,2020-11-29
145,Kia Optima,2018,2023-02-11
146,Chevrolet Malibu,2014,2021-04-11
147,Toyota Camry,2016,2021-12-16
148,Honda Accord,2020,2021-07-03
149,Chevrolet Malibu,2022,2023-01-18
150,Toyota Camry,2006,2021-02-22
151,Chevrolet Malibu,2017,2023-04-04
152,Honda Accord,2009,2021-01-19
153,Kia Optima,2008,2021-08-31
154,Ford Fusion,2019,2022-06-15
155,Nissan Altima,2006,2023-04-08
156,Hyundai Sonata,2020,2021-10-12
157,Toyota Camry,2018,2023-01-26
158,Nissan Altima,2022,2021-10-14
159,Nissan Altima,2017,2021-05-19
160,Chevrolet Malibu,2020,2022-08-17
161,Kia Optima,2007,2022-09-12
162,Hyundai Sonata,2021,2022-09-27
163,Ford Fusion,2007,2022-09-24
164,Ford Fusion,2010,2023-01-02
165,Ford Fusion,2007,2022-09-02
166,Chevrolet Malibu,2012,2021-08-30
167,Ford Fusion,2018,2022-07-17
168,Honda Accord,2009,2021-05-12
169,Ford Fusion,2019,2021-04-08
170,Toyota Camry,2015,2021-05-30
171,Toyota Camry,2016,2021-12-15
172,Toyota Camry,2021,2022-07-04
173,Chevrolet Malibu,2012,2020-12-30
174,Chevrolet Malibu,2011,2022-10-12
175,Hyundai Sonata,2022,2022-02-21
176,Nissan Altima,2015,2022-03-03
177,Chevrolet Malibu,2016,2021-06-13
178,Honda Accord,2010,2021-12-09
179,Kia Optima,2008,2021-04-26
180,Nissan Altima,2008,2021-01-08
181,Kia Optima,2009,2022-04-28
182,Honda Accord,2008,2021-02-17
183,Nissan Altima,2018,2022-11-13
184,Hyundai Sonata,2006,2021-01-11
185,Nissan Altima,2016,2022-11-05
186,Nissan Altima,2022,2021-03-11
187,Honda Accord,2018,2022-04-29
188,Ford Fusion,2012,2020-11-28
189,Honda Accord,2006,2022-12-19
190,Ford Fusion,2020,2022-02-20
191,Hyundai Sonata,2005,2021-01-24
192,Hyundai Sonata,2017,2023-03-03
193,Hyundai Sonata,2017,2022-08-19
194,Ford Fusion,2008,2023-01-29
195,Kia Optima,2018,2022-06-30
196,Toyota Camry,2008,2022-04-29
197,Ford Fusion,2009,2021-10-05
198,Toyota Camry,2019,2022-08-26
199,Ford Fusion,2022,2022-11-23
200,Kia Optima,2009,2022-11-13
201,Ford Fusion,2021,2020-12-22
202,Kia Optima,2021,2020-12-09
203,Nissan Altima,2018,2022-09-27
204,Hyundai Sonata,2007,2022-10-21
205,Nissan Altima,2010,2023-02-25
206,Honda Accord,2017,2020-12-03
207,Chevrolet Malibu,2022,2021-07-19
208,Kia Optima,2019,2021-05-31
209,Honda Accord,2012,2022-07-27
210,Chevrolet Malibu,2009,2021-09-15
211,Honda Accord,2022,2023-02-20
212,Chevrolet Malibu,2009,2021-08-15
213,Chevrolet Malibu,2011,2021-11-09
214,Nissan Altima,2022,2022-06-21
215,Chevrolet Malibu,2015,2021-07-15
216,Honda Accord,2009,2021-09-10
217,Toyota Camry,2005,2022-03-16
218,Toyota Camry,2012,2022-10-29
219,Nissan Altima,2022,2023-03-24
220,Kia Optima,2012,2020-12-23
221,Toyota Camry,2017,2022-08-05
222,Nissan Altima,2009,2022-07-17
223,Hyundai Sonata,2018,2021-08-10
224,Honda Accord,2018,2022-08-28
225,Chevrolet Malibu,2015,2022-05-12
226,Ford Fusion,2018,2021-07-14
227,Chevrolet Malibu,2015,2021-10-26
228,Hyundai Sonata,2011,2021-09-01
229,Nissan Altima,2018,2023-04-10
230,Honda Accord,2020,2022-03-05
231,Nissan Altima,2020,2022-02-11
232,Chevrolet Malibu,2008,2021-09-23
233,Toyota Camry,2017,2022-11-29
234,Chevrolet Malibu,2005,2022-11-22
235,Nissan Altima,2015,2021-05-29
236,Chevrolet Malibu,2015,2021-08-17
237,Hyundai Sonata,2011,2021-04-15
238,Nissan Altima,2022,2022-08-14
239,Ford Fusion,2020,2020-10-30
240,Hyundai Sonata,2005,2022-08-12
241,Toyota Camry,2008,2021-09-06
242,Hyundai Sonata,2008,2022-11-20
243,Toyota Camry,2021,2021-01-09
244,Hyundai Sonata,2014,2022-06-20
245,Hyundai Sonata,2018,2021-04-23
246,Toyota Camry,2019,2022-06-21
247,Chevrolet Malibu,2018,2021-05-04
248,Ford Fusion,2006,2022-03-02
249,Chevrolet Malibu,2007,2023-02-17
250,Toyota Camry,2012,2022-10-25
251,Honda Accord,2011,2021-08-08
252,Nissan Altima,2018,2022-10-23
253,Honda Accord,2007,2022-08-10
254,Ford Fusion,2011,2021-12-13
255,Hyundai Sonata,2009,2022-08-30
256,Honda Accord,2008,2022-12-20
257,Hyundai Sonata,2008,2021-09-30
258,Toyota Camry,2008,2021-08-03
259,Honda Accord,2015,2021-06-24
260,Hyundai Sonata,2012,2020-12-17
261,Chevrolet Malibu,2012,2022-12-24
262,Honda Accord,2013,2022-03-27
263,Ford Fusion,2018,2022-09-16
264,Kia Optima,2020,2021-01-24
265,Kia Optima,2014,2021-12-15
266,Hyundai Sonata,2016,2023-01-16
267,Nissan Altima,2018,2021-07-31
268,Ford Fusion,2017,2023-03-07
269,Hyundai Sonata,2007,2022-08-11
270,Hyundai Sonata,2022,2021-07-05
271,Ford Fusion,2007,2022-01-15
272,Toyota Camry,2012,2021-05-30
273,Honda Accord,2016,2021-11-17
274,Kia Optima,2012,2021-03-18
275,Ford Fusion,2009,2021-11-25
276,Nissan Altima,2021,2023-02-22
277,Nissan Altima,2006,2023-02-09
278,Chevrolet Malibu,2009,2021-05-16
279,Toyota Camry,2022,2023-03-11
280,Toyota Camry,2018,2022-05-11
281,Honda Accord,2006,2023-03-31
282,Nissan Altima,2018,2022-07-16
283,Hyundai Sonata,2022,2021-10-26
284,Nissan Altima,2006,2022-11-10
285,Nissan Altima,2012,2022-02-19
286,Kia Optima,2013,2020-10-31
287,Honda Accord,2007,2023-02-10
288,Hyundai Sonata,2008,2023-02-16
289,Nissan Altima,2008,2022-08-14
290,Nissan Altima,2008,2021-04-01
291,Chevrolet Malibu,2012,2022-04-15
292,Honda Accord,2013,2021-09-17
293,Kia Optima,2009,2023-03-15
294,Ford Fusion,2010,2021-06-23
295,Nissan Altima,2008,2023-02-13
296,Nissan Altima,2019,2021-07-14
297,Chevrolet Malibu,2008,2022-12-03
298,Nissan Altima,2021,2021-03-04
299,Honda Accord,2014,2022-07-22
300,Toyota Camry,2019,2022-10-31
301,Ford Fusion,2016,2022-06-16
302,Chevrolet Malibu,2009,2023-04-14
303,Toyota Camry,2015,2022-11-17
304,Kia Optima,2009,2021-10-23
305,Nissan Altima,2007,2022-07-18
306,Toyota Camry,2009,2022-05-31
307,Ford Fusion,2009,2021-04-19
308,Nissan Altima,2007,2022-12-24
309,Ford Fusion,2005,2022-04-24
310,Toyota Camry,2021,2022-10-29
311,Hyundai Sonata,2014,2022-02-04
312,Hyundai Sonata,2012,2022-06-20
313,Toyota Camry,2021,2023-03-04
314,Honda Accord,2009,2023-02-10
315,Honda Accord,2012,2021-03-09
316,Hyundai Sonata,2020,2023-02-22
317,Chevrolet Malibu,2016,2021-05-11
318,Chevrolet Malibu,2012,2021-01-11
319,Kia Optima,2009,2022-02-20
320,Chevrolet Malibu,2005,2022-07-08
321,Ford Fusion,2006,2021-05-17
322,Toyota Camry,2007,2020-11-12
323,Hyundai Sonata,2019,2022-12-27
324,Kia Optima,2016,2020-11-29
325,Kia Optima,2012,2020-12-17
326,Honda Accord,2019,2022-12-07
327,Honda Accord,2007,2023-02-24
328,Toyota Camry,2008,2021-07-11
329,Toyota Camry,2012,2023-02-04
330,Nissan Altima,2021,2021-10-21
331,Nissan Altima,2016,2023-02-15
332,Ford Fusion,2020,2021-08-02
333,Ford Fusion,2009,2022-09-18
334,Chevrolet Malibu,2020,2023-01-18
335,Nissan Altima,2006,2023-02-14
336,Chevrolet Malibu,2009,2022-10-27
337,Kia Optima,2014,2021-12-14
338,Ford Fusion,2005,2023-02-05
339,Honda Accord,2020,2021-04-23
340,Kia Optima,2020,2021-10-18
341,Hyundai Sonata,2014,2022-07-21
342,Ford Fusion,2010,2020-11-09
343,Hyundai Sonata,2006,2021-08-30
344,Nissan Altima,2016,2021-08-18
345,Kia Optima,2014,2022-11-09
346,Honda Accord,2018,2021-07-15
347,Kia Optima,2015,2021-11-28
348,Kia Optima,2007,2020-11-10
349,Honda Accord,2007,2022-02-09
350,Honda Accord,2019,2021-08-13
351,Nissan Altima,2007,2022-06-12
352,Toyota Camry,2021,2023-03-09
353,Ford Fusion,2006,2022-12-21
354,Nissan Altima,2018,2021-02-24
355,Kia Optima,2022,2021-06-20
356,Kia Optima,2012,2022-05-22
357,Honda Accord,2006,2021-07-26
358,Kia Optima,2020,2023-04-11
359,Toyota Camry,2008,2023-03-12
360,Chevrolet Malibu,2014,2022-01-13
361,Chevrolet Malibu,2022,2021-09-30
362,Kia Optima,2018,2020-12-23
363,Honda Accord,2005,2021-06-01
364,Kia Optima,2019,2022-08-26
365,Toyota Camry,2007,2021-04-12
366,Nissan Altima,2018,2022-01-28
367,Nissan Altima,2016,2021-04-02
368,Ford Fusion,2010,2022-11-09
369,Toyota Camry,2012,2023-03-22
370,Chevrolet Malibu,2007,2023-02-22
371,Ford Fusion,2022,2020-11-05
372,Hyundai Sonata,2009,2023-02-01
373,Ford Fusion,2010,2020-12-21
374,Ford Fusion,2014,2021-06-30
375,Kia Optima,2017,2022-12-04
376,Toyota Camry,2014,2021-02-27
377,Chevrolet Malibu,2014,2022-12-06
378,Chevrolet Malibu,2015,2022-12-07
379,Ford Fusion,2020,2021-11-13
380,Honda Accord,2012,2022-07-29
381,Toyota Camry,2019,2022-07-27
382,Kia Optima,2019,2022-10-21
383,Kia Optima,2022,2021-10-15
384,Honda Accord,2021,2023-03-21
385,Toyota Camry,2019,2022-09-06
386,Toyota Camry,2009,2021-12-03
387,Toyota Camry,2018,2022-02-01
388,Chevrolet Malibu,2018,2021-07-24
389,Kia Optima,2010,2022-10-02
390,Honda Accord,2017,2021-09-09
391,Chevrolet Malibu,2009,2021-05-31
392,Honda Accord,2014,2022-05-01
393,Ford Fusion,2019,2022-08-27
394,Hyundai Sonata,2008,2021-12-02
395,Chevrolet Malibu,2011,2021-11-10
396,Kia Optima,2019,2023-01-20
397,Toyota Camry,2013,2021-11-22
398,Honda Accord,2022,2022-11-27
399,Honda Accord,2005,2021-11-19
400,Ford Fusion,2017,2020-12-28
401,Kia Optima,2019,2021-12-18
402,Chevrolet Malibu,2021,2021-05-30
403,Ford Fusion,2007,2022-07-10
404,Kia Optima,2022,2021-01-05
405,Nissan Altima,2012,2021-04-14
406,Nissan Altima,2011,2021-01-10
407,Nissan Altima,2011,2021-06-17
408,Honda Accord,2016,2021-09-08
409,Kia Optima,2016,2021-12-29
410,Toyota Camry,2013,2020-12-31
411,Honda Accord,2006,2021-03-13
412,Honda Accord,2022,2022-04-05
413,Honda Accord,2008,2023-01-27
414,Toyota Camry,2006,2023-04-11
415,Toyota Camry,2015,2022-09-17
416,Hyundai Sonata,2012,2023-02-17
417,Kia Optima,2016,2022-10-06
418,Toyota Camry,2020,2023-01-06
419,Ford Fusion,2006,2020-11-14
420,Nissan Altima,2010,2023-01-19
421,Kia Optima,2014,2021-09-28
422,Hyundai Sonata,2019,2022-06-02
423,Chevrolet Malibu,2015,2022-11-09
424,Hyundai Sonata,2011,2021-07-23
425,Ford Fusion,2015,2020-11-23
426,Honda Accord,2022,2021-05-04
427,Kia Optima,2013,2020-11-19
428,Chevrolet Malibu,2020,2021-10-31
429,Toyota Camry,2019,2021-08-17
430,Chevrolet Malibu,2010,2022-12-04
431,Toyota Camry,2009,2021-03-09
432,Chevrolet Malibu,2018,2021-06-11
433,Chevrolet Malibu,2008,2022-08-29
434,Toyota Camry,2011,2022-05-31
435,Nissan Altima,2009,2021-10-12
436,Toyota Camry,2015,2023-04-03
437,Nissan Altima,2010,2021-04-09
438,Kia Optima,2016,2022-08-05
439,Toyota Camry,2021,2023-02-06
440,Ford Fusion,2019,2022-06-21
441,Kia Optima,2022,2021-03-24
442,Ford Fusion,2005,2022-08-11
443,Toyota Camry,2013,2021-12-16
444,Nissan Altima,2008,2021-04-15
445,Nissan Altima,2021,2023-03-15
446,Hyundai Sonata,2017,2021-05-31
447,Ford Fusion,2010,2022-07-29
448,Kia Optima,2015,2021-07-28
449,Nissan Altima,2015,2022-10-27
450,Ford Fusion,2013,2022-12-11
451,Kia Optima,2013,2021-05-06
452,Kia Optima,2005,2021-04-18
453,Nissan Altima,2013,2020-11-13
454,Toyota Camry,2011,2021-08-14
455,Hyundai Sonata,2019,2022-02-20
456,Nissan Altima,2020,2022-10-21
457,Honda Accord,2018,2022-07-23
458,Hyundai Sonata,2005,2021-09-09
459,Chevrolet Malibu,2020,2022-06-07
460,Toyota Camry,2012,2022-02-04
461,Chevrolet Malibu,2012,2022-11-14
462,Toyota Camry,2022,2022-03-16
463,Chevrolet Malibu,2020,2022-09-13
464,Ford Fusion,2005,2023-01-04
465,Toyota Camry,2011,2022-12-17
466,Kia Optima,2018,2022-01-04
467,Honda Accord,2014,2022-05-20
468,Hyundai Sonata,2009,2023-01-15
469,Honda Accord,2014,2022-01-07
470,Kia Optima,2020,2022-11-18
471,Chevrolet Malibu,2009,2023-04-01
472,Chevrolet Malibu,2018,2022-12-16
473,Nissan Altima,2018,2022-03-07
474,Nissan Altima,2020,2020-12-08
475,Hyundai Sonata,2010,2022-09-09
476,Chevrolet Malibu,2008,2022-08-01
477,Chevrolet Malibu,2014,2022-09-08
478,Toyota Camry,2014,2022-05-30
479,Hyundai Sonata,2012,2021-07-09
480,Toyota Camry,2019,2022-06-29
481,Ford Fusion,2019,2021-08-31
482,Chevrolet Malibu,2009,2021-01-27
483,Honda Accord,2019,2020-12-15
484,Chevrolet Malibu,2009,2021-11-24
485,Nissan Altima,2012,2021-07-12
486,Honda Accord,2005,2021-01-08
487,Ford Fusion,2011,2021-05-07
488,Nissan Altima,2022,2022-07-19
489,Chevrolet Malibu,2012,2022-12-17
490,Hyundai Sonata,2017,2023-01-01
491,Kia Optima,2006,2021-02-11
492,Kia Optima,2016,2021-11-30
493,Chevrolet Malibu,2011,2022-07-22
494,Hyundai Sonata,2018,2022-06-08
495,Ford Fusion,2021,2022-08-04
496,Ford Fusion,2014,2021-04-24
497,Toyota Camry,2006,2021-10-11
498,Ford Fusion,2013,2021-02-13
499,Kia Optima,2007,2022-07-17
500,Ford Fusion,2013,2022-02-14
501,Toyota Camry,2006,2022-12-26
502,Hyundai Sonata,2016,2020-11-22
503,Kia Optima,2010,2022-01-09
504,Kia Optima,2008,2021-12-03
505,Honda Accord,2005,2022-04-08
506,Nissan Altima,2020,2022-08-14
507,Nissan Altima,2020,2020-12-13
508,Honda Accord,2019,2022-01-30
509,Honda Accord,2006,2021-08-16
510,Honda Accord,2011,2023-03-12
511,Kia Optima,2022,2022-08-09
512,Chevrolet Malibu,2015,2021-04-22
513,Chevrolet Malibu,2007,2023-01-26
514,Chevrolet Malibu,2007,2023-01-13
515,Kia Optima,2009,2021-04-16
516,Toyota Camry,2022,2022-07-11
517,Kia Optima,2008,2022-08-11
518,Toyota Camry,2021,2021-11-22
519,Nissan Altima,2017,2022-10-21
520,Hyundai Sonata,2021,2023-03-07
521,Ford Fusion,2019,2023-04-10
522,Honda Accord,2010,2023-02-02
523,Honda Accord,2019,2022-11-23
524,Chevrolet Malibu,2008,2021-07-28
525,Ford Fusion,2010,2022-07-21
526,Ford Fusion,2008,2023-02-09
527,Kia Optima,2007,2023-04-02
528,Honda Accord,2006,2022-02-10
529,Kia Optima,2008,2021-03-20
530,Kia Optima,2007,2022-06-14
531,Hyundai Sonata,2011,2023-02-16
532,Honda Accord,2006,2022-09-21
533,Honda Accord,2006,2022-01-21
534,Honda Accord,2022,2022-10-27
535,Hyundai Sonata,2006,2020-11-16
536,Honda Accord,2006,2021-05-28
537,Nissan Altima,2005,2022-06-09
538,Toyota Camry,2007,2020-12-10
539,Nissan Altima,2014,2022-06-26
540,Toyota Camry,2019,2022-12-09
541,Hyundai Sonata,2018,2020-12-22
542,Toyota Camry,2015,2020-12-03
543,Honda Accord,2006,2022-07-07
544,Honda Accord,2018,2021-10-27
545,Chevrolet Malibu,2005,2022-11-10
546,Toyota Camry,2016,2021-09-15
547,Nissan Altima,2012,2021-08-02
548,Hyundai Sonata,2020,2021-07-15
549,Nissan Altima,2010,2021-11-19
550,Hyundai Sonata,2016,2021-07-20
551,Chevrolet Malibu,2012,2021-12-02
552,Ford Fusion,2014,2021-04-07
553,Chevrolet Malibu,2021,2022-11-04
554,Ford Fusion,2017,2022-02-04
555,Kia Optima,2012,2022-04-05
556,Nissan Altima,2013,2021-12-21
557,Chevrolet Malibu,2017,2022-12-08
558,Kia Optima,2011,2022-06-27
559,Chevrolet Malibu,2008,2020-12-08
560,Chevrolet Malibu,2013,2023-01-10
561,Nissan Altima,2006,2021-09-20
562,Toyota Camry,2008,2021-08-25
563,Nissan Altima,2012,2022-02-12
564,Honda Accord,2019,2023-03-15
565,Kia Optima,2019,2023-03-15
566,Honda Accord,2009,2022-08-10
567,Honda Accord,2012,2023-01-12
568,Honda Accord,2007,2023-01-20
569,Hyundai Sonata,2018,2022-11-22
570,Nissan Altima,2009,2022-10-25
571,Kia Optima,2019,2021-03-22
572,Ford Fusion,2020,2021-09-17
573,Honda Accord,2017,2023-03-18
574,Toyota Camry,2010,2021-09-26
575,Toyota Camry,2022,2022-12-13
576,Ford Fusion,2017,2022-04-01
577,Kia Optima,2016,2023-03-11
578,Nissan Altima,2020,2023-01-23
579,Kia Optima,2020,2022-12-16
580,Toyota Camry,2006,2022-03-21
581,Toyota Camry,2020,2022-02-22
582,Chevrolet Malibu,2018,2022-06-01
583,Toyota Camry,2008,2021-10-04
584,Toyota Camry,2010,2021-07-06
585,Ford Fusion,2018,2021-06-28
586,Kia Optima,2008,2021-11-10
587,Hyundai Sonata,2013,2021-12-10
588,Toyota Camry,2017,2022-01-28
589,Chevrolet Malibu,2016,2022-09-13
590,Chevrolet Malibu,2021,2022-02-01
591,Chevrolet Malibu,2007,2023-04-05
592,Kia Optima,2010,2020-11-27
593,Honda Accord,2022,2022-05-17
594,Kia Optima,2015,2021-06-04
595,Ford Fusion,2009,2020-12-05
596,Chevrolet Malibu,2010,2022-01-23
597,Hyundai Sonata,2011,2021-03-01
598,Chevrolet Malibu,2014,2022-02-08
599,Hyundai Sonata,2010,2022-12-17
600,Hyundai Sonata,2016,2023-03-22
601,Hyundai Sonata,2013,2022-12-14
602,Chevrolet Malibu,2015,2020-12-18
603,Chevrolet Malibu,2007,2022-02-11
604,Toyota Camry,2016,2022-07-02
605,Chevrolet Malibu,2021,2022-03-09
606,Nissan Altima,2007,2022-08-27
607,Ford Fusion,2010,2021-02-21
608,Nissan Altima,2017,2020-10-28
609,Kia Optima,2016,2023-01-28
610,Kia Optima,2017,2021-07-07
611,Chevrolet Malibu,2015,2022-06-17
612,Nissan Altima,2017,2023-03-03
613,Chevrolet Malibu,2015,2021-01-05
614,Ford Fusion,2006,2023-02-18
615,Hyundai Sonata,2018,2022-10-11
616,Hyundai Sonata,2013,2023-03-23
617,Honda Accord,2005,2022-02-15
618,Honda Accord,2012,2021-10-22
619,Toyota Camry,2012,2022-06-30
620,Toyota Camry,2006,2023-02-09
621,Nissan Altima,2022,2022-12-31
622,Nissan Altima,2009,2020-12-26
623,Honda Accord,2010,2021-04-20
624,Ford Fusion,2012,2020-12-23
625,Hyundai Sonata,2019,2021-12-23
626,Honda Accord,2018,2021-12-10
627,Ford Fusion,2018,2021-05-08
628,Ford Fusion,2009,2021-10-07
629,Nissan Altima,2020,2022-03-18
630,Ford Fusion,2019,2022-07-26
631,Chevrolet Malibu,2013,2022-02-02
632,Ford Fusion,2014,2023-02-16
633,Nissan Altima,2005,2022-10-23
634,Ford Fusion,2018,2021-06-21
635,Honda Accord,2022,2021-02-23
636,Hyundai Sonata,2013,2023-01-13
637,Honda Accord,2014,2023-01-17
638,Ford Fusion,2013,2023-01-28
639,Chevrolet Malibu,2006,2021-05-03
640,Kia Optima,2016,2022-07-09
641,Hyundai Sonata,2017,2022-06-25
642,Kia Optima,2021,2023-04-03
643,Chevrolet Malibu,2021,2020-11-21
644,Nissan Altima,2013,2022-03-20
645,Chevrolet Malibu,2022,2021-04-28
646,Ford Fusion,2014,2021-07-17
647,Nissan Altima,2016,2022-12-08
648,Nissan Altima,2015,2021-04-24
649,Kia Optima,2022,2021-12-06
650,Chevrolet Malibu,2018,2021-10-18
651,Nissan Altima,2007,2022-10-16
652,Hyundai Sonata,2006,2021-03-14
653,Honda Accord,2012,2020-12-28
654,Chevrolet Malibu,2014,2022-04-14
655,Nissan Altima,2017,2023-01-21
656,Nissan Altima,2013,2021-03-12
657,Chevrolet Malibu,2014,2021-02-06
658,Hyundai Sonata,2021,2022-01-14
659,Toyota Camry,2011,2021-11-10
660,Ford Fusion,2013,2022-09-26
661,Honda Accord,2015,2023-02-13
662,Chevrolet Malibu,2013,2020-12-17
663,Toyota Camry,2022,2022-02-04
664,Honda Accord,2022,2022-08-10
665,Hyundai Sonata,2014,2021-07-30
666,Hyundai Sonata,2013,2023-03-22
667,Nissan Altima,2015,2023-02-02
668,Kia Optima,2008,2022-09-08
669,Kia Optima,2012,2022-03-05
670,Toyota Camry,2008,2022-05-20
671,Kia Optima,2007,2022-10-28
672,Hyundai Sonata,2006,2022-06-03
673,Hyundai Sonata,2015,2022-06-18
674,Toyota Camry,2005,2021-12-29
675,Hyundai Sonata,2016,2021-11-25
676,Chevrolet Malibu,2012,2021-02-10
677,Hyundai Sonata,2011,2021-04-19
678,Toyota Camry,2018,2022-07-26
679,Nissan Altima,2014,2021-01-23
680,Kia Optima,2018,2022-01-01
681,Chevrolet Malibu,2017,2022-10-28
682,Toyota Camry,2005,2022-06-13
683,Kia Optima,2008,2021-06-17
684,Kia Optima,2015,2021-04-06
685,Honda Accord,2022,2022-05-13
686,Chevrolet Malibu,2007,2022-11-24
687,Ford Fusion,2006,2022-10-24
688,Hyundai Sonata,2021,2023-01-11
689,Nissan Altima,2022,2021-07-25
690,Chevrolet Malibu,2008,2022-01-17
691,Kia Optima,2012,2022-03-05
692,Chevrolet Malibu,2016,2021-08-18
693,Kia Optima,2008,2021-03-31
694,Kia Optima,2010,2021-04-29
695,Toyota Camry,2012,2022-12-12
696,Honda Accord,2016,2021-10-31
697,Chevrolet Malibu,2010,2021-02-10
698,Hyundai Sonata,2012,2021-05-19
699,Toyota Camry,2010,2022-06-22
700,Toyota Camry,2018,2022-04-26
701,Nissan Altima,2007,2021-02-03
702,Hyundai Sonata,2009,2023-03-16
703,Honda Accord,2009,2021-12-28
704,Honda Accord,2021,2022-12-31
705,Toyota Camry,2022,2021-01-30
706,Nissan Altima,2014,2023-03-11
707,Toyota Camry,2007,2023-03-24
708,Hyundai Sonata,2018,2022-06-23
709,Nissan Altima,2013,2022-10-17
710,Nissan Altima,2020,2022-01-24
711,Hyundai Sonata,2011,2022-07-19
712,Nissan Altima,2022,2022-05-29
713,Chevrolet Malibu,2019,2021-11-23
714,Chevrolet Malibu,2009,2021-11-27
715,Kia Optima,2018,2020-12-25
716,Chevrolet Malibu,2010,2022-02-06
717,Nissan Altima,2011,2021-11-23
718,Nissan Altima,2009,2021-08-13
719,Honda Accord,2017,2022-11-09
720,Hyundai Sonata,2009,2021-08-23
721,Toyota Camry,2016,2021-03-01
722,Kia Optima,2015,2022-07-03
723,Chevrolet Malibu,2018,2022-11-05
724,Toyota Camry,2022,2022-06-07
725,Chevrolet Malibu,2005,2022-08-10
726,Toyota Camry,2022,2021-11-04
727,Chevrolet Malibu,2006,2021-02-27
728,Toyota Camry,2014,2021-10-25
729,Nissan Altima,2011,2022-12-23
730,Hyundai Sonata,2016,2022-07-06
731,Chevrolet Malibu,2017,2021-08-03
732,Ford Fusion,2020,2022-06-22
733,Kia Optima,2012,2021-11-03
734,Chevrolet Malibu,2021,2021-07-30
735,Honda Accord,2010,2022-06-23
736,Hyundai Sonata,2008,2021-09-09
737,Chevrolet Malibu,2011,2022-04-22
738,Ford Fusion,2014,2022-12-14
739,Chevrolet Malibu,2017,2022-05-15
740,Kia Optima,2019,2022-03-14
741,Chevrolet Malibu,2009,2023-04-12
742,Chevrolet Malibu,2010,2021-02-01
743,Hyundai Sonata,2021,2021-12-26
744,Honda Accord,2012,2023-03-13
745,Chevrolet Malibu,2009,2021-02-23
746,Ford Fusion,2022,2021-03-07
747,Nissan Altima,2013,2023-04-04
748,Ford Fusion,2022,2022-11-19
749,Ford Fusion,2021,2022-05-22
750,Honda Accord,2021,2022-01-13
751,Kia Optima,2015,2021-07-01
752,Honda Accord,2019,2022-03-29
753,Toyota Camry,2022,2021-10-12
754,Kia Optima,2009,2023-04-05
755,Nissan Altima,2005,2021-08-30
756,Nissan Altima,2010,2021-01-12
757,Chevrolet Malibu,2016,2021-12-27
758,Ford Fusion,2014,2022-03-02
759,Toyota Camry,2006,2022-07-21
760,Chevrolet Malibu,2015,2020-12-08
761,Honda Accord,2008,2023-03-16
762,Nissan Altima,2014,2022-07-31
763,Kia Optima,2015,2022-12-11
764,Kia Optima,2016,2021-02-25
765,Ford Fusion,2012,2022-02-05
766,Chevrolet Malibu,2012,2021-01-05
767,Hyundai Sonata,2017,2021-08-25
768,Nissan Altima,2018,2021-11-30
769,Toyota Camry,2019,2022-01-04
770,Ford Fusion,2011,2022-10-14
771,Hyundai Sonata,2012,2021-11-25
772,Kia Optima,2010,2021-08-06
773,Toyota Camry,2014,2020-11-28
774,Chevrolet Malibu,2007,2021-12-07
775,Chevrolet Malibu,2012,2020-12-21
776,Kia Optima,2008,2020-12-16
777,Ford Fusion,2014,2021-12-31
778,Toyota Camry,2020,2022-03-16
779,Honda Accord,2022,2022-12-07
780,Chevrolet Malibu,2013,2022-08-16
781,Kia Optima,2006,2021-02-13
782,Hyundai Sonata,2009,2022-12-11
783,Toyota Camry,2006,2022-04-23
784,Toyota Camry,2018,2021-07-25
785,Nissan Altima,2022,2022-09-10
786,Hyundai Sonata,2014,2020-11-20
787,Toyota Camry,2008,2021-09-08
788,Hyundai Sonata,2005,2023-03-20
789,Nissan Altima,2022,2022-09-04
790,Toyota Camry,2010,2021-06-18
791,Toyota Camry,2007,2021-02-27
792,Nissan Altima,2008,2021-01-01
793,Chevrolet Malibu,2009,2021-03-10
794,Chevrolet Malibu,2016,2023-02-06
795,Nissan Altima,2021,2021-06-28
796,Ford Fusion,2009,2023-01-05
797,Kia Optima,2017,2023-02-05
798,Nissan Altima,2006,2021-07-31
799,Ford Fusion,2005,2022-02-09
800,Nissan Altima,2005,2021-09-09
801,Toyota Camry,2021,2021-03-10
802,Ford Fusion,2015,2023-02-12
803,Nissan Altima,2019,2021-12-26
804,Kia Optima,2005,2021-03-25
805,Chevrolet Malibu,2005,2022-03-15
806,Chevrolet Malibu,2020,2021-12-30
807,Nissan Altima,2006,2022-01-22
808,Toyota Camry,2007,2021-01-19
809,Ford Fusion,2014,2023-03-01
810,Kia Optima,2015,2021-02-14
811,Toyota Camry,2009,2021-04-11
812,Kia Optima,2013,2021-04-14
813,Hyundai Sonata,2017,2022-04-09
814,Honda Accord,2012,2022-01-06
815,Chevrolet Malibu,2011,2022-05-18
816,Chevrolet Malibu,2006,2022-08-31
817,Toyota Camry,2013,2021-02-16
818,Toyota Camry,2019,2022-01-15
819,Hyundai Sonata,2016,2021-07-03
820,Kia Optima,2021,2023-01-14
821,Toyota Camry,2007,2021-05-05
822,Hyundai Sonata,2005,2021-08-30
823,Toyota Camry,2014,2020-10-30
824,Hyundai Sonata,2008,2022-12-15
825,Hyundai Sonata,2015,2021-12-15
826,Toyota Camry,2021,2022-01-10
827,Hyundai Sonata,2011,2021-12-16
828,Kia Optima,2014,2023-02-25
829,Kia Optima,2017,2022-02-13
830,Toyota Camry,2007,2022-07-19
831,Honda Accord,2021,2021-10-06
832,Honda Accord,2008,2022-09-18
833,Nissan Altima,2019,2022-03-19
834,Honda Accord,2016,2021-10-04
835,Chevrolet Malibu,2007,2023-02-16
836,Chevrolet Malibu,2018,2021-05-07
837,Chevrolet Malibu,2008,2021-07-10
838,Honda Accord,2015,2023-02-22
839,Toyota Camry,2022,2023-02-15
840,Kia Optima,2022,2021-03-11
841,Ford Fusion,2020,2022-08-03
842,Hyundai Sonata,2013,2021-03-02
843,Kia Optima,2015,2022-01-21
844,Toyota Camry,2010,2022-06-11
845,Toyota Camry,2021,2022-08-12
846,Toyota Camry,2013,2021-08-30
847,Honda Accord,2018,2023-01-06
848,Toyota Camry,2011,2022-04-18
849,Chevrolet Malibu,2018,2022-06-08
850,Hyundai Sonata,2009,2022-11-27
851,Kia Optima,2018,2022-06-01
852,Chevrolet Malibu,2005,2021-12-25
853,Kia Optima,2006,2021-08-13
854,Honda Accord,2011,2023-01-27
855,Ford Fusion,2013,2021-02-19
856,Chevrolet Malibu,2017,2021-02-14
857,Honda Accord,2011,2021-07-31
858,Toyota Camry,2005,2021-01-04
859,Hyundai Sonata,2010,2022-03-26
860,Chevrolet Malibu,2012,2021-04-06
861,Kia Optima,2014,2021-06-30
862,Kia Optima,2016,2021-11-25
863,Toyota Camry,2009,2022-11-04
864,Chevrolet Malibu,2015,2021-11-29
865,Chevrolet Malibu,2016,2021-01-24
866,Hyundai Sonata,2018,2020-11-10
867,Chevrolet Malibu,2014,2022-03-08
868,Chevrolet Malibu,2019,2022-09-04
869,Nissan Altima,2008,2021-06-11
870,Toyota Camry,2017,2023-02-05
871,Nissan Altima,2005,2022-11-30
872,Honda Accord,2006,2021-11-25
873,Toyota Camry,2020,2020-11-05
874,Toyota Camry,2013,2022-06-23
875,Hyundai Sonata,2016,2022-03-12
876,Nissan Altima,2015,2022-06-29
877,Nissan Altima,2017,2022-03-14
878,Chevrolet Malibu,2009,2023-04-08
879,Nissan Altima,2008,2021-10-27
880,Hyundai Sonata,2005,2021-10-25
881,Toyota Camry,2020,2022-07-05
882,Chevrolet Malibu,2009,2022-08-20
883,Nissan Altima,2015,2021-05-30
884,Honda Accord,2013,2022-10-28
885,Chevrolet Malibu,2007,2023-03-03
886,Chevrolet Malibu,2012,2023-03-09
887,Toyota Camry,2006,2021-02-11
888,Honda Accord,2008,2022-05-22
889,Toyota Camry,2007,2023-01-13
890,Honda Accord,2019,2021-02-13
891,Toyota Camry,2015,2022-12-02
892,Hyundai Sonata,2021,2022-06-16
893,Nissan Altima,2012,2023-03-27
894,Kia Optima,2008,2021-08-12
895,Chevrolet Malibu,2015,2021-07-25
896,Hyundai Sonata,2021,2021-06-03
897,Nissan Altima,2014,2022-08-21
898,Toyota Camry,2005,2022-06-24
899,Toyota Camry,2010,2020-12-22
900,Hyundai Sonata,2021,2021-04-06
901,Toyota Camry,2014,2023-03-12
902,Toyota Camry,2022,2021-08-01
903,Honda Accord,2014,2021-04-14
904,Kia Optima,2005,2021-11-28
905,Nissan Altima,2020,2021-09-16
906,Hyundai Sonata,2018,2023-04-14
907,Ford Fusion,2017,2023-03-18
908,Honda Accord,2022,2023-03-14
909,Ford Fusion,2008,2022-11-23
910,Toyota Camry,2021,2020-11-05
911,Chevrolet Malibu,2009,2021-09-21
912,Honda Accord,2022,2021-05-11
913,Ford Fusion,2008,2022-07-23
914,Kia Optima,2014,2020-12-23
915,Hyundai Sonata,2019,2022-10-18
916,Nissan Altima,2006,2021-01-23
917,Nissan Altima,2006,2023-03-18
918,Chevrolet Malibu,2020,2023-03-27
919,Honda Accord,2006,2023-02-03
920,Hyundai Sonata,2016,2021-05-03
921,Kia Optima,2021,2022-08-26
922,Hyundai Sonata,2016,2022-03-05
923,Nissan Altima,2013,2022-02-15
924,Honda Accord,2012,2021-05-05
925,Honda Accord,2016,2022-06-05
926,Kia Optima,2015,2023-04-08
927,Nissan Altima,2014,2022-05-02
928,Ford Fusion,2007,2022-07-29
929,Ford Fusion,2016,2021-06-26
930,Hyundai Sonata,2018,2021-06-08
931,Nissan Altima,2017,2023-01-22
932,Hyundai Sonata,2006,2021-05-02
933,Honda Accord,2017,2023-02-10
934,Hyundai Sonata,2018,2021-10-04
935,Nissan Altima,2008,2022-04-30
936,Kia Optima,2020,2022-07-18
937,Honda Accord,2014,2022-02-04
938,Honda Accord,2013,2022-07-09
939,Nissan Altima,2018,2021-05-01
940,Nissan Altima,2014,2020-11-26
941,Hyundai Sonata,2014,2021-04-11
942,Ford Fusion,2010,2022-03-16
943,Kia Optima,2021,2022-01-17
944,Nissan Altima,2022,2022-03-09
945,Toyota Camry,2007,2021-05-01
946,Toyota Camry,2018,2021-12-04
947,Kia Optima,2005,2022-02-18
948,Toyota Camry,2011,2022-04-11
949,Kia Optima,2022,2022-05-12
950,Honda Accord,2008,2021-12-04
951,Toyota Camry,2011,2021-08-03
952,Ford Fusion,2008,2022-03-22
953,Hyundai Sonata,2018,2021-04-19
954,Ford Fusion,2013,2021-04-01
955,Chevrolet Malibu,2015,2022-03-25
956,Hyundai Sonata,2021,2021-01-17
957,Ford Fusion,2014,2022-11-10
958,Hyundai Sonata,2018,2020-12-28
959,Kia Optima,2006,2022-07-24
960,Ford Fusion,2008,2021-11-23
961,Honda Accord,2022,2022-08-03
962,Ford Fusion,2020,2022-03-13
963,Chevrolet Malibu,2016,2022-06-13
964,Honda Accord,2011,2021-07-19
965,Kia Optima,2008,2023-02-01
966,Hyundai Sonata,2020,2021-03-22
967,Hyundai Sonata,2019,2021-01-22
968,Ford Fusion,2009,2021-11-24
969,Kia Optima,2015,2021-12-08
970,Toyota Camry,2016,2021-07-24
971,Ford Fusion,2013,2022-10-18
972,Ford Fusion,2021,2021-06-09
973,Nissan Altima,2007,2022-09-30
974,Nissan Altima,2009,2021-08-14
975,Honda Accord,2006,2022-07-14
976,Honda Accord,2017,2021-06-13
977,Toyota Camry,2016,2021-05-03
978,Hyundai Sonata,2022,2022-10-09
979,Ford Fusion,2014,2021-10-06
980,Nissan Altima,2007,2022-01-21
981,Hyundai Sonata,2013,2022-07-24
982,Hyundai Sonata,2006,2021-11-02
983,Nissan Altima,2017,2020-11-03
984,Hyundai Sonata,2017,2023-04-12
985,Hyundai Sonata,2020,2020-12-05
986,Hyundai Sonata,2011,2021-03-06
987,Hyundai Sonata,2010,2021-12-25
988,Ford Fusion,2006,2021-10-13
989,Honda Accord,2012,2022-05-18
990,Chevrolet Malibu,2013,2022-12-19
991,Ford Fusion,2018,2021-11-17
992,Nissan Altima,2018,2021-04-11
993,Honda Accord,2007,2022-09-19
994,Nissan Altima,2010,2021-07-09
995,Nissan Altima,2014,2021-06-11
996,Hyundai Sonata,2011,2021-06-02
997,Nissan Altima,2005,2022-06-13
998,Ford Fusion,2020,2022-04-27
999,Kia Optima,2018,2022-04-05
1000,Nissan Altima,2014,2021-03-08
1001,Chevrolet Malibu,2010,2021-01-25
1002,Chevrolet Malibu,2020,2022-04-07
1003,Nissan Altima,2005,2020-11-23
1004,Kia Optima,2013,2021-11-18
1005,Toyota Camry,2019,2022-05-03
1006,Kia Optima,2022,2023-04-14
1007,Chevrolet Malibu,2009,2021-10-12
1008,Nissan Altima,2016,2021-09-12
1009,Chevrolet Malibu,2008,2020-11-25
1010,Nissan Altima,2007,2021-07-08
1011,Honda Accord,2011,2023-03-19
1012,Chevrolet Malibu,2020,2021-11-21
1013,Honda Accord,2017,2021-06-16
1014,Ford Fusion,2013,2022-01-23
1015,Nissan Altima,2010,2022-03-25
1016,Chevrolet Malibu,2007,2021-04-16
1017,Ford Fusion,2009,2021-10-12
1018,Nissan Altima,2007,2021-08-10
1019,Toyota Camry,2008,2022-02-21
1020,Toyota Camry,2017,2022-08-08
1021,Toyota Camry,2007,2022-01-03
1022,Toyota Camry,2005,2020-12-03
1023,Kia Optima,2014,2021-10-20
1024,Chevrolet Malibu,2010,2021-07-18
1025,Chevrolet Malibu,2013,2022-12-24
1026,Toyota Camry,2007,2020-11-07
1027,Toyota Camry,2008,2022-09-07
1028,Honda Accord,2012,2020-11-22
1029,Nissan Altima,2017,2022-03-10
1030,Ford Fusion,2012,2021-01-08
1031,Nissan Altima,2014,2021-02-02
1032,Honda Accord,2014,2021-06-04
1033,Chevrolet Malibu,2009,2021-01-11
1034,Ford Fusion,2010,2021-10-14
1035,Toyota Camry,2012,2021-03-12
1036,Chevrolet Malibu,2005,2022-11-11
1037,Kia Optima,2017,2023-02-10
1038,Toyota Camry,2016,2021-12-12
1039,Nissan Altima,2010,2021-04-16
1040,Chevrolet Malibu,2011,2021-05-26
1041,Hyundai Sonata,2010,2021-12-26
1042,Chevrolet Malibu,2016,2022-01-01
1043,Ford Fusion,2018,2021-10-13
1044,Ford Fusion,2006,2021-02-23
1045,Hyundai Sonata,2012,2021-03-19
1046,Honda Accord,2005,2023-01-06
1047,Honda Accord,2013,2021-10-26
1048,Hyundai Sonata,2009,2022-05-07
1049,Hyundai Sonata,2011,2021-04-26
1050,Toyota Camry,2013,2022-01-15
1051,Nissan Altima,2010,2020-11-04
1052,Ford Fusion,2012,2022-03-22
1053,Nissan Altima,2018,2021-08-12
1054,Kia Optima,2019,2023-01-07
1055,Toyota Camry,2005,2020-12-27
1056,Kia Optima,2011,2022-11-27
1057,Nissan Altima,2020,2022-05-09
1058,Chevrolet Malibu,2014,2021-03-22
1059,Ford Fusion,2008,2020-11-26
1060,Ford Fusion,2015,2022-02-03
1061,Chevrolet Malibu,2007,2022-02-03
1062,Hyundai Sonata,2005,2023-03-02
1063,Honda Accord,2016,2020-11-15
1064,Hyundai Sonata,2014,2023-03-31
1065,Chevrolet Malibu,2018,2023-03-22
1066,Ford Fusion,2011,2022-02-13
1067,Kia Optima,2020,2023-04-11
1068,Hyundai Sonata,2012,2022-11-18
1069,Ford Fusion,2018,2021-09-27
1070,Toyota Camry,2006,2021-07-20
1071,Hyundai Sonata,2006,2022-07-20
1072,Honda Accord,2019,2021-04-30
1073,Chevrolet Malibu,2020,2021-10-15
1074,Nissan Altima,2021,2022-09-21
1075,Nissan Altima,2010,2021-07-13
1076,Honda Accord,2005,2021-10-29
1077,Hyundai Sonata,2022,2021-04-14
1078,Honda Accord,2015,2022-11-27
1079,Ford Fusion,2009,2022-09-19
1080,Chevrolet Malibu,2018,2022-07-16
1081,Kia Optima,2021,2022-06-12
1082,Kia Optima,2010,2021-02-04
1083,Kia Optima,2018,2021-06-25
1084,Nissan Altima,2019,2021-12-11
1085,Honda Accord,2014,2021-12-15
1086,Chevrolet Malibu,2016,2021-02-07
1087,Chevrolet Malibu,2009,2022-03-09
1088,Kia Optima,2021,2022-09-24
1089,Hyundai Sonata,2022,2022-12-12
1090,Toyota Camry,2022,2022-06-22
1091,Nissan Altima,2018,2021-09-04
1092,Nissan Altima,2005,2022-02-15
1093,Chevrolet Malibu,2011,2022-03-31
1094,Ford Fusion,2013,2022-02-07
1095,Ford Fusion,2022,2020-11-19
1096,Toyota Camry,2014,2020-10-30
1097,Chevrolet Malibu,2014,2022-11-20
1098,Chevrolet Malibu,2007,2023-01-02
1099,Toyota Camry,2019,2022-09-07
1100,Nissan Altima,2011,2021-03-10
1101,Nissan Altima,2006,2022-02-25
1102,Nissan Altima,2022,2021-02-27
1103,Kia Optima,2008,2021-09-10
1104,Honda Accord,2005,2021-12-03
1105,Ford Fusion,2006,2022-08-04
1106,Honda Accord,2013,2022-06-09
1107,Honda Accord,2006,2022-12-03
1108,Kia Optima,2020,2022-01-03
1109,Kia Optima,2014,2022-08-05
1110,Toyota Camry,2010,2022-07-26
1111,Hyundai Sonata,2005,2023-03-10
1112,Honda Accord,2013,2021-04-26
1113,Honda Accord,2007,2020-12-21
1114,Ford Fusion,2022,2022-01-22
1115,Honda Accord,2010,2021-12-19
1116,Nissan Altima,2013,2021-01-02
1117,Kia Optima,2005,2022-01-10
1118,Hyundai Sonata,2007,2021-10-02
1119,Chevrolet Malibu,2008,2022-03-26
1120,Nissan Altima,2005,2022-01-07
1121,Toyota Camry,2018,2021-12-31
1122,Toyota Camry,2022,2021-07-14
1123,Honda Accord,2022,2021-10-18
1124,Honda Accord,2009,2022-01-16
1125,Chevrolet Malibu,2019,2023-02-05
1126,Chevrolet Malibu,2014,2021-01-21
1127,Chevrolet Malibu,2005,2021-02-05
1128,Hyundai Sonata,2006,2022-10-31
1129,Nissan Altima,2014,2022-07-25
1130,Hyundai Sonata,2012,2020-11-20
1131,Ford Fusion,2005,2022-06-30
1132,Hyundai Sonata,2021,2021-04-14
1133,Chevrolet Malibu,2018,2021-05-08
1134,Chevrolet Malibu,2014,2021-03-02
1135,Hyundai Sonata,2022,2023-03-31
1136,Toyota Camry,2022,2022-02-04
1137,Chevrolet Malibu,2022,2021-11-22
1138,Ford Fusion,2009,2021-03-23
1139,Chevrolet Malibu,2020,2022-09-25
1140,Nissan Altima,2014,2022-07-13
1141,Kia Optima,2018,2022-11-04
1142,Ford Fusion,2020,2021-05-30
1143,Kia Optima,2007,2020-10-29
1144,Chevrolet Malibu,2013,2022-12-09
1145,Ford Fusion,2007,2022-09-17
1146,Nissan Altima,2010,2022-07-12
1147,Nissan Altima,2012,2021-02-04
1148,Chevrolet Malibu,2020,2022-03-10
1149,Hyundai Sonata,2020,2022-08-04
1150,Chevrolet Malibu,2012,2022-06-29
1151,Ford Fusion,2010,2021-10-24
1152,Nissan Altima,2014,2022-05-02
1153,Nissan Altima,2021,2022-12-09
1154,Kia Optima,2022,2021-04-07
1155,Ford Fusion,2009,2022-03-31
1156,Hyundai Sonata,2008,2022-08-27
1157,Toyota Camry,2017,2021-06-29
1158,Chevrolet Malibu,2010,2021-06-13
1159,Ford Fusion,2008,2022-11-26
1160,Ford Fusion,2005,2023-02-07
1161,Hyundai Sonata,2012,2023-03-05
1162,Nissan Altima,2012,2021-05-26
1163,Chevrolet Malibu,2015,2021-09-29
1164,Nissan Altima,2008,2021-05-02
1165,Nissan Altima,2017,2021-09-28
1166,Toyota Camry,2017,2022-04-18
1167,Toyota Camry,2013,2021-10-31
1168,Ford Fusion,2008,2021-07-04
1169,Kia Optima,2014,2022-04-21
1170,Kia Optima,2017,2021-01-12
1171,Hyundai Sonata,2011,2021-01-26
1172,Hyundai Sonata,2009,2021-04-25
1173,Ford Fusion,2014,2020-11-03
1174,Honda Accord,2011,2022-04-28
1175,Toyota Camry,2012,2023-01-02
1176,Ford Fusion,2011,2022-02-03
1177,Ford Fusion,2010,2021-06-13
1178,Honda Accord,2017,2021-05-14
1179,Honda Accord,2013,2022-04-30
1180,Toyota Camry,2013,2022-07-25
1181,Hyundai Sonata,2016,2022-03-10
1182,Kia Optima,2011,2021-04-22
1183,Hyundai Sonata,2006,2023-02-19
1184,Nissan Altima,2020,2022-06-24
1185,Ford Fusion,2006,2022-09-20
1186,Ford Fusion,2015,2021-04-20
1187,Toyota Camry,2009,2022-02-16
1188,Hyundai Sonata,2008,2023-01-26
1189,Nissan Altima,2005,2022-08-22
1190,Toyota Camry,2021,2023-03-06
1191,Ford Fusion,2012,2022-02-11
1192,Honda Accord,2011,2020-10-30
1193,Honda Accord,2018,2021-11-21
1194,Hyundai Sonata,2005,2021-02-22
1195,Nissan Altima,2015,2021-06-16
1196,Hyundai Sonata,2013,2021-02-10
1197,Hyundai Sonata,2014,2022-07-09
1198,Kia Optima,2007,2020-12-10
1199,Chevrolet Malibu,2022,2022-09-12
1200,Hyundai Sonata,2009,2022-03-16
1201,Kia Optima,2017,2021-08-10
1202,Nissan Altima,2018,2022-07-31
1203,Kia Optima,2011,2022-08-20
1204,Chevrolet Malibu,2007,2022-12-19
1205,Hyundai Sonata,2010,2023-04-11
1206,Kia Optima,2019,2022-01-19
1207,Nissan Altima,2021,2020-11-08
1208,Chevrolet Malibu,2021,2022-09-29
1209,Honda Accord,2009,2022-03-15
1210,Kia Optima,2015,2020-12-24
1211,Hyundai Sonata,2007,2021-05-20
1212,Chevrolet Malibu,2017,2023-04-11
1213,Nissan Altima,2012,2022-01-19
1214,Kia Optima,2017,2022-12-07
1215,Toyota Camry,2017,2022-09-04
1216,Toyota Camry,2022,2022-09-05
1217,Nissan Altima,2013,2021-10-11
1218,Chevrolet Malibu,2011,2022-10-18
1219,Chevrolet Malibu,2014,2022-08-31
1220,Nissan Altima,2007,2022-09-24
1221,Hyundai Sonata,2007,2022-05-29
1222,Nissan Altima,2014,2021-09-02
1223,Kia Optima,2019,2022-04-20
1224,Hyundai Sonata,2014,2022-06-24
1225,Ford Fusion,2019,2022-01-04
1226,Kia Optima,2008,2021-10-09
1227,Toyota Camry,2013,2023-04-01
1228,Kia Optima,2016,2021-02-03
1229,Honda Accord,2011,2021-01-11
1230,Ford Fusion,2005,2021-10-20
1231,Chevrolet Malibu,2006,2021-11-14
1232,Chevrolet Malibu,2021,2021-07-29
1233,Kia Optima,2015,2022-03-14
1234,Chevrolet Malibu,2009,2022-05-21
1235,Hyundai Sonata,2009,2022-06-01
1236,Ford Fusion,2005,2022-11-22
1237,Toyota Camry,2022,2021-03-19
1238,Toyota Camry,2006,2022-06-30
1239,Ford Fusion,2018,2022-08-02
1240,Toyota Camry,2009,2020-11-29
1241,Nissan Altima,2011,2022-01-14
1242,Chevrolet Malibu,2009,2021-10-02
1243,Kia Optima,2019,2022-09-06
1244,Nissan Altima,2005,2022-08-08
1245,Kia Optima,2011,2021-06-29
1246,Kia Optima,2010,2022-03-05
1247,Kia Optima,2009,2022-12-03
1248,Nissan Altima,2008,2021-03-24
1249,Ford Fusion,2021,2022-04-17
1250,Kia Optima,2011,2021-08-22
1251,Honda Accord,2012,2022-06-12
1252,Ford Fusion,2011,2021-11-26
1253,Toyota Camry,2022,2021-05-17
1254,Chevrolet Malibu,2011,2021-02-08
1255,Hyundai Sonata,2011,2022-10-10
1256,Toyota Camry,2010,2021-08-18
1257,Honda Accord,2010,2021-01-12
1258,Nissan Altima,2006,2021-09-14
1259,Nissan Altima,2015,2022-12-07
1260,Chevrolet Malibu,2005,2022-10-26
1261,Honda Accord,2009,2022-10-14
1262,Kia Optima,2008,2023-01-09
1263,Nissan Altima,2010,2021-06-06
1264,Chevrolet Malibu,2018,2020-11-28
1265,Honda Accord,2015,2022-01-05
1266,Toyota Camry,2022,2021-10-23
1267,Toyota Camry,2011,2021-05-19
1268,Ford Fusion,2021,2022-04-06
1269,Kia Optima,2005,2022-02-14
1270,Toyota Camry,2014,2021-11-01
1271,Ford Fusion,2019,2022-07-15
1272,Toyota Camry,2014,2023-02-18
1273,Kia Optima,2021,2021-11-20
1274,Hyundai Sonata,2010,2021-04-05
1275,Chevrolet Malibu,2005,2023-02-08
1276,Hyundai Sonata,2018,2022-10-02
1277,Hyundai Sonata,2006,2022-08-21
1278,Chevrolet Malibu,2018,2021-04-21
1279,Toyota Camry,2018,2022-01-16
1280,Kia Optima,2020,2021-12-20
1281,Chevrolet Malibu,2013,2021-09-11
1282,Chevrolet Malibu,2021,2022-08-09
1283,Ford Fusion,2008,2021-07-12
1284,Chevrolet Malibu,2012,2023-03-18
1285,Ford Fusion,2007,2023-01-02
1286,Toyota Camry,2018,2021-04-11
1287,Kia Optima,2017,2021-08-31
1288,Honda Accord,2019,2022-11-07
1289,Toyota Camry,2018,2022-03-16
1290,Hyundai Sonata,2010,2023-02-27
1291,Honda Accord,2006,2021-08-19
1292,Kia Optima,2021,2021-06-04
1293,Nissan Altima,2013,2022-08-07
1294,Toyota Camry,2006,2022-06-04
1295,Kia Optima,2021,2022-09-14
1296,Nissan Altima,2022,2022-04-29
1297,Honda Accord,2013,2022-08-13
1298,Hyundai Sonata,2018,2022-09-04
1299,Nissan Altima,2005,2022-03-24
1300,Toyota Camry,2006,2021-03-03
1301,Chevrolet Malibu,2009,2021-05-29
1302,Ford Fusion,2016,2022-07-21
1303,Hyundai Sonata,2007,2020-12-18
1304,Kia Optima,2005,2022-10-08
1305,Hyundai Sonata,2017,2021-01-16
1306,Hyundai Sonata,2018,2022-07-10
1307,Honda Accord,2018,2021-12-15
1308,Honda Accord,2019,2022-10-14
1309,Ford Fusion,2019,2021-05-29
1310,Chevrolet Malibu,2015,2022-07-03
1311,Nissan Altima,2014,2021-02-19
1312,Ford Fusion,2020,2023-01-30
1313,Chevrolet Malibu,2011,2022-01-18
1314,Chevrolet Malibu,2006,2022-11-23
1315,Kia Optima,2018,2021-02-04
1316,Ford Fusion,2009,2022-04-05
1317,Hyundai Sonata,2022,2021-08-16
1318,Hyundai Sonata,2012,2021-02-13
1319,Nissan Altima,2020,2021-12-19
1320,Ford Fusion,2005,2023-02-22
1321,Toyota Camry,2016,2022-09-28
1322,Honda Accord,2013,2022-10-05
1323,Nissan Altima,2013,2021-01-13
1324,Kia Optima,2009,2021-01-18
1325,Kia Optima,2022,2022-02-10
1326,Honda Accord,2012,2021-02-03
1327,Hyundai Sonata,2020,2022-09-05
1328,Toyota Camry,2012,2021-08-12
1329,Hyundai Sonata,2005,2022-04-27
1330,Ford Fusion,2020,2022-09-10
1331,Nissan Altima,2008,2022-09-02
1332,Chevrolet Malibu,2009,2022-04-02
1333,Ford Fusion,2020,2022-06-13
1334,Chevrolet Malibu,2021,2022-10-07
1335,Nissan Altima,2021,2022-06-18
1336,Kia Optima,2012,2022-12-20
1337,Hyundai Sonata,2018,2020-11-24
1338,Ford Fusion,2010,2022-05-08
1339,Chevrolet Malibu,2018,2023-01-08
1340,Ford Fusion,2014,2021-11-13
1341,Nissan Altima,2005,2021-02-10
1342,Toyota Camry,2012,2022-05-26
1343,Toyota Camry,2013,2021-03-16
1344,Hyundai Sonata,2009,2021-10-12
1345,Honda Accord,2011,2021-06-19
1346,Kia Optima,2014,2022-07-22
1347,Chevrolet Malibu,2005,2023-03-12
1348,Hyundai Sonata,2007,2022-06-08
1349,Chevrolet Malibu,2018,2021-01-03
1350,Hyundai Sonata,2011,2021-05-04
1351,Toyota Camry,2015,2021-05-10
1352,Ford Fusion,2015,2021-02-14
1353,Nissan Altima,2014,2022-05-14
1354,Kia Optima,2012,2022-06-29
1355,Honda Accord,2013,2021-01-03
1356,Nissan Altima,2019,2021-11-17
1357,Ford Fusion,2022,2022-07-21
1358,Toyota Camry,2009,2022-08-07
1359,Toyota Camry,2017,2021-02-15
1360,Ford Fusion,2022,2023-02-26
1361,Toyota Camry,2005,2023-02-18
1362,Toyota Camry,2019,2021-06-20
1363,Ford Fusion,2013,2023-04-13
1364,Honda Accord,2022,2022-11-12
1365,Nissan Altima,2015,2020-11-05
1366,Toyota Camry,2020,2022-03-28
1367,Ford Fusion,2007,2021-06-29
1368,Nissan Altima,2007,2022-02-01
1369,Kia Optima,2021,2023-01-23
1370,Hyundai Sonata,2014,2022-10-31
1371,Kia Optima,2015,2021-05-30
1372,Ford Fusion,2008,2023-01-19
1373,Nissan Altima,2009,2021-10-27
1374,Ford Fusion,2019,2022-06-06
1375,Kia Optima,2010,2022-05-17
1376,Kia Optima,2015,2020-12-09
1377,Kia Optima,2010,2021-10-17
1378,Chevrolet Malibu,2009,2021-10-08
1379,Nissan Altima,2007,2022-06-04
1380,Nissan Altima,2021,2022-05-07
1381,Kia Optima,2021,2021-08-06
1382,Honda Accord,2007,2023-03-11
1383,Ford Fusion,2011,2022-09-13
1384,Kia Optima,2015,2021-10-22
1385,Ford Fusion,2011,2021-10-01
1386,Honda Accord,2017,2023-01-22
1387,Nissan Altima,2009,2021-05-06
1388,Ford Fusion,2006,2021-12-13
1389,Kia Optima,2011,2022-09-13
1390,Kia Optima,2015,2021-06-07
1391,Ford Fusion,2008,2020-11-05
1392,Nissan Altima,2019,2022-03-30
1393,Kia Optima,2005,2022-08-03
1394,Chevrolet Malibu,2006,2022-07-19
1395,Honda Accord,2014,2021-10-29
1396,Hyundai Sonata,2014,2023-03-03
1397,Hyundai Sonata,2010,2022-02-04
1398,Hyundai Sonata,2009,2023-03-23
1399,Toyota Camry,2006,2023-03-11
1400,Ford Fusion,2016,2022-03-24
1401,Chevrolet Malibu,2011,2021-06-13
1402,Honda Accord,2007,2021-02-09
1403,Ford Fusion,2012,2023-01-26
1404,Ford Fusion,2021,2022-09-07
1405,Honda Accord,2009,2022-03-31
1406,Honda Accord,2021,2021-11-14
1407,Ford Fusion,2009,2020-11-08
1408,Kia Optima,2008,2021-08-07
1409,Toyota Camry,2009,2021-12-17
1410,Honda Accord,2010,2023-02-19
1411,Toyota Camry,2007,2023-02-01
1412,Nissan Altima,2015,2022-11-28
1413,Honda Accord,2011,2021-08-28
1414,Chevrolet Malibu,2017,2022-06-21
1415,Hyundai Sonata,2013,2022-09-10
1416,Chevrolet Malibu,2012,2021-08-20
1417,Hyundai Sonata,2013,2021-04-11
1418,Nissan Altima,2007,2022-03-16
1419,Kia Optima,2017,2021-02-11
1420,Nissan Altima,2006,2021-06-23
1421,Kia Optima,2017,2021-07-10
1422,Kia Optima,2022,2021-02-24
1423,Hyundai Sonata,2018,2022-10-31
1424,Hyundai Sonata,2013,2021-06-02
1425,Honda Accord,2010,2020-12-04
1426,Chevrolet Malibu,2020,2020-11-03
1427,Hyundai Sonata,2009,2021-11-11
1428,Kia Optima,2013,2021-06-05
1429,Honda Accord,2018,2021-02-05
1430,Chevrolet Malibu,2021,2021-03-09
1431,Nissan Altima,2021,2021-01-27
1432,Honda Accord,2006,2021-03-27
1433,Honda Accord,2021,2022-05-07
1434,Nissan Altima,2007,2021-06-27
1435,Ford Fusion,2015,2022-04-11
1436,Toyota Camry,2021,2021-04-24
1437,Ford Fusion,2016,2021-04-16
1438,Hyundai Sonata,2022,2020-12-25
1439,Ford Fusion,2011,2021-11-02
1440,Kia Optima,2010,2022-02-11
1441,Chevrolet Malibu,2010,2022-11-17
1442,Nissan Altima,2011,2021-09-18
1443,Kia Optima,2017,2021-11-21
1444,Nissan Altima,2013,2022-01-07
1445,Toyota Camry,2018,2021-08-14
1446,Toyota Camry,2012,2021-03-10
1447,Kia Optima,2010,2022-12-02
1448,Kia Optima,2008,2022-03-23
1449,Chevrolet Malibu,2014,2021-07-04
1450,Toyota Camry,2021,2021-04-08
1451,Ford Fusion,2020,2021-05-15
1452,Toyota Camry,2009,2021-04-26
1453,Toyota Camry,2013,2021-03-07
1454,Honda Accord,2017,2020-12-01
1455,Hyundai Sonata,2016,2021-10-15
1456,Toyota Camry,2006,2022-09-03
1457,Kia Optima,2015,2021-11-24
1458,Nissan Altima,2005,2021-07-16
1459,Honda Accord,2007,2023-01-14
1460,Nissan Altima,2016,2021-06-03
1461,Chevrolet Malibu,2006,2021-12-11
1462,Ford Fusion,2011,2020-12-24
1463,Toyota Camry,2015,2022-10-06
1464,Toyota Camry,2016,2021-01-19
1465,Chevrolet Malibu,2013,2022-03-08
1466,Toyota Camry,2006,2021-11-15
1467,Hyundai Sonata,2019,2021-08-29
1468,Ford Fusion,2022,2021-11-10
1469,Chevrolet Malibu,2020,2021-01-22
1470,Toyota Camry,2018,2022-11-15
1471,Kia Optima,2012,2021-06-27
1472,Hyundai Sonata,2020,2020-11-19
1473,Nissan Altima,2013,2022-09-29
1474,Honda Accord,2007,2022-08-28
1475,Kia Optima,2020,2022-02-11
1476,Ford Fusion,2010,2021-07-02
1477,Nissan Altima,2021,2020-12-03
1478,Ford Fusion,2011,2021-04-29
1479,Honda Accord,2020,2021-05-01
1480,Ford Fusion,2014,2022-03-14
1481,Honda Accord,2013,2021-09-11
1482,Toyota Camry,2010,2022-10-07
1483,Ford Fusion,2020,2022-02-22
1484,Toyota Camry,2006,2022-10-27
1485,Ford Fusion,2013,2023-03-21
1486,Kia Optima,2011,2021-03-06
1487,Honda Accord,2014,2021-04-21
1488,Toyota Camry,2009,2022-01-10
1489,Toyota Camry,2016,2023-04-01
1490,Nissan Altima,2011,2023-01-23
1491,Honda Accord,2008,2023-01-04
1492,Nissan Altima,2008,2021-07-09
1493,Toyota Camry,2017,2022-10-14
1494,Ford Fusion,2009,2022-09-02
1495,Ford Fusion,2010,2021-03-01
1496,Nissan Altima,2016,2021-02-16
1497,Nissan Altima,2010,2021-05-29
1498,Chevrolet Malibu,2011,2022-07-10
1499,Nissan Altima,2009,2021-11-09
1500,Chevrolet Malibu,2011,2022-10-16
1501,Nissan Altima,2017,2021-03-04
1502,Honda Accord,2014,2023-01-28
1503,Honda Accord,2022,2021-06-14
1504,Ford Fusion,2018,2022-01-10
1505,Hyundai Sonata,2005,2021-06-03
1506,Honda Accord,2011,2022-03-05
1507,Kia Optima,2010,2022-11-23
1508,Nissan Altima,2015,2021-06-08
1509,Kia Optima,2009,2021-09-24
1510,Hyundai Sonata,2022,2022-02-21
1511,Ford Fusion,2010,2022-05-14
1512,Honda Accord,2014,2022-06-09
1513,Chevrolet Malibu,2007,2022-02-06
1514,Ford Fusion,2021,2022-08-22
1515,Honda Accord,2021,2022-08-04
1516,Kia Optima,2019,2022-08-07
1517,Nissan Altima,2011,2023-04-03
1518,Toyota Camry,2006,2020-12-31
1519,Nissan Altima,2017,2022-09-14
1520,Nissan Altima,2012,2022-11-17
1521,Kia Optima,2022,2022-11-30
1522,Hyundai Sonata,2017,2020-11-07
1523,Honda Accord,2014,2022-02-10
1524,Honda Accord,2022,2022-06-25
1525,Hyundai Sonata,2019,2022-04-16
1526,Toyota Camry,2013,2023-01-25
1527,Ford Fusion,2005,2022-07-07
1528,Toyota Camry,2006,2022-09-03
1529,Toyota Camry,2012,2021-04-22
1530,Kia Optima,2015,2023-02-21
1531,Toyota Camry,2005,2022-03-28
1532,Toyota Camry,2007,2021-05-04
1533,Kia Optima,2017,2021-03-26
1534,Honda Accord,2018,2022-01-09
1535,Chevrolet Malibu,2005,2022-09-26
1536,Toyota Camry,2014,2022-06-16
1537,Honda Accord,2006,2022-09-27
1538,Toyota Camry,2018,2021-08-27
1539,Hyundai Sonata,2020,2022-07-25
1540,Hyundai Sonata,2020,2021-09-25
1541,Nissan Altima,2015,2021-09-02
1542,Honda Accord,2016,2020-12-21
1543,Toyota Camry,2021,2022-05-17
1544,Nissan Altima,2016,2020-12-01
1545,Honda Accord,2013,2022-04-19
1546,Hyundai Sonata,2018,2021-08-11
1547,Hyundai Sonata,2015,2021-08-28
1548,Chevrolet Malibu,2020,2021-04-09
1549,Nissan Altima,2014,2022-02-17
1550,Toyota Camry,2020,2021-05-02
1551,Honda Accord,2005,2022-05-30
1552,Chevrolet Malibu,2005,2022-01-28
1553,Nissan Altima,2006,2022-01-20
1554,Hyundai Sonata,2015,2021-07-20
1555,Nissan Altima,2017,2021-10-06
1556,Honda Accord,2008,2023-02-03
1557,Kia Optima,2007,2021-04-17
1558,Chevrolet Malibu,2020,2021-06-02
1559,Kia Optima,2018,2023-01-11
1560,Chevrolet Malibu,2016,2020-12-01
1561,Ford Fusion,2013,2021-08-29
1562,Honda Accord,2012,2023-01-28
1563,Honda Accord,2005,2022-01-28
1564,Kia Optima,2008,2021-03-24
1565,Nissan Altima,2021,2022-08-06
1566,Nissan Altima,2011,2020-12-27
1567,Kia Optima,2017,2022-04-03
1568,Hyundai Sonata,2017,2022-09-23
1569,Kia Optima,2010,2022-05-29
1570,Kia Optima,2008,2021-12-29
1571,Toyota Camry,2017,2021-08-04
1572,Ford Fusion,2006,2020-12-31
1573,Chevrolet Malibu,2013,2022-10-21
1574,Chevrolet Malibu,2020,2020-12-02
1575,Honda Accord,2017,2021-12-26
1576,Ford Fusion,2018,2022-12-21
1577,Nissan Altima,2006,2021-01-02
1578,Chevrolet Malibu,2008,2022-06-05
1579,Toyota Camry,2009,2021-10-04
1580,Hyundai Sonata,2010,2021-07-26
1581,Ford Fusion,2008,2023-04-02
1582,Honda Accord,2022,2022-09-27
1583,Nissan Altima,2007,2021-08-05
1584,Ford Fusion,2017,2022-06-27
1585,Hyundai Sonata,2015,2023-04-06
1586,Ford Fusion,2015,2023-03-25
1587,Chevrolet Malibu,2008,2021-04-02
1588,Toyota Camry,2010,2022-11-27
1589,Kia Optima,2015,2023-01-14
1590,Toyota Camry,2010,2021-11-25
1591,Chevrolet Malibu,2017,2022-12-29
1592,Ford Fusion,2005,2021-09-04
1593,Ford Fusion,2006,2021-12-11
1594,Toyota Camry,2018,2021-09-08
1595,Hyundai Sonata,2016,2022-01-28
1596,Honda Accord,2005,2021-05-15
1597,Hyundai Sonata,2021,2021-09-12
1598,Chevrolet Malibu,2005,2022-04-06
1599,Chevrolet Malibu,2022,2023-04-01
1600,Hyundai Sonata,2018,2022-08-12
1601,Ford Fusion,2022,2022-12-17
1602,Chevrolet Malibu,2022,2023-03-31
1603,Chevrolet Malibu,2010,2022-08-12
1604,Ford Fusion,2018,2022-10-11
1605,Toyota Camry,2008,2023-02-05
1606,Kia Optima,2013,2022-07-08
1607,Honda Accord,2009,2022-01-14
1608,Hyundai Sonata,2013,2022-11-05
1609,Honda Accord,2020,2022-08-12
1610,Toyota Camry,2012,2023-03-27
1611,Chevrolet Malibu,2006,2023-02-28
1612,Honda Accord,2010,2022-11-24
1613,Hyundai Sonata,2019,2022-03-03
1614,Hyundai Sonata,2014,2021-08-24
1615,Toyota Camry,2015,2021-05-06
1616,Honda Accord,2012,2021-09-26
1617,Chevrolet Malibu,2010,2021-10-07
1618,Nissan Altima,2015,2020-12-24
1619,Toyota Camry,2016,2022-08-28
1620,Kia Optima,2021,2021-04-27
1621,Honda Accord,2016,2020-12-23
1622,Toyota Camry,2022,2021-11-20
1623,Kia Optima,2019,2021-03-20
1624,Toyota Camry,2006,2022-12-12
1625,Nissan Altima,2012,2021-02-13
1626,Kia Optima,2011,2021-11-23
1627,Hyundai Sonata,2005,2022-09-27
1628,Hyundai Sonata,2008,2023-02-18
1629,Ford Fusion,2018,2021-07-06
1630,Toyota Camry,2011,2022-03-23
1631,Hyundai Sonata,2007,2022-07-10
1632,Kia Optima,2010,2022-04-29
1633,Toyota Camry,2009,2020-11-05
1634,Kia Optima,2008,2022-03-26
1635,Ford Fusion,2006,2023-02-03
1636,Nissan Altima,2018,2022-08-06
1637,Honda Accord,2019,2022-12-05
1638,Hyundai Sonata,2013,2021-08-06
1639,Honda Accord,2016,2021-04-25
1640,Honda Accord,2021,2021-03-19
1641,Chevrolet Malibu,2020,2021-09-23
1642,Toyota Camry,2005,2021-05-24
1643,Nissan Altima,2022,2022-04-04
1644,Hyundai Sonata,2006,2021-09-27
1645,Toyota Camry,2005,2023-01-08
1646,Ford Fusion,2012,2021-12-17
1647,Ford Fusion,2018,2021-11-29
1648,Hyundai Sonata,2006,2023-03-18
1649,Kia Optima,2010,2021-12-08
1650,Chevrolet Malibu,2009,2021-07-04
1651,Honda Accord,2012,2022-05-19
1652,Toyota Camry,2022,2021-12-11
1653,Toyota Camry,2010,2022-07-31
1654,Hyundai Sonata,2008,2022-08-14
1655,Honda Accord,2007,2022-12-19
1656,Honda Accord,2008,2022-06-24
1657,Chevrolet Malibu,2007,2021-04-22
1658,Kia Optima,2015,2020-12-24
1659,Chevrolet Malibu,2012,2021-09-20
1660,Honda Accord,2013,2021-09-30
1661,Hyundai Sonata,2019,2021-10-10
1662,Hyundai Sonata,2015,2022-02-11
1663,Honda Accord,2007,2022-03-30
1664,Nissan Altima,2011,2021-10-03
1665,Nissan Altima,2010,2021-05-09
1666,Ford Fusion,2019,2022-04-08
1667,Chevrolet Malibu,2010,2021-11-22
1668,Hyundai Sonata,2007,2022-02-16
1669,Nissan Altima,2018,2022-08-01
1670,Chevrolet Malibu,2012,2022-07-28
1671,Chevrolet Malibu,2006,2023-02-03
1672,Nissan Altima,2017,2022-03-15
1673,Honda Accord,2008,2021-07-13
1674,Chevrolet Malibu,2020,2021-08-06
1675,Chevrolet Malibu,2019,2020-11-09
1676,Kia Optima,2011,2023-03-10
1677,Honda Accord,2015,2021-05-31
1678,Ford Fusion,2015,2021-04-30
1679,Kia Optima,2016,2022-03-18
1680,Nissan Altima,2006,2022-08-03
1681,Kia Optima,2010,2022-05-28
1682,Toyota Camry,2008,2021-08-09
1683,Toyota Camry,2017,2021-02-28
1684,Chevrolet Malibu,2006,2021-09-14
1685,Ford Fusion,2014,2022-01-07
1686,Nissan Altima,2018,2021-09-05
1687,Ford Fusion,2022,2023-02-10
1688,Ford Fusion,2010,2021-10-15
1689,Kia Optima,2005,2023-03-08
1690,Toyota Camry,2018,2020-12-03
1691,Chevrolet Malibu,2005,2021-02-04
1692,Kia Optima,2006,2022-01-12
1693,Hyundai Sonata,2022,2022-05-13
1694,Ford Fusion,2020,2021-06-25
1695,Honda Accord,2017,2021-09-18
1696,Hyundai Sonata,2020,2021-07-19
1697,Nissan Altima,2006,2022-01-06
1698,Honda Accord,2006,2022-09-14
1699,Ford Fusion,2010,2023-02-08
1700,Kia Optima,2005,2022-08-03
1701,Honda Accord,2020,2021-12-25
1702,Honda Accord,2006,2022-03-29
1703,Hyundai Sonata,2014,2022-01-14
1704,Honda Accord,2020,2022-08-08
1705,Kia Optima,2018,2020-12-22
1706,Kia Optima,2009,2022-05-20
1707,Kia Optima,2013,2021-03-15
1708,Kia Optima,2014,2022-04-28
1709,Honda Accord,2018,2022-03-12
1710,Honda Accord,2012,2021-10-19
1711,Ford Fusion,2010,2022-08-21
1712,Nissan Altima,2019,2022-09-29
1713,Kia Optima,2020,2022-05-09
1714,Chevrolet Malibu,2013,2021-04-21
1715,Hyundai Sonata,2005,2022-12-06
1716,Kia Optima,2014,2022-03-17
1717,Hyundai Sonata,2021,2021-08-18
1718,Ford Fusion,2022,2021-07-19
1719,Ford Fusion,2012,2022-03-20
1720,Nissan Altima,2007,2023-01-31
1721,Toyota Camry,2015,2023-03-31
1722,Chevrolet Malibu,2019,2022-02-16
1723,Hyundai Sonata,2022,2021-04-16
1724,Chevrolet Malibu,2005,2023-03-20
1725,Nissan Altima,2010,2021-02-06
1726,Chevrolet Malibu,2013,2021-08-15
1727,Kia Optima,2006,2023-04-07
1728,Nissan Altima,2020,2022-06-10
1729,Nissan Altima,2007,2022-09-28
1730,Toyota Camry,2016,2020-12-12
1731,Chevrolet Malibu,2021,2021-12-02
1732,Kia Optima,2017,2022-06-27
1733,Hyundai Sonata,2018,2022-08-08
1734,Kia Optima,2009,2021-11-24
1735,Kia Optima,2019,2023-04-10
1736,Chevrolet Malibu,2012,2022-08-26
1737,Nissan Altima,2006,2022-11-17
1738,Toyota Camry,2011,2021-10-04
1739,Toyota Camry,2011,2021-08-21
1740,Honda Accord,2014,2022-02-19
1741,Nissan Altima,2009,2022-12-10
1742,Chevrolet Malibu,2013,2022-05-16
1743,Nissan Altima,2012,2021-03-18
1744,Toyota Camry,2010,2022-10-13
1745,Honda Accord,2017,2022-11-19
1746,Kia Optima,2010,2023-01-04
1747,Kia Optima,2018,2021-04-10
1748,Ford Fusion,2009,2022-12-28
1749,Chevrolet Malibu,2020,2021-11-08
1750,Chevrolet Malibu,2011,2020-10-28
1751,Kia Optima,2005,2021-09-15
1752,Kia Optima,2007,2022-04-09
1753,Hyundai Sonata,2019,2022-10-11
1754,Ford Fusion,2020,2023-04-13
1755,Hyundai Sonata,2008,2022-11-26
1756,Ford Fusion,2015,2020-12-09
1757,Ford Fusion,2015,2022-12-06
1758,Hyundai Sonata,2007,2023-03-28
1759,Nissan Altima,2013,2021-04-11
1760,Hyundai Sonata,2017,2022-04-03
1761,Ford Fusion,2022,2022-05-29
1762,Ford Fusion,2020,2021-07-08
1763,Toyota Camry,2006,2021-12-30
1764,Hyundai Sonata,2009,2021-01-12
1765,Hyundai Sonata,2012,2022-02-18
1766,Kia Optima,2007,2021-07-13
1767,Nissan Altima,2015,2021-02-13
1768,Nissan Altima,2005,2022-02-22
1769,Toyota Camry,2007,2022-08-02
1770,Honda Accord,2005,2020-11-19
1771,Ford Fusion,2010,2022-09-23
1772,Ford Fusion,2018,2023-03-10
1773,Ford Fusion,2008,2021-11-11
1774,Ford Fusion,2022,2020-11-08
1775,Chevrolet Malibu,2009,2023-01-27
1776,Toyota Camry,2005,2021-03-12
1777,Ford Fusion,2011,2021-03-29
1778,Honda Accord,2018,2020-12-30
1779,Ford Fusion,2006,2022-04-01
1780,Hyundai Sonata,2006,2022-08-28
1781,Toyota Camry,2020,2022-01-09
1782,Ford Fusion,2015,2022-12-07
1783,Toyota Camry,2011,2021-03-18
1784,Kia Optima,2018,2021-08-26
1785,Chevrolet Malibu,2020,2022-02-04
1786,Honda Accord,2011,2022-01-06
1787,Honda Accord,2015,2021-07-13
1788,Toyota Camry,2005,2021-12-30
1789,Nissan Altima,2010,2021-03-21
1790,Chevrolet Malibu,2015,2021-01-03
1791,Hyundai Sonata,2008,2020-12-12
1792,Kia Optima,2022,2021-10-04
1793,Ford Fusion,2022,2021-06-16
1794,Honda Accord,2009,2022-07-09
1795,Nissan Altima,2012,2023-03-11
1796,Honda Accord,2008,2022-04-20
1797,Kia Optima,2014,2021-02-20
1798,Honda Accord,2007,2022-12-15
1799,Nissan Altima,2012,2021-12-10
1800,Nissan Altima,2014,2022-10-24
1801,Toyota Camry,2016,2022-03-25
1802,Nissan Altima,2015,2022-12-07
1803,Nissan Altima,2008,2021-06-23
1804,Honda Accord,2019,2021-04-16
1805,Toyota Camry,2017,2021-06-02
1806,Toyota Camry,2018,2021-07-20
1807,Toyota Camry,2013,2022-09-15
1808,Nissan Altima,2021,2021-12-24
1809,Toyota Camry,2012,2023-01-10
1810,Kia Optima,2019,2022-05-13
1811,Honda Accord,2008,2022-01-15
1812,Hyundai Sonata,2009,2021-08-22
1813,Hyundai Sonata,2014,2023-01-17
1814,Nissan Altima,2015,2021-04-14
1815,Kia Optima,2018,2022-02-26
1816,Toyota Camry,2010,2021-02-11
1817,Honda Accord,2020,2021-12-26
1818,Honda Accord,2010,2021-12-09
1819,Toyota Camry,2014,2021-07-31
1820,Ford Fusion,2021,2021-04-07
1821,Ford Fusion,2014,2022-11-24
1822,Chevrolet Malibu,2017,2022-01-10
1823,Ford Fusion,2021,2023-03-19
1824,Kia Optima,2022,2022-02-12
1825,Chevrolet Malibu,2013,2021-04-13
1826,Kia Optima,2012,2021-02-25
1827,Toyota Camry,2008,2022-08-03
1828,Kia Optima,2014,2022-05-02
1829,Hyundai Sonata,2021,2021-12-05
1830,Kia Optima,2013,2022-04-24
1831,Ford Fusion,2011,2022-11-05
1832,Kia Optima,2006,2022-07-14
1833,Hyundai Sonata,2012,2022-04-16
1834,Toyota Camry,2009,2022-01-03
1835,Ford Fusion,2022,2021-01-07
1836,Toyota Camry,2014,2021-12-11
1837,Kia Optima,2007,2022-05-01
1838,Ford Fusion,2006,2021-08-29
1839,Honda Accord,2020,2021-05-20
1840,Nissan Altima,2021,2022-03-23
1841,Ford Fusion,2018,2022-01-30
1842,Toyota Camry,2007,2022-10-01
1843,Chevrolet Malibu,2006,2021-02-26
1844,Chevrolet Malibu,2008,2021-02-24
1845,Chevrolet Malibu,2018,2022-11-08
1846,Hyundai Sonata,2018,2022-06-07
1847,Ford Fusion,2020,2022-08-13
1848,Nissan Altima,2006,2021-01-05
1849,Nissan Altima,2007,2023-02-15
1850,Honda Accord,2021,2022-10-10
1851,Toyota Camry,2021,2022-07-05
1852,Honda Accord,2018,2021-11-27
1853,Nissan Altima,2006,2022-09-03
1854,Honda Accord,2006,2021-12-18
1855,Toyota Camry,2006,2021-06-12
1856,Chevrolet Malibu,2017,2021-03-31
1857,Ford Fusion,2020,2023-01-15
1858,Hyundai Sonata,2016,2022-12-11
1859,Nissan Altima,2009,2023-01-19
1860,Chevrolet Malibu,2018,2021-01-16
1861,Chevrolet Malibu,2006,2021-09-05
1862,Ford Fusion,2019,2021-12-23
1863,Chevrolet Malibu,2021,2021-05-03
1864,Ford Fusion,2017,2021-11-04
1865,Chevrolet Malibu,2020,2022-09-15
1866,Ford Fusion,2015,2022-01-11
1867,Toyota Camry,2013,2021-07-21
1868,Chevrolet Malibu,2010,2023-03-13
1869,Toyota Camry,2021,2021-10-16
1870,Chevrolet Malibu,2017,2022-01-23
1871,Toyota Camry,2008,2023-02-11
1872,Honda Accord,2022,2022-08-21
1873,Hyundai Sonata,2006,2022-03-07
1874,Kia Optima,2015,2022-06-10
1875,Ford Fusion,2008,2022-07-28
1876,Toyota Camry,2016,2021-09-08
1877,Honda Accord,2012,2022-04-16
1878,Kia Optima,2012,2022-01-22
1879,Chevrolet Malibu,2017,2021-04-27
1880,Toyota Camry,2018,2023-01-21
1881,Ford Fusion,2011,2022-05-26
1882,Honda Accord,2022,2023-02-08
1883,Honda Accord,2013,2021-01-01
1884,Chevrolet Malibu,2007,2022-10-30
1885,Hyundai Sonata,2005,2021-04-07
1886,Honda Accord,2008,2022-10-25
1887,Hyundai Sonata,2017,2022-06-27
1888,Ford Fusion,2014,2021-10-15
1889,Toyota Camry,2011,2021-03-28
1890,Nissan Altima,2013,2022-11-06
1891,Honda Accord,2020,2022-10-05
1892,Honda Accord,2015,2021-02-11
1893,Kia Optima,2006,2022-06-29
1894,Hyundai Sonata,2005,2022-10-08
1895,Toyota Camry,2013,2021-06-15
1896,Chevrolet Malibu,2012,2023-01-23
1897,Hyundai Sonata,2020,2021-02-24
1898,Kia Optima,2015,2021-02-16
1899,Chevrolet Malibu,2018,2021-03-05
1900,Ford Fusion,2015,2022-07-23
1901,Nissan Altima,2011,2023-01-02
1902,Nissan Altima,2016,2022-03-28
1903,Chevrolet Malibu,2016,2022-06-18
1904,Honda Accord,2017,2020-12-03
1905,Ford Fusion,2008,2021-09-24
1906,Honda Accord,2016,2020-12-17
1907,Ford Fusion,2010,2021-06-08
1908,Honda Accord,2019,2021-07-11
1909,Toyota Camry,2019,2023-01-04
1910,Kia Optima,2016,2023-02-12
1911,Toyota Camry,2022,2023-03-04
1912,Kia Optima,2014,2021-10-28
1913,Toyota Camry,2005,2022-10-15
1914,Chevrolet Malibu,2015,2020-11-06
1915,Ford Fusion,2018,2022-12-16
1916,Nissan Altima,2006,2020-12-14
1917,Honda Accord,2006,2021-08-22
1918,Nissan Altima,2009,2023-01-09
1919,Nissan Altima,2020,2023-02-21
1920,Nissan Altima,2014,2022-04-24
1921,Ford Fusion,2022,2022-06-14
1922,Nissan Altima,2020,2022-07-05
1923,Chevrolet Malibu,2014,2021-12-25
1924,Nissan Altima,2017,2022-12-19
1925,Ford Fusion,2010,2022-12-19
1926,Toyota Camry,2006,2021-07-29
1927,Ford Fusion,2012,2020-11-05
1928,Toyota Camry,2015,2022-08-11
1929,Honda Accord,2008,2020-12-28
1930,Kia Optima,2008,2022-06-08
1931,Toyota Camry,2005,2022-06-17
1932,Nissan Altima,2018,2023-01-23
1933,Chevrolet Malibu,2021,2022-03-30
1934,Kia Optima,2019,2022-01-22
1935,Honda Accord,2011,2021-08-26
1936,Honda Accord,2015,2022-11-23
1937,Ford Fusion,2022,2022-10-27
1938,Nissan Altima,2015,2022-03-22
1939,Kia Optima,2010,2023-02-11
1940,Honda Accord,2011,2022-12-07
1941,Honda Accord,2018,2021-09-26
1942,Honda Accord,2013,2020-12-08
1943,Kia Optima,2020,2021-11-15
1944,Toyota Camry,2020,2022-12-05
1945,Ford Fusion,2005,2020-11-05
1946,Toyota Camry,2018,2021-12-31
1947,Honda Accord,2011,2021-07-09
1948,Kia Optima,2014,2022-10-19
1949,Toyota Camry,2009,2021-11-10
1950,Ford Fusion,2011,2023-02-05
1951,Kia Optima,2010,2021-09-29
1952,Hyundai Sonata,2005,2022-10-15
1953,Toyota Camry,2019,2021-01-17
1954,Nissan Altima,2007,2023-02-24
1955,Kia Optima,2011,2021-09-05
1956,Ford Fusion,2008,2022-12-10
1957,Nissan Altima,2007,2021-08-05
1958,Nissan Altima,2011,2022-01-26
1959,Hyundai Sonata,2021,2020-11-26
1960,Honda Accord,2021,2021-09-06
1961,Chevrolet Malibu,2011,2022-05-15
1962,Kia Optima,2014,2023-01-26
1963,Toyota Camry,2022,2021-10-26
1964,Chevrolet Malibu,2009,2022-03-14
1965,Chevrolet Malibu,2022,2023-02-26
1966,Chevrolet Malibu,2006,2021-11-08
1967,Ford Fusion,2009,2022-10-08
1968,Nissan Altima,2011,2022-09-16
1969,Chevrolet Malibu,2005,2023-04-06
1970,Honda Accord,2019,2022-05-15
1971,Chevrolet Malibu,2020,2022-09-30
1972,Kia Optima,2011,2023-02-09
1973,Hyundai Sonata,2020,2022-03-20
1974,Ford Fusion,2018,2022-09-29
1975,Nissan Altima,2019,2022-12-15
1976,Toyota Camry,2019,2022-02-19
1977,Kia Optima,2015,2023-02-17
1978,Ford Fusion,2006,2020-11-05
1979,Toyota Camry,2021,2022-02-15
1980,Chevrolet Malibu,2015,2020-10-31
1981,Hyundai Sonata,2021,2021-02-11
1982,Hyundai Sonata,2022,2020-11-15
1983,Toyota Camry,2008,2021-12-13
1984,Chevrolet Malibu,2012,2022-03-30
1985,Hyundai Sonata,2008,2021-07-06
1986,Chevrolet Malibu,2005,2023-02-01
1987,Chevrolet Malibu,2022,2021-03-20
1988,Honda Accord,2021,2022-06-28
1989,Honda Accord,2021,2023-04-08
1990,Kia Optima,2020,2022-09-13
1991,Nissan Altima,2016,2022-09-09
1992,Nissan Altima,2014,2023-04-02
1993,Ford Fusion,2022,2021-08-21
1994,Hyundai Sonata,2014,2023-01-19
1995,Chevrolet Malibu,2016,2021-03-14
1996,Toyota Camry,2008,2022-03-03
1997,Nissan Altima,2018,2021-07-08
1998,Kia Optima,2019,2022-06-13
1999,Honda Accord,2017,2022-12-17
2000,Honda Accord,2013,2022-11-03
2001,Kia Optima,2008,2021-09-11
2002,Toyota Camry,2005,2021-07-10
2003,Ford Fusion,2016,2022-08-17
2004,Nissan Altima,2017,2022-05-28
2005,Chevrolet Malibu,2018,2020-12-16
2006,Toyota Camry,2022,2021-03-10
2007,Nissan Altima,2013,2022-04-08
2008,Honda Accord,2019,2022-09-10
2009,Chevrolet Malibu,2017,2022-07-18
2010,Hyundai Sonata,2009,2021-12-16
2011,Nissan Altima,2020,2021-11-21
2012,Ford Fusion,2005,2022-10-31
2013,Honda Accord,2015,2023-02-14
2014,Kia Optima,2021,2022-01-24
2015,Hyundai Sonata,2016,2021-04-28
2016,Ford Fusion,2021,2022-11-28
2017,Ford Fusion,2006,2022-04-12
2018,Chevrolet Malibu,2014,2022-11-20
2019,Chevrolet Malibu,2019,2022-09-09
2020,Nissan Altima,2016,2021-10-11
2021,Ford Fusion,2020,2022-07-31
2022,Hyundai Sonata,2013,2022-08-20
2023,Hyundai Sonata,2017,2020-10-31
2024,Hyundai Sonata,2012,2022-11-11
2025,Toyota Camry,2020,2022-10-26
2026,Nissan Altima,2007,2020-12-30
2027,Hyundai Sonata,2009,2021-12-06
2028,Kia Optima,2006,2023-03-07
2029,Nissan Altima,2017,2022-03-28
2030,Ford Fusion,2009,2021-11-22
2031,Nissan Altima,2010,2022-08-30
2032,Honda Accord,2020,2021-12-08
2033,Toyota Camry,2011,2021-09-08
2034,Hyundai Sonata,2007,2022-09-01
2035,Kia Optima,2005,2021-04-14
2036,Chevrolet Malibu,2009,2022-03-03
2037,Hyundai Sonata,2021,2020-11-29
2038,Toyota Camry,2014,2023-01-26
2039,Kia Optima,2022,2022-06-27
2040,Nissan Altima,2008,2021-07-05
2041,Ford Fusion,2011,2021-01-30
2042,Kia Optima,2007,2022-09-27
2043,Chevrolet Malibu,2012,2020-11-14
2044,Chevrolet Malibu,2015,2022-10-23
2045,Honda Accord,2019,2022-04-05
2046,Kia Optima,2011,2022-07-05
2047,Nissan Altima,2018,2022-03-29
2048,Nissan Altima,2016,2021-01-23
2049,Chevrolet Malibu,2010,2021-06-25
2050,Hyundai Sonata,2021,2021-04-28
2051,Honda Accord,2012,2022-08-29
2052,Ford Fusion,2007,2020-12-14
2053,Ford Fusion,2022,2022-03-19
2054,Kia Optima,2021,2021-09-05
2055,Chevrolet Malibu,2005,2021-07-26
2056,Ford Fusion,2021,2021-08-27
2057,Chevrolet Malibu,2022,2021-10-20
2058,Chevrolet Malibu,2019,2022-02-07
2059,Ford Fusion,2009,2021-09-09
2060,Ford Fusion,2016,2021-01-21
2061,Kia Optima,2014,2022-04-29
2062,Nissan Altima,2016,2022-01-10
2063,Honda Accord,2016,2022-11-04
2064,Chevrolet Malibu,2016,2022-05-30
2065,Hyundai Sonata,2014,2021-05-20
2066,Nissan Altima,2017,2021-09-16
2067,Chevrolet Malibu,2014,2022-10-07
2068,Kia Optima,2005,2021-12-10
2069,Ford Fusion,2005,2021-04-15
2070,Ford Fusion,2022,2022-12-24
2071,Honda Accord,2021,2023-02-18
2072,Hyundai Sonata,2015,2022-04-26
2073,Ford Fusion,2008,2021-09-01
2074,Ford Fusion,2019,2022-07-07
2075,Hyundai Sonata,2007,2021-04-06
2076,Ford Fusion,2011,2021-03-14
2077,Nissan Altima,2010,2021-12-22
2078,Nissan Altima,2005,2022-05-09
2079,Honda Accord,2019,2023-03-08
2080,Toyota Camry,2014,2021-04-06
2081,Chevrolet Malibu,2010,2021-01-30
2082,Toyota Camry,2014,2022-03-13
2083,Ford Fusion,2005,2022-01-05
2084,Hyundai Sonata,2012,2021-06-06
2085,Toyota Camry,2014,2021-07-28
2086,Hyundai Sonata,2011,2022-12-14
2087,Chevrolet Malibu,2019,2021-08-18
2088,Hyundai Sonata,2009,2021-01-03
2089,Ford Fusion,2007,2021-06-09
2090,Toyota Camry,2014,2022-02-06
2091,Kia Optima,2020,2021-12-30
2092,Ford Fusion,2011,2022-08-24
2093,Chevrolet Malibu,2005,2021-08-28
2094,Honda Accord,2022,2022-09-09
2095,Honda Accord,2012,2022-06-11
2096,Chevrolet Malibu,2008,2022-08-19
2097,Kia Optima,2016,2022-06-17
2098,Kia Optima,2010,2022-05-20
2099,Chevrolet Malibu,2021,2023-01-30
2100,Honda Accord,2010,2021-07-08
2101,Kia Optima,2014,2022-03-14
2102,Hyundai Sonata,2014,2020-12-12
2103,Honda Accord,2009,2022-11-03
2104,Toyota Camry,2013,2021-08-21
2105,Kia Optima,2006,2022-11-04
2106,Honda Accord,2016,2021-12-09
2107,Chevrolet Malibu,2018,2022-01-28
2108,Toyota Camry,2022,2022-03-07
2109,Honda Accord,2010,2021-09-03
2110,Honda Accord,2010,2021-03-31
2111,Honda Accord,2014,2022-07-04
2112,Hyundai Sonata,2017,2021-03-12
2113,Kia Optima,2022,2022-10-30
2114,Kia Optima,2005,2022-07-25
2115,Chevrolet Malibu,2009,2022-07-09
2116,Honda Accord,2009,2020-12-08
2117,Kia Optima,2009,2022-12-29
2118,Nissan Altima,2013,2022-04-24
2119,Nissan Altima,2020,2022-03-29
2120,Hyundai Sonata,2005,2021-04-25
2121,Chevrolet Malibu,2019,2022-02-02
2122,Kia Optima,2016,2020-11-26
2123,Hyundai Sonata,2016,2021-06-18
2124,Hyundai Sonata,2017,2021-07-21
2125,Chevrolet Malibu,2007,2021-06-07
2126,Honda Accord,2018,2022-11-20
2127,Ford Fusion,2009,2022-03-07
2128,Hyundai Sonata,2014,2021-11-04
2129,Toyota Camry,2017,2022-10-09
2130,Ford Fusion,2015,2022-12-29
2131,Chevrolet Malibu,2010,2022-12-13
2132,Kia Optima,2012,2021-05-05
2133,Nissan Altima,2013,2021-09-01
2134,Ford Fusion,2005,2022-08-05
2135,Nissan Altima,2018,2021-06-21
2136,Hyundai Sonata,2006,2021-07-29
2137,Nissan Altima,2013,2021-04-10
2138,Toyota Camry,2016,2021-01-16
2139,Nissan Altima,2006,2021-02-10
2140,Ford Fusion,2022,2022-11-03
2141,Hyundai Sonata,2011,2021-05-23
2142,Kia Optima,2005,2022-04-26
2143,Kia Optima,2016,2022-04-17
2144,Hyundai Sonata,2015,2021-09-10
2145,Ford Fusion,2016,2021-10-20
2146,Nissan Altima,2018,2022-04-02
2147,Honda Accord,2013,2020-10-28
2148,Kia Optima,2019,2022-11-08
2149,Chevrolet Malibu,2011,2023-01-17
2150,Chevrolet Malibu,2014,2023-03-19
2151,Ford Fusion,2007,2021-04-12
2152,Ford Fusion,2016,2022-04-14
2153,Chevrolet Malibu,2009,2022-03-17
2154,Nissan Altima,2017,2021-09-08
2155,Hyundai Sonata,2019,2022-03-19
2156,Nissan Altima,2020,2021-11-14
2157,Nissan Altima,2021,2023-02-21
2158,Hyundai Sonata,2007,2022-11-25
2159,Chevrolet Malibu,2007,2020-12-28
2160,Ford Fusion,2021,2022-03-05
2161,Chevrolet Malibu,2011,2022-11-15
2162,Honda Accord,2005,2022-05-17
2163,Ford Fusion,2010,2022-06-18
2164,Kia Optima,2020,2022-08-11
2165,Kia Optima,2011,2022-07-25
2166,Kia Optima,2006,2021-06-28
2167,Ford Fusion,2017,2023-01-09
2168,Chevrolet Malibu,2008,2022-07-10
2169,Kia Optima,2011,2022-02-18
2170,Kia Optima,2005,2021-12-15
2171,Toyota Camry,2015,2021-02-12
2172,Chevrolet Malibu,2013,2021-01-05
2173,Kia Optima,2020,2022-07-21
2174,Chevrolet Malibu,2011,2021-12-16
2175,Honda Accord,2008,2023-03-25
2176,Chevrolet Malibu,2007,2021-10-07
2177,Toyota Camry,2008,2022-11-28
2178,Nissan Altima,2013,2023-02-08
2179,Hyundai Sonata,2006,2021-08-19
2180,Nissan Altima,2012,2022-11-05
2181,Hyundai Sonata,2020,2022-02-09
2182,Honda Accord,2018,2023-01-14
2183,Hyundai Sonata,2016,2021-06-13
2184,Hyundai Sonata,2021,2021-05-27
2185,Hyundai Sonata,2019,2021-11-14
2186,Ford Fusion,2016,2021-03-24
2187,Ford Fusion,2020,2022-03-18
2188,Honda Accord,2007,2022-10-29
2189,Nissan Altima,2019,2022-11-29
2190,Hyundai Sonata,2010,2022-09-29
2191,Ford Fusion,2018,2022-10-16
2192,Ford Fusion,2021,2022-06-28
2193,Ford Fusion,2013,2022-10-04
2194,Honda Accord,2006,2021-10-30
2195,Hyundai Sonata,2011,2022-12-02
2196,Chevrolet Malibu,2012,2021-10-03
2197,Ford Fusion,2021,2022-06-18
2198,Kia Optima,2021,2021-08-05
2199,Nissan Altima,2015,2022-01-08
2200,Honda Accord,2022,2021-01-21
2201,Ford Fusion,2012,2022-03-15
2202,Toyota Camry,2012,2022-07-23
2203,Toyota Camry,2020,2021-11-01
2204,Ford Fusion,2017,2021-08-30
2205,Nissan Altima,2014,2022-03-16
2206,Chevrolet Malibu,2013,2021-11-27
2207,Toyota Camry,2017,2022-02-15
2208,Chevrolet Malibu,2018,2022-07-14
2209,Honda Accord,2013,2022-07-07
2210,Toyota Camry,2005,2021-01-19
2211,Hyundai Sonata,2006,2021-08-15
2212,Chevrolet Malibu,2007,2023-01-19
2213,Hyundai Sonata,2013,2020-12-01
2214,Toyota Camry,2016,2021-07-13
2215,Toyota Camry,2019,2023-02-28
2216,Ford Fusion,2009,2021-06-29
2217,Nissan Altima,2019,2021-10-31
2218,Kia Optima,2016,2021-01-12
2219,Ford Fusion,2005,2022-01-30
2220,Honda Accord,2011,2022-01-03
2221,Kia Optima,2010,2022-07-06
2222,Honda Accord,2020,2022-06-29
2223,Toyota Camry,2021,2021-10-06
2224,Ford Fusion,2019,2021-03-31
2225,Ford Fusion,2014,2021-02-03
2226,Hyundai Sonata,2013,2021-05-22
2227,Kia Optima,2010,2021-10-13
2228,Kia Optima,2018,2022-01-20
2229,Ford Fusion,2006,2022-06-13
2230,Kia Optima,2009,2021-05-24
2231,Hyundai Sonata,2007,2022-07-02
2232,Toyota Camry,2013,2022-08-17
2233,Kia Optima,2010,2021-02-23
2234,Toyota Camry,2008,2021-11-01
2235,Hyundai Sonata,2011,2022-05-31
2236,Chevrolet Malibu,2020,2021-02-26
2237,Honda Accord,2015,2020-11-30
2238,Honda Accord,2019,2022-07-03
2239,Nissan Altima,2021,2022-01-01
2240,Kia Optima,2021,2022-02-04
2241,Honda Accord,2011,2021-07-23
2242,Hyundai Sonata,2020,2020-12-11
2243,Nissan Altima,2021,2021-12-07
2244,Toyota Camry,2022,2021-04-27
2245,Hyundai Sonata,2011,2021-10-26
2246,Chevrolet Malibu,2009,2021-02-06
2247,Hyundai Sonata,2015,2022-04-16
2248,Honda Accord,2021,2022-05-03
2249,Honda Accord,2021,2022-03-31
2250,Ford Fusion,2015,2020-10-31
2251,Nissan Altima,2007,2021-10-12
2252,Nissan Altima,2012,2022-11-28
2253,Honda Accord,2017,2023-03-09
2254,Nissan Altima,2015,2022-01-03
2255,Ford Fusion,2011,2021-04-20
2256,Hyundai Sonata,2011,2022-02-08
2257,Chevrolet Malibu,2006,2021-11-27
2258,Hyundai Sonata,2010,2021-04-27
2259,Toyota Camry,2017,2022-01-05
2260,Kia Optima,2009,2021-01-18
2261,Toyota Camry,2022,2021-09-18
2262,Kia Optima,2006,2021-06-26
2263,Toyota Camry,2015,2021-05-12
2264,Nissan Altima,2013,2021-09-28
2265,Toyota Camry,2019,2023-02-28
2266,Toyota Camry,2020,2022-03-26
2267,Hyundai Sonata,2014,2022-12-08
2268,Chevrolet Malibu,2016,2022-01-11
2269,Toyota Camry,2017,2022-12-07
2270,Kia Optima,2014,2022-01-12
2271,Ford Fusion,2008,2022-06-09
2272,Ford Fusion,2012,2023-03-27
2273,Ford Fusion,2009,2022-12-23
2274,Nissan Altima,2013,2022-01-17
2275,Honda Accord,2016,2023-02-03
2276,Ford Fusion,2008,2021-03-06
2277,Honda Accord,2009,2021-06-01
2278,Toyota Camry,2019,2021-07-16
2279,Ford Fusion,2011,2022-11-11
2280,Hyundai Sonata,2008,2021-04-29
2281,Chevrolet Malibu,2017,2021-09-21
2282,Ford Fusion,2017,2022-04-28
2283,Ford Fusion,2019,2023-04-14
2284,Chevrolet Malibu,2018,2021-12-25
2285,Hyundai Sonata,2022,2021-04-29
2286,Chevrolet Malibu,2015,2023-03-15
2287,Kia Optima,2010,2023-02-26
2288,Chevrolet Malibu,2020,2022-05-05
2289,Kia Optima,2009,2022-01-10
2290,Ford Fusion,2010,2022-02-12
2291,Ford Fusion,2019,2022-03-27
2292,Ford Fusion,2020,2022-08-28
2293,Honda Accord,2011,2023-02-20
2294,Chevrolet Malibu,2018,2023-03-17
2295,Chevrolet Malibu,2021,2023-01-16
2296,Chevrolet Malibu,2019,2021-08-02
2297,Honda Accord,2005,2021-05-08
2298,Nissan Altima,2016,2022-03-19
2299,Honda Accord,2008,2023-02-04
2300,Kia Optima,2020,2022-04-06
2301,Honda Accord,2006,2020-11-09
2302,Honda Accord,2022,2022-09-02
2303,Nissan Altima,2008,2022-01-28
2304,Kia Optima,2012,2021-12-17
2305,Kia Optima,2009,2022-06-22
2306,Toyota Camry,2019,2022-03-17
2307,Ford Fusion,2012,2022-02-14
2308,Honda Accord,2018,2022-02-12
2309,Ford Fusion,2006,2021-07-08
2310,Nissan Altima,2013,2021-11-08
2311,Honda Accord,2021,2023-02-25
2312,Toyota Camry,2021,2023-04-09
2313,Nissan Altima,2008,2022-04-10
2314,Toyota Camry,2012,2021-01-18
2315,Honda Accord,2012,2023-03-12
2316,Toyota Camry,2015,2023-02-10
2317,Toyota Camry,2014,2021-08-12
2318,Nissan Altima,2006,2022-03-05
2319,Chevrolet Malibu,2018,2022-09-19
2320,Chevrolet Malibu,2009,2022-10-10
2321,Toyota Camry,2010,2021-08-25
2322,Toyota Camry,2020,2021-12-30
2323,Ford Fusion,2017,2021-09-18
2324,Hyundai Sonata,2012,2022-08-06
2325,Chevrolet Malibu,2021,2021-12-27
2326,Chevrolet Malibu,2012,2021-03-02
2327,Ford Fusion,2015,2022-07-04
2328,Honda Accord,2009,2022-04-23
2329,Toyota Camry,2008,2022-11-18
2330,Honda Accord,2013,2021-09-17
2331,Toyota Camry,2015,2023-03-16
2332,Kia Optima,2019,2022-09-03
2333,Honda Accord,2012,2021-07-12
2334,Chevrolet Malibu,2021,2023-03-28
2335,Nissan Altima,2015,2020-11-06
2336,Nissan Altima,2006,2022-04-16
2337,Nissan Altima,2018,2022-04-21
2338,Chevrolet Malibu,2015,2021-12-18
2339,Toyota Camry,2012,2021-09-17
2340,Toyota Camry,2013,2022-02-25
2341,Ford Fusion,2010,2021-02-09
2342,Ford Fusion,2016,2020-12-01
2343,Nissan Altima,2015,2022-10-16
2344,Chevrolet Malibu,2013,2021-07-18
2345,Hyundai Sonata,2010,2022-07-18
2346,Honda Accord,2012,2020-10-31
2347,Ford Fusion,2013,2022-08-30
2348,Chevrolet Malibu,2013,2022-07-23
2349,Honda Accord,2010,2021-07-11
2350,Nissan Altima,2015,2021-05-05
2351,Nissan Altima,2009,2022-12-20
2352,Chevrolet Malibu,2014,2021-12-01
2353,Chevrolet Malibu,2007,2022-06-08
2354,Nissan Altima,2013,2021-10-12
2355,Ford Fusion,2019,2021-11-30
2356,Ford Fusion,2019,2020-11-09
2357,Ford Fusion,2017,2020-12-26
2358,Honda Accord,2018,2021-09-04
2359,Hyundai Sonata,2006,2021-08-12
2360,Honda Accord,2011,2021-01-26
2361,Hyundai Sonata,2016,2022-11-01
2362,Chevrolet Malibu,2019,2021-07-01
2363,Kia Optima,2015,2021-05-20
2364,Toyota Camry,2020,2022-12-21
2365,Chevrolet Malibu,2009,2021-02-11
2366,Toyota Camry,2007,2021-07-25
2367,Ford Fusion,2006,2022-06-06
2368,Honda Accord,2015,2022-02-03
2369,Honda Accord,2016,2022-01-29
2370,Honda Accord,2010,2021-01-09
2371,Toyota Camry,2019,2020-11-24
2372,Chevrolet Malibu,2018,2021-04-19
2373,Toyota Camry,2011,2021-09-05
2374,Ford Fusion,2009,2023-01-11
2375,Hyundai Sonata,2018,2021-01-12
2376,Kia Optima,2017,2022-12-15
2377,Chevrolet Malibu,2008,2022-11-16
2378,Toyota Camry,2009,2023-02-11
2379,Kia Optima,2013,2020-12-13
2380,Hyundai Sonata,2014,2022-01-26
2381,Honda Accord,2007,2022-09-14
2382,Nissan Altima,2022,2023-02-01
2383,Kia Optima,2011,2022-04-09
2384,Ford Fusion,2011,2021-07-03
2385,Honda Accord,2006,2020-11-01
2386,Kia Optima,2020,2021-12-04
2387,Kia Optima,2009,2021-10-16
2388,Kia Optima,2022,2021-03-24
2389,Kia Optima,2013,2021-01-24
2390,Kia Optima,2020,2022-08-06
2391,Nissan Altima,2008,2020-11-04
2392,Honda Accord,2007,2022-01-03
2393,Hyundai Sonata,2019,2020-12-29
2394,Honda Accord,2019,2022-12-30
2395,Nissan Altima,2014,2023-01-17
2396,Hyundai Sonata,2005,2021-02-08
2397,Kia Optima,2021,2021-08-18
2398,Ford Fusion,2012,2022-11-08
2399,Honda Accord,2021,2021-01-30
2400,Chevrolet Malibu,2020,2023-01-12
2401,Toyota Camry,2020,2021-08-09
2402,Nissan Altima,2017,2022-10-12
2403,Chevrolet Malibu,2017,2023-02-10
2404,Nissan Altima,2014,2021-04-20
2405,Ford Fusion,2005,2021-03-14
2406,Chevrolet Malibu,2011,2023-01-09
2407,Ford Fusion,2018,2023-01-21
2408,Hyundai Sonata,2019,2021-10-09
2409,Nissan Altima,2015,2023-03-20
2410,Toyota Camry,2017,2021-06-13
2411,Nissan Altima,2005,2021-01-11
2412,Toyota Camry,2013,2021-06-08
2413,Kia Optima,2014,2022-09-19
2414,Hyundai Sonata,2021,2022-10-26
2415,Ford Fusion,2010,2021-08-11
2416,Nissan Altima,2009,2023-02-18
2417,Hyundai Sonata,2011,2021-12-17
2418,Honda Accord,2008,2022-03-07
2419,Ford Fusion,2015,2021-06-14
2420,Ford Fusion,2016,2022-10-14
2421,Honda Accord,2019,2021-05-29
2422,Chevrolet Malibu,2022,2021-07-25
2423,Toyota Camry,2006,2022-09-12
2424,Chevrolet Malibu,2009,2022-05-29
2425,Ford Fusion,2010,2023-02-14
2426,Nissan Altima,2009,2022-03-07
2427,Honda Accord,2019,2022-08-23
2428,Ford Fusion,2007,2023-01-02
2429,Chevrolet Malibu,2005,2021-11-27
2430,Honda Accord,2020,2021-11-20
2431,Toyota Camry,2022,2023-01-27
2432,Nissan Altima,2009,2022-10-30
2433,Honda Accord,2010,2023-01-30
2434,Ford Fusion,2014,2021-08-12
2435,Nissan Altima,2014,2022-06-15
2436,Nissan Altima,2022,2023-02-10
2437,Hyundai Sonata,2012,2022-10-24
2438,Hyundai Sonata,2005,2020-11-18
2439,Chevrolet Malibu,2012,2022-08-28
2440,Toyota Camry,2015,2021-08-07
2441,Ford Fusion,2014,2022-02-17
2442,Toyota Camry,2014,2022-11-02
2443,Toyota Camry,2021,2022-07-12
2444,Honda Accord,2019,2023-04-02
2445,Hyundai Sonata,2009,2021-06-12
2446,Kia Optima,2011,2022-06-18
2447,Chevrolet Malibu,2017,2022-01-21
2448,Hyundai Sonata,2012,2022-11-28
2449,Chevrolet Malibu,2012,2021-04-04
2450,Honda Accord,2008,2022-09-30
2451,Chevrolet Malibu,2009,2021-11-21
2452,Kia Optima,2018,2021-02-19
2453,Toyota Camry,2020,2021-07-12
2454,Nissan Altima,2019,2021-10-19
2455,Chevrolet Malibu,2010,2021-02-05
2456,Nissan Altima,2007,2022-11-07
2457,Chevrolet Malibu,2007,2020-11-29
2458,Kia Optima,2012,2021-11-30
2459,Nissan Altima,2014,2022-04-11
2460,Toyota Camry,2021,2022-08-28
2461,Ford Fusion,2021,2021-06-14
2462,Honda Accord,2005,2020-11-18
2463,Nissan Altima,2017,2021-08-02
2464,Hyundai Sonata,2010,2023-03-16
2465,Nissan Altima,2008,2022-02-17
2466,Honda Accord,2014,2021-06-25
2467,Ford Fusion,2005,2022-04-22
2468,Hyundai Sonata,2011,2021-05-20
2469,Toyota Camry,2014,2021-07-18
2470,Honda Accord,2009,2023-02-13
2471,Kia Optima,2015,2021-11-29
2472,Toyota Camry,2013,2022-11-11
2473,Ford Fusion,2019,2022-02-01
2474,Honda Accord,2008,2022-05-04
2475,Toyota Camry,2006,2021-04-19
2476,Ford Fusion,2014,2021-02-23
2477,Nissan Altima,2009,2022-02-24
2478,Honda Accord,2017,2021-12-18
2479,Toyota Camry,2006,2021-09-29
2480,Toyota Camry,2015,2021-09-02
2481,Hyundai Sonata,2022,2021-09-20
2482,Kia Optima,2006,2021-05-11
2483,Honda Accord,2010,2020-11-13
2484,Ford Fusion,2020,2021-03-31
2485,Ford Fusion,2014,2022-12-14
2486,Ford Fusion,2008,2022-02-10
2487,Honda Accord,2008,2022-02-24
2488,Toyota Camry,2018,2022-01-12
2489,Nissan Altima,2020,2021-12-25
2490,Ford Fusion,2011,2021-07-08
2491,Ford Fusion,2013,2022-04-01
2492,Honda Accord,2019,2022-08-21
2493,Kia Optima,2008,2022-02-27
2494,Hyundai Sonata,2008,2021-03-07
2495,Ford Fusion,2018,2022-07-09
2496,Honda Accord,2008,2023-03-27
2497,Chevrolet Malibu,2018,2020-11-18
2498,Kia Optima,2013,2022-10-21
2499,Toyota Camry,2022,2021-10-20
2500,Kia Optima,2005,2021-04-25
2501,Hyundai Sonata,2022,2022-08-11
2502,Toyota Camry,2009,2022-06-13
2503,Chevrolet Malibu,2005,2022-08-05
2504,Toyota Camry,2018,2022-12-01
2505,Toyota Camry,2014,2022-11-28
2506,Toyota Camry,2020,2022-10-29
2507,Nissan Altima,2006,2022-02-27
2508,Hyundai Sonata,2006,2021-12-23
2509,Ford Fusion,2015,2023-03-31
2510,Toyota Camry,2020,2021-03-15
2511,Honda Accord,2012,2021-08-15
2512,Chevrolet Malibu,2019,2023-02-10
2513,Kia Optima,2021,2021-03-18
2514,Chevrolet Malibu,2020,2023-03-18
2515,Toyota Camry,2014,2021-11-27
2516,Chevrolet Malibu,2017,2022-02-20
2517,Hyundai Sonata,2014,2022-01-18
2518,Nissan Altima,2017,2020-12-06
2519,Honda Accord,2015,2021-01-01
2520,Kia Optima,2014,2022-08-07
2521,Nissan Altima,2012,2021-11-09
2522,Toyota Camry,2016,2020-12-03
2523,Honda Accord,2018,2021-06-28
2524,Ford Fusion,2021,2021-02-05
2525,Toyota Camry,2016,2022-03-20
2526,Ford Fusion,2006,2022-08-03
2527,Nissan Altima,2015,2022-01-10
2528,Kia Optima,2010,2021-04-10
2529,Toyota Camry,2005,2020-12-30
2530,Hyundai Sonata,2006,2021-08-06
2531,Kia Optima,2015,2021-07-18
2532,Chevrolet Malibu,2022,2022-01-09
2533,Kia Optima,2014,2022-07-01
2534,Honda Accord,2013,2022-03-30
2535,Chevrolet Malibu,2006,2022-01-22
2536,Kia Optima,2017,2021-04-11
2537,Ford Fusion,2005,2021-12-01
2538,Nissan Altima,2020,2021-05-02
2539,Nissan Altima,2019,2023-03-21
2540,Nissan Altima,2022,2021-06-03
2541,Ford Fusion,2010,2022-01-14
2542,Kia Optima,2007,2020-10-29
2543,Kia Optima,2010,2022-02-14
2544,Ford Fusion,2019,2022-02-08
2545,Chevrolet Malibu,2008,2022-12-21
2546,Ford Fusion,2020,2021-04-19
2547,Chevrolet Malibu,2007,2021-07-23
2548,Hyundai Sonata,2005,2021-02-28
2549,Nissan Altima,2008,2023-01-21
2550,Toyota Camry,2018,2022-10-06
2551,Hyundai Sonata,2015,2021-02-15
2552,Ford Fusion,2011,2023-03-08
2553,Honda Accord,2016,2022-01-13
2554,Honda Accord,2016,2022-04-16
2555,Kia Optima,2014,2020-12-21
2556,Toyota Camry,2014,2021-03-05
2557,Chevrolet Malibu,2006,2021-01-28
2558,Kia Optima,2009,2022-07-29
2559,Toyota Camry,2014,2021-11-02
2560,Hyundai Sonata,2007,2021-07-24
2561,Hyundai Sonata,2013,2020-11-26
2562,Ford Fusion,2007,2023-04-08
2563,Hyundai Sonata,2019,2020-11-17
2564,Ford Fusion,2006,2022-05-30
2565,Nissan Altima,2006,2022-12-20
2566,Nissan Altima,2016,2021-10-08
2567,Chevrolet Malibu,2008,2021-05-12
2568,Hyundai Sonata,2011,2022-12-19
2569,Ford Fusion,2010,2023-03-09
2570,Kia Optima,2008,2021-01-28
2571,Chevrolet Malibu,2018,2020-12-26
2572,Kia Optima,2017,2022-11-25
2573,Chevrolet Malibu,2009,2021-01-22
2574,Ford Fusion,2017,2021-01-17
2575,Chevrolet Malibu,2017,2020-10-30
2576,Ford Fusion,2014,2022-10-02
2577,Honda Accord,2015,2021-11-10
2578,Nissan Altima,2021,2020-11-02
2579,Kia Optima,2013,2021-01-23
2580,Nissan Altima,2011,2021-10-18
2581,Ford Fusion,2014,2022-10-19
2582,Nissan Altima,2020,2023-01-29
2583,Ford Fusion,2017,2022-08-25
2584,Hyundai Sonata,2006,2023-02-15
2585,Ford Fusion,2013,2022-10-21
2586,Nissan Altima,2018,2023-02-06
2587,Ford Fusion,2009,2021-05-29
2588,Ford Fusion,2022,2021-10-31
2589,Kia Optima,2019,2022-01-04
2590,Ford Fusion,2020,2021-04-17
2591,Toyota Camry,2006,2022-04-10
2592,Ford Fusion,2015,2022-04-17
2593,Nissan Altima,2014,2022-10-10
2594,Toyota Camry,2016,2022-03-11
2595,Ford Fusion,2020,2022-11-09
2596,Honda Accord,2011,2021-11-01
2597,Nissan Altima,2014,2020-10-30
2598,Chevrolet Malibu,2017,2021-12-21
2599,Kia Optima,2018,2022-07-20
2600,Ford Fusion,2018,2021-08-04
2601,Kia Optima,2011,2021-04-07
2602,Honda Accord,2022,2022-02-14
2603,Chevrolet Malibu,2005,2022-09-01
2604,Nissan Altima,2013,2021-07-12
2605,Chevrolet Malibu,2015,2022-10-28
2606,Chevrolet Malibu,2006,2020-10-30
2607,Nissan Altima,2013,2022-07-03
2608,Honda Accord,2015,2022-06-04
2609,Nissan Altima,2015,2021-06-30
2610,Chevrolet Malibu,2007,2023-04-04
2611,Kia Optima,2009,2022-10-14
2612,Kia Optima,2009,2022-12-23
2613,Honda Accord,2016,2022-04-28
2614,Hyundai Sonata,2010,2021-12-03
2615,Toyota Camry,2015,2022-11-04
2616,Hyundai Sonata,2018,2022-06-09
2617,Kia Optima,2019,2021-05-20
2618,Toyota Camry,2008,2020-12-20
2619,Hyundai Sonata,2021,2023-04-02
2620,Kia Optima,2007,2021-09-27
2621,Chevrolet Malibu,2005,2023-03-22
2622,Ford Fusion,2005,2022-01-02
2623,Toyota Camry,2008,2021-02-13
2624,Kia Optima,2020,2021-04-27
2625,Kia Optima,2008,2022-09-17
2626,Hyundai Sonata,2017,2022-08-25
2627,Kia Optima,2012,2021-05-10
2628,Toyota Camry,2005,2021-04-08
2629,Hyundai Sonata,2012,2022-08-05
2630,Toyota Camry,2005,2023-04-12
2631,Kia Optima,2013,2022-03-11
2632,Hyundai Sonata,2015,2021-10-04
2633,Kia Optima,2014,2022-03-12
2634,Nissan Altima,2010,2020-12-25
2635,Toyota Camry,2018,2021-04-13
2636,Toyota Camry,2015,2021-05-06
2637,Ford Fusion,2009,2023-03-27
2638,Chevrolet Malibu,2012,2021-03-08
2639,Honda Accord,2006,2021-06-05
2640,Chevrolet Malibu,2021,2022-04-23
2641,Honda Accord,2018,2021-10-31
2642,Nissan Altima,2010,2021-04-04
2643,Honda Accord,2017,2021-01-20
2644,Nissan Altima,2017,2021-12-05
2645,Nissan Altima,2015,2023-03-08
2646,Toyota Camry,2005,2021-10-05
2647,Nissan Altima,2020,2021-08-11
2648,Chevrolet Malibu,2022,2023-02-21
2649,Kia Optima,2022,2021-04-10
2650,Ford Fusion,2022,2022-10-15
2651,Kia Optima,2021,2021-02-03
2652,Kia Optima,2018,2021-12-05
2653,Kia Optima,2006,2022-06-29
2654,Ford Fusion,2013,2023-02-21
2655,Chevrolet Malibu,2009,2023-03-29
2656,Nissan Altima,2008,2021-06-17
2657,Toyota Camry,2019,2022-05-10
2658,Honda Accord,2019,2021-03-20
2659,Hyundai Sonata,2014,2022-09-19
2660,Honda Accord,2018,2021-01-07
2661,Nissan Altima,2007,2020-12-19
2662,Chevrolet Malibu,2008,2023-01-13
2663,Honda Accord,2020,2021-09-10
2664,Nissan Altima,2013,2020-12-21
2665,Honda Accord,2014,2022-06-28
2666,Nissan Altima,2013,2023-02-13
2667,Honda Accord,2008,2021-02-16
2668,Kia Optima,2019,2022-02-12
2669,Toyota Camry,2018,2023-03-21
2670,Kia Optima,2017,2021-03-20
2671,Chevrolet Malibu,2011,2021-08-12
2672,Chevrolet Malibu,2016,2023-02-10
2673,Chevrolet Malibu,2022,2022-08-25
2674,Honda Accord,2016,2023-03-29
2675,Kia Optima,2013,2020-12-07
2676,Hyundai Sonata,2009,2023-03-23
2677,Kia Optima,2014,2021-04-29
2678,Kia Optima,2011,2022-01-10
2679,Hyundai Sonata,2016,2021-11-07
2680,Ford Fusion,2005,2021-04-15
2681,Toyota Camry,2008,2021-01-30
2682,Toyota Camry,2019,2022-12-21
2683,Ford Fusion,2011,2023-03-29
2684,Chevrolet Malibu,2012,2022-12-23
2685,Nissan Altima,2014,2021-08-09
2686,Nissan Altima,2012,2021-11-19
2687,Honda Accord,2018,2023-01-29
2688,Nissan Altima,2009,2022-09-16
2689,Hyundai Sonata,2018,2021-12-18
2690,Kia Optima,2008,2021-06-27
2691,Chevrolet Malibu,2011,2022-06-10
2692,Hyundai Sonata,2015,2020-12-12
2693,Kia Optima,2020,2020-11-03
2694,Ford Fusion,2009,2021-05-26
2695,Kia Optima,2015,2022-03-02
2696,Ford Fusion,2006,2021-02-15
2697,Toyota Camry,2006,2021-06-29
2698,Ford Fusion,2018,2022-01-02
2699,Toyota Camry,2017,2022-03-12
2700,Toyota Camry,2011,2021-03-27
2701,Kia Optima,2016,2021-11-30
2702,Chevrolet Malibu,2011,2022-11-01
2703,Honda Accord,2009,2020-10-28
2704,Chevrolet Malibu,2012,2023-02-12
2705,Toyota Camry,2010,2021-07-29
2706,Honda Accord,2019,2021-09-02
2707,Hyundai Sonata,2012,2021-11-04
2708,Ford Fusion,2010,2023-02-27
2709,Chevrolet Malibu,2014,2022-01-27
2710,Kia Optima,2018,2021-02-01
2711,Toyota Camry,2009,2022-09-11
2712,Toyota Camry,2021,2021-08-01
2713,Kia Optima,2013,2021-03-03
2714,Nissan Altima,2016,2020-12-09
2715,Nissan Altima,2022,2022-01-05
2716,Nissan Altima,2012,2022-07-06
2717,Nissan Altima,2008,2021-07-25
2718,Hyundai Sonata,2018,2022-02-01
2719,Hyundai Sonata,2005,2021-09-28
2720,Honda Accord,2013,2021-06-17
2721,Hyundai Sonata,2022,2021-07-15
2722,Hyundai Sonata,2012,2022-09-08
2723,Toyota Camry,2017,2021-06-04
2724,Ford Fusion,2014,2021-12-13
2725,Chevrolet Malibu,2008,2020-12-29
2726,Hyundai Sonata,2010,2021-08-30
2727,Toyota Camry,2014,2021-02-02
2728,Toyota Camry,2006,2020-11-16
2729,Hyundai Sonata,2012,2020-11-01
2730,Nissan Altima,2012,2021-06-14
2731,Kia Optima,2020,2021-10-25
2732,Nissan Altima,2007,2022-12-29
2733,Kia Optima,2020,2022-05-02
2734,Honda Accord,2012,2022-02-11
2735,Nissan Altima,2016,2021-05-13
2736,Toyota Camry,2015,2021-11-01
2737,Hyundai Sonata,2010,2022-03-16
2738,Honda Accord,2021,2022-12-04
2739,Nissan Altima,2009,2021-07-10
2740,Ford Fusion,2005,2022-03-22
2741,Honda Accord,2018,2023-03-13
2742,Toyota Camry,2016,2022-08-02
2743,Nissan Altima,2021,2021-02-13
2744,Kia Optima,2013,2022-12-29
2745,Honda Accord,2005,2022-04-14
2746,Ford Fusion,2005,2022-01-09
2747,Honda Accord,2012,2023-01-29
2748,Chevrolet Malibu,2009,2022-11-17
2749,Ford Fusion,2021,2020-12-20
2750,Kia Optima,2007,2021-10-31
2751,Honda Accord,2020,2022-10-07
2752,Toyota Camry,2008,2022-11-13
2753,Hyundai Sonata,2007,2022-03-28
2754,Hyundai Sonata,2009,2021-07-03
2755,Kia Optima,2007,2021-06-27
2756,Kia Optima,2012,2022-10-21
2757,Kia Optima,2010,2021-07-01
2758,Hyundai Sonata,2014,2021-01-29
2759,Ford Fusion,2014,2022-09-23
2760,Nissan Altima,2005,2023-03-22
2761,Toyota Camry,2007,2020-12-03
2762,Nissan Altima,2007,2021-12-31
2763,Ford Fusion,2008,2021-05-16
2764,Toyota Camry,2006,2022-07-01
2765,Honda Accord,2010,2022-07-20
2766,Nissan Altima,2014,2022-09-24
2767,Ford Fusion,2010,2022-10-01
2768,Kia Optima,2010,2022-02-15
2769,Nissan Altima,2013,2023-01-09
2770,Kia Optima,2014,2021-03-19
2771,Hyundai Sonata,2010,2022-01-10
2772,Toyota Camry,2008,2021-01-12
2773,Honda Accord,2012,2022-01-18
2774,Hyundai Sonata,2005,2022-07-16
2775,Nissan Altima,2013,2022-01-07
2776,Ford Fusion,2021,2022-11-27
2777,Nissan Altima,2012,2021-04-04
2778,Kia Optima,2006,2021-07-06
2779,Ford Fusion,2017,2022-12-03
2780,Toyota Camry,2007,2021-11-07
2781,Ford Fusion,2008,2021-12-17
2782,Kia Optima,2007,2022-10-16
2783,Chevrolet Malibu,2020,2022-12-26
2784,Chevrolet Malibu,2022,2021-05-31
2785,Kia Optima,2015,2022-08-20
2786,Toyota Camry,2016,2022-01-03
2787,Honda Accord,2016,2022-09-04
2788,Toyota Camry,2015,2021-09-04
2789,Toyota Camry,2014,2023-03-01
2790,Chevrolet Malibu,2022,2022-05-26
2791,Kia Optima,2018,2021-12-09
2792,Honda Accord,2006,2022-03-16
2793,Chevrolet Malibu,2012,2021-10-11
2794,Nissan Altima,2022,2022-11-03
2795,Toyota Camry,2012,2022-03-13
2796,Kia Optima,2008,2021-06-03
2797,Kia Optima,2020,2022-06-19
2798,Nissan Altima,2016,2022-11-24
2799,Hyundai Sonata,2015,2021-03-13
2800,Ford Fusion,2012,2021-05-15
2801,Chevrolet Malibu,2007,2021-08-11
2802,Nissan Altima,2011,2021-04-27
2803,Kia Optima,2012,2021-05-14
2804,Toyota Camry,2021,2021-06-12
2805,Honda Accord,2010,2022-01-12
2806,Kia Optima,2007,2023-03-28
2807,Ford Fusion,2012,2021-10-25
2808,Ford Fusion,2022,2022-08-12
2809,Chevrolet Malibu,2013,2021-05-19
2810,Honda Accord,2011,2022-02-17
2811,Nissan Altima,2017,2021-01-21
2812,Ford Fusion,2016,2021-10-26
2813,Honda Accord,2010,2021-12-06
2814,Kia Optima,2022,2021-01-08
2815,Honda Accord,2015,2022-02-11
2816,Toyota Camry,2006,2022-05-12
2817,Hyundai Sonata,2012,2022-05-16
2818,Kia Optima,2021,2021-02-17
2819,Toyota Camry,2012,2021-06-04
2820,Hyundai Sonata,2015,2022-11-19
2821,Nissan Altima,2016,2022-01-27
2822,Chevrolet Malibu,2017,2022-05-16
2823,Toyota Camry,2020,2021-09-10
2824,Kia Optima,2007,2023-02-26
2825,Hyundai Sonata,2014,2021-07-12
2826,Chevrolet Malibu,2014,2021-06-16
2827,Ford Fusion,2007,2022-09-23
2828,Kia Optima,2017,2022-11-30
2829,Hyundai Sonata,2007,2021-09-27
2830,Toyota Camry,2013,2022-08-26
2831,Kia Optima,2010,2020-12-19
2832,Chevrolet Malibu,2007,2021-05-18
2833,Ford Fusion,2019,2020-12-07
2834,Nissan Altima,2009,2021-12-20
2835,Ford Fusion,2009,2020-12-22
2836,Nissan Altima,2020,2023-04-02
2837,Kia Optima,2020,2022-07-28
2838,Kia Optima,2005,2023-04-12
2839,Honda Accord,2010,2021-08-13
2840,Kia Optima,2017,2022-01-10
2841,Nissan Altima,2019,2022-07-30
2842,Hyundai Sonata,2022,2022-07-14
2843,Chevrolet Malibu,2014,2021-09-13
2844,Nissan Altima,2005,2022-11-03
2845,Nissan Altima,2020,2022-01-07
2846,Nissan Altima,2007,2021-10-10
2847,Kia Optima,2007,2022-09-11
2848,Ford Fusion,2017,2022-09-21
2849,Honda Accord,2015,2022-05-31
2850,Ford Fusion,2006,2021-10-29
2851,Honda Accord,2008,2022-08-29
2852,Ford Fusion,2015,2022-05-09
2853,Toyota Camry,2009,2021-12-12
2854,Toyota Camry,2017,2022-10-29
2855,Chevrolet Malibu,2012,2021-11-19
2856,Toyota Camry,2015,2022-12-11
2857,Nissan Altima,2013,2022-12-07
2858,Chevrolet Malibu,2011,2022-09-14
2859,Chevrolet Malibu,2011,2022-07-31
2860,Nissan Altima,2017,2023-03-19
2861,Honda Accord,2014,2020-12-01
2862,Kia Optima,2015,2022-07-11
2863,Chevrolet Malibu,2015,2021-04-21
2864,Hyundai Sonata,2008,2021-01-24
2865,Toyota Camry,2021,2021-04-25
2866,Toyota Camry,2015,2021-03-28
2867,Ford Fusion,2017,2023-01-15
2868,Honda Accord,2020,2022-05-15
2869,Kia Optima,2021,2021-06-13
2870,Honda Accord,2017,2021-11-13
2871,Honda Accord,2019,2023-04-09
2872,Kia Optima,2013,2021-11-20
2873,Chevrolet Malibu,2018,2021-04-21
2874,Honda Accord,2010,2021-03-30
2875,Ford Fusion,2017,2022-05-04
2876,Nissan Altima,2006,2022-09-14
2877,Hyundai Sonata,2021,2022-07-10
2878,Kia Optima,2009,2022-07-22
2879,Kia Optima,2016,2022-06-07
2880,Kia Optima,2005,2022-07-17
2881,Toyota Camry,2007,2022-02-27
2882,Honda Accord,2022,2023-03-09
2883,Nissan Altima,2020,2022-08-10
2884,Toyota Camry,2009,2022-07-06
2885,Ford Fusion,2007,2022-11-28
2886,Honda Accord,2019,2021-02-14
2887,Kia Optima,2022,2021-08-15
2888,Toyota Camry,2008,2021-01-15
2889,Honda Accord,2016,2021-11-26
2890,Honda Accord,2010,2023-01-06
2891,Honda Accord,2018,2021-01-21
2892,Nissan Altima,2012,2022-02-27
2893,Ford Fusion,2007,2021-08-07
2894,Kia Optima,2010,2022-05-07
2895,Honda Accord,2014,2022-01-25
2896,Nissan Altima,2019,2022-01-30
2897,Hyundai Sonata,2005,2022-08-02
2898,Hyundai Sonata,2022,2021-12-02
2899,Chevrolet Malibu,2016,2021-06-24
2900,Honda Accord,2020,2023-03-27
2901,Nissan Altima,2021,2022-12-18
2902,Chevrolet Malibu,2007,2021-03-18
2903,Kia Optima,2006,2021-11-18
2904,Hyundai Sonata,2018,2020-11-20
2905,Hyundai Sonata,2008,2021-10-18
2906,Kia Optima,2007,2021-09-04
2907,Hyundai Sonata,2013,2021-01-26
2908,Kia Optima,2021,2021-08-29
2909,Toyota Camry,2019,2022-06-22
2910,Ford Fusion,2014,2021-12-26
2911,Toyota Camry,2008,2022-09-15
2912,Toyota Camry,2011,2022-06-18
2913,Nissan Altima,2017,2021-08-11
2914,Honda Accord,2007,2022-12-02
2915,Ford Fusion,2014,2021-08-18
2916,Nissan Altima,2005,2021-11-05
2917,Hyundai Sonata,2010,2022-07-11
2918,Kia Optima,2009,2023-03-05
2919,Chevrolet Malibu,2017,2021-07-20
2920,Ford Fusion,2021,2021-04-03
2921,Ford Fusion,2007,2021-06-27
2922,Chevrolet Malibu,2019,2022-04-01
2923,Toyota Camry,2016,2021-09-04
2924,Nissan Altima,2022,2022-04-07
2925,Ford Fusion,2021,2022-05-27
2926,Honda Accord,2006,2022-06-24
2927,Hyundai Sonata,2018,2022-10-07
2928,Ford Fusion,2015,2020-11-24
2929,Honda Accord,2007,2021-08-24
2930,Hyundai Sonata,2009,2022-11-08
2931,Honda Accord,2021,2021-02-26
2932,Hyundai Sonata,2014,2022-11-29
2933,Honda Accord,2011,2021-10-28
2934,Nissan Altima,2010,2022-11-17
2935,Chevrolet Malibu,2020,2022-05-25
2936,Honda Accord,2010,2021-08-30
2937,Chevrolet Malibu,2007,2020-10-28
2938,Chevrolet Malibu,2015,2020-11-04
2939,Kia Optima,2022,2021-01-29
2940,Honda Accord,2008,2022-09-15
2941,Chevrolet Malibu,2009,2023-01-20
2942,Kia Optima,2013,2021-01-20
2943,Chevrolet Malibu,2008,2021-01-05
2944,Honda Accord,2016,2022-08-07
2945,Chevrolet Malibu,2009,2023-03-28
2946,Toyota Camry,2007,2021-09-09
2947,Hyundai Sonata,2009,2023-02-05
2948,Nissan Altima,2021,2023-03-09
2949,Nissan Altima,2021,2020-12-23
2950,Nissan Altima,2014,2022-01-24
2951,Toyota Camry,2012,2023-01-04
2952,Nissan Altima,2019,2021-09-03
2953,Kia Optima,2008,2022-05-18
2954,Nissan Altima,2016,2021-12-18
2955,Honda Accord,2017,2021-01-26
2956,Kia Optima,2017,2022-09-13
2957,Toyota Camry,2008,2021-09-10
2958,Nissan Altima,2017,2021-03-31
2959,Nissan Altima,2016,2022-03-30
2960,Nissan Altima,2020,2020-11-23
2961,Kia Optima,2008,2022-03-07
2962,Ford Fusion,2016,2022-02-26
2963,Kia Optima,2019,2021-02-09
2964,Toyota Camry,2010,2021-09-20
2965,Chevrolet Malibu,2018,2021-02-23
2966,Hyundai Sonata,2006,2021-05-04
2967,Honda Accord,2017,2021-07-13
2968,Honda Accord,2015,2022-09-09
2969,Chevrolet Malibu,2008,2022-04-21
2970,Hyundai Sonata,2006,2021-02-26
2971,Hyundai Sonata,2018,2021-10-08
2972,Toyota Camry,2009,2022-08-06
2973,Hyundai Sonata,2013,2022-06-24
2974,Kia Optima,2006,2021-05-17
2975,Toyota Camry,2022,2022-11-05
2976,Nissan Altima,2014,2023-01-04
2977,Nissan Altima,2021,2021-05-27
2978,Kia Optima,2007,2022-07-29
2979,Honda Accord,2008,2021-05-26
2980,Nissan Altima,2015,2021-12-21
2981,Chevrolet Malibu,2015,2020-10-29
2982,Toyota Camry,2019,2021-12-29
2983,Chevrolet Malibu,2021,2021-02-24
2984,Chevrolet Malibu,2019,2021-03-11
2985,Chevrolet Malibu,2007,2022-10-06
2986,Hyundai Sonata,2010,2020-10-31
2987,Chevrolet Malibu,2021,2021-06-13
2988,Chevrolet Malibu,2014,2023-01-08
2989,Kia Optima,2020,2023-04-09
2990,Ford Fusion,2015,2022-08-14
2991,Nissan Altima,2005,2023-03-31
2992,Hyundai Sonata,2013,2022-05-28
2993,Honda Accord,2019,2020-10-31
2994,Chevrolet Malibu,2016,2022-02-08
2995,Chevrolet Malibu,2007,2023-03-24
2996,Hyundai Sonata,2008,2022-01-25
2997,Ford Fusion,2020,2022-09-30
2998,Ford Fusion,2022,2021-03-06
2999,Nissan Altima,2018,2023-01-23
3000,Hyundai Sonata,2006,2021-05-22
