,driver_id,car_model,car_manufacture_year,days_since_inspection,age,experience,second_language,rating,net_worth_of_tips,number_of_upvotes,driver_class
0,1,Nissan Altima,2022,351,35,2,no,3.93,384.11,19,B class
1,2,Ford Fusion,2015,15,37,17,Arabic,3.98,537.09,25,B class
2,3,Kia Optima,2011,264,22,2,Arabic,4.19,635.68,16,B class
3,4,Toyota Camry,2017,671,65,9,no,4.2,335.35,20,B class
4,5,Honda Accord,2020,651,58,16,no,4.2,609.44,26,A class
5,6,Chevrolet Malibu,2008,837,62,10,no,5.0,792.18,37,A class
6,7,Chevrolet Malibu,2020,531,37,12,no,4.51,614.27,38,A class
7,8,Nissan Altima,2018,611,47,15,Mandarin,3.97,480.64,21,B class
8,9,Kia Optima,2021,718,42,10,no,4.4,1048.02,22,A class
9,10,Kia Optima,2010,48,43,20,no,4.64,725.67,32,A class
10,11,Toyota Camry,2016,485,48,4,no,4.19,707.38,34,B class
11,12,Kia Optima,2022,827,42,16,no,4.29,878.76,26,A class
12,13,Nissan Altima,2007,847,57,24,no,4.65,828.4,57,A class
13,14,Kia Optima,2020,6,23,3,no,3.98,464.55,16,B class
14,15,Hyundai Sonata,2008,648,30,1,no,4.16,537.0,14,B class
15,16,Ford Fusion,2011,436,62,2,no,4.76,938.17,58,A class
16,17,Ford Fusion,2016,303,62,15,no,4.33,649.1,15,B class
17,18,Toyota Camry,2009,489,59,23,Russian,4.11,613.64,26,B class
18,19,Hyundai Sonata,2006,824,38,18,no,4.32,756.52,42,A class
19,20,Hyundai Sonata,2016,547,42,22,no,4.14,490.33,29,B class
20,21,Nissan Altima,2016,59,22,2,no,3.8,43.03,24,B class
21,22,Chevrolet Malibu,2007,103,34,12,Mandarin,4.58,744.14,22,B class
22,23,Toyota Camry,2017,442,55,18,Portuguese,4.89,916.34,51,A class
23,24,Nissan Altima,2012,161,37,15,French,4.45,797.83,22,A class
24,25,Nissan Altima,2022,217,43,19,Spanish,4.79,888.38,48,A class
25,26,Nissan Altima,2010,645,26,5,French,3.96,60.52,9,B class
26,27,Toyota Camry,2013,676,44,11,no,4.42,696.05,25,A class
27,28,Toyota Camry,2009,319,54,11,Arabic,4.39,980.72,16,A class
28,29,Ford Fusion,2014,605,47,23,French,4.42,628.98,27,B class
29,30,Honda Accord,2007,430,47,5,no,4.33,526.19,35,B class
30,31,Honda Accord,2009,816,63,8,no,4.33,786.33,30,A class
31,32,Kia Optima,2017,426,32,0,no,3.97,274.19,21,B class
32,33,Hyundai Sonata,2015,428,35,3,no,4.68,462.34,35,A class
33,34,Honda Accord,2013,282,50,24,French,4.83,1117.14,50,A class
34,35,Kia Optima,2009,691,43,21,no,4.67,578.46,19,A class
35,36,Hyundai Sonata,2006,608,67,6,Mandarin,4.03,520.27,18,B class
36,37,Kia Optima,2011,723,23,3,Russian,4.37,516.21,25,B class
37,38,Kia Optima,2020,537,26,6,no,4.9,912.48,38,A class
38,39,Kia Optima,2014,352,37,17,no,4.1,464.43,14,B class
39,40,Hyundai Sonata,2005,537,42,7,Spanish,4.58,495.78,41,A class
40,41,Kia Optima,2015,653,62,24,French,4.47,688.08,20,B class
41,42,Hyundai Sonata,2007,321,44,9,no,4.45,677.89,24,A class
42,43,Nissan Altima,2013,833,41,17,no,4.36,758.05,31,B class
43,44,Kia Optima,2018,94,28,8,Spanish,4.21,608.48,19,B class
44,45,Kia Optima,2005,503,41,16,Portuguese,5.0,1164.42,46,A class
45,46,Hyundai Sonata,2012,696,45,8,no,3.68,257.54,15,B class
46,47,Ford Fusion,2022,668,48,21,no,4.54,750.57,41,A class
47,48,Chevrolet Malibu,2012,290,49,15,Russian,4.9,1109.81,49,A class
48,49,Kia Optima,2015,626,41,7,no,4.6,753.74,36,A class
49,50,Hyundai Sonata,2013,794,28,8,no,3.69,520.52,12,B class
50,51,Honda Accord,2006,200,28,8,Spanish,3.88,385.45,26,B class
51,52,Ford Fusion,2005,762,28,8,no,3.95,340.46,33,B class
52,53,Hyundai Sonata,2010,395,50,3,no,4.61,555.23,35,B class
53,54,Toyota Camry,2021,891,61,24,Spanish,4.53,956.91,16,A class
54,55,Chevrolet Malibu,2017,107,62,18,Spanish,3.9,451.96,24,B class
55,56,Chevrolet Malibu,2016,64,35,15,no,4.19,480.51,32,B class
56,57,Ford Fusion,2013,594,24,4,no,4.31,575.1,7,B class
57,58,Hyundai Sonata,2017,294,50,15,Spanish,4.43,582.46,36,A class
58,59,Ford Fusion,2022,268,22,2,Spanish,5.0,814.61,21,A class
59,60,Nissan Altima,2018,788,50,5,French,4.27,358.35,24,B class
60,61,Chevrolet Malibu,2020,312,39,1,French,4.15,453.72,17,B class
61,62,Nissan Altima,2017,745,60,1,Spanish,4.03,360.37,22,B class
62,63,Hyundai Sonata,2021,818,50,18,Arabic,4.68,704.37,30,A class
63,64,Hyundai Sonata,2022,124,55,21,French,4.63,884.43,41,A class
64,65,Honda Accord,2018,836,40,4,no,3.82,448.85,18,B class
65,66,Hyundai Sonata,2016,401,60,14,Portuguese,4.28,692.27,30,B class
66,67,Honda Accord,2017,28,45,3,Arabic,4.32,529.02,19,B class
67,68,Ford Fusion,2011,234,50,10,no,4.7,575.27,31,A class
68,69,Honda Accord,2006,749,37,17,no,5.0,1339.11,79,A class
69,70,Chevrolet Malibu,2009,18,42,20,Spanish,4.47,995.08,43,A class
70,71,Hyundai Sonata,2012,527,60,23,no,4.33,868.18,28,A class
71,72,Kia Optima,2011,655,39,7,Mandarin,4.09,619.46,24,B class
72,73,Nissan Altima,2008,225,22,2,no,3.83,379.23,12,B class
73,74,Ford Fusion,2014,470,38,18,no,4.56,671.72,41,A class
74,75,Nissan Altima,2016,383,39,8,no,4.58,800.47,33,A class
75,76,Nissan Altima,2017,421,40,8,Arabic,4.54,468.47,14,B class
76,77,Chevrolet Malibu,2020,202,24,2,no,4.81,1033.99,39,A class
77,78,Ford Fusion,2021,27,27,7,Mandarin,4.47,819.49,31,A class
78,79,Honda Accord,2007,213,36,5,no,4.47,689.38,26,A class
79,80,Nissan Altima,2018,382,40,6,no,4.22,699.25,27,A class
80,81,Ford Fusion,2014,801,22,2,no,4.07,604.05,15,B class
81,82,Honda Accord,2022,375,39,3,no,3.75,517.82,30,B class
82,83,Chevrolet Malibu,2010,354,36,16,Spanish,4.48,505.51,23,A class
83,84,Kia Optima,2012,779,22,2,Mandarin,4.73,566.3,28,A class
84,85,Chevrolet Malibu,2017,11,32,3,no,4.01,512.59,25,B class
85,86,Toyota Camry,2018,151,33,4,no,4.52,419.37,29,A class
86,87,Chevrolet Malibu,2022,542,27,0,Mandarin,4.19,413.83,20,B class
87,88,Honda Accord,2010,862,56,23,Mandarin,5.0,1027.48,50,A class
88,89,Honda Accord,2011,635,24,4,no,4.57,843.58,28,A class
89,90,Ford Fusion,2008,508,48,16,French,4.07,399.43,25,B class
90,91,Toyota Camry,2020,642,52,3,no,4.36,589.86,32,B class
91,92,Toyota Camry,2010,139,58,5,no,4.88,916.1,33,A class
92,93,Nissan Altima,2014,348,46,13,Spanish,3.75,300.73,22,B class
93,94,Chevrolet Malibu,2019,223,46,5,Mandarin,4.25,540.23,25,B class
94,95,Toyota Camry,2021,230,56,15,French,4.4,749.63,26,A class
95,96,Toyota Camry,2014,138,61,23,no,5.0,1148.48,64,A class
96,97,Toyota Camry,2019,220,30,7,no,4.08,515.2,11,B class
97,98,Nissan Altima,2013,372,58,15,Spanish,4.73,824.24,31,A class
98,99,Nissan Altima,2015,842,42,22,no,4.46,896.04,38,A class
99,100,Chevrolet Malibu,2007,677,25,5,no,4.1,460.05,19,B class
100,101,Nissan Altima,2017,564,49,0,Spanish,4.49,695.7,26,B class
101,102,Kia Optima,2015,397,66,2,no,4.2,440.16,17,B class
102,103,Nissan Altima,2020,873,27,7,no,4.31,454.94,24,B class
103,104,Kia Optima,2012,448,21,1,no,3.68,261.7,11,B class
104,105,Kia Optima,2016,823,64,8,Arabic,4.53,572.81,46,A class
105,106,Toyota Camry,2013,296,49,13,no,4.91,979.67,32,A class
106,107,Nissan Altima,2021,547,31,11,no,4.59,756.3,29,A class
107,108,Toyota Camry,2022,297,58,16,no,4.91,853.7,42,A class
108,109,Kia Optima,2015,842,39,18,no,4.83,872.13,26,A class
109,110,Kia Optima,2017,377,36,9,no,4.5,553.94,26,B class
110,111,Toyota Camry,2021,721,34,14,Spanish,4.68,394.74,20,B class
111,112,Ford Fusion,2014,58,49,1,no,4.32,427.95,19,B class
112,113,Toyota Camry,2014,611,27,0,no,3.77,270.45,17,B class
113,114,Chevrolet Malibu,2015,890,38,18,no,4.26,722.61,28,B class
114,115,Ford Fusion,2014,668,35,4,no,4.35,676.46,20,B class
115,116,Chevrolet Malibu,2012,232,23,3,no,4.88,1106.11,31,A class
116,117,Honda Accord,2021,380,56,7,Spanish,4.69,677.69,25,A class
117,118,Chevrolet Malibu,2007,11,21,1,Spanish,3.96,404.13,27,B class
118,119,Ford Fusion,2008,699,66,0,Mandarin,4.03,513.66,25,B class
119,120,Kia Optima,2009,546,25,5,no,4.07,355.83,25,B class
120,121,Ford Fusion,2005,164,37,8,Arabic,4.48,810.15,44,A class
121,122,Honda Accord,2005,827,25,4,Mandarin,4.3,482.29,26,B class
122,123,Honda Accord,2012,540,38,12,no,4.49,774.99,41,A class
123,124,Hyundai Sonata,2016,283,49,3,no,4.08,527.82,34,B class
124,125,Honda Accord,2019,382,25,5,Mandarin,4.56,896.0,37,A class
125,126,Honda Accord,2013,280,45,1,no,3.64,285.87,18,B class
126,127,Nissan Altima,2017,893,57,12,no,4.99,875.45,40,A class
127,128,Honda Accord,2022,704,42,9,Spanish,3.96,377.07,14,B class
128,129,Ford Fusion,2008,389,26,0,no,4.5,774.61,33,A class
129,130,Hyundai Sonata,2007,141,53,1,Russian,4.27,668.45,24,B class
130,131,Ford Fusion,2013,744,29,9,no,4.51,925.87,30,B class
131,132,Ford Fusion,2015,867,21,1,no,4.45,637.89,19,B class
132,133,Chevrolet Malibu,2016,605,41,3,no,4.44,554.53,13,B class
133,134,Honda Accord,2007,91,33,3,no,4.53,709.19,31,A class
134,135,Hyundai Sonata,2018,438,22,2,Arabic,4.72,900.76,39,A class
135,136,Nissan Altima,2019,392,57,18,French,5.0,999.22,37,A class
136,137,Toyota Camry,2012,680,49,15,Portuguese,4.68,861.43,33,A class
137,138,Honda Accord,2017,475,63,20,no,5.0,836.44,57,A class
138,139,Kia Optima,2022,664,43,1,no,4.06,693.43,5,B class
139,140,Ford Fusion,2019,859,41,17,no,4.82,892.07,44,A class
140,141,Hyundai Sonata,2013,265,60,18,no,4.69,799.95,18,A class
141,142,Honda Accord,2006,763,24,4,Arabic,4.2,714.46,20,B class
142,143,Honda Accord,2013,478,37,13,no,4.36,574.29,26,A class
143,144,Chevrolet Malibu,2021,712,58,19,no,4.48,868.82,51,A class
144,145,Chevrolet Malibu,2020,569,34,14,no,4.56,780.59,18,A class
145,146,Kia Optima,2021,594,62,6,French,4.45,783.87,38,A class
146,147,Hyundai Sonata,2006,55,34,14,no,4.49,689.08,34,A class
147,148,Chevrolet Malibu,2014,734,40,18,Mandarin,4.66,908.71,34,A class
148,149,Chevrolet Malibu,2016,671,63,0,Mandarin,3.39,0.0,2,B class
149,150,Honda Accord,2006,213,32,12,French,5.0,1018.11,43,A class
150,151,Nissan Altima,2011,544,66,12,no,4.18,576.47,43,B class
151,152,Hyundai Sonata,2008,710,23,3,no,4.03,392.82,16,B class
152,153,Honda Accord,2006,506,33,1,no,4.1,216.47,14,B class
153,154,Toyota Camry,2015,30,48,2,Arabic,4.01,591.98,34,B class
154,155,Ford Fusion,2020,398,48,18,Russian,4.11,556.33,10,B class
155,156,Honda Accord,2019,183,63,20,Spanish,4.21,683.36,26,B class
156,157,Honda Accord,2008,21,66,10,no,4.16,578.04,16,B class
157,158,Ford Fusion,2009,726,52,23,no,4.65,1063.42,40,A class
158,159,Hyundai Sonata,2018,279,52,23,Spanish,5.0,1206.08,46,A class
159,160,Chevrolet Malibu,2006,778,35,15,no,4.91,783.14,29,A class
160,161,Chevrolet Malibu,2015,157,58,14,Spanish,4.93,796.0,29,A class
161,162,Hyundai Sonata,2013,572,51,24,French,4.56,971.57,31,A class
162,163,Kia Optima,2008,385,22,2,no,4.4,715.68,24,B class
163,164,Nissan Altima,2018,587,60,23,no,4.69,762.54,25,A class
164,165,Toyota Camry,2018,470,37,17,no,4.05,770.28,19,B class
165,166,Hyundai Sonata,2011,484,43,4,no,4.04,695.48,13,B class
166,167,Chevrolet Malibu,2005,24,43,16,Mandarin,4.62,764.45,48,A class
167,168,Toyota Camry,2015,709,59,18,no,4.85,868.25,41,A class
168,169,Kia Optima,2018,785,33,13,no,4.49,684.75,35,A class
169,170,Chevrolet Malibu,2016,320,39,8,no,3.75,261.46,29,B class
170,171,Toyota Camry,2012,266,22,2,no,4.23,536.58,20,B class
171,172,Honda Accord,2022,544,37,12,Spanish,3.84,480.54,9,B class
172,173,Ford Fusion,2012,389,25,5,Spanish,4.27,517.75,34,A class
173,174,Hyundai Sonata,2007,176,48,3,no,4.33,711.15,19,B class
174,175,Kia Optima,2007,588,62,8,no,4.12,733.46,24,B class
175,176,Toyota Camry,2015,162,42,22,no,4.71,846.4,29,A class
176,177,Nissan Altima,2005,250,63,17,no,4.6,794.84,40,A class
177,178,Toyota Camry,2009,216,66,18,no,4.7,695.14,33,A class
178,179,Nissan Altima,2018,623,23,3,Portuguese,3.9,488.16,16,B class
179,180,Toyota Camry,2020,395,45,6,no,4.21,442.65,29,B class
180,181,Hyundai Sonata,2011,692,45,16,no,4.89,824.9,40,A class
181,182,Honda Accord,2016,514,39,9,no,4.7,1009.78,70,A class
182,183,Honda Accord,2020,246,60,21,French,4.67,846.85,33,A class
183,184,Toyota Camry,2022,622,39,10,no,4.85,717.25,16,A class
184,185,Ford Fusion,2019,372,23,3,Portuguese,4.81,786.27,39,A class
185,186,Chevrolet Malibu,2005,248,46,18,no,4.37,526.52,36,B class
186,187,Ford Fusion,2011,805,30,10,French,5.0,1004.12,43,A class
187,188,Kia Optima,2011,221,37,17,Spanish,4.9,958.82,48,A class
188,189,Nissan Altima,2021,53,44,19,no,4.88,925.64,47,A class
189,190,Chevrolet Malibu,2022,684,54,8,no,4.49,661.64,37,A class
190,191,Hyundai Sonata,2008,140,34,13,no,5.0,1269.48,72,A class
191,192,Hyundai Sonata,2010,271,38,11,French,4.11,437.88,35,B class
192,193,Nissan Altima,2021,220,24,1,Arabic,5.0,985.2,44,A class
193,194,Chevrolet Malibu,2005,171,39,14,no,4.6,968.99,44,A class
194,195,Honda Accord,2016,441,48,10,no,4.87,940.95,45,A class
195,196,Kia Optima,2011,421,49,9,no,4.07,703.65,25,B class
196,197,Hyundai Sonata,2011,682,34,2,no,4.62,755.86,11,A class
197,198,Ford Fusion,2020,217,23,3,Spanish,4.71,966.6,40,A class
198,199,Nissan Altima,2018,200,48,14,no,3.89,471.94,26,B class
199,200,Ford Fusion,2006,320,51,2,no,4.25,743.74,27,B class
200,201,Honda Accord,2019,729,25,5,Arabic,3.81,351.63,4,B class
201,202,Nissan Altima,2021,863,44,4,Mandarin,4.4,758.56,29,B class
202,203,Kia Optima,2020,120,25,3,French,4.17,397.82,14,B class
203,204,Ford Fusion,2007,260,42,10,no,4.31,499.67,29,B class
204,205,Hyundai Sonata,2020,264,51,9,Portuguese,5.0,1426.9,84,A class
205,206,Ford Fusion,2011,561,54,22,Spanish,5.0,1321.33,65,A class
206,207,Chevrolet Malibu,2006,71,54,1,no,3.72,429.46,21,B class
207,208,Honda Accord,2014,724,56,8,no,4.7,776.63,65,A class
208,209,Toyota Camry,2007,629,32,12,Arabic,4.94,975.3,33,A class
209,210,Ford Fusion,2010,538,60,6,no,4.12,654.71,35,B class
210,211,Chevrolet Malibu,2012,741,37,17,French,4.49,802.3,49,A class
211,212,Nissan Altima,2020,482,38,18,Spanish,4.56,835.6,37,A class
212,213,Honda Accord,2022,711,58,23,French,3.9,500.33,23,B class
213,214,Kia Optima,2015,695,36,16,Mandarin,4.09,417.14,31,B class
214,215,Toyota Camry,2006,4,24,2,Portuguese,4.63,601.78,34,A class
215,216,Toyota Camry,2019,420,54,11,no,4.29,610.29,10,A class
216,217,Hyundai Sonata,2021,13,52,18,no,4.44,371.01,24,B class
217,218,Honda Accord,2008,78,48,0,Mandarin,4.01,475.38,17,B class
218,219,Honda Accord,2008,101,27,7,no,4.66,621.58,13,B class
219,220,Nissan Altima,2009,475,50,17,Spanish,4.74,1031.59,42,A class
220,221,Hyundai Sonata,2016,686,30,10,Mandarin,4.41,833.46,24,A class
221,222,Ford Fusion,2020,255,47,10,no,4.84,1181.92,53,A class
222,223,Kia Optima,2012,843,44,21,French,4.23,788.74,32,B class
223,224,Chevrolet Malibu,2005,26,57,16,no,4.74,657.23,23,A class
224,225,Nissan Altima,2016,392,66,1,Arabic,4.31,389.82,40,B class
225,226,Kia Optima,2022,830,29,6,no,4.72,880.64,41,A class
226,227,Honda Accord,2012,332,26,6,Spanish,3.94,666.51,15,B class
227,228,Honda Accord,2008,455,47,0,Arabic,5.0,1243.75,66,A class
228,229,Kia Optima,2020,271,65,2,no,3.58,299.46,16,B class
229,230,Ford Fusion,2013,77,28,8,no,4.78,790.6,37,A class
230,231,Nissan Altima,2013,822,43,23,no,4.61,815.47,42,A class
231,232,Honda Accord,2017,83,40,17,Spanish,4.76,933.39,46,A class
232,233,Toyota Camry,2017,183,35,3,no,4.81,1063.64,27,A class
233,234,Nissan Altima,2012,451,52,9,no,4.8,1019.64,27,A class
234,235,Kia Optima,2011,301,34,14,Arabic,4.38,673.95,31,B class
235,236,Toyota Camry,2013,414,44,5,no,4.78,694.55,34,A class
236,237,Nissan Altima,2009,522,60,14,no,4.92,979.75,56,A class
237,238,Chevrolet Malibu,2009,793,38,11,Spanish,4.38,574.47,17,B class
238,239,Toyota Camry,2015,253,21,1,no,5.0,977.56,42,A class
239,240,Hyundai Sonata,2006,762,62,18,no,4.57,980.67,61,A class
240,241,Honda Accord,2009,582,33,13,Russian,4.09,418.94,21,B class
241,242,Ford Fusion,2022,828,57,2,Spanish,3.85,517.7,27,B class
242,243,Toyota Camry,2018,339,56,11,no,4.27,661.82,25,B class
243,244,Chevrolet Malibu,2014,754,45,17,French,4.15,290.23,15,B class
244,245,Ford Fusion,2022,521,25,5,no,4.21,430.63,20,B class
245,246,Hyundai Sonata,2009,90,65,16,no,4.28,400.34,33,B class
246,247,Kia Optima,2016,801,53,15,Spanish,4.03,431.86,24,B class
247,248,Nissan Altima,2015,389,40,9,no,4.46,762.26,45,A class
248,249,Chevrolet Malibu,2014,443,61,2,no,4.38,698.48,25,B class
249,250,Honda Accord,2016,845,58,24,Arabic,4.37,557.58,29,B class
250,251,Chevrolet Malibu,2022,509,56,20,no,4.71,714.76,23,B class
251,252,Honda Accord,2020,582,28,8,no,4.6,575.85,37,A class
252,253,Toyota Camry,2016,287,50,7,no,4.52,719.94,30,B class
253,254,Toyota Camry,2006,471,34,7,Mandarin,4.14,256.46,32,B class
254,255,Nissan Altima,2015,891,24,4,Mandarin,4.27,938.48,26,A class
255,256,Kia Optima,2018,289,36,0,Arabic,4.2,604.92,34,B class
256,257,Honda Accord,2010,482,25,4,no,3.74,40.38,22,B class
257,258,Kia Optima,2016,501,25,5,French,4.44,516.4,17,B class
258,259,Chevrolet Malibu,2011,440,55,24,Spanish,4.75,813.77,37,A class
259,260,Hyundai Sonata,2015,820,44,5,no,4.7,680.17,38,A class
260,261,Toyota Camry,2009,162,39,12,no,4.37,584.85,27,B class
261,262,Ford Fusion,2021,844,30,10,French,4.65,768.38,52,A class
262,263,Ford Fusion,2012,391,57,8,no,3.87,339.24,18,B class
263,264,Hyundai Sonata,2006,625,50,22,Spanish,4.3,430.38,23,B class
264,265,Toyota Camry,2021,246,48,2,no,4.2,656.54,20,B class
265,266,Ford Fusion,2009,208,29,9,no,5.0,1133.0,57,A class
266,267,Hyundai Sonata,2016,24,26,6,Russian,4.37,677.97,24,A class
267,268,Hyundai Sonata,2008,499,26,6,French,4.41,609.9,17,B class
268,269,Hyundai Sonata,2010,435,22,2,no,5.0,817.75,45,A class
269,270,Nissan Altima,2008,827,66,10,Spanish,4.4,644.4,18,B class
270,271,Hyundai Sonata,2011,319,38,18,no,5.0,1238.04,43,A class
271,272,Nissan Altima,2013,61,51,0,Mandarin,4.26,494.19,22,B class
272,273,Honda Accord,2014,349,67,0,no,4.23,424.95,10,B class
273,274,Toyota Camry,2006,35,65,13,no,4.43,686.25,13,B class
274,275,Nissan Altima,2009,709,36,16,no,4.49,524.3,30,B class
275,276,Chevrolet Malibu,2009,3,44,1,no,4.02,572.07,23,B class
276,277,Hyundai Sonata,2016,406,42,19,no,5.0,1272.92,53,A class
277,278,Nissan Altima,2011,190,22,2,no,4.25,884.37,23,A class
278,279,Honda Accord,2005,333,57,12,Russian,4.83,864.79,24,A class
279,280,Kia Optima,2008,521,47,21,no,4.21,873.5,24,B class
280,281,Nissan Altima,2022,244,38,18,no,4.4,732.75,15,B class
281,282,Kia Optima,2008,388,47,5,no,4.77,885.89,29,A class
282,283,Toyota Camry,2006,672,55,21,Spanish,4.12,316.14,13,B class
283,284,Kia Optima,2012,484,21,1,no,3.83,270.98,14,B class
284,285,Kia Optima,2012,406,51,0,no,4.09,609.56,22,B class
285,286,Nissan Altima,2007,836,61,14,Mandarin,5.0,1039.81,51,A class
286,287,Hyundai Sonata,2012,148,55,16,no,4.29,552.52,30,B class
287,288,Hyundai Sonata,2011,770,50,20,Russian,4.52,956.52,50,A class
288,289,Nissan Altima,2020,428,25,5,no,4.65,643.75,21,B class
289,290,Toyota Camry,2011,620,56,11,Spanish,4.8,1091.46,45,A class
290,291,Toyota Camry,2007,412,56,7,no,3.67,180.5,18,B class
291,292,Toyota Camry,2005,306,44,4,Mandarin,4.62,941.25,44,A class
292,293,Ford Fusion,2014,556,48,2,French,4.49,662.56,24,B class
293,294,Ford Fusion,2020,897,50,15,no,4.46,1046.18,50,A class
294,295,Honda Accord,2016,364,26,6,no,4.25,576.65,15,B class
295,296,Toyota Camry,2016,199,33,2,no,4.19,608.37,36,B class
296,297,Toyota Camry,2018,629,58,17,no,4.48,669.8,16,A class
297,298,Toyota Camry,2013,155,66,14,Russian,4.05,718.83,22,B class
298,299,Ford Fusion,2011,488,33,4,Spanish,4.25,342.84,26,B class
299,300,Kia Optima,2017,460,39,5,Spanish,4.22,628.12,31,B class
300,301,Toyota Camry,2022,59,64,7,Portuguese,4.37,662.02,14,A class
301,302,Toyota Camry,2011,758,28,8,French,4.13,295.85,13,B class
302,303,Ford Fusion,2018,280,33,7,French,4.32,459.3,36,B class
303,304,Chevrolet Malibu,2015,536,23,3,no,3.7,253.64,15,B class
304,305,Hyundai Sonata,2005,776,32,9,no,4.33,661.99,43,B class
305,306,Toyota Camry,2020,115,50,2,no,4.68,887.49,61,A class
306,307,Toyota Camry,2017,69,37,2,no,4.36,905.85,23,A class
307,308,Kia Optima,2017,647,67,10,no,4.32,693.83,33,B class
308,309,Honda Accord,2011,78,62,10,no,4.58,626.58,26,A class
309,310,Nissan Altima,2018,174,63,18,no,4.1,607.9,15,B class
310,311,Kia Optima,2014,697,55,11,no,5.0,1050.33,57,A class
311,312,Hyundai Sonata,2006,711,53,4,no,5.0,1012.24,51,A class
312,313,Toyota Camry,2005,182,44,5,no,4.38,725.96,21,B class
313,314,Toyota Camry,2005,839,67,14,no,5.0,1271.88,76,A class
314,315,Chevrolet Malibu,2009,554,25,5,no,3.85,410.76,17,B class
315,316,Kia Optima,2018,597,54,16,Mandarin,3.98,442.02,22,B class
316,317,Kia Optima,2005,491,27,7,Mandarin,4.36,692.71,21,B class
317,318,Ford Fusion,2016,268,36,8,no,4.58,770.22,19,B class
318,319,Nissan Altima,2010,149,33,13,no,5.0,1217.03,41,A class
319,320,Toyota Camry,2010,506,49,20,no,4.42,677.02,30,B class
320,321,Hyundai Sonata,2015,634,57,5,no,4.12,271.91,22,B class
321,322,Kia Optima,2019,483,24,4,no,4.15,635.06,7,B class
322,323,Chevrolet Malibu,2005,439,49,7,Russian,5.0,1054.37,41,A class
323,324,Honda Accord,2008,116,31,11,no,4.81,982.24,39,A class
324,325,Kia Optima,2006,658,24,4,no,4.31,246.63,19,B class
325,326,Chevrolet Malibu,2005,155,40,3,Mandarin,3.8,245.04,19,B class
326,327,Ford Fusion,2022,769,48,4,no,4.03,362.85,10,B class
327,328,Chevrolet Malibu,2020,373,30,0,no,4.76,1060.61,35,A class
328,329,Kia Optima,2011,36,39,0,no,4.49,697.41,27,A class
329,330,Nissan Altima,2006,224,65,1,Portuguese,4.31,626.2,31,B class
330,331,Toyota Camry,2011,558,37,17,no,4.95,1197.67,46,A class
331,332,Chevrolet Malibu,2020,435,67,22,Spanish,5.0,1116.2,46,A class
332,333,Hyundai Sonata,2015,558,60,10,French,4.38,622.21,55,A class
333,334,Honda Accord,2007,795,38,18,no,4.44,738.13,47,A class
334,335,Ford Fusion,2005,52,48,18,Mandarin,4.35,784.37,29,B class
335,336,Toyota Camry,2006,357,54,20,no,4.49,766.4,34,B class
336,337,Chevrolet Malibu,2021,875,42,18,no,4.0,520.86,17,B class
337,338,Kia Optima,2021,787,40,4,no,3.78,306.11,13,B class
338,339,Honda Accord,2016,492,36,13,Russian,3.75,519.22,15,B class
339,340,Toyota Camry,2008,584,27,7,no,4.88,675.81,47,A class
340,341,Honda Accord,2005,372,22,2,no,3.76,512.36,17,B class
341,342,Nissan Altima,2021,656,36,16,Portuguese,5.0,1425.8,65,A class
342,343,Hyundai Sonata,2007,695,58,2,no,4.04,507.31,18,B class
343,344,Hyundai Sonata,2019,317,31,11,Arabic,4.97,1187.69,33,A class
344,345,Hyundai Sonata,2005,796,29,9,Spanish,4.24,607.53,17,B class
345,346,Hyundai Sonata,2012,138,36,2,Spanish,3.74,276.49,12,B class
346,347,Nissan Altima,2007,646,49,10,Mandarin,4.86,908.13,40,A class
347,348,Chevrolet Malibu,2022,14,31,11,Mandarin,5.0,1008.13,51,A class
348,349,Chevrolet Malibu,2008,115,31,0,no,4.04,467.38,17,B class
349,350,Nissan Altima,2009,211,26,4,Russian,4.51,636.82,34,B class
350,351,Nissan Altima,2008,667,36,16,Portuguese,4.39,777.72,37,B class
351,352,Hyundai Sonata,2022,499,31,4,Arabic,4.65,644.92,28,B class
352,353,Honda Accord,2021,757,60,17,Spanish,4.65,590.26,36,A class
353,354,Ford Fusion,2006,56,63,22,no,4.49,865.21,23,B class
354,355,Ford Fusion,2017,379,38,12,no,3.72,132.53,19,B class
355,356,Honda Accord,2008,71,25,5,no,4.27,438.08,14,B class
356,357,Toyota Camry,2006,370,25,5,no,4.5,820.38,47,A class
357,358,Ford Fusion,2011,161,36,9,Spanish,4.15,696.5,22,B class
358,359,Chevrolet Malibu,2014,227,42,9,Spanish,4.56,446.91,30,B class
359,360,Kia Optima,2006,224,45,13,no,3.92,391.45,22,B class
360,361,Chevrolet Malibu,2013,112,35,15,no,4.31,387.09,18,B class
361,362,Honda Accord,2009,163,37,17,Spanish,4.89,1129.77,46,A class
362,363,Hyundai Sonata,2009,600,34,14,no,4.22,583.65,14,B class
363,364,Toyota Camry,2012,103,45,2,Russian,4.82,658.16,24,A class
364,365,Toyota Camry,2020,530,53,7,Mandarin,4.52,809.03,26,A class
365,366,Honda Accord,2012,838,23,3,no,4.6,785.35,39,B class
366,367,Toyota Camry,2018,822,43,13,no,4.18,445.59,24,B class
367,368,Nissan Altima,2013,251,51,8,Mandarin,4.65,370.5,26,B class
368,369,Kia Optima,2016,393,52,7,no,4.48,516.39,32,B class
369,370,Chevrolet Malibu,2011,611,47,2,French,4.06,460.22,26,B class
370,371,Ford Fusion,2006,173,45,8,no,4.51,910.72,25,A class
371,372,Hyundai Sonata,2005,44,53,10,no,4.54,752.44,30,A class
372,373,Nissan Altima,2016,161,38,10,no,5.0,1023.18,62,A class
373,374,Ford Fusion,2018,640,47,13,Mandarin,4.34,797.74,28,A class
374,375,Honda Accord,2022,255,36,6,Russian,3.8,96.46,10,B class
375,376,Toyota Camry,2005,764,41,5,Arabic,4.6,983.59,27,A class
376,377,Hyundai Sonata,2017,633,26,6,no,3.91,477.43,30,B class
377,378,Nissan Altima,2006,7,37,10,French,5.0,1041.72,41,A class
378,379,Nissan Altima,2016,554,27,6,no,4.76,1008.26,69,A class
379,380,Nissan Altima,2012,621,31,11,Spanish,4.16,804.47,38,B class
380,381,Ford Fusion,2021,323,40,13,Portuguese,4.28,1141.35,55,A class
381,382,Kia Optima,2013,176,44,14,no,4.11,436.95,29,B class
382,383,Kia Optima,2018,659,65,5,Russian,4.38,595.0,39,B class
383,384,Chevrolet Malibu,2021,198,22,2,no,4.46,823.78,47,A class
384,385,Chevrolet Malibu,2015,483,63,4,no,4.79,1011.51,33,A class
385,386,Honda Accord,2017,809,36,16,no,4.99,642.86,49,A class
386,387,Honda Accord,2005,707,55,10,Arabic,4.56,725.98,32,A class
387,388,Ford Fusion,2020,518,52,10,no,5.0,1153.9,57,A class
388,389,Honda Accord,2010,610,66,9,French,4.49,381.21,17,B class
389,390,Honda Accord,2010,746,26,6,no,3.65,125.56,8,B class
390,391,Honda Accord,2015,52,66,16,Mandarin,4.09,359.23,16,B class
391,392,Nissan Altima,2014,446,23,3,Spanish,5.0,984.14,59,A class
392,393,Honda Accord,2014,420,62,3,no,4.24,723.91,24,B class
393,394,Hyundai Sonata,2017,896,51,14,Mandarin,4.44,802.91,26,A class
394,395,Nissan Altima,2005,526,43,6,Mandarin,4.31,666.95,25,B class
395,396,Hyundai Sonata,2022,881,39,2,no,3.94,516.81,21,B class
396,397,Honda Accord,2020,335,25,5,no,3.91,375.25,33,B class
397,398,Ford Fusion,2018,115,58,7,no,4.44,727.8,24,A class
398,399,Kia Optima,2011,460,55,14,Portuguese,4.53,787.44,35,A class
399,400,Chevrolet Malibu,2009,408,65,4,Spanish,4.58,879.01,45,A class
400,401,Kia Optima,2008,210,55,8,French,4.71,742.73,35,A class
401,402,Chevrolet Malibu,2021,625,65,9,Mandarin,4.16,487.21,18,B class
402,403,Nissan Altima,2022,402,62,3,French,3.73,372.16,10,B class
403,404,Nissan Altima,2018,646,41,21,no,4.06,455.88,24,B class
404,405,Hyundai Sonata,2019,879,54,7,no,5.0,1459.99,88,A class
405,406,Hyundai Sonata,2005,26,33,13,Spanish,4.92,962.55,34,A class
406,407,Nissan Altima,2018,5,58,14,no,4.64,907.1,31,A class
407,408,Hyundai Sonata,2016,442,49,10,no,4.21,608.33,16,B class
408,409,Honda Accord,2021,556,41,14,Spanish,4.73,678.6,35,A class
409,410,Toyota Camry,2017,680,50,14,Arabic,4.06,492.06,25,B class
410,411,Hyundai Sonata,2011,117,34,2,Spanish,4.07,508.04,14,B class
411,412,Honda Accord,2019,237,50,16,no,4.25,411.55,30,B class
412,413,Kia Optima,2010,716,43,2,Russian,4.57,1184.71,34,A class
413,414,Toyota Camry,2016,584,36,10,no,4.57,777.45,44,A class
414,415,Nissan Altima,2012,149,66,9,no,3.91,550.0,16,B class
415,416,Nissan Altima,2017,213,23,3,Russian,4.23,570.48,27,B class
416,417,Ford Fusion,2005,461,56,1,French,4.69,836.97,40,A class
417,418,Chevrolet Malibu,2014,219,30,10,Portuguese,4.53,541.85,24,B class
418,419,Toyota Camry,2014,626,31,10,French,4.27,819.3,22,A class
419,420,Toyota Camry,2012,723,28,1,Spanish,4.43,686.33,17,A class
420,421,Chevrolet Malibu,2014,146,25,0,no,4.3,617.25,29,A class
421,422,Hyundai Sonata,2017,292,26,6,no,4.26,913.11,31,A class
422,423,Hyundai Sonata,2007,226,60,16,Portuguese,4.31,598.31,18,B class
423,424,Chevrolet Malibu,2009,394,64,13,Arabic,4.3,516.5,17,B class
424,425,Toyota Camry,2021,556,48,18,no,3.82,290.56,29,B class
425,426,Chevrolet Malibu,2013,117,21,1,no,3.77,486.98,12,B class
426,427,Nissan Altima,2013,523,61,21,no,4.3,647.12,26,A class
427,428,Kia Optima,2010,549,49,24,no,4.84,1185.4,41,A class
428,429,Ford Fusion,2010,845,45,22,Arabic,4.29,522.4,13,B class
429,430,Kia Optima,2014,397,65,19,no,4.66,802.6,38,A class
430,431,Toyota Camry,2014,504,40,10,no,4.71,859.0,26,A class
431,432,Honda Accord,2010,495,37,12,Portuguese,3.76,574.03,11,B class
432,433,Toyota Camry,2006,726,57,15,no,4.37,376.41,11,B class
433,434,Kia Optima,2010,406,45,4,no,5.0,1014.29,60,A class
434,435,Hyundai Sonata,2006,269,54,16,no,4.73,795.2,22,A class
435,436,Toyota Camry,2020,417,53,14,no,3.78,255.33,18,B class
436,437,Hyundai Sonata,2021,200,60,13,no,4.7,848.55,33,A class
437,438,Nissan Altima,2011,456,35,15,no,4.0,502.55,29,B class
438,439,Toyota Camry,2006,338,24,4,no,4.47,801.06,36,A class
439,440,Honda Accord,2019,31,43,23,no,4.41,597.15,12,B class
440,441,Nissan Altima,2021,772,51,24,no,4.66,589.11,33,A class
441,442,Hyundai Sonata,2020,52,59,20,no,4.34,659.5,27,B class
442,443,Hyundai Sonata,2008,56,33,7,Portuguese,4.65,765.82,23,A class
443,444,Nissan Altima,2020,612,56,4,no,4.22,436.55,24,B class
444,445,Toyota Camry,2011,388,60,7,no,4.26,821.17,24,B class
445,446,Honda Accord,2008,346,58,17,Arabic,3.94,646.84,21,B class
446,447,Chevrolet Malibu,2020,110,58,21,no,4.91,947.82,27,A class
447,448,Hyundai Sonata,2015,582,67,22,no,4.71,883.58,49,A class
448,449,Ford Fusion,2017,207,52,17,French,4.23,393.17,16,B class
449,450,Kia Optima,2021,511,38,17,Spanish,5.0,1100.61,37,A class
450,451,Kia Optima,2009,297,41,21,no,4.27,888.31,17,A class
451,452,Kia Optima,2020,261,56,17,Mandarin,4.39,877.75,32,A class
452,453,Toyota Camry,2016,386,32,3,Spanish,4.22,752.57,21,A class
453,454,Honda Accord,2012,801,49,12,no,4.68,746.65,34,A class
454,455,Honda Accord,2017,671,47,8,no,4.89,977.99,35,A class
455,456,Nissan Altima,2015,26,52,15,no,4.37,735.0,35,B class
456,457,Ford Fusion,2017,838,40,15,French,4.69,950.28,42,A class
457,458,Honda Accord,2011,897,55,7,no,4.4,605.23,23,B class
458,459,Hyundai Sonata,2022,572,24,4,no,4.55,928.18,32,A class
459,460,Toyota Camry,2017,250,56,2,no,4.58,573.32,27,A class
460,461,Nissan Altima,2016,483,59,7,Portuguese,4.9,839.2,59,A class
461,462,Toyota Camry,2012,95,62,20,no,4.86,731.46,47,A class
462,463,Ford Fusion,2011,155,64,16,no,4.29,494.93,32,B class
463,464,Toyota Camry,2015,125,37,17,no,4.43,720.8,14,B class
464,465,Kia Optima,2007,856,23,3,Spanish,4.46,795.55,32,B class
465,466,Chevrolet Malibu,2007,867,51,21,no,4.08,562.49,15,B class
466,467,Toyota Camry,2010,666,25,4,Arabic,4.23,487.48,23,B class
467,468,Nissan Altima,2014,173,34,8,no,3.82,183.37,19,B class
468,469,Hyundai Sonata,2013,322,54,1,no,3.84,122.72,10,B class
469,470,Chevrolet Malibu,2005,374,48,2,no,5.0,1316.16,44,A class
470,471,Toyota Camry,2018,732,49,5,no,4.37,653.54,15,B class
471,472,Honda Accord,2019,790,56,7,no,4.79,1107.49,59,A class
472,473,Chevrolet Malibu,2012,365,28,0,French,4.68,618.99,26,A class
473,474,Hyundai Sonata,2013,217,58,21,no,4.43,700.66,35,A class
474,475,Hyundai Sonata,2014,299,48,13,Mandarin,4.13,305.58,11,B class
475,476,Toyota Camry,2018,634,40,16,no,4.49,718.34,27,A class
476,477,Chevrolet Malibu,2011,181,42,16,Spanish,5.0,1192.07,45,A class
477,478,Toyota Camry,2017,168,44,24,no,5.0,1060.15,44,A class
478,479,Nissan Altima,2015,290,46,3,no,4.58,505.6,28,A class
479,480,Honda Accord,2011,665,36,8,no,3.95,655.94,19,B class
480,481,Toyota Camry,2014,777,31,7,Portuguese,4.0,497.13,22,B class
481,482,Chevrolet Malibu,2018,208,28,8,Arabic,4.04,553.02,14,B class
482,483,Toyota Camry,2021,277,37,13,French,5.0,949.3,56,A class
483,484,Kia Optima,2014,79,33,13,Arabic,5.0,890.34,38,A class
484,485,Honda Accord,2019,13,45,14,no,4.19,725.5,28,A class
485,486,Honda Accord,2014,865,63,5,no,4.67,527.54,26,B class
486,487,Toyota Camry,2018,609,26,6,no,4.94,1065.46,58,A class
487,488,Hyundai Sonata,2009,601,35,15,Arabic,4.25,625.44,19,B class
488,489,Hyundai Sonata,2016,651,23,3,no,4.28,723.0,36,B class
489,490,Ford Fusion,2018,707,66,14,no,4.61,912.85,39,A class
490,491,Honda Accord,2014,310,53,4,Spanish,4.12,686.02,17,B class
491,492,Toyota Camry,2012,70,32,0,no,3.92,506.88,30,B class
492,493,Toyota Camry,2008,598,40,5,Mandarin,4.03,640.88,24,B class
493,494,Honda Accord,2022,170,54,0,no,4.97,970.94,35,A class
494,495,Toyota Camry,2006,634,66,11,Spanish,4.91,898.76,53,A class
495,496,Toyota Camry,2020,582,47,22,Arabic,4.69,784.91,44,A class
496,497,Toyota Camry,2012,289,33,11,Spanish,4.32,542.47,34,B class
497,498,Hyundai Sonata,2009,672,53,16,no,4.11,601.41,30,B class
498,499,Chevrolet Malibu,2006,523,53,21,no,4.82,644.06,21,A class
499,500,Kia Optima,2022,249,51,19,no,4.16,677.03,42,B class
500,501,Chevrolet Malibu,2014,366,23,3,no,4.13,716.18,21,B class
501,502,Hyundai Sonata,2020,567,54,19,Spanish,4.67,993.74,34,A class
502,503,Toyota Camry,2008,586,21,1,no,4.05,711.74,28,B class
503,504,Chevrolet Malibu,2012,559,63,10,no,4.34,423.17,16,B class
504,505,Honda Accord,2022,200,62,9,no,4.35,474.72,14,B class
505,506,Honda Accord,2018,504,47,19,Portuguese,4.48,1039.87,23,A class
506,507,Ford Fusion,2019,686,51,10,no,4.23,690.02,21,B class
507,508,Honda Accord,2012,767,24,4,no,4.5,821.02,27,A class
508,509,Hyundai Sonata,2015,301,62,4,no,3.82,240.68,10,B class
509,510,Kia Optima,2020,427,33,4,no,4.88,965.92,33,A class
510,511,Honda Accord,2006,887,33,13,Portuguese,4.46,516.57,55,A class
511,512,Nissan Altima,2015,890,54,19,no,4.94,766.92,28,A class
512,513,Chevrolet Malibu,2015,639,65,16,Spanish,4.76,884.7,50,A class
513,514,Honda Accord,2006,206,44,7,Spanish,4.34,437.52,20,B class
514,515,Nissan Altima,2012,138,44,0,French,4.22,361.62,35,B class
515,516,Honda Accord,2019,440,46,8,Spanish,4.27,765.75,27,B class
516,517,Nissan Altima,2008,370,34,11,Mandarin,4.49,621.05,25,B class
517,518,Nissan Altima,2014,237,49,10,no,4.65,853.2,47,A class
518,519,Kia Optima,2012,705,66,23,no,4.33,652.48,35,B class
519,520,Ford Fusion,2009,861,38,18,Mandarin,4.72,956.28,37,A class
520,521,Chevrolet Malibu,2010,149,57,19,Spanish,3.4,180.18,15,B class
521,522,Hyundai Sonata,2010,498,57,0,no,4.27,664.81,37,B class
522,523,Ford Fusion,2022,891,60,3,no,4.78,929.8,26,A class
523,524,Honda Accord,2009,183,55,10,no,4.47,473.93,26,B class
524,525,Hyundai Sonata,2011,809,64,15,no,4.15,503.69,25,B class
525,526,Honda Accord,2015,60,54,17,no,4.35,547.04,18,B class
526,527,Nissan Altima,2012,642,66,7,no,3.11,0.0,2,B class
527,528,Nissan Altima,2010,755,54,2,no,3.79,451.72,9,B class
528,529,Nissan Altima,2012,19,60,8,Spanish,4.44,994.56,30,A class
529,530,Nissan Altima,2019,589,62,19,Mandarin,4.33,692.23,9,B class
530,531,Chevrolet Malibu,2020,197,67,24,Spanish,4.33,729.87,42,A class
531,532,Honda Accord,2016,531,48,23,Mandarin,3.64,282.08,6,B class
532,533,Chevrolet Malibu,2015,858,54,14,no,3.93,75.47,20,B class
533,534,Ford Fusion,2021,799,66,2,no,4.67,968.36,20,A class
534,535,Ford Fusion,2010,301,38,18,Mandarin,4.54,946.21,35,A class
535,536,Kia Optima,2005,720,26,3,French,4.31,249.19,24,B class
536,537,Kia Optima,2010,134,62,6,Mandarin,4.19,567.54,23,B class
537,538,Honda Accord,2018,491,50,24,Spanish,4.43,862.73,26,A class
538,539,Kia Optima,2008,498,41,12,Mandarin,3.96,589.6,31,B class
539,540,Ford Fusion,2017,96,54,4,Mandarin,3.67,279.72,17,B class
540,541,Toyota Camry,2016,819,22,2,Mandarin,4.29,649.77,29,B class
541,542,Honda Accord,2007,64,43,1,Mandarin,4.76,879.19,36,A class
542,543,Toyota Camry,2010,648,33,7,no,4.57,739.62,45,A class
543,544,Ford Fusion,2022,119,34,14,no,5.0,934.39,28,A class
544,545,Ford Fusion,2010,395,66,7,no,3.76,229.88,17,B class
545,546,Kia Optima,2006,265,46,22,no,4.62,891.17,35,A class
546,547,Honda Accord,2011,631,27,7,Mandarin,4.49,426.98,30,B class
547,548,Honda Accord,2010,745,38,16,no,4.62,784.42,25,A class
548,549,Honda Accord,2012,710,32,12,no,4.55,634.73,36,B class
549,550,Ford Fusion,2005,389,63,13,French,4.22,689.35,36,B class
550,551,Ford Fusion,2018,578,34,0,no,3.24,0.0,5,B class
551,552,Nissan Altima,2015,721,37,17,French,4.57,1011.6,64,A class
552,553,Kia Optima,2018,469,36,11,no,4.5,752.47,28,A class
553,554,Toyota Camry,2014,530,29,9,no,4.04,384.92,10,B class
554,555,Chevrolet Malibu,2006,270,57,13,no,4.74,664.18,40,A class
555,556,Chevrolet Malibu,2012,230,48,16,no,4.3,683.54,31,B class
556,557,Chevrolet Malibu,2017,159,41,8,no,4.49,339.12,25,B class
557,558,Nissan Altima,2010,512,39,19,no,4.17,476.21,29,B class
558,559,Hyundai Sonata,2006,880,52,5,no,4.43,563.6,38,A class
559,560,Toyota Camry,2022,542,25,5,no,4.0,556.43,17,B class
560,561,Ford Fusion,2006,882,64,14,French,3.95,532.11,39,B class
561,562,Hyundai Sonata,2016,666,47,12,no,4.92,982.91,48,A class
562,563,Kia Optima,2015,636,31,0,no,4.28,737.43,19,B class
563,564,Kia Optima,2013,281,46,9,no,4.43,589.04,47,B class
564,565,Hyundai Sonata,2006,316,61,1,Portuguese,4.54,865.09,31,A class
565,566,Kia Optima,2009,729,29,9,French,4.2,553.45,13,B class
566,567,Chevrolet Malibu,2018,711,45,17,Russian,4.04,631.86,18,B class
567,568,Toyota Camry,2007,524,49,13,Portuguese,4.65,942.85,33,A class
568,569,Hyundai Sonata,2005,182,59,18,no,3.96,629.52,22,B class
569,570,Kia Optima,2018,162,47,9,Mandarin,4.36,689.27,44,A class
570,571,Chevrolet Malibu,2007,838,55,7,no,4.09,579.99,30,B class
571,572,Chevrolet Malibu,2021,75,57,11,Arabic,4.73,932.1,39,A class
572,573,Ford Fusion,2006,255,62,5,no,4.81,793.0,20,A class
573,574,Kia Optima,2021,91,37,17,no,4.46,833.06,50,A class
574,575,Honda Accord,2013,834,54,20,Portuguese,4.05,371.5,14,B class
575,576,Nissan Altima,2013,286,32,10,French,4.26,246.06,22,B class
576,577,Ford Fusion,2008,642,60,19,Russian,4.06,683.58,13,B class
577,578,Hyundai Sonata,2006,617,65,0,no,4.33,508.52,37,B class
578,579,Hyundai Sonata,2016,717,34,3,no,3.49,81.45,10,B class
579,580,Nissan Altima,2020,713,47,7,no,3.83,280.78,8,B class
580,581,Ford Fusion,2014,45,59,9,no,4.86,826.93,37,A class
581,582,Chevrolet Malibu,2007,428,22,2,no,4.38,723.22,29,A class
582,583,Nissan Altima,2014,673,54,12,no,4.43,596.04,26,B class
583,584,Nissan Altima,2018,273,59,19,French,4.19,472.49,37,B class
584,585,Hyundai Sonata,2020,877,61,11,no,4.02,451.98,8,B class
585,586,Nissan Altima,2013,551,30,10,Mandarin,4.58,739.07,33,A class
586,587,Nissan Altima,2007,199,56,1,Arabic,4.28,675.34,21,B class
587,588,Kia Optima,2013,511,57,7,Spanish,5.0,858.62,38,A class
588,589,Kia Optima,2006,275,21,1,no,4.29,469.31,30,B class
589,590,Hyundai Sonata,2020,855,54,20,no,4.6,831.95,25,A class
590,591,Ford Fusion,2012,537,50,2,no,3.79,230.96,15,B class
591,592,Chevrolet Malibu,2014,774,66,0,Mandarin,4.07,445.24,27,B class
592,593,Hyundai Sonata,2019,109,23,3,no,4.18,587.9,26,B class
593,594,Chevrolet Malibu,2012,794,66,4,no,3.96,532.27,22,B class
594,595,Toyota Camry,2011,319,47,14,Russian,4.59,606.9,17,B class
595,596,Toyota Camry,2010,566,33,13,Spanish,4.27,765.53,35,A class
596,597,Chevrolet Malibu,2008,626,39,19,French,5.0,968.23,50,A class
597,598,Honda Accord,2020,714,57,13,no,4.36,810.47,10,A class
598,599,Nissan Altima,2015,460,67,9,Portuguese,5.0,1103.27,28,A class
599,600,Toyota Camry,2009,283,35,15,no,4.34,606.5,26,A class
600,601,Chevrolet Malibu,2007,436,67,17,no,4.82,764.33,50,A class
601,602,Kia Optima,2019,5,50,20,Arabic,4.57,751.2,41,B class
602,603,Hyundai Sonata,2017,684,30,10,Arabic,4.49,841.85,40,B class
603,604,Hyundai Sonata,2021,171,49,23,no,4.42,451.69,48,A class
604,605,Toyota Camry,2006,516,58,19,no,4.4,943.43,47,A class
605,606,Honda Accord,2009,396,23,1,no,4.39,977.48,33,A class
606,607,Chevrolet Malibu,2015,898,24,4,Mandarin,4.65,583.42,31,A class
607,608,Nissan Altima,2018,153,21,1,French,4.62,1022.04,30,A class
608,609,Honda Accord,2019,610,47,2,no,4.11,467.91,11,B class
609,610,Ford Fusion,2017,292,23,3,no,4.68,852.34,24,A class
610,611,Hyundai Sonata,2017,3,64,8,Spanish,4.6,822.97,22,A class
611,612,Kia Optima,2021,307,27,5,Mandarin,4.7,935.17,35,A class
612,613,Hyundai Sonata,2010,896,24,4,no,4.33,756.05,28,B class
613,614,Ford Fusion,2012,827,33,13,Spanish,4.78,1082.7,38,A class
614,615,Ford Fusion,2009,655,56,22,Russian,4.18,754.39,22,B class
615,616,Honda Accord,2008,197,63,10,no,4.24,708.54,26,A class
616,617,Honda Accord,2013,581,32,0,Spanish,4.39,1072.12,33,A class
617,618,Kia Optima,2017,129,45,22,Spanish,4.21,647.8,15,B class
618,619,Ford Fusion,2009,225,57,22,no,4.76,914.47,24,A class
619,620,Toyota Camry,2009,484,58,15,Arabic,4.08,337.6,19,B class
620,621,Nissan Altima,2020,853,28,8,Spanish,4.42,408.05,20,B class
621,622,Ford Fusion,2019,384,60,13,no,4.42,521.14,31,A class
622,623,Ford Fusion,2018,272,61,0,no,4.05,327.2,23,B class
623,624,Kia Optima,2009,107,55,3,Mandarin,4.34,836.24,31,B class
624,625,Nissan Altima,2022,777,45,3,no,4.5,692.89,19,B class
625,626,Honda Accord,2012,331,39,19,no,4.26,471.36,36,B class
626,627,Kia Optima,2020,374,62,1,no,4.43,715.25,28,A class
627,628,Kia Optima,2016,280,61,13,Spanish,4.0,519.76,27,B class
628,629,Honda Accord,2007,35,45,9,Russian,5.0,1291.76,36,A class
629,630,Toyota Camry,2008,418,55,0,Mandarin,4.2,503.46,28,B class
630,631,Kia Optima,2017,592,39,19,French,4.15,542.68,32,B class
631,632,Hyundai Sonata,2005,738,55,0,no,4.31,419.46,7,B class
632,633,Kia Optima,2022,429,25,5,no,4.87,783.6,28,A class
633,634,Hyundai Sonata,2010,628,63,19,Russian,4.65,858.95,19,B class
634,635,Ford Fusion,2012,484,45,19,no,3.94,389.9,13,B class
635,636,Nissan Altima,2021,127,49,4,French,4.85,728.09,57,A class
636,637,Kia Optima,2008,96,29,9,no,4.25,670.32,28,B class
637,638,Hyundai Sonata,2022,716,45,14,no,4.73,842.69,28,A class
638,639,Chevrolet Malibu,2007,167,21,1,Spanish,4.99,894.44,17,A class
639,640,Ford Fusion,2020,90,62,17,no,4.53,630.42,21,A class
640,641,Nissan Altima,2014,299,56,8,no,5.0,1277.39,53,A class
641,642,Kia Optima,2018,63,42,6,no,3.62,520.85,12,B class
642,643,Honda Accord,2022,425,60,7,no,4.22,314.71,7,B class
643,644,Ford Fusion,2018,468,59,14,no,4.27,678.6,23,B class
644,645,Kia Optima,2011,284,26,6,Arabic,5.0,1075.82,47,A class
645,646,Honda Accord,2010,269,23,3,no,4.71,1338.11,35,A class
646,647,Chevrolet Malibu,2013,481,32,6,French,4.95,1104.87,57,A class
647,648,Ford Fusion,2009,19,21,1,Spanish,3.99,498.75,22,B class
648,649,Honda Accord,2022,294,47,12,no,4.3,382.8,22,B class
649,650,Toyota Camry,2013,788,45,21,no,4.23,437.99,11,B class
650,651,Toyota Camry,2011,369,46,8,Portuguese,4.08,603.0,27,B class
651,652,Honda Accord,2016,720,24,4,Spanish,4.86,824.3,41,A class
652,653,Nissan Altima,2008,645,64,7,Portuguese,4.21,465.84,35,B class
653,654,Hyundai Sonata,2005,189,66,13,no,4.52,662.33,25,B class
654,655,Ford Fusion,2022,170,48,19,Mandarin,4.67,944.78,63,A class
655,656,Chevrolet Malibu,2017,64,21,1,French,3.74,319.23,10,B class
656,657,Ford Fusion,2022,305,39,7,Russian,4.5,638.04,25,A class
657,658,Ford Fusion,2012,843,54,24,no,4.41,627.51,23,B class
658,659,Toyota Camry,2010,844,56,14,Portuguese,4.4,557.21,19,B class
659,660,Toyota Camry,2008,255,32,9,no,4.15,605.58,15,B class
660,661,Honda Accord,2022,670,59,0,French,4.17,518.34,20,B class
661,662,Toyota Camry,2011,749,66,14,no,4.21,814.11,29,A class
662,663,Ford Fusion,2005,891,44,15,Spanish,4.41,922.51,28,A class
663,664,Hyundai Sonata,2005,720,38,18,no,4.36,615.8,37,B class
664,665,Honda Accord,2018,566,45,5,French,4.43,668.22,24,A class
665,666,Kia Optima,2017,214,22,2,no,3.78,219.5,24,B class
666,667,Hyundai Sonata,2009,520,45,24,no,4.92,666.07,37,A class
667,668,Kia Optima,2007,260,22,2,Spanish,4.34,579.72,24,B class
668,669,Nissan Altima,2015,467,22,0,Mandarin,4.2,513.69,28,B class
669,670,Ford Fusion,2008,891,47,2,no,3.94,308.02,17,B class
670,671,Nissan Altima,2012,758,45,11,Spanish,4.4,547.96,22,B class
671,672,Chevrolet Malibu,2009,402,67,15,no,5.0,1293.36,75,A class
672,673,Nissan Altima,2006,412,44,6,Spanish,4.35,763.77,29,B class
673,674,Hyundai Sonata,2007,287,67,9,Spanish,4.11,289.24,14,B class
674,675,Kia Optima,2009,113,58,18,Mandarin,4.74,900.86,46,A class
675,676,Toyota Camry,2010,297,36,16,French,4.37,683.5,21,B class
676,677,Honda Accord,2019,6,64,12,no,4.7,666.45,20,A class
677,678,Kia Optima,2020,341,43,10,no,4.38,435.71,24,B class
678,679,Kia Optima,2015,57,48,9,Spanish,5.0,933.58,49,A class
679,680,Nissan Altima,2019,490,25,3,no,4.17,620.71,13,B class
680,681,Hyundai Sonata,2018,722,30,1,no,4.8,1055.9,42,A class
681,682,Hyundai Sonata,2010,316,45,20,French,4.13,445.91,15,B class
682,683,Kia Optima,2010,101,33,0,no,3.93,590.83,18,B class
683,684,Ford Fusion,2010,66,49,20,no,4.8,1039.23,51,A class
684,685,Ford Fusion,2015,363,24,4,Russian,4.43,575.41,18,A class
685,686,Ford Fusion,2009,686,32,12,no,5.0,1143.27,32,A class
686,687,Hyundai Sonata,2012,895,52,23,no,4.66,540.88,21,A class
687,688,Chevrolet Malibu,2005,226,49,18,no,4.78,914.92,42,A class
688,689,Honda Accord,2019,166,67,18,no,5.0,1324.23,43,A class
689,690,Hyundai Sonata,2014,280,63,6,Mandarin,4.01,290.27,11,B class
690,691,Nissan Altima,2013,424,59,14,French,3.85,287.21,16,B class
691,692,Kia Optima,2020,428,21,1,Spanish,4.19,591.14,17,B class
692,693,Ford Fusion,2021,596,49,10,no,4.81,990.88,44,A class
693,694,Honda Accord,2017,147,31,0,no,3.92,112.1,17,B class
694,695,Nissan Altima,2005,417,33,13,no,4.57,799.39,33,A class
695,696,Toyota Camry,2019,290,30,4,Spanish,4.73,768.2,25,A class
696,697,Ford Fusion,2009,753,42,22,Spanish,5.0,1128.87,60,A class
697,698,Chevrolet Malibu,2013,266,26,6,no,4.92,915.92,48,A class
698,699,Kia Optima,2021,587,45,0,French,4.48,629.1,33,A class
699,700,Kia Optima,2007,305,28,8,Mandarin,4.91,919.98,33,A class
700,701,Honda Accord,2008,70,44,15,no,4.34,805.4,31,A class
701,702,Hyundai Sonata,2008,244,50,5,Spanish,4.19,386.1,37,B class
702,703,Honda Accord,2007,542,29,9,Spanish,4.25,193.81,35,B class
703,704,Nissan Altima,2015,170,25,2,no,4.06,598.13,10,B class
704,705,Nissan Altima,2019,25,58,6,no,4.46,541.94,22,B class
705,706,Chevrolet Malibu,2015,848,55,23,Spanish,4.66,1079.49,48,A class
706,707,Kia Optima,2016,779,33,13,Portuguese,3.9,485.68,10,B class
707,708,Honda Accord,2022,129,62,2,Spanish,4.33,537.12,25,B class
708,709,Ford Fusion,2018,514,31,3,Spanish,4.25,939.77,32,B class
709,710,Toyota Camry,2019,472,64,6,Spanish,4.62,905.57,19,A class
710,711,Ford Fusion,2018,211,26,1,no,5.0,887.06,32,A class
711,712,Nissan Altima,2022,629,52,4,no,4.48,357.42,24,B class
712,713,Nissan Altima,2018,82,21,1,no,3.97,489.07,19,B class
713,714,Toyota Camry,2011,609,30,0,Arabic,4.05,236.78,11,B class
714,715,Toyota Camry,2005,56,40,7,French,4.84,882.11,34,A class
715,716,Toyota Camry,2009,734,25,5,Portuguese,4.22,447.34,19,B class
716,717,Nissan Altima,2017,322,42,22,no,4.88,798.64,39,A class
717,718,Toyota Camry,2020,713,31,11,no,5.0,928.79,44,A class
718,719,Ford Fusion,2011,69,25,5,Spanish,3.98,411.1,16,B class
719,720,Honda Accord,2016,584,66,8,no,4.25,732.13,18,A class
720,721,Kia Optima,2013,773,67,13,no,4.95,926.93,56,A class
721,722,Nissan Altima,2015,731,66,12,French,4.81,754.06,35,A class
722,723,Nissan Altima,2009,646,28,8,Spanish,3.63,235.54,13,B class
723,724,Toyota Camry,2018,25,38,18,Spanish,4.21,430.56,20,B class
724,725,Toyota Camry,2022,83,36,16,no,3.79,534.18,15,B class
725,726,Hyundai Sonata,2022,247,36,13,no,4.35,712.87,41,A class
726,727,Chevrolet Malibu,2005,800,40,20,no,4.84,787.45,45,A class
727,728,Toyota Camry,2020,461,44,18,no,3.61,384.94,6,B class
728,729,Ford Fusion,2010,456,43,18,no,4.02,615.83,22,B class
729,730,Chevrolet Malibu,2009,824,34,14,no,4.64,815.69,36,A class
730,731,Toyota Camry,2011,584,67,8,Russian,4.62,788.63,27,A class
731,732,Kia Optima,2022,292,67,15,no,4.47,516.95,17,A class
732,733,Chevrolet Malibu,2005,504,36,8,no,4.44,722.6,20,B class
733,734,Chevrolet Malibu,2011,899,31,11,no,4.2,558.91,22,B class
734,735,Hyundai Sonata,2006,604,46,6,Mandarin,4.21,731.78,23,B class
735,736,Kia Optima,2006,610,38,18,no,4.49,325.01,39,A class
736,737,Kia Optima,2020,497,67,14,no,4.6,796.63,34,A class
737,738,Honda Accord,2013,361,41,17,no,4.51,712.69,33,A class
738,739,Toyota Camry,2009,498,22,2,no,4.13,766.98,38,B class
739,740,Nissan Altima,2019,259,26,6,Spanish,4.68,1039.79,48,A class
740,741,Ford Fusion,2016,729,24,4,no,4.11,590.48,31,B class
741,742,Hyundai Sonata,2014,734,38,3,no,3.87,157.74,13,B class
742,743,Toyota Camry,2009,423,35,8,French,4.76,970.07,38,A class
743,744,Nissan Altima,2020,476,61,16,no,4.59,701.93,29,A class
744,745,Ford Fusion,2015,857,62,21,Spanish,4.86,1097.57,35,A class
745,746,Nissan Altima,2014,395,27,7,no,3.89,399.87,13,B class
746,747,Nissan Altima,2006,833,65,11,Spanish,5.0,1160.39,53,A class
747,748,Honda Accord,2015,684,48,7,no,4.6,747.27,15,A class
748,749,Chevrolet Malibu,2008,279,35,15,no,4.29,804.48,30,B class
749,750,Toyota Camry,2013,241,40,20,no,4.47,599.21,21,B class
750,751,Chevrolet Malibu,2018,771,41,21,Russian,4.6,1181.72,46,A class
751,752,Ford Fusion,2005,101,29,7,no,3.71,425.12,16,B class
752,753,Ford Fusion,2007,138,61,10,Portuguese,5.0,1190.86,56,A class
753,754,Ford Fusion,2015,129,21,1,Portuguese,4.11,576.11,21,B class
754,755,Chevrolet Malibu,2018,544,24,4,no,4.73,1178.02,28,A class
755,756,Honda Accord,2014,731,33,13,no,4.21,767.22,30,B class
756,757,Toyota Camry,2018,395,27,4,no,4.76,990.75,58,A class
757,758,Chevrolet Malibu,2008,453,23,3,Russian,4.26,268.26,32,B class
758,759,Kia Optima,2016,253,39,13,Spanish,4.68,820.19,27,A class
759,760,Honda Accord,2017,574,38,10,no,4.93,670.4,44,A class
760,761,Chevrolet Malibu,2009,781,26,6,no,4.36,789.46,31,A class
761,762,Chevrolet Malibu,2007,612,59,9,French,4.63,920.68,60,A class
762,763,Nissan Altima,2010,798,62,16,no,4.08,428.22,29,B class
763,764,Ford Fusion,2012,79,54,22,no,4.75,808.56,25,A class
764,765,Hyundai Sonata,2010,476,45,22,no,5.0,1278.36,50,A class
765,766,Kia Optima,2022,136,65,11,no,4.18,479.93,20,B class
766,767,Chevrolet Malibu,2018,311,37,17,Arabic,4.77,963.06,43,A class
767,768,Nissan Altima,2016,743,41,17,French,4.45,979.67,33,A class
768,769,Toyota Camry,2005,863,21,1,no,4.21,755.41,32,B class
769,770,Toyota Camry,2020,891,54,19,no,4.61,666.62,26,A class
770,771,Toyota Camry,2012,88,25,5,French,4.1,521.02,27,B class
771,772,Kia Optima,2008,611,52,15,no,4.19,699.34,25,B class
772,773,Nissan Altima,2008,661,57,18,no,4.63,922.74,44,A class
773,774,Kia Optima,2017,734,31,11,no,4.32,795.69,19,B class
774,775,Nissan Altima,2011,178,49,23,Spanish,5.0,798.42,51,A class
775,776,Toyota Camry,2021,284,35,15,Russian,4.84,851.45,36,A class
776,777,Toyota Camry,2012,435,39,12,Spanish,4.71,767.59,30,A class
777,778,Chevrolet Malibu,2016,68,45,10,no,4.17,376.27,14,B class
778,779,Toyota Camry,2008,330,32,11,Mandarin,4.05,80.3,28,B class
779,780,Ford Fusion,2012,428,58,23,no,5.0,1098.96,62,A class
780,781,Kia Optima,2013,811,39,5,Arabic,4.1,443.39,23,B class
781,782,Honda Accord,2007,117,42,13,no,4.55,647.81,39,A class
782,783,Kia Optima,2017,510,59,16,no,4.75,665.38,51,A class
783,784,Nissan Altima,2018,258,31,0,no,4.1,536.48,19,B class
784,785,Nissan Altima,2017,612,42,15,no,4.21,519.69,17,B class
785,786,Honda Accord,2019,143,67,6,no,3.83,410.69,21,B class
786,787,Nissan Altima,2014,614,39,7,Spanish,4.22,723.58,17,B class
787,788,Ford Fusion,2020,621,26,6,Mandarin,4.13,523.44,29,B class
788,789,Honda Accord,2008,30,34,0,French,5.0,820.52,37,A class
789,790,Kia Optima,2005,460,65,3,no,4.3,482.85,8,B class
790,791,Ford Fusion,2009,507,56,11,no,4.32,531.81,18,B class
791,792,Toyota Camry,2022,805,59,14,no,4.22,849.54,31,A class
792,793,Toyota Camry,2012,24,32,2,no,4.5,661.31,25,A class
793,794,Honda Accord,2007,381,60,9,no,4.15,655.09,16,B class
794,795,Hyundai Sonata,2006,778,39,7,Arabic,5.0,888.98,34,A class
795,796,Kia Optima,2008,719,58,13,Russian,3.94,678.34,18,B class
796,797,Nissan Altima,2014,336,62,7,no,4.79,950.72,71,A class
797,798,Toyota Camry,2009,251,30,0,French,4.37,547.24,18,B class
798,799,Hyundai Sonata,2013,295,65,13,Spanish,4.23,796.6,45,A class
799,800,Toyota Camry,2020,168,50,21,no,4.2,678.54,33,B class
800,801,Kia Optima,2005,38,55,14,Spanish,4.13,407.63,17,B class
801,802,Ford Fusion,2019,298,56,9,no,3.82,153.05,14,B class
802,803,Nissan Altima,2017,117,28,8,no,3.77,549.31,22,B class
803,804,Kia Optima,2007,349,56,3,Russian,4.5,789.71,39,A class
804,805,Toyota Camry,2007,711,31,5,Spanish,4.22,272.53,20,B class
805,806,Honda Accord,2013,245,33,10,no,3.95,355.88,15,B class
806,807,Honda Accord,2005,533,26,6,no,4.23,363.17,30,B class
807,808,Ford Fusion,2015,341,29,9,Portuguese,4.16,425.86,33,B class
808,809,Hyundai Sonata,2016,165,67,24,no,4.62,640.14,26,A class
809,810,Kia Optima,2017,823,36,15,Arabic,4.46,857.59,15,A class
810,811,Chevrolet Malibu,2022,562,39,0,Arabic,4.95,1005.14,37,A class
811,812,Chevrolet Malibu,2020,345,43,13,no,4.87,1074.25,59,A class
812,813,Toyota Camry,2013,509,54,14,Mandarin,4.89,1198.91,33,A class
813,814,Hyundai Sonata,2014,88,47,1,Spanish,3.92,353.62,13,B class
814,815,Ford Fusion,2015,896,46,9,French,4.08,515.94,12,B class
815,816,Chevrolet Malibu,2020,325,60,21,no,4.71,759.66,19,A class
816,817,Chevrolet Malibu,2007,86,44,8,no,4.01,444.25,30,B class
817,818,Honda Accord,2015,143,57,11,no,4.96,789.11,36,A class
818,819,Toyota Camry,2015,590,63,5,Spanish,4.4,879.73,22,A class
819,820,Hyundai Sonata,2012,334,52,1,French,5.0,1116.23,42,A class
820,821,Honda Accord,2013,562,22,2,Mandarin,4.67,746.01,26,A class
821,822,Kia Optima,2019,232,33,13,Spanish,4.72,958.63,56,A class
822,823,Honda Accord,2010,643,50,24,no,4.61,619.48,40,B class
823,824,Chevrolet Malibu,2022,635,43,16,no,4.42,665.55,30,A class
824,825,Toyota Camry,2015,792,34,14,French,4.38,593.92,32,B class
825,826,Nissan Altima,2017,899,36,16,no,3.75,542.99,18,B class
826,827,Toyota Camry,2007,135,24,4,French,4.84,980.92,53,A class
827,828,Hyundai Sonata,2010,119,32,10,no,4.73,855.92,36,A class
828,829,Chevrolet Malibu,2014,798,57,1,no,3.99,557.61,23,B class
829,830,Toyota Camry,2013,669,21,1,Portuguese,4.74,803.28,39,A class
830,831,Chevrolet Malibu,2007,22,60,21,no,4.24,612.95,50,B class
831,832,Kia Optima,2021,435,36,13,no,3.8,408.89,6,B class
832,833,Nissan Altima,2007,438,58,19,Spanish,5.0,1156.74,36,A class
833,834,Honda Accord,2018,639,33,1,Spanish,3.87,220.58,14,B class
834,835,Nissan Altima,2013,480,59,5,Portuguese,4.23,440.7,20,B class
835,836,Kia Optima,2014,458,47,7,Arabic,4.91,732.0,30,A class
836,837,Ford Fusion,2016,183,61,8,Mandarin,4.51,903.7,25,A class
837,838,Nissan Altima,2009,404,23,3,no,4.6,849.6,28,A class
838,839,Chevrolet Malibu,2012,572,58,11,no,4.57,882.02,33,A class
839,840,Kia Optima,2013,877,33,13,Arabic,4.64,676.55,43,A class
840,841,Toyota Camry,2019,115,37,16,no,4.2,463.0,21,B class
841,842,Chevrolet Malibu,2010,123,23,3,Russian,4.63,454.0,30,A class
842,843,Ford Fusion,2010,157,65,24,Spanish,4.14,443.08,8,B class
843,844,Chevrolet Malibu,2016,306,51,5,no,5.0,716.96,41,A class
844,845,Toyota Camry,2008,558,67,0,no,3.97,451.36,12,B class
845,846,Honda Accord,2006,679,47,18,Mandarin,4.45,862.16,27,B class
846,847,Honda Accord,2019,375,28,8,no,3.98,379.52,25,B class
847,848,Kia Optima,2005,751,36,6,no,4.27,297.45,15,B class
848,849,Hyundai Sonata,2012,876,41,21,Mandarin,4.41,819.64,27,A class
849,850,Chevrolet Malibu,2006,712,27,4,no,4.53,733.17,21,B class
850,851,Nissan Altima,2013,11,64,6,no,4.69,948.42,34,A class
851,852,Nissan Altima,2018,359,66,3,Spanish,4.41,844.92,31,A class
852,853,Ford Fusion,2008,86,47,4,French,4.05,499.34,29,B class
853,854,Chevrolet Malibu,2009,808,48,18,no,4.26,584.87,38,A class
854,855,Chevrolet Malibu,2014,130,54,17,Portuguese,5.0,1005.03,35,A class
855,856,Nissan Altima,2016,865,52,16,Portuguese,5.0,707.35,38,A class
856,857,Toyota Camry,2015,588,23,3,no,3.85,640.96,20,B class
857,858,Toyota Camry,2010,598,45,1,no,4.12,473.61,15,B class
858,859,Toyota Camry,2015,692,57,15,French,4.71,940.47,35,A class
859,860,Nissan Altima,2012,412,58,2,no,4.59,635.56,37,A class
860,861,Hyundai Sonata,2014,288,49,23,French,4.56,368.55,25,B class
861,862,Ford Fusion,2022,147,63,15,Spanish,5.0,1067.91,39,A class
862,863,Chevrolet Malibu,2013,95,48,18,no,4.14,387.92,34,B class
863,864,Toyota Camry,2015,15,38,14,Spanish,5.0,1054.1,40,A class
864,865,Kia Optima,2008,807,41,9,no,4.67,829.05,24,A class
865,866,Nissan Altima,2007,197,53,17,Portuguese,4.13,505.05,15,B class
866,867,Toyota Camry,2014,34,62,20,no,4.16,521.45,28,B class
867,868,Hyundai Sonata,2005,811,31,4,Portuguese,4.08,521.22,11,B class
868,869,Ford Fusion,2005,282,34,14,no,4.68,613.57,47,A class
869,870,Hyundai Sonata,2014,624,51,18,Mandarin,4.66,804.03,23,A class
870,871,Chevrolet Malibu,2010,433,56,2,Portuguese,3.94,462.78,13,B class
871,872,Hyundai Sonata,2021,580,39,19,no,4.05,416.09,19,B class
872,873,Toyota Camry,2021,766,51,4,no,4.71,678.98,27,A class
873,874,Kia Optima,2014,267,21,1,French,4.21,955.45,30,A class
874,875,Chevrolet Malibu,2019,432,34,3,French,4.35,519.77,45,B class
875,876,Ford Fusion,2016,814,65,4,no,4.74,500.61,33,A class
876,877,Chevrolet Malibu,2012,845,48,16,no,4.3,559.6,25,B class
877,878,Honda Accord,2014,486,61,16,French,4.42,748.11,56,A class
878,879,Nissan Altima,2013,160,31,11,no,5.0,1362.78,78,A class
879,880,Hyundai Sonata,2022,188,34,8,Spanish,5.0,1021.74,39,A class
880,881,Hyundai Sonata,2018,296,66,20,no,4.03,672.09,22,B class
881,882,Hyundai Sonata,2017,239,67,1,no,4.15,551.5,10,B class
882,883,Kia Optima,2018,800,62,21,French,3.52,200.16,15,B class
883,884,Kia Optima,2008,219,35,7,no,4.5,1133.74,40,A class
884,885,Nissan Altima,2019,137,58,15,Portuguese,4.8,935.46,53,A class
885,886,Hyundai Sonata,2010,30,42,22,Spanish,4.37,576.83,11,B class
886,887,Nissan Altima,2006,794,60,6,no,3.86,348.44,15,B class
887,888,Kia Optima,2007,200,61,10,no,3.95,97.6,13,B class
888,889,Ford Fusion,2022,163,41,20,no,4.51,825.85,47,A class
889,890,Honda Accord,2011,615,35,15,French,4.26,843.5,25,A class
890,891,Kia Optima,2015,680,66,5,Spanish,4.54,890.41,53,A class
891,892,Nissan Altima,2011,508,42,12,French,4.64,767.04,25,A class
892,893,Nissan Altima,2022,465,41,8,no,4.76,943.4,62,A class
893,894,Kia Optima,2013,400,52,12,no,4.54,892.9,31,A class
894,895,Chevrolet Malibu,2008,858,65,9,no,4.53,1012.76,38,A class
895,896,Honda Accord,2018,399,27,0,French,3.57,226.96,11,B class
896,897,Ford Fusion,2005,358,67,23,no,4.22,442.31,17,B class
897,898,Chevrolet Malibu,2010,246,40,15,no,4.41,341.22,26,B class
898,899,Honda Accord,2014,533,22,2,no,4.63,968.09,46,A class
899,900,Hyundai Sonata,2005,583,35,2,no,4.59,1088.74,54,A class
900,901,Toyota Camry,2007,733,42,1,Spanish,4.2,621.79,21,B class
901,902,Toyota Camry,2005,97,52,11,Spanish,4.18,488.49,30,B class
902,903,Honda Accord,2013,635,47,16,Russian,3.7,424.33,17,B class
903,904,Chevrolet Malibu,2007,57,27,6,no,4.6,798.72,41,A class
904,905,Honda Accord,2006,687,43,18,Spanish,4.47,626.63,24,B class
905,906,Ford Fusion,2010,671,31,9,no,5.0,1303.51,52,A class
906,907,Nissan Altima,2009,609,33,0,French,4.24,524.31,16,B class
907,908,Kia Optima,2015,286,54,13,Spanish,5.0,1044.12,51,A class
908,909,Kia Optima,2013,812,58,4,no,4.56,858.55,32,A class
909,910,Ford Fusion,2022,143,28,0,French,3.7,320.28,19,B class
910,911,Toyota Camry,2007,73,49,3,no,4.35,588.58,32,B class
911,912,Nissan Altima,2006,852,40,7,no,4.49,922.13,32,A class
912,913,Ford Fusion,2009,844,36,12,no,4.54,510.24,36,B class
913,914,Kia Optima,2022,495,54,24,no,4.91,1048.77,50,A class
914,915,Chevrolet Malibu,2014,431,32,5,Arabic,4.84,857.67,36,A class
915,916,Toyota Camry,2017,223,56,1,Mandarin,4.51,573.0,40,A class
916,917,Kia Optima,2006,290,39,4,Mandarin,4.24,819.51,27,B class
917,918,Nissan Altima,2013,66,25,5,Arabic,3.84,444.74,23,B class
918,919,Kia Optima,2014,359,58,5,French,4.42,696.4,19,B class
919,920,Nissan Altima,2006,406,61,8,no,4.72,812.4,26,A class
920,921,Toyota Camry,2014,164,47,24,no,3.96,525.58,22,B class
921,922,Honda Accord,2017,701,55,9,no,4.4,720.75,35,A class
922,923,Hyundai Sonata,2016,634,27,7,Portuguese,4.36,731.98,16,B class
923,924,Ford Fusion,2021,374,36,16,Portuguese,4.06,497.88,17,B class
924,925,Kia Optima,2010,321,37,3,Mandarin,4.57,538.39,23,B class
925,926,Kia Optima,2010,653,56,6,no,4.44,380.98,15,B class
926,927,Toyota Camry,2012,168,37,10,no,5.0,1116.41,74,A class
927,928,Ford Fusion,2005,67,55,11,Arabic,4.56,919.5,29,A class
928,929,Nissan Altima,2010,841,35,0,no,4.71,897.93,26,A class
929,930,Chevrolet Malibu,2021,402,49,16,Spanish,4.55,584.59,18,A class
930,931,Ford Fusion,2012,19,30,7,no,3.66,365.64,25,B class
931,932,Ford Fusion,2016,658,47,8,no,4.49,763.58,40,A class
932,933,Nissan Altima,2007,181,24,4,Spanish,4.32,263.56,22,B class
933,934,Hyundai Sonata,2011,122,55,23,Portuguese,4.48,833.12,27,A class
934,935,Kia Optima,2010,847,22,2,French,4.15,301.1,18,B class
935,936,Ford Fusion,2006,71,67,24,no,4.82,988.1,33,A class
936,937,Honda Accord,2014,330,60,10,no,4.86,1038.07,43,A class
937,938,Honda Accord,2015,436,48,2,Arabic,4.75,824.07,24,A class
938,939,Ford Fusion,2005,430,63,5,Spanish,5.0,1070.08,56,A class
939,940,Honda Accord,2005,320,59,8,no,5.0,1323.82,33,A class
940,941,Nissan Altima,2013,129,27,7,Spanish,3.55,349.11,16,B class
941,942,Honda Accord,2011,352,55,5,no,3.89,398.99,25,B class
942,943,Nissan Altima,2019,198,38,3,no,3.93,568.7,18,B class
943,944,Nissan Altima,2022,765,61,4,Arabic,4.42,812.53,41,A class
944,945,Ford Fusion,2006,379,61,16,Spanish,4.17,655.94,36,B class
945,946,Ford Fusion,2014,475,65,12,no,4.42,459.23,9,B class
946,947,Honda Accord,2022,218,42,0,no,4.18,351.38,22,B class
947,948,Honda Accord,2008,404,30,10,Russian,4.57,748.63,35,A class
948,949,Ford Fusion,2014,488,26,6,Spanish,4.06,350.44,21,B class
949,950,Nissan Altima,2009,56,28,8,Spanish,3.89,448.36,14,B class
950,951,Honda Accord,2010,296,67,7,no,4.15,476.11,21,B class
951,952,Ford Fusion,2006,698,48,6,Russian,4.63,1015.61,50,A class
952,953,Nissan Altima,2018,780,37,9,Arabic,4.53,587.17,25,A class
953,954,Ford Fusion,2005,247,42,6,no,4.12,538.48,28,B class
954,955,Kia Optima,2017,793,29,9,no,3.54,298.99,10,B class
955,956,Kia Optima,2018,514,47,24,Mandarin,4.76,953.53,25,A class
956,957,Honda Accord,2012,262,41,8,French,4.14,408.24,22,B class
957,958,Ford Fusion,2013,379,58,23,French,4.36,717.6,26,B class
958,959,Toyota Camry,2019,557,21,1,Russian,3.64,366.98,12,B class
959,960,Ford Fusion,2013,447,64,1,Spanish,3.76,341.23,13,B class
960,961,Hyundai Sonata,2014,208,23,3,no,3.82,584.54,16,B class
961,962,Chevrolet Malibu,2019,69,40,16,no,4.33,663.04,25,B class
962,963,Ford Fusion,2014,422,37,10,French,4.09,358.62,9,B class
963,964,Honda Accord,2011,464,54,11,no,4.8,593.25,34,A class
964,965,Chevrolet Malibu,2020,241,51,12,no,4.37,612.05,25,B class
965,966,Ford Fusion,2012,891,30,10,Mandarin,5.0,1280.44,63,A class
966,967,Honda Accord,2018,799,44,7,no,3.91,437.99,15,B class
967,968,Hyundai Sonata,2014,806,46,14,French,4.66,763.75,27,A class
968,969,Ford Fusion,2009,209,42,6,no,4.34,823.46,28,A class
969,970,Ford Fusion,2006,594,22,2,no,4.31,360.77,11,B class
970,971,Kia Optima,2005,189,29,2,no,4.35,540.36,15,B class
971,972,Toyota Camry,2016,712,44,1,Mandarin,4.67,652.15,38,A class
972,973,Ford Fusion,2010,887,33,0,Mandarin,4.47,593.48,25,B class
973,974,Kia Optima,2009,422,46,8,no,4.92,805.14,54,A class
974,975,Honda Accord,2021,343,28,8,no,3.85,414.85,13,B class
975,976,Toyota Camry,2017,129,55,24,no,4.17,625.82,34,B class
976,977,Nissan Altima,2019,475,29,9,Mandarin,5.0,1005.44,54,A class
977,978,Toyota Camry,2013,14,51,4,Russian,4.74,1066.69,24,A class
978,979,Chevrolet Malibu,2011,279,60,9,French,4.78,655.04,22,A class
979,980,Kia Optima,2005,272,37,3,no,4.73,874.65,21,A class
980,981,Honda Accord,2022,32,27,7,Spanish,3.7,497.52,22,B class
981,982,Kia Optima,2010,343,21,1,no,4.7,764.35,35,A class
982,983,Honda Accord,2012,229,37,0,no,4.73,1127.78,43,A class
983,984,Honda Accord,2011,406,26,6,no,4.01,588.96,33,B class
984,985,Chevrolet Malibu,2015,830,62,5,no,5.0,1368.14,63,A class
985,986,Nissan Altima,2014,870,66,16,no,4.65,908.98,37,A class
986,987,Nissan Altima,2010,706,67,20,French,3.78,282.78,11,B class
987,988,Chevrolet Malibu,2011,151,64,19,no,4.56,750.69,33,A class
988,989,Kia Optima,2006,162,48,16,Mandarin,4.32,566.38,28,B class
989,990,Ford Fusion,2006,313,36,16,Portuguese,5.0,876.47,54,A class
990,991,Kia Optima,2005,3,41,4,Spanish,4.35,772.03,41,A class
991,992,Chevrolet Malibu,2022,717,33,3,no,4.18,487.73,20,B class
992,993,Honda Accord,2019,896,60,9,Mandarin,5.0,1225.65,58,A class
993,994,Ford Fusion,2006,835,41,15,no,4.43,976.87,45,A class
994,995,Hyundai Sonata,2021,717,39,15,no,4.2,800.37,11,B class
995,996,Kia Optima,2018,496,53,19,no,4.55,432.8,29,A class
996,997,Ford Fusion,2007,616,38,7,French,4.69,646.88,37,A class
997,998,Hyundai Sonata,2012,678,37,17,French,4.52,622.42,29,B class
998,999,Kia Optima,2017,756,31,11,French,4.3,811.13,16,B class
999,1000,Honda Accord,2005,683,24,4,Mandarin,4.25,654.33,22,B class
1000,1001,Honda Accord,2013,575,22,2,no,3.68,202.59,16,B class
1001,1002,Toyota Camry,2009,521,39,3,French,3.77,132.18,20,B class
1002,1003,Chevrolet Malibu,2007,899,67,10,Arabic,4.65,607.9,35,A class
1003,1004,Ford Fusion,2013,25,33,13,no,3.92,81.01,5,B class
1004,1005,Chevrolet Malibu,2005,799,51,19,Russian,4.1,779.79,23,B class
1005,1006,Nissan Altima,2010,741,36,6,Arabic,3.92,240.66,13,B class
1006,1007,Nissan Altima,2011,718,35,4,no,3.54,284.52,14,B class
1007,1008,Nissan Altima,2005,341,28,0,no,4.32,682.64,39,A class
1008,1009,Ford Fusion,2013,201,47,2,no,4.26,534.11,24,B class
1009,1010,Ford Fusion,2018,502,51,20,French,4.57,607.27,24,A class
1010,1011,Nissan Altima,2013,401,37,17,no,4.27,385.43,18,B class
1011,1012,Hyundai Sonata,2012,791,45,12,no,4.16,575.38,24,B class
1012,1013,Hyundai Sonata,2018,223,43,14,Spanish,4.5,978.46,39,A class
1013,1014,Ford Fusion,2013,791,33,8,Arabic,4.28,788.03,41,B class
1014,1015,Ford Fusion,2020,575,53,4,French,4.58,694.1,29,A class
1015,1016,Honda Accord,2010,823,47,0,Mandarin,5.0,963.94,31,A class
1016,1017,Chevrolet Malibu,2020,893,24,4,no,4.37,627.96,21,B class
1017,1018,Chevrolet Malibu,2018,476,44,0,no,3.82,117.54,10,B class
1018,1019,Chevrolet Malibu,2021,794,39,2,Spanish,4.07,501.59,17,B class
1019,1020,Chevrolet Malibu,2010,799,58,19,no,4.47,772.58,31,A class
1020,1021,Toyota Camry,2022,511,35,14,Spanish,4.33,560.22,15,B class
1021,1022,Chevrolet Malibu,2020,736,65,12,Russian,4.03,537.81,19,B class
1022,1023,Chevrolet Malibu,2022,15,49,5,Spanish,4.39,577.79,29,A class
1023,1024,Ford Fusion,2020,2,27,3,Spanish,5.0,1426.61,54,A class
1024,1025,Chevrolet Malibu,2012,882,39,11,Spanish,4.23,366.68,21,B class
1025,1026,Nissan Altima,2008,673,62,8,French,4.44,754.52,39,A class
1026,1027,Ford Fusion,2017,818,32,12,no,3.84,434.56,25,B class
1027,1028,Kia Optima,2008,616,54,4,no,4.82,977.1,52,A class
1028,1029,Toyota Camry,2022,35,57,5,no,4.7,740.44,40,A class
1029,1030,Nissan Altima,2021,469,53,2,Spanish,4.63,963.77,49,A class
1030,1031,Nissan Altima,2022,298,25,5,no,4.7,919.2,34,A class
1031,1032,Nissan Altima,2017,696,38,6,no,4.23,403.24,27,B class
1032,1033,Chevrolet Malibu,2020,214,37,5,Mandarin,4.22,468.09,27,B class
1033,1034,Chevrolet Malibu,2011,358,37,13,no,5.0,1076.94,43,A class
1034,1035,Kia Optima,2005,486,62,12,Spanish,4.86,659.82,47,A class
1035,1036,Chevrolet Malibu,2022,48,21,1,no,3.35,334.43,7,B class
1036,1037,Kia Optima,2019,795,46,17,no,4.96,938.13,30,A class
1037,1038,Hyundai Sonata,2005,200,67,8,no,4.17,744.05,31,B class
1038,1039,Honda Accord,2015,834,62,8,no,4.76,1056.97,15,A class
1039,1040,Chevrolet Malibu,2012,152,49,11,Russian,4.5,753.17,50,A class
1040,1041,Hyundai Sonata,2008,146,67,3,Russian,3.95,165.56,14,B class
1041,1042,Ford Fusion,2011,214,39,10,Mandarin,4.53,436.81,24,A class
1042,1043,Nissan Altima,2016,551,49,14,Spanish,4.51,722.99,40,A class
1043,1044,Hyundai Sonata,2009,395,46,3,French,4.42,944.64,20,A class
1044,1045,Toyota Camry,2008,582,23,3,Arabic,4.55,680.07,42,A class
1045,1046,Honda Accord,2005,442,22,0,no,4.89,903.92,71,A class
1046,1047,Chevrolet Malibu,2007,697,63,15,no,4.63,723.51,43,A class
1047,1048,Hyundai Sonata,2022,275,29,0,Mandarin,4.35,683.04,25,B class
1048,1049,Hyundai Sonata,2018,483,37,4,Russian,4.69,1066.28,37,A class
1049,1050,Nissan Altima,2013,550,50,8,no,5.0,961.5,74,A class
1050,1051,Ford Fusion,2013,228,48,15,no,4.71,738.58,39,A class
1051,1052,Toyota Camry,2017,682,45,17,no,4.62,935.96,24,A class
1052,1053,Kia Optima,2015,449,67,11,no,4.67,855.72,46,A class
1053,1054,Chevrolet Malibu,2012,113,57,3,Mandarin,4.59,678.0,46,A class
1054,1055,Chevrolet Malibu,2005,595,65,9,no,4.4,868.32,41,B class
1055,1056,Nissan Altima,2008,442,51,19,Portuguese,5.0,1070.93,71,A class
1056,1057,Hyundai Sonata,2017,764,67,2,French,4.09,593.15,24,B class
1057,1058,Kia Optima,2019,221,49,17,no,4.62,958.09,35,A class
1058,1059,Ford Fusion,2018,440,46,9,French,4.37,737.5,34,B class
1059,1060,Honda Accord,2019,715,59,0,French,3.78,20.85,12,B class
1060,1061,Chevrolet Malibu,2011,179,61,17,no,4.26,639.49,34,B class
1061,1062,Honda Accord,2010,646,24,0,no,4.02,568.12,39,B class
1062,1063,Nissan Altima,2012,512,63,9,French,4.67,811.87,42,A class
1063,1064,Kia Optima,2020,544,53,4,no,4.2,797.12,15,B class
1064,1065,Ford Fusion,2019,304,63,14,no,3.98,614.17,17,B class
1065,1066,Kia Optima,2014,399,54,1,no,5.0,815.19,42,A class
1066,1067,Toyota Camry,2005,395,64,2,no,4.46,951.91,31,A class
1067,1068,Kia Optima,2007,641,33,13,Spanish,5.0,948.61,49,A class
1068,1069,Chevrolet Malibu,2015,386,29,9,no,4.3,718.01,36,A class
1069,1070,Kia Optima,2006,656,30,0,Spanish,4.23,703.87,27,B class
1070,1071,Toyota Camry,2014,897,32,11,no,4.63,727.15,38,A class
1071,1072,Hyundai Sonata,2009,30,31,11,French,4.12,672.99,20,B class
1072,1073,Nissan Altima,2005,174,41,7,no,4.51,614.17,28,B class
1073,1074,Kia Optima,2019,695,30,10,Portuguese,4.6,590.67,15,B class
1074,1075,Chevrolet Malibu,2020,374,28,8,Arabic,4.05,449.17,14,B class
1075,1076,Toyota Camry,2022,42,45,18,no,4.69,646.52,35,A class
1076,1077,Chevrolet Malibu,2020,87,58,7,Spanish,4.06,475.77,23,B class
1077,1078,Chevrolet Malibu,2021,474,27,7,no,4.25,717.78,28,B class
1078,1079,Toyota Camry,2016,630,45,16,French,4.72,831.66,44,A class
1079,1080,Hyundai Sonata,2021,870,51,12,Spanish,5.0,817.66,35,A class
1080,1081,Honda Accord,2017,119,54,11,no,4.38,588.55,19,B class
1081,1082,Hyundai Sonata,2006,693,25,5,no,4.4,510.17,24,B class
1082,1083,Toyota Camry,2012,611,55,21,no,4.39,401.92,27,B class
1083,1084,Nissan Altima,2021,555,22,2,French,4.48,162.68,25,B class
1084,1085,Honda Accord,2012,15,32,12,French,4.28,689.8,25,B class
1085,1086,Nissan Altima,2022,321,36,8,no,4.27,506.39,41,B class
1086,1087,Chevrolet Malibu,2014,579,61,2,no,4.55,592.83,31,A class
1087,1088,Kia Optima,2019,224,30,3,no,4.31,767.03,28,A class
1088,1089,Nissan Altima,2006,661,57,23,Spanish,4.23,648.99,21,B class
1089,1090,Honda Accord,2019,106,67,9,no,4.59,849.66,33,A class
1090,1091,Ford Fusion,2015,725,66,2,no,4.57,930.49,18,A class
1091,1092,Kia Optima,2005,421,35,5,Arabic,4.07,714.33,20,B class
1092,1093,Honda Accord,2010,392,25,0,no,4.87,1030.9,32,A class
1093,1094,Nissan Altima,2019,514,31,11,Mandarin,4.75,920.45,30,A class
1094,1095,Toyota Camry,2022,435,57,14,no,4.25,695.68,30,B class
1095,1096,Honda Accord,2018,461,30,9,no,4.83,684.93,26,A class
1096,1097,Kia Optima,2006,648,51,18,Spanish,4.55,739.42,16,A class
1097,1098,Toyota Camry,2006,215,38,12,no,4.65,852.01,38,A class
1098,1099,Hyundai Sonata,2016,89,57,23,no,4.36,642.11,50,A class
1099,1100,Toyota Camry,2018,191,49,19,Russian,4.34,591.84,40,A class
1100,1101,Honda Accord,2014,659,48,1,Arabic,3.81,22.59,7,B class
1101,1102,Hyundai Sonata,2012,252,57,6,Mandarin,4.63,816.8,48,A class
1102,1103,Toyota Camry,2014,636,65,18,no,4.37,646.56,15,B class
1103,1104,Toyota Camry,2008,72,38,13,no,4.74,778.62,47,A class
1104,1105,Nissan Altima,2014,258,45,18,no,4.44,923.23,48,A class
1105,1106,Toyota Camry,2014,868,50,8,Portuguese,4.3,483.96,17,B class
1106,1107,Hyundai Sonata,2021,681,59,0,French,4.92,775.28,37,A class
1107,1108,Chevrolet Malibu,2005,66,43,19,no,4.73,864.13,34,A class
1108,1109,Nissan Altima,2019,342,38,18,Russian,4.58,899.26,13,A class
1109,1110,Kia Optima,2010,63,60,15,no,4.64,573.13,38,B class
1110,1111,Toyota Camry,2021,6,65,10,Spanish,4.86,1097.23,35,A class
1111,1112,Honda Accord,2016,558,47,0,no,3.9,349.62,32,B class
1112,1113,Chevrolet Malibu,2015,892,25,5,no,4.52,538.33,19,B class
1113,1114,Toyota Camry,2019,466,34,14,Portuguese,4.15,470.45,28,B class
1114,1115,Toyota Camry,2016,467,42,16,Arabic,4.73,965.72,18,A class
1115,1116,Chevrolet Malibu,2010,636,54,4,no,4.13,536.43,28,B class
1116,1117,Kia Optima,2012,701,52,18,no,4.2,648.17,14,B class
1117,1118,Chevrolet Malibu,2017,335,59,18,Spanish,4.4,508.65,38,B class
1118,1119,Chevrolet Malibu,2006,807,22,2,no,4.37,673.59,20,B class
1119,1120,Honda Accord,2005,878,42,14,Spanish,4.06,516.36,22,B class
1120,1121,Ford Fusion,2022,602,53,18,Spanish,3.58,340.96,15,B class
1121,1122,Chevrolet Malibu,2012,82,67,10,no,4.6,680.35,24,A class
1122,1123,Honda Accord,2016,457,27,7,no,3.55,291.09,11,B class
1123,1124,Hyundai Sonata,2011,704,62,17,no,4.63,742.04,39,A class
1124,1125,Kia Optima,2006,513,21,1,Portuguese,5.0,930.78,36,A class
1125,1126,Nissan Altima,2020,510,30,10,no,4.67,596.81,31,B class
1126,1127,Nissan Altima,2013,356,60,0,Spanish,5.0,767.4,35,A class
1127,1128,Chevrolet Malibu,2009,397,57,19,no,4.59,685.18,21,A class
1128,1129,Nissan Altima,2018,734,66,19,Mandarin,5.0,1136.81,50,A class
1129,1130,Kia Optima,2020,481,49,13,no,4.27,366.34,27,B class
1130,1131,Kia Optima,2022,338,49,12,no,3.66,111.56,9,B class
1131,1132,Toyota Camry,2019,221,46,18,Mandarin,4.45,524.41,43,A class
1132,1133,Nissan Altima,2005,15,45,11,Mandarin,5.0,1326.34,50,A class
1133,1134,Ford Fusion,2010,117,45,10,no,4.29,809.19,22,A class
1134,1135,Chevrolet Malibu,2017,745,34,14,no,4.22,594.13,25,B class
1135,1136,Chevrolet Malibu,2017,897,61,19,Portuguese,4.79,858.61,42,A class
1136,1137,Hyundai Sonata,2009,23,37,5,no,4.57,919.19,22,A class
1137,1138,Kia Optima,2015,125,49,20,no,4.44,830.54,35,A class
1138,1139,Chevrolet Malibu,2015,682,52,8,no,5.0,1042.98,30,A class
1139,1140,Ford Fusion,2011,747,46,3,no,4.38,663.19,17,B class
1140,1141,Toyota Camry,2019,46,49,21,Spanish,4.73,1141.65,41,A class
1141,1142,Chevrolet Malibu,2013,334,23,3,Mandarin,4.45,812.46,12,A class
1142,1143,Chevrolet Malibu,2018,840,35,5,no,3.97,464.79,17,B class
1143,1144,Kia Optima,2010,781,42,6,Spanish,4.04,206.89,25,B class
1144,1145,Chevrolet Malibu,2005,281,39,12,no,4.56,753.9,56,A class
1145,1146,Nissan Altima,2013,642,63,4,Mandarin,4.3,753.52,34,A class
1146,1147,Nissan Altima,2022,681,63,3,no,4.63,838.25,39,A class
1147,1148,Ford Fusion,2013,432,54,9,no,3.78,386.95,13,B class
1148,1149,Toyota Camry,2018,734,37,5,Spanish,4.64,801.23,50,A class
1149,1150,Toyota Camry,2016,230,23,3,no,4.29,914.11,30,A class
1150,1151,Nissan Altima,2017,176,56,22,no,4.6,851.76,28,A class
1151,1152,Nissan Altima,2006,364,62,14,no,4.85,724.54,25,A class
1152,1153,Hyundai Sonata,2005,878,44,0,Mandarin,4.08,804.83,22,B class
1153,1154,Toyota Camry,2005,302,59,2,no,4.37,351.44,27,B class
1154,1155,Ford Fusion,2009,550,64,20,Mandarin,4.53,535.16,30,A class
1155,1156,Chevrolet Malibu,2016,865,46,6,French,4.26,519.94,28,B class
1156,1157,Nissan Altima,2016,381,30,3,Spanish,5.0,1041.48,44,A class
1157,1158,Ford Fusion,2019,501,22,2,no,4.7,770.02,31,A class
1158,1159,Chevrolet Malibu,2013,608,56,20,French,4.5,647.71,27,B class
1159,1160,Nissan Altima,2014,304,47,9,no,5.0,1103.31,24,A class
1160,1161,Honda Accord,2011,467,28,8,Arabic,4.37,589.58,28,B class
1161,1162,Honda Accord,2017,641,23,3,Mandarin,4.33,666.34,24,B class
1162,1163,Honda Accord,2006,429,66,2,no,4.76,533.15,35,A class
1163,1164,Hyundai Sonata,2022,729,36,16,French,3.69,123.37,12,B class
1164,1165,Ford Fusion,2015,436,36,16,no,4.4,607.22,28,B class
1165,1166,Nissan Altima,2012,522,50,24,no,4.78,531.12,45,B class
1166,1167,Chevrolet Malibu,2006,897,38,2,no,4.02,630.5,12,B class
1167,1168,Nissan Altima,2018,252,63,14,Spanish,4.66,975.31,20,A class
1168,1169,Honda Accord,2009,473,53,15,Mandarin,4.52,706.07,34,A class
1169,1170,Honda Accord,2015,315,37,1,Arabic,4.29,453.74,20,B class
1170,1171,Kia Optima,2008,412,33,13,no,4.78,824.96,39,A class
1171,1172,Chevrolet Malibu,2009,17,61,2,Spanish,4.49,917.8,37,A class
1172,1173,Honda Accord,2005,700,48,6,Spanish,4.39,865.61,36,A class
1173,1174,Hyundai Sonata,2018,186,64,24,Spanish,4.69,895.44,43,A class
1174,1175,Hyundai Sonata,2008,562,37,13,no,5.0,902.2,51,A class
1175,1176,Nissan Altima,2008,244,21,1,no,4.67,681.4,22,B class
1176,1177,Toyota Camry,2015,247,63,12,Mandarin,4.26,645.06,21,B class
1177,1178,Chevrolet Malibu,2007,433,32,12,no,3.84,262.29,11,B class
1178,1179,Honda Accord,2012,76,60,2,no,3.72,229.33,17,B class
1179,1180,Nissan Altima,2012,491,54,16,no,4.44,559.34,13,B class
1180,1181,Kia Optima,2018,844,31,1,no,4.38,505.99,23,B class
1181,1182,Ford Fusion,2022,448,56,4,no,4.21,366.75,34,B class
1182,1183,Hyundai Sonata,2006,611,24,4,no,4.31,867.57,37,A class
1183,1184,Toyota Camry,2020,761,39,11,Mandarin,4.16,686.41,28,B class
1184,1185,Kia Optima,2013,107,37,3,Russian,4.32,417.42,25,B class
1185,1186,Toyota Camry,2019,606,51,19,no,4.6,902.44,41,A class
1186,1187,Kia Optima,2010,330,46,7,no,4.95,994.23,37,A class
1187,1188,Hyundai Sonata,2007,848,49,21,French,4.04,809.17,10,B class
1188,1189,Toyota Camry,2021,622,43,0,no,4.54,758.33,36,B class
1189,1190,Kia Optima,2005,727,55,5,Russian,3.64,347.07,15,B class
1190,1191,Ford Fusion,2017,335,28,7,Spanish,3.77,359.36,18,B class
1191,1192,Hyundai Sonata,2013,809,54,14,no,4.13,510.74,28,B class
1192,1193,Nissan Altima,2011,12,23,3,no,4.65,1035.41,41,A class
1193,1194,Chevrolet Malibu,2008,239,25,3,no,4.12,526.76,21,B class
1194,1195,Ford Fusion,2021,742,55,14,French,4.22,446.31,34,B class
1195,1196,Kia Optima,2007,13,28,8,no,4.23,715.2,34,B class
1196,1197,Toyota Camry,2012,398,57,3,Arabic,4.39,761.44,35,B class
1197,1198,Hyundai Sonata,2011,536,27,6,Mandarin,3.97,248.37,31,B class
1198,1199,Honda Accord,2018,814,27,7,Arabic,5.0,1005.48,45,A class
1199,1200,Hyundai Sonata,2017,819,64,18,Arabic,4.57,736.95,30,A class
1200,1201,Kia Optima,2020,516,29,3,no,4.37,413.85,31,B class
1201,1202,Ford Fusion,2017,133,63,5,no,4.25,332.67,30,B class
1202,1203,Chevrolet Malibu,2018,819,37,5,French,4.82,730.34,29,A class
1203,1204,Chevrolet Malibu,2007,79,58,15,no,4.87,1029.68,39,A class
1204,1205,Chevrolet Malibu,2017,283,65,2,no,4.76,1043.74,52,A class
1205,1206,Chevrolet Malibu,2009,14,26,6,no,4.18,661.79,29,B class
1206,1207,Nissan Altima,2021,477,36,10,no,4.62,918.05,45,A class
1207,1208,Ford Fusion,2019,5,47,8,Arabic,4.6,762.01,39,A class
1208,1209,Ford Fusion,2020,745,61,21,no,4.77,796.11,46,A class
1209,1210,Chevrolet Malibu,2012,112,29,9,Spanish,4.31,626.03,32,B class
1210,1211,Kia Optima,2021,213,29,9,Russian,4.34,736.15,27,B class
1211,1212,Ford Fusion,2008,310,38,18,no,4.95,1014.98,47,A class
1212,1213,Hyundai Sonata,2009,823,30,5,Mandarin,4.9,907.79,28,A class
1213,1214,Kia Optima,2011,214,33,13,no,5.0,1095.91,22,A class
1214,1215,Chevrolet Malibu,2012,119,27,4,no,4.46,823.25,25,B class
1215,1216,Nissan Altima,2015,138,59,8,no,4.31,638.31,23,B class
1216,1217,Chevrolet Malibu,2012,830,58,13,no,3.22,308.71,10,B class
1217,1218,Kia Optima,2009,330,27,7,no,3.86,204.53,17,B class
1218,1219,Kia Optima,2012,176,46,14,no,3.97,596.87,27,B class
1219,1220,Nissan Altima,2006,414,51,13,no,3.76,385.87,17,B class
1220,1221,Kia Optima,2020,893,50,9,no,4.66,933.63,21,A class
1221,1222,Honda Accord,2016,71,67,14,Spanish,4.08,315.46,25,B class
1222,1223,Toyota Camry,2007,856,51,11,no,4.17,523.7,38,B class
1223,1224,Chevrolet Malibu,2009,550,53,11,French,4.54,380.79,32,B class
1224,1225,Toyota Camry,2006,224,22,2,Portuguese,4.86,982.57,31,A class
1225,1226,Chevrolet Malibu,2021,438,24,4,Mandarin,4.14,675.2,18,B class
1226,1227,Kia Optima,2012,375,50,8,Spanish,4.8,894.62,58,A class
1227,1228,Hyundai Sonata,2012,364,63,3,Spanish,4.69,793.37,41,A class
1228,1229,Nissan Altima,2016,681,39,7,Spanish,4.82,978.65,30,A class
1229,1230,Kia Optima,2007,898,51,10,Portuguese,4.64,970.01,39,A class
1230,1231,Kia Optima,2007,58,30,4,Russian,4.3,725.77,32,B class
1231,1232,Kia Optima,2009,817,42,4,no,3.53,334.68,26,B class
1232,1233,Chevrolet Malibu,2017,742,56,23,Spanish,4.51,655.14,34,A class
1233,1234,Ford Fusion,2005,166,52,7,French,4.26,650.79,41,B class
1234,1235,Nissan Altima,2007,657,26,6,no,4.41,710.95,32,A class
1235,1236,Chevrolet Malibu,2010,711,62,3,no,4.11,417.25,14,B class
1236,1237,Kia Optima,2018,466,64,24,Spanish,4.71,854.44,43,A class
1237,1238,Kia Optima,2008,681,43,5,Mandarin,4.22,520.8,27,B class
1238,1239,Ford Fusion,2015,285,37,9,no,4.0,484.49,23,B class
1239,1240,Ford Fusion,2007,404,45,19,no,4.33,733.28,23,B class
1240,1241,Hyundai Sonata,2018,844,58,5,no,4.95,1058.4,77,A class
1241,1242,Kia Optima,2021,283,42,13,Spanish,4.68,1196.74,44,A class
1242,1243,Nissan Altima,2009,610,22,2,Portuguese,4.63,766.49,30,A class
1243,1244,Honda Accord,2015,428,24,0,Arabic,3.77,457.24,27,B class
1244,1245,Toyota Camry,2015,709,59,0,no,3.98,603.4,28,B class
1245,1246,Toyota Camry,2007,816,57,19,no,4.23,703.37,20,B class
1246,1247,Chevrolet Malibu,2009,571,57,6,French,4.43,791.77,23,A class
1247,1248,Nissan Altima,2013,391,26,6,Mandarin,4.37,762.75,23,B class
1248,1249,Hyundai Sonata,2018,166,29,9,no,4.29,558.36,40,B class
1249,1250,Nissan Altima,2015,408,39,19,no,4.47,844.85,27,B class
1250,1251,Chevrolet Malibu,2021,89,31,11,no,4.04,651.89,11,B class
1251,1252,Honda Accord,2009,703,39,19,French,4.25,616.57,29,A class
1252,1253,Ford Fusion,2009,380,47,9,Spanish,5.0,975.9,62,A class
1253,1254,Nissan Altima,2010,641,34,14,no,3.98,173.83,20,B class
1254,1255,Honda Accord,2018,91,26,6,Portuguese,4.39,931.44,19,A class
1255,1256,Toyota Camry,2011,696,39,14,Spanish,5.0,1055.93,46,A class
1256,1257,Hyundai Sonata,2008,854,54,0,Portuguese,4.45,754.55,35,B class
1257,1258,Chevrolet Malibu,2013,830,50,24,no,4.63,628.92,24,B class
1258,1259,Chevrolet Malibu,2012,499,36,14,no,4.81,672.98,33,A class
1259,1260,Toyota Camry,2008,138,35,15,Portuguese,4.32,831.96,22,B class
1260,1261,Hyundai Sonata,2013,24,48,8,Portuguese,4.25,696.54,24,A class
1261,1262,Nissan Altima,2014,35,29,7,Russian,4.06,330.41,20,B class
1262,1263,Ford Fusion,2009,557,60,13,French,3.78,444.87,11,B class
1263,1264,Ford Fusion,2020,646,61,21,no,4.52,949.47,32,A class
1264,1265,Nissan Altima,2016,702,22,2,no,4.12,310.96,17,B class
1265,1266,Nissan Altima,2009,116,66,19,no,4.53,710.92,26,A class
1266,1267,Chevrolet Malibu,2005,442,22,2,Portuguese,4.62,920.07,30,A class
1267,1268,Honda Accord,2008,788,42,19,no,4.96,1000.02,37,A class
1268,1269,Hyundai Sonata,2010,593,52,18,Mandarin,4.82,689.5,33,A class
1269,1270,Hyundai Sonata,2022,418,36,16,Portuguese,4.95,1176.66,41,A class
1270,1271,Ford Fusion,2008,650,30,1,Russian,4.57,711.51,52,A class
1271,1272,Honda Accord,2022,54,23,3,Portuguese,4.2,468.01,8,B class
1272,1273,Chevrolet Malibu,2009,684,55,2,Spanish,3.74,168.5,13,B class
1273,1274,Chevrolet Malibu,2009,577,22,2,no,4.74,1099.77,39,A class
1274,1275,Kia Optima,2012,406,43,18,Russian,4.23,283.89,13,B class
1275,1276,Chevrolet Malibu,2018,273,39,16,no,4.78,1040.37,43,A class
1276,1277,Nissan Altima,2015,710,66,18,no,4.62,1132.36,59,A class
1277,1278,Honda Accord,2010,458,64,18,Russian,4.1,780.8,34,B class
1278,1279,Ford Fusion,2016,752,59,24,Spanish,4.23,928.82,25,A class
1279,1280,Honda Accord,2005,454,55,21,no,5.0,1365.81,55,A class
1280,1281,Ford Fusion,2017,593,46,14,no,4.85,1187.06,49,A class
1281,1282,Chevrolet Malibu,2009,813,37,17,no,4.27,584.3,26,B class
1282,1283,Ford Fusion,2007,264,28,1,Portuguese,4.11,593.94,22,B class
1283,1284,Ford Fusion,2009,555,66,18,Spanish,4.84,988.48,22,A class
1284,1285,Hyundai Sonata,2010,826,39,13,no,4.42,497.74,21,B class
1285,1286,Ford Fusion,2014,229,41,21,Spanish,5.0,1104.74,38,A class
1286,1287,Toyota Camry,2008,488,27,7,Arabic,4.76,885.29,36,A class
1287,1288,Ford Fusion,2017,39,34,4,Portuguese,3.93,299.49,9,B class
1288,1289,Chevrolet Malibu,2018,726,50,18,no,4.72,821.46,30,A class
1289,1290,Ford Fusion,2006,488,41,21,Spanish,4.55,760.0,33,A class
1290,1291,Toyota Camry,2016,588,48,0,no,4.42,646.03,19,B class
1291,1292,Toyota Camry,2012,124,30,1,no,4.03,795.6,50,B class
1292,1293,Toyota Camry,2014,79,24,4,no,5.0,947.3,44,A class
1293,1294,Kia Optima,2009,419,62,13,no,5.0,879.57,49,A class
1294,1295,Hyundai Sonata,2006,230,41,13,Spanish,4.26,453.07,16,B class
1295,1296,Kia Optima,2009,507,37,2,no,4.09,543.61,20,B class
1296,1297,Hyundai Sonata,2016,399,34,14,no,4.47,625.07,27,B class
1297,1298,Nissan Altima,2012,791,51,14,no,3.75,237.67,9,B class
1298,1299,Nissan Altima,2009,96,47,21,no,4.56,828.04,25,A class
1299,1300,Honda Accord,2010,826,39,9,Mandarin,4.9,1149.85,33,A class
1300,1301,Toyota Camry,2022,278,64,8,no,4.12,413.37,8,B class
1301,1302,Nissan Altima,2015,129,63,2,no,4.1,531.25,15,B class
1302,1303,Kia Optima,2013,896,30,10,Russian,4.45,586.92,42,A class
1303,1304,Honda Accord,2014,77,51,16,no,4.25,905.23,19,A class
1304,1305,Chevrolet Malibu,2012,576,66,7,Arabic,4.08,482.99,12,B class
1305,1306,Nissan Altima,2015,668,43,18,Spanish,3.98,413.97,22,B class
1306,1307,Chevrolet Malibu,2019,218,22,2,Mandarin,4.06,426.75,18,B class
1307,1308,Ford Fusion,2018,663,27,4,Spanish,4.8,1031.58,44,A class
1308,1309,Hyundai Sonata,2010,198,52,14,no,4.27,325.52,16,B class
1309,1310,Honda Accord,2014,680,63,17,French,4.2,801.45,30,B class
1310,1311,Toyota Camry,2018,497,27,0,French,5.0,1046.77,54,A class
1311,1312,Kia Optima,2010,563,46,4,no,4.05,668.87,18,B class
1312,1313,Kia Optima,2014,845,44,9,Mandarin,4.64,607.7,43,A class
1313,1314,Nissan Altima,2009,272,34,3,no,4.76,891.93,40,A class
1314,1315,Chevrolet Malibu,2008,150,50,8,Arabic,4.9,886.98,34,A class
1315,1316,Ford Fusion,2006,272,62,3,French,3.96,122.83,13,B class
1316,1317,Chevrolet Malibu,2018,24,32,12,no,4.28,601.25,16,B class
1317,1318,Nissan Altima,2008,713,23,3,Arabic,4.36,488.45,36,A class
1318,1319,Kia Optima,2014,208,37,8,Russian,5.0,1075.18,38,A class
1319,1320,Honda Accord,2010,883,35,15,Mandarin,4.48,696.98,30,B class
1320,1321,Ford Fusion,2015,244,55,0,no,3.88,427.8,16,B class
1321,1322,Nissan Altima,2007,315,46,14,French,4.72,709.26,58,A class
1322,1323,Nissan Altima,2005,306,21,1,Spanish,4.68,871.97,16,A class
1323,1324,Honda Accord,2006,282,36,16,no,4.93,825.31,24,A class
1324,1325,Hyundai Sonata,2018,876,55,5,Arabic,4.22,431.19,15,B class
1325,1326,Hyundai Sonata,2019,478,43,14,Spanish,4.33,761.35,36,B class
1326,1327,Honda Accord,2015,319,47,19,Arabic,4.69,665.74,64,A class
1327,1328,Nissan Altima,2006,65,33,13,Spanish,4.82,941.36,47,A class
1328,1329,Nissan Altima,2005,583,36,4,no,4.2,677.91,9,B class
1329,1330,Kia Optima,2012,328,27,7,Russian,4.22,526.46,32,B class
1330,1331,Ford Fusion,2010,204,24,4,Spanish,4.26,646.74,14,B class
1331,1332,Chevrolet Malibu,2009,650,22,2,no,5.0,997.09,44,A class
1332,1333,Nissan Altima,2008,892,50,4,no,4.26,765.28,43,B class
1333,1334,Chevrolet Malibu,2010,447,28,3,no,4.75,961.6,26,A class
1334,1335,Toyota Camry,2008,805,47,6,Spanish,4.6,660.9,30,A class
1335,1336,Ford Fusion,2005,500,65,3,no,4.51,581.08,14,B class
1336,1337,Chevrolet Malibu,2017,4,53,18,Portuguese,3.88,416.58,24,B class
1337,1338,Ford Fusion,2020,700,48,14,Russian,3.28,337.75,17,B class
1338,1339,Honda Accord,2011,534,26,6,Mandarin,4.91,829.65,64,A class
1339,1340,Hyundai Sonata,2009,23,43,13,no,4.33,558.58,35,A class
1340,1341,Toyota Camry,2011,119,62,15,Mandarin,4.68,955.52,24,A class
1341,1342,Hyundai Sonata,2017,204,39,4,no,4.05,263.43,21,B class
1342,1343,Kia Optima,2015,278,59,7,French,4.28,523.02,16,B class
1343,1344,Ford Fusion,2009,583,54,22,no,5.0,954.64,51,A class
1344,1345,Toyota Camry,2013,602,33,0,Portuguese,5.0,996.89,35,A class
1345,1346,Nissan Altima,2018,676,27,7,no,4.42,681.17,20,B class
1346,1347,Ford Fusion,2009,100,21,1,no,4.75,744.11,31,A class
1347,1348,Honda Accord,2021,805,33,6,Russian,4.7,671.59,16,A class
1348,1349,Chevrolet Malibu,2006,227,36,8,no,4.34,593.92,31,B class
1349,1350,Honda Accord,2007,208,51,5,Arabic,4.86,1013.02,54,A class
1350,1351,Toyota Camry,2013,264,47,14,Portuguese,4.71,545.28,30,B class
1351,1352,Honda Accord,2017,815,43,5,no,4.8,846.02,35,A class
1352,1353,Nissan Altima,2020,53,54,19,no,4.82,1008.9,41,A class
1353,1354,Nissan Altima,2011,574,57,9,Spanish,4.36,774.06,40,A class
1354,1355,Hyundai Sonata,2018,558,54,24,French,5.0,1051.82,60,A class
1355,1356,Nissan Altima,2020,576,63,21,Russian,4.31,953.23,45,A class
1356,1357,Nissan Altima,2017,397,37,10,no,4.31,454.32,31,B class
1357,1358,Chevrolet Malibu,2018,29,59,14,Mandarin,4.97,1193.96,35,A class
1358,1359,Hyundai Sonata,2021,739,40,0,no,4.81,1030.26,26,A class
1359,1360,Toyota Camry,2010,605,29,1,Spanish,4.94,1172.39,47,A class
1360,1361,Toyota Camry,2019,232,27,7,French,2.9,0.0,1,B class
1361,1362,Kia Optima,2013,853,25,5,Arabic,4.66,815.31,33,A class
1362,1363,Ford Fusion,2018,549,65,9,no,4.65,861.0,22,A class
1363,1364,Toyota Camry,2013,531,28,2,no,4.66,530.43,38,B class
1364,1365,Ford Fusion,2019,231,60,20,no,4.83,818.7,44,A class
1365,1366,Kia Optima,2009,817,57,10,no,4.43,715.61,29,A class
1366,1367,Nissan Altima,2017,383,41,11,no,4.46,985.98,22,A class
1367,1368,Hyundai Sonata,2019,408,63,10,Arabic,4.64,537.34,25,B class
1368,1369,Honda Accord,2017,64,63,12,no,5.0,893.35,61,A class
1369,1370,Kia Optima,2010,869,64,16,no,4.74,905.35,48,A class
1370,1371,Honda Accord,2020,19,44,19,Mandarin,4.5,963.86,29,A class
1371,1372,Honda Accord,2006,483,35,13,no,4.47,710.05,46,A class
1372,1373,Nissan Altima,2008,61,23,3,no,4.83,954.85,26,A class
1373,1374,Nissan Altima,2021,494,60,21,Portuguese,4.98,1160.58,50,A class
1374,1375,Chevrolet Malibu,2009,350,62,7,no,4.04,765.45,28,B class
1375,1376,Honda Accord,2018,351,46,0,no,4.74,860.26,34,A class
1376,1377,Kia Optima,2018,843,24,0,Spanish,4.18,660.42,29,B class
1377,1378,Chevrolet Malibu,2007,294,59,19,no,5.0,1355.4,39,A class
1378,1379,Toyota Camry,2019,664,35,9,no,4.81,902.75,39,A class
1379,1380,Hyundai Sonata,2016,506,46,0,no,4.01,575.21,33,B class
1380,1381,Nissan Altima,2016,812,51,20,no,5.0,1479.75,48,A class
1381,1382,Nissan Altima,2007,203,27,7,Arabic,3.74,316.98,14,B class
1382,1383,Ford Fusion,2021,236,23,3,no,4.75,640.37,16,A class
1383,1384,Chevrolet Malibu,2022,629,24,4,no,4.11,324.54,12,B class
1384,1385,Kia Optima,2017,613,66,1,no,4.99,984.96,50,A class
1385,1386,Chevrolet Malibu,2010,659,65,17,Russian,4.58,885.96,33,A class
1386,1387,Chevrolet Malibu,2022,215,41,15,no,4.22,577.74,19,B class
1387,1388,Kia Optima,2010,800,41,4,Arabic,4.56,865.62,15,B class
1388,1389,Hyundai Sonata,2011,58,40,8,no,4.06,547.94,21,B class
1389,1390,Kia Optima,2008,756,37,12,Portuguese,4.47,605.64,30,B class
1390,1391,Chevrolet Malibu,2005,34,46,3,no,4.08,411.5,19,B class
1391,1392,Chevrolet Malibu,2008,830,37,17,no,3.91,688.6,36,B class
1392,1393,Toyota Camry,2021,737,49,6,no,4.49,698.29,32,A class
1393,1394,Chevrolet Malibu,2007,723,38,18,no,4.68,624.13,46,A class
1394,1395,Honda Accord,2015,660,50,20,Mandarin,4.2,548.48,20,B class
1395,1396,Hyundai Sonata,2022,536,65,15,Spanish,3.71,247.69,16,B class
1396,1397,Honda Accord,2022,814,30,2,Spanish,4.53,663.53,33,A class
1397,1398,Honda Accord,2008,415,23,0,no,4.53,717.77,23,A class
1398,1399,Ford Fusion,2014,518,45,3,Mandarin,4.51,704.83,26,A class
1399,1400,Kia Optima,2021,446,26,6,no,4.35,702.34,47,A class
1400,1401,Toyota Camry,2010,572,31,11,Russian,4.98,962.3,34,A class
1401,1402,Hyundai Sonata,2015,147,58,3,Mandarin,4.83,786.08,21,A class
1402,1403,Toyota Camry,2008,620,40,17,Spanish,5.0,1213.8,75,A class
1403,1404,Honda Accord,2008,229,46,1,Arabic,5.0,1263.81,56,A class
1404,1405,Hyundai Sonata,2009,550,57,6,Spanish,3.82,178.45,14,B class
1405,1406,Honda Accord,2007,599,27,7,Spanish,3.79,266.22,7,B class
1406,1407,Ford Fusion,2011,725,43,20,no,4.33,754.47,40,A class
1407,1408,Toyota Camry,2022,78,22,2,Spanish,4.56,900.5,31,A class
1408,1409,Toyota Camry,2015,863,44,13,no,4.61,895.51,18,B class
1409,1410,Hyundai Sonata,2005,564,31,0,no,4.36,836.07,58,A class
1410,1411,Kia Optima,2012,657,63,7,French,4.5,673.7,22,B class
1411,1412,Honda Accord,2019,159,33,13,no,4.44,621.97,27,B class
1412,1413,Honda Accord,2007,85,30,2,Spanish,4.15,582.75,29,B class
1413,1414,Honda Accord,2010,99,21,1,no,4.19,568.59,19,B class
1414,1415,Chevrolet Malibu,2018,708,27,7,no,4.82,828.25,28,A class
1415,1416,Chevrolet Malibu,2009,504,31,11,Arabic,4.27,475.92,21,B class
1416,1417,Nissan Altima,2005,424,31,5,no,3.9,670.1,15,B class
1417,1418,Kia Optima,2019,306,55,6,Spanish,4.6,794.29,56,A class
1418,1419,Toyota Camry,2022,718,62,4,Spanish,4.4,789.61,28,B class
1419,1420,Ford Fusion,2018,181,61,9,Arabic,4.95,1047.89,44,A class
1420,1421,Toyota Camry,2006,390,65,13,no,3.98,408.39,17,B class
1421,1422,Chevrolet Malibu,2020,471,63,2,French,3.94,545.8,20,B class
1422,1423,Ford Fusion,2021,139,42,14,no,4.7,452.13,41,A class
1423,1424,Toyota Camry,2009,460,39,5,no,4.49,953.57,36,A class
1424,1425,Kia Optima,2018,318,51,14,no,3.91,341.5,22,B class
1425,1426,Ford Fusion,2020,297,36,7,no,5.0,1001.2,37,A class
1426,1427,Chevrolet Malibu,2020,212,49,23,no,5.0,1226.58,64,A class
1427,1428,Ford Fusion,2007,204,67,7,no,4.32,642.92,27,B class
1428,1429,Hyundai Sonata,2015,129,30,10,no,4.72,953.76,33,A class
1429,1430,Nissan Altima,2016,857,57,4,Spanish,3.54,0.0,5,B class
1430,1431,Toyota Camry,2013,760,64,2,no,4.77,810.67,30,A class
1431,1432,Nissan Altima,2005,593,46,4,no,4.03,411.39,26,B class
1432,1433,Toyota Camry,2018,454,37,10,no,4.57,634.83,33,A class
1433,1434,Nissan Altima,2022,376,32,12,no,3.73,473.16,22,B class
1434,1435,Nissan Altima,2007,271,28,4,Spanish,4.6,515.23,51,B class
1435,1436,Kia Optima,2011,508,36,16,Arabic,4.27,638.26,26,B class
1436,1437,Hyundai Sonata,2017,233,56,17,Spanish,4.63,668.62,36,A class
1437,1438,Ford Fusion,2009,415,45,8,Spanish,5.0,1323.71,55,A class
1438,1439,Nissan Altima,2009,86,31,8,no,4.44,598.31,31,B class
1439,1440,Kia Optima,2009,183,46,23,Portuguese,5.0,1300.71,56,A class
1440,1441,Chevrolet Malibu,2021,685,59,17,no,4.42,601.75,27,B class
1441,1442,Kia Optima,2015,540,21,1,no,5.0,740.0,28,A class
1442,1443,Toyota Camry,2005,3,21,1,no,3.75,224.38,15,B class
1443,1444,Chevrolet Malibu,2016,301,66,10,no,4.59,693.38,23,B class
1444,1445,Nissan Altima,2007,470,56,1,French,3.95,593.89,17,B class
1445,1446,Honda Accord,2006,71,48,20,no,4.81,1035.1,55,A class
1446,1447,Chevrolet Malibu,2013,581,63,21,no,4.73,604.54,38,A class
1447,1448,Kia Optima,2021,617,48,11,no,3.56,290.56,19,B class
1448,1449,Ford Fusion,2008,261,45,17,Russian,4.38,507.31,24,B class
1449,1450,Hyundai Sonata,2012,57,30,5,French,4.25,544.42,10,B class
1450,1451,Chevrolet Malibu,2017,298,59,21,Portuguese,5.0,944.2,52,A class
1451,1452,Ford Fusion,2018,186,56,9,Arabic,4.86,667.38,38,A class
1452,1453,Hyundai Sonata,2005,681,34,6,Arabic,4.17,670.56,22,B class
1453,1454,Nissan Altima,2008,84,55,12,no,3.99,557.43,27,B class
1454,1455,Chevrolet Malibu,2021,624,55,6,no,4.84,964.21,34,A class
1455,1456,Chevrolet Malibu,2015,502,25,5,no,3.73,387.95,10,B class
1456,1457,Ford Fusion,2014,738,28,8,no,4.78,748.03,36,A class
1457,1458,Kia Optima,2006,39,48,10,Mandarin,4.69,831.02,20,A class
1458,1459,Ford Fusion,2011,708,50,19,no,4.39,593.36,32,B class
1459,1460,Honda Accord,2016,881,51,10,no,4.61,676.07,31,A class
1460,1461,Toyota Camry,2015,12,38,18,Spanish,4.65,762.51,28,A class
1461,1462,Nissan Altima,2006,156,60,6,no,4.51,638.58,36,A class
1462,1463,Chevrolet Malibu,2017,271,41,17,no,4.23,391.21,16,B class
1463,1464,Nissan Altima,2008,744,30,10,no,4.83,1033.94,29,A class
1464,1465,Hyundai Sonata,2011,631,26,6,Mandarin,4.8,1023.57,26,A class
1465,1466,Ford Fusion,2007,655,62,5,no,4.37,740.57,16,A class
1466,1467,Kia Optima,2015,685,54,4,no,4.75,944.87,19,A class
1467,1468,Chevrolet Malibu,2006,777,42,21,no,4.18,615.43,43,A class
1468,1469,Toyota Camry,2019,556,30,10,Mandarin,4.84,1193.95,37,A class
1469,1470,Ford Fusion,2008,870,25,5,no,4.49,592.09,22,B class
1470,1471,Nissan Altima,2009,126,28,8,no,3.86,640.71,22,B class
1471,1472,Hyundai Sonata,2013,161,25,5,Arabic,4.84,1086.38,38,A class
1472,1473,Nissan Altima,2022,548,45,16,Arabic,3.94,168.7,14,B class
1473,1474,Honda Accord,2011,27,30,10,no,4.42,904.26,27,A class
1474,1475,Hyundai Sonata,2005,130,27,6,no,4.37,521.0,25,B class
1475,1476,Ford Fusion,2021,846,34,0,no,3.98,433.26,28,B class
1476,1477,Kia Optima,2018,375,53,1,Mandarin,4.55,740.39,23,B class
1477,1478,Toyota Camry,2009,867,44,8,no,3.84,375.81,27,B class
1478,1479,Nissan Altima,2017,814,28,8,Portuguese,4.66,858.72,24,A class
1479,1480,Hyundai Sonata,2008,544,56,11,French,4.49,605.2,32,A class
1480,1481,Hyundai Sonata,2007,423,44,15,Spanish,4.21,617.44,21,B class
1481,1482,Hyundai Sonata,2020,639,29,9,no,4.92,1114.04,47,A class
1482,1483,Ford Fusion,2014,204,53,6,Arabic,4.48,764.03,48,A class
1483,1484,Nissan Altima,2015,686,67,18,Mandarin,4.92,847.4,32,A class
1484,1485,Nissan Altima,2011,444,46,18,French,5.0,1128.42,37,A class
1485,1486,Ford Fusion,2008,65,28,8,no,4.94,792.06,34,A class
1486,1487,Kia Optima,2008,404,35,15,Mandarin,4.76,758.89,26,A class
1487,1488,Nissan Altima,2017,576,49,9,French,4.27,574.18,29,B class
1488,1489,Chevrolet Malibu,2022,53,67,17,Portuguese,3.99,525.09,36,B class
1489,1490,Hyundai Sonata,2022,538,64,8,Spanish,4.55,779.97,33,A class
1490,1491,Nissan Altima,2021,808,64,21,no,4.88,1043.63,51,A class
1491,1492,Toyota Camry,2020,471,60,15,no,4.75,773.66,33,A class
1492,1493,Honda Accord,2012,566,48,20,Mandarin,3.37,0.0,1,B class
1493,1494,Honda Accord,2013,350,51,7,Portuguese,4.79,1049.19,46,A class
1494,1495,Honda Accord,2016,251,55,0,Spanish,4.47,754.19,37,A class
1495,1496,Hyundai Sonata,2014,444,54,3,no,4.37,603.82,21,B class
1496,1497,Ford Fusion,2012,396,51,13,no,4.7,889.79,29,A class
1497,1498,Chevrolet Malibu,2017,746,27,7,Spanish,4.49,884.91,29,A class
1498,1499,Chevrolet Malibu,2009,280,62,15,Arabic,4.52,508.53,14,B class
1499,1500,Honda Accord,2019,851,21,1,no,4.86,1012.61,38,A class
1500,1501,Nissan Altima,2006,369,41,11,no,4.12,559.15,25,B class
1501,1502,Nissan Altima,2006,812,41,21,Portuguese,4.62,877.96,39,A class
1502,1503,Ford Fusion,2013,125,67,23,no,4.47,736.17,46,A class
1503,1504,Nissan Altima,2009,550,25,5,no,4.02,399.19,15,B class
1504,1505,Chevrolet Malibu,2012,824,43,21,no,4.74,1144.09,37,A class
1505,1506,Nissan Altima,2014,88,37,0,no,4.93,769.29,54,A class
1506,1507,Kia Optima,2013,761,25,5,no,4.78,1013.25,42,A class
1507,1508,Toyota Camry,2010,308,31,10,Spanish,5.0,898.14,26,A class
1508,1509,Chevrolet Malibu,2021,499,40,7,Spanish,3.8,298.59,20,B class
1509,1510,Chevrolet Malibu,2008,92,64,23,Spanish,3.92,513.11,24,B class
1510,1511,Honda Accord,2014,88,39,16,Spanish,4.32,713.93,46,A class
1511,1512,Kia Optima,2016,867,62,3,no,4.07,663.51,16,B class
1512,1513,Honda Accord,2006,601,55,3,no,4.1,548.24,27,B class
1513,1514,Kia Optima,2006,704,59,2,no,4.95,1353.69,35,A class
1514,1515,Hyundai Sonata,2014,128,61,7,no,4.51,797.99,27,B class
1515,1516,Toyota Camry,2013,658,54,1,Mandarin,4.55,820.84,28,A class
1516,1517,Kia Optima,2008,592,55,6,no,4.84,926.0,38,A class
1517,1518,Chevrolet Malibu,2014,500,28,8,Spanish,4.46,918.64,24,A class
1518,1519,Toyota Camry,2018,263,54,21,no,5.0,1192.18,74,A class
1519,1520,Kia Optima,2021,232,23,3,no,3.92,390.99,16,B class
1520,1521,Toyota Camry,2021,826,55,12,no,4.43,317.01,18,B class
1521,1522,Chevrolet Malibu,2015,338,51,17,no,3.92,571.83,22,B class
1522,1523,Toyota Camry,2008,408,56,23,Spanish,5.0,1230.37,35,A class
1523,1524,Honda Accord,2018,535,51,1,French,4.62,696.59,33,A class
1524,1525,Nissan Altima,2018,82,38,18,no,4.42,771.3,52,B class
1525,1526,Toyota Camry,2006,65,38,18,Spanish,4.24,475.48,15,B class
1526,1527,Ford Fusion,2019,466,49,9,French,4.93,955.98,46,A class
1527,1528,Hyundai Sonata,2009,73,43,11,no,4.5,766.52,38,A class
1528,1529,Chevrolet Malibu,2018,161,37,10,no,5.0,1167.6,62,A class
1529,1530,Nissan Altima,2020,82,43,3,no,4.31,503.58,35,B class
1530,1531,Nissan Altima,2009,167,46,5,no,4.83,780.49,39,A class
1531,1532,Chevrolet Malibu,2020,401,32,7,Arabic,4.57,838.23,44,A class
1532,1533,Chevrolet Malibu,2014,668,50,0,no,4.08,530.91,22,B class
1533,1534,Hyundai Sonata,2019,553,35,12,no,4.35,720.14,37,B class
1534,1535,Kia Optima,2018,841,33,11,Mandarin,4.14,536.43,14,B class
1535,1536,Nissan Altima,2020,176,40,8,no,4.47,694.94,28,A class
1536,1537,Chevrolet Malibu,2007,10,25,4,Spanish,4.68,1029.41,53,A class
1537,1538,Nissan Altima,2005,310,49,24,no,4.9,962.9,22,A class
1538,1539,Honda Accord,2008,328,55,16,no,4.75,822.98,38,A class
1539,1540,Ford Fusion,2016,536,65,11,no,4.42,806.11,23,B class
1540,1541,Kia Optima,2016,501,34,14,no,5.0,958.17,45,A class
1541,1542,Chevrolet Malibu,2013,724,46,9,no,4.72,894.14,32,A class
1542,1543,Honda Accord,2018,146,44,5,Mandarin,5.0,884.74,37,A class
1543,1544,Chevrolet Malibu,2013,504,55,16,Spanish,5.0,1360.19,32,A class
1544,1545,Nissan Altima,2015,590,50,19,Mandarin,4.9,1007.81,22,A class
1545,1546,Nissan Altima,2005,794,58,16,no,4.61,777.7,27,A class
1546,1547,Chevrolet Malibu,2018,673,60,14,Russian,4.91,958.19,44,A class
1547,1548,Ford Fusion,2017,233,26,0,no,3.79,347.81,21,B class
1548,1549,Honda Accord,2017,865,37,15,French,4.33,442.23,17,B class
1549,1550,Chevrolet Malibu,2015,896,51,15,Mandarin,3.95,460.51,29,B class
1550,1551,Nissan Altima,2013,453,46,10,Spanish,4.49,670.35,25,B class
1551,1552,Kia Optima,2008,657,43,6,no,4.21,383.79,18,B class
1552,1553,Toyota Camry,2009,891,29,9,Mandarin,4.01,408.12,20,B class
1553,1554,Hyundai Sonata,2009,158,47,9,Mandarin,4.46,720.18,27,A class
1554,1555,Chevrolet Malibu,2010,132,55,6,no,4.21,656.03,47,B class
1555,1556,Honda Accord,2012,543,22,2,French,4.75,896.99,29,A class
1556,1557,Chevrolet Malibu,2008,569,48,12,no,5.0,1078.81,47,A class
1557,1558,Honda Accord,2011,422,63,13,no,4.67,891.21,24,A class
1558,1559,Ford Fusion,2009,689,47,16,Spanish,4.08,649.32,26,B class
1559,1560,Ford Fusion,2014,611,65,9,French,4.84,1002.21,45,A class
1560,1561,Kia Optima,2007,48,37,3,no,4.2,681.21,27,B class
1561,1562,Nissan Altima,2021,37,21,1,no,4.34,530.06,31,B class
1562,1563,Honda Accord,2008,497,53,23,no,4.32,636.26,32,B class
1563,1564,Honda Accord,2012,464,31,11,no,4.35,332.8,15,B class
1564,1565,Honda Accord,2022,248,21,1,no,4.53,819.93,32,B class
1565,1566,Nissan Altima,2009,415,29,7,no,4.53,856.03,43,A class
1566,1567,Chevrolet Malibu,2018,724,64,18,French,4.81,1126.36,55,A class
1567,1568,Honda Accord,2008,172,57,22,no,5.0,1042.51,58,A class
1568,1569,Ford Fusion,2007,455,33,13,no,4.58,700.04,25,A class
1569,1570,Honda Accord,2021,132,49,13,no,4.47,823.04,26,A class
1570,1571,Honda Accord,2019,686,36,11,no,4.27,648.73,39,B class
1571,1572,Nissan Altima,2011,766,29,9,no,4.08,471.75,17,B class
1572,1573,Nissan Altima,2014,590,67,21,no,4.11,635.52,31,B class
1573,1574,Nissan Altima,2019,543,59,9,no,4.23,430.06,29,B class
1574,1575,Nissan Altima,2018,5,38,18,no,3.38,0.0,19,B class
1575,1576,Ford Fusion,2009,375,37,17,Spanish,4.37,557.28,35,B class
1576,1577,Kia Optima,2020,467,59,21,Arabic,5.0,970.18,66,A class
1577,1578,Hyundai Sonata,2013,92,42,1,no,4.73,522.45,33,A class
1578,1579,Kia Optima,2016,302,38,3,no,4.3,491.29,22,B class
1579,1580,Honda Accord,2014,285,39,7,no,4.47,785.54,29,A class
1580,1581,Nissan Altima,2014,203,42,19,no,3.7,534.18,12,B class
1581,1582,Chevrolet Malibu,2017,790,45,1,Spanish,4.5,819.17,22,A class
1582,1583,Kia Optima,2016,870,22,2,Spanish,4.82,1099.23,48,A class
1583,1584,Ford Fusion,2006,115,43,0,no,4.44,651.79,32,B class
1584,1585,Hyundai Sonata,2015,763,41,4,no,3.58,280.58,14,B class
1585,1586,Toyota Camry,2008,63,33,13,no,4.59,895.43,32,B class
1586,1587,Honda Accord,2013,384,37,17,no,5.0,834.89,40,A class
1587,1588,Honda Accord,2005,877,40,17,Portuguese,4.59,752.51,39,A class
1588,1589,Hyundai Sonata,2019,594,38,7,no,4.15,293.95,19,B class
1589,1590,Nissan Altima,2019,531,63,15,no,5.0,1327.11,63,A class
1590,1591,Hyundai Sonata,2013,870,45,19,no,4.09,332.11,7,B class
1591,1592,Toyota Camry,2019,166,44,13,no,4.16,723.97,44,B class
1592,1593,Nissan Altima,2021,388,33,13,no,4.35,527.13,24,B class
1593,1594,Kia Optima,2014,843,64,14,no,3.84,562.08,22,B class
1594,1595,Toyota Camry,2016,256,22,2,no,3.95,609.15,26,B class
1595,1596,Honda Accord,2007,798,46,15,no,4.58,1023.55,36,A class
1596,1597,Chevrolet Malibu,2013,100,28,8,Spanish,5.0,963.81,24,A class
1597,1598,Kia Optima,2016,363,57,20,no,4.52,710.66,37,B class
1598,1599,Nissan Altima,2014,897,38,12,no,4.09,368.58,28,B class
1599,1600,Hyundai Sonata,2009,228,34,14,Arabic,4.82,714.93,49,A class
1600,1601,Toyota Camry,2009,719,23,3,no,4.49,943.33,47,A class
1601,1602,Honda Accord,2022,225,58,18,Russian,4.69,707.23,33,A class
1602,1603,Kia Optima,2020,300,39,12,Portuguese,4.82,849.82,34,A class
1603,1604,Chevrolet Malibu,2010,794,33,7,no,4.3,685.16,22,B class
1604,1605,Hyundai Sonata,2018,310,60,22,no,4.45,907.79,27,A class
1605,1606,Honda Accord,2006,395,21,1,French,4.37,400.65,26,B class
1606,1607,Kia Optima,2021,605,43,1,no,4.8,949.0,13,A class
1607,1608,Toyota Camry,2009,558,28,0,no,5.0,1083.3,56,A class
1608,1609,Hyundai Sonata,2018,312,26,2,Spanish,4.59,613.73,19,A class
1609,1610,Ford Fusion,2011,183,22,2,no,4.29,581.66,43,B class
1610,1611,Ford Fusion,2011,38,29,3,Arabic,4.49,833.5,24,A class
1611,1612,Hyundai Sonata,2007,18,65,22,Mandarin,4.41,721.21,21,B class
1612,1613,Ford Fusion,2006,781,41,21,Arabic,4.88,924.54,48,A class
1613,1614,Kia Optima,2006,290,67,4,Mandarin,4.79,619.77,20,A class
1614,1615,Toyota Camry,2011,602,33,13,Spanish,4.4,498.07,40,B class
1615,1616,Nissan Altima,2018,378,56,3,no,4.6,908.62,40,A class
1616,1617,Toyota Camry,2011,301,25,5,Russian,4.49,516.85,46,B class
1617,1618,Chevrolet Malibu,2018,850,26,6,Portuguese,4.23,445.01,18,B class
1618,1619,Kia Optima,2017,136,21,1,French,4.6,1038.68,19,A class
1619,1620,Nissan Altima,2020,284,63,10,French,4.65,806.29,43,A class
1620,1621,Kia Optima,2022,780,52,20,Spanish,4.67,1065.36,42,A class
1621,1622,Chevrolet Malibu,2014,146,55,23,no,4.46,807.42,44,A class
1622,1623,Kia Optima,2019,251,64,3,Arabic,4.54,481.49,20,B class
1623,1624,Nissan Altima,2007,107,36,16,no,4.37,697.24,36,B class
1624,1625,Honda Accord,2019,217,54,7,no,4.37,612.7,23,B class
1625,1626,Kia Optima,2014,784,44,11,no,4.65,893.36,29,A class
1626,1627,Honda Accord,2019,131,46,2,Spanish,4.83,769.8,24,A class
1627,1628,Chevrolet Malibu,2022,756,52,24,Spanish,4.92,1284.47,40,A class
1628,1629,Ford Fusion,2015,369,43,19,no,4.61,648.75,23,A class
1629,1630,Honda Accord,2008,360,22,2,no,4.54,879.2,34,A class
1630,1631,Hyundai Sonata,2019,517,24,4,no,3.99,382.76,17,B class
1631,1632,Chevrolet Malibu,2014,476,44,21,no,5.0,1419.92,39,A class
1632,1633,Kia Optima,2019,98,47,3,no,4.69,852.54,39,A class
1633,1634,Hyundai Sonata,2007,560,55,6,Mandarin,4.19,321.21,25,B class
1634,1635,Hyundai Sonata,2014,86,47,0,no,4.54,614.68,40,B class
1635,1636,Kia Optima,2014,716,29,9,no,4.77,1006.01,41,A class
1636,1637,Chevrolet Malibu,2009,149,38,12,no,4.28,764.54,23,B class
1637,1638,Honda Accord,2010,72,41,0,no,3.69,113.34,10,B class
1638,1639,Chevrolet Malibu,2015,606,67,16,Arabic,4.03,466.09,11,B class
1639,1640,Kia Optima,2020,148,46,0,no,4.47,949.83,44,A class
1640,1641,Nissan Altima,2007,395,50,19,no,3.74,331.32,11,B class
1641,1642,Toyota Camry,2021,720,55,17,Mandarin,4.29,460.35,17,B class
1642,1643,Ford Fusion,2014,463,38,18,no,4.48,972.14,38,A class
1643,1644,Ford Fusion,2014,893,66,2,French,4.27,449.38,24,B class
1644,1645,Nissan Altima,2022,373,52,21,Russian,4.04,517.76,18,B class
1645,1646,Kia Optima,2018,492,60,13,Spanish,4.36,583.12,27,B class
1646,1647,Hyundai Sonata,2006,593,56,21,Portuguese,4.06,604.58,13,B class
1647,1648,Kia Optima,2015,790,50,17,no,4.59,953.15,25,A class
1648,1649,Chevrolet Malibu,2006,448,22,2,no,3.9,534.13,13,B class
1649,1650,Hyundai Sonata,2019,337,48,0,no,4.11,477.44,15,B class
1650,1651,Hyundai Sonata,2021,94,27,7,no,4.41,870.04,31,A class
1651,1652,Toyota Camry,2012,324,49,11,no,4.31,609.82,36,B class
1652,1653,Honda Accord,2011,645,53,21,no,4.57,664.93,18,B class
1653,1654,Ford Fusion,2020,417,46,17,no,3.81,395.97,14,B class
1654,1655,Honda Accord,2011,129,35,1,no,4.52,903.05,32,A class
1655,1656,Toyota Camry,2019,262,23,3,Spanish,4.34,675.42,20,B class
1656,1657,Chevrolet Malibu,2011,96,52,1,no,4.01,461.26,17,B class
1657,1658,Honda Accord,2010,142,53,7,no,4.01,585.38,18,B class
1658,1659,Nissan Altima,2011,667,43,5,no,4.73,812.43,20,B class
1659,1660,Nissan Altima,2012,731,54,24,Mandarin,4.73,843.9,26,A class
1660,1661,Honda Accord,2016,505,57,3,no,4.42,520.7,20,B class
1661,1662,Nissan Altima,2017,84,45,21,Mandarin,5.0,1290.26,65,A class
1662,1663,Hyundai Sonata,2009,832,23,3,no,4.16,589.84,18,A class
1663,1664,Honda Accord,2021,25,61,16,no,4.31,490.86,45,A class
1664,1665,Hyundai Sonata,2021,475,42,2,Russian,4.99,788.43,34,A class
1665,1666,Chevrolet Malibu,2009,510,52,9,no,4.5,682.4,35,B class
1666,1667,Chevrolet Malibu,2008,385,63,15,no,4.72,581.75,33,A class
1667,1668,Kia Optima,2007,728,38,17,no,4.88,1024.02,50,A class
1668,1669,Ford Fusion,2008,770,50,21,no,3.85,573.0,19,B class
1669,1670,Hyundai Sonata,2022,639,21,1,no,4.15,554.08,32,B class
1670,1671,Toyota Camry,2022,312,62,12,no,4.9,1184.95,38,A class
1671,1672,Nissan Altima,2018,102,23,3,no,4.48,739.35,32,A class
1672,1673,Kia Optima,2012,758,46,6,Portuguese,4.28,726.83,30,B class
1673,1674,Nissan Altima,2012,800,37,17,no,3.8,162.1,23,B class
1674,1675,Nissan Altima,2015,38,22,2,no,3.67,0.0,9,B class
1675,1676,Hyundai Sonata,2006,529,42,22,French,5.0,1290.17,66,A class
1676,1677,Ford Fusion,2022,321,64,10,no,4.56,956.46,25,A class
1677,1678,Hyundai Sonata,2009,318,28,8,Arabic,4.26,436.11,27,B class
1678,1679,Hyundai Sonata,2009,651,34,14,no,4.51,786.49,35,A class
1679,1680,Kia Optima,2007,18,29,9,Spanish,3.98,335.7,17,B class
1680,1681,Honda Accord,2016,162,26,5,Portuguese,4.22,506.9,13,B class
1681,1682,Ford Fusion,2014,637,31,11,no,4.37,488.77,13,B class
1682,1683,Hyundai Sonata,2006,478,47,5,French,4.08,295.97,9,B class
1683,1684,Nissan Altima,2019,5,57,19,Spanish,3.97,138.64,21,B class
1684,1685,Ford Fusion,2007,210,53,0,French,3.68,122.17,14,B class
1685,1686,Nissan Altima,2005,824,57,20,no,4.65,730.36,30,A class
1686,1687,Nissan Altima,2014,13,54,23,no,4.36,591.88,31,B class
1687,1688,Toyota Camry,2007,777,38,0,no,4.62,789.39,29,A class
1688,1689,Nissan Altima,2006,830,63,15,Russian,4.87,1013.57,44,A class
1689,1690,Hyundai Sonata,2018,311,29,1,no,4.26,501.15,19,B class
1690,1691,Kia Optima,2009,539,53,9,no,4.07,714.43,22,B class
1691,1692,Toyota Camry,2008,401,26,6,Arabic,4.59,786.68,32,A class
1692,1693,Chevrolet Malibu,2006,143,56,12,no,4.46,588.42,25,B class
1693,1694,Nissan Altima,2013,198,25,5,Spanish,4.72,912.04,30,A class
1694,1695,Ford Fusion,2010,547,31,11,no,4.96,1007.54,50,A class
1695,1696,Kia Optima,2010,425,39,9,Spanish,5.0,1034.42,34,A class
1696,1697,Honda Accord,2012,307,53,2,no,3.47,333.93,9,B class
1697,1698,Kia Optima,2007,371,23,3,no,4.45,660.2,12,B class
1698,1699,Hyundai Sonata,2021,867,33,7,no,4.36,616.37,33,B class
1699,1700,Honda Accord,2007,121,36,11,no,4.52,839.11,33,A class
1700,1701,Ford Fusion,2021,675,55,2,no,3.72,101.02,14,B class
1701,1702,Hyundai Sonata,2006,565,66,7,no,3.71,350.25,13,B class
1702,1703,Hyundai Sonata,2006,59,49,13,Mandarin,5.0,906.59,46,A class
1703,1704,Honda Accord,2017,863,44,22,no,4.47,705.02,21,B class
1704,1705,Ford Fusion,2022,246,36,8,no,4.03,681.86,14,B class
1705,1706,Honda Accord,2011,286,59,14,no,4.09,381.2,18,B class
1706,1707,Toyota Camry,2006,880,26,6,no,4.43,1076.24,24,A class
1707,1708,Nissan Altima,2009,644,27,7,Mandarin,4.14,557.12,40,B class
1708,1709,Ford Fusion,2020,197,30,7,no,4.39,609.4,41,A class
1709,1710,Ford Fusion,2008,429,33,1,Arabic,4.24,328.83,13,B class
1710,1711,Hyundai Sonata,2009,553,42,22,Spanish,4.12,678.27,23,B class
1711,1712,Nissan Altima,2014,101,65,2,French,4.86,1018.72,29,A class
1712,1713,Nissan Altima,2017,621,51,5,Mandarin,4.41,685.66,36,A class
1713,1714,Toyota Camry,2022,766,39,3,no,4.45,521.96,18,B class
1714,1715,Kia Optima,2006,698,30,10,Russian,4.3,635.99,29,B class
1715,1716,Nissan Altima,2021,52,51,9,French,4.94,1013.63,40,A class
1716,1717,Kia Optima,2015,309,32,12,Spanish,4.92,883.84,25,A class
1717,1718,Nissan Altima,2020,858,66,15,no,4.78,1164.13,33,A class
1718,1719,Chevrolet Malibu,2009,78,43,0,no,4.05,336.23,25,B class
1719,1720,Honda Accord,2006,117,46,7,Spanish,4.41,767.7,32,A class
1720,1721,Nissan Altima,2019,440,63,0,no,4.24,679.74,29,A class
1721,1722,Chevrolet Malibu,2022,324,35,1,Spanish,4.22,458.7,23,B class
1722,1723,Honda Accord,2018,230,43,11,no,4.27,780.24,31,B class
1723,1724,Chevrolet Malibu,2008,314,46,6,no,4.07,335.83,30,B class
1724,1725,Toyota Camry,2019,872,33,2,no,4.36,417.02,14,A class
1725,1726,Hyundai Sonata,2008,445,23,3,no,3.78,356.04,7,B class
1726,1727,Ford Fusion,2020,393,34,11,no,4.49,781.85,28,A class
1727,1728,Nissan Altima,2020,76,26,6,French,4.56,578.62,26,A class
1728,1729,Toyota Camry,2015,530,52,16,Spanish,4.43,488.61,36,A class
1729,1730,Toyota Camry,2021,424,21,1,Portuguese,4.53,970.17,22,A class
1730,1731,Kia Optima,2009,10,35,11,Mandarin,4.69,680.87,21,B class
1731,1732,Toyota Camry,2006,655,62,2,Mandarin,4.12,501.13,32,B class
1732,1733,Hyundai Sonata,2010,718,47,9,no,4.68,1042.45,33,A class
1733,1734,Honda Accord,2019,791,52,14,French,4.81,977.19,37,A class
1734,1735,Chevrolet Malibu,2009,329,52,0,Portuguese,4.17,733.71,24,B class
1735,1736,Kia Optima,2012,501,35,15,Mandarin,4.34,459.93,28,B class
1736,1737,Kia Optima,2009,260,50,12,no,4.37,492.86,20,B class
1737,1738,Nissan Altima,2013,137,31,11,Spanish,4.31,658.21,22,B class
1738,1739,Chevrolet Malibu,2018,318,50,6,no,4.81,1024.87,42,A class
1739,1740,Toyota Camry,2010,190,53,20,no,4.55,951.58,44,A class
1740,1741,Kia Optima,2021,12,62,9,Mandarin,4.45,499.92,24,A class
1741,1742,Kia Optima,2022,608,64,23,French,3.97,664.03,19,B class
1742,1743,Honda Accord,2017,668,22,2,no,4.8,894.49,44,A class
1743,1744,Ford Fusion,2018,648,35,15,no,4.57,676.79,40,B class
1744,1745,Nissan Altima,2017,860,46,5,Arabic,4.2,473.59,22,B class
1745,1746,Ford Fusion,2014,122,36,16,no,4.84,937.81,36,A class
1746,1747,Chevrolet Malibu,2010,583,50,4,no,4.64,618.53,40,A class
1747,1748,Nissan Altima,2008,752,61,0,Mandarin,3.28,47.09,4,B class
1748,1749,Chevrolet Malibu,2006,517,33,10,French,4.54,539.14,41,B class
1749,1750,Chevrolet Malibu,2015,286,62,20,no,4.49,668.57,27,A class
1750,1751,Honda Accord,2012,260,62,23,no,4.77,648.17,15,B class
1751,1752,Honda Accord,2015,465,63,21,no,4.55,714.97,31,A class
1752,1753,Ford Fusion,2011,762,24,4,no,3.84,137.21,8,B class
1753,1754,Nissan Altima,2006,578,34,14,Mandarin,3.48,0.0,13,B class
1754,1755,Nissan Altima,2016,443,26,6,French,4.4,693.33,24,B class
1755,1756,Honda Accord,2009,61,26,6,no,4.38,641.63,34,A class
1756,1757,Chevrolet Malibu,2007,92,23,3,no,3.38,0.0,5,B class
1757,1758,Nissan Altima,2006,572,41,19,no,4.3,328.74,30,B class
1758,1759,Chevrolet Malibu,2021,357,25,5,no,3.74,372.91,18,B class
1759,1760,Nissan Altima,2017,396,34,4,no,4.29,593.08,24,B class
1760,1761,Nissan Altima,2018,68,67,9,no,4.98,1036.87,32,A class
1761,1762,Nissan Altima,2009,481,62,15,French,4.05,632.0,22,A class
1762,1763,Honda Accord,2021,7,65,6,no,4.49,720.28,18,B class
1763,1764,Chevrolet Malibu,2019,437,22,2,Mandarin,4.59,476.46,21,A class
1764,1765,Hyundai Sonata,2006,404,52,8,no,4.57,558.58,23,B class
1765,1766,Honda Accord,2006,607,50,14,French,4.48,663.81,22,A class
1766,1767,Kia Optima,2012,710,27,7,Russian,4.93,867.39,50,A class
1767,1768,Hyundai Sonata,2018,823,63,16,no,4.75,1110.05,44,A class
1768,1769,Chevrolet Malibu,2013,127,40,3,no,4.06,642.79,19,A class
1769,1770,Chevrolet Malibu,2008,743,66,8,Mandarin,4.48,774.1,23,B class
1770,1771,Ford Fusion,2019,478,26,6,no,4.19,780.86,18,B class
1771,1772,Chevrolet Malibu,2009,608,51,5,no,4.85,915.25,40,A class
1772,1773,Honda Accord,2018,828,27,1,no,4.28,451.72,29,B class
1773,1774,Kia Optima,2014,157,65,8,Arabic,4.96,802.54,43,A class
1774,1775,Kia Optima,2015,788,49,16,no,4.06,564.68,28,B class
1775,1776,Kia Optima,2018,413,24,4,no,4.71,1139.24,59,A class
1776,1777,Toyota Camry,2015,616,31,3,no,4.43,789.16,39,A class
1777,1778,Chevrolet Malibu,2011,186,37,16,Spanish,3.91,673.54,13,B class
1778,1779,Toyota Camry,2006,551,21,1,no,4.4,1029.61,30,A class
1779,1780,Hyundai Sonata,2008,811,21,1,Arabic,3.92,597.02,13,B class
1780,1781,Nissan Altima,2017,401,64,14,Mandarin,4.3,600.68,27,A class
1781,1782,Kia Optima,2015,502,67,3,no,4.18,518.87,11,B class
1782,1783,Honda Accord,2021,49,46,8,no,4.42,787.99,18,B class
1783,1784,Honda Accord,2014,445,63,20,French,4.89,942.26,48,A class
1784,1785,Ford Fusion,2010,783,51,10,Mandarin,4.56,993.76,25,A class
1785,1786,Toyota Camry,2015,149,22,2,no,3.79,357.59,10,B class
1786,1787,Toyota Camry,2014,56,54,18,no,4.07,523.94,17,B class
1787,1788,Toyota Camry,2013,232,21,0,no,4.27,617.48,20,B class
1788,1789,Kia Optima,2007,657,59,23,no,4.65,846.45,44,A class
1789,1790,Ford Fusion,2005,69,38,8,no,3.92,529.92,19,B class
1790,1791,Kia Optima,2010,545,27,7,no,5.0,803.26,45,A class
1791,1792,Nissan Altima,2007,112,33,11,no,4.62,798.58,53,A class
1792,1793,Hyundai Sonata,2010,4,53,14,Arabic,4.34,439.79,25,B class
1793,1794,Honda Accord,2014,267,60,9,French,4.33,484.65,43,B class
1794,1795,Hyundai Sonata,2018,613,47,21,French,4.54,626.06,36,A class
1795,1796,Ford Fusion,2005,542,28,2,Spanish,4.38,694.61,23,B class
1796,1797,Nissan Altima,2006,886,63,22,Spanish,4.71,1177.36,61,A class
1797,1798,Toyota Camry,2018,135,58,5,no,4.62,916.83,32,A class
1798,1799,Chevrolet Malibu,2017,419,40,20,Mandarin,4.74,620.6,25,A class
1799,1800,Toyota Camry,2007,467,47,0,no,4.61,737.36,52,A class
1800,1801,Kia Optima,2022,427,66,0,no,4.87,619.39,38,A class
1801,1802,Ford Fusion,2008,591,38,2,Portuguese,4.65,641.34,24,B class
1802,1803,Kia Optima,2008,745,22,2,Arabic,4.56,812.47,57,A class
1803,1804,Ford Fusion,2010,103,27,6,no,4.53,889.37,23,A class
1804,1805,Toyota Camry,2022,536,49,14,Mandarin,4.53,889.41,42,A class
1805,1806,Toyota Camry,2015,64,67,20,no,4.17,711.68,22,B class
1806,1807,Ford Fusion,2009,509,55,0,no,4.0,482.07,19,B class
1807,1808,Honda Accord,2018,76,50,13,no,4.25,594.28,18,B class
1808,1809,Honda Accord,2020,722,36,16,no,4.08,654.97,17,B class
1809,1810,Hyundai Sonata,2015,486,41,10,Mandarin,4.0,483.7,13,B class
1810,1811,Ford Fusion,2016,366,22,2,no,4.81,699.01,32,A class
1811,1812,Chevrolet Malibu,2015,724,38,16,no,4.73,827.29,48,A class
1812,1813,Hyundai Sonata,2012,173,50,0,Russian,3.84,303.02,19,B class
1813,1814,Toyota Camry,2008,791,63,13,no,4.5,391.77,16,B class
1814,1815,Toyota Camry,2022,574,64,9,no,4.38,671.67,22,B class
1815,1816,Ford Fusion,2007,103,59,3,no,4.39,504.49,26,B class
1816,1817,Kia Optima,2014,542,22,2,no,3.93,414.56,15,B class
1817,1818,Hyundai Sonata,2017,889,59,5,no,3.85,150.88,18,B class
1818,1819,Honda Accord,2018,510,31,2,Spanish,4.65,674.18,47,A class
1819,1820,Honda Accord,2015,61,49,5,Arabic,3.89,276.5,22,B class
1820,1821,Honda Accord,2012,34,65,20,no,4.32,825.02,31,A class
1821,1822,Nissan Altima,2007,613,62,14,no,4.22,556.64,27,B class
1822,1823,Honda Accord,2022,781,52,20,no,4.51,575.88,44,A class
1823,1824,Chevrolet Malibu,2013,696,35,11,Arabic,4.62,804.92,43,A class
1824,1825,Chevrolet Malibu,2009,85,45,2,no,4.83,938.85,48,A class
1825,1826,Ford Fusion,2017,840,54,9,no,3.66,402.38,12,B class
1826,1827,Ford Fusion,2022,888,45,4,Russian,4.89,730.82,37,A class
1827,1828,Honda Accord,2019,590,40,13,Spanish,3.77,191.43,10,B class
1828,1829,Ford Fusion,2018,565,39,6,no,4.55,1242.56,57,A class
1829,1830,Nissan Altima,2021,791,49,24,no,4.04,280.26,22,B class
1830,1831,Nissan Altima,2011,64,22,2,no,5.0,1171.61,57,A class
1831,1832,Hyundai Sonata,2020,635,67,7,Russian,4.32,394.13,38,B class
1832,1833,Toyota Camry,2005,737,25,5,no,4.97,814.53,23,A class
1833,1834,Honda Accord,2021,254,67,13,no,5.0,979.48,32,A class
1834,1835,Hyundai Sonata,2008,769,22,2,Spanish,4.37,510.58,30,B class
1835,1836,Ford Fusion,2005,440,45,12,no,4.34,673.79,32,B class
1836,1837,Hyundai Sonata,2017,43,40,6,no,3.86,506.42,14,B class
1837,1838,Hyundai Sonata,2014,642,47,17,Arabic,4.5,760.26,33,A class
1838,1839,Toyota Camry,2013,633,41,14,no,4.43,721.07,13,B class
1839,1840,Nissan Altima,2008,629,63,18,Arabic,4.46,422.5,21,B class
1840,1841,Toyota Camry,2021,42,21,1,French,4.43,666.01,39,A class
1841,1842,Toyota Camry,2022,395,67,18,no,4.13,548.96,39,B class
1842,1843,Nissan Altima,2021,31,53,8,Mandarin,4.24,801.47,27,B class
1843,1844,Kia Optima,2014,348,57,5,French,4.35,569.1,24,A class
1844,1845,Honda Accord,2005,498,27,7,Spanish,4.36,555.59,30,B class
1845,1846,Nissan Altima,2013,463,24,4,Spanish,4.26,569.98,21,B class
1846,1847,Kia Optima,2008,752,39,7,no,4.88,1062.78,56,A class
1847,1848,Chevrolet Malibu,2006,490,36,16,no,4.8,802.75,45,B class
1848,1849,Kia Optima,2014,178,57,22,Mandarin,4.24,650.59,22,A class
1849,1850,Nissan Altima,2014,293,63,9,no,4.42,742.29,29,B class
1850,1851,Toyota Camry,2007,583,41,17,no,4.48,971.82,50,A class
1851,1852,Ford Fusion,2022,635,57,24,no,4.17,745.03,27,B class
1852,1853,Kia Optima,2010,143,23,0,no,4.47,754.22,29,A class
1853,1854,Kia Optima,2012,849,55,9,French,4.66,767.57,30,A class
1854,1855,Chevrolet Malibu,2017,169,25,5,French,3.74,215.55,17,B class
1855,1856,Hyundai Sonata,2018,1,52,12,French,5.0,931.86,52,A class
1856,1857,Toyota Camry,2016,14,38,18,no,4.96,1006.82,44,A class
1857,1858,Toyota Camry,2018,584,40,11,no,3.97,509.96,16,B class
1858,1859,Nissan Altima,2021,894,33,1,French,4.06,379.53,6,B class
1859,1860,Kia Optima,2012,528,39,10,no,4.53,787.9,28,A class
1860,1861,Ford Fusion,2005,588,62,10,Mandarin,4.02,210.81,24,B class
1861,1862,Ford Fusion,2015,130,59,21,Spanish,5.0,1049.91,46,A class
1862,1863,Toyota Camry,2014,537,36,3,no,4.14,756.11,31,B class
1863,1864,Kia Optima,2011,738,34,3,no,5.0,1096.07,52,A class
1864,1865,Ford Fusion,2019,887,44,3,Spanish,4.25,545.37,22,B class
1865,1866,Toyota Camry,2013,212,53,14,no,4.62,714.6,26,B class
1866,1867,Nissan Altima,2013,404,29,9,Arabic,4.95,927.33,39,A class
1867,1868,Nissan Altima,2008,730,55,15,Spanish,4.6,450.4,25,B class
1868,1869,Chevrolet Malibu,2014,97,65,20,no,4.54,846.72,49,A class
1869,1870,Kia Optima,2014,288,60,21,Mandarin,4.93,718.17,45,A class
1870,1871,Honda Accord,2020,695,46,15,no,4.44,537.6,25,B class
1871,1872,Chevrolet Malibu,2010,805,36,15,no,4.14,420.98,16,B class
1872,1873,Hyundai Sonata,2014,854,36,6,Russian,3.86,298.02,17,B class
1873,1874,Chevrolet Malibu,2017,128,55,24,Mandarin,4.65,1180.32,30,A class
1874,1875,Hyundai Sonata,2007,739,42,19,Spanish,4.66,1062.85,34,A class
1875,1876,Chevrolet Malibu,2011,332,26,6,French,4.68,1030.1,51,A class
1876,1877,Kia Optima,2006,8,52,24,no,4.71,587.07,27,A class
1877,1878,Honda Accord,2011,809,27,7,no,3.99,562.01,22,B class
1878,1879,Ford Fusion,2020,258,67,3,no,3.39,176.47,5,B class
1879,1880,Chevrolet Malibu,2018,158,40,20,no,5.0,1249.91,56,A class
1880,1881,Ford Fusion,2019,274,37,11,no,4.48,792.45,35,A class
1881,1882,Hyundai Sonata,2011,719,23,3,no,4.3,764.92,31,B class
1882,1883,Chevrolet Malibu,2008,359,28,8,Mandarin,4.51,675.24,30,A class
1883,1884,Toyota Camry,2005,691,65,6,no,4.03,341.57,14,B class
1884,1885,Nissan Altima,2016,398,46,8,Spanish,4.01,548.91,16,B class
1885,1886,Nissan Altima,2015,676,63,15,French,5.0,983.43,41,A class
1886,1887,Honda Accord,2009,683,65,9,Russian,4.54,804.83,30,A class
1887,1888,Chevrolet Malibu,2005,628,23,3,no,3.85,328.75,18,B class
1888,1889,Kia Optima,2019,397,38,5,Arabic,4.23,500.34,20,B class
1889,1890,Kia Optima,2011,601,60,16,French,4.54,516.18,31,B class
1890,1891,Kia Optima,2005,255,44,0,no,4.16,565.62,21,B class
1891,1892,Chevrolet Malibu,2007,494,44,2,no,5.0,897.19,45,A class
1892,1893,Chevrolet Malibu,2015,629,47,1,no,4.31,429.17,16,B class
1893,1894,Kia Optima,2005,255,53,18,Spanish,4.15,348.27,21,B class
1894,1895,Honda Accord,2019,129,65,0,Spanish,4.14,585.36,17,B class
1895,1896,Honda Accord,2017,37,62,10,no,4.13,745.8,18,A class
1896,1897,Nissan Altima,2022,64,50,3,Mandarin,3.81,414.85,17,B class
1897,1898,Honda Accord,2008,787,48,14,no,4.86,568.21,26,A class
1898,1899,Toyota Camry,2015,210,37,0,no,5.0,845.72,45,A class
1899,1900,Honda Accord,2009,357,26,0,Arabic,4.36,573.44,28,B class
1900,1901,Hyundai Sonata,2015,364,54,10,Russian,4.03,587.75,18,B class
1901,1902,Kia Optima,2018,450,21,1,French,4.22,491.13,17,B class
1902,1903,Nissan Altima,2010,277,53,2,no,3.81,238.56,18,B class
1903,1904,Hyundai Sonata,2018,886,44,12,no,4.47,560.36,31,B class
1904,1905,Honda Accord,2017,157,57,20,no,4.24,1007.33,36,A class
1905,1906,Toyota Camry,2005,472,65,15,no,4.62,347.71,20,B class
1906,1907,Hyundai Sonata,2011,485,46,18,no,5.0,1097.57,52,A class
1907,1908,Hyundai Sonata,2018,250,47,7,Arabic,4.67,866.41,33,A class
1908,1909,Nissan Altima,2021,888,43,23,Spanish,3.86,360.23,11,B class
1909,1910,Ford Fusion,2021,138,38,3,no,3.86,138.23,14,B class
1910,1911,Hyundai Sonata,2013,122,25,5,no,4.08,199.11,17,B class
1911,1912,Ford Fusion,2019,313,22,2,no,4.89,876.32,40,A class
1912,1913,Ford Fusion,2013,60,54,0,no,4.68,680.88,39,A class
1913,1914,Hyundai Sonata,2021,496,64,23,Mandarin,5.0,1343.52,55,A class
1914,1915,Hyundai Sonata,2014,599,23,3,no,4.4,893.81,24,B class
1915,1916,Nissan Altima,2008,834,36,5,French,4.44,613.82,29,B class
1916,1917,Hyundai Sonata,2013,23,49,1,no,3.93,163.58,18,B class
1917,1918,Honda Accord,2021,517,54,16,no,4.63,871.1,30,A class
1918,1919,Nissan Altima,2006,213,55,13,Russian,4.63,557.91,39,B class
1919,1920,Hyundai Sonata,2009,720,53,1,no,3.99,489.07,23,B class
1920,1921,Honda Accord,2010,593,24,4,no,4.79,906.91,50,A class
1921,1922,Nissan Altima,2018,257,32,12,Spanish,4.44,624.34,24,A class
1922,1923,Ford Fusion,2016,387,43,11,no,4.77,922.85,47,A class
1923,1924,Toyota Camry,2019,297,23,3,no,3.72,112.8,8,B class
1924,1925,Ford Fusion,2008,403,37,6,no,5.0,1146.74,61,A class
1925,1926,Toyota Camry,2019,127,39,11,no,4.26,712.87,34,B class
1926,1927,Honda Accord,2012,642,66,1,no,4.28,758.15,32,A class
1927,1928,Kia Optima,2014,49,35,9,no,4.63,865.02,38,A class
1928,1929,Toyota Camry,2005,557,66,5,French,4.24,288.71,24,B class
1929,1930,Hyundai Sonata,2007,383,53,2,Arabic,4.67,940.12,43,A class
1930,1931,Chevrolet Malibu,2011,796,53,3,no,4.72,729.16,33,A class
1931,1932,Nissan Altima,2021,252,59,8,no,4.21,630.78,20,B class
1932,1933,Chevrolet Malibu,2009,686,60,9,no,4.13,523.63,23,B class
1933,1934,Chevrolet Malibu,2007,43,31,8,no,4.22,595.32,27,B class
1934,1935,Kia Optima,2010,735,40,17,no,4.37,485.46,21,A class
1935,1936,Ford Fusion,2006,207,45,13,French,4.88,1286.27,38,A class
1936,1937,Chevrolet Malibu,2007,631,66,4,no,4.55,877.38,27,A class
1937,1938,Kia Optima,2014,564,22,2,no,4.4,701.28,16,B class
1938,1939,Chevrolet Malibu,2019,621,43,18,Spanish,4.81,1103.4,38,A class
1939,1940,Honda Accord,2008,128,31,11,French,3.88,282.23,12,B class
1940,1941,Toyota Camry,2018,438,30,1,no,4.04,633.52,17,B class
1941,1942,Kia Optima,2007,169,56,22,no,4.86,751.09,36,A class
1942,1943,Nissan Altima,2020,517,30,10,Russian,4.95,1032.89,43,A class
1943,1944,Hyundai Sonata,2007,247,58,11,no,4.5,640.94,21,A class
1944,1945,Kia Optima,2017,121,67,4,Spanish,5.0,919.75,43,A class
1945,1946,Kia Optima,2019,85,57,2,Spanish,4.58,848.79,30,A class
1946,1947,Toyota Camry,2022,161,28,7,no,3.89,386.68,41,B class
1947,1948,Nissan Altima,2015,72,27,5,no,4.21,641.72,24,B class
1948,1949,Chevrolet Malibu,2013,242,41,5,no,4.61,685.42,36,A class
1949,1950,Nissan Altima,2011,82,46,10,no,4.26,328.79,25,B class
1950,1951,Toyota Camry,2022,490,57,1,no,4.83,888.56,54,A class
1951,1952,Ford Fusion,2006,533,40,8,French,3.92,400.47,19,B class
1952,1953,Chevrolet Malibu,2017,718,28,8,Mandarin,4.25,857.68,39,A class
1953,1954,Honda Accord,2012,428,67,21,Portuguese,5.0,967.62,27,A class
1954,1955,Ford Fusion,2014,397,63,0,Russian,4.21,737.74,10,B class
1955,1956,Toyota Camry,2020,243,51,16,Mandarin,4.27,682.48,24,B class
1956,1957,Kia Optima,2019,427,53,24,no,4.42,675.19,54,A class
1957,1958,Kia Optima,2020,4,64,14,no,4.92,864.04,21,A class
1958,1959,Kia Optima,2020,348,43,9,Spanish,4.4,540.67,14,B class
1959,1960,Ford Fusion,2015,873,27,7,Spanish,3.91,502.59,32,B class
1960,1961,Chevrolet Malibu,2021,18,49,5,no,4.93,893.31,64,A class
1961,1962,Chevrolet Malibu,2012,739,42,9,Spanish,4.56,704.82,54,A class
1962,1963,Kia Optima,2008,553,58,23,no,4.8,974.56,44,A class
1963,1964,Hyundai Sonata,2015,9,57,15,no,4.68,921.39,28,A class
1964,1965,Toyota Camry,2012,764,43,10,French,5.0,1057.81,30,A class
1965,1966,Toyota Camry,2016,863,38,3,no,4.52,903.13,38,A class
1966,1967,Honda Accord,2006,382,40,20,no,4.37,383.26,24,B class
1967,1968,Ford Fusion,2018,256,50,4,Spanish,4.53,895.53,37,A class
1968,1969,Nissan Altima,2013,463,50,18,Spanish,4.44,692.41,15,B class
1969,1970,Toyota Camry,2022,757,45,7,no,4.26,741.81,17,B class
1970,1971,Toyota Camry,2019,818,45,6,Spanish,4.0,227.86,23,B class
1971,1972,Nissan Altima,2007,618,67,4,no,3.93,699.47,17,B class
1972,1973,Ford Fusion,2005,468,32,9,Spanish,4.51,924.6,39,A class
1973,1974,Nissan Altima,2012,689,29,9,no,4.46,623.01,33,B class
1974,1975,Ford Fusion,2016,542,58,10,Russian,3.88,411.94,26,B class
1975,1976,Nissan Altima,2013,591,64,0,French,3.88,167.72,9,B class
1976,1977,Toyota Camry,2012,685,49,6,no,4.89,942.71,65,A class
1977,1978,Hyundai Sonata,2020,780,39,4,no,4.46,607.79,33,A class
1978,1979,Kia Optima,2008,582,37,10,no,4.36,334.01,23,B class
1979,1980,Kia Optima,2018,803,42,22,Mandarin,4.86,1071.28,54,A class
1980,1981,Ford Fusion,2015,459,23,3,Spanish,4.87,954.17,80,A class
1981,1982,Hyundai Sonata,2008,158,45,24,Mandarin,4.95,945.77,36,A class
1982,1983,Honda Accord,2007,168,33,2,Arabic,3.67,85.33,4,B class
1983,1984,Chevrolet Malibu,2021,249,33,12,no,5.0,1305.6,63,A class
1984,1985,Honda Accord,2022,237,47,1,Spanish,3.79,286.2,22,B class
1985,1986,Nissan Altima,2014,348,66,12,no,4.15,747.45,33,B class
1986,1987,Ford Fusion,2022,531,30,10,Spanish,4.13,396.14,9,B class
1987,1988,Ford Fusion,2007,852,63,19,no,4.48,573.11,24,B class
1988,1989,Ford Fusion,2010,548,45,8,French,4.51,713.14,35,A class
1989,1990,Nissan Altima,2014,369,66,0,no,3.73,300.68,11,B class
1990,1991,Toyota Camry,2014,739,38,11,no,4.26,904.73,41,B class
1991,1992,Ford Fusion,2020,157,67,10,no,4.86,775.14,35,A class
1992,1993,Chevrolet Malibu,2015,723,52,15,Portuguese,3.84,302.76,20,B class
1993,1994,Toyota Camry,2008,153,52,2,no,3.69,375.63,11,B class
1994,1995,Ford Fusion,2005,730,47,15,no,4.41,796.8,13,B class
1995,1996,Nissan Altima,2015,181,42,10,no,4.23,826.4,18,B class
1996,1997,Kia Optima,2010,617,45,18,no,4.09,676.4,29,B class
1997,1998,Ford Fusion,2020,75,60,24,Arabic,4.11,697.46,18,B class
1998,1999,Nissan Altima,2007,159,58,5,Russian,4.64,979.43,38,A class
1999,2000,Toyota Camry,2019,455,22,2,French,4.57,952.93,33,A class
2000,2001,Nissan Altima,2011,839,53,3,French,4.02,524.1,19,B class
2001,2002,Chevrolet Malibu,2013,732,60,24,no,4.34,400.54,27,B class
2002,2003,Chevrolet Malibu,2014,814,55,12,no,4.42,708.22,32,A class
2003,2004,Nissan Altima,2014,725,44,18,Spanish,4.41,575.51,22,B class
2004,2005,Nissan Altima,2022,22,36,16,Spanish,4.43,765.93,28,A class
2005,2006,Honda Accord,2007,248,52,15,no,5.0,1017.4,51,A class
2006,2007,Nissan Altima,2006,60,52,9,Mandarin,4.59,867.31,31,A class
2007,2008,Ford Fusion,2014,409,38,18,no,4.01,360.98,31,B class
2008,2009,Kia Optima,2010,283,40,11,no,4.51,854.75,43,A class
2009,2010,Nissan Altima,2010,736,38,16,no,4.44,704.49,25,B class
2010,2011,Hyundai Sonata,2015,354,23,3,French,4.42,516.86,45,B class
2011,2012,Kia Optima,2018,735,22,2,Mandarin,4.7,621.58,59,A class
2012,2013,Hyundai Sonata,2005,593,24,2,no,4.36,561.07,53,A class
2013,2014,Hyundai Sonata,2012,299,40,7,French,4.5,745.28,24,A class
2014,2015,Ford Fusion,2017,346,44,23,French,4.26,763.86,47,A class
2015,2016,Kia Optima,2019,337,40,13,no,5.0,1040.69,45,A class
2016,2017,Honda Accord,2013,719,65,15,French,5.0,770.99,39,A class
2017,2018,Nissan Altima,2015,480,31,6,no,4.44,874.91,40,A class
2018,2019,Chevrolet Malibu,2009,187,39,17,no,4.28,720.22,47,A class
2019,2020,Nissan Altima,2006,149,32,12,no,4.11,372.29,20,B class
2020,2021,Honda Accord,2014,291,35,5,no,4.96,765.34,41,A class
2021,2022,Nissan Altima,2006,116,48,3,no,4.43,622.92,37,B class
2022,2023,Toyota Camry,2022,550,35,9,no,3.91,588.82,17,B class
2023,2024,Hyundai Sonata,2022,337,35,14,no,4.11,599.31,20,B class
2024,2025,Nissan Altima,2009,535,52,7,Spanish,4.1,324.02,24,B class
2025,2026,Nissan Altima,2006,28,60,6,Spanish,4.61,898.24,52,A class
2026,2027,Ford Fusion,2017,527,30,6,no,4.62,915.33,50,A class
2027,2028,Honda Accord,2013,163,26,6,no,4.46,684.39,36,A class
2028,2029,Chevrolet Malibu,2018,531,32,12,no,4.34,678.0,40,B class
2029,2030,Nissan Altima,2014,356,48,12,French,4.51,523.37,54,B class
2030,2031,Nissan Altima,2011,825,66,11,Arabic,3.81,130.22,8,B class
2031,2032,Toyota Camry,2009,63,28,4,no,4.03,204.81,8,B class
2032,2033,Ford Fusion,2017,352,23,3,Mandarin,4.26,290.0,33,B class
2033,2034,Hyundai Sonata,2010,475,45,24,Spanish,4.27,736.69,29,B class
2034,2035,Hyundai Sonata,2011,775,67,18,Russian,4.61,870.95,30,A class
2035,2036,Chevrolet Malibu,2012,593,46,11,no,4.65,861.03,50,A class
2036,2037,Kia Optima,2021,203,64,7,no,4.43,653.41,38,B class
2037,2038,Toyota Camry,2021,672,51,8,Spanish,4.83,1036.51,35,A class
2038,2039,Nissan Altima,2006,853,22,0,no,4.28,339.62,15,B class
2039,2040,Toyota Camry,2013,485,41,0,no,4.14,531.15,19,B class
2040,2041,Chevrolet Malibu,2011,521,57,19,no,4.51,657.28,23,A class
2041,2042,Chevrolet Malibu,2012,768,44,21,no,4.87,1280.25,52,A class
2042,2043,Hyundai Sonata,2011,134,30,10,Mandarin,4.43,844.72,38,A class
2043,2044,Toyota Camry,2007,92,29,9,Mandarin,4.82,741.93,30,A class
2044,2045,Ford Fusion,2021,738,52,23,no,3.9,551.65,35,B class
2045,2046,Toyota Camry,2013,455,42,10,Arabic,4.1,649.78,28,B class
2046,2047,Toyota Camry,2008,846,47,6,no,4.65,715.05,55,A class
2047,2048,Toyota Camry,2014,623,38,6,Russian,3.7,189.28,17,B class
2048,2049,Kia Optima,2022,1,36,5,no,4.81,926.5,40,A class
2049,2050,Nissan Altima,2008,422,52,18,French,4.55,935.11,24,A class
2050,2051,Toyota Camry,2016,775,21,0,Arabic,4.03,441.67,15,B class
2051,2052,Nissan Altima,2022,73,41,21,French,4.37,576.73,28,B class
2052,2053,Honda Accord,2009,456,38,18,French,5.0,1113.55,67,A class
2053,2054,Kia Optima,2019,176,57,9,no,4.89,1095.78,37,A class
2054,2055,Hyundai Sonata,2014,43,55,17,Mandarin,4.5,545.72,28,A class
2055,2056,Honda Accord,2022,337,41,3,Spanish,4.38,631.13,38,A class
2056,2057,Honda Accord,2019,235,33,10,no,4.1,302.6,19,B class
2057,2058,Ford Fusion,2021,291,32,2,Russian,4.28,552.3,18,B class
2058,2059,Ford Fusion,2010,260,30,2,no,3.85,503.0,17,B class
2059,2060,Kia Optima,2009,41,33,0,no,4.17,623.06,33,B class
2060,2061,Honda Accord,2022,37,56,19,Arabic,5.0,1119.09,42,A class
2061,2062,Honda Accord,2017,518,23,3,no,4.23,733.64,24,B class
2062,2063,Kia Optima,2015,53,22,2,no,3.9,545.12,21,B class
2063,2064,Toyota Camry,2009,767,46,24,no,4.02,449.49,26,B class
2064,2065,Honda Accord,2020,406,31,11,Mandarin,4.7,763.62,45,A class
2065,2066,Kia Optima,2005,264,60,24,Arabic,4.2,569.7,28,B class
2066,2067,Honda Accord,2021,105,56,0,no,4.43,729.48,24,B class
2067,2068,Honda Accord,2012,77,57,19,Spanish,3.97,258.82,25,B class
2068,2069,Chevrolet Malibu,2007,555,42,18,Spanish,4.79,1119.16,37,A class
2069,2070,Nissan Altima,2011,240,41,4,Spanish,4.06,562.96,16,B class
2070,2071,Ford Fusion,2013,53,41,3,Spanish,4.41,519.11,19,B class
2071,2072,Ford Fusion,2005,144,30,10,Portuguese,4.46,529.89,23,B class
2072,2073,Ford Fusion,2020,419,47,22,no,5.0,1173.8,56,A class
2073,2074,Ford Fusion,2021,328,61,8,no,4.71,649.94,30,A class
2074,2075,Chevrolet Malibu,2013,176,33,1,Spanish,5.0,1132.96,45,A class
2075,2076,Hyundai Sonata,2008,211,23,3,no,4.27,700.04,40,A class
2076,2077,Hyundai Sonata,2005,36,47,0,no,4.89,1096.57,74,A class
2077,2078,Nissan Altima,2011,357,39,17,no,4.46,667.26,18,B class
2078,2079,Ford Fusion,2015,21,58,9,no,4.52,1025.88,27,A class
2079,2080,Kia Optima,2008,472,61,1,Portuguese,4.75,980.02,41,A class
2080,2081,Nissan Altima,2006,464,65,24,no,4.55,795.56,45,A class
2081,2082,Chevrolet Malibu,2018,628,39,19,Spanish,4.45,1125.6,42,A class
2082,2083,Chevrolet Malibu,2012,37,63,22,Mandarin,4.72,837.9,35,A class
2083,2084,Nissan Altima,2013,845,26,6,no,4.22,650.29,25,B class
2084,2085,Ford Fusion,2011,716,38,0,no,4.84,927.88,38,A class
2085,2086,Chevrolet Malibu,2012,877,33,13,no,4.67,839.21,31,A class
2086,2087,Honda Accord,2010,492,64,19,no,4.13,378.45,17,B class
2087,2088,Hyundai Sonata,2021,793,49,19,no,4.34,556.76,37,B class
2088,2089,Ford Fusion,2019,263,38,6,Spanish,4.08,639.14,25,B class
2089,2090,Ford Fusion,2014,781,28,8,no,4.76,882.82,32,A class
2090,2091,Chevrolet Malibu,2011,335,57,23,no,4.21,752.42,18,B class
2091,2092,Honda Accord,2019,643,51,1,no,4.57,945.02,36,A class
2092,2093,Nissan Altima,2021,301,61,16,no,4.56,828.12,36,A class
2093,2094,Chevrolet Malibu,2006,46,41,19,no,4.13,747.53,19,B class
2094,2095,Nissan Altima,2018,714,28,8,Portuguese,5.0,1212.56,46,A class
2095,2096,Chevrolet Malibu,2007,117,36,14,no,4.17,361.08,13,B class
2096,2097,Kia Optima,2015,238,50,19,no,4.92,1064.84,32,A class
2097,2098,Nissan Altima,2017,556,32,12,Spanish,4.42,799.21,32,A class
2098,2099,Toyota Camry,2018,458,24,4,Mandarin,3.62,0.0,20,B class
2099,2100,Toyota Camry,2022,698,59,2,Spanish,4.98,1030.07,45,A class
2100,2101,Nissan Altima,2014,785,45,6,no,4.68,939.94,31,A class
2101,2102,Chevrolet Malibu,2018,724,39,7,Spanish,4.35,602.33,37,B class
2102,2103,Ford Fusion,2010,427,46,8,no,4.04,481.92,26,B class
2103,2104,Kia Optima,2009,568,55,9,French,3.88,341.99,19,B class
2104,2105,Ford Fusion,2021,220,21,1,no,5.0,898.36,52,A class
2105,2106,Kia Optima,2016,35,41,17,Mandarin,4.13,741.57,23,B class
2106,2107,Honda Accord,2015,793,32,2,Spanish,4.18,324.07,25,B class
2107,2108,Chevrolet Malibu,2015,302,25,5,Spanish,4.72,650.81,28,A class
2108,2109,Kia Optima,2011,238,22,2,no,3.82,415.82,16,B class
2109,2110,Kia Optima,2011,371,41,21,Spanish,3.94,673.1,19,B class
2110,2111,Honda Accord,2010,75,46,0,Mandarin,4.71,884.66,52,A class
2111,2112,Honda Accord,2006,295,44,7,no,4.46,840.65,27,A class
2112,2113,Kia Optima,2014,654,57,22,no,4.4,521.6,19,B class
2113,2114,Honda Accord,2013,575,42,12,no,4.27,673.52,23,A class
2114,2115,Toyota Camry,2021,546,48,14,no,4.41,750.43,23,B class
2115,2116,Chevrolet Malibu,2007,142,59,0,Mandarin,4.48,538.1,24,B class
2116,2117,Ford Fusion,2022,392,51,19,no,4.41,438.0,43,B class
2117,2118,Chevrolet Malibu,2013,849,63,6,Mandarin,4.16,554.38,19,B class
2118,2119,Ford Fusion,2009,94,31,11,Mandarin,4.1,583.5,17,B class
2119,2120,Honda Accord,2011,530,57,9,Spanish,4.25,610.42,25,B class
2120,2121,Hyundai Sonata,2015,854,53,4,Spanish,5.0,723.68,25,A class
2121,2122,Toyota Camry,2006,268,48,14,Spanish,4.78,588.9,53,A class
2122,2123,Toyota Camry,2018,470,21,1,no,4.05,512.03,17,B class
2123,2124,Ford Fusion,2018,120,46,11,no,3.96,279.88,11,B class
2124,2125,Toyota Camry,2018,596,61,23,French,4.46,677.0,22,A class
2125,2126,Chevrolet Malibu,2009,170,51,9,Russian,5.0,904.58,45,A class
2126,2127,Kia Optima,2022,167,21,1,no,3.93,503.25,20,B class
2127,2128,Kia Optima,2013,679,34,14,Portuguese,4.5,731.97,34,A class
2128,2129,Honda Accord,2012,308,47,4,Russian,4.5,716.14,27,A class
2129,2130,Chevrolet Malibu,2020,523,59,20,no,4.52,744.51,42,A class
2130,2131,Ford Fusion,2006,306,41,5,Mandarin,4.33,317.97,23,B class
2131,2132,Toyota Camry,2014,802,61,6,Spanish,4.69,808.5,41,A class
2132,2133,Nissan Altima,2006,450,58,0,no,4.32,645.77,28,A class
2133,2134,Ford Fusion,2010,336,33,8,no,4.67,749.03,31,A class
2134,2135,Nissan Altima,2007,50,30,10,no,4.61,763.08,26,A class
2135,2136,Chevrolet Malibu,2009,831,63,17,French,4.77,971.41,48,A class
2136,2137,Kia Optima,2016,62,48,22,no,5.0,1214.54,56,A class
2137,2138,Chevrolet Malibu,2012,261,60,19,French,5.0,873.61,52,A class
2138,2139,Toyota Camry,2008,148,64,8,Spanish,5.0,1196.2,60,A class
2139,2140,Toyota Camry,2006,289,40,20,Mandarin,5.0,1118.2,80,A class
2140,2141,Honda Accord,2021,291,23,3,no,3.9,361.63,17,B class
2141,2142,Ford Fusion,2009,404,63,5,no,4.47,796.27,41,A class
2142,2143,Chevrolet Malibu,2010,555,48,8,no,4.59,865.08,36,A class
2143,2144,Toyota Camry,2017,619,26,6,no,5.0,1063.41,47,A class
2144,2145,Honda Accord,2008,295,45,5,no,3.98,501.13,15,B class
2145,2146,Hyundai Sonata,2014,527,22,2,no,4.43,747.31,16,A class
2146,2147,Nissan Altima,2006,255,34,6,no,4.08,452.34,22,B class
2147,2148,Kia Optima,2007,181,37,9,Spanish,4.7,664.43,30,A class
2148,2149,Nissan Altima,2022,535,42,15,no,4.18,681.42,40,B class
2149,2150,Honda Accord,2007,230,47,10,no,4.92,783.48,35,A class
2150,2151,Ford Fusion,2021,406,60,10,Arabic,3.97,269.59,21,B class
2151,2152,Toyota Camry,2010,263,37,17,no,4.91,956.56,37,A class
2152,2153,Toyota Camry,2015,134,55,10,Portuguese,4.44,896.48,25,A class
2153,2154,Honda Accord,2018,588,65,2,Spanish,4.51,600.47,33,A class
2154,2155,Ford Fusion,2020,659,56,18,no,5.0,1060.53,59,A class
2155,2156,Ford Fusion,2006,891,32,12,Portuguese,4.47,536.36,15,B class
2156,2157,Kia Optima,2014,487,52,5,Arabic,4.49,539.86,24,A class
2157,2158,Hyundai Sonata,2019,186,34,14,Spanish,4.77,988.0,21,A class
2158,2159,Ford Fusion,2015,670,43,9,no,4.24,649.1,18,A class
2159,2160,Toyota Camry,2017,789,50,3,no,5.0,1005.58,36,A class
2160,2161,Kia Optima,2015,739,34,4,no,4.38,505.22,28,B class
2161,2162,Ford Fusion,2014,654,21,1,Mandarin,4.01,468.24,28,B class
2162,2163,Ford Fusion,2014,721,60,5,no,5.0,961.17,47,A class
2163,2164,Honda Accord,2019,38,55,11,no,4.59,777.48,26,B class
2164,2165,Kia Optima,2020,4,26,6,no,3.49,136.61,11,B class
2165,2166,Chevrolet Malibu,2011,671,38,18,no,4.26,371.19,19,B class
2166,2167,Ford Fusion,2022,48,33,12,no,4.1,471.16,18,B class
2167,2168,Ford Fusion,2010,775,66,22,no,3.97,336.34,22,B class
2168,2169,Toyota Camry,2008,34,65,7,Arabic,4.53,572.58,22,B class
2169,2170,Kia Optima,2022,752,53,21,no,4.69,790.31,24,A class
2170,2171,Kia Optima,2005,425,41,6,no,4.82,915.72,46,A class
2171,2172,Ford Fusion,2015,872,23,1,no,4.87,739.45,29,A class
2172,2173,Nissan Altima,2017,43,32,12,no,4.77,638.97,37,A class
2173,2174,Ford Fusion,2020,685,25,5,Spanish,4.04,269.32,4,B class
2174,2175,Honda Accord,2016,849,58,23,no,4.77,862.43,46,A class
2175,2176,Toyota Camry,2005,295,25,5,Portuguese,5.0,841.95,46,A class
2176,2177,Ford Fusion,2017,435,52,2,Russian,4.39,765.31,32,A class
2177,2178,Kia Optima,2013,731,65,15,French,4.6,609.11,39,A class
2178,2179,Honda Accord,2010,725,35,15,French,4.03,400.11,31,B class
2179,2180,Honda Accord,2020,290,53,15,no,4.88,910.21,47,A class
2180,2181,Hyundai Sonata,2019,419,62,0,Spanish,4.95,1020.02,57,A class
2181,2182,Nissan Altima,2012,283,41,1,no,4.23,725.53,46,A class
2182,2183,Toyota Camry,2021,285,42,16,French,4.49,568.66,30,B class
2183,2184,Toyota Camry,2022,404,30,10,no,4.29,550.26,39,B class
2184,2185,Honda Accord,2008,641,41,4,no,4.5,683.25,17,B class
2185,2186,Kia Optima,2009,352,62,1,no,4.23,488.9,25,B class
2186,2187,Ford Fusion,2010,652,52,10,Spanish,4.87,1011.85,22,A class
2187,2188,Hyundai Sonata,2006,166,30,7,Spanish,4.62,701.67,47,A class
2188,2189,Honda Accord,2021,586,45,24,no,5.0,977.31,56,A class
2189,2190,Ford Fusion,2009,506,54,23,no,4.76,816.75,32,A class
2190,2191,Hyundai Sonata,2011,187,24,4,no,4.07,464.05,8,B class
2191,2192,Kia Optima,2019,345,56,23,French,4.58,624.27,38,B class
2192,2193,Chevrolet Malibu,2011,185,30,5,no,4.53,520.71,27,B class
2193,2194,Nissan Altima,2022,163,34,14,no,4.34,835.07,14,B class
2194,2195,Toyota Camry,2014,45,40,11,Spanish,5.0,1226.3,71,A class
2195,2196,Kia Optima,2008,581,44,11,Spanish,5.0,1262.37,39,A class
2196,2197,Honda Accord,2015,641,64,1,French,4.73,662.62,31,A class
2197,2198,Chevrolet Malibu,2015,563,31,4,Spanish,4.44,543.91,27,A class
2198,2199,Chevrolet Malibu,2017,460,33,4,Portuguese,3.59,385.97,15,B class
2199,2200,Chevrolet Malibu,2016,797,38,12,no,4.47,820.09,39,A class
2200,2201,Hyundai Sonata,2014,137,61,4,no,4.22,390.3,23,B class
2201,2202,Nissan Altima,2020,244,66,2,Russian,4.83,921.2,39,A class
2202,2203,Hyundai Sonata,2017,104,42,15,no,4.03,512.92,11,B class
2203,2204,Hyundai Sonata,2011,270,53,21,French,4.74,938.49,40,A class
2204,2205,Chevrolet Malibu,2009,7,64,1,no,3.98,541.23,23,B class
2205,2206,Chevrolet Malibu,2018,630,60,14,no,4.58,637.33,40,A class
2206,2207,Toyota Camry,2021,37,53,24,no,4.89,842.53,39,A class
2207,2208,Kia Optima,2013,859,46,10,Spanish,4.88,1037.7,39,A class
2208,2209,Nissan Altima,2021,251,67,4,French,4.53,614.52,23,B class
2209,2210,Honda Accord,2006,275,32,1,no,4.61,700.76,32,A class
2210,2211,Honda Accord,2013,858,38,18,no,4.01,463.47,28,B class
2211,2212,Honda Accord,2008,209,54,10,no,4.43,658.66,43,A class
2212,2213,Kia Optima,2014,251,21,1,no,4.39,932.1,40,A class
2213,2214,Nissan Altima,2019,381,44,21,no,4.74,630.5,38,A class
2214,2215,Ford Fusion,2020,306,61,20,Portuguese,4.51,724.03,29,B class
2215,2216,Honda Accord,2012,364,29,9,no,4.44,513.02,31,B class
2216,2217,Chevrolet Malibu,2013,674,58,2,no,4.75,811.41,38,A class
2217,2218,Chevrolet Malibu,2008,257,40,2,no,4.08,355.44,6,B class
2218,2219,Chevrolet Malibu,2017,586,61,5,no,3.79,398.76,21,B class
2219,2220,Toyota Camry,2005,383,50,3,no,4.53,717.69,37,A class
2220,2221,Ford Fusion,2005,465,28,8,Mandarin,4.07,535.87,27,B class
2221,2222,Kia Optima,2009,153,55,9,Spanish,3.88,304.16,11,B class
2222,2223,Hyundai Sonata,2021,688,23,3,French,5.0,1108.35,38,A class
2223,2224,Honda Accord,2013,192,32,2,no,4.1,374.29,22,B class
2224,2225,Honda Accord,2009,248,62,18,Spanish,4.57,692.81,37,A class
2225,2226,Honda Accord,2020,250,62,23,Arabic,4.35,571.15,21,B class
2226,2227,Honda Accord,2021,778,23,3,Arabic,4.13,538.36,18,B class
2227,2228,Toyota Camry,2016,854,38,16,Portuguese,4.24,467.04,44,B class
2228,2229,Kia Optima,2013,285,25,5,no,4.77,881.98,34,A class
2229,2230,Nissan Altima,2010,386,33,2,Russian,4.47,580.15,23,B class
2230,2231,Toyota Camry,2014,771,66,7,French,4.53,626.05,49,A class
2231,2232,Nissan Altima,2009,840,30,10,French,4.26,571.98,21,B class
2232,2233,Honda Accord,2008,612,51,21,Spanish,5.0,1207.34,41,A class
2233,2234,Nissan Altima,2017,83,58,9,Russian,3.9,203.08,11,B class
2234,2235,Nissan Altima,2016,460,62,2,no,3.66,373.86,21,B class
2235,2236,Hyundai Sonata,2012,421,37,6,Mandarin,4.85,730.26,59,A class
2236,2237,Kia Optima,2010,322,53,21,Mandarin,4.86,1065.04,32,A class
2237,2238,Chevrolet Malibu,2020,28,43,14,Mandarin,4.7,927.07,31,A class
2238,2239,Ford Fusion,2021,670,26,6,Mandarin,4.6,692.11,17,A class
2239,2240,Hyundai Sonata,2018,246,31,0,no,4.83,671.57,25,A class
2240,2241,Ford Fusion,2007,675,56,19,no,4.7,851.88,40,A class
2241,2242,Hyundai Sonata,2011,591,53,11,no,3.98,523.85,20,B class
2242,2243,Toyota Camry,2009,252,45,13,Mandarin,4.85,822.74,42,A class
2243,2244,Chevrolet Malibu,2005,144,57,21,Mandarin,4.76,722.94,28,A class
2244,2245,Ford Fusion,2005,356,53,14,French,5.0,1293.3,57,A class
2245,2246,Hyundai Sonata,2016,874,36,16,French,5.0,1241.47,45,A class
2246,2247,Nissan Altima,2021,541,34,13,Spanish,4.66,810.33,17,A class
2247,2248,Ford Fusion,2011,340,65,8,no,3.74,403.83,25,B class
2248,2249,Hyundai Sonata,2014,295,66,23,Spanish,5.0,1249.31,37,A class
2249,2250,Kia Optima,2015,507,22,2,Arabic,4.01,511.13,18,B class
2250,2251,Ford Fusion,2012,158,58,19,Spanish,4.52,582.39,29,A class
2251,2252,Chevrolet Malibu,2012,116,27,5,Arabic,4.28,567.41,13,B class
2252,2253,Toyota Camry,2014,529,61,16,Russian,4.44,589.28,19,B class
2253,2254,Kia Optima,2012,116,48,14,no,4.71,841.17,44,A class
2254,2255,Kia Optima,2021,618,53,2,Mandarin,4.25,792.48,44,A class
2255,2256,Ford Fusion,2013,2,53,6,no,4.5,537.7,27,A class
2256,2257,Hyundai Sonata,2014,268,49,22,no,4.18,403.85,22,B class
2257,2258,Hyundai Sonata,2021,39,32,12,no,4.39,559.09,30,B class
2258,2259,Chevrolet Malibu,2016,660,58,19,no,4.24,574.62,24,B class
2259,2260,Kia Optima,2008,332,47,4,no,4.21,682.46,31,B class
2260,2261,Kia Optima,2009,133,46,5,Spanish,4.3,835.63,21,B class
2261,2262,Chevrolet Malibu,2008,133,35,15,no,5.0,1070.38,48,A class
2262,2263,Ford Fusion,2019,745,21,1,no,4.36,649.19,20,B class
2263,2264,Toyota Camry,2016,194,47,22,no,3.83,362.79,25,B class
2264,2265,Hyundai Sonata,2014,435,37,17,no,5.0,1084.12,48,A class
2265,2266,Chevrolet Malibu,2005,156,51,8,Arabic,4.76,781.72,29,A class
2266,2267,Toyota Camry,2006,563,38,18,no,4.67,642.03,25,A class
2267,2268,Nissan Altima,2020,309,66,19,no,4.55,501.36,24,B class
2268,2269,Honda Accord,2017,583,53,3,Russian,4.29,308.69,20,B class
2269,2270,Nissan Altima,2006,415,42,2,French,4.88,1114.22,42,A class
2270,2271,Kia Optima,2021,857,54,3,Spanish,4.5,657.68,30,B class
2271,2272,Nissan Altima,2016,218,51,18,Mandarin,4.12,319.63,16,B class
2272,2273,Honda Accord,2018,99,50,3,no,4.66,771.68,49,A class
2273,2274,Kia Optima,2020,268,48,7,Mandarin,4.73,920.5,25,A class
2274,2275,Kia Optima,2018,269,64,10,no,4.56,590.83,28,A class
2275,2276,Chevrolet Malibu,2014,190,35,3,no,4.03,389.47,19,B class
2276,2277,Chevrolet Malibu,2011,309,41,8,no,4.31,533.24,20,B class
2277,2278,Chevrolet Malibu,2009,1,32,12,Mandarin,3.95,387.57,14,B class
2278,2279,Nissan Altima,2015,462,47,24,no,4.97,1118.28,54,A class
2279,2280,Nissan Altima,2018,663,67,11,no,4.12,650.18,30,B class
2280,2281,Nissan Altima,2010,479,49,18,no,3.92,258.18,18,B class
2281,2282,Hyundai Sonata,2019,179,30,10,Mandarin,4.93,748.31,28,A class
2282,2283,Kia Optima,2015,409,64,11,no,4.46,515.03,29,A class
2283,2284,Toyota Camry,2022,640,58,13,no,4.29,600.2,34,B class
2284,2285,Honda Accord,2009,899,41,21,no,4.25,350.34,14,B class
2285,2286,Chevrolet Malibu,2011,88,27,1,French,3.97,534.24,16,B class
2286,2287,Chevrolet Malibu,2005,73,39,12,no,4.86,907.22,22,A class
2287,2288,Kia Optima,2015,493,58,1,Portuguese,4.51,625.44,33,A class
2288,2289,Toyota Camry,2020,131,48,21,no,4.56,983.17,37,A class
2289,2290,Ford Fusion,2018,351,29,9,no,4.47,589.43,17,A class
2290,2291,Honda Accord,2018,531,28,1,no,4.54,588.97,36,A class
2291,2292,Hyundai Sonata,2005,782,66,15,no,4.43,376.44,29,B class
2292,2293,Kia Optima,2020,214,42,10,no,4.53,777.86,15,B class
2293,2294,Kia Optima,2019,684,53,1,no,4.77,1087.62,34,A class
2294,2295,Chevrolet Malibu,2016,214,37,17,Arabic,5.0,855.58,38,A class
2295,2296,Chevrolet Malibu,2012,836,25,5,no,4.04,266.25,20,B class
2296,2297,Honda Accord,2016,223,40,0,no,4.14,562.56,15,B class
2297,2298,Ford Fusion,2008,568,53,15,no,4.66,821.76,45,A class
2298,2299,Chevrolet Malibu,2011,213,36,9,no,5.0,1069.7,25,A class
2299,2300,Honda Accord,2007,134,49,16,no,4.9,1083.52,49,A class
2300,2301,Chevrolet Malibu,2012,125,41,4,no,4.12,500.24,29,B class
2301,2302,Hyundai Sonata,2013,682,36,16,no,5.0,870.79,57,A class
2302,2303,Hyundai Sonata,2012,41,32,10,no,4.32,702.02,15,A class
2303,2304,Chevrolet Malibu,2018,442,33,10,Portuguese,4.89,794.84,69,A class
2304,2305,Honda Accord,2008,212,33,13,Spanish,4.67,842.8,50,A class
2305,2306,Kia Optima,2009,460,54,13,Portuguese,3.89,232.32,13,B class
2306,2307,Nissan Altima,2018,501,36,0,no,4.8,672.45,51,A class
2307,2308,Toyota Camry,2006,773,55,14,Arabic,4.7,877.92,36,A class
2308,2309,Hyundai Sonata,2012,219,35,15,no,4.26,807.8,35,A class
2309,2310,Toyota Camry,2007,22,36,7,no,4.32,584.9,16,B class
2310,2311,Chevrolet Malibu,2020,617,64,4,French,3.88,328.33,10,B class
2311,2312,Toyota Camry,2021,40,62,1,no,4.65,754.3,27,A class
2312,2313,Kia Optima,2019,754,39,19,no,4.87,515.83,29,A class
2313,2314,Hyundai Sonata,2008,583,33,0,French,3.91,190.49,15,B class
2314,2315,Kia Optima,2017,141,54,14,Spanish,4.3,615.47,21,B class
2315,2316,Chevrolet Malibu,2019,64,24,4,no,4.64,693.82,22,B class
2316,2317,Nissan Altima,2020,463,42,8,no,4.33,501.72,30,B class
2317,2318,Kia Optima,2012,808,49,5,no,4.47,529.9,30,B class
2318,2319,Nissan Altima,2007,307,52,17,Russian,3.83,331.38,18,B class
2319,2320,Kia Optima,2013,815,26,6,no,5.0,897.22,26,A class
2320,2321,Honda Accord,2006,628,21,0,no,4.43,696.98,13,B class
2321,2322,Nissan Altima,2022,270,34,14,no,4.09,537.3,24,B class
2322,2323,Ford Fusion,2014,122,26,0,Arabic,3.4,25.45,9,B class
2323,2324,Ford Fusion,2006,409,44,9,Mandarin,4.82,912.82,21,A class
2324,2325,Nissan Altima,2011,113,64,7,no,4.82,802.12,31,A class
2325,2326,Nissan Altima,2018,588,34,14,Portuguese,4.41,822.71,31,A class
2326,2327,Kia Optima,2010,461,42,22,no,4.71,1133.51,51,A class
2327,2328,Hyundai Sonata,2020,754,31,11,Arabic,4.68,891.62,38,A class
2328,2329,Ford Fusion,2017,90,23,3,no,4.34,802.83,28,B class
2329,2330,Kia Optima,2019,360,54,0,no,4.21,404.86,26,B class
2330,2331,Honda Accord,2013,169,33,1,no,4.31,438.31,11,B class
2331,2332,Nissan Altima,2005,24,46,19,Russian,4.77,594.71,59,A class
2332,2333,Honda Accord,2013,667,53,10,Portuguese,4.96,1024.5,37,A class
2333,2334,Hyundai Sonata,2020,430,60,12,Spanish,4.48,767.26,23,A class
2334,2335,Honda Accord,2018,33,29,9,no,5.0,677.58,39,A class
2335,2336,Kia Optima,2019,158,48,8,no,4.26,757.49,34,A class
2336,2337,Chevrolet Malibu,2018,97,63,17,no,4.77,868.46,23,A class
2337,2338,Ford Fusion,2018,36,43,18,no,5.0,1313.59,45,A class
2338,2339,Hyundai Sonata,2012,645,22,2,no,4.83,833.29,55,A class
2339,2340,Hyundai Sonata,2019,837,33,13,Spanish,5.0,1180.87,59,A class
2340,2341,Ford Fusion,2007,657,58,4,Spanish,4.1,485.04,26,B class
2341,2342,Chevrolet Malibu,2005,9,58,7,Arabic,5.0,1232.4,65,A class
2342,2343,Honda Accord,2009,64,35,15,no,4.45,665.81,32,A class
2343,2344,Ford Fusion,2008,126,30,10,no,4.28,661.68,41,B class
2344,2345,Kia Optima,2014,534,34,1,no,3.78,264.67,12,B class
2345,2346,Ford Fusion,2010,676,32,12,no,4.65,726.5,38,A class
2346,2347,Ford Fusion,2010,268,55,14,Spanish,4.17,521.15,28,B class
2347,2348,Kia Optima,2022,738,60,15,French,4.76,971.79,35,A class
2348,2349,Ford Fusion,2022,112,23,3,no,3.82,348.27,24,B class
2349,2350,Honda Accord,2010,55,55,1,no,5.0,867.05,55,A class
2350,2351,Kia Optima,2015,503,56,18,Arabic,4.57,954.27,32,A class
2351,2352,Chevrolet Malibu,2016,811,49,6,no,5.0,1313.36,64,A class
2352,2353,Honda Accord,2006,449,61,3,no,3.93,549.39,22,B class
2353,2354,Toyota Camry,2008,220,22,2,Mandarin,4.87,1072.82,48,A class
2354,2355,Nissan Altima,2008,535,53,0,Spanish,3.65,0.0,15,B class
2355,2356,Ford Fusion,2019,592,26,6,no,4.32,609.08,28,A class
2356,2357,Hyundai Sonata,2018,554,63,14,French,4.46,516.29,17,B class
2357,2358,Hyundai Sonata,2017,371,44,12,Portuguese,4.14,619.03,16,B class
2358,2359,Ford Fusion,2016,413,25,0,no,4.27,688.96,24,B class
2359,2360,Kia Optima,2011,65,56,19,no,4.28,394.5,25,B class
2360,2361,Honda Accord,2015,218,56,0,Mandarin,3.85,624.93,16,B class
2361,2362,Ford Fusion,2014,547,42,6,Spanish,4.34,529.39,24,B class
2362,2363,Ford Fusion,2012,434,35,9,no,4.41,592.9,51,A class
2363,2364,Toyota Camry,2017,253,21,1,no,4.55,964.04,27,A class
2364,2365,Honda Accord,2014,435,63,10,Mandarin,4.4,874.89,33,A class
2365,2366,Kia Optima,2022,806,29,9,no,4.9,994.03,35,A class
2366,2367,Ford Fusion,2014,142,60,23,no,4.11,334.27,16,B class
2367,2368,Hyundai Sonata,2007,279,48,19,no,4.38,690.39,19,B class
2368,2369,Chevrolet Malibu,2017,447,53,0,no,4.49,632.39,40,A class
2369,2370,Toyota Camry,2010,258,53,19,Portuguese,4.64,738.23,33,A class
2370,2371,Toyota Camry,2005,644,61,5,Spanish,4.05,465.16,22,B class
2371,2372,Hyundai Sonata,2014,456,22,2,no,4.39,720.3,32,A class
2372,2373,Nissan Altima,2020,446,67,24,Arabic,4.43,800.85,36,B class
2373,2374,Chevrolet Malibu,2019,508,23,2,no,4.13,372.8,26,B class
2374,2375,Ford Fusion,2006,646,67,2,no,4.5,693.87,35,A class
2375,2376,Hyundai Sonata,2011,695,33,13,no,4.7,581.53,33,A class
2376,2377,Honda Accord,2018,486,60,3,Mandarin,4.05,662.27,15,B class
2377,2378,Kia Optima,2008,73,24,4,Mandarin,4.1,456.95,17,B class
2378,2379,Chevrolet Malibu,2017,571,42,13,French,4.13,620.49,22,B class
2379,2380,Honda Accord,2006,532,46,14,no,4.35,733.56,42,B class
2380,2381,Hyundai Sonata,2011,431,65,21,no,4.62,927.09,58,A class
2381,2382,Chevrolet Malibu,2021,162,26,5,no,4.53,690.36,30,A class
2382,2383,Toyota Camry,2006,315,22,2,Russian,4.75,800.25,33,A class
2383,2384,Chevrolet Malibu,2018,707,51,24,no,4.41,937.42,51,A class
2384,2385,Kia Optima,2021,801,23,0,Spanish,4.12,474.97,24,B class
2385,2386,Ford Fusion,2020,726,57,4,Mandarin,3.7,246.49,12,B class
2386,2387,Chevrolet Malibu,2018,832,22,2,no,3.93,414.83,23,B class
2387,2388,Hyundai Sonata,2012,757,66,8,no,3.95,315.26,22,B class
2388,2389,Hyundai Sonata,2013,722,46,3,no,4.13,446.01,17,B class
2389,2390,Nissan Altima,2013,735,65,4,Spanish,5.0,953.18,31,A class
2390,2391,Chevrolet Malibu,2022,87,26,6,Russian,4.79,902.7,46,A class
2391,2392,Honda Accord,2009,638,33,11,no,4.87,1273.41,60,A class
2392,2393,Toyota Camry,2008,643,42,8,Russian,4.21,472.51,9,B class
2393,2394,Ford Fusion,2008,484,22,2,no,4.85,909.52,41,A class
2394,2395,Toyota Camry,2006,170,25,5,no,4.74,849.0,41,A class
2395,2396,Toyota Camry,2008,820,36,12,Arabic,4.45,612.41,39,B class
2396,2397,Nissan Altima,2020,13,55,11,Arabic,4.77,1045.69,25,A class
2397,2398,Chevrolet Malibu,2021,671,54,23,no,4.88,1057.83,43,A class
2398,2399,Nissan Altima,2008,350,25,0,Spanish,4.09,549.77,32,B class
2399,2400,Honda Accord,2012,33,23,3,Arabic,4.03,502.06,36,B class
2400,2401,Honda Accord,2013,381,51,18,Mandarin,4.22,421.96,42,B class
2401,2402,Hyundai Sonata,2005,273,37,12,Spanish,3.63,93.34,13,B class
2402,2403,Ford Fusion,2010,37,58,21,no,4.47,845.21,44,A class
2403,2404,Hyundai Sonata,2009,485,35,15,no,4.11,491.58,12,B class
2404,2405,Kia Optima,2019,466,38,8,Spanish,4.15,334.24,37,B class
2405,2406,Ford Fusion,2010,47,31,11,no,4.63,663.7,25,A class
2406,2407,Kia Optima,2022,735,33,6,no,3.88,398.25,21,B class
2407,2408,Toyota Camry,2013,835,54,5,no,4.76,800.59,31,A class
2408,2409,Chevrolet Malibu,2012,381,43,23,no,4.61,782.93,59,A class
2409,2410,Honda Accord,2012,608,51,0,no,4.0,474.95,18,B class
2410,2411,Ford Fusion,2010,237,24,4,no,4.24,877.18,36,B class
2411,2412,Chevrolet Malibu,2008,229,46,15,no,3.95,583.51,18,B class
2412,2413,Nissan Altima,2005,163,42,10,no,4.36,1007.31,39,A class
2413,2414,Toyota Camry,2012,817,63,21,Arabic,4.56,602.57,37,A class
2414,2415,Honda Accord,2015,521,40,6,Spanish,4.67,712.07,25,A class
2415,2416,Nissan Altima,2006,448,25,5,no,4.65,666.04,32,A class
2416,2417,Honda Accord,2011,54,53,3,no,4.19,543.73,31,B class
2417,2418,Toyota Camry,2010,625,28,5,no,3.84,425.98,11,B class
2418,2419,Nissan Altima,2017,584,63,4,Spanish,4.95,909.18,31,A class
2419,2420,Hyundai Sonata,2013,734,39,18,Spanish,4.62,798.62,46,A class
2420,2421,Ford Fusion,2012,700,57,5,Spanish,4.07,468.9,17,B class
2421,2422,Ford Fusion,2018,656,51,16,Mandarin,4.83,903.07,36,A class
2422,2423,Toyota Camry,2022,539,42,8,no,4.83,1015.96,31,A class
2423,2424,Kia Optima,2005,731,48,14,no,4.74,959.83,40,A class
2424,2425,Nissan Altima,2013,734,29,9,no,4.28,550.77,26,B class
2425,2426,Kia Optima,2013,513,24,4,no,3.76,304.89,25,B class
2426,2427,Honda Accord,2011,34,57,0,no,3.71,342.5,16,B class
2427,2428,Toyota Camry,2021,460,66,19,Mandarin,4.31,775.74,48,A class
2428,2429,Kia Optima,2007,886,61,23,no,5.0,1149.13,69,A class
2429,2430,Kia Optima,2014,757,35,15,Spanish,4.29,574.57,14,B class
2430,2431,Ford Fusion,2017,206,37,4,no,4.36,489.32,23,B class
2431,2432,Chevrolet Malibu,2020,813,37,16,no,4.21,559.4,27,B class
2432,2433,Kia Optima,2007,216,54,15,Mandarin,4.28,521.38,47,B class
2433,2434,Hyundai Sonata,2018,612,50,16,no,4.68,607.97,26,A class
2434,2435,Kia Optima,2022,752,58,10,no,4.1,449.66,14,B class
2435,2436,Chevrolet Malibu,2017,449,65,13,no,4.84,838.81,43,A class
2436,2437,Chevrolet Malibu,2014,650,39,16,Mandarin,4.24,804.41,28,A class
2437,2438,Honda Accord,2009,213,52,11,no,5.0,1211.85,54,A class
2438,2439,Kia Optima,2011,587,44,19,Portuguese,3.98,598.57,23,B class
2439,2440,Ford Fusion,2007,103,65,17,Russian,5.0,1171.41,51,A class
2440,2441,Hyundai Sonata,2012,155,37,7,French,4.84,1086.45,29,A class
2441,2442,Honda Accord,2021,457,29,9,no,4.49,511.67,27,B class
2442,2443,Hyundai Sonata,2007,565,38,18,Spanish,4.17,713.95,40,B class
2443,2444,Ford Fusion,2019,431,50,12,no,3.93,565.06,12,B class
2444,2445,Toyota Camry,2015,748,65,17,Arabic,4.25,358.88,25,B class
2445,2446,Hyundai Sonata,2011,688,59,3,no,4.41,823.87,17,B class
2446,2447,Toyota Camry,2022,527,21,1,no,3.93,883.07,22,B class
2447,2448,Hyundai Sonata,2005,246,44,17,no,3.66,473.36,18,B class
2448,2449,Honda Accord,2017,863,28,8,French,5.0,1287.08,57,A class
2449,2450,Hyundai Sonata,2005,353,38,16,Arabic,4.63,752.16,23,A class
2450,2451,Honda Accord,2015,139,65,16,no,4.77,681.22,35,A class
2451,2452,Kia Optima,2017,750,67,8,no,4.1,501.81,15,B class
2452,2453,Hyundai Sonata,2010,278,28,8,Mandarin,4.32,742.79,33,B class
2453,2454,Toyota Camry,2014,320,27,7,French,4.18,483.68,21,B class
2454,2455,Honda Accord,2010,589,53,1,Mandarin,4.46,511.67,31,B class
2455,2456,Ford Fusion,2008,76,40,6,no,4.59,588.71,24,B class
2456,2457,Hyundai Sonata,2012,849,41,15,Spanish,4.98,987.82,33,A class
2457,2458,Honda Accord,2012,874,62,24,Arabic,4.68,737.48,50,A class
2458,2459,Nissan Altima,2010,686,64,12,no,4.55,807.09,17,A class
2459,2460,Honda Accord,2012,359,63,21,no,4.52,723.64,23,A class
2460,2461,Nissan Altima,2018,404,57,19,no,4.79,654.85,35,A class
2461,2462,Chevrolet Malibu,2007,58,67,14,no,4.3,346.54,26,B class
2462,2463,Honda Accord,2013,536,54,20,French,4.64,862.5,49,A class
2463,2464,Chevrolet Malibu,2019,765,62,10,no,4.46,768.28,21,A class
2464,2465,Honda Accord,2014,429,46,11,no,4.32,696.16,29,B class
2465,2466,Toyota Camry,2018,79,23,3,no,3.99,637.78,29,B class
2466,2467,Hyundai Sonata,2011,730,59,15,Arabic,4.51,781.12,18,A class
2467,2468,Hyundai Sonata,2008,121,64,13,French,4.58,650.33,24,A class
2468,2469,Ford Fusion,2005,253,35,10,no,4.66,552.73,27,B class
2469,2470,Nissan Altima,2011,103,41,21,Mandarin,4.18,693.66,35,B class
2470,2471,Toyota Camry,2019,347,47,1,no,4.69,749.47,21,A class
2471,2472,Hyundai Sonata,2009,343,51,1,French,4.8,930.63,21,A class
2472,2473,Chevrolet Malibu,2012,603,52,11,Mandarin,5.0,1143.81,48,A class
2473,2474,Nissan Altima,2014,187,39,0,no,3.94,621.26,26,B class
2474,2475,Honda Accord,2013,310,61,8,Russian,4.51,776.55,13,A class
2475,2476,Ford Fusion,2015,266,59,14,no,3.79,400.49,13,B class
2476,2477,Hyundai Sonata,2015,595,65,10,Spanish,4.76,1125.55,31,A class
2477,2478,Chevrolet Malibu,2009,560,48,5,no,3.76,319.0,15,B class
2478,2479,Ford Fusion,2021,254,24,4,Mandarin,4.24,502.76,16,B class
2479,2480,Honda Accord,2012,896,60,15,no,4.51,660.43,44,A class
2480,2481,Toyota Camry,2019,298,24,4,no,3.84,596.96,32,B class
2481,2482,Hyundai Sonata,2019,392,30,10,no,4.11,634.65,21,B class
2482,2483,Toyota Camry,2016,577,34,13,Russian,4.39,552.81,14,B class
2483,2484,Chevrolet Malibu,2008,644,29,3,no,4.64,850.66,55,A class
2484,2485,Chevrolet Malibu,2014,457,55,6,Spanish,4.14,501.02,15,B class
2485,2486,Toyota Camry,2019,76,41,11,no,4.62,707.58,20,B class
2486,2487,Chevrolet Malibu,2015,832,31,6,French,4.12,686.74,24,B class
2487,2488,Ford Fusion,2021,363,21,1,no,4.53,849.24,44,A class
2488,2489,Chevrolet Malibu,2009,798,31,9,Spanish,4.98,862.26,43,A class
2489,2490,Toyota Camry,2019,148,53,20,Portuguese,3.63,461.23,10,B class
2490,2491,Hyundai Sonata,2018,195,58,6,no,4.72,1002.95,21,A class
2491,2492,Honda Accord,2022,154,34,12,no,4.4,478.33,24,B class
2492,2493,Honda Accord,2005,366,24,4,Arabic,4.66,711.17,23,A class
2493,2494,Nissan Altima,2016,605,47,5,no,4.12,214.2,21,B class
2494,2495,Toyota Camry,2008,530,57,19,no,4.73,877.08,39,A class
2495,2496,Kia Optima,2016,472,24,4,no,5.0,1334.47,41,A class
2496,2497,Kia Optima,2011,770,58,16,French,4.77,735.7,28,A class
2497,2498,Chevrolet Malibu,2022,461,29,9,Portuguese,4.11,607.25,29,B class
2498,2499,Nissan Altima,2010,823,33,13,Spanish,4.24,641.3,35,B class
2499,2500,Chevrolet Malibu,2016,459,50,19,Spanish,4.1,389.15,32,B class
2500,2501,Kia Optima,2007,565,23,3,no,4.76,966.43,33,A class
2501,2502,Nissan Altima,2007,449,35,13,no,4.58,660.53,40,A class
2502,2503,Chevrolet Malibu,2019,887,27,7,no,4.07,387.21,17,B class
2503,2504,Ford Fusion,2015,107,31,6,no,4.27,307.46,18,B class
2504,2505,Toyota Camry,2015,191,57,13,no,4.51,759.85,35,A class
2505,2506,Hyundai Sonata,2011,726,31,11,Spanish,4.7,939.35,47,A class
2506,2507,Hyundai Sonata,2021,456,23,3,no,4.03,314.83,8,B class
2507,2508,Honda Accord,2020,192,31,11,no,4.68,922.0,47,A class
2508,2509,Nissan Altima,2017,27,25,5,no,4.46,586.35,16,B class
2509,2510,Nissan Altima,2019,764,50,4,no,4.03,559.01,20,B class
2510,2511,Chevrolet Malibu,2016,469,66,4,no,4.24,470.59,39,B class
2511,2512,Ford Fusion,2010,661,28,8,no,4.73,1113.69,45,A class
2512,2513,Kia Optima,2014,486,55,4,no,3.52,236.37,27,B class
2513,2514,Ford Fusion,2022,182,38,18,no,4.01,655.49,26,B class
2514,2515,Toyota Camry,2019,101,24,4,Mandarin,4.99,993.45,27,A class
2515,2516,Hyundai Sonata,2021,303,53,17,Arabic,4.43,922.96,27,A class
2516,2517,Hyundai Sonata,2020,254,30,9,Mandarin,4.28,694.85,23,B class
2517,2518,Chevrolet Malibu,2017,480,45,7,Spanish,4.67,926.55,44,A class
2518,2519,Hyundai Sonata,2021,279,44,12,Arabic,4.8,1083.46,47,A class
2519,2520,Nissan Altima,2010,892,49,17,no,4.59,980.01,27,A class
2520,2521,Kia Optima,2013,356,27,7,Spanish,4.46,409.83,15,B class
2521,2522,Hyundai Sonata,2013,617,32,7,no,4.3,472.98,16,B class
2522,2523,Toyota Camry,2006,835,55,3,no,4.49,502.94,28,A class
2523,2524,Kia Optima,2016,506,64,13,no,4.17,524.51,24,B class
2524,2525,Honda Accord,2008,838,21,1,no,4.68,717.69,31,A class
2525,2526,Kia Optima,2007,898,40,13,French,5.0,879.26,53,A class
2526,2527,Ford Fusion,2007,279,62,6,no,4.42,456.0,24,B class
2527,2528,Chevrolet Malibu,2020,19,34,6,Spanish,4.67,542.35,38,A class
2528,2529,Chevrolet Malibu,2014,403,42,9,Arabic,4.84,985.94,44,A class
2529,2530,Toyota Camry,2020,614,63,8,no,5.0,952.88,39,A class
2530,2531,Nissan Altima,2022,223,66,5,no,4.77,772.7,35,A class
2531,2532,Toyota Camry,2005,471,51,23,no,3.81,364.96,26,B class
2532,2533,Toyota Camry,2006,625,53,8,no,4.14,585.43,31,B class
2533,2534,Chevrolet Malibu,2018,878,49,6,Russian,4.65,558.38,49,A class
2534,2535,Chevrolet Malibu,2008,703,34,14,Mandarin,4.29,531.03,28,B class
2535,2536,Honda Accord,2016,843,62,20,Mandarin,5.0,1148.25,37,A class
2536,2537,Kia Optima,2021,758,22,2,no,4.96,928.84,54,A class
2537,2538,Chevrolet Malibu,2021,381,23,3,Mandarin,3.94,433.76,14,B class
2538,2539,Honda Accord,2008,19,49,2,Mandarin,4.15,751.99,24,B class
2539,2540,Toyota Camry,2014,897,60,13,no,4.14,778.48,13,B class
2540,2541,Ford Fusion,2005,730,59,1,no,4.13,526.08,42,B class
2541,2542,Chevrolet Malibu,2007,52,52,3,no,4.12,411.58,33,B class
2542,2543,Honda Accord,2016,63,38,14,no,5.0,874.19,27,A class
2543,2544,Toyota Camry,2007,889,37,5,Arabic,3.86,493.85,28,B class
2544,2545,Hyundai Sonata,2022,649,41,0,Spanish,3.74,50.92,4,B class
2545,2546,Toyota Camry,2007,863,33,4,no,3.82,346.68,14,B class
2546,2547,Kia Optima,2016,77,40,19,Portuguese,4.34,797.6,30,B class
2547,2548,Chevrolet Malibu,2006,504,25,5,no,4.25,283.17,25,B class
2548,2549,Hyundai Sonata,2014,166,36,9,no,4.55,639.73,24,A class
2549,2550,Kia Optima,2020,718,65,24,Portuguese,4.48,738.78,35,B class
2550,2551,Hyundai Sonata,2014,452,54,9,Arabic,3.86,363.31,18,B class
2551,2552,Chevrolet Malibu,2020,778,27,7,Spanish,4.08,569.46,22,B class
2552,2553,Nissan Altima,2016,208,34,8,no,3.87,483.06,15,B class
2553,2554,Nissan Altima,2014,276,33,0,Russian,3.9,659.44,27,B class
2554,2555,Nissan Altima,2013,883,34,2,Mandarin,4.07,744.4,43,B class
2555,2556,Nissan Altima,2021,688,53,6,Spanish,4.94,864.16,29,A class
2556,2557,Hyundai Sonata,2019,813,63,4,no,3.97,199.2,13,B class
2557,2558,Kia Optima,2021,453,54,3,no,4.5,457.08,19,B class
2558,2559,Ford Fusion,2017,28,43,9,French,4.57,834.82,26,B class
2559,2560,Nissan Altima,2021,843,28,8,Arabic,5.0,694.05,60,A class
2560,2561,Honda Accord,2011,595,27,5,Spanish,4.64,691.68,19,B class
2561,2562,Ford Fusion,2011,426,59,5,no,5.0,562.41,37,A class
2562,2563,Ford Fusion,2007,225,52,24,Mandarin,4.25,375.73,33,B class
2563,2564,Ford Fusion,2020,245,44,5,no,4.37,728.57,20,B class
2564,2565,Chevrolet Malibu,2010,803,48,20,no,4.35,609.62,32,B class
2565,2566,Chevrolet Malibu,2010,810,60,15,no,4.03,384.1,14,B class
2566,2567,Ford Fusion,2008,520,59,23,no,4.54,639.22,30,A class
2567,2568,Chevrolet Malibu,2012,551,25,5,Mandarin,5.0,807.66,48,A class
2568,2569,Hyundai Sonata,2010,460,39,14,no,4.08,587.97,17,B class
2569,2570,Nissan Altima,2021,343,23,3,no,4.08,557.78,22,B class
2570,2571,Ford Fusion,2013,193,39,14,Arabic,4.09,254.09,15,B class
2571,2572,Toyota Camry,2016,391,50,16,Mandarin,3.91,421.19,19,B class
2572,2573,Toyota Camry,2017,188,30,10,no,4.04,562.55,20,B class
2573,2574,Hyundai Sonata,2016,125,28,2,no,4.14,490.12,22,B class
2574,2575,Honda Accord,2020,475,44,3,Mandarin,4.19,577.49,21,B class
2575,2576,Toyota Camry,2007,884,45,0,no,4.39,554.85,18,B class
2576,2577,Ford Fusion,2022,64,54,19,no,3.9,277.95,14,B class
2577,2578,Chevrolet Malibu,2009,507,21,1,no,4.27,475.4,16,B class
2578,2579,Nissan Altima,2011,233,32,12,no,4.63,877.81,52,A class
2579,2580,Nissan Altima,2010,678,57,9,Mandarin,3.96,517.74,13,B class
2580,2581,Ford Fusion,2011,646,53,7,no,4.27,662.96,40,B class
2581,2582,Hyundai Sonata,2018,838,63,24,no,4.46,741.81,40,A class
2582,2583,Toyota Camry,2011,587,59,18,no,4.27,623.05,21,B class
2583,2584,Hyundai Sonata,2013,693,60,13,no,4.68,816.79,35,A class
2584,2585,Nissan Altima,2021,118,45,22,no,4.15,325.39,22,B class
2585,2586,Hyundai Sonata,2012,671,66,18,Arabic,4.65,891.54,29,A class
2586,2587,Kia Optima,2005,577,40,15,no,4.36,861.04,41,A class
2587,2588,Nissan Altima,2012,420,63,8,no,4.32,830.28,32,B class
2588,2589,Ford Fusion,2022,770,39,19,no,5.0,755.46,32,A class
2589,2590,Nissan Altima,2017,496,41,17,Mandarin,4.45,869.55,32,B class
2590,2591,Nissan Altima,2007,618,53,23,no,4.21,755.57,22,B class
2591,2592,Ford Fusion,2020,353,39,19,Portuguese,4.81,1084.25,41,A class
2592,2593,Nissan Altima,2010,49,27,7,Spanish,4.97,1055.28,77,A class
2593,2594,Chevrolet Malibu,2021,190,63,8,no,4.03,547.1,10,B class
2594,2595,Honda Accord,2021,347,42,22,Spanish,4.68,676.31,26,A class
2595,2596,Kia Optima,2016,191,64,24,no,5.0,966.99,28,A class
2596,2597,Nissan Altima,2007,552,39,3,Portuguese,4.2,458.6,44,B class
2597,2598,Chevrolet Malibu,2011,485,66,15,Portuguese,4.83,653.83,33,A class
2598,2599,Honda Accord,2007,467,49,15,no,4.83,1150.57,49,A class
2599,2600,Toyota Camry,2018,84,57,18,Spanish,4.17,635.66,14,B class
2600,2601,Hyundai Sonata,2016,671,56,24,no,4.69,875.08,44,A class
2601,2602,Kia Optima,2020,247,30,6,no,4.41,634.55,23,B class
2602,2603,Chevrolet Malibu,2020,93,59,24,French,4.2,424.36,23,B class
2603,2604,Toyota Camry,2005,816,65,16,Portuguese,3.92,484.03,30,B class
2604,2605,Kia Optima,2021,680,52,2,no,4.11,480.61,21,B class
2605,2606,Kia Optima,2008,800,65,12,Mandarin,4.9,892.88,27,A class
2606,2607,Kia Optima,2010,424,60,3,Mandarin,4.96,774.03,34,A class
2607,2608,Chevrolet Malibu,2018,446,52,23,no,4.7,974.32,25,A class
2608,2609,Chevrolet Malibu,2017,334,43,19,Spanish,4.62,877.83,27,A class
2609,2610,Toyota Camry,2008,69,61,22,Spanish,4.7,916.17,37,A class
2610,2611,Hyundai Sonata,2005,256,29,9,Mandarin,4.59,838.07,48,A class
2611,2612,Nissan Altima,2010,729,47,9,Russian,4.6,761.61,41,A class
2612,2613,Kia Optima,2017,69,59,10,no,4.66,750.31,33,A class
2613,2614,Chevrolet Malibu,2014,27,65,23,no,3.88,620.72,12,B class
2614,2615,Toyota Camry,2016,400,33,3,no,4.11,332.66,34,B class
2615,2616,Nissan Altima,2005,873,25,5,no,3.88,181.8,11,B class
2616,2617,Toyota Camry,2020,383,36,10,no,4.77,976.24,32,A class
2617,2618,Nissan Altima,2010,86,61,14,Arabic,5.0,1013.78,17,A class
2618,2619,Toyota Camry,2019,394,45,16,no,3.5,99.13,7,B class
2619,2620,Toyota Camry,2022,123,23,2,Spanish,4.88,1096.69,52,A class
2620,2621,Kia Optima,2014,394,26,3,no,4.17,621.51,15,B class
2621,2622,Hyundai Sonata,2022,607,36,4,no,4.72,697.57,43,A class
2622,2623,Hyundai Sonata,2019,364,37,17,French,4.87,1088.82,41,A class
2623,2624,Ford Fusion,2019,1,27,1,Spanish,4.89,763.2,33,A class
2624,2625,Ford Fusion,2010,60,44,15,no,4.51,734.74,32,A class
2625,2626,Nissan Altima,2020,382,43,2,Portuguese,4.1,119.53,28,B class
2626,2627,Nissan Altima,2016,128,30,10,no,4.42,675.23,29,B class
2627,2628,Ford Fusion,2011,529,31,11,no,4.72,709.11,41,A class
2628,2629,Hyundai Sonata,2016,712,52,10,no,4.44,716.8,32,B class
2629,2630,Hyundai Sonata,2013,238,65,5,Spanish,4.2,808.61,41,A class
2630,2631,Honda Accord,2011,623,67,11,no,4.38,820.22,44,B class
2631,2632,Chevrolet Malibu,2016,762,47,17,French,4.16,562.62,15,B class
2632,2633,Honda Accord,2018,656,22,2,no,3.82,181.74,11,B class
2633,2634,Hyundai Sonata,2018,872,63,15,no,4.54,641.3,55,B class
2634,2635,Kia Optima,2019,756,65,14,Arabic,4.51,740.1,35,A class
2635,2636,Hyundai Sonata,2021,731,34,14,no,4.05,43.02,16,B class
2636,2637,Honda Accord,2020,511,39,5,no,3.87,334.74,19,B class
2637,2638,Ford Fusion,2018,460,22,2,no,3.46,85.47,5,B class
2638,2639,Kia Optima,2011,139,58,23,no,4.44,802.69,29,B class
2639,2640,Hyundai Sonata,2011,606,57,14,no,4.81,1040.7,49,A class
2640,2641,Nissan Altima,2008,649,21,1,no,3.94,303.93,26,B class
2641,2642,Ford Fusion,2011,842,54,15,Spanish,4.74,943.2,47,A class
2642,2643,Honda Accord,2019,335,40,11,no,5.0,1054.61,75,A class
2643,2644,Chevrolet Malibu,2020,23,46,14,no,4.91,944.39,35,A class
2644,2645,Nissan Altima,2007,801,31,11,Spanish,4.54,783.09,19,A class
2645,2646,Chevrolet Malibu,2008,780,59,4,no,4.74,835.1,51,A class
2646,2647,Ford Fusion,2016,865,40,11,Spanish,4.23,339.55,27,B class
2647,2648,Nissan Altima,2020,393,60,18,Mandarin,3.96,401.05,21,B class
2648,2649,Toyota Camry,2007,710,27,2,no,4.27,660.09,24,B class
2649,2650,Nissan Altima,2016,142,48,1,no,4.37,693.17,19,A class
2650,2651,Chevrolet Malibu,2012,774,35,4,no,4.95,970.49,47,A class
2651,2652,Toyota Camry,2020,284,66,14,no,4.35,605.52,13,B class
2652,2653,Kia Optima,2019,451,47,5,no,4.14,736.9,31,B class
2653,2654,Nissan Altima,2017,185,54,10,Mandarin,4.22,939.63,29,A class
2654,2655,Chevrolet Malibu,2010,33,25,3,Spanish,4.21,723.19,23,B class
2655,2656,Toyota Camry,2011,521,52,6,no,4.37,832.57,31,B class
2656,2657,Chevrolet Malibu,2019,605,25,0,Portuguese,4.05,364.34,17,B class
2657,2658,Toyota Camry,2007,714,37,17,no,4.65,582.65,36,A class
2658,2659,Hyundai Sonata,2010,740,31,11,Arabic,4.51,731.68,37,A class
2659,2660,Nissan Altima,2010,228,21,1,French,4.42,515.73,25,B class
2660,2661,Kia Optima,2006,791,48,13,no,4.79,1007.4,19,A class
2661,2662,Hyundai Sonata,2007,630,32,12,no,4.8,769.72,40,A class
2662,2663,Chevrolet Malibu,2021,780,45,20,no,4.92,871.56,30,A class
2663,2664,Hyundai Sonata,2013,774,56,22,Portuguese,3.97,597.48,22,B class
2664,2665,Kia Optima,2010,351,29,9,no,4.42,693.33,28,A class
2665,2666,Hyundai Sonata,2019,552,54,9,Arabic,4.15,471.3,9,B class
2666,2667,Chevrolet Malibu,2016,431,34,7,no,4.5,710.47,49,B class
2667,2668,Ford Fusion,2008,266,36,7,no,3.8,576.03,25,B class
2668,2669,Nissan Altima,2015,685,48,22,Spanish,4.99,1243.47,56,A class
2669,2670,Honda Accord,2016,17,50,3,no,4.67,796.07,24,A class
2670,2671,Ford Fusion,2006,368,51,21,no,5.0,894.36,53,A class
2671,2672,Hyundai Sonata,2009,69,30,10,Portuguese,5.0,1114.52,41,A class
2672,2673,Honda Accord,2020,190,48,21,no,4.54,549.75,30,A class
2673,2674,Nissan Altima,2011,211,33,13,Portuguese,4.33,840.04,29,B class
2674,2675,Chevrolet Malibu,2019,653,34,14,Russian,5.0,1269.88,54,A class
2675,2676,Nissan Altima,2016,580,65,0,no,4.21,742.4,30,B class
2676,2677,Hyundai Sonata,2014,695,25,5,no,3.9,417.24,13,B class
2677,2678,Toyota Camry,2006,224,40,12,no,4.9,647.34,51,A class
2678,2679,Nissan Altima,2022,105,41,21,Spanish,4.62,678.54,30,A class
2679,2680,Ford Fusion,2013,425,32,2,Russian,4.95,1014.33,40,A class
2680,2681,Kia Optima,2005,354,57,23,Arabic,4.82,757.18,28,A class
2681,2682,Chevrolet Malibu,2021,767,43,14,Portuguese,4.6,683.17,25,A class
2682,2683,Ford Fusion,2021,301,54,2,no,5.0,1022.48,62,A class
2683,2684,Toyota Camry,2014,303,39,12,no,4.24,320.34,13,B class
2684,2685,Chevrolet Malibu,2015,174,63,0,no,4.2,324.94,22,B class
2685,2686,Kia Optima,2020,471,55,2,Arabic,3.99,557.26,14,B class
2686,2687,Nissan Altima,2005,387,36,13,no,3.74,264.67,12,B class
2687,2688,Honda Accord,2009,380,66,20,no,4.89,894.22,46,A class
2688,2689,Nissan Altima,2005,463,61,2,no,4.22,575.92,33,B class
2689,2690,Chevrolet Malibu,2020,864,48,6,no,4.9,850.19,22,A class
2690,2691,Chevrolet Malibu,2009,378,21,1,no,4.19,851.96,42,A class
2691,2692,Toyota Camry,2017,137,48,13,no,4.88,837.52,27,A class
2692,2693,Chevrolet Malibu,2005,396,53,0,Arabic,4.47,691.68,22,B class
2693,2694,Chevrolet Malibu,2017,620,38,15,French,4.33,339.03,21,B class
2694,2695,Honda Accord,2008,689,27,7,no,4.49,721.05,28,B class
2695,2696,Chevrolet Malibu,2020,547,47,24,French,4.89,945.87,55,A class
2696,2697,Chevrolet Malibu,2009,766,58,7,no,4.36,532.03,22,B class
2697,2698,Nissan Altima,2012,35,36,12,French,4.34,696.79,26,B class
2698,2699,Chevrolet Malibu,2010,671,42,2,no,4.0,456.11,29,B class
2699,2700,Toyota Camry,2013,773,21,1,Spanish,4.54,443.74,34,A class
2700,2701,Hyundai Sonata,2008,716,54,20,no,4.41,695.96,25,B class
2701,2702,Nissan Altima,2015,791,61,8,no,4.49,708.31,20,B class
2702,2703,Ford Fusion,2008,140,57,11,Spanish,4.5,566.3,44,B class
2703,2704,Kia Optima,2015,677,41,21,Mandarin,4.26,573.59,47,B class
2704,2705,Ford Fusion,2014,195,23,3,Mandarin,4.61,526.57,27,A class
2705,2706,Chevrolet Malibu,2005,476,44,5,no,4.83,714.49,42,A class
2706,2707,Hyundai Sonata,2009,340,65,6,no,5.0,1050.66,65,A class
2707,2708,Nissan Altima,2015,654,24,4,Mandarin,4.88,921.79,35,A class
2708,2709,Honda Accord,2006,895,31,5,no,4.77,1015.94,37,A class
2709,2710,Nissan Altima,2009,172,60,2,no,4.03,305.92,26,B class
2710,2711,Honda Accord,2009,280,47,4,no,3.69,302.86,12,B class
2711,2712,Ford Fusion,2010,795,29,9,no,4.6,625.74,16,B class
2712,2713,Ford Fusion,2011,17,22,2,no,4.87,689.79,44,A class
2713,2714,Nissan Altima,2013,96,40,20,no,4.74,695.51,35,A class
2714,2715,Chevrolet Malibu,2011,522,48,6,Spanish,5.0,1014.08,29,A class
2715,2716,Toyota Camry,2015,703,60,11,Spanish,3.83,201.13,21,B class
2716,2717,Ford Fusion,2012,425,62,12,French,4.91,1054.67,44,A class
2717,2718,Kia Optima,2008,850,42,13,Spanish,4.63,705.21,22,A class
2718,2719,Honda Accord,2011,824,40,0,no,3.87,280.85,8,B class
2719,2720,Hyundai Sonata,2010,218,64,14,Portuguese,4.63,719.53,45,A class
2720,2721,Hyundai Sonata,2010,47,57,0,Mandarin,4.43,551.9,27,B class
2721,2722,Chevrolet Malibu,2011,689,30,6,no,4.82,727.52,26,A class
2722,2723,Kia Optima,2008,311,53,7,no,4.65,897.49,25,A class
2723,2724,Nissan Altima,2013,564,54,16,Spanish,4.8,637.8,56,A class
2724,2725,Ford Fusion,2009,108,31,11,Spanish,4.03,254.67,16,B class
2725,2726,Ford Fusion,2013,176,66,17,Spanish,4.46,669.89,30,A class
2726,2727,Chevrolet Malibu,2022,233,34,10,French,3.92,458.14,11,B class
2727,2728,Toyota Camry,2020,385,46,13,Portuguese,4.98,764.02,28,A class
2728,2729,Nissan Altima,2021,206,44,12,Portuguese,5.0,1036.62,64,A class
2729,2730,Hyundai Sonata,2018,676,53,3,Spanish,4.06,409.13,14,B class
2730,2731,Nissan Altima,2016,788,63,23,Russian,4.6,607.11,13,B class
2731,2732,Toyota Camry,2014,433,39,19,Portuguese,4.2,596.44,22,B class
2732,2733,Nissan Altima,2020,341,39,6,no,4.05,378.35,28,B class
2733,2734,Hyundai Sonata,2009,125,56,2,Spanish,4.78,658.24,35,A class
2734,2735,Toyota Camry,2018,863,65,4,no,4.21,701.05,35,B class
2735,2736,Nissan Altima,2013,180,63,15,no,4.82,1023.13,36,A class
2736,2737,Honda Accord,2006,133,56,0,no,4.56,935.53,41,A class
2737,2738,Chevrolet Malibu,2018,781,54,2,no,4.76,987.63,41,A class
2738,2739,Honda Accord,2005,99,57,16,no,3.91,240.49,18,B class
2739,2740,Toyota Camry,2022,222,64,3,no,4.83,810.86,52,A class
2740,2741,Ford Fusion,2007,7,21,1,no,4.73,891.8,35,A class
2741,2742,Ford Fusion,2014,178,48,0,Spanish,4.76,1264.47,57,A class
2742,2743,Toyota Camry,2015,685,22,2,Arabic,4.27,573.91,25,B class
2743,2744,Toyota Camry,2016,759,48,9,Russian,3.84,616.38,25,B class
2744,2745,Toyota Camry,2005,831,39,7,no,3.86,475.07,10,B class
2745,2746,Chevrolet Malibu,2011,258,35,15,no,4.19,499.34,15,B class
2746,2747,Nissan Altima,2007,59,62,4,Arabic,4.45,659.15,20,B class
2747,2748,Honda Accord,2022,139,54,13,no,4.57,728.32,44,A class
2748,2749,Honda Accord,2006,15,47,12,Russian,5.0,675.5,30,A class
2749,2750,Nissan Altima,2020,248,62,16,Mandarin,4.22,785.6,23,B class
2750,2751,Kia Optima,2007,215,25,5,no,4.45,550.51,24,B class
2751,2752,Toyota Camry,2012,172,51,16,no,4.41,458.63,36,A class
2752,2753,Honda Accord,2016,352,28,5,no,4.08,545.79,17,B class
2753,2754,Chevrolet Malibu,2005,201,31,3,no,4.58,831.92,33,A class
2754,2755,Honda Accord,2009,858,29,9,no,4.91,831.37,42,A class
2755,2756,Toyota Camry,2014,398,46,1,French,4.3,804.69,22,B class
2756,2757,Hyundai Sonata,2008,79,50,11,Spanish,4.63,674.15,45,A class
2757,2758,Toyota Camry,2009,467,56,15,no,4.79,729.4,41,A class
2758,2759,Ford Fusion,2022,877,41,20,no,4.58,826.95,35,A class
2759,2760,Nissan Altima,2005,136,65,16,no,3.94,619.73,34,B class
2760,2761,Kia Optima,2017,644,38,18,no,4.71,663.68,56,A class
2761,2762,Toyota Camry,2011,362,28,8,Spanish,4.64,757.37,30,A class
2762,2763,Toyota Camry,2011,748,22,2,Spanish,4.17,662.44,26,B class
2763,2764,Toyota Camry,2006,782,26,6,French,4.46,831.03,27,A class
2764,2765,Hyundai Sonata,2022,841,41,16,no,4.73,866.41,39,A class
2765,2766,Chevrolet Malibu,2011,165,40,20,no,4.77,1097.55,48,A class
2766,2767,Kia Optima,2006,458,61,8,French,4.06,125.98,10,B class
2767,2768,Toyota Camry,2008,351,26,1,Mandarin,4.6,1124.71,35,A class
2768,2769,Kia Optima,2014,351,33,0,Mandarin,4.41,677.75,32,B class
2769,2770,Hyundai Sonata,2018,190,67,15,no,4.31,747.8,41,B class
2770,2771,Ford Fusion,2011,505,22,2,Arabic,4.3,387.16,26,B class
2771,2772,Nissan Altima,2014,812,40,3,no,3.81,189.04,11,B class
2772,2773,Ford Fusion,2020,230,30,0,no,3.66,431.36,10,B class
2773,2774,Nissan Altima,2018,442,46,16,French,4.57,776.45,41,A class
2774,2775,Nissan Altima,2014,264,66,9,no,5.0,1057.89,49,A class
2775,2776,Kia Optima,2007,272,31,10,French,4.11,406.42,21,B class
2776,2777,Toyota Camry,2012,766,38,6,no,3.98,523.25,24,B class
2777,2778,Toyota Camry,2016,489,42,17,no,4.54,1006.96,24,A class
2778,2779,Hyundai Sonata,2020,222,58,18,no,4.37,735.57,22,A class
2779,2780,Nissan Altima,2013,764,67,1,French,4.41,696.66,23,A class
2780,2781,Hyundai Sonata,2013,491,25,2,French,4.14,708.62,15,B class
2781,2782,Nissan Altima,2015,129,43,13,no,4.33,644.77,11,B class
2782,2783,Toyota Camry,2021,168,56,15,no,4.16,431.51,25,B class
2783,2784,Chevrolet Malibu,2008,871,21,1,no,3.52,252.78,9,B class
2784,2785,Kia Optima,2021,671,58,3,no,3.94,69.78,21,B class
2785,2786,Kia Optima,2014,253,32,12,Mandarin,4.73,1044.95,30,A class
2786,2787,Honda Accord,2009,454,45,11,no,4.87,858.72,60,A class
2787,2788,Hyundai Sonata,2010,385,66,2,no,4.67,1007.22,47,A class
2788,2789,Honda Accord,2020,493,50,15,no,4.74,857.21,47,A class
2789,2790,Chevrolet Malibu,2011,267,67,1,Spanish,3.47,138.81,8,B class
2790,2791,Kia Optima,2013,709,49,5,Spanish,4.12,580.43,20,B class
2791,2792,Nissan Altima,2014,422,30,10,Spanish,4.85,980.05,22,A class
2792,2793,Honda Accord,2013,832,53,5,Spanish,5.0,1108.75,47,A class
2793,2794,Chevrolet Malibu,2013,437,49,1,Russian,4.92,1201.62,34,A class
2794,2795,Honda Accord,2016,314,35,15,no,3.98,486.08,15,B class
2795,2796,Honda Accord,2015,866,24,4,Arabic,3.98,0.0,18,B class
2796,2797,Kia Optima,2011,292,51,12,Spanish,4.2,653.38,48,A class
2797,2798,Chevrolet Malibu,2012,62,48,20,no,4.46,677.17,24,A class
2798,2799,Nissan Altima,2014,802,57,24,French,5.0,1090.52,57,A class
2799,2800,Chevrolet Malibu,2007,729,26,6,Spanish,4.44,611.54,30,A class
2800,2801,Toyota Camry,2020,171,46,8,Spanish,4.52,794.16,21,A class
2801,2802,Kia Optima,2022,547,59,21,no,4.65,589.01,33,A class
2802,2803,Hyundai Sonata,2009,139,62,0,no,4.32,742.06,35,A class
2803,2804,Hyundai Sonata,2022,418,65,8,Arabic,4.53,900.23,30,A class
2804,2805,Hyundai Sonata,2016,524,30,4,no,4.08,504.98,22,B class
2805,2806,Chevrolet Malibu,2013,403,29,9,no,3.79,485.18,33,B class
2806,2807,Nissan Altima,2020,295,48,22,no,4.94,1160.63,40,A class
2807,2808,Toyota Camry,2018,354,42,19,no,4.13,370.8,14,B class
2808,2809,Chevrolet Malibu,2017,634,32,12,French,4.83,1030.92,50,A class
2809,2810,Toyota Camry,2007,256,25,3,Spanish,3.66,290.82,12,B class
2810,2811,Hyundai Sonata,2022,731,27,7,Portuguese,4.13,622.64,14,B class
2811,2812,Nissan Altima,2019,121,36,16,no,5.0,1026.17,48,A class
2812,2813,Toyota Camry,2009,306,55,11,no,4.33,467.19,41,B class
2813,2814,Hyundai Sonata,2018,726,24,2,no,3.79,301.55,10,B class
2814,2815,Toyota Camry,2020,99,25,2,no,4.32,579.17,26,A class
2815,2816,Toyota Camry,2016,641,33,13,Mandarin,4.51,800.86,16,A class
2816,2817,Ford Fusion,2015,790,62,7,no,4.34,685.87,20,B class
2817,2818,Chevrolet Malibu,2007,191,67,15,no,4.11,528.81,20,B class
2818,2819,Chevrolet Malibu,2005,591,41,21,Arabic,4.71,676.47,16,A class
2819,2820,Ford Fusion,2018,84,23,3,Spanish,4.22,596.41,18,B class
2820,2821,Honda Accord,2005,512,21,1,no,5.0,1126.21,45,A class
2821,2822,Ford Fusion,2005,289,61,12,Mandarin,4.35,830.57,38,B class
2822,2823,Nissan Altima,2012,427,41,5,no,4.26,763.53,21,B class
2823,2824,Chevrolet Malibu,2007,311,24,4,Arabic,4.17,660.33,23,B class
2824,2825,Toyota Camry,2006,110,60,20,Spanish,5.0,1183.85,52,A class
2825,2826,Ford Fusion,2014,156,45,8,no,3.83,511.27,4,B class
2826,2827,Toyota Camry,2017,399,37,17,no,4.61,820.16,34,A class
2827,2828,Kia Optima,2017,132,42,18,no,4.34,608.65,19,B class
2828,2829,Hyundai Sonata,2006,28,31,11,Mandarin,3.89,311.41,12,B class
2829,2830,Toyota Camry,2006,793,64,13,no,4.19,421.18,23,B class
2830,2831,Hyundai Sonata,2015,789,58,4,Mandarin,4.63,728.37,16,A class
2831,2832,Toyota Camry,2016,816,30,10,no,4.0,531.4,23,B class
2832,2833,Toyota Camry,2019,340,55,18,no,4.6,606.09,32,A class
2833,2834,Kia Optima,2015,91,29,4,no,4.97,952.94,35,A class
2834,2835,Chevrolet Malibu,2015,169,42,5,no,4.47,696.07,41,B class
2835,2836,Toyota Camry,2012,575,56,17,no,3.71,469.66,17,B class
2836,2837,Kia Optima,2010,333,22,2,Spanish,3.94,456.79,21,B class
2837,2838,Hyundai Sonata,2006,237,55,9,Portuguese,4.14,658.95,20,B class
2838,2839,Honda Accord,2014,463,31,11,no,4.3,446.49,29,B class
2839,2840,Hyundai Sonata,2020,391,53,4,Spanish,4.31,583.43,34,A class
2840,2841,Ford Fusion,2009,113,44,14,no,4.48,753.83,42,A class
2841,2842,Chevrolet Malibu,2007,758,22,2,Mandarin,4.8,1088.18,25,A class
2842,2843,Ford Fusion,2018,198,56,11,no,4.35,699.54,23,B class
2843,2844,Ford Fusion,2006,549,33,12,Spanish,3.91,356.86,20,B class
2844,2845,Nissan Altima,2014,768,65,3,no,4.85,845.25,49,A class
2845,2846,Hyundai Sonata,2021,576,60,13,no,4.95,1145.09,42,A class
2846,2847,Chevrolet Malibu,2016,704,30,10,Spanish,4.56,815.45,26,A class
2847,2848,Chevrolet Malibu,2018,275,49,24,no,4.42,684.69,16,A class
2848,2849,Chevrolet Malibu,2013,636,38,5,no,4.26,646.86,35,A class
2849,2850,Chevrolet Malibu,2012,512,49,9,no,4.25,527.36,28,B class
2850,2851,Ford Fusion,2008,13,47,16,Portuguese,3.69,287.13,6,B class
2851,2852,Toyota Camry,2021,68,34,14,no,4.68,849.48,39,A class
2852,2853,Honda Accord,2007,845,51,5,no,4.76,897.16,40,A class
2853,2854,Ford Fusion,2009,888,33,13,Arabic,5.0,1082.4,32,A class
2854,2855,Ford Fusion,2015,62,63,21,Spanish,4.51,566.4,35,B class
2855,2856,Nissan Altima,2012,741,65,15,no,4.45,687.42,20,A class
2856,2857,Chevrolet Malibu,2011,380,28,8,Spanish,4.43,985.95,27,A class
2857,2858,Ford Fusion,2010,196,55,5,no,4.54,585.01,15,B class
2858,2859,Nissan Altima,2008,519,64,7,no,4.44,516.46,34,B class
2859,2860,Kia Optima,2020,252,26,1,no,4.29,418.12,26,B class
2860,2861,Chevrolet Malibu,2020,510,55,3,Mandarin,4.74,657.0,24,A class
2861,2862,Chevrolet Malibu,2015,129,65,10,French,4.8,974.75,40,A class
2862,2863,Toyota Camry,2019,46,31,3,no,4.73,819.15,52,A class
2863,2864,Kia Optima,2009,31,48,0,no,3.93,610.91,27,B class
2864,2865,Chevrolet Malibu,2011,452,58,17,no,4.62,673.42,10,B class
2865,2866,Ford Fusion,2008,143,36,1,no,4.19,646.77,8,B class
2866,2867,Nissan Altima,2005,638,32,3,no,4.14,404.43,16,B class
2867,2868,Honda Accord,2022,333,39,14,Spanish,4.04,280.81,9,B class
2868,2869,Toyota Camry,2006,288,36,16,no,4.61,721.85,27,A class
2869,2870,Kia Optima,2020,811,55,18,Portuguese,4.79,915.16,48,A class
2870,2871,Kia Optima,2008,667,38,0,no,4.38,544.4,33,B class
2871,2872,Honda Accord,2017,483,38,4,no,4.41,659.53,41,B class
2872,2873,Ford Fusion,2013,785,65,18,no,4.72,881.47,39,A class
2873,2874,Honda Accord,2006,604,48,18,Spanish,4.93,891.79,42,A class
2874,2875,Kia Optima,2021,82,64,9,no,4.52,526.14,22,B class
2875,2876,Kia Optima,2016,312,54,23,no,3.95,431.8,34,B class
2876,2877,Ford Fusion,2010,612,62,22,no,4.55,668.89,25,A class
2877,2878,Nissan Altima,2011,559,30,10,Mandarin,4.92,1162.21,62,A class
2878,2879,Kia Optima,2019,524,65,18,Portuguese,4.12,435.83,25,B class
2879,2880,Kia Optima,2010,493,65,19,no,4.64,627.82,40,A class
2880,2881,Honda Accord,2014,778,22,2,no,4.75,839.56,35,A class
2881,2882,Chevrolet Malibu,2015,31,37,17,no,3.7,64.05,19,B class
2882,2883,Hyundai Sonata,2018,144,40,20,no,4.51,881.81,35,A class
2883,2884,Ford Fusion,2012,868,40,5,Russian,4.61,895.43,9,A class
2884,2885,Hyundai Sonata,2014,15,57,0,no,4.42,280.21,23,B class
2885,2886,Hyundai Sonata,2022,15,53,9,Spanish,4.02,457.28,31,B class
2886,2887,Hyundai Sonata,2014,876,31,6,Portuguese,4.08,585.06,31,B class
2887,2888,Ford Fusion,2020,728,49,23,Spanish,4.61,543.45,16,A class
2888,2889,Hyundai Sonata,2017,377,66,11,no,4.32,700.06,31,B class
2889,2890,Ford Fusion,2006,254,41,16,Spanish,4.37,756.55,18,B class
2890,2891,Toyota Camry,2016,486,64,24,no,4.58,663.17,46,A class
2891,2892,Chevrolet Malibu,2016,474,51,19,no,4.8,894.5,69,A class
2892,2893,Toyota Camry,2013,593,64,18,Russian,4.04,207.36,19,B class
2893,2894,Kia Optima,2015,857,63,24,no,3.84,471.29,30,B class
2894,2895,Hyundai Sonata,2021,605,21,1,no,4.68,1112.4,29,A class
2895,2896,Kia Optima,2017,64,58,5,no,4.49,806.23,28,B class
2896,2897,Toyota Camry,2005,836,29,9,no,4.0,550.59,37,B class
2897,2898,Toyota Camry,2007,196,59,8,Spanish,4.22,530.21,14,B class
2898,2899,Ford Fusion,2010,342,58,8,Mandarin,4.3,832.36,41,A class
2899,2900,Hyundai Sonata,2007,311,33,13,Spanish,4.52,588.28,22,B class
2900,2901,Toyota Camry,2006,124,24,4,no,4.43,795.08,34,A class
2901,2902,Nissan Altima,2019,640,40,0,no,3.91,424.63,15,B class
2902,2903,Ford Fusion,2015,715,35,15,no,4.11,643.76,41,B class
2903,2904,Hyundai Sonata,2012,253,47,14,no,3.63,328.59,15,B class
2904,2905,Chevrolet Malibu,2009,238,24,4,French,4.93,1045.17,45,A class
2905,2906,Kia Optima,2022,558,23,3,Spanish,4.36,551.34,30,B class
2906,2907,Toyota Camry,2017,424,41,15,Arabic,4.73,768.65,19,A class
2907,2908,Hyundai Sonata,2012,506,57,15,French,4.44,536.95,43,A class
2908,2909,Toyota Camry,2009,224,35,15,no,4.6,778.42,34,A class
2909,2910,Hyundai Sonata,2020,861,36,7,Spanish,4.45,546.29,34,A class
2910,2911,Ford Fusion,2019,282,28,8,Mandarin,4.42,821.51,34,A class
2911,2912,Honda Accord,2020,476,34,14,Portuguese,4.26,473.61,26,B class
2912,2913,Hyundai Sonata,2011,711,35,4,no,4.06,341.45,31,B class
2913,2914,Honda Accord,2012,93,33,3,Spanish,4.27,727.99,21,B class
2914,2915,Ford Fusion,2017,574,37,17,no,4.35,610.32,16,B class
2915,2916,Chevrolet Malibu,2018,868,34,14,Mandarin,4.98,1025.0,40,A class
2916,2917,Toyota Camry,2015,705,52,24,Portuguese,4.91,1076.3,37,A class
2917,2918,Toyota Camry,2008,533,36,2,Portuguese,4.43,577.15,16,B class
2918,2919,Kia Optima,2019,448,56,22,no,4.27,635.56,33,A class
2919,2920,Toyota Camry,2012,101,49,21,no,4.68,723.31,22,A class
2920,2921,Nissan Altima,2006,623,51,19,Mandarin,4.72,838.04,28,A class
2921,2922,Honda Accord,2012,452,48,12,Spanish,4.43,796.33,21,A class
2922,2923,Kia Optima,2007,531,64,12,Arabic,4.42,592.76,27,A class
2923,2924,Hyundai Sonata,2017,598,33,10,no,3.83,467.42,12,B class
2924,2925,Chevrolet Malibu,2009,699,67,0,French,3.58,310.67,10,B class
2925,2926,Honda Accord,2022,66,30,10,Spanish,4.27,758.57,34,B class
2926,2927,Ford Fusion,2019,438,27,5,no,4.52,941.44,25,A class
2927,2928,Kia Optima,2008,247,59,5,no,4.35,801.58,12,B class
2928,2929,Chevrolet Malibu,2010,509,63,1,Mandarin,4.51,1119.24,43,A class
2929,2930,Ford Fusion,2011,324,25,5,no,4.19,663.56,31,B class
2930,2931,Kia Optima,2006,793,49,1,French,4.94,913.17,39,A class
2931,2932,Hyundai Sonata,2009,495,45,21,Spanish,5.0,805.47,33,A class
2932,2933,Honda Accord,2021,56,31,11,no,4.62,905.19,33,A class
2933,2934,Toyota Camry,2008,212,45,20,no,4.17,529.52,15,B class
2934,2935,Honda Accord,2007,50,53,7,Russian,4.63,688.2,30,A class
2935,2936,Chevrolet Malibu,2020,682,47,4,Mandarin,4.82,701.82,42,A class
2936,2937,Chevrolet Malibu,2009,321,45,12,French,4.42,737.72,34,A class
2937,2938,Nissan Altima,2007,231,62,16,Mandarin,4.85,938.0,36,A class
2938,2939,Ford Fusion,2018,619,31,0,Spanish,4.13,204.55,18,B class
2939,2940,Toyota Camry,2017,362,50,21,Portuguese,5.0,1213.62,49,A class
2940,2941,Hyundai Sonata,2006,713,35,10,Spanish,4.19,576.69,12,B class
2941,2942,Ford Fusion,2007,733,66,20,no,3.98,427.38,6,B class
2942,2943,Toyota Camry,2010,184,32,1,no,4.2,734.86,33,B class
2943,2944,Chevrolet Malibu,2005,253,61,10,no,3.29,82.21,21,B class
2944,2945,Kia Optima,2017,292,50,11,Mandarin,4.15,488.92,31,B class
2945,2946,Chevrolet Malibu,2006,587,31,1,no,5.0,1195.28,42,A class
2946,2947,Honda Accord,2005,424,56,17,Mandarin,4.21,739.52,34,B class
2947,2948,Honda Accord,2019,756,32,12,Portuguese,3.72,462.58,22,B class
2948,2949,Toyota Camry,2021,509,33,13,no,4.62,862.37,26,A class
2949,2950,Kia Optima,2012,290,37,9,no,3.96,182.13,30,B class
2950,2951,Toyota Camry,2017,465,53,15,Spanish,4.86,972.36,46,A class
2951,2952,Kia Optima,2015,842,39,9,no,4.17,522.19,13,B class
2952,2953,Honda Accord,2018,266,47,8,French,4.56,717.13,19,A class
2953,2954,Kia Optima,2010,428,46,18,no,4.13,194.77,12,B class
2954,2955,Honda Accord,2019,286,30,10,no,5.0,1230.47,57,A class
2955,2956,Hyundai Sonata,2008,58,31,6,Spanish,4.61,698.13,43,A class
2956,2957,Chevrolet Malibu,2018,120,35,10,no,4.24,835.34,26,B class
2957,2958,Honda Accord,2021,187,31,11,no,4.19,653.18,15,B class
2958,2959,Ford Fusion,2006,490,64,13,no,4.23,468.55,26,B class
2959,2960,Toyota Camry,2019,638,38,1,no,4.03,192.88,11,B class
2960,2961,Hyundai Sonata,2013,865,40,20,Arabic,4.35,662.43,26,B class
2961,2962,Kia Optima,2015,7,52,18,no,5.0,1171.57,69,A class
2962,2963,Kia Optima,2022,765,58,6,no,4.22,492.13,23,B class
2963,2964,Chevrolet Malibu,2019,379,53,24,no,3.69,362.37,16,B class
2964,2965,Hyundai Sonata,2020,550,46,23,no,3.81,453.49,31,B class
2965,2966,Ford Fusion,2011,651,66,24,no,4.76,1090.57,31,A class
2966,2967,Toyota Camry,2008,614,63,9,Mandarin,4.16,756.01,21,B class
2967,2968,Honda Accord,2013,899,30,10,no,4.25,439.83,24,B class
2968,2969,Toyota Camry,2022,435,28,8,Spanish,4.88,775.74,49,A class
2969,2970,Chevrolet Malibu,2019,423,39,19,no,4.24,798.18,30,B class
2970,2971,Nissan Altima,2007,550,60,13,no,4.94,936.8,25,A class
2971,2972,Kia Optima,2019,31,66,6,no,4.2,341.18,14,B class
2972,2973,Ford Fusion,2019,737,54,5,Mandarin,4.89,604.25,29,A class
2973,2974,Ford Fusion,2006,789,53,24,Portuguese,4.57,730.28,23,A class
2974,2975,Kia Optima,2010,195,31,11,no,4.49,482.38,24,B class
2975,2976,Ford Fusion,2013,179,48,23,Portuguese,4.83,927.22,47,A class
2976,2977,Nissan Altima,2012,670,29,9,no,4.5,818.29,54,A class
2977,2978,Toyota Camry,2017,776,46,13,Spanish,4.36,671.55,16,A class
2978,2979,Honda Accord,2018,427,30,1,Mandarin,4.2,671.03,12,B class
2979,2980,Toyota Camry,2014,490,24,4,no,4.81,1198.38,49,A class
2980,2981,Toyota Camry,2017,655,66,13,no,4.49,757.98,39,A class
2981,2982,Toyota Camry,2013,80,62,2,no,4.25,391.47,23,B class
2982,2983,Nissan Altima,2005,236,53,4,Mandarin,4.02,562.38,20,B class
2983,2984,Nissan Altima,2007,74,50,14,no,4.58,1113.66,33,A class
2984,2985,Honda Accord,2010,492,32,6,Arabic,4.29,649.6,43,A class
2985,2986,Ford Fusion,2007,203,47,17,no,4.39,778.26,31,B class
2986,2987,Toyota Camry,2008,823,56,11,Portuguese,4.36,630.44,31,A class
2987,2988,Ford Fusion,2016,241,46,10,no,4.49,742.87,37,A class
2988,2989,Honda Accord,2011,597,34,2,Spanish,4.44,494.3,22,B class
2989,2990,Chevrolet Malibu,2006,578,39,10,no,4.91,932.11,36,A class
2990,2991,Hyundai Sonata,2008,231,60,13,no,4.78,948.88,19,A class
2991,2992,Nissan Altima,2017,772,32,12,no,4.42,869.19,35,A class
2992,2993,Ford Fusion,2009,189,66,6,Spanish,4.81,1188.41,81,A class
2993,2994,Toyota Camry,2007,270,56,0,no,4.4,555.2,20,B class
2994,2995,Toyota Camry,2013,769,62,23,Spanish,4.97,696.71,40,A class
2995,2996,Toyota Camry,2012,19,44,23,Russian,5.0,981.53,45,A class
2996,2997,Kia Optima,2009,267,31,11,no,4.95,932.71,19,A class
2997,2998,Toyota Camry,2010,793,22,2,no,4.9,838.95,35,A class
2998,2999,Chevrolet Malibu,2012,28,46,15,no,4.61,818.97,28,A class
2999,3000,Toyota Camry,2021,333,39,3,no,5.0,1228.89,39,A class
