driver_id,car_id,age,started_driving_year,second_language,rating,net_worth_of_tips,driver_class
1,1296,35,2021,no,3.93,384.11,B class
2,2509,37,2006,Arabic,3.98,537.09,B class
3,2165,22,2021,Arabic,4.19,635.68,B class
4,2410,65,2014,no,4.2,335.35,B class
5,148,58,2007,no,4.2,609.44,A class
6,2725,62,2013,no,5.0,792.18,A class
7,428,37,2011,no,4.51,614.27,A class
8,1053,47,2008,Mandarin,3.97,480.64,B class
9,1620,42,2013,no,4.4,1048.02,A class
10,2287,43,2003,no,4.64,725.67,A class
11,147,48,2019,no,4.19,707.38,B class
12,2814,42,2007,no,4.29,878.76,A class
13,2661,57,1999,no,4.65,828.4,A class
14,2989,23,2020,no,3.98,464.55,B class
15,1985,30,2022,no,4.16,537.0,B class
16,1176,62,2021,no,4.76,938.17,A class
17,301,62,2008,no,4.33,649.1,B class
18,2853,59,2000,Russian,4.11,613.64,B class
19,184,38,2005,no,4.32,756.52,A class
20,1455,42,2001,no,4.14,490.33,B class
21,331,22,2021,no,3.8,43.03,B class
22,1098,34,2011,Mandarin,4.58,744.14,B class
23,588,55,2005,Portuguese,4.89,916.34,A class
24,2180,37,2008,French,4.45,797.83,A class
25,785,43,2004,Spanish,4.79,888.38,A class
26,994,26,2018,French,3.96,60.52,B class
27,2412,44,2012,no,4.42,696.05,A class
28,306,54,2012,Arabic,4.39,980.72,A class
29,2915,47,2000,French,4.42,628.98,B class
30,349,47,2018,no,4.33,526.19,B class
31,152,63,2015,no,4.33,786.33,A class
32,829,32,2023,no,3.97,274.19,B class
33,1662,35,2020,no,4.68,462.34,A class
34,2209,50,1999,French,4.83,1117.14,A class
35,2230,43,2002,no,4.67,578.46,A class
36,2211,67,2017,Mandarin,4.03,520.27,B class
37,1182,23,2020,Russian,4.37,516.21,B class
38,2731,26,2017,no,4.9,912.48,A class
39,1708,37,2006,no,4.1,464.43,B class
40,880,42,2016,Spanish,4.58,495.78,A class
41,751,62,1999,French,4.47,688.08,B class
42,1221,44,2014,no,4.45,677.89,A class
43,1116,41,2006,no,4.36,758.05,B class
44,1559,28,2015,Spanish,4.21,608.48,B class
45,904,41,2007,Portuguese,5.0,1164.42,A class
46,698,45,2015,no,3.68,257.54,B class
47,1793,48,2002,no,4.54,750.57,A class
48,1150,49,2008,Russian,4.9,1109.81,A class
49,448,41,2016,no,4.6,753.74,A class
50,1196,28,2015,no,3.69,520.52,B class
51,1537,28,2015,Spanish,3.88,385.45,B class
52,2405,28,2015,no,3.95,340.46,B class
53,2737,50,2020,no,4.61,555.23,B class
54,910,61,1999,Spanish,4.53,956.91,A class
55,1591,62,2005,Spanish,3.9,451.96,B class
56,2672,35,2008,no,4.19,480.51,B class
57,1561,24,2019,no,4.31,575.1,B class
58,641,50,2008,Spanish,4.43,582.46,A class
59,1357,22,2021,Spanish,5.0,814.61,A class
60,31,50,2018,French,4.27,358.35,B class
61,459,39,2022,French,4.15,453.72,B class
62,2958,60,2022,Spanish,4.03,360.37,B class
63,956,50,2005,Arabic,4.68,704.37,A class
64,1089,55,2002,French,4.63,884.43,A class
65,1778,40,2019,no,3.82,448.85,B class
66,1181,60,2009,Portuguese,4.28,692.27,B class
67,573,45,2020,Arabic,4.32,529.02,B class
68,2092,50,2013,no,4.7,575.27,A class
69,1432,37,2006,no,5.0,1339.11,A class
70,2945,42,2003,Spanish,4.47,995.08,A class
71,2707,60,2000,no,4.33,868.18,A class
72,1245,39,2016,Mandarin,4.09,619.46,B class
73,1331,22,2021,no,3.83,379.23,B class
74,777,38,2005,no,4.56,671.72,A class
75,1902,39,2015,no,4.58,800.47,A class
76,5,40,2015,Arabic,4.54,468.47,B class
77,1139,24,2021,no,4.81,1033.99,A class
78,1823,27,2016,Mandarin,4.47,819.49,A class
79,2381,36,2018,no,4.47,689.38,A class
80,2047,40,2017,no,4.22,699.25,A class
81,2225,22,2021,no,4.07,604.05,B class
82,412,39,2020,no,3.75,517.82,B class
83,42,36,2007,Spanish,4.48,505.51,A class
84,1826,22,2021,Mandarin,4.73,566.3,A class
85,151,32,2020,no,4.01,512.59,B class
86,1470,33,2019,no,4.52,419.37,A class
87,2057,27,2023,Mandarin,4.19,413.83,B class
88,1425,56,2000,Mandarin,5.0,1027.48,A class
89,964,24,2019,no,4.57,843.58,A class
90,960,48,2007,French,4.07,399.43,B class
91,2453,52,2020,no,4.36,589.86,B class
92,1588,58,2018,no,4.88,916.1,A class
93,927,46,2010,Spanish,3.75,300.73,B class
94,868,46,2018,Mandarin,4.25,540.23,B class
95,2460,56,2008,French,4.4,749.63,A class
96,2505,61,2000,no,5.0,1148.48,A class
97,1099,30,2016,no,4.08,515.2,B class
98,2007,58,2008,Spanish,4.73,824.24,A class
99,1618,42,2001,no,4.46,896.04,A class
100,2125,25,2018,no,4.1,460.05,B class
101,1165,49,2023,Spanish,4.49,695.7,B class
102,1233,66,2021,no,4.2,440.16,B class
103,2960,27,2016,no,4.31,454.94,B class
104,1878,21,2022,no,3.68,261.7,B class
105,2218,64,2015,Arabic,4.53,572.81,A class
106,874,49,2010,no,4.91,979.67,A class
107,109,31,2012,no,4.59,756.3,A class
108,1090,58,2007,no,4.91,853.7,A class
109,1658,39,2005,no,4.83,872.13,A class
110,1567,36,2014,no,4.5,553.94,B class
111,1436,34,2009,Spanish,4.68,394.74,B class
112,632,49,2022,no,4.32,427.95,B class
113,2317,27,2023,no,3.77,270.45,B class
114,1914,38,2005,no,4.26,722.61,B class
115,44,35,2019,no,4.35,676.46,B class
116,1736,23,2020,no,4.88,1106.11,A class
117,2249,56,2016,Spanish,4.69,677.69,A class
118,2610,21,2022,Spanish,3.96,404.13,B class
119,2763,66,2023,Mandarin,4.03,513.66,B class
120,2387,25,2018,no,4.07,355.83,B class
121,136,37,2015,Arabic,4.48,810.15,A class
122,486,25,2019,Mandarin,4.3,482.29,B class
123,618,38,2011,no,4.49,774.99,A class
124,730,49,2020,no,4.08,527.82,B class
125,752,25,2018,Mandarin,4.56,896.0,A class
126,938,45,2022,no,3.64,285.87,B class
127,983,57,2011,no,4.99,875.45,A class
128,912,42,2014,Spanish,3.96,377.07,B class
129,952,26,2023,no,4.5,774.61,A class
130,2158,53,2022,Russian,4.27,668.45,B class
131,954,29,2014,no,4.51,925.87,B class
132,144,21,2022,no,4.45,637.89,B class
133,692,41,2020,no,4.44,554.53,B class
134,1459,33,2020,no,4.53,709.19,A class
135,2718,22,2021,Arabic,4.72,900.76,A class
136,833,57,2005,French,5.0,999.22,A class
137,2819,49,2008,Portuguese,4.68,861.43,A class
138,1575,63,2003,no,5.0,836.44,A class
139,355,43,2022,no,4.06,693.43,B class
140,2833,41,2006,no,4.82,892.07,A class
141,981,60,2005,no,4.69,799.95,A class
142,411,24,2019,Arabic,4.2,714.46,B class
143,143,37,2010,no,4.36,574.29,A class
144,1863,58,2004,no,4.48,868.82,A class
145,1641,34,2009,no,4.56,780.59,A class
146,2908,62,2017,French,4.45,783.87,A class
147,1183,34,2009,no,4.49,689.08,A class
148,146,40,2005,Mandarin,4.66,908.71,A class
149,177,63,2023,Mandarin,3.39,0.0,B class
150,1698,32,2011,French,5.0,1018.11,A class
151,2580,66,2011,no,4.18,576.47,B class
152,99,23,2020,no,4.03,392.82,B class
153,872,33,2022,no,4.1,216.47,B class
154,2331,48,2021,Arabic,4.01,591.98,B class
155,962,48,2005,Russian,4.11,556.33,B class
156,1308,63,2003,Spanish,4.21,683.36,B class
157,2175,66,2013,no,4.16,578.04,B class
158,307,52,2000,no,4.65,1063.42,A class
159,1306,52,2000,Spanish,5.0,1206.08,A class
160,1843,35,2008,no,4.91,783.14,A class
161,423,58,2009,Spanish,4.93,796.0,A class
162,80,51,1999,French,4.56,971.57,A class
163,1634,22,2021,no,4.4,715.68,B class
164,1686,60,2000,no,4.69,762.54,A class
165,1946,37,2006,no,4.05,770.28,B class
166,2417,43,2019,no,4.04,695.48,B class
167,2621,43,2007,Mandarin,4.62,764.45,A class
168,2636,59,2005,no,4.85,868.25,A class
169,2452,33,2010,no,4.49,684.75,A class
170,2064,39,2015,no,3.75,261.46,B class
171,2202,22,2021,no,4.23,536.58,B class
172,1123,37,2011,Spanish,3.84,480.54,B class
173,1052,25,2018,Spanish,4.27,517.75,A class
174,204,48,2020,no,4.33,711.15,B class
175,2906,62,2015,no,4.12,733.46,B class
176,2615,42,2001,no,4.71,846.4,A class
177,1244,63,2006,no,4.6,794.84,A class
178,2711,66,2005,no,4.7,695.14,A class
179,267,23,2020,Portuguese,3.9,488.16,B class
180,778,45,2017,no,4.21,442.65,B class
181,2141,45,2007,no,4.89,824.9,A class
182,273,39,2014,no,4.7,1009.78,A class
183,1609,60,2002,French,4.67,846.85,A class
184,902,39,2013,no,4.85,717.25,A class
185,1666,23,2020,Portuguese,4.81,786.27,A class
186,725,46,2005,no,4.37,526.52,B class
187,2041,30,2013,French,5.0,1004.12,A class
188,6,37,2006,Spanish,4.9,958.82,A class
189,2157,44,2004,no,4.88,925.64,A class
190,2784,54,2015,no,4.49,661.64,A class
191,1755,34,2010,no,5.0,1269.48,A class
192,2345,38,2012,French,4.11,437.88,B class
193,126,24,2022,Arabic,5.0,985.2,A class
194,1260,39,2009,no,4.6,968.99,A class
195,2369,48,2013,no,4.87,940.95,A class
196,2169,49,2014,no,4.07,703.65,B class
197,996,34,2021,no,4.62,755.86,A class
198,1330,23,2020,Spanish,4.71,966.6,A class
199,203,48,2009,no,3.89,471.94,B class
200,2564,51,2021,no,4.25,743.74,B class
201,1804,25,2018,Arabic,3.81,351.63,B class
202,1477,44,2019,Mandarin,4.4,758.56,B class
203,579,25,2020,French,4.17,397.82,B class
204,928,42,2013,no,4.31,499.67,B class
205,1539,51,2014,Portuguese,5.0,1426.9,A class
206,1385,54,2001,Spanish,5.0,1321.33,A class
207,1671,54,2022,no,3.72,429.46,B class
208,1487,56,2015,no,4.7,776.63,A class
209,2366,32,2011,Arabic,4.94,975.3,A class
210,1151,60,2017,no,4.12,654.71,B class
211,2449,37,2006,French,4.49,802.3,A class
212,1319,38,2005,Spanish,4.56,835.6,A class
213,426,58,2000,French,3.9,500.33,B class
214,2363,36,2007,Mandarin,4.09,417.14,B class
215,414,24,2021,Portuguese,4.63,601.78,A class
216,1976,54,2012,no,4.29,610.29,A class
217,2619,52,2005,no,4.44,371.01,B class
218,413,48,2023,Mandarin,4.01,475.38,B class
219,1491,27,2016,no,4.66,621.58,B class
220,29,50,2006,Spanish,4.74,1031.59,A class
221,26,30,2013,Mandarin,4.41,833.46,A class
222,841,47,2013,no,4.84,1181.92,A class
223,220,44,2002,French,4.23,788.74,B class
224,1724,57,2007,no,4.74,657.23,A class
225,2298,66,2022,Arabic,4.31,389.82,B class
226,404,29,2017,no,4.72,880.64,A class
227,989,26,2017,Spanish,3.94,666.51,B class
228,1811,47,2023,Arabic,5.0,1243.75,A class
229,936,65,2021,no,3.58,299.46,B class
230,638,28,2015,no,4.78,790.6,A class
231,1323,43,2000,no,4.61,815.47,A class
232,1386,40,2006,Spanish,4.76,933.39,A class
233,1493,35,2020,no,4.81,1063.64,A class
234,1213,52,2014,no,4.8,1019.64,A class
235,2446,34,2009,Arabic,4.38,673.95,B class
236,2340,44,2018,no,4.78,694.55,A class
237,1499,60,2009,no,4.92,979.75,A class
238,2365,38,2012,Spanish,4.38,574.47,B class
239,7,21,2022,no,5.0,977.56,A class
240,652,62,2005,no,4.57,980.67,A class
241,216,33,2010,Russian,4.09,418.94,B class
242,1835,57,2021,Spanish,3.85,517.7,B class
243,280,56,2012,no,4.27,661.82,B class
244,1058,45,2006,French,4.15,290.23,B class
245,1468,25,2018,no,4.21,430.63,B class
246,468,65,2007,no,4.28,400.34,B class
247,1228,53,2008,Spanish,4.03,431.86,B class
248,1938,40,2014,no,4.46,762.26,A class
249,2709,61,2021,no,4.38,698.48,B class
250,1542,58,1999,Arabic,4.37,557.58,B class
251,1137,56,2003,no,4.71,714.76,B class
252,2663,28,2015,no,4.6,575.85,A class
253,604,50,2016,no,4.52,719.94,B class
254,1763,34,2016,Mandarin,4.14,256.46,B class
255,1365,24,2019,Mandarin,4.27,938.48,A class
256,195,36,2023,Arabic,4.2,604.92,B class
257,1115,25,2019,no,3.74,40.38,B class
258,492,25,2018,French,4.44,516.4,B class
259,25,55,1999,Spanish,4.75,813.77,A class
260,75,44,2018,no,4.7,680.17,A class
261,863,39,2011,no,4.37,584.85,B class
262,201,30,2013,French,4.65,768.38,A class
263,1719,57,2015,no,3.87,339.24,B class
264,2136,50,2001,Spanish,4.3,430.38,B class
265,845,48,2021,no,4.2,656.54,B class
266,1079,29,2014,no,5.0,1133.0,A class
267,600,26,2017,Russian,4.37,677.97,A class
268,394,26,2017,French,4.41,609.9,B class
269,1397,22,2021,no,5.0,817.75,A class
270,180,66,2013,Spanish,4.4,644.4,B class
271,2235,38,2005,no,5.0,1238.04,A class
272,2666,51,2023,Mandarin,4.26,494.19,B class
273,392,67,2023,no,4.23,424.95,B class
274,1399,65,2010,no,4.43,686.25,B class
275,1387,36,2007,no,4.49,524.3,B class
276,741,44,2022,no,4.02,572.07,B class
277,922,42,2004,no,5.0,1272.92,A class
278,91,22,2021,no,4.25,884.37,A class
279,2162,57,2011,Russian,4.83,864.79,A class
280,586,47,2002,no,4.21,873.5,B class
281,238,38,2005,no,4.4,732.75,B class
282,1448,47,2018,no,4.77,885.89,A class
283,1855,55,2002,Spanish,4.12,316.14,B class
284,2304,21,2022,no,3.83,270.98,B class
285,691,51,2023,no,4.09,609.56,B class
286,2026,61,2009,Mandarin,5.0,1039.81,A class
287,1068,55,2007,no,4.29,552.52,B class
288,986,50,2003,Russian,4.52,956.52,A class
289,231,25,2018,no,4.65,643.75,B class
290,951,56,2012,Spanish,4.8,1091.46,A class
291,2881,56,2016,no,3.67,180.5,B class
292,682,44,2019,Mandarin,4.62,941.25,A class
293,979,48,2021,French,4.49,662.56,B class
294,239,50,2008,no,4.46,1046.18,A class
295,2554,26,2017,no,4.25,576.65,B class
296,1321,33,2021,no,4.19,608.37,B class
297,784,58,2006,no,4.48,669.8,A class
298,2472,66,2009,Russian,4.05,718.83,B class
299,254,33,2019,Spanish,4.25,342.84,B class
300,2840,39,2018,Spanish,4.22,628.12,B class
301,839,64,2016,Portuguese,4.37,662.02,A class
302,1783,28,2015,French,4.13,295.85,B class
303,2495,33,2016,French,4.32,459.3,B class
304,227,23,2020,no,3.7,253.64,B class
305,2548,32,2014,no,4.33,661.99,B class
306,2364,50,2021,no,4.68,887.49,A class
307,870,37,2021,no,4.36,905.85,A class
308,610,67,2013,no,4.32,693.83,B class
309,854,62,2013,no,4.58,626.58,A class
310,252,63,2005,no,4.1,607.9,B class
311,12,55,2012,no,5.0,1050.33,A class
312,2966,53,2019,no,5.0,1012.24,A class
313,1913,44,2018,no,4.38,725.96,B class
314,1055,67,2009,no,5.0,1271.88,A class
315,1378,25,2018,no,3.85,410.76,B class
316,1784,54,2007,Mandarin,3.98,442.02,B class
317,2068,27,2016,Mandarin,4.36,692.71,B class
318,1302,36,2015,no,4.58,770.22,B class
319,2934,33,2010,no,5.0,1217.03,A class
320,1590,49,2003,no,4.42,677.02,B class
321,1554,57,2018,no,4.12,271.91,B class
322,401,24,2019,no,4.15,635.06,B class
323,103,49,2016,Russian,5.0,1054.37,A class
324,256,31,2012,no,4.81,982.24,A class
325,2262,24,2019,no,4.31,246.63,B class
326,1036,40,2020,Mandarin,3.8,245.04,B class
327,746,48,2019,no,4.03,362.85,B class
328,1002,30,2023,no,4.76,1060.61,A class
329,1676,39,2023,no,4.49,697.41,A class
330,1853,65,2022,Portuguese,4.31,626.2,B class
331,1738,37,2006,no,4.95,1197.67,A class
332,1785,67,2001,Spanish,5.0,1116.2,A class
333,2632,60,2013,French,4.38,622.21,A class
334,1402,38,2005,no,4.44,738.13,A class
335,1320,48,2005,Mandarin,4.35,784.37,B class
336,783,54,2003,no,4.49,766.4,B class
337,643,42,2005,no,4.0,520.86,B class
338,2818,40,2019,no,3.78,306.11,B class
339,2106,36,2010,Russian,3.75,519.22,B class
340,787,27,2016,no,4.88,675.81,A class
341,505,22,2021,no,3.76,512.36,B class
342,795,36,2007,Portuguese,5.0,1425.8,A class
343,1211,58,2021,no,4.04,507.31,B class
344,422,31,2012,Arabic,4.97,1187.69,A class
345,2396,29,2014,Spanish,4.24,607.53,B class
346,2448,36,2021,Spanish,3.74,276.49,B class
347,1010,49,2013,Mandarin,4.86,908.13,A class
348,1599,31,2012,Mandarin,5.0,1008.13,A class
349,2545,31,2023,no,4.04,467.38,B class
350,2688,26,2019,Russian,4.51,636.82,B class
351,2656,36,2007,Portuguese,4.39,777.72,B class
352,2898,31,2019,Arabic,4.65,644.92,B class
353,1640,60,2006,Spanish,4.65,590.26,A class
354,614,63,2001,no,4.49,865.21,B class
355,576,38,2011,no,3.72,132.53,B class
356,1556,25,2018,no,4.27,438.08,B class
357,2591,25,2018,no,4.5,820.38,A class
358,1831,36,2014,Spanish,4.15,696.5,B class
359,1219,42,2014,Spanish,4.56,446.91,B class
360,35,45,2010,no,3.92,391.45,B class
361,1025,35,2008,no,4.31,387.09,B class
362,2103,37,2006,Spanish,4.89,1129.77,A class
363,720,34,2009,no,4.22,583.65,B class
364,1175,45,2021,Russian,4.82,658.16,A class
365,2203,53,2016,Mandarin,4.52,809.03,A class
366,653,23,2020,no,4.6,785.35,B class
367,133,43,2010,no,4.18,445.59,B class
368,1293,51,2015,Mandarin,4.65,370.5,B class
369,1679,52,2016,no,4.48,516.39,B class
370,2671,47,2021,French,4.06,460.22,B class
371,687,45,2015,no,4.51,910.72,A class
372,1062,53,2013,no,4.54,752.44,A class
373,185,38,2013,no,5.0,1023.18,A class
374,226,47,2010,Mandarin,4.34,797.74,A class
375,961,36,2017,Russian,3.8,96.46,B class
376,1776,41,2018,Arabic,4.6,983.59,A class
377,2124,26,2017,no,3.91,477.43,B class
378,155,37,2013,French,5.0,1041.72,A class
379,2566,27,2017,no,4.76,1008.26,A class
380,547,31,2012,Spanish,4.16,804.47,B class
381,2925,40,2010,Portuguese,4.28,1141.35,A class
382,2498,44,2009,no,4.11,436.95,B class
383,1083,65,2018,Russian,4.38,595.0,B class
384,1208,22,2021,no,4.46,823.78,A class
385,2338,63,2019,no,4.79,1011.51,A class
386,2955,36,2007,no,4.99,642.86,A class
387,2297,55,2013,Arabic,4.56,725.98,A class
388,379,52,2013,no,5.0,1153.9,A class
389,2839,66,2014,French,4.49,381.21,B class
390,2874,26,2017,no,3.65,125.56,B class
391,838,66,2007,Mandarin,4.09,359.23,B class
392,2950,23,2020,Spanish,5.0,984.14,A class
393,1740,62,2020,no,4.24,723.91,B class
394,2023,51,2009,Mandarin,4.44,802.91,A class
395,2916,43,2017,Mandarin,4.31,666.95,B class
396,1982,39,2021,no,3.94,516.81,B class
397,2868,25,2018,no,3.91,375.25,B class
398,1576,58,2016,no,4.44,727.8,A class
399,2678,55,2009,Portuguese,4.53,787.44,A class
400,2036,65,2019,Spanish,4.58,879.01,A class
401,2625,55,2015,French,4.71,742.73,A class
402,1232,65,2014,Mandarin,4.16,487.21,B class
403,944,62,2020,French,3.73,372.16,B class
404,1997,41,2002,no,4.06,455.88,B class
405,2563,54,2016,no,5.0,1459.99,A class
406,788,33,2010,Spanish,4.92,962.55,A class
407,76,58,2009,no,4.64,907.1,A class
408,1595,49,2013,no,4.21,608.33,B class
409,831,41,2009,Spanish,4.73,678.6,A class
410,2723,50,2009,Arabic,4.06,492.06,B class
411,2568,34,2021,Spanish,4.07,508.04,B class
412,2492,50,2007,no,4.25,411.55,B class
413,694,43,2021,Russian,4.57,1184.71,A class
414,1876,36,2013,no,4.57,777.45,A class
415,1520,66,2014,no,3.91,550.0,B class
416,1519,23,2020,Russian,4.23,570.48,B class
417,2746,56,2022,French,4.69,836.97,A class
418,477,30,2013,Portuguese,4.53,541.85,B class
419,2085,31,2013,French,4.27,819.3,A class
420,1529,28,2022,Spanish,4.43,686.33,A class
421,2018,25,2023,no,4.3,617.25,A class
422,1887,26,2017,no,4.26,913.11,A class
423,2034,60,2007,Portuguese,4.31,598.31,B class
424,2153,64,2010,Arabic,4.3,516.5,B class
425,2223,48,2005,no,3.82,290.56,B class
426,990,21,2022,no,3.77,486.98,B class
427,2310,61,2002,no,4.3,647.12,A class
428,2227,49,1999,no,4.84,1185.4,A class
429,373,45,2001,Arabic,4.29,522.4,B class
430,2101,65,2004,no,4.66,802.6,A class
431,2515,40,2013,no,4.71,859.0,A class
432,2813,37,2011,Portuguese,3.76,574.03,B class
433,2475,57,2008,no,4.37,376.41,B class
434,1246,45,2019,no,5.0,1014.29,A class
435,1071,54,2007,no,4.73,795.2,A class
436,581,53,2009,no,3.78,255.33,B class
437,162,60,2010,no,4.7,848.55,A class
438,1241,35,2008,no,4.0,502.55,B class
439,2816,24,2019,no,4.47,801.06,A class
440,564,43,2000,no,4.41,597.15,B class
441,298,51,1999,no,4.66,589.11,A class
442,316,59,2003,no,4.34,659.5,B class
443,1628,33,2016,Portuguese,4.65,765.82,A class
444,2647,56,2019,no,4.22,436.55,B class
445,1630,60,2016,no,4.26,821.17,B class
446,2474,58,2006,Arabic,3.94,646.84,B class
447,2783,58,2002,no,4.91,947.82,A class
448,2144,67,2001,no,4.71,883.58,A class
449,68,52,2006,French,4.23,393.17,B class
450,1273,38,2006,Spanish,5.0,1100.61,A class
451,2305,41,2002,no,4.27,888.31,A class
452,2837,56,2006,Mandarin,4.39,877.75,A class
453,1801,32,2020,Spanish,4.22,752.57,A class
454,1326,49,2011,no,4.68,746.65,A class
455,976,47,2015,no,4.89,977.99,A class
456,2409,52,2008,no,4.37,735.0,B class
457,400,40,2008,French,4.69,950.28,A class
458,1192,55,2016,no,4.4,605.23,B class
459,2481,24,2019,no,4.55,928.18,A class
460,1020,56,2021,no,4.58,573.32,A class
461,2954,59,2016,Portuguese,4.9,839.2,A class
462,1809,62,2003,no,4.86,731.46,A class
463,2279,64,2007,no,4.29,494.93,B class
464,2856,37,2006,no,4.43,720.8,B class
465,1198,23,2020,Spanish,4.46,795.55,B class
466,2457,51,2002,no,4.08,562.49,B class
467,790,25,2019,Arabic,4.23,487.48,B class
468,1800,34,2015,no,3.82,183.37,B class
469,2992,54,2022,no,3.84,122.72,B class
470,1598,48,2021,no,5.0,1316.16,A class
471,2635,49,2018,no,4.37,653.54,B class
472,2886,56,2016,no,4.79,1107.49,A class
473,291,28,2023,French,4.68,618.99,A class
474,1415,58,2002,no,4.43,700.66,A class
475,244,48,2010,Mandarin,4.13,305.58,B class
476,1806,40,2007,no,4.49,718.34,A class
477,1500,42,2007,Spanish,5.0,1192.07,A class
478,2854,44,1999,no,5.0,1060.15,A class
479,876,46,2020,no,4.58,505.6,A class
480,1345,36,2015,no,3.95,655.94,B class
481,376,31,2016,Portuguese,4.0,497.13,B class
482,2319,28,2015,Arabic,4.04,553.02,B class
483,2443,37,2010,French,5.0,949.3,A class
484,1962,33,2010,Arabic,5.0,890.34,A class
485,2444,45,2009,no,4.19,725.5,A class
486,2861,63,2018,no,4.67,527.54,B class
487,1445,26,2017,no,4.94,1065.46,A class
488,1812,35,2008,Arabic,4.25,625.44,B class
489,819,23,2020,no,4.28,723.0,B class
490,627,66,2009,no,4.61,912.85,A class
491,1512,53,2019,Spanish,4.12,686.02,B class
492,329,32,2023,no,3.92,506.88,B class
493,562,40,2018,Mandarin,4.03,640.88,B class
494,534,54,2023,no,4.97,970.94,A class
495,1070,66,2012,Spanish,4.91,898.76,A class
496,2823,47,2001,Arabic,4.69,784.91,A class
497,619,33,2012,Spanish,4.32,542.47,B class
498,2445,53,2007,no,4.11,601.41,B class
499,1966,53,2002,no,4.82,644.06,A class
500,511,51,2004,no,4.16,677.03,B class
501,654,23,2020,no,4.13,716.18,B class
502,1540,54,2004,Spanish,4.67,993.74,A class
503,241,21,2022,no,4.05,711.74,B class
504,2196,63,2013,no,4.34,423.17,B class
505,1582,62,2014,no,4.35,474.72,B class
506,1852,47,2004,Portuguese,4.48,1039.87,A class
507,1309,51,2013,no,4.23,690.02,B class
508,315,24,2019,no,4.5,821.02,A class
509,673,62,2019,no,3.82,240.68,B class
510,46,33,2019,no,4.88,965.92,A class
511,2301,33,2010,Portuguese,4.46,516.57,A class
512,2335,54,2004,no,4.94,766.92,A class
513,215,65,2007,Spanish,4.76,884.7,A class
514,532,44,2016,Spanish,4.34,437.52,B class
515,2252,44,2023,French,4.22,361.62,B class
516,508,46,2015,Spanish,4.27,765.75,B class
517,2313,34,2012,Mandarin,4.49,621.05,B class
518,897,49,2013,no,4.65,853.2,A class
519,2627,66,2000,no,4.33,652.48,B class
520,595,38,2005,Mandarin,4.72,956.28,A class
521,1441,57,2004,Spanish,3.4,180.18,B class
522,2614,57,2023,no,4.27,664.81,B class
523,371,60,2020,no,4.78,929.8,A class
524,1261,55,2013,no,4.47,473.93,B class
525,1171,64,2008,no,4.15,503.69,B class
526,2013,54,2006,no,4.35,547.04,B class
527,485,66,2016,no,3.11,0.0,B class
528,1789,54,2021,no,3.79,451.72,B class
529,893,60,2015,Spanish,4.44,994.56,A class
530,2952,62,2004,Mandarin,4.33,692.23,B class
531,1971,67,1999,Spanish,4.33,729.87,A class
532,696,48,2000,Mandarin,3.64,282.08,B class
533,760,54,2009,no,3.93,75.47,B class
534,2524,66,2021,no,4.67,968.36,A class
535,2163,38,2005,Mandarin,4.54,946.21,A class
536,2500,26,2020,French,4.31,249.19,B class
537,1447,62,2017,Mandarin,4.19,567.54,B class
538,626,50,1999,Spanish,4.43,862.73,A class
539,504,41,2011,Mandarin,3.96,589.6,B class
540,2167,54,2019,Mandarin,3.67,279.72,B class
541,2138,22,2021,Mandarin,4.29,649.77,B class
542,287,43,2022,Mandarin,4.76,879.19,A class
543,584,33,2016,no,4.57,739.62,A class
544,1601,34,2009,no,5.0,934.39,A class
545,942,66,2016,no,3.76,229.88,B class
546,959,46,2001,no,4.62,891.17,A class
547,2241,27,2016,Mandarin,4.49,426.98,B class
548,2110,38,2007,no,4.62,784.42,A class
549,924,32,2011,no,4.55,634.73,B class
550,2740,63,2010,French,4.22,689.35,B class
551,96,34,2023,no,3.24,0.0,B class
552,648,37,2006,French,4.57,1011.6,A class
553,680,36,2012,no,4.5,752.47,A class
554,1270,29,2014,no,4.04,384.92,B class
555,1394,57,2010,no,4.74,664.18,A class
556,2439,48,2007,no,4.3,683.54,B class
557,93,41,2015,no,4.49,339.12,B class
558,549,39,2004,no,4.17,476.21,B class
559,535,52,2018,no,4.43,563.6,A class
560,2499,25,2018,no,4.0,556.43,B class
561,419,64,2009,French,3.95,532.11,B class
562,2123,47,2011,no,4.92,982.91,A class
563,2531,31,2023,no,4.28,737.43,B class
564,1606,46,2014,no,4.43,589.04,B class
565,672,61,2022,Portuguese,4.54,865.09,A class
566,515,29,2014,French,4.2,553.45,B class
567,247,45,2006,Russian,4.04,631.86,B class
568,2780,49,2010,Portuguese,4.65,942.85,A class
569,1952,59,2005,no,3.96,629.52,B class
570,1141,47,2014,Mandarin,4.36,689.27,A class
571,2159,55,2016,no,4.09,579.99,B class
572,2099,57,2012,Arabic,4.73,932.1,A class
573,2526,62,2018,no,4.81,793.0,A class
574,820,37,2006,no,4.46,833.06,A class
575,1883,54,2003,Portuguese,4.05,371.5,B class
576,2607,32,2013,French,4.26,246.06,B class
577,1283,60,2004,Russian,4.06,683.58,B class
578,2530,65,2023,no,4.33,508.52,B class
579,2015,34,2020,no,3.49,81.45,B class
580,2538,47,2016,no,3.83,280.78,B class
581,809,59,2014,no,4.86,826.93,A class
582,603,22,2021,no,4.38,723.22,A class
583,995,54,2011,no,4.43,596.04,B class
584,282,59,2004,French,4.19,472.49,B class
585,1472,61,2012,no,4.02,451.98,B class
586,1217,30,2013,Mandarin,4.58,739.07,A class
587,1729,56,2022,Arabic,4.28,675.34,B class
588,2872,57,2016,Spanish,5.0,858.62,A class
589,1832,21,2022,no,4.29,469.31,B class
590,2242,54,2003,no,4.6,831.95,A class
591,2807,50,2021,no,3.79,230.96,B class
592,1134,66,2023,Mandarin,4.07,445.24,B class
593,323,23,2020,no,4.18,587.9,B class
594,676,66,2019,no,3.96,532.27,B class
595,434,47,2009,Russian,4.59,606.9,B class
596,574,33,2010,Spanish,4.27,765.53,A class
597,524,39,2004,French,5.0,968.23,A class
598,1479,57,2010,no,4.36,810.47,A class
599,2527,67,2014,Portuguese,5.0,1103.27,A class
600,2884,35,2008,no,4.34,606.5,A class
601,1061,67,2006,no,4.82,764.33,A class
602,1735,50,2003,Arabic,4.57,751.2,B class
603,446,30,2013,Arabic,4.49,841.85,B class
604,2414,49,2000,no,4.42,451.69,A class
605,1466,58,2004,no,4.4,943.43,A class
606,1209,23,2022,no,4.39,977.48,A class
607,2981,24,2019,Mandarin,4.65,583.42,A class
608,183,21,2022,French,4.62,1022.04,A class
609,350,47,2021,no,4.11,467.91,B class
610,1584,23,2020,no,4.68,852.34,A class
611,984,64,2015,Spanish,4.6,822.97,A class
612,1081,27,2018,Mandarin,4.7,935.17,A class
613,2986,24,2019,no,4.33,756.05,B class
614,1030,33,2010,Spanish,4.78,1082.7,A class
615,2216,56,2001,Russian,4.18,754.39,B class
616,2450,63,2013,no,4.24,708.54,A class
617,1481,32,2023,Spanish,4.39,1072.12,A class
618,1214,45,2001,Spanish,4.21,647.8,B class
619,1494,57,2001,no,4.76,914.47,A class
620,1409,58,2008,Arabic,4.08,337.6,B class
621,507,28,2015,Spanish,4.42,408.05,B class
622,2291,60,2010,no,4.42,521.14,A class
623,167,61,2023,no,4.05,327.2,B class
624,2117,55,2020,Mandarin,4.34,836.24,B class
625,1102,45,2020,no,4.5,692.89,B class
626,1651,39,2004,no,4.26,471.36,B class
627,2300,62,2022,no,4.43,715.25,A class
628,640,61,2010,Spanish,4.0,519.76,B class
629,1382,45,2014,Russian,5.0,1291.76,A class
630,1019,55,2023,Mandarin,4.2,503.46,B class
631,1287,39,2004,French,4.15,542.68,B class
632,1885,55,2023,no,4.31,419.46,B class
633,1325,25,2018,no,4.87,783.6,A class
634,1580,63,2004,Russian,4.65,858.95,B class
635,1646,45,2004,no,3.94,389.9,B class
636,1153,49,2019,French,4.85,728.09,A class
637,1262,29,2014,no,4.25,670.32,B class
638,2285,45,2009,no,4.73,842.69,A class
639,1884,21,2022,Spanish,4.99,894.44,A class
640,1857,62,2006,no,4.53,630.42,A class
641,17,56,2015,no,5.0,1277.39,A class
642,145,42,2017,no,3.62,520.85,B class
643,2602,60,2016,no,4.22,314.71,B class
644,2698,59,2009,no,4.27,678.6,B class
645,2046,26,2017,Arabic,5.0,1075.82,A class
646,2765,23,2020,no,4.71,1338.11,A class
647,15,32,2017,French,4.95,1104.87,A class
648,2637,21,2022,Spanish,3.99,498.75,B class
649,1524,47,2011,no,4.3,382.8,B class
650,817,45,2002,no,4.23,437.99,B class
651,948,46,2015,Portuguese,4.08,603.0,B class
652,1639,24,2019,Spanish,4.86,824.3,A class
653,1492,64,2016,Portuguese,4.21,465.84,B class
654,1894,66,2010,no,4.52,662.33,B class
655,1937,48,2004,Mandarin,4.67,944.78,A class
656,2403,21,2022,French,3.74,319.23,B class
657,1921,39,2016,Russian,4.5,638.04,A class
658,624,54,1999,no,4.41,627.51,B class
659,899,56,2009,Portuguese,4.4,557.21,B class
660,1827,32,2014,no,4.15,605.58,B class
661,1503,59,2023,French,4.17,518.34,B class
662,2700,66,2009,no,4.21,814.11,A class
663,1945,44,2008,Spanish,4.41,922.51,A class
664,2120,38,2005,no,4.36,615.8,B class
665,1941,45,2018,French,4.43,668.22,A class
666,2956,22,2021,no,3.78,219.5,B class
667,1427,45,1999,no,4.92,666.07,A class
668,2978,22,2021,Spanish,4.34,579.72,B class
669,2254,22,2023,Mandarin,4.2,513.69,B class
670,1391,47,2021,no,3.94,308.02,B class
671,1743,45,2012,Spanish,4.4,547.96,B class
672,1087,67,2008,no,5.0,1293.36,A class
673,2507,44,2017,Spanish,4.35,763.77,B class
674,2231,67,2014,Spanish,4.11,289.24,B class
675,2612,58,2005,Mandarin,4.74,900.86,A class
676,699,36,2007,French,4.37,683.5,B class
677,2871,64,2011,no,4.7,666.45,A class
678,1713,43,2013,no,4.38,435.71,B class
679,1977,48,2014,Spanish,5.0,933.58,A class
680,1084,25,2020,no,4.17,620.71,B class
681,245,30,2022,no,4.8,1055.9,A class
682,43,45,2003,French,4.13,445.91,B class
683,1746,33,2023,no,3.93,590.83,B class
684,1699,49,2003,no,4.8,1039.23,A class
685,2592,24,2019,Russian,4.43,575.41,A class
686,2587,32,2011,no,5.0,1143.27,A class
687,2729,52,2000,no,4.66,540.88,A class
688,2603,49,2005,no,4.78,914.92,A class
689,78,67,2005,no,5.0,1324.23,A class
690,1197,63,2017,Mandarin,4.01,290.27,B class
691,923,59,2009,French,3.85,287.21,B class
692,1475,21,2022,Spanish,4.19,591.14,B class
693,2056,49,2013,no,4.81,990.88,A class
694,1745,31,2023,no,3.92,112.1,B class
695,1768,33,2010,no,4.57,799.39,A class
696,480,30,2019,Spanish,4.73,768.2,A class
697,1138,42,2001,Spanish,5.0,1128.87,A class
698,2348,26,2017,no,4.92,915.92,A class
699,2054,45,2023,French,4.48,629.1,A class
700,530,28,2015,Mandarin,4.91,919.98,A class
701,2299,44,2008,no,4.34,805.4,A class
702,1654,50,2018,Spanish,4.19,386.1,B class
703,58,29,2014,Spanish,4.25,193.81,B class
704,449,25,2021,no,4.06,598.13,B class
705,2539,58,2017,no,4.46,541.94,B class
706,602,55,2000,Spanish,4.66,1079.49,A class
707,764,33,2010,Portuguese,3.9,485.68,B class
708,779,62,2021,Spanish,4.33,537.12,B class
709,991,31,2020,Spanish,4.25,939.77,B class
710,2982,64,2017,Spanish,4.62,905.57,A class
711,263,26,2022,no,5.0,887.06,A class
712,689,52,2019,no,4.48,357.42,B class
713,1932,21,2022,no,3.97,489.07,B class
714,454,30,2023,Arabic,4.05,236.78,B class
715,1361,40,2016,French,4.84,882.11,A class
716,811,25,2018,Portuguese,4.22,447.34,B class
717,2004,42,2001,no,4.88,798.64,A class
718,1550,31,2012,no,5.0,928.79,A class
719,1950,25,2018,Spanish,3.98,411.1,B class
720,408,66,2015,no,4.25,732.13,A class
721,2713,67,2010,no,4.95,926.93,A class
722,1814,66,2011,French,4.81,754.06,A class
723,73,28,2015,Spanish,3.63,235.54,B class
724,2669,38,2005,Spanish,4.21,430.56,B class
725,36,36,2007,no,3.79,534.18,B class
726,2501,36,2010,no,4.35,712.87,A class
727,1691,40,2003,no,4.84,787.45,A class
728,1781,44,2005,no,3.61,384.94,B class
729,2541,43,2005,no,4.02,615.83,B class
730,1033,34,2009,no,4.64,815.69,A class
731,2033,67,2015,Russian,4.62,788.63,A class
732,2039,67,2008,no,4.47,516.95,A class
733,2429,36,2015,no,4.44,722.6,B class
734,1750,31,2012,no,4.2,558.91,B class
735,2179,46,2017,Mandarin,4.21,731.78,B class
736,853,38,2005,no,4.49,325.01,A class
737,2386,67,2009,no,4.6,796.63,A class
738,1545,41,2006,no,4.51,712.69,A class
739,386,22,2021,no,4.13,766.98,B class
740,2841,26,2017,Spanish,4.68,1039.79,A class
741,1437,24,2019,no,4.11,590.48,B class
742,941,38,2020,no,3.87,157.74,B class
743,1187,35,2015,French,4.76,970.07,A class
744,2489,61,2007,no,4.59,701.93,A class
745,1756,62,2002,Spanish,4.86,1097.57,A class
746,2205,27,2016,no,3.89,399.87,B class
747,1577,65,2012,Spanish,5.0,1160.39,A class
748,1677,48,2016,no,4.6,747.27,A class
749,2168,35,2008,no,4.29,804.48,B class
750,2232,40,2003,no,4.47,599.21,B class
751,1899,41,2002,Russian,4.6,1181.72,A class
752,464,29,2016,no,3.71,425.12,B class
753,2885,61,2013,Portuguese,5.0,1190.86,A class
754,1782,21,2022,Portuguese,4.11,576.11,B class
755,650,24,2019,no,4.73,1178.02,A class
756,903,33,2010,no,4.21,767.22,B class
757,1289,27,2019,no,4.76,990.75,A class
758,690,23,2020,Russian,4.26,268.26,B class
759,438,39,2010,Spanish,4.68,820.19,A class
760,1695,38,2013,no,4.93,670.4,A class
761,745,26,2017,no,4.36,789.46,A class
762,2801,59,2014,French,4.63,920.68,A class
763,1725,62,2007,no,4.08,428.22,B class
764,1403,54,2001,no,4.75,808.56,A class
765,987,45,2001,no,5.0,1278.36,A class
766,1521,65,2012,no,4.18,479.93,B class
767,849,37,2006,Arabic,4.77,963.06,A class
768,367,41,2006,French,4.45,979.67,A class
769,1022,21,2022,no,4.21,755.41,B class
770,873,54,2004,no,4.61,666.62,A class
771,104,25,2018,French,4.1,521.02,B class
772,894,52,2008,no,4.19,699.34,B class
773,1803,57,2005,no,4.63,922.74,A class
774,2536,31,2012,no,4.32,795.69,B class
775,115,49,2000,Spanish,5.0,798.42,A class
776,1851,35,2008,Russian,4.84,851.45,A class
777,460,39,2011,Spanish,4.71,767.59,A class
778,794,45,2013,no,4.17,376.27,B class
779,670,32,2012,Mandarin,4.05,80.3,B class
780,1191,58,2000,no,5.0,1098.96,A class
781,2389,39,2018,Arabic,4.1,443.39,B class
782,1655,42,2010,no,4.55,647.81,A class
783,1443,59,2007,no,4.75,665.38,A class
784,1202,31,2023,no,4.1,536.48,B class
785,2913,42,2008,no,4.21,519.69,B class
786,523,67,2017,no,3.83,410.69,B class
787,2685,39,2016,Spanish,4.22,723.58,B class
788,332,26,2017,Mandarin,4.13,523.44,B class
789,761,34,2023,French,5.0,820.52,A class
790,1117,65,2020,no,4.3,482.85,B class
791,968,56,2012,no,4.32,531.81,B class
792,705,59,2009,no,4.22,849.54,A class
793,369,32,2021,no,4.5,661.31,A class
794,1663,60,2014,no,4.15,655.09,B class
795,2970,39,2016,Arabic,5.0,888.98,A class
796,179,58,2010,Russian,3.94,678.34,B class
797,1353,62,2016,no,4.79,950.72,A class
798,1358,30,2023,French,4.37,547.24,B class
799,2973,65,2010,Spanish,4.23,796.6,A class
800,2506,50,2002,no,4.2,678.54,B class
801,1689,55,2009,Spanish,4.13,407.63,B class
802,440,56,2014,no,3.82,153.05,B class
803,1924,28,2015,no,3.77,549.31,B class
804,1837,56,2020,Russian,4.5,789.71,A class
805,1532,31,2018,Spanish,4.22,272.53,B class
806,1297,33,2013,no,3.95,355.88,B class
807,1076,26,2017,no,4.23,363.17,B class
808,2852,29,2014,Portuguese,4.16,425.86,B class
809,2361,67,1999,no,4.62,640.14,A class
810,1170,36,2008,Arabic,4.46,857.59,A class
811,361,39,2023,Arabic,4.95,1005.14,A class
812,2288,43,2010,no,4.87,1074.25,A class
813,397,54,2009,Mandarin,4.89,1198.91,A class
814,1813,47,2022,Spanish,3.92,353.62,B class
815,2250,46,2014,French,4.08,515.94,B class
816,2935,60,2002,no,4.71,759.66,A class
817,2212,44,2015,no,4.01,444.25,B class
818,1936,57,2012,no,4.96,789.11,A class
819,2480,63,2018,Spanish,4.4,879.73,A class
820,2817,52,2022,French,5.0,1116.23,A class
821,1660,22,2021,Mandarin,4.67,746.01,A class
822,364,33,2010,Spanish,4.72,958.63,A class
823,2349,50,1999,no,4.61,619.48,B class
824,207,43,2007,no,4.42,665.55,A class
825,2171,34,2009,French,4.38,593.92,B class
826,608,36,2007,no,3.75,542.99,B class
827,69,24,2019,French,4.84,980.92,A class
828,599,32,2013,no,4.73,855.92,A class
829,657,57,2022,no,3.99,557.61,B class
830,1895,21,2022,Portuguese,4.74,803.28,A class
831,2995,60,2002,no,4.24,612.95,B class
832,2240,36,2010,no,3.8,408.89,B class
833,1368,58,2004,Spanish,5.0,1156.74,A class
834,346,33,2022,Spanish,3.87,220.58,B class
835,556,59,2018,Portuguese,4.23,440.7,B class
836,2270,47,2016,Arabic,4.91,732.0,A class
837,2420,61,2015,Mandarin,4.51,903.7,A class
838,2426,23,2020,no,4.6,849.6,A class
839,1659,58,2012,no,4.57,882.02,A class
840,427,33,2010,Arabic,4.64,676.55,A class
841,2682,37,2007,no,4.2,463.0,B class
842,2131,23,2020,Russian,4.63,454.0,A class
843,368,65,1999,Spanish,4.14,443.08,B class
844,963,51,2018,no,5.0,716.96,A class
845,583,67,2023,no,3.97,451.36,B class
846,2639,47,2005,Mandarin,4.45,862.16,B class
847,2045,28,2015,no,3.98,379.52,B class
848,804,36,2017,no,4.27,297.45,B class
849,1130,41,2002,Mandarin,4.41,819.64,A class
850,639,27,2019,no,4.53,733.17,B class
851,747,64,2017,no,4.69,948.42,A class
852,2337,66,2020,Spanish,4.41,844.92,A class
853,1372,47,2019,French,4.05,499.34,B class
854,482,48,2005,no,4.26,584.87,A class
855,377,54,2006,Portuguese,5.0,1005.03,A class
856,1544,52,2007,Portuguese,5.0,707.35,A class
857,2788,23,2020,no,3.85,640.96,B class
858,2321,45,2022,no,4.12,473.61,B class
859,33,57,2008,French,4.71,940.47,A class
860,2892,58,2021,no,4.59,635.56,A class
861,129,49,2000,French,4.56,368.55,B class
862,748,63,2008,Spanish,5.0,1067.91,A class
863,560,48,2005,no,4.14,387.92,B class
864,1721,38,2009,Spanish,5.0,1054.1,A class
865,2570,41,2014,no,4.67,829.05,A class
866,973,53,2006,Portuguese,4.13,505.05,B class
867,901,62,2003,no,4.16,521.45,B class
868,191,31,2019,Portuguese,4.08,521.22,B class
869,1527,34,2009,no,4.68,613.57,A class
870,665,51,2005,Mandarin,4.66,804.03,A class
871,716,56,2021,Portuguese,3.94,462.78,B class
872,1597,39,2004,no,4.05,416.09,B class
873,801,51,2019,no,4.71,678.98,A class
874,1346,21,2022,French,4.21,955.45,A class
875,2058,34,2020,French,4.35,519.77,B class
876,2060,65,2019,no,4.74,500.61,A class
877,775,48,2007,no,4.3,559.6,B class
878,1085,61,2007,French,4.42,748.11,A class
879,1890,31,2012,no,5.0,1362.78,A class
880,978,34,2015,Spanish,5.0,1021.74,A class
881,708,66,2003,no,4.03,672.09,B class
882,193,67,2022,no,4.15,551.5,B class
883,1315,62,2002,French,3.52,200.16,B class
884,668,35,2016,no,4.5,1133.74,A class
885,2189,58,2008,Portuguese,4.8,935.46,A class
886,2464,42,2001,Spanish,4.37,576.83,B class
887,2139,60,2017,no,3.86,348.44,B class
888,2042,61,2013,no,3.95,97.6,B class
889,2140,41,2003,no,4.51,825.85,A class
890,251,35,2008,French,4.26,843.5,A class
891,594,66,2018,Spanish,4.54,890.41,A class
892,717,42,2011,French,4.64,767.04,A class
893,2715,41,2015,no,4.76,943.4,A class
894,2631,52,2011,no,4.54,892.9,A class
895,559,65,2014,no,4.53,1012.76,A class
896,1709,27,2023,French,3.57,226.96,B class
897,2467,67,2000,no,4.22,442.31,B class
898,1603,40,2008,no,4.41,341.22,B class
899,1395,22,2021,no,4.63,968.09,A class
900,458,35,2021,no,4.59,1088.74,A class
901,365,42,2022,Spanish,4.2,621.79,B class
902,1645,52,2012,Spanish,4.18,488.49,B class
903,72,47,2007,Russian,3.7,424.33,B class
904,249,27,2017,no,4.6,798.72,A class
905,536,43,2005,Spanish,4.47,626.63,B class
906,1177,31,2014,no,5.0,1303.51,A class
907,974,33,2023,French,4.24,524.31,B class
908,722,54,2010,Spanish,5.0,1044.12,A class
909,2579,58,2019,no,4.56,858.55,A class
910,199,28,2023,French,3.7,320.28,B class
911,1411,49,2020,no,4.35,588.58,B class
912,1916,40,2016,no,4.49,922.13,A class
913,2835,36,2011,no,4.54,510.24,B class
914,649,54,1999,no,4.91,1048.77,A class
915,598,32,2018,Arabic,4.84,857.67,A class
916,1215,56,2022,Mandarin,4.51,573.0,A class
917,1893,39,2019,Mandarin,4.24,819.51,B class
918,2178,25,2018,Arabic,3.84,444.74,B class
919,1169,58,2018,French,4.42,696.4,B class
920,2318,61,2015,no,4.72,812.4,A class
921,2442,47,1999,no,3.96,525.58,B class
922,1178,55,2014,no,4.4,720.75,A class
923,550,27,2016,Portuguese,4.36,731.98,B class
924,1268,36,2007,Portuguese,4.06,497.88,B class
925,1569,37,2020,Mandarin,4.57,538.39,B class
926,2757,56,2017,no,4.44,380.98,B class
927,218,37,2013,no,5.0,1116.41,A class
928,1160,55,2012,Arabic,4.56,919.5,A class
929,2634,35,2023,no,4.71,897.93,A class
930,605,49,2007,Spanish,4.55,584.59,A class
931,2272,30,2016,no,3.66,365.64,B class
932,929,47,2015,no,4.49,763.58,A class
933,651,24,2019,Spanish,4.32,263.56,B class
934,2086,55,2000,Portuguese,4.48,833.12,A class
935,2831,22,2021,French,4.15,301.1,B class
936,1635,67,1999,no,4.82,988.1,A class
937,467,60,2013,no,4.86,1038.07,A class
938,2368,48,2021,Arabic,4.75,824.07,A class
939,799,63,2018,Spanish,5.0,1070.08,A class
940,1551,59,2015,no,5.0,1323.82,A class
941,2857,27,2016,Spanish,3.55,349.11,B class
942,1174,55,2018,no,3.89,398.99,B class
943,1712,38,2020,no,3.93,568.7,B class
944,186,61,2019,Arabic,4.42,812.53,A class
945,1779,61,2007,Spanish,4.17,655.94,B class
946,2910,65,2011,no,4.42,459.23,B class
947,2094,42,2023,no,4.18,351.38,B class
948,2418,30,2013,Russian,4.57,748.63,A class
949,2724,26,2017,Spanish,4.06,350.44,B class
950,2416,28,2015,Spanish,3.89,448.36,B class
951,735,67,2016,no,4.15,476.11,B class
952,321,48,2017,Russian,4.63,1015.61,A class
953,354,37,2014,Arabic,4.53,587.17,A class
954,442,42,2017,no,4.12,538.48,B class
955,1419,29,2014,no,3.54,298.99,B class
956,48,47,1999,Mandarin,4.76,953.53,A class
957,209,41,2015,French,4.14,408.24,B class
958,2491,58,2000,French,4.36,717.6,B class
959,1,21,2022,Russian,3.64,366.98,B class
960,1014,64,2022,Spanish,3.76,341.23,B class
961,2659,23,2020,no,3.82,584.54,B class
962,1125,40,2007,no,4.33,663.04,B class
963,2441,37,2013,French,4.09,358.62,B class
964,1786,54,2012,no,4.8,593.25,A class
965,160,51,2011,no,4.37,612.05,B class
966,1927,30,2013,Mandarin,5.0,1280.44,A class
967,1429,44,2016,no,3.91,437.99,B class
968,2758,46,2009,French,4.66,763.75,A class
969,333,42,2017,no,4.34,823.46,A class
970,1838,22,2021,no,4.31,360.77,B class
971,1304,29,2021,no,4.35,540.36,B class
972,977,44,2022,Mandarin,4.67,652.15,A class
973,342,33,2023,Mandarin,4.47,593.48,B class
974,61,46,2015,no,4.92,805.14,A class
975,1433,28,2015,no,3.85,414.85,B class
976,2269,55,1999,no,4.17,625.82,B class
977,803,29,2014,Mandarin,5.0,1005.44,A class
978,1227,51,2019,Russian,4.74,1066.69,A class
979,1498,60,2014,French,4.78,655.04,A class
980,2880,37,2020,no,4.73,874.65,A class
981,908,27,2016,Spanish,3.7,497.52,B class
982,2894,21,2022,no,4.7,764.35,A class
983,2051,37,2023,no,4.73,1127.78,A class
984,1506,26,2017,no,4.01,588.96,B class
985,613,62,2018,no,5.0,1368.14,A class
986,940,66,2007,no,4.65,908.98,A class
987,1665,67,2003,French,3.78,282.78,B class
988,2161,64,2004,no,4.56,750.69,A class
989,2105,48,2007,Mandarin,4.32,566.38,B class
990,2367,36,2007,Portuguese,5.0,876.47,A class
991,2838,41,2019,Spanish,4.35,772.03,A class
992,645,33,2020,no,4.18,487.73,B class
993,2993,60,2014,Mandarin,5.0,1225.65,A class
994,1572,41,2008,no,4.43,976.87,A class
995,2050,39,2008,no,4.2,800.37,B class
996,2652,53,2004,no,4.55,432.8,A class
997,2893,38,2016,French,4.69,646.88,A class
998,2084,37,2006,French,4.52,622.42,B class
999,2670,31,2012,French,4.3,811.13,B class
1000,363,24,2019,Mandarin,4.25,654.33,B class
1001,2330,22,2021,no,3.68,202.59,B class
1002,1949,39,2020,French,3.77,132.18,B class
1003,2937,67,2013,Arabic,4.65,607.9,A class
1004,1485,33,2010,no,3.92,81.01,B class
1005,1127,51,2004,Russian,4.1,779.79,B class
1006,2642,36,2017,Arabic,3.92,240.66,B class
1007,2802,35,2019,no,3.54,284.52,B class
1008,2078,28,2023,no,4.32,682.64,A class
1009,660,47,2021,no,4.26,534.11,B class
1010,1647,51,2003,French,4.57,607.27,A class
1011,132,37,2006,no,4.27,385.43,B class
1012,1318,45,2011,no,4.16,575.38,B class
1013,1298,43,2009,Spanish,4.5,978.46,A class
1014,498,33,2015,Arabic,4.28,788.03,B class
1015,572,53,2019,French,4.58,694.1,A class
1016,1257,47,2023,Mandarin,5.0,963.94,A class
1017,1426,24,2019,no,4.37,627.96,B class
1018,2284,44,2023,no,3.82,117.54,B class
1019,128,39,2021,Spanish,4.07,501.59,B class
1020,2455,58,2004,no,4.47,772.58,A class
1021,1622,35,2009,Spanish,4.33,560.22,B class
1022,1548,65,2011,Russian,4.03,537.81,B class
1023,1602,49,2018,Spanish,4.39,577.79,A class
1024,1754,27,2020,Spanish,5.0,1426.61,A class
1025,2043,39,2012,Spanish,4.23,366.68,B class
1026,869,62,2015,French,4.44,754.52,A class
1027,2574,32,2011,no,3.84,434.56,B class
1028,1408,54,2019,no,4.82,977.1,A class
1029,279,57,2018,no,4.7,740.44,A class
1030,2239,53,2021,Spanish,4.63,963.77,A class
1031,214,25,2018,no,4.7,919.2,A class
1032,159,38,2017,no,4.23,403.24,B class
1033,463,37,2018,Mandarin,4.22,468.09,B class
1034,737,37,2010,no,5.0,1076.94,A class
1035,2170,62,2011,Spanish,4.86,659.82,A class
1036,1965,21,2022,no,3.35,334.43,B class
1037,2963,46,2006,no,4.96,938.13,A class
1038,1627,67,2015,no,4.17,744.05,B class
1039,2519,62,2015,no,4.76,1056.97,A class
1040,461,49,2012,Russian,4.5,753.17,A class
1041,242,67,2020,Russian,3.95,165.56,B class
1042,1383,39,2013,Mandarin,4.53,436.81,A class
1043,2020,49,2009,Spanish,4.51,722.99,A class
1044,1200,46,2020,French,4.42,944.64,A class
1045,2957,23,2020,Arabic,4.55,680.07,A class
1046,1563,22,2023,no,4.89,903.92,A class
1047,2832,63,2008,no,4.63,723.51,A class
1048,2842,29,2023,Mandarin,4.35,683.04,B class
1049,2689,37,2019,Russian,4.69,1066.28,A class
1050,2354,50,2015,no,5.0,961.5,A class
1051,2347,48,2008,no,4.71,738.58,A class
1052,1805,45,2006,no,4.62,935.96,A class
1053,843,67,2012,no,4.67,855.72,A class
1054,2684,57,2020,Mandarin,4.59,678.0,A class
1055,2093,65,2014,no,4.4,868.32,B class
1056,2303,51,2004,Portuguese,5.0,1070.93,A class
1057,2112,67,2021,French,4.09,593.15,B class
1058,1243,49,2006,no,4.62,958.09,A class
1059,1841,46,2014,French,4.37,737.5,B class
1060,1072,59,2023,French,3.78,20.85,B class
1061,1218,61,2006,no,4.26,639.49,B class
1062,2100,24,2023,no,4.02,568.12,B class
1063,2686,63,2014,French,4.67,811.87,A class
1064,340,53,2019,no,4.2,797.12,B class
1065,154,63,2009,no,3.98,614.17,B class
1066,2633,54,2022,no,5.0,815.19,A class
1067,217,64,2021,no,4.46,951.91,A class
1068,1766,33,2010,Spanish,5.0,948.61,A class
1069,955,29,2014,no,4.3,718.01,A class
1070,2166,30,2023,Spanish,4.23,703.87,B class
1071,1096,32,2012,no,4.63,727.15,A class
1072,702,31,2012,French,4.12,672.99,B class
1073,633,41,2016,no,4.51,614.17,B class
1074,2617,30,2013,Portuguese,4.6,590.67,B class
1075,51,28,2015,Arabic,4.05,449.17,B class
1076,1911,45,2005,no,4.69,646.52,A class
1077,334,58,2016,Spanish,4.06,475.77,B class
1078,2325,27,2016,no,4.25,717.78,B class
1079,970,45,2007,French,4.72,831.66,A class
1080,1959,51,2011,Spanish,5.0,817.66,A class
1081,1999,54,2012,no,4.38,588.55,B class
1082,3000,25,2018,no,4.4,510.17,B class
1083,1328,55,2002,no,4.39,401.92,B class
1084,114,22,2021,French,4.48,162.68,B class
1085,142,32,2011,French,4.28,689.8,B class
1086,712,36,2015,no,4.27,506.39,B class
1087,2843,61,2021,no,4.55,592.83,A class
1088,2332,30,2020,no,4.31,767.03,A class
1089,1420,57,2000,Spanish,4.23,648.99,B class
1090,2394,67,2014,no,4.59,849.66,A class
1091,1186,66,2021,no,4.57,930.49,A class
1092,947,35,2018,Arabic,4.07,714.33,B class
1093,39,25,2023,no,4.87,1030.9,A class
1094,1356,31,2012,Mandarin,4.75,920.45,A class
1095,1136,57,2009,no,4.25,695.68,B class
1096,1534,30,2014,no,4.83,684.93,A class
1097,2778,51,2005,Spanish,4.55,739.42,A class
1098,2423,38,2011,no,4.65,852.01,A class
1099,266,57,2000,no,4.36,642.11,A class
1100,2550,49,2004,Russian,4.34,591.84,A class
1101,2466,48,2022,Arabic,3.81,22.59,B class
1102,2324,57,2017,Mandarin,4.63,816.8,A class
1103,2469,65,2005,no,4.37,646.56,B class
1104,18,38,2010,no,4.74,778.62,A class
1105,762,45,2005,no,4.44,923.23,A class
1106,773,50,2015,Portuguese,4.3,483.96,B class
1107,896,59,2023,French,4.92,775.28,A class
1108,1275,43,2004,no,4.73,864.13,A class
1109,82,38,2005,Russian,4.58,899.26,A class
1110,1939,60,2008,no,4.64,573.13,B class
1111,2312,65,2013,Spanish,4.86,1097.23,A class
1112,834,47,2023,no,3.9,349.62,B class
1113,2938,25,2018,no,4.52,538.33,B class
1114,769,34,2009,Portuguese,4.15,470.45,B class
1115,2786,42,2007,Arabic,4.73,965.72,A class
1116,1024,54,2019,no,4.13,536.43,B class
1117,2803,52,2005,no,4.2,648.17,B class
1118,739,59,2005,Spanish,4.4,508.65,B class
1119,2557,22,2021,no,4.37,673.59,B class
1120,2462,42,2009,Spanish,4.06,516.36,B class
1121,1993,53,2005,Spanish,3.58,340.96,B class
1122,1896,67,2013,no,4.6,680.35,A class
1123,2553,27,2016,no,3.55,291.09,B class
1124,108,62,2006,no,4.63,742.04,A class
1125,2903,21,2022,Portuguese,5.0,930.78,A class
1126,2011,30,2013,no,4.67,596.81,B class
1127,2118,60,2023,Spanish,5.0,767.4,A class
1128,1964,57,2004,no,4.59,685.18,A class
1129,992,66,2004,Mandarin,5.0,1136.81,A class
1130,1280,49,2010,no,4.27,366.34,B class
1131,949,49,2011,no,3.66,111.56,B class
1132,385,46,2005,Mandarin,4.45,524.41,A class
1133,2991,45,2012,Mandarin,5.0,1326.34,A class
1134,1925,45,2013,no,4.29,809.19,A class
1135,1856,34,2009,no,4.22,594.13,B class
1136,2575,61,2004,Portuguese,4.79,858.61,A class
1137,2676,37,2018,no,4.57,919.19,A class
1138,763,49,2003,no,4.44,830.54,A class
1139,19,52,2015,no,5.0,1042.98,A class
1140,1777,46,2020,no,4.38,663.19,B class
1141,2265,49,2002,Spanish,4.73,1141.65,A class
1142,1742,23,2020,Mandarin,4.45,812.46,A class
1143,2571,35,2018,no,3.97,464.79,B class
1144,2233,42,2017,Spanish,4.04,206.89,B class
1145,320,39,2011,no,4.56,753.9,A class
1146,2604,63,2019,Mandarin,4.3,753.52,A class
1147,2540,63,2020,no,4.63,838.25,A class
1148,1094,54,2014,no,3.78,386.95,B class
1149,1286,37,2018,Spanish,4.64,801.23,A class
1150,1619,23,2020,no,4.29,914.11,A class
1151,519,56,2001,no,4.6,851.76,A class
1152,2336,62,2009,no,4.85,724.54,A class
1153,2438,44,2023,Mandarin,4.08,804.83,B class
1154,1931,59,2021,no,4.37,351.44,B class
1155,1017,64,2003,Mandarin,4.53,535.16,A class
1156,1560,46,2017,French,4.26,519.94,B class
1157,2959,30,2020,Spanish,5.0,1041.48,A class
1158,2355,22,2021,no,4.7,770.02,A class
1159,1726,56,2003,French,4.5,647.71,B class
1160,2435,47,2014,no,5.0,1103.31,A class
1161,2220,28,2015,Arabic,4.37,589.58,B class
1162,2967,23,2020,Mandarin,4.33,666.34,B class
1163,528,66,2021,no,4.76,533.15,A class
1164,1723,36,2007,French,3.69,123.37,B class
1165,1060,36,2007,no,4.4,607.22,B class
1166,2521,50,1999,no,4.78,531.12,B class
1167,2606,38,2021,no,4.02,630.5,B class
1168,1636,63,2009,Spanish,4.66,975.31,A class
1169,703,53,2008,Mandarin,4.52,706.07,A class
1170,2608,37,2022,Arabic,4.29,453.74,B class
1171,2493,33,2010,no,4.78,824.96,A class
1172,2655,61,2021,Spanish,4.49,917.8,A class
1173,1596,48,2017,Spanish,4.39,865.61,A class
1174,615,64,1999,Spanish,4.69,895.44,A class
1175,257,37,2010,no,5.0,902.2,A class
1176,289,21,2022,no,4.67,681.4,B class
1177,1928,63,2011,Mandarin,4.26,645.06,B class
1178,1513,32,2011,no,3.84,262.29,B class
1179,2747,60,2021,no,3.72,229.33,B class
1180,1799,54,2007,no,4.44,559.34,B class
1181,1705,31,2022,no,4.38,505.99,B class
1182,1114,56,2019,no,4.21,366.75,B class
1183,2359,24,2019,no,4.31,867.57,A class
1184,2510,39,2012,Mandarin,4.16,686.41,B class
1185,2744,37,2020,Russian,4.32,417.42,B class
1186,429,51,2004,no,4.6,902.44,A class
1187,2098,46,2016,no,4.95,994.23,A class
1188,1303,49,2002,French,4.04,809.17,B class
1189,2712,43,2023,no,4.54,758.33,B class
1190,452,55,2018,Russian,3.64,347.07,B class
1191,65,28,2016,Spanish,3.77,359.36,B class
1192,2907,54,2009,no,4.13,510.74,B class
1193,1517,23,2020,no,4.65,1035.41,A class
1194,2096,25,2020,no,4.12,526.76,B class
1195,2920,55,2009,French,4.22,446.31,B class
1196,527,28,2015,no,4.23,715.2,B class
1197,2795,57,2020,Arabic,4.39,761.44,B class
1198,2245,27,2017,Mandarin,3.97,248.37,B class
1199,2891,27,2016,Arabic,5.0,1005.48,A class
1200,1305,64,2005,Arabic,4.57,736.95,A class
1201,1943,29,2020,no,4.37,413.85,B class
1202,2779,63,2018,no,4.25,332.67,B class
1203,1860,37,2018,French,4.82,730.34,A class
1204,513,58,2008,no,4.87,1029.68,A class
1205,50,65,2021,no,4.76,1043.74,A class
1206,471,26,2017,no,4.18,661.79,B class
1207,1808,36,2013,no,4.62,918.05,A class
1208,521,47,2015,Arabic,4.6,762.01,A class
1209,2484,61,2002,no,4.77,796.11,A class
1210,261,29,2014,Spanish,4.31,626.03,B class
1211,1295,29,2014,Russian,4.34,736.15,B class
1212,2271,38,2005,no,4.95,1014.98,A class
1213,1764,30,2018,Mandarin,4.9,907.79,A class
1214,1389,33,2010,no,5.0,1095.91,A class
1215,489,27,2019,no,4.46,823.25,B class
1216,1412,59,2015,no,4.31,638.31,B class
1217,766,58,2010,no,3.22,308.71,B class
1218,1706,27,2016,no,3.86,204.53,B class
1219,2756,46,2009,no,3.97,596.87,B class
1220,1101,51,2010,no,3.76,385.87,B class
1221,2693,50,2014,no,4.66,933.63,A class
1222,2275,67,2009,Spanish,4.08,315.46,B class
1223,538,51,2012,no,4.17,523.7,B class
1224,1007,53,2012,French,4.54,380.79,B class
1225,1456,22,2021,Portuguese,4.86,982.57,A class
1226,590,24,2019,Mandarin,4.14,675.2,B class
1227,555,50,2015,Spanish,4.8,894.62,A class
1228,1833,63,2020,Spanish,4.69,793.37,A class
1229,1460,39,2016,Spanish,4.82,978.65,A class
1230,1143,51,2013,Portuguese,4.64,970.01,A class
1231,64,30,2019,Russian,4.3,725.77,B class
1232,1324,42,2019,no,3.53,334.68,B class
1233,105,56,2000,Spanish,4.51,655.14,A class
1234,2012,52,2016,French,4.26,650.79,B class
1235,1434,26,2017,no,4.41,710.95,A class
1236,62,62,2020,no,4.11,417.25,B class
1237,466,64,1999,Spanish,4.71,854.44,A class
1238,2796,43,2018,Mandarin,4.22,520.8,B class
1239,2327,37,2014,no,4.0,484.49,B class
1240,27,45,2004,no,4.33,733.28,B class
1241,541,58,2018,no,4.95,1058.4,A class
1242,95,42,2010,Spanish,4.68,1196.74,A class
1243,718,22,2021,Portuguese,4.63,766.49,A class
1244,2815,24,2023,Arabic,3.77,457.24,B class
1245,1615,59,2023,no,3.98,603.4,B class
1246,808,57,2004,no,4.23,703.37,B class
1247,911,57,2017,French,4.43,791.77,A class
1248,644,26,2017,Mandarin,4.37,762.75,B class
1249,1423,29,2014,no,4.29,558.36,B class
1250,176,39,2004,no,4.47,844.85,B class
1251,2295,31,2012,no,4.04,651.89,B class
1252,168,39,2004,French,4.25,616.57,A class
1253,1155,47,2014,Spanish,5.0,975.9,A class
1254,1075,34,2009,no,3.98,173.83,B class
1255,2182,26,2017,Portuguese,4.39,931.44,A class
1256,1267,39,2009,Spanish,5.0,1055.93,A class
1257,1791,54,2023,Portuguese,4.45,754.55,B class
1258,2172,50,1999,no,4.63,628.92,B class
1259,551,36,2009,no,4.81,672.98,A class
1260,2177,35,2008,Portuguese,4.32,831.96,B class
1261,666,48,2015,Portuguese,4.25,696.54,A class
1262,706,29,2016,Russian,4.06,330.41,B class
1263,197,60,2010,French,3.78,444.87,B class
1264,1762,61,2002,no,4.52,949.47,A class
1265,2735,22,2021,no,4.12,310.96,B class
1266,2351,66,2004,no,4.53,710.92,A class
1267,1552,22,2021,Portuguese,4.62,920.07,A class
1268,2667,42,2004,no,4.96,1000.02,A class
1269,2726,52,2005,Mandarin,4.82,689.5,A class
1270,175,36,2007,Portuguese,4.95,1176.66,A class
1271,1168,30,2022,Russian,4.57,711.51,A class
1272,211,23,2020,Portuguese,4.2,468.01,B class
1273,391,55,2021,Spanish,3.74,168.5,B class
1274,210,22,2021,no,4.74,1099.77,A class
1275,669,43,2005,Russian,4.23,283.89,B class
1276,1080,39,2007,no,4.78,1040.37,A class
1277,2350,66,2005,no,4.62,1132.36,A class
1278,2805,64,2005,Russian,4.1,780.8,B class
1279,2186,59,1999,Spanish,4.23,928.82,A class
1280,119,55,2002,no,5.0,1365.81,A class
1281,2204,46,2009,no,4.85,1187.06,A class
1282,2573,37,2006,no,4.27,584.3,B class
1283,22,28,2022,Portuguese,4.11,593.94,B class
1284,628,66,2005,Spanish,4.84,988.48,A class
1285,98,39,2010,no,4.42,497.74,B class
1286,66,41,2002,Spanish,5.0,1104.74,A class
1287,1983,27,2016,Arabic,4.76,885.29,A class
1288,268,34,2019,Portuguese,3.93,299.49,B class
1289,2372,50,2005,no,4.72,821.46,A class
1290,1388,41,2002,Spanish,4.55,760.0,A class
1291,2923,48,2023,no,4.42,646.03,B class
1292,695,30,2022,no,4.03,795.6,B class
1293,2038,24,2019,no,5.0,947.3,A class
1294,319,62,2010,no,5.0,879.57,A class
1295,1780,41,2010,Spanish,4.26,453.07,B class
1296,1734,37,2021,no,4.09,543.61,B class
1297,875,34,2009,no,4.47,625.07,B class
1298,1625,51,2009,no,3.75,237.67,B class
1299,1918,47,2002,no,4.56,828.04,A class
1300,2370,39,2014,Mandarin,4.9,1149.85,A class
1301,516,64,2015,no,4.12,413.37,B class
1302,1259,63,2021,no,4.1,531.25,B class
1303,286,30,2013,Russian,4.45,586.92,A class
1304,1502,51,2007,no,4.25,905.23,A class
1305,59,66,2016,Arabic,4.08,482.99,B class
1306,1195,43,2005,Spanish,3.98,413.97,B class
1307,2019,22,2021,Mandarin,4.06,426.75,B class
1308,634,27,2019,Spanish,4.8,1031.58,A class
1309,2190,52,2009,no,4.27,325.52,B class
1310,1032,63,2006,French,4.2,801.45,B class
1311,946,27,2023,French,5.0,1046.77,A class
1312,1951,46,2019,no,4.05,668.87,B class
1313,2555,44,2014,Mandarin,4.64,607.7,A class
1314,222,34,2020,no,4.76,891.93,A class
1315,2377,50,2015,Arabic,4.9,886.98,A class
1316,77,62,2020,French,3.96,122.83,B class
1317,1065,32,2011,no,4.28,601.25,B class
1318,1164,23,2020,Arabic,4.36,488.45,A class
1319,2413,37,2015,Russian,5.0,1075.18,A class
1320,2483,35,2008,Mandarin,4.48,696.98,B class
1321,2990,55,2023,no,3.88,427.8,B class
1322,1379,46,2009,French,4.72,709.26,A class
1323,997,21,2022,Spanish,4.68,871.97,A class
1324,543,36,2007,no,4.93,825.31,A class
1325,2904,55,2018,Arabic,4.22,431.19,B class
1326,625,43,2009,Spanish,4.33,761.35,B class
1327,2849,47,2004,Arabic,4.69,665.74,A class
1328,277,33,2010,Spanish,4.82,941.36,A class
1329,800,36,2019,no,4.2,677.91,B class
1330,356,27,2016,Russian,4.22,526.46,B class
1331,1771,24,2019,Spanish,4.26,646.74,B class
1332,1650,22,2021,no,5.0,997.09,A class
1333,2391,50,2019,no,4.26,765.28,B class
1334,596,28,2020,no,4.75,961.6,A class
1335,2681,47,2017,Spanish,4.6,660.9,A class
1336,2537,65,2020,no,4.51,581.08,B class
1337,1212,53,2005,Portuguese,3.88,416.58,B class
1338,1451,48,2009,Russian,3.28,337.75,B class
1339,2933,26,2017,Mandarin,4.91,829.65,A class
1340,1398,43,2010,no,4.33,558.58,A class
1341,465,62,2008,Mandarin,4.68,955.52,A class
1342,1568,39,2019,no,4.05,263.43,B class
1343,2862,59,2016,French,4.28,523.02,B class
1344,2059,54,2001,no,5.0,954.64,A class
1345,2104,33,2023,Portuguese,5.0,996.89,A class
1346,20,27,2016,no,4.42,681.17,B class
1347,796,21,2022,no,4.75,744.11,A class
1348,2399,33,2017,Russian,4.7,671.59,A class
1349,816,36,2015,no,4.34,593.92,B class
1350,993,51,2018,Arabic,4.86,1013.02,A class
1351,1180,47,2009,Portuguese,4.71,545.28,B class
1352,2643,43,2018,no,4.8,846.02,A class
1353,1919,54,2004,no,4.82,1008.9,A class
1354,1442,57,2014,Spanish,4.36,774.06,A class
1355,934,54,1999,French,5.0,1051.82,A class
1356,905,63,2002,Russian,4.31,953.23,A class
1357,877,37,2013,no,4.31,454.32,B class
1358,2294,59,2009,Mandarin,4.97,1193.96,A class
1359,900,40,2023,no,4.81,1030.26,A class
1360,1256,29,2022,Spanish,4.94,1172.39,A class
1361,198,27,2016,French,2.9,0.0,B class
1362,2379,25,2018,Arabic,4.66,815.31,A class
1363,1043,65,2014,no,4.65,861.0,A class
1364,1167,28,2021,no,4.66,530.43,B class
1365,393,60,2003,no,4.83,818.7,A class
1366,2260,57,2013,no,4.43,715.61,A class
1367,2029,41,2012,no,4.46,985.98,A class
1368,1613,63,2013,Arabic,4.64,537.34,B class
1369,933,63,2011,no,5.0,893.35,A class
1370,592,64,2007,no,4.74,905.35,A class
1371,2900,44,2004,Mandarin,4.5,963.86,A class
1372,1854,35,2010,no,4.47,710.05,A class
1373,295,23,2020,no,4.83,954.85,A class
1374,2243,60,2002,Portuguese,4.98,1160.58,A class
1375,89,62,2016,no,4.04,765.45,B class
1376,187,46,2023,no,4.74,860.26,A class
1377,362,24,2023,Spanish,4.18,660.42,B class
1378,38,59,2004,no,5.0,1355.4,A class
1379,1362,35,2014,no,4.81,902.75,A class
1380,675,46,2023,no,4.01,575.21,B class
1381,2048,51,2003,no,5.0,1479.75,A class
1382,1220,27,2016,Arabic,3.74,316.98,B class
1383,1514,23,2020,no,4.75,640.37,A class
1384,2422,24,2019,no,4.11,324.54,B class
1385,1201,66,2022,no,4.99,984.96,A class
1386,2049,65,2006,Russian,4.58,885.96,A class
1387,1199,41,2008,no,4.22,577.74,B class
1388,1082,41,2019,Arabic,4.56,865.62,B class
1389,531,40,2015,no,4.06,547.94,B class
1390,529,37,2011,Portuguese,4.47,605.64,B class
1391,1347,46,2020,no,4.08,411.5,B class
1392,2943,37,2006,no,3.91,688.6,B class
1393,1450,49,2017,no,4.49,698.29,A class
1394,1657,38,2005,no,4.68,624.13,A class
1395,259,50,2003,Mandarin,4.2,548.48,B class
1396,283,65,2008,Spanish,3.71,247.69,B class
1397,2200,30,2021,Spanish,4.53,663.53,A class
1398,2487,23,2023,no,4.53,717.77,A class
1399,1340,45,2020,Mandarin,4.51,704.83,A class
1400,2014,26,2017,no,4.35,702.34,A class
1401,2964,31,2012,Russian,4.98,962.3,A class
1402,2820,58,2020,Mandarin,4.83,786.08,A class
1403,258,40,2006,Spanish,5.0,1213.8,A class
1404,2851,46,2022,Arabic,5.0,1263.81,A class
1405,1344,57,2017,Spanish,3.82,178.45,B class
1406,2929,27,2016,Spanish,3.79,266.22,B class
1407,2255,43,2003,no,4.33,754.47,A class
1408,2431,22,2021,Spanish,4.56,900.5,A class
1409,542,44,2010,no,4.61,895.51,B class
1410,2719,31,2023,no,4.36,836.07,A class
1411,1471,63,2016,French,4.5,673.7,B class
1412,1288,33,2010,no,4.44,621.97,B class
1413,568,30,2021,Spanish,4.15,582.75,B class
1414,2890,21,2022,no,4.19,568.59,B class
1415,836,27,2016,no,4.82,828.25,A class
1416,714,31,2012,Arabic,4.27,475.92,B class
1417,1092,31,2018,no,3.9,670.1,B class
1418,1998,55,2017,Spanish,4.6,794.29,A class
1419,2244,62,2019,Spanish,4.4,789.61,B class
1420,2191,61,2014,Arabic,4.95,1047.89,A class
1421,580,65,2010,no,3.98,408.39,B class
1422,806,63,2021,French,3.94,545.8,B class
1423,2776,42,2009,no,4.7,452.13,A class
1424,1488,39,2018,no,4.49,953.57,A class
1425,851,51,2009,no,3.91,341.5,B class
1426,732,36,2016,no,5.0,1001.2,A class
1427,1865,49,2000,no,5.0,1226.58,A class
1428,2827,67,2016,no,4.32,642.92,B class
1429,137,30,2013,no,4.72,953.76,A class
1430,2714,57,2019,Spanish,3.54,0.0,B class
1431,1343,64,2021,no,4.77,810.67,A class
1432,755,46,2019,no,4.03,411.39,B class
1433,1279,37,2013,no,4.57,634.83,A class
1434,1643,32,2011,no,3.73,473.16,B class
1435,305,28,2019,Spanish,4.6,515.23,B class
1436,1626,36,2007,Arabic,4.27,638.26,B class
1437,2626,56,2006,Spanish,4.63,668.62,A class
1438,94,45,2015,Spanish,5.0,1323.71,A class
1439,1859,31,2015,no,4.44,598.31,B class
1440,2611,46,2000,Portuguese,5.0,1300.71,A class
1441,402,59,2006,no,4.42,601.75,B class
1442,1384,21,2022,no,5.0,740.0,A class
1443,2630,21,2022,no,3.75,224.38,B class
1444,1903,66,2013,no,4.59,693.38,B class
1445,2762,56,2022,French,3.95,593.89,B class
1446,919,48,2003,no,4.81,1035.1,A class
1447,1281,63,2002,no,4.73,604.54,A class
1448,1381,48,2012,no,3.56,290.56,B class
1449,1875,45,2006,Russian,4.38,507.31,B class
1450,416,30,2018,French,4.25,544.42,B class
1451,1414,59,2002,Portuguese,5.0,944.2,A class
1452,1604,56,2014,Arabic,4.86,667.38,A class
1453,1505,34,2017,Arabic,4.17,670.56,B class
1454,2549,55,2011,no,3.99,557.43,B class
1455,734,55,2017,no,4.84,964.21,A class
1456,864,25,2018,no,3.73,387.95,B class
1457,552,28,2015,no,4.78,748.03,A class
1458,2028,48,2013,Mandarin,4.69,831.02,A class
1459,487,50,2004,no,4.39,593.36,B class
1460,1063,51,2013,no,4.61,676.07,A class
1461,436,38,2005,Spanish,4.65,762.51,A class
1462,284,60,2017,no,4.51,638.58,A class
1463,2009,41,2006,no,4.23,391.21,B class
1464,290,30,2013,no,4.83,1033.94,A class
1465,424,26,2017,Mandarin,4.8,1023.57,A class
1466,1367,62,2018,no,4.37,740.57,A class
1467,1371,54,2019,no,4.75,944.87,A class
1468,727,42,2002,no,4.18,615.43,A class
1469,74,30,2013,Mandarin,4.84,1193.95,A class
1470,1059,25,2018,no,4.49,592.09,B class
1471,1741,28,2015,no,3.86,640.71,B class
1472,1608,25,2018,Arabic,4.84,1086.38,A class
1473,158,45,2007,Arabic,3.94,168.7,B class
1474,1011,30,2013,no,4.42,904.26,A class
1475,1715,27,2017,no,4.37,521.0,B class
1476,2749,34,2023,no,3.98,433.26,B class
1477,999,53,2022,Mandarin,4.55,740.39,B class
1478,1240,44,2015,no,3.84,375.81,B class
1479,2811,28,2015,Portuguese,4.66,858.72,A class
1480,2905,56,2012,French,4.49,605.2,A class
1481,1668,44,2008,Spanish,4.21,617.44,B class
1482,548,29,2014,no,4.92,1114.04,A class
1483,2759,53,2017,Arabic,4.48,764.03,A class
1484,235,67,2005,Mandarin,4.92,847.4,A class
1485,1958,46,2005,French,5.0,1128.42,A class
1486,526,28,2015,no,4.94,792.06,A class
1487,2961,35,2008,Mandarin,4.76,758.89,A class
1488,2066,49,2014,French,4.27,574.18,B class
1489,2648,67,2006,Portuguese,3.99,525.09,B class
1490,122,64,2015,Spanish,4.55,779.97,A class
1491,1431,64,2002,no,4.88,1043.63,A class
1492,2322,60,2008,no,4.75,773.66,A class
1493,1616,48,2003,Mandarin,3.37,0.0,B class
1494,1179,51,2016,Portuguese,4.79,1049.19,A class
1495,2944,55,2023,Spanish,4.47,754.19,A class
1496,2380,54,2020,no,4.37,603.82,B class
1497,2201,51,2010,no,4.7,889.79,A class
1498,2,27,2016,Spanish,4.49,884.91,A class
1499,2115,62,2008,Arabic,4.52,508.53,B class
1500,483,21,2022,no,4.86,1012.61,A class
1501,134,41,2012,no,4.12,559.15,B class
1502,916,41,2002,Portuguese,4.62,877.96,A class
1503,450,67,2000,no,4.47,736.17,A class
1504,435,25,2018,no,4.02,399.19,B class
1505,318,43,2002,no,4.74,1144.09,A class
1506,2395,37,2023,no,4.93,769.29,A class
1507,1707,25,2018,no,4.78,1013.25,A class
1508,844,31,2013,Spanish,5.0,898.14,A class
1509,1731,40,2016,Spanish,3.8,298.59,B class
1510,2662,64,2000,Spanish,3.92,513.11,B class
1511,637,39,2007,Spanish,4.32,713.93,A class
1512,324,62,2020,no,4.07,663.51,B class
1513,1917,55,2020,no,4.1,548.24,B class
1514,2482,59,2021,no,4.95,1353.69,A class
1515,2267,61,2016,no,4.51,797.99,B class
1516,138,54,2022,Mandarin,4.55,820.84,A class
1517,153,55,2017,no,4.84,926.0,A class
1518,2352,28,2015,Spanish,4.46,918.64,A class
1519,678,54,2002,no,5.0,1192.18,A class
1520,921,23,2020,no,3.92,390.99,B class
1521,243,55,2011,no,4.43,317.01,B class
1522,225,51,2006,no,3.92,571.83,B class
1523,1996,56,2000,Spanish,5.0,1230.37,A class
1524,544,51,2022,French,4.62,696.59,A class
1525,2999,38,2005,no,4.42,771.3,B class
1526,620,38,2005,Spanish,4.24,475.48,B class
1527,1225,49,2014,French,4.93,955.98,A class
1528,372,43,2012,no,4.5,766.52,A class
1529,723,37,2013,no,5.0,1167.6,A class
1530,578,43,2020,no,4.31,503.58,B class
1531,2432,46,2018,no,4.83,780.49,A class
1532,1148,32,2016,Arabic,4.57,838.23,A class
1533,2826,50,2023,no,4.08,530.91,B class
1534,2408,35,2011,no,4.35,720.14,B class
1535,715,33,2012,Mandarin,4.14,536.43,B class
1536,456,40,2015,no,4.47,694.94,A class
1537,591,25,2019,Spanish,4.68,1029.41,A class
1538,537,49,1999,no,4.9,962.9,A class
1539,888,55,2007,no,4.75,822.98,A class
1540,2812,65,2012,no,4.42,806.11,B class
1541,2701,34,2009,no,5.0,958.17,A class
1542,1714,46,2014,no,4.72,894.14,A class
1543,2126,44,2018,Mandarin,5.0,884.74,A class
1544,2206,55,2007,Spanish,5.0,1360.19,A class
1545,1541,50,2004,Mandarin,4.9,1007.81,A class
1546,1341,58,2007,no,4.61,777.7,A class
1547,432,60,2009,Russian,4.91,958.19,A class
1548,2583,26,2023,no,3.79,347.81,B class
1549,1454,37,2008,French,4.33,442.23,B class
1550,1980,51,2008,Mandarin,3.95,460.51,B class
1551,2274,46,2013,Spanish,4.49,670.35,B class
1552,2690,43,2017,no,4.21,383.79,B class
1553,1633,29,2014,Mandarin,4.01,408.12,B class
1554,2930,47,2014,Mandarin,4.46,720.18,A class
1555,430,55,2017,no,4.21,656.03,B class
1556,1710,22,2021,French,4.75,896.99,A class
1557,232,48,2011,no,5.0,1078.81,A class
1558,2810,63,2010,no,4.67,891.21,A class
1559,2694,47,2007,Spanish,4.08,649.32,B class
1560,2434,65,2014,French,4.84,1002.21,A class
1561,2824,37,2020,no,4.2,681.21,B class
1562,2948,21,2022,no,4.34,530.06,B class
1563,950,53,2000,no,4.32,636.26,B class
1564,814,31,2012,no,4.35,332.8,B class
1565,664,21,2022,no,4.53,819.93,B class
1566,2477,29,2016,no,4.53,856.03,A class
1567,2873,64,2005,French,4.81,1126.36,A class
1568,1886,57,2001,no,5.0,1042.51,A class
1569,271,33,2010,no,4.58,700.04,A class
1570,2738,49,2010,no,4.47,823.04,A class
1571,2421,36,2012,no,4.27,648.73,B class
1572,1100,29,2014,no,4.08,471.75,B class
1573,1222,67,2002,no,4.11,635.52,B class
1574,2454,59,2014,no,4.23,430.06,B class
1575,229,38,2005,no,3.38,0.0,B class
1576,1316,37,2006,Spanish,4.37,557.28,B class
1577,1108,59,2002,Arabic,5.0,970.18,A class
1578,636,42,2022,no,4.73,522.45,A class
1579,2097,38,2020,no,4.3,491.29,B class
1580,2111,39,2016,no,4.47,785.54,A class
1581,2766,42,2004,no,3.7,534.18,B class
1582,856,45,2022,Spanish,4.5,819.17,A class
1583,2122,22,2021,Spanish,4.82,1099.23,A class
1584,353,43,2023,no,4.44,651.79,B class
1585,2799,41,2019,no,3.58,280.58,B class
1586,1871,33,2010,no,4.59,895.43,B class
1587,262,37,2006,no,5.0,834.89,A class
1588,1770,40,2006,Portuguese,4.59,752.51,A class
1589,1467,38,2016,no,4.15,293.95,B class
1590,2217,63,2008,no,5.0,1327.11,A class
1591,2561,45,2004,no,4.09,332.11,B class
1592,300,44,2010,no,4.16,723.97,B class
1593,1840,33,2010,no,4.35,527.13,B class
1594,914,64,2009,no,3.84,562.08,B class
1595,2742,22,2021,no,3.95,609.15,B class
1596,102,46,2008,no,4.58,1023.55,A class
1597,16,28,2015,Spanish,5.0,963.81,A class
1598,2143,57,2003,no,4.52,710.66,B class
1599,2597,38,2011,no,4.09,368.58,B class
1600,255,34,2009,Arabic,4.82,714.93,A class
1601,1452,23,2020,no,4.49,943.33,A class
1602,2302,58,2005,Russian,4.69,707.23,A class
1603,2797,39,2011,Portuguese,4.82,849.82,A class
1604,697,33,2016,no,4.3,685.16,B class
1605,2616,60,2001,no,4.45,907.79,A class
1606,2792,21,2022,French,4.37,400.65,B class
1607,2397,43,2022,no,4.8,949.0,A class
1608,1579,28,2023,no,5.0,1083.3,A class
1609,1846,26,2021,Spanish,4.59,613.73,A class
1610,770,22,2021,no,4.29,581.66,B class
1611,2552,29,2020,Arabic,4.49,833.5,A class
1612,1758,65,2001,Mandarin,4.41,721.21,B class
1613,1044,41,2002,Arabic,4.88,924.54,A class
1614,2653,67,2019,Mandarin,4.79,619.77,A class
1615,1739,33,2010,Spanish,4.4,498.07,B class
1616,2146,56,2020,no,4.6,908.62,A class
1617,2912,25,2018,Russian,4.49,516.85,B class
1618,2005,26,2017,Portuguese,4.23,445.01,B class
1619,2828,21,2022,French,4.6,1038.68,A class
1620,1922,63,2013,French,4.65,806.29,A class
1621,1422,52,2003,Spanish,4.67,1065.36,A class
1622,1097,55,2000,no,4.46,807.42,A class
1623,1516,64,2020,Arabic,4.54,481.49,B class
1624,2732,36,2007,no,4.37,697.24,B class
1625,2008,54,2016,no,4.37,612.7,B class
1626,1797,44,2012,no,4.65,893.36,A class
1627,1637,46,2021,Spanish,4.83,769.8,A class
1628,1987,52,1999,Spanish,4.92,1284.47,A class
1629,1435,43,2004,no,4.61,648.75,A class
1630,1796,22,2021,no,4.54,879.2,A class
1631,2185,24,2019,no,3.99,382.76,B class
1632,1923,44,2002,no,5.0,1419.92,A class
1633,1054,47,2020,no,4.69,852.54,A class
1634,1118,55,2017,Mandarin,4.19,321.21,B class
1635,1994,47,2023,no,4.54,614.68,B class
1636,2677,29,2014,no,4.77,1006.01,A class
1637,2748,38,2011,no,4.28,764.54,B class
1638,522,41,2023,no,3.69,113.34,B class
1639,236,67,2007,Arabic,4.03,466.09,B class
1640,470,46,2023,no,4.47,949.83,A class
1641,1418,50,2004,no,3.74,331.32,B class
1642,2865,55,2006,Mandarin,4.29,460.35,B class
1643,1685,38,2005,no,4.48,972.14,A class
1644,1173,66,2021,French,4.27,449.38,B class
1645,2924,52,2002,Russian,4.04,517.76,B class
1646,2791,60,2010,Spanish,4.36,583.12,B class
1647,343,56,2002,Portuguese,4.06,604.58,B class
1648,810,50,2006,no,4.59,953.15,A class
1649,2535,22,2021,no,3.9,534.13,B class
1650,130,48,2023,no,4.11,477.44,B class
1651,688,27,2016,no,4.41,870.04,A class
1652,1342,49,2012,no,4.31,609.82,B class
1653,1947,53,2002,no,4.57,664.93,B class
1654,1483,46,2006,no,3.81,395.97,B class
1655,1940,35,2022,no,4.52,903.05,A class
1656,381,23,2020,Spanish,4.34,675.42,B class
1657,2406,52,2022,no,4.01,461.26,B class
1658,1612,53,2016,no,4.01,585.38,B class
1659,407,43,2018,no,4.73,812.43,B class
1660,405,54,1999,Mandarin,4.73,843.9,A class
1661,2889,57,2020,no,4.42,520.7,B class
1662,655,45,2002,Mandarin,5.0,1290.26,A class
1663,2088,23,2020,no,4.16,589.84,A class
1664,384,61,2007,no,4.31,490.86,A class
1665,743,42,2021,Russian,4.99,788.43,A class
1666,2451,52,2014,no,4.5,682.4,B class
1667,1119,63,2008,no,4.72,581.75,A class
1668,1557,38,2006,no,4.88,1024.02,A class
1669,2276,50,2002,no,3.85,573.0,B class
1670,2721,21,2022,no,4.15,554.08,B class
1671,724,62,2011,no,4.9,1184.95,A class
1672,47,23,2020,no,4.48,739.35,A class
1673,274,46,2017,Portuguese,4.28,726.83,B class
1674,1147,37,2006,no,3.8,162.1,B class
1675,2645,22,2021,no,3.67,0.0,B class
1676,982,42,2001,French,5.0,1290.17,A class
1677,1761,64,2013,no,4.56,956.46,A class
1678,1235,28,2015,Arabic,4.26,436.11,B class
1679,2754,34,2009,no,4.51,786.49,A class
1680,2806,29,2014,Spanish,3.98,335.7,B class
1681,2063,26,2018,Portuguese,4.22,506.9,B class
1682,646,31,2012,no,4.37,488.77,B class
1683,2508,47,2018,French,4.08,295.97,B class
1684,57,57,2004,Spanish,3.97,138.64,B class
1685,1145,53,2023,French,3.68,122.17,B class
1686,2411,57,2003,no,4.65,730.36,A class
1687,1992,54,2000,no,4.36,591.88,B class
1688,791,38,2023,no,4.62,789.39,A class
1689,1848,63,2008,Russian,4.87,1013.57,A class
1690,494,29,2022,no,4.26,501.15,B class
1691,304,53,2014,no,4.07,714.43,B class
1692,87,26,2017,Arabic,4.59,786.68,A class
1693,1314,56,2011,no,4.46,588.42,B class
1694,1473,25,2018,Spanish,4.72,912.04,A class
1695,1688,31,2012,no,4.96,1007.54,A class
1696,2543,39,2014,Spanish,5.0,1034.42,A class
1697,1251,53,2021,no,3.47,333.93,B class
1698,1752,23,2020,no,4.45,660.2,B class
1699,2037,33,2016,no,4.36,616.37,B class
1700,1798,36,2012,no,4.52,839.11,A class
1701,972,55,2021,no,3.72,101.02,B class
1702,1644,66,2016,no,3.71,350.25,B class
1703,2584,49,2010,Mandarin,5.0,906.59,A class
1704,1904,44,2001,no,4.47,705.02,B class
1705,2808,36,2015,no,4.03,681.86,B class
1706,23,59,2009,no,4.09,381.2,B class
1707,2728,26,2017,no,4.43,1076.24,A class
1708,2739,27,2016,Mandarin,4.14,557.12,B class
1709,2997,30,2016,no,4.39,609.4,A class
1710,2486,33,2022,Arabic,4.24,328.83,B class
1711,110,42,2001,Spanish,4.12,678.27,B class
1712,2976,65,2021,French,4.86,1018.72,A class
1713,2463,51,2018,Mandarin,4.41,685.66,A class
1714,2006,39,2020,no,4.45,521.96,B class
1715,2974,30,2013,Russian,4.3,635.99,B class
1716,276,51,2014,French,4.94,1013.63,A class
1717,1874,32,2011,Spanish,4.92,883.84,A class
1718,474,66,2008,no,4.78,1164.13,A class
1719,1775,43,2023,no,4.05,336.23,B class
1720,189,46,2016,Spanish,4.41,767.7,A class
1721,2896,63,2023,no,4.24,679.74,A class
1722,2790,35,2022,Spanish,4.22,458.7,B class
1723,224,43,2012,no,4.27,780.24,B class
1724,1578,46,2017,no,4.07,335.83,B class
1725,2371,33,2021,no,4.36,417.02,A class
1726,2996,23,2020,no,3.78,356.04,B class
1727,2187,34,2012,no,4.49,781.85,A class
1728,2582,26,2017,French,4.56,578.62,A class
1729,2736,52,2007,Spanish,4.43,488.61,A class
1730,1979,21,2022,Portuguese,4.53,970.17,A class
1731,754,35,2012,Mandarin,4.69,680.87,B class
1732,2697,62,2021,Mandarin,4.12,501.13,B class
1733,2258,47,2014,no,4.68,1042.45,A class
1734,890,52,2009,French,4.81,977.19,A class
1735,1234,52,2023,Portuguese,4.17,733.71,B class
1736,2458,35,2008,Mandarin,4.34,459.93,B class
1737,2558,50,2011,no,4.37,492.86,B class
1738,116,31,2012,Spanish,4.31,658.21,B class
1739,582,50,2017,no,4.81,1024.87,A class
1740,1482,53,2003,no,4.55,951.58,A class
1741,642,62,2014,Mandarin,4.45,499.92,A class
1742,2887,64,2000,French,3.97,664.03,B class
1743,1013,22,2021,no,4.8,894.49,A class
1744,1629,35,2008,no,4.57,676.79,B class
1745,2518,46,2018,Arabic,4.2,473.59,B class
1746,2485,36,2007,no,4.84,937.81,A class
1747,106,50,2019,no,4.64,618.53,A class
1748,1248,61,2023,Mandarin,3.28,47.09,B class
1749,1231,33,2013,French,4.54,539.14,B class
1750,1310,62,2003,no,4.49,668.57,A class
1751,380,62,2000,no,4.77,648.17,B class
1752,1265,63,2002,no,4.55,714.97,A class
1753,2076,24,2019,no,3.84,137.21,B class
1754,1258,34,2009,Mandarin,3.48,0.0,B class
1755,2821,26,2017,French,4.4,693.33,B class
1756,2470,26,2017,no,4.38,641.63,A class
1757,514,23,2020,no,3.38,0.0,B class
1758,561,41,2004,no,4.3,328.74,B class
1759,2640,25,2018,no,3.74,372.91,B class
1760,1672,34,2019,no,4.29,593.08,B class
1761,2586,67,2014,no,4.98,1036.87,A class
1762,2834,62,2008,French,4.05,632.0,A class
1763,1989,65,2017,no,4.49,720.28,B class
1764,2121,22,2021,Mandarin,4.59,476.46,A class
1765,1873,52,2015,no,4.57,558.58,B class
1766,509,50,2009,French,4.48,663.81,A class
1767,2132,27,2016,Russian,4.93,867.39,A class
1768,2375,63,2007,no,4.75,1110.05,A class
1769,1144,40,2020,no,4.06,642.79,A class
1770,1587,66,2015,Mandarin,4.48,774.1,B class
1771,1862,26,2017,no,4.19,780.86,B class
1772,212,51,2018,no,4.85,915.25,A class
1773,2660,27,2022,no,4.28,451.72,B class
1774,345,65,2015,Arabic,4.96,802.54,A class
1775,1898,49,2007,no,4.06,564.68,B class
1776,1815,24,2019,no,4.71,1139.24,A class
1777,2440,31,2020,no,4.43,789.16,A class
1778,101,37,2007,Spanish,3.91,673.54,B class
1779,497,21,2022,no,4.4,1029.61,A class
1780,2864,21,2022,Arabic,3.92,597.02,B class
1781,1029,64,2009,Mandarin,4.3,600.68,A class
1782,2471,67,2020,no,4.18,518.87,B class
1783,2311,46,2015,no,4.42,787.99,B class
1784,2895,63,2003,French,4.89,942.26,A class
1785,607,51,2013,Mandarin,4.56,993.76,A class
1786,303,22,2021,no,3.79,357.59,B class
1787,1272,54,2005,no,4.07,523.94,B class
1788,2830,21,2023,no,4.27,617.48,B class
1789,2755,59,2000,no,4.65,846.45,A class
1790,338,38,2015,no,3.92,529.92,B class
1791,1377,27,2016,no,5.0,803.26,A class
1792,308,33,2012,no,4.62,798.58,A class
1793,1205,53,2009,Arabic,4.34,439.79,B class
1794,299,60,2014,French,4.33,484.65,B class
1795,223,47,2002,French,4.54,626.06,A class
1796,1230,28,2021,Spanish,4.38,694.61,B class
1797,70,63,2001,Spanish,4.71,1177.36,A class
1798,2504,58,2018,no,4.62,916.83,A class
1799,2516,40,2003,Mandarin,4.74,620.6,A class
1800,1021,47,2023,no,4.61,737.36,A class
1801,1824,66,2023,no,4.87,619.39,A class
1802,2073,38,2021,Portuguese,4.65,641.34,B class
1803,693,22,2021,Arabic,4.56,812.47,A class
1804,164,27,2017,no,4.53,889.37,A class
1805,1963,49,2009,Mandarin,4.53,889.41,A class
1806,2316,67,2003,no,4.17,711.68,B class
1807,2030,55,2023,no,4.0,482.07,B class
1808,2687,50,2010,no,4.25,594.28,B class
1809,339,36,2007,no,4.08,654.97,B class
1810,825,41,2013,Mandarin,4.0,483.7,B class
1811,2152,22,2021,no,4.81,699.01,A class
1812,2863,38,2007,no,4.73,827.29,A class
1813,2437,50,2023,Russian,3.84,303.02,B class
1814,2623,63,2010,no,4.5,391.77,B class
1815,2261,64,2014,no,4.38,671.67,B class
1816,2428,59,2020,no,4.39,504.49,B class
1817,1023,22,2021,no,3.93,414.56,B class
1818,1522,59,2018,no,3.85,150.88,B class
1819,1193,31,2021,Spanish,4.65,674.18,A class
1820,661,49,2018,Arabic,3.89,276.5,B class
1821,2315,65,2003,no,4.32,825.02,A class
1822,1018,62,2009,no,4.22,556.64,B class
1823,635,52,2003,no,4.51,575.88,A class
1824,2809,35,2012,Arabic,4.62,804.92,A class
1825,2941,45,2021,no,4.83,938.85,A class
1826,2357,54,2014,no,3.66,402.38,B class
1827,1774,45,2019,Russian,4.89,730.82,A class
1828,2706,40,2010,Spanish,3.77,191.43,B class
1829,1069,39,2017,no,4.55,1242.56,A class
1830,2743,49,1999,no,4.04,280.26,B class
1831,131,22,2021,no,5.0,1171.61,A class
1832,1696,67,2016,Russian,4.32,394.13,B class
1833,2628,25,2018,no,4.97,814.53,A class
1834,1515,67,2010,no,5.0,979.48,A class
1835,2494,22,2021,Spanish,4.37,510.58,B class
1836,2219,45,2011,no,4.34,673.79,B class
1837,192,40,2017,no,3.86,506.42,B class
1838,2825,47,2006,Arabic,4.5,760.26,A class
1839,1867,41,2009,no,4.43,721.07,B class
1840,2717,63,2005,Arabic,4.46,422.5,B class
1841,313,21,2022,French,4.43,666.01,A class
1842,462,67,2005,no,4.13,548.96,B class
1843,445,53,2015,Mandarin,4.24,801.47,B class
1844,1828,57,2018,French,4.35,569.1,A class
1845,1104,27,2016,Spanish,4.36,555.59,B class
1846,2775,24,2019,Spanish,4.26,569.98,B class
1847,1564,39,2016,no,4.88,1062.78,A class
1848,1461,36,2007,no,4.8,802.75,B class
1849,1948,57,2001,Mandarin,4.24,650.59,A class
1850,539,63,2014,no,4.42,742.29,B class
1851,2946,41,2006,no,4.48,971.82,A class
1852,1718,57,1999,no,4.17,745.03,B class
1853,1507,23,2023,no,4.47,754.22,A class
1854,325,55,2014,French,4.66,767.57,A class
1855,681,25,2018,French,3.74,215.55,B class
1856,906,52,2011,French,5.0,931.86,A class
1857,1489,38,2005,no,4.96,1006.82,A class
1858,1594,40,2012,no,3.97,509.96,B class
1859,2578,33,2022,French,4.06,379.53,B class
1860,733,39,2013,no,4.53,787.9,A class
1861,1592,62,2013,Mandarin,4.02,210.81,B class
1862,1757,59,2002,Spanish,5.0,1049.91,A class
1863,728,36,2020,no,4.14,756.11,B class
1864,2601,34,2020,no,5.0,1096.07,A class
1865,2356,44,2020,Spanish,4.25,545.37,B class
1866,1807,53,2009,no,4.62,714.6,B class
1867,140,29,2014,Arabic,4.95,927.33,A class
1868,444,55,2008,Spanish,4.6,450.4,B class
1869,2988,65,2003,no,4.54,846.72,A class
1870,2533,60,2002,Mandarin,4.93,718.17,A class
1871,1839,46,2008,no,4.44,537.6,B class
1872,2081,36,2008,no,4.14,420.98,B class
1873,2102,36,2017,Russian,3.86,298.02,B class
1874,557,55,1999,Mandarin,4.65,1180.32,A class
1875,2075,42,2004,Spanish,4.66,1062.85,A class
1876,815,26,2017,French,4.68,1030.1,A class
1877,1727,52,1999,no,4.71,587.07,A class
1878,2360,27,2016,no,3.99,562.01,B class
1879,2021,67,2020,no,3.39,176.47,B class
1880,1845,40,2003,no,5.0,1249.91,A class
1881,1271,37,2012,no,4.48,792.45,A class
1882,1049,23,2020,no,4.3,764.92,B class
1883,2969,28,2015,Mandarin,4.51,675.24,A class
1884,1642,65,2017,no,4.03,341.57,B class
1885,124,46,2015,Spanish,4.01,548.91,B class
1886,1508,63,2008,French,5.0,983.43,A class
1887,2277,65,2014,Russian,4.54,804.83,A class
1888,2055,23,2020,no,3.85,328.75,B class
1889,740,38,2018,Arabic,4.23,500.34,B class
1890,1250,60,2007,French,4.54,516.18,B class
1891,1393,44,2023,no,4.16,565.62,B class
1892,774,44,2021,no,5.0,897.19,A class
1893,895,47,2022,no,4.31,429.17,B class
1894,1700,53,2005,Spanish,4.15,348.27,B class
1895,326,65,2023,Spanish,4.14,585.36,B class
1896,2253,62,2013,no,4.13,745.8,A class
1897,2436,50,2020,Mandarin,3.81,414.85,B class
1898,182,48,2009,no,4.86,568.21,A class
1899,415,37,2023,no,5.0,845.72,A class
1900,2328,26,2023,Arabic,4.36,573.44,B class
1901,2247,54,2013,Russian,4.03,587.75,B class
1902,2228,21,2022,French,4.22,491.13,B class
1903,1146,53,2021,no,3.81,238.56,B class
1904,866,44,2011,no,4.47,560.36,B class
1905,719,57,2003,no,4.24,1007.33,A class
1906,674,65,2008,no,4.62,347.71,B class
1907,827,46,2005,no,5.0,1097.57,A class
1908,1733,47,2016,Arabic,4.67,866.41,A class
1909,1207,43,2000,Spanish,3.86,360.23,B class
1910,2016,38,2020,no,3.86,138.23,B class
1911,601,25,2018,no,4.08,199.11,B class
1912,1374,22,2021,no,4.89,876.32,A class
1913,139,54,2023,no,4.68,680.88,A class
1914,1829,64,2000,Mandarin,5.0,1343.52,A class
1915,1614,23,2020,no,4.4,893.81,B class
1916,792,36,2018,French,4.44,613.82,B class
1917,616,49,2022,no,3.93,163.58,B class
1918,1406,54,2007,no,4.63,871.1,A class
1919,2876,55,2010,Russian,4.63,557.91,B class
1920,1172,53,2022,no,3.99,489.07,B class
1921,2936,24,2019,no,4.79,906.91,A class
1922,1669,32,2011,Spanish,4.44,624.34,A class
1923,1400,43,2012,no,4.77,922.85,A class
1924,2909,23,2020,no,3.72,112.8,B class
1925,88,37,2017,no,5.0,1146.74,A class
1926,540,39,2012,no,4.26,712.87,B class
1927,2333,66,2022,no,4.28,758.15,A class
1928,828,35,2014,no,4.63,865.02,A class
1929,2646,66,2018,French,4.24,288.71,B class
1930,2753,53,2021,Arabic,4.67,940.12,A class
1931,1254,53,2020,no,4.72,729.16,A class
1932,1565,59,2015,no,4.21,630.78,B class
1933,1301,60,2014,no,4.13,523.63,B class
1934,885,31,2015,no,4.22,595.32,B class
1935,2528,40,2006,no,4.37,485.46,A class
1936,1185,45,2010,French,4.88,1286.27,A class
1937,2547,66,2019,no,4.55,877.38,A class
1938,421,22,2021,no,4.4,701.28,B class
1939,2296,43,2005,Spanish,4.81,1103.4,A class
1940,52,31,2012,French,3.88,282.23,B class
1941,387,30,2022,no,4.04,633.52,B class
1942,671,56,2001,no,4.86,751.09,A class
1943,2156,30,2013,Russian,4.95,1032.89,A class
1944,269,58,2012,no,4.5,640.94,A class
1945,2376,67,2019,Spanish,5.0,919.75,A class
1946,396,57,2021,Spanish,4.58,848.79,A class
1947,2975,28,2016,no,3.89,386.68,B class
1948,667,27,2018,no,4.21,641.72,B class
1949,780,41,2018,no,4.61,685.42,A class
1950,1490,46,2013,no,4.26,328.79,B class
1951,1652,57,2022,no,4.83,888.56,A class
1952,2850,40,2015,French,3.92,400.47,B class
1953,1879,28,2015,Mandarin,4.25,857.68,A class
1954,2734,67,2002,Portuguese,5.0,967.62,A class
1955,1480,63,2023,Russian,4.21,737.74,B class
1956,120,51,2007,Mandarin,4.27,682.48,B class
1957,2668,53,1999,no,4.42,675.19,A class
1958,358,64,2009,no,4.92,864.04,A class
1959,2733,43,2014,Spanish,4.4,540.67,B class
1960,425,27,2016,Spanish,3.91,502.59,B class
1961,2334,49,2018,no,4.93,893.31,A class
1962,860,42,2014,Spanish,4.56,704.82,A class
1963,1226,58,2000,no,4.8,974.56,A class
1964,1585,57,2008,no,4.68,921.39,A class
1965,1035,43,2013,French,5.0,1057.81,A class
1966,2522,38,2020,no,4.52,903.13,A class
1967,1702,40,2003,no,4.37,383.26,B class
1968,1239,50,2019,Spanish,4.53,895.53,A class
1969,1444,50,2005,Spanish,4.44,692.41,B class
1970,1237,45,2016,no,4.26,741.81,B class
1971,1953,45,2017,Spanish,4.0,227.86,B class
1972,1583,67,2019,no,3.93,699.47,B class
1973,2622,32,2014,Spanish,4.51,924.6,A class
1974,1162,29,2014,no,4.46,623.01,B class
1975,2145,58,2013,Russian,3.88,411.94,B class
1976,2133,64,2023,French,3.88,167.72,B class
1977,272,49,2017,no,4.89,942.71,A class
1978,1897,39,2019,no,4.46,607.79,A class
1979,1103,37,2013,no,4.36,334.01,B class
1980,2710,42,2001,Mandarin,4.86,1071.28,A class
1981,1866,23,2020,Spanish,4.87,954.17,A class
1982,49,45,1999,Mandarin,4.95,945.77,A class
1983,2188,33,2021,Arabic,3.67,85.33,B class
1984,1282,33,2011,no,5.0,1305.6,A class
1985,1872,47,2022,Spanish,3.79,286.2,B class
1986,1152,66,2011,no,4.15,747.45,B class
1987,2588,30,2013,Spanish,4.13,396.14,B class
1988,2052,63,2004,no,4.48,573.11,B class
1989,1034,45,2015,French,4.51,713.14,A class
1990,2459,66,2023,no,3.73,300.68,B class
1991,2080,38,2012,no,4.26,904.73,B class
1992,2595,67,2013,no,4.86,775.14,A class
1993,512,52,2008,Portuguese,3.84,302.76,B class
1994,2752,52,2021,no,3.69,375.63,B class
1995,2069,47,2008,no,4.41,796.8,B class
1996,2343,42,2013,no,4.23,826.4,B class
1997,772,45,2005,no,4.09,676.4,B class
1998,1312,60,1999,Arabic,4.11,697.46,B class
1999,2456,58,2018,Russian,4.64,979.43,A class
2000,818,22,2021,French,4.57,952.93,A class
2001,1566,53,2020,French,4.02,524.1,B class
2002,1825,60,1999,no,4.34,400.54,B class
2003,1126,55,2011,no,4.42,708.22,A class
2004,2404,44,2005,Spanish,4.41,575.51,B class
2005,219,36,2007,Spanish,4.43,765.93,A class
2006,253,52,2008,no,5.0,1017.4,A class
2007,335,52,2014,Mandarin,4.59,867.31,A class
2008,758,38,2005,no,4.01,360.98,B class
2009,2221,40,2012,no,4.51,854.75,A class
2010,437,38,2007,no,4.44,704.49,B class
2011,2072,23,2020,French,4.42,516.86,B class
2012,1747,22,2021,Mandarin,4.7,621.58,A class
2013,822,24,2021,no,4.36,561.07,A class
2014,312,40,2016,French,4.5,745.28,A class
2015,2875,44,2000,French,4.26,763.86,A class
2016,1810,40,2010,no,5.0,1040.69,A class
2017,1112,65,2008,French,5.0,770.99,A class
2018,2980,31,2017,no,4.44,874.91,A class
2019,2320,39,2006,no,4.28,720.22,A class
2020,1737,32,2011,no,4.11,372.29,B class
2021,2665,35,2018,no,4.96,765.34,A class
2022,2565,48,2020,no,4.43,622.92,B class
2023,753,35,2014,no,3.91,588.82,B class
2024,1693,35,2009,no,4.11,599.31,B class
2025,1373,52,2016,Spanish,4.1,324.02,B class
2026,917,60,2017,Spanish,4.61,898.24,A class
2027,1864,30,2017,no,4.62,915.33,A class
2028,2000,26,2017,no,4.46,684.39,A class
2029,14,32,2011,no,4.34,678.0,B class
2030,1920,48,2011,French,4.51,523.37,B class
2031,406,66,2012,Arabic,3.81,130.22,B class
2032,2378,28,2019,no,4.03,204.81,B class
2033,2282,23,2020,Mandarin,4.26,290.0,B class
2034,1041,45,1999,Spanish,4.27,736.69,B class
2035,597,67,2005,Russian,4.61,870.95,A class
2036,166,46,2012,no,4.65,861.03,A class
2037,1088,64,2016,no,4.43,653.41,B class
2038,2804,51,2015,Spanish,4.83,1036.51,A class
2039,34,22,2023,no,4.28,339.62,B class
2040,443,41,2023,no,4.14,531.15,B class
2041,395,57,2004,no,4.51,657.28,A class
2042,2638,44,2002,no,4.87,1280.25,A class
2043,2195,30,2013,Mandarin,4.43,844.72,A class
2044,889,29,2014,Mandarin,4.82,741.93,A class
2045,1820,52,2000,no,3.9,551.65,B class
2046,1050,42,2013,Arabic,4.1,649.78,B class
2047,2618,47,2017,no,4.65,715.05,A class
2048,1819,38,2017,Russian,3.7,189.28,B class
2049,1006,36,2018,no,4.81,926.5,A class
2050,2465,52,2005,French,4.55,935.11,A class
2051,721,21,2023,Arabic,4.03,441.67,B class
2052,2382,41,2002,French,4.37,576.73,B class
2053,1607,38,2005,French,5.0,1113.55,A class
2054,382,57,2014,no,4.89,1095.78,A class
2055,1396,55,2006,Mandarin,4.5,545.72,A class
2056,685,41,2020,Spanish,4.38,631.13,A class
2057,2427,33,2013,no,4.1,302.6,B class
2058,2192,32,2021,Russian,4.28,552.3,B class
2059,447,30,2021,no,3.85,503.0,B class
2060,2918,33,2023,no,4.17,623.06,B class
2061,2882,56,2004,Arabic,5.0,1119.09,A class
2062,2870,23,2020,no,4.23,733.64,B class
2063,1530,22,2021,no,3.9,545.12,B class
2064,431,46,1999,no,4.02,449.49,B class
2065,230,31,2012,Mandarin,4.7,763.62,A class
2066,2114,60,1999,Arabic,4.2,569.7,B class
2067,704,56,2023,no,4.43,729.48,B class
2068,1562,57,2004,Spanish,3.97,258.82,B class
2069,2176,42,2005,Spanish,4.79,1119.16,A class
2070,54,41,2019,Spanish,4.06,562.96,B class
2071,2654,41,2020,Spanish,4.41,519.11,B class
2072,1236,30,2013,Portuguese,4.46,529.89,B class
2073,190,47,2001,no,5.0,1173.8,A class
2074,749,61,2015,no,4.71,649.94,A class
2075,1573,33,2022,Spanish,5.0,1132.96,A class
2076,40,23,2020,no,4.27,700.04,A class
2077,1111,47,2023,no,4.89,1096.57,A class
2078,11,39,2006,no,4.46,667.26,B class
2079,1586,58,2014,no,4.52,1025.88,A class
2080,1570,61,2022,Portuguese,4.75,980.02,A class
2081,1697,65,1999,no,4.55,795.56,A class
2082,28,39,2004,Spanish,4.45,1125.6,A class
2083,886,63,2001,Mandarin,4.72,837.9,A class
2084,2664,26,2017,no,4.22,650.29,B class
2085,1478,38,2023,no,4.84,927.88,A class
2086,92,33,2010,no,4.67,839.21,A class
2087,178,64,2004,no,4.13,378.45,B class
2088,1981,49,2004,no,4.34,556.76,B class
2089,630,38,2017,Spanish,4.08,639.14,B class
2090,2476,28,2015,no,4.76,882.82,A class
2091,1961,57,2000,no,4.21,752.42,B class
2092,1908,51,2022,no,4.57,945.02,A class
2093,1335,61,2007,no,4.56,828.12,A class
2094,1611,41,2004,no,4.13,747.53,B class
2095,939,28,2015,Portuguese,5.0,1212.56,A class
2096,1204,36,2009,no,4.17,361.08,B class
2097,2785,50,2004,no,4.92,1064.84,A class
2098,1555,32,2011,Spanish,4.42,799.21,A class
2099,2488,24,2019,Mandarin,3.62,0.0,B class
2100,1253,59,2021,Spanish,4.98,1030.07,A class
2101,1311,45,2017,no,4.68,939.94,A class
2102,1278,39,2016,Spanish,4.35,602.33,B class
2103,2290,46,2015,no,4.04,481.92,B class
2104,1509,55,2014,French,3.88,341.99,B class
2105,1404,21,2022,no,5.0,898.36,A class
2106,577,41,2006,Mandarin,4.13,741.57,B class
2107,1892,32,2021,Spanish,4.18,324.07,B class
2108,611,25,2018,Spanish,4.72,650.81,A class
2109,1203,22,2021,no,3.82,415.82,B class
2110,2383,41,2002,Spanish,3.94,673.1,B class
2111,2433,46,2023,Mandarin,4.71,884.66,A class
2112,2926,44,2016,no,4.46,840.65,A class
2113,861,57,2001,no,4.4,521.6,B class
2114,292,42,2011,no,4.27,673.52,A class
2115,1869,48,2009,no,4.41,750.43,B class
2116,686,59,2023,Mandarin,4.48,538.1,B class
2117,2053,51,2004,no,4.41,438.0,B class
2118,662,63,2017,Mandarin,4.16,554.38,B class
2119,2374,31,2012,Mandarin,4.1,583.5,B class
2120,2596,57,2014,Spanish,4.25,610.42,B class
2121,2692,53,2019,Spanish,5.0,723.68,A class
2122,759,48,2009,Spanish,4.78,588.9,A class
2123,1121,21,2022,no,4.05,512.03,B class
2124,1915,46,2012,no,3.96,279.88,B class
2125,1538,61,2000,French,4.46,677.0,A class
2126,336,51,2014,Russian,5.0,904.58,A class
2127,2113,21,2022,no,3.93,503.25,B class
2128,1428,34,2009,Portuguese,4.5,731.97,A class
2129,2095,47,2019,Russian,4.5,716.14,A class
2130,1749,59,2003,no,4.52,744.51,A class
2131,2229,41,2018,Mandarin,4.33,317.97,B class
2132,2727,61,2017,Spanish,4.69,808.5,A class
2133,1553,58,2023,no,4.32,645.77,A class
2134,1511,33,2015,no,4.67,749.03,A class
2135,1954,30,2013,no,4.61,763.08,A class
2136,84,63,2006,French,4.77,971.41,A class
2137,1910,48,2001,no,5.0,1214.54,A class
2138,1670,60,2004,French,5.0,873.61,A class
2139,2329,64,2015,Spanish,5.0,1196.2,A class
2140,1238,40,2003,Mandarin,5.0,1118.2,A class
2141,1988,23,2020,no,3.9,361.63,B class
2142,2127,63,2018,no,4.47,796.27,A class
2143,1617,48,2015,no,4.59,865.08,A class
2144,1571,26,2017,no,5.0,1063.41,A class
2145,1656,45,2018,no,3.98,501.13,B class
2146,2128,22,2021,no,4.43,747.31,A class
2147,1680,34,2017,no,4.08,452.34,B class
2148,2782,37,2014,Spanish,4.7,664.43,A class
2149,4,42,2008,no,4.18,681.42,B class
2150,1474,47,2013,no,4.92,783.48,A class
2151,2160,60,2013,Arabic,3.97,269.59,B class
2152,1110,37,2006,no,4.91,956.56,A class
2153,891,55,2013,Portuguese,4.44,896.48,A class
2154,2358,65,2021,Spanish,4.51,600.47,A class
2155,1694,56,2005,no,5.0,1060.53,A class
2156,1978,32,2011,Portuguese,4.47,536.36,B class
2157,337,52,2018,Arabic,4.49,539.86,A class
2158,1753,34,2009,Spanish,4.77,988.0,A class
2159,2419,43,2014,no,4.24,649.1,A class
2160,1359,50,2020,no,5.0,1005.58,A class
2161,684,34,2019,no,4.38,505.22,B class
2162,374,21,2022,Mandarin,4.01,468.24,B class
2163,496,60,2018,no,5.0,961.17,A class
2164,2079,55,2012,no,4.59,777.48,B class
2165,1067,26,2017,no,3.49,136.61,B class
2166,1401,38,2005,no,4.26,371.19,B class
2167,1360,33,2011,no,4.1,471.16,B class
2168,1495,66,2001,no,3.97,336.34,B class
2169,359,65,2016,Arabic,4.53,572.58,B class
2170,2388,53,2002,no,4.69,790.31,A class
2171,1269,41,2017,no,4.82,915.72,A class
2172,2928,23,2022,no,4.87,739.45,A class
2173,612,32,2011,no,4.77,638.97,A class
2174,1142,25,2018,Spanish,4.04,269.32,B class
2175,1906,58,2000,no,4.77,862.43,A class
2176,898,25,2018,Portuguese,5.0,841.95,A class
2177,554,52,2021,Russian,4.39,765.31,A class
2178,812,65,2008,French,4.6,609.11,A class
2179,623,35,2008,French,4.03,400.11,B class
2180,2222,53,2008,no,4.88,910.21,A class
2181,455,62,2023,Spanish,4.95,1020.02,A class
2182,2716,41,2022,no,4.23,725.53,A class
2183,172,42,2007,French,4.49,568.66,B class
2184,2108,30,2013,no,4.29,550.26,B class
2185,1673,41,2019,no,4.5,683.25,B class
2186,181,62,2022,no,4.23,488.9,B class
2187,1476,52,2013,Spanish,4.87,1011.85,A class
2188,1128,30,2016,Spanish,4.62,701.67,A class
2189,1960,45,1999,no,5.0,977.31,A class
2190,275,54,2000,no,4.76,816.75,A class
2191,1255,24,2019,no,4.07,464.05,B class
2192,67,56,2000,French,4.58,624.27,B class
2193,174,30,2018,no,4.53,520.71,B class
2194,2794,34,2009,no,4.34,835.07,B class
2195,2789,40,2012,Spanish,5.0,1226.3,A class
2196,2001,44,2012,Spanish,5.0,1262.37,A class
2197,1787,64,2022,French,4.73,662.62,A class
2198,1163,31,2019,Spanish,4.44,543.91,A class
2199,1822,33,2019,Portuguese,3.59,385.97,B class
2200,1086,38,2011,no,4.47,820.09,A class
2201,2932,61,2019,no,4.22,390.3,B class
2202,506,66,2021,Russian,4.83,921.2,A class
2203,490,42,2008,no,4.03,512.92,B class
2204,711,53,2002,French,4.74,938.49,A class
2205,878,64,2022,no,3.98,541.23,B class
2206,388,60,2009,no,4.58,637.33,A class
2207,352,53,1999,no,4.89,842.53,A class
2208,2675,46,2013,Spanish,4.88,1037.7,A class
2209,30,67,2019,French,4.53,614.52,B class
2210,975,32,2022,no,4.61,700.76,A class
2211,1942,38,2005,no,4.01,463.47,B class
2212,832,54,2013,no,4.43,658.66,A class
2213,2520,21,2022,no,4.39,932.1,A class
2214,1392,44,2002,no,4.74,630.5,A class
2215,1333,61,2003,Portuguese,4.51,724.03,B class
2216,1877,29,2014,no,4.44,513.02,B class
2217,90,58,2021,no,4.75,811.41,A class
2218,476,40,2021,no,4.08,355.44,B class
2219,135,61,2018,no,3.79,398.76,B class
2220,1531,50,2020,no,4.53,717.69,A class
2221,2083,28,2015,Mandarin,4.07,535.87,B class
2222,200,55,2014,Spanish,3.88,304.16,B class
2223,2184,23,2020,French,5.0,1108.35,A class
2224,1322,32,2021,no,4.1,374.29,B class
2225,566,62,2005,Spanish,4.57,692.81,A class
2226,1704,62,2000,Arabic,4.35,571.15,B class
2227,2931,23,2020,Arabic,4.13,538.36,B class
2228,1730,38,2007,Portuguese,4.24,467.04,B class
2229,141,25,2018,no,4.77,881.98,A class
2230,1015,33,2021,Russian,4.47,580.15,B class
2231,2556,66,2016,French,4.53,626.05,A class
2232,622,30,2013,French,4.26,571.98,B class
2233,97,51,2002,Spanish,5.0,1207.34,A class
2234,931,58,2014,Russian,3.9,203.08,B class
2235,2062,62,2021,no,3.66,373.86,B class
2236,1765,37,2017,Mandarin,4.85,730.26,A class
2237,1681,53,2002,Mandarin,4.86,1065.04,A class
2238,2514,43,2009,Mandarin,4.7,927.07,A class
2239,2461,26,2017,Mandarin,4.6,692.11,A class
2240,1600,31,2023,no,4.83,671.57,A class
2241,2089,56,2004,no,4.7,851.88,A class
2242,228,53,2012,no,3.98,523.85,B class
2243,2972,45,2010,Mandarin,4.85,822.74,A class
2244,234,57,2002,Mandarin,4.76,722.94,A class
2245,309,53,2009,French,5.0,1293.3,A class
2246,502,36,2007,French,5.0,1241.47,A class
2247,330,34,2010,Spanish,4.66,810.33,A class
2248,63,65,2015,no,3.74,403.83,B class
2249,1224,66,2000,Spanish,5.0,1249.31,A class
2250,1457,22,2021,Arabic,4.01,511.13,B class
2251,2398,58,2004,Spanish,4.52,582.39,A class
2252,71,27,2018,Arabic,4.28,567.41,B class
2253,2559,61,2007,Russian,4.44,589.28,B class
2254,1336,48,2009,no,4.71,841.17,A class
2255,2198,53,2021,Mandarin,4.25,792.48,A class
2256,1363,53,2017,no,4.5,537.7,A class
2257,341,49,2001,no,4.18,403.85,B class
2258,520,32,2011,no,4.39,559.09,B class
2259,2899,58,2004,no,4.24,574.62,B class
2260,2953,47,2019,no,4.21,682.46,B class
2261,1247,46,2018,Spanish,4.3,835.63,B class
2262,297,35,2008,no,5.0,1070.38,A class
2263,2224,21,2022,no,4.36,649.19,B class
2264,118,47,2001,no,3.83,362.79,B class
2265,311,37,2006,no,5.0,1084.12,A class
2266,545,51,2015,Arabic,4.76,781.72,A class
2267,2479,38,2005,no,4.67,642.03,A class
2268,1728,66,2004,no,4.55,501.36,B class
2269,390,53,2020,Russian,4.29,308.69,B class
2270,113,42,2021,French,4.88,1114.22,A class
2271,202,54,2020,Spanish,4.5,657.68,B class
2272,1991,51,2005,Mandarin,4.12,319.63,B class
2273,847,50,2020,no,4.66,771.68,A class
2274,2173,48,2016,Mandarin,4.73,920.5,A class
2275,2599,64,2013,no,4.56,590.83,A class
2276,2067,35,2020,no,4.03,389.47,B class
2277,2691,41,2015,no,4.31,533.24,B class
2278,302,32,2011,Mandarin,3.95,387.57,B class
2279,2199,47,1999,no,4.97,1118.28,A class
2280,2135,67,2012,no,4.12,650.18,B class
2281,2077,49,2005,no,3.92,258.18,B class
2282,915,30,2013,Mandarin,4.93,748.31,A class
2283,2695,64,2012,no,4.46,515.03,A class
2284,1122,58,2010,no,4.29,600.2,B class
2285,2703,41,2002,no,4.25,350.34,B class
2286,2149,27,2022,French,3.97,534.24,B class
2287,1986,39,2011,no,4.86,907.22,A class
2288,969,58,2022,Portuguese,4.51,625.44,A class
2289,1944,48,2002,no,4.56,983.17,A class
2290,53,29,2014,no,4.47,589.43,A class
2291,2641,28,2022,no,4.54,588.97,A class
2292,1194,66,2008,no,4.43,376.44,B class
2293,1990,42,2013,no,4.53,777.86,B class
2294,208,53,2022,no,4.77,1087.62,A class
2295,589,37,2006,Arabic,5.0,855.58,A class
2296,173,25,2018,no,4.04,266.25,B class
2297,2787,40,2023,no,4.14,562.56,B class
2298,1905,53,2008,no,4.66,821.76,A class
2299,2858,36,2014,no,5.0,1069.7,A class
2300,2914,49,2007,no,4.9,1083.52,A class
2301,125,41,2019,no,4.12,500.24,B class
2302,1424,36,2007,no,5.0,870.79,A class
2303,1161,32,2013,no,4.32,702.02,A class
2304,2107,33,2013,Portuguese,4.89,794.84,A class
2305,2940,33,2010,Spanish,4.67,842.8,A class
2306,2289,54,2010,Portuguese,3.89,232.32,B class
2307,768,36,2023,no,4.8,672.45,A class
2308,1300,55,2009,Arabic,4.7,877.92,A class
2309,2722,35,2008,no,4.26,807.8,A class
2310,707,36,2016,no,4.32,584.9,B class
2311,1674,64,2019,French,3.88,328.33,B class
2312,1190,62,2022,no,4.65,754.3,A class
2313,571,39,2004,no,4.87,515.83,A class
2314,736,33,2023,French,3.91,190.49,B class
2315,2572,54,2009,Spanish,4.3,615.47,B class
2316,2512,24,2019,no,4.64,693.82,B class
2317,2845,42,2015,no,4.33,501.72,B class
2318,81,49,2018,no,4.47,529.9,B class
2319,351,52,2006,Russian,3.83,331.38,B class
2320,2942,26,2017,no,5.0,897.22,A class
2321,357,21,2023,no,4.43,696.98,B class
2322,488,34,2009,no,4.09,537.3,B class
2323,738,26,2023,Arabic,3.4,25.45,B class
2324,248,44,2014,Mandarin,4.82,912.82,A class
2325,729,64,2016,no,4.82,802.12,A class
2326,1091,34,2009,Portuguese,4.41,822.71,A class
2327,503,42,2001,no,4.71,1133.51,A class
2328,966,31,2012,Arabic,4.68,891.62,A class
2329,2867,23,2020,no,4.34,802.83,B class
2330,1223,54,2023,no,4.21,404.86,B class
2331,884,33,2022,no,4.31,438.31,B class
2332,2760,46,2004,Russian,4.77,594.71,A class
2333,2720,53,2013,Portuguese,4.96,1024.5,A class
2334,2181,60,2011,Spanish,4.48,767.26,A class
2335,2741,29,2014,no,5.0,677.58,A class
2336,2148,48,2015,no,4.26,757.49,A class
2337,1339,63,2006,no,4.77,868.46,A class
2338,1772,43,2005,no,5.0,1313.59,A class
2339,479,22,2021,no,4.83,833.29,A class
2340,2393,33,2010,Spanish,5.0,1180.87,A class
2341,2921,58,2019,Spanish,4.1,485.04,B class
2342,1969,58,2016,Arabic,5.0,1232.4,A class
2343,314,35,2008,no,4.45,665.81,A class
2344,1956,30,2013,no,4.28,661.68,B class
2345,1912,34,2022,no,3.78,264.67,B class
2346,1907,32,2011,no,4.65,726.5,A class
2347,525,55,2009,Spanish,4.17,521.15,B class
2348,1154,60,2008,French,4.76,971.79,A class
2349,2070,23,2020,no,3.82,348.27,B class
2350,1410,55,2022,no,5.0,867.05,A class
2351,347,56,2005,Arabic,4.57,954.27,A class
2352,865,49,2017,no,5.0,1313.36,A class
2353,533,61,2020,no,3.93,549.39,B class
2354,1027,22,2021,Mandarin,4.87,1072.82,A class
2355,879,53,2023,Spanish,3.65,0.0,B class
2356,481,26,2017,no,4.32,609.08,A class
2357,2971,63,2009,French,4.46,516.29,B class
2358,813,44,2011,Portuguese,4.14,619.03,B class
2359,2962,25,2023,no,4.27,688.96,B class
2360,1972,56,2004,no,4.28,394.5,B class
2361,2968,56,2023,Mandarin,3.85,624.93,B class
2362,1888,42,2017,Spanish,4.34,529.39,B class
2363,765,35,2014,no,4.41,592.9,A class
2364,221,21,2022,no,4.55,964.04,A class
2365,937,63,2013,Mandarin,4.4,874.89,A class
2366,2939,29,2014,no,4.9,994.03,A class
2367,1821,60,2000,no,4.11,334.27,B class
2368,1631,48,2004,no,4.38,690.39,B class
2369,1870,53,2023,no,4.49,632.39,A class
2370,1653,53,2004,Portuguese,4.64,738.23,A class
2371,2002,61,2018,Spanish,4.05,465.16,B class
2372,1703,22,2021,no,4.39,720.3,A class
2373,710,67,1999,Arabic,4.43,800.85,B class
2374,713,23,2021,no,4.13,372.8,B class
2375,2309,67,2021,no,4.5,693.87,A class
2376,2468,33,2010,no,4.7,581.53,A class
2377,1307,60,2020,Mandarin,4.05,662.27,B class
2378,965,24,2019,Mandarin,4.1,456.95,B class
2379,2281,42,2010,French,4.13,620.49,B class
2380,2194,46,2009,no,4.35,733.56,B class
2381,2256,65,2002,no,4.62,927.09,A class
2382,553,26,2018,no,4.53,690.36,A class
2383,1294,22,2021,Russian,4.75,800.25,A class
2384,1133,51,1999,no,4.41,937.42,A class
2385,2651,23,2023,Spanish,4.12,474.97,B class
2386,2546,57,2019,Mandarin,3.7,246.49,B class
2387,1349,22,2021,no,3.93,414.83,B class
2388,1045,66,2015,no,3.95,315.26,B class
2389,123,46,2020,no,4.13,446.01,B class
2390,2137,65,2019,Spanish,5.0,953.18,A class
2391,149,26,2017,Russian,4.79,902.7,A class
2392,32,33,2012,no,4.87,1273.41,A class
2393,328,42,2015,Russian,4.21,472.51,B class
2394,2781,22,2021,no,4.85,909.52,A class
2395,1484,25,2018,no,4.74,849.0,A class
2396,2888,36,2011,Arabic,4.45,612.41,B class
2397,2836,55,2012,Arabic,4.77,1045.69,A class
2398,2987,54,2000,no,4.88,1057.83,A class
2399,935,25,2023,Spanish,4.09,549.77,B class
2400,744,23,2020,Arabic,4.03,502.06,B class
2401,2534,51,2005,Mandarin,4.22,421.96,B class
2402,2774,37,2011,Spanish,3.63,93.34,B class
2403,2569,58,2002,no,4.47,845.21,A class
2404,2010,35,2008,no,4.11,491.58,B class
2405,2589,38,2015,Spanish,4.15,334.24,B class
2406,2708,31,2012,no,4.63,663.7,A class
2407,2649,33,2017,no,3.88,398.25,B class
2408,410,54,2018,no,4.76,800.59,A class
2409,1984,43,2000,no,4.61,782.93,A class
2410,2511,51,2023,no,4.0,474.95,B class
2411,1711,24,2019,no,4.24,877.18,B class
2412,433,46,2008,no,3.95,583.51,B class
2413,2844,42,2013,no,4.36,1007.31,A class
2414,2314,63,2002,Arabic,4.56,602.57,A class
2415,2577,40,2017,Spanish,4.67,712.07,A class
2416,807,25,2018,no,4.65,666.04,A class
2417,2293,53,2020,no,4.19,543.73,B class
2418,2705,28,2018,no,3.84,425.98,B class
2419,2154,63,2019,Spanish,4.95,909.18,A class
2420,1417,39,2005,Spanish,4.62,798.62,A class
2421,2800,57,2018,Spanish,4.07,468.9,B class
2422,585,51,2007,Mandarin,4.83,903.07,A class
2423,1266,42,2015,no,4.83,1015.96,A class
2424,2035,48,2009,no,4.74,959.83,A class
2425,1759,29,2014,no,4.28,550.77,B class
2426,1004,24,2019,no,3.76,304.89,B class
2427,510,57,2023,no,3.71,342.5,B class
2428,826,66,2004,Mandarin,4.31,775.74,A class
2429,348,61,2000,no,5.0,1149.13,A class
2430,2770,35,2008,Spanish,4.29,574.57,B class
2431,2848,37,2019,no,4.36,489.32,B class
2432,1469,37,2007,no,4.21,559.4,B class
2433,2847,54,2008,Mandarin,4.28,521.38,B class
2434,1546,50,2007,no,4.68,607.97,A class
2435,441,58,2013,no,4.1,449.66,B class
2436,2447,65,2010,no,4.84,838.81,A class
2437,1449,39,2007,Mandarin,4.24,804.41,A class
2438,83,52,2012,no,5.0,1211.85,A class
2439,1955,44,2004,Portuguese,3.98,598.57,B class
2440,1285,65,2006,Russian,5.0,1171.41,A class
2441,2024,37,2016,French,4.84,1086.45,A class
2442,750,29,2014,no,4.49,511.67,B class
2443,2829,38,2005,Spanish,4.17,713.95,B class
2444,2544,50,2011,no,3.93,565.06,B class
2445,2866,65,2006,Arabic,4.25,358.88,B class
2446,86,59,2020,no,4.41,823.87,B class
2447,726,21,2022,no,3.93,883.07,B class
2448,240,44,2006,no,3.66,473.36,B class
2449,206,28,2015,French,5.0,1287.08,A class
2450,1329,38,2007,Arabic,4.63,752.16,A class
2451,1078,65,2007,no,4.77,681.22,A class
2452,1533,67,2015,no,4.1,501.81,B class
2453,2917,28,2015,Mandarin,4.32,742.79,B class
2454,478,27,2016,French,4.18,483.68,B class
2455,2109,53,2022,Mandarin,4.46,511.67,B class
2456,194,40,2017,no,4.59,588.71,B class
2457,260,41,2008,Spanish,4.98,987.82,A class
2458,1028,62,1999,Arabic,4.68,737.48,A class
2459,1497,64,2011,no,4.55,807.09,A class
2460,41,63,2002,no,4.52,723.64,A class
2461,473,57,2004,no,4.79,654.85,A class
2462,835,67,2009,no,4.3,346.54,B class
2463,1047,54,2003,French,4.64,862.5,A class
2464,2984,62,2013,no,4.46,768.28,A class
2465,1523,46,2012,no,4.32,696.16,B class
2466,157,23,2020,no,3.99,637.78,B class
2467,237,59,2008,Arabic,4.51,781.12,A class
2468,824,64,2010,French,4.58,650.33,A class
2469,2134,35,2013,no,4.66,552.73,B class
2470,1901,41,2002,Mandarin,4.18,693.66,B class
2471,1005,47,2022,no,4.69,749.47,A class
2472,1048,51,2022,French,4.8,930.63,A class
2473,1416,52,2012,Mandarin,5.0,1143.81,A class
2474,2593,39,2023,no,3.94,621.26,B class
2475,1106,61,2015,Russian,4.51,776.55,A class
2476,1900,59,2009,no,3.79,400.49,B class
2477,1547,65,2013,Spanish,4.76,1125.55,A class
2478,1242,48,2018,no,3.76,319.0,B class
2479,495,24,2019,Mandarin,4.24,502.76,B class
2480,2346,60,2008,no,4.51,660.43,A class
2481,246,24,2019,no,3.84,596.96,B class
2482,2155,30,2013,no,4.11,634.65,B class
2483,546,34,2010,Russian,4.39,552.81,B class
2484,837,29,2020,no,4.64,850.66,A class
2485,360,55,2017,Spanish,4.14,501.02,B class
2486,10,41,2012,no,4.62,707.58,B class
2487,1790,31,2017,French,4.12,686.74,B class
2488,1249,21,2022,no,4.53,849.24,A class
2489,2246,31,2014,Spanish,4.98,862.26,A class
2490,127,53,2003,Portuguese,3.63,461.23,B class
2491,1276,58,2017,no,4.72,1002.95,A class
2492,1364,34,2011,no,4.4,478.33,B class
2493,2745,24,2019,Arabic,4.66,711.17,A class
2494,344,47,2018,no,4.12,214.2,B class
2495,2234,57,2004,no,4.73,877.08,A class
2496,409,24,2019,no,5.0,1334.47,A class
2497,1486,58,2007,French,4.77,735.7,A class
2498,2532,29,2014,Portuguese,4.11,607.25,B class
2499,756,33,2010,Spanish,4.24,641.3,B class
2500,2268,50,2004,Spanish,4.1,389.15,B class
2501,2620,23,2020,no,4.76,966.43,A class
2502,980,35,2010,no,4.58,660.53,A class
2503,1675,27,2016,no,4.07,387.21,B class
2504,2130,31,2017,no,4.27,307.46,B class
2505,1463,57,2010,no,4.51,759.85,A class
2506,677,31,2012,Spanish,4.7,939.35,A class
2507,658,23,2020,no,4.03,314.83,B class
2508,1891,31,2012,no,4.68,922.0,A class
2509,2860,25,2018,no,4.46,586.35,B class
2510,55,50,2019,no,4.03,559.01,B class
2511,1042,66,2019,no,4.24,470.59,B class
2512,294,28,2015,no,4.73,1113.69,A class
2513,265,55,2019,no,3.52,236.37,B class
2514,2650,38,2005,no,4.01,655.49,B class
2515,1909,24,2019,Mandarin,4.99,993.45,A class
2516,892,53,2006,Arabic,4.43,922.96,A class
2517,1149,30,2014,Mandarin,4.28,694.85,B class
2518,2598,45,2016,Spanish,4.67,926.55,A class
2519,2877,44,2011,Arabic,4.8,1083.46,A class
2520,1051,49,2006,no,4.59,980.01,A class
2521,1830,27,2016,Spanish,4.46,409.83,B class
2522,1638,32,2016,no,4.3,472.98,B class
2523,1518,55,2020,no,4.49,502.94,A class
2524,862,64,2010,no,4.17,524.51,B class
2525,1929,21,2022,no,4.68,717.69,A class
2526,2542,40,2010,French,5.0,879.26,A class
2527,403,62,2017,no,4.42,456.0,B class
2528,918,34,2017,Spanish,4.67,542.35,A class
2529,867,42,2014,Arabic,4.84,985.94,A class
2530,2401,63,2015,no,5.0,952.88,A class
2531,789,66,2018,no,4.77,772.7,A class
2532,1788,51,2000,no,3.81,364.96,B class
2533,1926,53,2015,no,4.14,585.43,B class
2534,2497,49,2017,Russian,4.65,558.38,A class
2535,2567,34,2009,Mandarin,4.29,531.03,B class
2536,1621,62,2003,Mandarin,5.0,1148.25,A class
2537,2513,22,2021,no,4.96,928.84,A class
2538,1933,23,2020,Mandarin,3.94,433.76,B class
2539,2496,49,2021,Mandarin,4.15,751.99,B class
2540,823,60,2010,no,4.14,778.48,B class
2541,2680,59,2022,no,4.13,526.08,B class
2542,370,52,2020,no,4.12,411.58,B class
2543,9,38,2009,no,5.0,874.19,A class
2544,1026,37,2018,Arabic,3.86,493.85,B class
2545,270,41,2023,Spanish,3.74,50.92,B class
2546,2761,33,2019,no,3.82,346.68,B class
2547,609,40,2004,Portuguese,4.34,797.6,B class
2548,2257,25,2018,no,4.25,283.17,B class
2549,1370,36,2014,no,4.55,639.73,A class
2550,2624,65,1999,Portuguese,4.48,738.78,B class
2551,2517,54,2014,Arabic,3.86,363.31,B class
2552,2236,27,2016,Spanish,4.08,569.46,B class
2553,121,34,2015,no,3.87,483.06,B class
2554,1140,33,2023,Russian,3.9,659.44,B class
2555,453,34,2021,Mandarin,4.07,744.4,B class
2556,2977,53,2017,Spanish,4.94,864.16,A class
2557,967,63,2019,no,3.97,199.2,B class
2558,943,54,2020,no,4.5,457.08,B class
2559,907,43,2014,French,4.57,834.82,B class
2560,2949,28,2015,Arabic,5.0,694.05,A class
2561,1413,27,2018,Spanish,4.64,691.68,B class
2562,1066,59,2018,no,5.0,562.41,A class
2563,165,52,1999,Mandarin,4.25,375.73,B class
2564,1847,44,2018,no,4.37,728.57,B class
2565,742,48,2003,no,4.35,609.62,B class
2566,1001,60,2008,no,4.03,384.1,B class
2567,1773,59,2000,no,4.54,639.22,A class
2568,2793,25,2018,Mandarin,5.0,807.66,A class
2569,2771,39,2009,no,4.08,587.97,B class
2570,1380,23,2020,no,4.08,557.78,B class
2571,2193,39,2009,Arabic,4.09,254.09,B class
2572,2525,50,2007,Mandarin,3.91,421.19,B class
2573,2129,30,2013,no,4.04,562.55,B class
2574,1858,28,2021,no,4.14,490.12,B class
2575,1817,44,2020,Mandarin,4.19,577.49,B class
2576,322,45,2023,no,4.39,554.85,B class
2577,1687,54,2004,no,3.9,277.95,B class
2578,484,21,2022,no,4.27,475.4,B class
2579,21,32,2011,no,4.63,877.81,A class
2580,1263,57,2014,Mandarin,3.96,517.74,B class
2581,2490,53,2016,no,4.27,662.96,B class
2582,958,63,1999,no,4.46,741.81,A class
2583,2373,59,2005,no,4.27,623.05,B class
2584,2226,60,2010,no,4.68,816.79,A class
2585,2901,45,2001,no,4.15,325.39,B class
2586,8,66,2005,Arabic,4.65,891.54,A class
2587,1751,40,2008,no,4.36,861.04,A class
2588,285,63,2015,no,4.32,830.28,B class
2589,2998,39,2004,no,5.0,755.46,A class
2590,2644,41,2006,Mandarin,4.45,869.55,B class
2591,1957,53,2000,no,4.21,755.57,B class
2592,998,39,2004,Portuguese,4.81,1084.25,A class
2593,205,27,2016,Spanish,4.97,1055.28,A class
2594,1334,63,2015,no,4.03,547.1,B class
2595,2248,42,2001,Spanish,4.68,676.31,A class
2596,417,64,1999,no,5.0,966.99,A class
2597,2846,39,2020,Portuguese,4.2,458.6,B class
2598,2174,66,2008,Portuguese,4.83,653.83,A class
2599,2392,49,2008,no,4.83,1150.57,A class
2600,1880,57,2005,Spanish,4.17,635.66,B class
2601,2183,56,1999,no,4.69,875.08,A class
2602,2164,30,2017,no,4.41,634.55,B class
2603,2400,59,1999,French,4.2,424.36,B class
2604,2210,65,2007,Portuguese,3.92,484.03,B class
2605,1292,52,2021,no,4.11,480.61,B class
2606,24,65,2011,Mandarin,4.9,892.88,A class
2607,2768,60,2020,Mandarin,4.96,774.03,A class
2608,112,52,2000,no,4.7,974.32,A class
2609,2822,43,2004,Spanish,4.62,877.83,A class
2610,1605,61,2001,Spanish,4.7,916.17,A class
2611,2897,29,2014,Mandarin,4.59,838.07,A class
2612,1039,47,2014,Russian,4.6,761.61,A class
2613,797,59,2013,no,4.66,750.31,A class
2614,2150,65,2000,no,3.88,620.72,B class
2615,2594,33,2020,no,4.11,332.66,B class
2616,1003,25,2018,no,3.88,181.8,B class
2617,1366,36,2013,no,4.77,976.24,A class
2618,420,61,2009,Arabic,5.0,1013.78,A class
2619,2306,45,2007,no,3.5,99.13,B class
2620,575,23,2021,Spanish,4.88,1096.69,A class
2621,1716,26,2020,no,4.17,621.51,B class
2622,1317,36,2019,no,4.72,697.57,A class
2623,1525,37,2006,French,4.87,1088.82,A class
2624,2283,27,2022,Spanish,4.89,763.2,A class
2625,2425,44,2008,no,4.51,734.74,A class
2626,2119,43,2021,Portuguese,4.1,119.53,B class
2627,647,30,2013,no,4.42,675.23,B class
2628,1439,31,2012,no,4.72,709.11,A class
2629,920,52,2013,no,4.44,716.8,B class
2630,2022,65,2018,Spanish,4.2,808.61,A class
2631,857,67,2012,no,4.38,820.22,B class
2632,1995,47,2006,French,4.16,562.62,B class
2633,2523,22,2021,no,3.82,181.74,B class
2634,1337,63,2008,no,4.54,641.3,B class
2635,1623,65,2009,Arabic,4.51,740.1,A class
2636,1132,34,2009,no,4.05,43.02,B class
2637,2430,39,2018,no,3.87,334.74,B class
2638,1504,22,2021,no,3.46,85.47,B class
2639,1056,58,2000,no,4.44,802.69,B class
2640,85,57,2009,no,4.81,1040.7,A class
2641,2040,21,2022,no,3.94,303.93,B class
2642,1462,54,2008,Spanish,4.74,943.2,A class
2643,1970,40,2012,no,5.0,1054.61,A class
2644,107,46,2009,no,4.91,944.39,A class
2645,701,31,2012,Spanish,4.54,783.09,A class
2646,1844,59,2019,no,4.74,835.1,A class
2647,2342,40,2012,Spanish,4.23,339.55,B class
2648,629,60,2005,Mandarin,3.96,401.05,B class
2649,821,27,2021,no,4.27,660.09,B class
2650,2798,48,2022,no,4.37,693.17,A class
2651,2326,35,2019,no,4.95,970.49,A class
2652,881,66,2009,no,4.35,605.52,B class
2653,1206,47,2018,no,4.14,736.9,B class
2654,2402,54,2013,Mandarin,4.22,939.63,A class
2655,1868,25,2020,Spanish,4.21,723.19,B class
2656,659,52,2017,no,4.37,832.57,B class
2657,2087,25,2023,Portuguese,4.05,364.34,B class
2658,945,37,2006,no,4.65,582.65,A class
2659,1274,31,2012,Arabic,4.51,731.68,A class
2660,2031,21,2022,French,4.42,515.73,B class
2661,781,48,2010,no,4.79,1007.4,A class
2662,2560,32,2011,no,4.8,769.72,A class
2663,2983,45,2003,no,4.92,871.56,A class
2664,842,56,2001,Portuguese,3.97,597.48,B class
2665,1632,29,2014,no,4.42,693.33,A class
2666,1661,54,2014,Arabic,4.15,471.3,B class
2667,2994,34,2016,no,4.5,710.47,B class
2668,913,36,2016,no,3.8,576.03,B class
2669,883,48,2001,Spanish,4.99,1243.47,A class
2670,2674,50,2020,no,4.67,796.07,A class
2671,2017,51,2002,no,5.0,894.36,A class
2672,2947,30,2013,Portuguese,5.0,1114.52,A class
2673,2751,48,2002,no,4.54,549.75,A class
2674,1968,33,2010,Portuguese,4.33,840.04,B class
2675,2362,34,2009,Russian,5.0,1269.88,A class
2676,1008,65,2023,no,4.21,742.4,B class
2677,2065,25,2018,no,3.9,417.24,B class
2678,1528,40,2011,no,4.9,647.34,A class
2679,621,41,2002,Spanish,4.62,678.54,A class
2680,500,32,2021,Russian,4.95,1014.33,A class
2681,2142,57,2000,Arabic,4.82,757.18,A class
2682,1430,43,2009,Portuguese,4.6,683.17,A class
2683,2197,54,2021,no,5.0,1022.48,A class
2684,1536,39,2011,no,4.24,320.34,B class
2685,2044,63,2023,no,4.2,324.94,B class
2686,2091,55,2021,Arabic,3.99,557.26,B class
2687,1299,36,2010,no,3.74,264.67,B class
2688,1405,66,2003,no,4.89,894.22,A class
2689,1120,61,2021,no,4.22,575.92,B class
2690,1574,48,2017,no,4.9,850.19,A class
2691,1332,21,2022,no,4.19,851.96,A class
2692,233,48,2010,no,4.88,837.52,A class
2693,805,53,2023,Arabic,4.47,691.68,B class
2694,731,38,2008,French,4.33,339.03,B class
2695,2979,27,2016,no,4.49,721.05,B class
2696,1073,47,1999,French,4.89,945.87,A class
2697,793,58,2016,no,4.36,532.03,B class
2698,1795,36,2011,French,4.34,696.79,B class
2699,1158,42,2021,no,4.0,456.11,B class
2700,56,21,2022,Spanish,4.54,443.74,A class
2701,2280,54,2003,no,4.41,695.96,B class
2702,1767,61,2015,no,4.49,708.31,B class
2703,1159,57,2012,Spanish,4.5,566.3,B class
2704,1390,41,2002,Mandarin,4.26,573.59,B class
2705,2576,23,2020,Mandarin,4.61,526.57,A class
2706,852,44,2018,no,4.83,714.49,A class
2707,60,65,2017,no,5.0,1050.66,A class
2708,2609,24,2019,Mandarin,4.88,921.79,A class
2709,2385,31,2018,no,4.77,1015.94,A class
2710,570,60,2021,no,4.03,305.92,B class
2711,1794,47,2019,no,3.69,302.86,B class
2712,2341,29,2014,no,4.6,625.74,B class
2713,2683,22,2021,no,4.87,689.79,A class
2714,2769,40,2003,no,4.74,695.51,A class
2715,213,48,2017,Spanish,5.0,1014.08,A class
2716,2263,60,2012,Spanish,3.83,201.13,B class
2717,2307,62,2011,French,4.91,1054.67,A class
2718,776,42,2010,Spanish,4.63,705.21,A class
2719,1229,40,2023,no,3.87,280.85,B class
2720,475,64,2009,Portuguese,4.63,719.53,A class
2721,1290,57,2023,Mandarin,4.43,551.9,B class
2722,1040,30,2017,no,4.82,727.52,A class
2723,1930,53,2016,no,4.65,897.49,A class
2724,2264,54,2007,Spanish,4.8,637.8,A class
2725,1748,31,2012,Spanish,4.03,254.67,B class
2726,2585,66,2006,Spanish,4.46,669.89,A class
2727,2673,34,2013,French,3.92,458.14,B class
2728,2266,46,2010,Portuguese,4.98,764.02,A class
2729,1074,44,2011,Portuguese,5.0,1036.62,A class
2730,930,53,2020,Spanish,4.06,409.13,B class
2731,1496,63,2000,Russian,4.6,607.11,B class
2732,2090,39,2004,Portuguese,4.2,596.44,B class
2733,1057,39,2017,no,4.05,378.35,B class
2734,782,56,2021,Spanish,4.78,658.24,A class
2735,1690,65,2019,no,4.21,701.05,B class
2736,709,63,2008,no,4.82,1023.13,A class
2737,1107,56,2023,no,4.56,935.53,A class
2738,2965,54,2021,no,4.76,987.63,A class
2739,1046,57,2007,no,3.91,240.49,B class
2740,1216,64,2020,no,4.83,810.86,A class
2741,2562,21,2022,no,4.73,891.8,A class
2742,2581,48,2023,Spanish,4.76,1264.47,A class
2743,170,22,2021,Arabic,4.27,573.91,B class
2744,117,48,2014,Russian,3.84,616.38,B class
2745,858,39,2016,no,3.86,475.07,B class
2746,2859,35,2008,no,4.19,499.34,B class
2747,1849,62,2019,Arabic,4.45,659.15,B class
2748,398,54,2010,no,4.57,728.32,A class
2749,281,47,2011,Russian,5.0,675.5,A class
2750,2883,62,2007,Mandarin,4.22,785.6,B class
2751,161,25,2018,no,4.45,550.51,B class
2752,250,51,2007,no,4.41,458.63,A class
2753,2613,28,2018,no,4.08,545.79,B class
2754,1535,31,2020,no,4.58,831.92,A class
2755,2116,29,2014,no,4.91,831.37,A class
2756,2082,46,2022,French,4.3,804.69,B class
2757,1188,50,2012,Spanish,4.63,674.15,A class
2758,1834,56,2008,no,4.79,729.4,A class
2759,1095,41,2003,no,4.58,826.95,A class
2760,871,65,2007,no,3.94,619.73,B class
2761,1421,38,2005,no,4.71,663.68,A class
2762,848,28,2015,Spanish,4.64,757.37,A class
2763,1889,22,2021,Spanish,4.17,662.44,B class
2764,150,26,2017,French,4.46,831.03,A class
2765,1438,41,2007,no,4.73,866.41,A class
2766,2702,40,2003,no,4.77,1097.55,A class
2767,1692,61,2015,French,4.06,125.98,B class
2768,196,26,2022,Mandarin,4.6,1124.71,A class
2769,2061,33,2023,Mandarin,4.41,677.75,B class
2770,2927,67,2008,no,4.31,747.8,B class
2771,1252,22,2021,Arabic,4.3,387.16,B class
2772,679,40,2020,no,3.81,189.04,B class
2773,2292,30,2023,no,3.66,431.36,B class
2774,366,46,2007,French,4.57,776.45,A class
2775,1129,66,2014,no,5.0,1057.89,A class
2776,499,31,2013,French,4.11,406.42,B class
2777,1446,38,2017,no,3.98,523.25,B class
2778,1038,42,2006,no,4.54,1006.96,A class
2779,1327,58,2005,no,4.37,735.57,A class
2780,656,67,2022,French,4.41,696.66,A class
2781,587,25,2021,French,4.14,708.62,B class
2782,1802,43,2010,no,4.33,644.77,B class
2783,310,56,2008,no,4.16,431.51,B class
2784,1009,21,2022,no,3.52,252.78,B class
2785,2869,58,2020,no,3.94,69.78,B class
2786,1109,32,2011,Mandarin,4.73,1044.95,A class
2787,1124,45,2012,no,4.87,858.72,A class
2788,859,66,2021,no,4.67,1007.22,A class
2789,2032,50,2008,no,4.74,857.21,A class
2790,493,67,2022,Spanish,3.47,138.81,B class
2791,451,49,2018,Spanish,4.12,580.43,B class
2792,1549,30,2013,Spanish,4.85,980.05,A class
2793,1355,53,2018,Spanish,5.0,1108.75,A class
2794,631,49,2022,Russian,4.92,1201.62,A class
2795,925,35,2008,no,3.98,486.08,B class
2796,2237,24,2019,Arabic,3.98,0.0,B class
2797,558,51,2011,Spanish,4.2,653.38,A class
2798,2704,48,2003,no,4.46,677.17,A class
2799,1031,57,1999,French,5.0,1090.52,A class
2800,1016,26,2017,Spanish,4.44,611.54,A class
2801,2025,46,2015,Spanish,4.52,794.16,A class
2802,383,59,2002,no,4.65,589.01,A class
2803,850,62,2023,no,4.32,742.06,A class
2804,1510,65,2015,Arabic,4.53,900.23,A class
2805,2679,30,2019,no,4.08,504.98,B class
2806,1465,29,2014,no,3.79,485.18,B class
2807,1184,48,2001,no,4.94,1160.63,A class
2808,700,42,2004,no,4.13,370.8,B class
2809,2919,32,2011,French,4.83,1030.92,A class
2810,1769,25,2020,Spanish,3.66,290.82,B class
2811,1077,27,2016,Portuguese,4.13,622.64,B class
2812,1975,36,2007,no,5.0,1026.17,A class
2813,2502,55,2012,no,4.33,467.19,B class
2814,953,24,2021,no,3.79,301.55,B class
2815,418,25,2021,no,4.32,579.17,A class
2816,2214,33,2010,Mandarin,4.51,800.86,A class
2817,1352,62,2016,no,4.34,685.87,B class
2818,2985,67,2008,no,4.11,528.81,B class
2819,13,41,2002,Arabic,4.71,676.47,A class
2820,2407,23,2020,Spanish,4.22,596.41,B class
2821,399,21,2022,no,5.0,1126.21,A class
2822,1131,61,2011,Mandarin,4.35,830.57,B class
2823,563,41,2018,no,4.26,763.53,B class
2824,2353,24,2019,Arabic,4.17,660.33,B class
2825,501,60,2003,Spanish,5.0,1183.85,A class
2826,957,45,2015,no,3.83,511.27,B class
2827,2699,37,2006,no,4.61,820.16,A class
2828,375,42,2005,no,4.34,608.65,B class
2829,1648,31,2012,Mandarin,3.89,311.41,B class
2830,887,64,2010,no,4.19,421.18,B class
2831,2551,58,2019,Mandarin,4.63,728.37,A class
2832,1464,30,2013,no,4.0,531.4,B class
2833,2657,55,2005,no,4.6,606.09,A class
2834,1589,29,2019,no,4.97,952.94,A class
2835,2605,42,2018,no,4.47,696.07,B class
2836,2339,56,2006,no,3.71,469.66,B class
2837,1375,22,2021,Spanish,3.94,456.79,B class
2838,1277,55,2014,Portuguese,4.14,658.95,B class
2839,469,31,2012,no,4.3,446.49,B class
2840,1973,53,2019,Spanish,4.31,583.43,A class
2841,2273,44,2009,no,4.48,753.83,A class
2842,2902,22,2021,Mandarin,4.8,1088.18,A class
2843,1974,56,2012,no,4.35,699.54,B class
2844,988,33,2011,Spanish,3.91,356.86,B class
2845,1000,65,2020,no,4.85,845.25,A class
2846,3,60,2010,no,4.95,1145.09,A class
2847,317,30,2013,Spanish,4.56,815.45,A class
2848,2208,49,1999,no,4.42,684.69,A class
2849,2344,38,2018,no,4.26,646.86,A class
2850,2855,49,2014,no,4.25,527.36,B class
2851,1581,47,2007,Portuguese,3.69,287.13,B class
2852,439,34,2009,no,4.68,849.48,A class
2853,1113,51,2018,no,4.76,897.16,A class
2854,1407,33,2010,Arabic,5.0,1082.4,A class
2855,802,63,2002,Spanish,4.51,566.4,B class
2856,2777,65,2008,no,4.45,687.42,A class
2857,1093,28,2015,Spanish,4.43,985.95,A class
2858,2767,55,2018,no,4.54,585.01,B class
2859,79,64,2016,no,4.44,516.46,B class
2860,2390,26,2022,no,4.29,418.12,B class
2861,1012,55,2020,Mandarin,4.74,657.0,A class
2862,378,65,2013,French,4.8,974.75,A class
2863,2215,31,2020,no,4.73,819.15,A class
2864,293,48,2023,no,3.93,610.91,B class
2865,1313,58,2006,no,4.62,673.42,B class
2866,909,36,2022,no,4.19,646.77,B class
2867,1458,32,2020,no,4.14,404.43,B class
2868,593,39,2009,Spanish,4.04,280.81,B class
2869,2764,36,2007,no,4.61,721.85,A class
2870,264,55,2005,Portuguese,4.79,915.16,A class
2871,683,38,2023,no,4.38,544.4,B class
2872,2478,38,2019,no,4.41,659.53,B class
2873,855,65,2005,no,4.72,881.47,A class
2874,1291,48,2005,Spanish,4.93,891.79,A class
2875,1369,64,2014,no,4.52,526.14,B class
2876,2879,54,2000,no,3.95,431.8,B class
2877,2415,62,2001,no,4.55,668.89,A class
2878,1664,30,2013,Mandarin,4.92,1162.21,A class
2879,37,65,2005,Portuguese,4.12,435.83,B class
2880,1649,65,2004,no,4.64,627.82,A class
2881,111,22,2021,no,4.75,839.56,A class
2882,2286,37,2006,no,3.7,64.05,B class
2883,569,40,2003,no,4.51,881.81,A class
2884,188,40,2018,Russian,4.61,895.43,A class
2885,1064,57,2023,no,4.42,280.21,B class
2886,1135,53,2014,Spanish,4.02,457.28,B class
2887,786,31,2017,Portuguese,4.08,585.06,B class
2888,2590,49,2000,Spanish,4.61,543.45,A class
2889,1760,66,2012,no,4.32,700.06,B class
2890,1105,41,2007,Spanish,4.37,756.55,B class
2891,171,64,1999,no,4.58,663.17,A class
2892,757,51,2004,no,4.8,894.5,A class
2893,846,64,2005,Russian,4.04,207.36,B class
2894,1376,63,1999,no,3.84,471.29,B class
2895,1717,21,2022,no,4.68,1112.4,A class
2896,1037,58,2018,no,4.49,806.23,B class
2897,2529,29,2014,no,4.0,550.59,B class
2898,1842,59,2015,Spanish,4.22,530.21,B class
2899,1338,58,2015,Mandarin,4.3,832.36,A class
2900,1348,33,2010,Spanish,4.52,588.28,B class
2901,1624,24,2019,no,4.43,795.08,A class
2902,296,40,2023,no,3.91,424.63,B class
2903,1678,35,2008,no,4.11,643.76,B class
2904,2629,47,2009,no,3.63,328.59,B class
2905,882,24,2019,French,4.93,1045.17,A class
2906,1792,23,2020,Spanish,4.36,551.34,B class
2907,2207,41,2008,Arabic,4.73,768.65,A class
2908,771,57,2008,French,4.44,536.95,A class
2909,100,35,2008,no,4.6,778.42,A class
2910,985,36,2016,Spanish,4.45,546.29,A class
2911,2074,28,2015,Mandarin,4.42,821.51,A class
2912,1701,34,2009,Portuguese,4.26,473.61,B class
2913,1350,35,2019,no,4.06,341.45,B class
2914,567,33,2020,Spanish,4.27,727.99,B class
2915,2323,37,2006,no,4.35,610.32,B class
2916,1264,34,2009,Mandarin,4.98,1025.0,A class
2917,1351,52,1999,Portuguese,4.91,1076.3,A class
2918,45,36,2021,Portuguese,4.43,577.15,B class
2919,1934,56,2001,no,4.27,635.56,A class
2920,2951,49,2002,no,4.68,723.31,A class
2921,798,51,2004,Mandarin,4.72,838.04,A class
2922,2773,48,2011,Spanish,4.43,796.33,A class
2923,2750,64,2011,Arabic,4.42,592.76,A class
2924,767,33,2013,no,3.83,467.42,B class
2925,278,67,2023,French,3.58,310.67,B class
2926,1882,30,2013,Spanish,4.27,758.57,B class
2927,2473,27,2018,no,4.52,941.44,A class
2928,517,59,2018,no,4.35,801.58,B class
2929,1667,63,2022,Mandarin,4.51,1119.24,A class
2930,1881,25,2018,no,4.19,663.56,B class
2931,491,49,2022,French,4.94,913.17,A class
2932,2027,45,2002,Spanish,5.0,805.47,A class
2933,2071,31,2012,no,4.62,905.19,A class
2934,2911,45,2003,no,4.17,529.52,B class
2935,327,53,2016,Russian,4.63,688.2,A class
2936,1558,47,2019,Mandarin,4.82,701.82,A class
2937,2424,45,2011,French,4.42,737.72,A class
2938,606,62,2007,Mandarin,4.85,938.0,A class
2939,2600,31,2023,Spanish,4.13,204.55,B class
2940,1166,50,2002,Portuguese,5.0,1213.62,A class
2941,932,35,2013,Spanish,4.19,576.69,B class
2942,2151,66,2003,no,3.98,427.38,B class
2943,1744,32,2022,no,4.2,734.86,B class
2944,2503,61,2013,no,3.29,82.21,B class
2945,1732,50,2012,Mandarin,4.15,488.92,B class
2946,1861,31,2022,no,5.0,1195.28,A class
2947,617,56,2006,Mandarin,4.21,739.52,B class
2948,2658,32,2011,Portuguese,3.72,462.58,B class
2949,518,33,2010,no,4.62,862.37,A class
2950,1354,37,2014,no,3.96,182.13,B class
2951,2259,53,2008,Spanish,4.86,972.36,A class
2952,1210,39,2014,no,4.17,522.19,B class
2953,457,47,2015,French,4.56,717.13,A class
2954,1440,46,2005,no,4.13,194.77,B class
2955,2238,30,2013,no,5.0,1230.47,A class
2956,288,31,2017,Spanish,4.61,698.13,A class
2957,472,35,2013,no,4.24,835.34,B class
2958,1850,31,2012,no,4.19,653.18,B class
2959,1593,64,2010,no,4.23,468.55,B class
2960,2278,38,2022,no,4.03,192.88,B class
2961,2213,40,2003,Arabic,4.35,662.43,B class
2962,926,52,2005,no,5.0,1171.57,A class
2963,840,58,2017,no,4.22,492.13,B class
2964,2922,53,1999,no,3.69,362.37,B class
2965,156,46,2000,no,3.81,453.49,B class
2966,2384,66,1999,no,4.76,1090.57,A class
2967,1682,63,2014,Mandarin,4.16,756.01,B class
2968,2147,30,2013,no,4.25,439.83,B class
2969,663,28,2015,Spanish,4.88,775.74,A class
2970,1722,39,2004,no,4.24,798.18,B class
2971,2251,60,2010,no,4.94,936.8,A class
2972,565,66,2017,no,4.2,341.18,B class
2973,169,54,2018,Mandarin,4.89,604.25,A class
2974,2696,53,1999,Portuguese,4.57,730.28,A class
2975,389,31,2012,no,4.49,482.38,B class
2976,971,48,2000,Portuguese,4.83,927.22,A class
2977,2730,29,2014,no,4.5,818.29,A class
2978,1683,46,2010,Spanish,4.36,671.55,A class
2979,2308,30,2022,Mandarin,4.2,671.03,B class
2980,1836,24,2019,no,4.81,1198.38,A class
2981,1157,66,2010,no,4.49,757.98,A class
2982,1526,62,2021,no,4.25,391.47,B class
2983,1189,53,2019,Mandarin,4.02,562.38,B class
2984,1720,50,2009,no,4.58,1113.66,A class
2985,1818,32,2017,Arabic,4.29,649.6,A class
2986,163,47,2006,no,4.39,778.26,B class
2987,2772,56,2012,Portuguese,4.36,630.44,A class
2988,2003,46,2013,no,4.49,742.87,A class
2989,1935,34,2021,Spanish,4.44,494.3,B class
2990,1684,39,2013,no,4.91,932.11,A class
2991,1156,60,2010,no,4.78,948.88,A class
2992,1501,32,2011,no,4.42,869.19,A class
2993,1967,66,2017,Spanish,4.81,1188.41,A class
2994,830,56,2023,no,4.4,555.2,B class
2995,1453,62,2000,Spanish,4.97,696.71,A class
2996,1610,44,2000,Russian,5.0,981.53,A class
2997,2878,31,2012,no,4.95,932.71,A class
2998,1816,22,2021,no,4.9,838.95,A class
2999,1284,46,2008,no,4.61,818.97,A class
3000,1543,39,2020,no,5.0,1228.89,A class
